to_hop_thi,diem_Van,diem_Dia,diem_Anh,diem_Toan,diem_Gdktpl,diem_Tin,diem_Su,diem_Ly,diem_Hoa,diem_Sinh,nguon,ma_nganh,j_nganh,ma_nhom,i_trong_nganh
D01,8.75,,8.0,8.8,,,,,,,ttth,7220201,0,6,0
A01,,,9.0,8.0,,,,7.25,,,ttth,7220201,0,6,1
A01,,,9.0,8.4,,,,6.75,,,ttth,7220201,0,6,2
D01,7.75,,8.0,8.4,,,,,,,ttth,7220201,0,6,3
D01,7.75,,9.2,8.4,,,,,,,ttth,7220201,0,6,4
D01,8.2,,7.8,8.25,,,,,,,ttth,7220201,0,6,5
A01,,,9.0,7.2,,,,7.25,,,ttth,7220201,0,6,6
D01,8.8,,5.4,7.5,,,,,,,ttth,7220201,0,6,7
D01,8.0,,8.6,7.4,,,,,,,ttth,7220201,0,6,8
D01,7.0,,6.6,7.5,,,,,,,ttth,7220201,0,6,9
A01,,,9.2,7.4,,,,7.5,,,ttth,7220201,0,6,10
D01,9.0,,7.2,7.6,,,,,,,ttth,7220201,0,6,11
D01,8.25,,7.6,8.4,,,,,,,ttth,7220201,0,6,12
A01,,,7.2,6.5,,,,8.4,,,ttth,7220201,0,6,13
D01,8.5,,7.8,7.2,,,,,,,ttth,7220201,0,6,14
A01,,,6.2,6.0,,,,9.2,,,ttth,7220201,0,6,15
D01,7.4,,7.2,7.25,,,,,,,ttth,7220201,0,6,16
D01,7.25,,9.0,8.2,,,,,,,ttth,7220201,0,6,17
D01,8.6,,7.0,7.5,,,,,,,ttth,7220201,0,6,18
D01,7.75,,8.8,8.2,,,,,,,ttth,7220201,0,6,19
D01,6.75,,9.0,7.8,,,,,,,ttth,7220201,0,6,20
D01,7.25,,7.8,8.6,,,,,,,ttth,7220201,0,6,21
A01,,,9.2,6.8,,,,6.75,,,ttth,7220201,0,6,22
D01,7.75,,8.6,7.6,,,,,,,ttth,7220201,0,6,23
D01,8.6,,7.4,7.75,,,,,,,ttth,7220201,0,6,24
D01,7.0,,9.2,7.8,,,,,,,ttth,7220201,0,6,25
D09,,,8.2,8.75,,,6.8,,,,ttth,7220201,0,6,26
D01,8.8,,7.4,6.5,,,,,,,ttth,7220201,0,6,27
D01,7.5,,8.8,7.4,,,,,,,ttth,7220201,0,6,28
A01,,,7.8,7.5,,,,8.4,,,ttth,7220201,0,6,29
D01,7.6,,7.6,8.0,,,,,,,ttth,7220201,0,6,30
D01,7.42,,8.2,7.8,,,,,,,ttth,7220201,0,6,31
D09,,,7.6,7.75,,,9.2,,,,ttth,7220201,0,6,32
A01,,,9.0,8.4,,,,8.5,,,ttth,7220201,0,6,33
A01,,,7.8,8.0,,,,7.4,,,ttth,7220201,0,6,34
A01,,,7.2,8.75,,,,8.8,,,ttth,7220201,0,6,35
D01,7.25,,9.4,8.0,,,,,,,ttth,7220201,0,6,36
A01,,,8.2,8.5,,,,7.0,,,ttth,7220201,0,6,37
D01,7.5,,9.0,8.2,,,,,,,ttth,7220201,0,6,38
D01,6.5,,8.4,8.4,,,,,,,ttth,7220201,0,6,39
D01,8.25,,7.8,7.0,,,,,,,ttth,7220201,0,6,40
D01,7.25,,8.8,7.6,,,,,,,ttth,7220201,0,6,41
D01,7.75,,8.8,7.2,,,,,,,ttth,7220201,0,6,42
D01,7.5,,8.8,7.0,,,,,,,ttth,7220201,0,6,43
D01,7.6,,6.2,8.75,,,,,,,ttth,7220201,0,6,44
D09,,,8.2,7.2,,,7.5,,,,ttth,7220201,0,6,45
A01,,,8.0,7.5,,,,8.4,,,ttth,7220201,0,6,46
D01,6.6,,7.2,7.75,,,,,,,ttth,7220201,0,6,47
A01,,,8.4,7.8,,,,7.25,,,ttth,7220201,0,6,48
A01,,,9.4,8.2,,,,6.25,,,ttth,7220201,0,6,49
D01,8.0,,8.8,7.0,,,,,,,ttth,7220201,0,6,50
D01,9.6,,8.2,7.25,,,,,,,ttth,7220201,0,6,51
A01,,,9.0,8.0,,,,7.5,,,ttth,7220201,0,6,52
A01,,,7.8,8.5,,,,7.4,,,ttth,7220201,0,6,53
D01,6.25,,9.0,7.6,,,,,,,ttth,7220201,0,6,54
D01,6.8,,7.4,7.5,,,,,,,ttth,7220201,0,6,55
A01,,,8.6,7.5,,,,7.4,,,ttth,7220201,0,6,56
D01,7.25,,7.2,8.4,,,,,,,ttth,7220201,0,6,57
D09,,,7.2,7.75,,,6.8,,,,ttth,7220201,0,6,58
A01,,,7.4,7.5,,,,8.8,,,ttth,7220201,0,6,59
D01,9.0,,6.2,7.5,,,,,,,ttth,7220201,0,6,60
D01,7.4,,6.4,8.0,,,,,,,ttth,7220201,0,6,61
D01,8.2,,7.2,7.5,,,,,,,ttth,7220201,0,6,62
D01,7.8,,7.4,6.25,,,,,,,ttth,7220201,0,6,63
D01,6.75,,9.2,7.8,,,,,,,ttth,7220201,0,6,64
D01,7.75,,8.6,7.8,,,,,,,ttth,7220201,0,6,65
D01,7.5,,8.8,7.0,,,,,,,ttth,7220201,0,6,66
D01,7.75,,8.0,7.4,,,,,,,ttth,7220204,1,6,0
D09,,,7.6,8.5,,,5.2,,,,ttth,7220204,1,6,1
D01,7.0,,8.4,7.8,,,,,,,ttth,7220204,1,6,2
A01,,,7.6,8.2,,,,8.0,,,ttth,7220204,1,6,3
D01,8.8,,7.8,8.25,,,,,,,ttth,7220204,1,6,4
D01,7.2,,7.8,8.0,,,,,,,ttth,7220204,1,6,5
D01,8.5,,6.2,8.0,,,,,,,ttth,7220204,1,6,6
A01,,,8.6,7.0,,,,5.4,,,ttth,7220204,1,6,7
D01,7.6,,7.8,8.75,,,,,,,ttth,7220204,1,6,8
D01,6.0,,6.8,9.25,,,,,,,ttth,7220204,1,6,9
D01,7.5,,8.2,8.0,,,,,,,ttth,7220204,1,6,10
A01,,,8.2,8.0,,,,7.8,,,ttth,7220204,1,6,11
D01,7.5,,7.4,7.4,,,,,,,ttth,7220204,1,6,12
D01,7.5,,8.4,8.4,,,,,,,ttth,7220204,1,6,13
D01,8.25,,8.4,6.8,,,,,,,ttth,7220204,1,6,14
D01,8.5,,8.2,7.4,,,,,,,ttth,7220204,1,6,15
D01,7.0,,9.4,7.0,,,,,,,ttth,7220204,1,6,16
D01,6.4,,7.4,7.75,,,,,,,ttth,7220204,1,6,17
D09,,,7.0,7.5,,,7.8,,,,ttth,7220204,1,6,18
D01,8.25,,7.4,8.0,,,,,,,ttth,7220204,1,6,19
D01,5.6,,7.6,7.75,,,,,,,ttth,7220204,1,6,20
D01,8.75,,6.2,7.6,,,,,,,ttth,7220204,1,6,21
D01,8.0,,7.0,7.6,,,,,,,ttth,7220204,1,6,22
D01,5.6,,6.8,8.75,,,,,,,ttth,7220204,1,6,23
D09,,,7.2,8.5,,,6.0,,,,ttth,7220204,1,6,24
D01,7.5,,8.0,7.6,,,,,,,ttth,7220204,1,6,25
D01,7.5,,8.2,7.6,,,,,,,ttth,7220204,1,6,26
D01,7.0,,7.4,8.6,,,,,,,ttth,7220204,1,6,27
A01,,,7.8,8.0,,,,6.4,,,ttth,7220204,1,6,28
D01,7.2,,8.6,8.0,,,,,,,ttth,7220204,1,6,29
D09,,,6.6,9.0,,,6.2,,,,ttth,7220204,1,6,30
D01,8.0,,8.2,7.4,,,,,,,ttth,7220204,1,6,31
D01,7.0,,8.8,7.2,,,,,,,ttth,7220204,1,6,32
D01,7.2,,7.0,8.5,,,,,,,ttth,7220204,1,6,33
D01,7.5,,8.0,8.6,,,,,,,ttth,7220204,1,6,34
A01,,,7.2,7.75,,,,6.8,,,ttth,7220204,1,6,35
D01,6.4,,7.4,7.25,,,,,,,ttth,7220204,1,6,36
D01,6.8,,5.6,8.5,,,,,,,ttth,7220204,1,6,37
D01,8.0,,7.4,8.0,,,,,,,ttth,7220204,1,6,38
D09,,,8.4,8.5,,,7.8,,,,ttth,7220204,1,6,39
D01,8.25,,6.8,8.0,,,,,,,ttth,7220204,1,6,40
D01,7.0,,7.0,7.25,,,,,,,ttth,7220204,1,6,41
D01,7.0,,8.6,7.8,,,,,,,ttth,7220204,1,6,42
D01,8.25,,6.6,7.8,,,,,,,ttth,7220204,1,6,43
D01,7.25,,8.8,7.0,,,,,,,ttth,7220204,1,6,44
D01,6.5,,8.8,8.0,,,,,,,ttth,7220204,1,6,45
D01,7.0,,7.0,8.0,,,,,,,ttth,7220204,1,6,46
D01,6.0,,7.2,8.25,,,,,,,ttth,7220204,1,6,47
D01,7.6,,7.4,8.25,,,,,,,ttth,7220204,1,6,48
D09,,,8.2,8.0,,,8.0,,,,ttth,7220204,1,6,49
D01,7.0,,6.4,8.25,,,,,,,ttth,7220204,1,6,50
D01,8.5,,7.2,8.6,,,,,,,ttth,7220204,1,6,51
D01,6.6,,7.2,8.5,,,,,,,ttth,7220204,1,6,52
D01,8.0,,7.0,8.5,,,,,,,ttth,7220204,1,6,53
D01,8.4,,8.2,6.25,,,,,,,ttth,7220204,1,6,54
D01,5.4,,7.6,8.25,,,,,,,ttth,7220204,1,6,55
D09,,,6.6,8.5,,,5.8,,,,ttth,7220204,1,6,56
D01,7.8,,8.0,8.25,,,,,,,ttth,7220204,1,6,57
D01,8.2,,8.4,7.75,,,,,,,ttth,7220204,1,6,58
D01,7.25,,8.2,8.4,,,,,,,ttth,7220204,1,6,59
D01,7.75,,7.4,7.4,,,,,,,ttth,7220204,1,6,60
D01,7.6,,6.0,6.75,,,,,,,ttth,7220204,1,6,61
D01,8.0,,8.0,7.0,,,,,,,ttth,7220204,1,6,62
A01,,,7.4,7.4,,,,8.0,,,ttth,7220204,1,6,63
D01,8.2,,8.0,7.25,,,,,,,ttth,7220204,1,6,64
D01,8.5,,7.0,7.6,,,,,,,ttth,7220204,1,6,65
D01,7.25,,8.4,7.4,,,,,,,ttth,7220204,1,6,66
D01,7.8,,7.6,7.25,,,,,,,ttth,7340101,2,1,0
A00,,,,8.0,,,,7.75,8.5,,ttth,7340101,2,1,1
D01,7.25,,7.8,8.8,,,,,,,ttth,7340101,2,1,2
A00,,,,8.0,,,,7.25,7.8,,ttth,7340101,2,1,3
A00,,,,7.25,,,,7.75,7.8,,ttth,7340101,2,1,4
A00,,,,7.0,,,,7.25,8.2,,ttth,7340101,2,1,5
A00,,,,8.0,,,,7.5,8.25,,ttth,7340101,2,1,6
A00,,,,8.4,,,,7.25,8.0,,ttth,7340101,2,1,7
A00,,,,6.0,,,,7.5,7.8,,ttth,7340101,2,1,8
A01,,,8.0,7.75,,,,7.0,,,ttth,7340101,2,1,9
A01,,,6.8,8.25,,,,6.6,,,ttth,7340101,2,1,10
A00,,,,7.75,,,,7.75,8.0,,ttth,7340101,2,1,11
D01,6.8,,7.8,7.5,,,,,,,ttth,7340101,2,1,12
D01,7.75,,8.0,7.4,,,,,,,ttth,7340101,2,1,13
A00,,,,7.0,,,,8.0,8.0,,ttth,7340101,2,1,14
A00,,,,7.25,,,,8.0,8.2,,ttth,7340101,2,1,15
A00,,,,8.2,,,,8.25,7.75,,ttth,7340101,2,1,16
D01,7.8,,7.4,6.0,,,,,,,ttth,7340101,2,1,17
A00,,,,8.2,,,,8.0,7.75,,ttth,7340101,2,1,18
D01,5.8,,8.2,7.5,,,,,,,ttth,7340101,2,1,19
D01,6.0,,7.2,9.0,,,,,,,ttth,7340101,2,1,20
A01,,,7.8,7.75,,,,8.0,,,ttth,7340101,2,1,21
A00,,,,7.75,,,,7.75,7.8,,ttth,7340101,2,1,22
D01,7.2,,6.8,8.0,,,,,,,ttth,7340101,2,1,23
A01,,,8.4,8.2,,,,8.5,,,ttth,7340101,2,1,24
A00,,,,7.6,,,,7.75,8.25,,ttth,7340101,2,1,25
A00,,,,7.75,,,,8.0,7.6,,ttth,7340101,2,1,26
A00,,,,8.0,,,,8.25,7.6,,ttth,7340101,2,1,27
D01,8.2,,6.4,7.5,,,,,,,ttth,7340101,2,1,28
A00,,,,8.2,,,,7.25,8.25,,ttth,7340101,2,1,29
D01,6.0,,8.6,8.25,,,,,,,ttth,7340101,2,1,30
A00,,,,7.8,,,,8.5,7.25,,ttth,7340101,2,1,31
A00,,,,7.75,,,,6.25,7.4,,ttth,7340101,2,1,32
A01,,,8.0,7.25,,,,8.2,,,ttth,7340101,2,1,33
D01,8.4,,6.8,7.25,,,,,,,ttth,7340101,2,1,34
A00,,,,8.25,,,,7.25,8.0,,ttth,7340101,2,1,35
D01,8.25,,7.0,7.8,,,,,,,ttth,7340101,2,1,36
D01,7.4,,6.6,7.0,,,,,,,ttth,7340101,2,1,37
A00,,,,6.25,,,,8.25,8.6,,ttth,7340101,2,1,38
A00,,,,7.0,,,,8.25,8.4,,ttth,7340101,2,1,39
A00,,,,8.2,,,,8.25,8.75,,ttth,7340101,2,1,40
A00,,,,6.25,,,,8.0,7.2,,ttth,7340101,2,1,41
D01,7.0,,7.4,7.5,,,,,,,ttth,7340101,2,1,42
A01,,,7.6,6.75,,,,8.0,,,ttth,7340101,2,1,43
A01,,,8.6,7.0,,,,8.0,,,ttth,7340101,2,1,44
A00,,,,7.25,,,,7.75,7.6,,ttth,7340101,2,1,45
A00,,,,8.8,,,,6.75,8.5,,ttth,7340101,2,1,46
D01,7.75,,8.0,8.6,,,,,,,ttth,7340101,2,1,47
A00,,,,8.0,,,,7.75,8.25,,ttth,7340101,2,1,48
A00,,,,7.0,,,,7.25,7.8,,ttth,7340101,2,1,49
D01,7.0,,9.0,7.8,,,,,,,ttth,7340101,2,1,50
D01,6.2,,7.6,7.25,,,,,,,ttth,7340101,2,1,51
A00,,,,7.0,,,,7.25,7.6,,ttth,7340101,2,1,52
A00,,,,6.75,,,,7.5,8.0,,ttth,7340101,2,1,53
A00,,,,7.8,,,,7.5,8.5,,ttth,7340101,2,1,54
A01,,,6.6,7.25,,,,7.2,,,ttth,7340101,2,1,55
A00,,,,7.5,,,,7.25,8.0,,ttth,7340101,2,1,56
A00,,,,7.4,,,,8.0,8.5,,ttth,7340101,2,1,57
D01,6.2,,7.8,7.5,,,,,,,ttth,7340101,2,1,58
A00,,,,6.75,,,,7.5,8.0,,ttth,7340101,2,1,59
A00,,,,8.2,,,,7.75,8.75,,ttth,7340101,2,1,60
A01,,,8.4,7.8,,,,7.75,,,ttth,7340101,2,1,61
A00,,,,7.75,,,,7.75,8.0,,ttth,7340101,2,1,62
A00,,,,6.5,,,,7.75,7.6,,ttth,7340101,2,1,63
A00,,,,7.5,,,,6.25,7.8,,ttth,7340101,2,1,64
D01,7.75,,8.2,7.6,,,,,,,ttth,7340101,2,1,65
D01,7.0,,6.0,7.75,,,,,,,ttth,7340101,2,1,66
D01,7.2,,7.0,8.5,,,,,,,ttth,7340115,3,1,0
A01,,,8.4,7.25,,,,8.6,,,ttth,7340115,3,1,1
A00,,,,8.0,,,,8.0,7.4,,ttth,7340115,3,1,2
D01,6.0,,7.8,8.5,,,,,,,ttth,7340115,3,1,3
A01,,,8.4,7.0,,,,6.6,,,ttth,7340115,3,1,4
A00,,,,8.25,,,,7.5,7.8,,ttth,7340115,3,1,5
D01,8.5,,8.2,7.6,,,,,,,ttth,7340115,3,1,6
A00,,,,7.25,,,,8.75,7.8,,ttth,7340115,3,1,7
D01,7.8,,7.6,8.5,,,,,,,ttth,7340115,3,1,8
D01,8.4,,7.6,8.75,,,,,,,ttth,7340115,3,1,9
D01,8.0,,7.2,8.5,,,,,,,ttth,7340115,3,1,10
A00,,,,8.5,,,,8.25,7.8,,ttth,7340115,3,1,11
D01,8.2,,8.2,7.25,,,,,,,ttth,7340115,3,1,12
D01,8.5,,8.6,7.6,,,,,,,ttth,7340115,3,1,13
A00,,,,8.0,,,,7.75,8.6,,ttth,7340115,3,1,14
D01,8.6,,6.2,7.75,,,,,,,ttth,7340115,3,1,15
A00,,,,7.25,,,,8.75,8.0,,ttth,7340115,3,1,16
A00,,,,8.5,,,,7.0,7.2,,ttth,7340115,3,1,17
A00,,,,7.5,,,,8.25,8.0,,ttth,7340115,3,1,18
A00,,,,6.75,,,,8.25,7.8,,ttth,7340115,3,1,19
A00,,,,8.25,,,,8.25,7.6,,ttth,7340115,3,1,20
A00,,,,8.25,,,,8.5,7.4,,ttth,7340115,3,1,21
D01,7.6,,8.4,7.25,,,,,,,ttth,7340115,3,1,22
D01,8.8,,7.2,7.75,,,,,,,ttth,7340115,3,1,23
A00,,,,7.75,,,,8.25,8.0,,ttth,7340115,3,1,24
A00,,,,7.75,,,,8.25,7.6,,ttth,7340115,3,1,25
A01,,,7.8,8.2,,,,7.5,,,ttth,7340115,3,1,26
D01,7.8,,8.0,8.0,,,,,,,ttth,7340115,3,1,27
A00,,,,7.25,,,,7.0,8.2,,ttth,7340115,3,1,28
A00,,,,7.25,,,,8.0,7.6,,ttth,7340115,3,1,29
A00,,,,7.5,,,,6.75,7.6,,ttth,7340115,3,1,30
D01,5.8,,7.0,9.25,,,,,,,ttth,7340115,3,1,31
D01,8.0,,6.8,7.75,,,,,,,ttth,7340115,3,1,32
D01,8.2,,8.2,7.25,,,,,,,ttth,7340115,3,1,33
D01,7.2,,7.4,7.5,,,,,,,ttth,7340115,3,1,34
A00,,,,7.5,,,,7.5,8.6,,ttth,7340115,3,1,35
D01,7.25,,8.4,7.6,,,,,,,ttth,7340115,3,1,36
D01,7.8,,8.0,8.75,,,,,,,ttth,7340115,3,1,37
D01,8.2,,7.2,8.25,,,,,,,ttth,7340115,3,1,38
D01,7.6,,6.8,8.5,,,,,,,ttth,7340115,3,1,39
A00,,,,6.75,,,,7.75,8.0,,ttth,7340115,3,1,40
A00,,,,7.5,,,,7.0,8.2,,ttth,7340115,3,1,41
A00,,,,7.5,,,,8.5,8.4,,ttth,7340115,3,1,42
D01,7.0,,8.0,7.5,,,,,,,ttth,7340115,3,1,43
A01,,,8.4,7.8,,,,8.25,,,ttth,7340115,3,1,44
A01,,,8.2,7.25,,,,6.6,,,ttth,7340115,3,1,45
D01,7.8,,6.8,7.75,,,,,,,ttth,7340115,3,1,46
A00,,,,7.75,,,,8.25,8.4,,ttth,7340115,3,1,47
A01,,,7.6,7.75,,,,7.6,,,ttth,7340115,3,1,48
D01,8.6,,7.6,6.75,,,,,,,ttth,7340115,3,1,49
D01,9.0,,8.4,7.6,,,,,,,ttth,7340115,3,1,50
A00,,,,7.5,,,,7.5,7.6,,ttth,7340115,3,1,51
D01,7.8,,7.8,7.25,,,,,,,ttth,7340115,3,1,52
A00,,,,8.5,,,,7.5,7.6,,ttth,7340115,3,1,53
A00,,,,8.2,,,,7.25,8.0,,ttth,7340115,3,1,54
A00,,,,7.75,,,,6.5,7.8,,ttth,7340115,3,1,55
D01,8.0,,8.4,8.4,,,,,,,ttth,7340115,3,1,56
A00,,,,7.5,,,,8.5,7.8,,ttth,7340115,3,1,57
A00,,,,7.25,,,,7.25,8.0,,ttth,7340115,3,1,58
D01,6.2,,7.8,8.0,,,,,,,ttth,7340115,3,1,59
A00,,,,7.5,,,,7.75,8.2,,ttth,7340115,3,1,60
A00,,,,7.75,,,,7.75,8.0,,ttth,7340115,3,1,61
D01,7.2,,7.8,7.25,,,,,,,ttth,7340115,3,1,62
D01,8.75,,9.0,6.6,,,,,,,ttth,7340115,3,1,63
D01,7.4,,7.2,8.0,,,,,,,ttth,7340115,3,1,64
D01,8.0,,8.8,7.75,,,,,,,ttth,7340115,3,1,65
A01,,,7.8,7.25,,,,7.6,,,ttth,7340115,3,1,66
A00,,,,7.8,,,,6.75,8.5,,ttth,7340120,4,1,0
A00,,,,6.25,,,,7.5,7.4,,ttth,7340120,4,1,1
D01,8.0,,7.8,7.5,,,,,,,ttth,7340120,4,1,2
A00,,,,7.5,,,,8.25,7.8,,ttth,7340120,4,1,3
D01,8.0,,7.8,7.25,,,,,,,ttth,7340120,4,1,4
D01,8.4,,7.6,7.5,,,,,,,ttth,7340120,4,1,5
A01,,,7.2,8.0,,,,7.4,,,ttth,7340120,4,1,6
D01,7.0,,7.6,8.75,,,,,,,ttth,7340120,4,1,7
A00,,,,5.0,,,,8.25,8.2,,ttth,7340120,4,1,8
D01,7.5,,8.2,8.0,,,,,,,ttth,7340120,4,1,9
A00,,,,7.5,,,,7.5,8.8,,ttth,7340120,4,1,10
D01,6.75,,9.4,7.4,,,,,,,ttth,7340120,4,1,11
D01,7.4,,6.8,7.75,,,,,,,ttth,7340120,4,1,12
A01,,,8.6,8.0,,,,7.5,,,ttth,7340120,4,1,13
D01,7.4,,7.0,9.0,,,,,,,ttth,7340120,4,1,14
A00,,,,8.25,,,,7.25,7.2,,ttth,7340120,4,1,15
A00,,,,7.75,,,,7.75,7.2,,ttth,7340120,4,1,16
D01,8.2,,7.6,7.5,,,,,,,ttth,7340120,4,1,17
D01,7.0,,6.6,8.5,,,,,,,ttth,7340120,4,1,18
D01,8.0,,8.6,7.0,,,,,,,ttth,7340120,4,1,19
A00,,,,7.8,,,,8.0,7.25,,ttth,7340120,4,1,20
D01,8.4,,7.0,7.5,,,,,,,ttth,7340120,4,1,21
A01,,,8.2,8.4,,,,7.0,,,ttth,7340120,4,1,22
A01,,,7.8,7.5,,,,8.0,,,ttth,7340120,4,1,23
A00,,,,6.5,,,,7.25,7.4,,ttth,7340120,4,1,24
A00,,,,8.4,,,,7.5,7.25,,ttth,7340120,4,1,25
A01,,,8.0,7.5,,,,8.6,,,ttth,7340120,4,1,26
A01,,,8.0,8.25,,,,7.4,,,ttth,7340120,4,1,27
A00,,,,8.2,,,,8.0,8.25,,ttth,7340120,4,1,28
A01,,,7.6,6.75,,,,8.2,,,ttth,7340120,4,1,29
A00,,,,7.5,,,,8.0,8.0,,ttth,7340120,4,1,30
D01,7.0,,7.2,8.25,,,,,,,ttth,7340120,4,1,31
A00,,,,7.75,,,,8.5,7.6,,ttth,7340120,4,1,32
A01,,,9.0,8.2,,,,7.0,,,ttth,7340120,4,1,33
D01,9.0,,6.8,7.8,,,,,,,ttth,7340120,4,1,34
A01,,,8.0,8.4,,,,7.25,,,ttth,7340120,4,1,35
A01,,,7.8,8.5,,,,7.4,,,ttth,7340120,4,1,36
D01,6.8,,8.0,8.25,,,,,,,ttth,7340120,4,1,37
D01,7.2,,7.4,7.5,,,,,,,ttth,7340120,4,1,38
D01,7.4,,7.6,6.5,,,,,,,ttth,7340120,4,1,39
A01,,,7.6,7.25,,,,8.6,,,ttth,7340120,4,1,40
D01,8.4,,7.4,9.25,,,,,,,ttth,7340120,4,1,41
D01,9.0,,7.4,6.0,,,,,,,ttth,7340120,4,1,42
D01,7.2,,6.8,9.0,,,,,,,ttth,7340120,4,1,43
A01,,,8.4,7.0,,,,7.6,,,ttth,7340120,4,1,44
D01,8.5,,7.2,8.0,,,,,,,ttth,7340120,4,1,45
D01,7.0,,8.4,8.2,,,,,,,ttth,7340120,4,1,46
A00,,,,7.75,,,,7.25,8.0,,ttth,7340120,4,1,47
A00,,,,7.75,,,,8.25,8.0,,ttth,7340120,4,1,48
A00,,,,7.5,,,,8.0,7.8,,ttth,7340120,4,1,49
A00,,,,8.0,,,,7.5,8.6,,ttth,7340120,4,1,50
A01,,,8.4,7.4,,,,7.75,,,ttth,7340120,4,1,51
D01,6.2,,7.6,7.5,,,,,,,ttth,7340120,4,1,52
D01,7.2,,6.6,7.75,,,,,,,ttth,7340120,4,1,53
D01,7.2,,7.8,7.5,,,,,,,ttth,7340120,4,1,54
A00,,,,9.0,,,,6.25,8.0,,ttth,7340120,4,1,55
D01,6.0,,8.0,7.5,,,,,,,ttth,7340120,4,1,56
A01,,,7.6,8.0,,,,7.4,,,ttth,7340120,4,1,57
A00,,,,8.0,,,,7.5,8.0,,ttth,7340120,4,1,58
A01,,,7.4,7.5,,,,6.8,,,ttth,7340120,4,1,59
D01,6.0,,6.0,9.5,,,,,,,ttth,7340120,4,1,60
A01,,,8.4,7.8,,,,7.25,,,ttth,7340120,4,1,61
A00,,,,7.5,,,,7.0,8.0,,ttth,7340120,4,1,62
A00,,,,7.8,,,,7.75,7.5,,ttth,7340120,4,1,63
D01,7.08,,9.0,7.6,,,,,,,ttth,7340120,4,1,64
D01,9.0,,8.4,6.8,,,,,,,ttth,7340120,4,1,65
A00,,,,8.2,,,,7.25,8.0,,ttth,7340120,4,1,66
A01,,,7.0,7.0,,,,9.0,,,ttth,7340122,5,1,0
A00,,,,7.0,,,,8.0,7.2,,ttth,7340122,5,1,1
D01,7.6,,7.6,9.25,,,,,,,ttth,7340122,5,1,2
D01,6.0,,7.0,8.75,,,,,,,ttth,7340122,5,1,3
A00,,,,8.25,,,,7.0,7.6,,ttth,7340122,5,1,4
D01,8.4,,7.6,7.25,,,,,,,ttth,7340122,5,1,5
A00,,,,7.0,,,,8.25,8.4,,ttth,7340122,5,1,6
A01,,,7.2,6.75,,,,8.0,,,ttth,7340122,5,1,7
A00,,,,6.75,,,,7.0,8.0,,ttth,7340122,5,1,8
A00,,,,6.0,,,,8.5,8.6,,ttth,7340122,5,1,9
A01,,,8.0,6.75,,,,8.0,,,ttth,7340122,5,1,10
A01,,,7.6,7.25,,,,7.4,,,ttth,7340122,5,1,11
D01,5.8,,8.2,8.5,,,,,,,ttth,7340122,5,1,12
A01,,,7.8,8.25,,,,7.2,,,ttth,7340122,5,1,13
A00,,,,6.75,,,,9.5,7.8,,ttth,7340122,5,1,14
D01,6.8,,7.6,8.75,,,,,,,ttth,7340122,5,1,15
A00,,,,7.0,,,,7.5,7.4,,ttth,7340122,5,1,16
A00,,,,7.25,,,,8.0,6.8,,ttth,7340122,5,1,17
D01,7.8,,7.2,8.0,,,,,,,ttth,7340122,5,1,18
D01,7.2,,7.6,7.75,,,,,,,ttth,7340122,5,1,19
D01,7.4,,8.6,6.25,,,,,,,ttth,7340122,5,1,20
D01,7.8,,7.6,8.25,,,,,,,ttth,7340122,5,1,21
D01,7.0,,7.8,6.75,,,,,,,ttth,7340122,5,1,22
D01,6.4,,7.2,8.0,,,,,,,ttth,7340122,5,1,23
D01,7.6,,5.2,9.0,,,,,,,ttth,7340122,5,1,24
D01,5.0,,8.0,9.0,,,,,,,ttth,7340122,5,1,25
D01,8.0,,6.4,7.75,,,,,,,ttth,7340122,5,1,26
D01,7.4,,7.6,7.25,,,,,,,ttth,7340122,5,1,27
D01,5.8,,8.2,7.75,,,,,,,ttth,7340122,5,1,28
A01,,,8.2,7.5,,,,7.8,,,ttth,7340122,5,1,29
A00,,,,7.0,,,,8.0,8.2,,ttth,7340122,5,1,30
A01,,,8.6,6.75,,,,7.8,,,ttth,7340122,5,1,31
A00,,,,7.75,,,,8.0,7.4,,ttth,7340122,5,1,32
A01,,,7.8,7.75,,,,7.8,,,ttth,7340122,5,1,33
A00,,,,7.75,,,,8.75,7.4,,ttth,7340122,5,1,34
A01,,,8.0,7.75,,,,7.6,,,ttth,7340122,5,1,35
A00,,,,7.75,,,,7.5,7.8,,ttth,7340122,5,1,36
A01,,,8.2,7.5,,,,7.8,,,ttth,7340122,5,1,37
D01,8.2,,7.2,7.5,,,,,,,ttth,7340122,5,1,38
D01,8.2,,7.4,8.75,,,,,,,ttth,7340122,5,1,39
A00,,,,7.25,,,,7.75,7.2,,ttth,7340122,5,1,40
D01,7.6,,7.4,7.25,,,,,,,ttth,7340122,5,1,41
D01,7.6,,7.4,8.0,,,,,,,ttth,7340122,5,1,42
A00,,,,7.0,,,,6.75,8.0,,ttth,7340122,5,1,43
D01,6.6,,7.4,8.0,,,,,,,ttth,7340122,5,1,44
D01,7.0,,7.6,8.25,,,,,,,ttth,7340122,5,1,45
D01,7.0,,7.0,8.41,,,,,,,ttth,7340122,5,1,46
D01,7.4,,7.0,7.75,,,,,,,ttth,7340122,5,1,47
A01,,,7.2,8.25,,,,8.0,,,ttth,7340122,5,1,48
D01,7.8,,7.0,8.0,,,,,,,ttth,7340122,5,1,49
D01,8.0,,7.0,8.5,,,,,,,ttth,7340122,5,1,50
A00,,,,6.75,,,,7.75,7.6,,ttth,7340122,5,1,51
A00,,,,7.5,,,,7.5,7.6,,ttth,7340122,5,1,52
A00,,,,7.75,,,,8.0,7.4,,ttth,7340122,5,1,53
D01,6.6,,7.0,8.5,,,,,,,ttth,7340122,5,1,54
A00,,,,7.25,,,,8.0,7.6,,ttth,7340122,5,1,55
A00,,,,7.5,,,,7.75,7.8,,ttth,7340122,5,1,56
D01,6.8,,7.2,7.75,,,,,,,ttth,7340122,5,1,57
A00,,,,7.25,,,,7.75,7.6,,ttth,7340122,5,1,58
A00,,,,7.0,,,,8.0,6.6,,ttth,7340122,5,1,59
A00,,,,8.25,,,,8.0,7.6,,ttth,7340122,5,1,60
A00,,,,8.0,,,,7.75,7.6,,ttth,7340122,5,1,61
A00,,,,7.25,,,,8.25,8.0,,ttth,7340122,5,1,62
D01,9.2,,7.4,7.25,,,,,,,ttth,7340122,5,1,63
A00,,,,8.25,,,,6.75,7.8,,ttth,7340122,5,1,64
D01,6.2,,8.0,8.25,,,,,,,ttth,7340122,5,1,65
D01,7.0,,6.6,8.5,,,,,,,ttth,7340122,5,1,66
D01,7.8,,6.0,7.25,,,,,,,ttth,7340123,6,1,0
A01,,,7.8,7.6,,,,6.75,,,ttth,7340123,6,1,1
A00,,,,7.5,,,,6.25,6.6,,ttth,7340123,6,1,2
A00,,,,6.0,,,,7.25,7.0,,ttth,7340123,6,1,3
D01,6.5,,4.8,7.0,,,,,,,ttth,7340123,6,1,4
D01,5.6,,6.4,7.0,,,,,,,ttth,7340123,6,1,5
A00,,,,5.0,,,,7.5,6.6,,ttth,7340123,6,1,6
D01,7.0,,6.2,8.25,,,,,,,ttth,7340123,6,1,7
A01,,,7.8,7.5,,,,6.6,,,ttth,7340123,6,1,8
D01,5.5,,5.6,7.4,,,,,,,ttth,7340123,6,1,9
A00,,,,4.25,,,,6.25,7.2,,ttth,7340123,6,1,10
D01,7.25,,7.2,7.8,,,,,,,ttth,7340123,6,1,11
D01,5.4,,7.6,7.0,,,,,,,ttth,7340123,6,1,12
A00,,,,8.0,,,,7.25,7.6,,ttth,7340123,6,1,13
D01,7.25,,4.2,5.4,,,,,,,ttth,7340123,6,1,14
A00,,,,5.5,,,,8.25,7.8,,ttth,7340123,6,1,15
A01,,,7.2,6.75,,,,6.4,,,ttth,7340123,6,1,16
A00,,,,7.0,,,,7.0,8.0,,ttth,7340123,6,1,17
D01,7.0,,6.6,8.25,,,,,,,ttth,7340123,6,1,18
A00,,,,6.25,,,,4.5,7.6,,ttth,7340123,6,1,19
D01,6.6,,7.6,8.5,,,,,,,ttth,7340123,6,1,20
D01,7.75,,5.8,5.4,,,,,,,ttth,7340123,6,1,21
A01,,,8.0,7.0,,,,6.0,,,ttth,7340123,6,1,22
D01,5.0,,6.4,6.75,,,,,,,ttth,7340123,6,1,23
D01,3.6,,7.0,8.0,,,,,,,ttth,7340123,6,1,24
D01,6.6,,7.8,8.25,,,,,,,ttth,7340123,6,1,25
D01,6.6,,7.4,7.75,,,,,,,ttth,7340123,6,1,26
D01,4.6,,5.2,7.75,,,,,,,ttth,7340123,6,1,27
D01,7.25,,4.6,7.4,,,,,,,ttth,7340123,6,1,28
D01,6.25,,3.2,7.0,,,,,,,ttth,7340123,6,1,29
D01,4.4,,6.0,6.5,,,,,,,ttth,7340123,6,1,30
D01,6.2,,7.4,7.5,,,,,,,ttth,7340123,6,1,31
A00,,,,5.25,,,,6.25,8.0,,ttth,7340123,6,1,32
A01,,,7.2,7.2,,,,6.5,,,ttth,7340123,6,1,33
D01,7.5,,5.0,6.8,,,,,,,ttth,7340123,6,1,34
D01,6.5,,8.6,4.8,,,,,,,ttth,7340123,6,1,35
D01,8.0,,6.4,7.0,,,,,,,ttth,7340123,6,1,36
D01,7.0,,6.6,7.0,,,,,,,ttth,7340123,6,1,37
A00,,,,5.0,,,,6.5,6.8,,ttth,7340123,6,1,38
A00,,,,7.25,,,,6.25,7.6,,ttth,7340123,6,1,39
D01,5.2,,7.8,7.25,,,,,,,ttth,7340123,6,1,40
D01,7.0,,6.8,7.6,,,,,,,ttth,7340123,6,1,41
D01,6.5,,7.4,7.6,,,,,,,ttth,7340123,6,1,42
D01,5.0,,7.4,8.5,,,,,,,ttth,7340123,6,1,43
D01,7.0,,4.4,6.2,,,,,,,ttth,7340123,6,1,44
D01,6.5,,5.6,7.8,,,,,,,ttth,7340123,6,1,45
A00,,,,6.25,,,,8.0,8.0,,ttth,7340123,6,1,46
A00,,,,6.5,,,,6.75,7.4,,ttth,7340123,6,1,47
D01,7.2,,7.4,5.75,,,,,,,ttth,7340123,6,1,48
A00,,,,8.4,,,,7.0,6.25,,ttth,7340123,6,1,49
A00,,,,7.25,,,,7.25,7.2,,ttth,7340123,6,1,50
D01,4.2,,5.6,8.0,,,,,,,ttth,7340123,6,1,51
D01,7.4,,5.4,7.25,,,,,,,ttth,7340123,6,1,52
D01,5.4,,7.2,7.5,,,,,,,ttth,7340123,6,1,53
D01,5.0,,4.2,6.5,,,,,,,ttth,7340123,6,1,54
A00,,,,8.0,,,,8.5,7.8,,ttth,7340123,6,1,55
D01,6.2,,7.0,6.75,,,,,,,ttth,7340123,6,1,56
A00,,,,7.25,,,,6.0,7.6,,ttth,7340123,6,1,57
D01,6.8,,6.2,7.25,,,,,,,ttth,7340123,6,1,58
A00,,,,7.0,,,,7.5,7.0,,ttth,7340123,6,1,59
A00,,,,7.2,,,,6.25,6.5,,ttth,7340123,6,1,60
D01,7.8,,7.0,7.0,,,,,,,ttth,7340123,6,1,61
A00,,,,6.75,,,,6.0,7.4,,ttth,7340123,6,1,62
A00,,,,7.0,,,,6.5,6.5,,ttth,7340123,6,1,63
D01,7.4,,7.6,6.0,,,,,,,ttth,7340123,6,1,64
D01,7.8,,7.0,7.0,,,,,,,ttth,7340123,6,1,65
D01,5.8,,5.8,6.25,,,,,,,ttth,7340123,6,1,66
A00,,,,6.75,,,,7.25,8.0,,ttth,7340129,7,4,0
A00,,,,7.0,,,,6.75,7.6,,ttth,7340129,7,4,1
D01,5.0,,7.8,8.5,,,,,,,ttth,7340129,7,4,2
D01,8.0,,5.0,7.2,,,,,,,ttth,7340129,7,4,3
D01,7.2,,7.6,6.5,,,,,,,ttth,7340129,7,4,4
D01,5.75,,7.6,7.4,,,,,,,ttth,7340129,7,4,5
A01,,,6.0,8.2,,,,7.0,,,ttth,7340129,7,4,6
A00,,,,7.8,,,,6.75,6.25,,ttth,7340129,7,4,7
D01,6.6,,7.6,6.75,,,,,,,ttth,7340129,7,4,8
D01,8.5,,4.4,7.2,,,,,,,ttth,7340129,7,4,9
D01,6.0,,6.8,6.75,,,,,,,ttth,7340129,7,4,10
D01,6.5,,8.6,5.2,,,,,,,ttth,7340129,7,4,11
D01,7.5,,7.0,7.6,,,,,,,ttth,7340129,7,4,12
D01,5.8,,6.8,7.5,,,,,,,ttth,7340129,7,4,13
D01,6.2,,7.8,8.25,,,,,,,ttth,7340129,7,4,14
A00,,,,6.75,,,,8.0,8.0,,ttth,7340129,7,4,15
D01,6.6,,7.6,7.75,,,,,,,ttth,7340129,7,4,16
D01,8.0,,7.8,7.25,,,,,,,ttth,7340129,7,4,17
D01,7.5,,7.0,7.8,,,,,,,ttth,7340129,7,4,18
A00,,,,7.0,,,,7.0,7.8,,ttth,7340129,7,4,19
A01,,,6.8,8.25,,,,5.4,,,ttth,7340129,7,4,20
D01,7.75,,8.0,6.8,,,,,,,ttth,7340129,7,4,21
D01,4.0,,6.8,7.25,,,,,,,ttth,7340129,7,4,22
D01,7.2,,6.6,8.0,,,,,,,ttth,7340129,7,4,23
A00,,,,4.5,,,,7.25,6.4,,ttth,7340129,7,4,24
D01,5.2,,7.8,6.75,,,,,,,ttth,7340129,7,4,25
D01,7.0,,5.8,6.8,,,,,,,ttth,7340129,7,4,26
A00,,,,7.0,,,,7.25,7.8,,ttth,7340129,7,4,27
A00,,,,5.75,,,,7.75,6.2,,ttth,7340129,7,4,28
D01,5.0,,7.4,7.5,,,,,,,ttth,7340129,7,4,29
D01,7.0,,9.2,7.0,,,,,,,ttth,7340129,7,4,30
D01,7.5,,8.0,7.0,,,,,,,ttth,7340129,7,4,31
D01,6.2,,8.2,8.25,,,,,,,ttth,7340129,7,4,32
A01,,,7.4,6.75,,,,7.6,,,ttth,7340129,7,4,33
A00,,,,7.25,,,,8.0,8.0,,ttth,7340129,7,4,34
A00,,,,6.5,,,,7.5,7.0,,ttth,7340129,7,4,35
A00,,,,7.0,,,,7.75,7.6,,ttth,7340129,7,4,36
D01,5.4,,7.8,8.25,,,,,,,ttth,7340129,7,4,37
A00,,,,6.25,,,,7.25,7.6,,ttth,7340129,7,4,38
A01,,,6.8,8.0,,,,6.25,,,ttth,7340129,7,4,39
D01,3.4,,7.4,7.25,,,,,,,ttth,7340129,7,4,40
A00,,,,5.75,,,,8.0,8.0,,ttth,7340129,7,4,41
A00,,,,7.0,,,,6.5,7.6,,ttth,7340129,7,4,42
D01,4.2,,6.0,8.0,,,,,,,ttth,7340129,7,4,43
A00,,,,6.25,,,,7.75,8.2,,ttth,7340129,7,4,44
D01,7.5,,6.6,6.6,,,,,,,ttth,7340129,7,4,45
D01,6.75,,6.4,7.0,,,,,,,ttth,7340129,7,4,46
D01,5.4,,7.0,7.5,,,,,,,ttth,7340129,7,4,47
A01,,,8.2,8.0,,,,8.4,,,ttth,7340129,7,4,48
A00,,,,6.0,,,,6.25,7.6,,ttth,7340129,7,4,49
D01,7.5,,6.2,7.6,,,,,,,ttth,7340129,7,4,50
A00,,,,6.25,,,,8.0,7.4,,ttth,7340129,7,4,51
A00,,,,7.4,,,,6.75,6.5,,ttth,7340129,7,4,52
D01,6.4,,8.0,7.75,,,,,,,ttth,7340129,7,4,53
D01,7.0,,5.4,7.25,,,,,,,ttth,7340129,7,4,54
D01,3.6,,6.4,8.25,,,,,,,ttth,7340129,7,4,55
D01,4.6,,7.4,8.75,,,,,,,ttth,7340129,7,4,56
D01,7.2,,8.0,6.75,,,,,,,ttth,7340129,7,4,57
A01,,,7.2,7.25,,,,5.8,,,ttth,7340129,7,4,58
D01,5.6,,7.4,8.5,,,,,,,ttth,7340129,7,4,59
D01,6.25,,7.8,6.4,,,,,,,ttth,7340129,7,4,60
D01,8.0,,7.2,7.0,,,,,,,ttth,7340129,7,4,61
A01,,,7.8,7.25,,,,7.8,,,ttth,7340129,7,4,62
A00,,,,7.6,,,,7.0,7.0,,ttth,7340129,7,4,63
A00,,,,6.75,,,,6.75,8.0,,ttth,7340129,7,4,64
D01,6.5,,7.2,6.4,,,,,,,ttth,7340129,7,4,65
A00,,,,7.0,,,,7.75,8.0,,ttth,7340129,7,4,66
D01,6.75,,7.8,7.8,,,,,,,ttth,7340201,8,1,0
D01,7.0,,9.4,6.6,,,,,,,ttth,7340201,8,1,1
A01,,,8.4,8.4,,,,7.5,,,ttth,7340201,8,1,2
D01,4.8,,7.8,7.5,,,,,,,ttth,7340201,8,1,3
A01,,,6.4,6.5,,,,8.6,,,ttth,7340201,8,1,4
D01,6.0,,6.4,8.0,,,,,,,ttth,7340201,8,1,5
A01,,,8.6,8.0,,,,7.75,,,ttth,7340201,8,1,6
A01,,,9.0,7.8,,,,8.0,,,ttth,7340201,8,1,7
D01,6.75,,8.0,8.6,,,,,,,ttth,7340201,8,1,8
A01,,,9.0,7.8,,,,6.75,,,ttth,7340201,8,1,9
D01,5.4,,7.0,8.0,,,,,,,ttth,7340201,8,1,10
A01,,,8.4,8.8,,,,7.0,,,ttth,7340201,8,1,11
A00,,,,8.6,,,,7.0,7.0,,ttth,7340201,8,1,12
A00,,,,6.75,,,,7.25,8.6,,ttth,7340201,8,1,13
A00,,,,6.5,,,,6.25,7.6,,ttth,7340201,8,1,14
A00,,,,7.5,,,,7.5,7.2,,ttth,7340201,8,1,15
D01,5.6,,6.2,8.75,,,,,,,ttth,7340201,8,1,16
A01,,,7.6,8.25,,,,7.0,,,ttth,7340201,8,1,17
A00,,,,7.0,,,,8.0,7.75,,ttth,7340201,8,1,18
A01,,,7.2,7.8,,,,7.25,,,ttth,7340201,8,1,19
A00,,,,7.75,,,,7.25,6.8,,ttth,7340201,8,1,20
A00,,,,7.25,,,,7.75,7.2,,ttth,7340201,8,1,21
D01,7.0,,8.6,7.6,,,,,,,ttth,7340201,8,1,22
A00,,,,8.2,,,,6.5,8.25,,ttth,7340201,8,1,23
A00,,,,7.25,,,,7.75,8.6,,ttth,7340201,8,1,24
A00,,,,7.5,,,,8.75,7.6,,ttth,7340201,8,1,25
A00,,,,6.5,,,,7.5,8.0,,ttth,7340201,8,1,26
A00,,,,8.4,,,,6.75,8.0,,ttth,7340201,8,1,27
A00,,,,7.75,,,,6.5,7.2,,ttth,7340201,8,1,28
A01,,,7.6,7.25,,,,6.8,,,ttth,7340201,8,1,29
D01,7.75,,8.2,6.8,,,,,,,ttth,7340201,8,1,30
D01,8.0,,7.0,7.8,,,,,,,ttth,7340201,8,1,31
D01,7.0,,8.0,7.6,,,,,,,ttth,7340201,8,1,32
A00,,,,6.25,,,,6.75,7.2,,ttth,7340201,8,1,33
A00,,,,7.5,,,,8.5,7.6,,ttth,7340201,8,1,34
D01,7.0,,8.6,7.8,,,,,,,ttth,7340201,8,1,35
A00,,,,6.5,,,,7.0,7.6,,ttth,7340201,8,1,36
D01,7.4,,7.8,6.25,,,,,,,ttth,7340201,8,1,37
A01,,,8.0,6.5,,,,8.2,,,ttth,7340201,8,1,38
A00,,,,8.6,,,,7.25,7.75,,ttth,7340201,8,1,39
A00,,,,7.75,,,,7.0,7.0,,ttth,7340201,8,1,40
A00,,,,7.25,,,,8.0,8.0,,ttth,7340201,8,1,41
D01,7.75,,8.6,6.8,,,,,,,ttth,7340201,8,1,42
A00,,,,8.8,,,,7.75,8.25,,ttth,7340201,8,1,43
D01,7.4,,7.2,8.0,,,,,,,ttth,7340201,8,1,44
D01,7.0,,7.4,8.5,,,,,,,ttth,7340201,8,1,45
A00,,,,6.25,,,,6.5,7.0,,ttth,7340201,8,1,46
D01,7.0,,9.0,7.2,,,,,,,ttth,7340201,8,1,47
A00,,,,6.75,,,,6.5,8.4,,ttth,7340201,8,1,48
A00,,,,7.25,,,,7.0,7.0,,ttth,7340201,8,1,49
A00,,,,8.0,,,,7.75,8.0,,ttth,7340201,8,1,50
D01,7.5,,8.0,8.0,,,,,,,ttth,7340201,8,1,51
D01,8.5,,7.0,7.6,,,,,,,ttth,7340201,8,1,52
A00,,,,8.2,,,,7.75,7.0,,ttth,7340201,8,1,53
A00,,,,8.0,,,,7.75,7.8,,ttth,7340201,8,1,54
A00,,,,6.5,,,,8.25,7.2,,ttth,7340201,8,1,55
D01,5.2,,7.6,7.5,,,,,,,ttth,7340201,8,1,56
A01,,,6.6,8.4,,,,8.0,,,ttth,7340201,8,1,57
A01,,,7.4,7.75,,,,7.6,,,ttth,7340201,8,1,58
A00,,,,7.25,,,,7.5,6.2,,ttth,7340201,8,1,59
D01,7.0,,7.2,6.5,,,,,,,ttth,7340201,8,1,60
A00,,,,8.2,,,,7.0,8.25,,ttth,7340201,8,1,61
A00,,,,7.75,,,,8.0,6.6,,ttth,7340201,8,1,62
D01,6.4,,6.8,8.0,,,,,,,ttth,7340201,8,1,63
A01,,,7.8,7.8,,,,7.25,,,ttth,7340201,8,1,64
A00,,,,6.0,,,,8.5,7.8,,ttth,7340201,8,1,65
A01,,,7.4,6.75,,,,7.0,,,ttth,7340201,8,1,66
D01,5.0,,6.8,6.75,,,,,,,ttth,7340205,9,1,0
D01,6.4,,6.6,7.0,,,,,,,ttth,7340205,9,1,1
A00,,,,7.5,,,,6.0,5.2,,ttth,7340205,9,1,2
D01,5.0,,5.6,8.0,,,,,,,ttth,7340205,9,1,3
A00,,,,6.5,,,,8.0,5.6,,ttth,7340205,9,1,4
A01,,,7.2,5.25,,,,7.0,,,ttth,7340205,9,1,5
D01,6.6,,7.2,7.0,,,,,,,ttth,7340205,9,1,6
A01,,,7.4,7.5,,,,7.6,,,ttth,7340205,9,1,7
D01,5.2,,6.8,6.75,,,,,,,ttth,7340205,9,1,8
D01,4.8,,7.0,7.25,,,,,,,ttth,7340205,9,1,9
D01,5.8,,7.6,7.0,,,,,,,ttth,7340205,9,1,10
D01,6.8,,7.0,6.25,,,,,,,ttth,7340205,9,1,11
A00,,,,7.0,,,,7.75,7.6,,ttth,7340205,9,1,12
D01,5.2,,7.2,6.75,,,,,,,ttth,7340205,9,1,13
D01,5.6,,6.6,6.5,,,,,,,ttth,7340205,9,1,14
A01,,,7.0,7.0,,,,6.6,,,ttth,7340205,9,1,15
D01,6.4,,6.6,7.25,,,,,,,ttth,7340205,9,1,16
A00,,,,6.75,,,,6.0,6.8,,ttth,7340205,9,1,17
D01,5.8,,7.8,6.0,,,,,,,ttth,7340205,9,1,18
D01,6.0,,7.2,7.0,,,,,,,ttth,7340205,9,1,19
D07,,,6.4,7.25,,,,,6.4,,ttth,7340205,9,1,20
D01,7.8,,7.2,8.75,,,,,,,ttth,7340205,9,1,21
D01,7.4,,6.2,6.25,,,,,,,ttth,7340205,9,1,22
D01,7.8,,6.2,6.25,,,,,,,ttth,7340205,9,1,23
D07,,,6.8,8.25,,,,,7.0,,ttth,7340205,9,1,24
D01,6.8,,6.4,6.75,,,,,,,ttth,7340205,9,1,25
A00,,,,5.5,,,,5.75,7.0,,ttth,7340205,9,1,26
D01,8.2,,6.4,6.25,,,,,,,ttth,7340205,9,1,27
A00,,,,7.25,,,,7.25,8.0,,ttth,7340205,9,1,28
A00,,,,7.25,,,,7.75,6.6,,ttth,7340205,9,1,29
A00,,,,7.25,,,,6.5,6.0,,ttth,7340205,9,1,30
D01,4.6,,6.8,7.0,,,,,,,ttth,7340205,9,1,31
D01,5.2,,5.0,8.0,,,,,,,ttth,7340205,9,1,32
D07,,,6.8,6.25,,,,,6.2,,ttth,7340205,9,1,33
A01,,,6.0,7.0,,,,7.0,,,ttth,7340205,9,1,34
A00,,,,6.5,,,,7.5,5.0,,ttth,7340205,9,1,35
D01,6.8,,7.4,6.5,,,,,,,ttth,7340205,9,1,36
A00,,,,6.75,,,,7.25,5.6,,ttth,7340205,9,1,37
D07,,,7.0,7.25,,,,,6.4,,ttth,7340205,9,1,38
D01,6.6,,5.6,6.5,,,,,,,ttth,7340205,9,1,39
A00,,,,6.75,,,,8.5,7.2,,ttth,7340205,9,1,40
A00,,,,6.75,,,,6.0,7.4,,ttth,7340205,9,1,41
A00,,,,6.25,,,,6.0,6.0,,ttth,7340205,9,1,42
A00,,,,6.5,,,,8.5,6.4,,ttth,7340205,9,1,43
D01,7.2,,7.4,6.5,,,,,,,ttth,7340205,9,1,44
D01,7.2,,7.6,8.25,,,,,,,ttth,7340205,9,1,45
D07,,,8.2,8.0,,,,,7.4,,ttth,7340205,9,1,46
A00,,,,6.25,,,,7.75,8.0,,ttth,7340205,9,1,47
D01,7.6,,7.2,8.0,,,,,,,ttth,7340205,9,1,48
D01,6.6,,7.2,7.5,,,,,,,ttth,7340205,9,1,49
A00,,,,5.5,,,,6.5,7.0,,ttth,7340205,9,1,50
D01,7.6,,7.0,6.75,,,,,,,ttth,7340205,9,1,51
D07,,,6.6,7.25,,,,,6.0,,ttth,7340205,9,1,52
A00,,,,7.0,,,,7.5,7.6,,ttth,7340205,9,1,53
D01,4.4,,7.2,7.0,,,,,,,ttth,7340205,9,1,54
A00,,,,7.5,,,,7.0,7.2,,ttth,7340205,9,1,55
A00,,,,6.5,,,,6.75,7.0,,ttth,7340205,9,1,56
A01,,,7.4,7.25,,,,7.6,,,ttth,7340205,9,1,57
A00,,,,6.25,,,,7.0,6.8,,ttth,7340205,9,1,58
A00,,,,7.0,,,,7.0,8.0,,ttth,7340205,9,1,59
D07,,,6.2,7.25,,,,,6.4,,ttth,7340205,9,1,60
A00,,,,4.0,,,,7.75,6.8,,ttth,7340205,9,1,61
D01,6.0,,5.8,6.5,,,,,,,ttth,7340205,9,1,62
A00,,,,7.0,,,,5.75,8.2,,ttth,7340205,9,1,63
A00,,,,6.5,,,,7.0,6.2,,ttth,7340205,9,1,64
A00,,,,5.0,,,,6.0,7.0,,ttth,7340205,9,1,65
D01,4.6,,8.2,7.5,,,,,,,ttth,7340205,9,1,66
A00,,,,7.8,,,,7.0,8.25,,ttth,7340301,10,1,0
D01,7.5,,8.8,7.2,,,,,,,ttth,7340301,10,1,1
D01,7.0,,8.4,8.5,,,,,,,ttth,7340301,10,1,2
D01,8.0,,6.2,8.6,,,,,,,ttth,7340301,10,1,3
A00,,,,6.0,,,,7.0,7.4,,ttth,7340301,10,1,4
D01,7.5,,7.6,7.2,,,,,,,ttth,7340301,10,1,5
A00,,,,8.25,,,,8.5,7.6,,ttth,7340301,10,1,6
D01,6.2,,6.4,8.5,,,,,,,ttth,7340301,10,1,7
D01,7.75,,7.2,7.4,,,,,,,ttth,7340301,10,1,8
A00,,,,8.25,,,,6.25,7.0,,ttth,7340301,10,1,9
A00,,,,8.25,,,,6.5,8.6,,ttth,7340301,10,1,10
A00,,,,7.25,,,,8.25,8.2,,ttth,7340301,10,1,11
A00,,,,7.5,,,,7.25,6.8,,ttth,7340301,10,1,12
A00,,,,7.25,,,,6.25,7.2,,ttth,7340301,10,1,13
D01,8.5,,7.4,7.8,,,,,,,ttth,7340301,10,1,14
D01,7.0,,7.4,8.5,,,,,,,ttth,7340301,10,1,15
D01,8.0,,7.4,7.2,,,,,,,ttth,7340301,10,1,16
A01,,,8.8,7.4,,,,7.5,,,ttth,7340301,10,1,17
A00,,,,8.2,,,,6.75,8.25,,ttth,7340301,10,1,18
A00,,,,7.25,,,,7.25,8.2,,ttth,7340301,10,1,19
D01,5.8,,7.4,7.0,,,,,,,ttth,7340301,10,1,20
D01,8.0,,7.2,7.25,,,,,,,ttth,7340301,10,1,21
A00,,,,8.0,,,,8.0,6.25,,ttth,7340301,10,1,22
A00,,,,8.0,,,,8.0,8.0,,ttth,7340301,10,1,23
A00,,,,7.0,,,,7.25,8.0,,ttth,7340301,10,1,24
A01,,,9.2,7.4,,,,7.5,,,ttth,7340301,10,1,25
A00,,,,7.75,,,,7.75,8.2,,ttth,7340301,10,1,26
A00,,,,6.25,,,,8.25,6.0,,ttth,7340301,10,1,27
D01,7.6,,6.4,6.75,,,,,,,ttth,7340301,10,1,28
A00,,,,6.75,,,,7.5,7.6,,ttth,7340301,10,1,29
D01,7.2,,7.2,6.25,,,,,,,ttth,7340301,10,1,30
D01,8.0,,7.4,8.0,,,,,,,ttth,7340301,10,1,31
A00,,,,7.0,,,,8.5,8.0,,ttth,7340301,10,1,32
D01,6.2,,7.4,8.25,,,,,,,ttth,7340301,10,1,33
A00,,,,8.2,,,,7.75,8.0,,ttth,7340301,10,1,34
A00,,,,8.4,,,,7.5,8.25,,ttth,7340301,10,1,35
A00,,,,8.25,,,,8.5,7.6,,ttth,7340301,10,1,36
D01,8.0,,8.0,7.2,,,,,,,ttth,7340301,10,1,37
A00,,,,7.5,,,,7.0,7.6,,ttth,7340301,10,1,38
A00,,,,7.0,,,,7.5,8.0,,ttth,7340301,10,1,39
A00,,,,8.0,,,,7.0,7.5,,ttth,7340301,10,1,40
D01,8.5,,6.8,7.6,,,,,,,ttth,7340301,10,1,41
D01,8.2,,8.0,7.5,,,,,,,ttth,7340301,10,1,42
D01,6.4,,7.8,7.25,,,,,,,ttth,7340301,10,1,43
A00,,,,7.8,,,,7.0,7.75,,ttth,7340301,10,1,44
A00,,,,8.2,,,,7.75,8.25,,ttth,7340301,10,1,45
D01,8.25,,6.6,7.4,,,,,,,ttth,7340301,10,1,46
A00,,,,7.8,,,,7.5,8.0,,ttth,7340301,10,1,47
D01,7.0,,7.6,7.75,,,,,,,ttth,7340301,10,1,48
D01,6.4,,7.6,7.0,,,,,,,ttth,7340301,10,1,49
A01,,,5.8,7.0,,,,7.2,,,ttth,7340301,10,1,50
A00,,,,7.25,,,,8.25,8.8,,ttth,7340301,10,1,51
A00,,,,6.75,,,,7.25,7.6,,ttth,7340301,10,1,52
D01,5.8,,7.6,7.75,,,,,,,ttth,7340301,10,1,53
A00,,,,7.6,,,,6.75,8.5,,ttth,7340301,10,1,54
D01,7.5,,8.2,7.6,,,,,,,ttth,7340301,10,1,55
D01,7.25,,8.4,7.6,,,,,,,ttth,7340301,10,1,56
A00,,,,7.75,,,,7.5,8.4,,ttth,7340301,10,1,57
A00,,,,5.75,,,,6.75,8.4,,ttth,7340301,10,1,58
A00,,,,7.25,,,,8.25,7.6,,ttth,7340301,10,1,59
D01,8.25,,8.2,8.2,,,,,,,ttth,7340301,10,1,60
A00,,,,7.5,,,,7.75,8.2,,ttth,7340301,10,1,61
A00,,,,8.4,,,,6.5,7.25,,ttth,7340301,10,1,62
A00,,,,8.6,,,,7.75,7.75,,ttth,7340301,10,1,63
D01,6.8,,7.0,7.5,,,,,,,ttth,7340301,10,1,64
A00,,,,5.75,,,,7.25,7.4,,ttth,7340301,10,1,65
A00,,,,7.6,,,,7.25,8.0,,ttth,7340301,10,1,66
X01,9.0,,,5.25,8.75,,,,,,bootstrap_khaosat,7380101,11,5,0
D07,,,6.0,7.0,,,,,7.0,,bootstrap_khaosat,7380101,11,5,1
X01,9.0,,,5.25,8.75,,,,,,bootstrap_khaosat,7380101,11,5,2
D01,8.0,,8.25,7.5,,,,,,,bootstrap_khaosat,7380101,11,5,3
D01,7.25,,7.0,8.0,,,,,,,bootstrap_khaosat,7380101,11,5,4
D07,,,6.0,7.0,,,,,7.0,,bootstrap_khaosat,7380101,11,5,5
X01,9.0,,,5.25,8.75,,,,,,bootstrap_khaosat,7380101,11,5,6
D01,7.25,,8.75,8.25,,,,,,,bootstrap_khaosat,7380101,11,5,7
D01,8.0,,8.25,7.5,,,,,,,bootstrap_khaosat,7380101,11,5,8
D01,7.25,,7.0,8.0,,,,,,,bootstrap_khaosat,7380101,11,5,9
A01,,,8.0,8.0,,,,8.0,,,bootstrap_khaosat,7380101,11,5,10
D01,7.25,,8.75,8.25,,,,,,,bootstrap_khaosat,7380101,11,5,11
C00,7.0,5.0,,,,,6.75,,,,bootstrap_khaosat,7380101,11,5,12
D01,7.25,,7.0,8.0,,,,,,,bootstrap_khaosat,7380101,11,5,13
D01,7.25,,7.0,8.0,,,,,,,bootstrap_khaosat,7380101,11,5,14
A01,,,8.0,8.0,,,,8.0,,,bootstrap_khaosat,7380101,11,5,15
D01,7.25,,7.0,8.0,,,,,,,bootstrap_khaosat,7380101,11,5,16
A01,,,8.0,8.0,,,,8.0,,,bootstrap_khaosat,7380101,11,5,17
X01,9.0,,,5.25,8.75,,,,,,bootstrap_khaosat,7380101,11,5,18
C00,7.0,5.0,,,,,6.75,,,,bootstrap_khaosat,7380101,11,5,19
X01,9.0,,,5.25,8.75,,,,,,bootstrap_khaosat,7380101,11,5,20
D01,7.25,,7.0,8.0,,,,,,,bootstrap_khaosat,7380101,11,5,21
D07,,,6.0,7.0,,,,,7.0,,bootstrap_khaosat,7380101,11,5,22
A01,,,8.0,8.0,,,,8.0,,,bootstrap_khaosat,7380101,11,5,23
X01,9.0,,,5.25,8.75,,,,,,bootstrap_khaosat,7380101,11,5,24
X01,9.0,,,5.25,8.75,,,,,,bootstrap_khaosat,7380101,11,5,25
X01,6.5,,,6.75,5.0,,,,,,bootstrap_khaosat,7380101,11,5,26
C00,7.0,5.0,,,,,6.75,,,,bootstrap_khaosat,7380101,11,5,27
D01,7.25,,7.0,8.0,,,,,,,bootstrap_khaosat,7380101,11,5,28
X01,9.0,,,5.25,8.75,,,,,,bootstrap_khaosat,7380101,11,5,29
C00,7.0,5.0,,,,,6.75,,,,bootstrap_khaosat,7380101,11,5,30
D01,7.25,,7.0,8.0,,,,,,,bootstrap_khaosat,7380101,11,5,31
D01,7.25,,7.0,8.0,,,,,,,bootstrap_khaosat,7380101,11,5,32
X01,6.5,,,6.75,5.0,,,,,,bootstrap_khaosat,7380101,11,5,33
D07,,,6.0,7.0,,,,,7.0,,bootstrap_khaosat,7380101,11,5,34
D01,7.25,,7.0,8.0,,,,,,,bootstrap_khaosat,7380101,11,5,35
D07,,,6.0,7.0,,,,,7.0,,bootstrap_khaosat,7380101,11,5,36
X01,6.5,,,6.75,5.0,,,,,,bootstrap_khaosat,7380101,11,5,37
C00,7.0,5.0,,,,,6.75,,,,bootstrap_khaosat,7380101,11,5,38
A01,,,8.0,8.0,,,,8.0,,,bootstrap_khaosat,7380101,11,5,39
C00,7.0,5.0,,,,,6.75,,,,bootstrap_khaosat,7380101,11,5,40
X01,6.5,,,6.75,5.0,,,,,,bootstrap_khaosat,7380101,11,5,41
A01,,,8.0,8.0,,,,8.0,,,bootstrap_khaosat,7380101,11,5,42
D01,7.25,,8.75,8.25,,,,,,,bootstrap_khaosat,7380101,11,5,43
D01,7.25,,7.0,8.0,,,,,,,bootstrap_khaosat,7380101,11,5,44
D07,,,6.0,7.0,,,,,7.0,,bootstrap_khaosat,7380101,11,5,45
D01,8.0,,8.25,7.5,,,,,,,bootstrap_khaosat,7380101,11,5,46
C00,7.0,5.0,,,,,6.75,,,,bootstrap_khaosat,7380101,11,5,47
A01,,,8.0,8.0,,,,8.0,,,bootstrap_khaosat,7380101,11,5,48
D01,8.0,,8.25,7.5,,,,,,,bootstrap_khaosat,7380101,11,5,49
C00,7.0,5.0,,,,,6.75,,,,bootstrap_khaosat,7380101,11,5,50
A01,,,8.0,8.0,,,,8.0,,,bootstrap_khaosat,7380101,11,5,51
D01,7.25,,8.75,8.25,,,,,,,bootstrap_khaosat,7380101,11,5,52
D01,7.25,,7.0,8.0,,,,,,,bootstrap_khaosat,7380101,11,5,53
X01,9.0,,,5.25,8.75,,,,,,bootstrap_khaosat,7380101,11,5,54
D01,7.25,,7.0,8.0,,,,,,,bootstrap_khaosat,7380101,11,5,55
D01,7.25,,7.0,8.0,,,,,,,bootstrap_khaosat,7380101,11,5,56
D07,,,6.0,7.0,,,,,7.0,,bootstrap_khaosat,7380101,11,5,57
D01,8.0,,8.25,7.5,,,,,,,bootstrap_khaosat,7380101,11,5,58
A01,,,8.0,8.0,,,,8.0,,,bootstrap_khaosat,7380101,11,5,59
A01,,,8.0,8.0,,,,8.0,,,bootstrap_khaosat,7380101,11,5,60
X01,6.5,,,6.75,5.0,,,,,,bootstrap_khaosat,7380101,11,5,61
X01,9.0,,,5.25,8.75,,,,,,bootstrap_khaosat,7380101,11,5,62
C00,7.0,5.0,,,,,6.75,,,,bootstrap_khaosat,7380101,11,5,63
A01,,,8.0,8.0,,,,8.0,,,bootstrap_khaosat,7380101,11,5,64
X01,9.0,,,5.25,8.75,,,,,,bootstrap_khaosat,7380101,11,5,65
D01,7.25,,8.75,8.25,,,,,,,bootstrap_khaosat,7380101,11,5,66
D01,7.75,,7.0,8.4,,,,,,,ttth,7380107,12,5,0
D15,7.0,6.4,6.5,,,,,,,,ttth,7380107,12,5,1
D01,6.8,,7.2,8.0,,,,,,,ttth,7380107,12,5,2
D15,6.5,5.6,7.75,,,,,,,,ttth,7380107,12,5,3
D01,6.2,,7.4,8.0,,,,,,,ttth,7380107,12,5,4
A01,,,7.4,7.5,,,,8.0,,,ttth,7380107,12,5,5
D15,8.5,4.6,6.0,,,,,,,,ttth,7380107,12,5,6
D15,7.75,5.8,6.5,,,,,,,,ttth,7380107,12,5,7
A00,,,,7.4,,,,7.0,7.5,,ttth,7380107,12,5,8
D15,7.75,5.4,7.25,,,,,,,,ttth,7380107,12,5,9
D01,7.8,,7.8,6.75,,,,,,,ttth,7380107,12,5,10
D01,6.2,,7.6,8.75,,,,,,,ttth,7380107,12,5,11
A00,,,,8.5,,,,7.75,7.6,,ttth,7380107,12,5,12
D01,4.2,,7.2,7.75,,,,,,,ttth,7380107,12,5,13
A00,,,,5.5,,,,6.5,7.4,,ttth,7380107,12,5,14
A00,,,,7.75,,,,7.0,7.2,,ttth,7380107,12,5,15
D01,6.6,,6.6,6.5,,,,,,,ttth,7380107,12,5,16
A00,,,,7.0,,,,7.75,6.25,,ttth,7380107,12,5,17
A00,,,,7.8,,,,7.25,8.75,,ttth,7380107,12,5,18
D01,5.4,,7.4,8.25,,,,,,,ttth,7380107,12,5,19
D01,7.0,,7.4,7.4,,,,,,,ttth,7380107,12,5,20
A00,,,,7.25,,,,7.25,7.6,,ttth,7380107,12,5,21
D01,8.5,,6.6,7.4,,,,,,,ttth,7380107,12,5,22
D01,8.0,,5.8,7.2,,,,,,,ttth,7380107,12,5,23
D01,9.0,,6.4,6.2,,,,,,,ttth,7380107,12,5,24
A00,,,,7.8,,,,7.5,7.25,,ttth,7380107,12,5,25
A00,,,,6.8,,,,7.0,7.75,,ttth,7380107,12,5,26
A00,,,,8.8,,,,6.75,8.25,,ttth,7380107,12,5,27
D01,6.6,,7.0,6.5,,,,,,,ttth,7380107,12,5,28
D01,7.2,,6.8,6.75,,,,,,,ttth,7380107,12,5,29
D01,3.8,,8.2,7.75,,,,,,,ttth,7380107,12,5,30
D15,7.25,7.0,8.25,,,,,,,,ttth,7380107,12,5,31
A01,,,7.6,8.2,,,,6.5,,,ttth,7380107,12,5,32
A00,,,,7.8,,,,7.0,6.75,,ttth,7380107,12,5,33
A00,,,,7.4,,,,6.5,8.0,,ttth,7380107,12,5,34
A00,,,,8.2,,,,7.0,7.75,,ttth,7380107,12,5,35
A00,,,,6.5,,,,6.25,7.0,,ttth,7380107,12,5,36
A00,,,,7.5,,,,8.25,7.4,,ttth,7380107,12,5,37
A00,,,,6.25,,,,6.75,7.0,,ttth,7380107,12,5,38
D15,6.5,6.6,7.0,,,,,,,,ttth,7380107,12,5,39
A00,,,,7.6,,,,6.5,7.75,,ttth,7380107,12,5,40
A00,,,,7.0,,,,8.0,6.4,,ttth,7380107,12,5,41
D01,6.75,,9.2,6.2,,,,,,,ttth,7380107,12,5,42
D15,7.25,7.2,7.5,,,,,,,,ttth,7380107,12,5,43
A00,,,,8.0,,,,8.0,7.0,,ttth,7380107,12,5,44
D01,5.4,,6.4,7.25,,,,,,,ttth,7380107,12,5,45
D01,7.0,,8.2,7.4,,,,,,,ttth,7380107,12,5,46
A01,,,7.2,7.0,,,,7.4,,,ttth,7380107,12,5,47
D01,6.4,,8.0,8.25,,,,,,,ttth,7380107,12,5,48
D01,7.75,,7.8,7.2,,,,,,,ttth,7380107,12,5,49
A01,,,7.6,7.8,,,,6.0,,,ttth,7380107,12,5,50
D01,6.0,,6.0,8.0,,,,,,,ttth,7380107,12,5,51
A00,,,,7.4,,,,6.25,8.0,,ttth,7380107,12,5,52
A00,,,,7.0,,,,7.0,8.0,,ttth,7380107,12,5,53
A00,,,,7.4,,,,5.75,8.25,,ttth,7380107,12,5,54
D01,6.75,,9.2,7.2,,,,,,,ttth,7380107,12,5,55
A00,,,,7.6,,,,7.0,7.25,,ttth,7380107,12,5,56
D15,6.75,6.8,6.25,,,,,,,,ttth,7380107,12,5,57
A01,,,7.8,7.6,,,,6.75,,,ttth,7380107,12,5,58
D01,7.6,,7.8,7.0,,,,,,,ttth,7380107,12,5,59
A01,,,7.4,7.5,,,,8.0,,,ttth,7380107,12,5,60
A00,,,,8.25,,,,7.25,7.6,,ttth,7380107,12,5,61
D15,7.5,4.6,7.25,,,,,,,,ttth,7380107,12,5,62
A00,,,,8.6,,,,7.25,8.0,,ttth,7380107,12,5,63
A01,,,8.4,6.5,,,,6.4,,,ttth,7380107,12,5,64
D15,6.75,6.4,7.25,,,,,,,,ttth,7380107,12,5,65
D01,7.0,,7.8,7.2,,,,,,,ttth,7380107,12,5,66
A01,,,4.2,6.8,,,,6.0,,,ttth,7420201,13,4,0
D07,,,7.8,7.0,,,,,6.75,,ttth,7420201,13,4,1
A00,,,,7.2,,,,6.5,5.5,,ttth,7420201,13,4,2
A00,,,,7.75,,,,7.0,6.8,,ttth,7420201,13,4,3
B00,,,,7.4,,,,,7.0,5.5,ttth,7420201,13,4,4
B00,,,,6.75,,,,,7.25,7.2,ttth,7420201,13,4,5
B00,,,,8.4,,,,,8.25,7.25,ttth,7420201,13,4,6
B00,,,,7.5,,,,,8.0,5.4,ttth,7420201,13,4,7
B00,,,,7.4,,,,,7.75,6.75,ttth,7420201,13,4,8
A00,,,,6.8,,,,7.0,5.25,,ttth,7420201,13,4,9
A00,,,,7.2,,,,6.5,5.75,,ttth,7420201,13,4,10
A00,,,,7.5,,,,7.25,7.8,,ttth,7420201,13,4,11
B00,,,,8.0,,,,,7.75,7.2,ttth,7420201,13,4,12
A00,,,,7.0,,,,5.5,5.0,,ttth,7420201,13,4,13
B00,,,,4.8,,,,,6.25,5.5,ttth,7420201,13,4,14
B00,,,,7.0,,,,,5.25,6.25,ttth,7420201,13,4,15
B00,,,,7.4,,,,,6.75,5.5,ttth,7420201,13,4,16
B00,,,,7.6,,,,,7.5,5.0,ttth,7420201,13,4,17
A00,,,,6.8,,,,6.0,6.75,,ttth,7420201,13,4,18
B00,,,,6.5,,,,,7.75,7.0,ttth,7420201,13,4,19
B00,,,,7.0,,,,,8.0,7.2,ttth,7420201,13,4,20
A00,,,,7.2,,,,6.5,6.5,,ttth,7420201,13,4,21
B00,,,,6.6,,,,,7.0,7.75,ttth,7420201,13,4,22
B00,,,,6.75,,,,,8.0,6.2,ttth,7420201,13,4,23
B00,,,,6.8,,,,,6.25,4.75,ttth,7420201,13,4,24
B00,,,,7.0,,,,,7.25,7.2,ttth,7420201,13,4,25
B00,,,,3.75,,,,,6.25,6.4,ttth,7420201,13,4,26
D07,,,7.8,7.75,,,,,7.4,,ttth,7420201,13,4,27
A01,,,6.6,8.25,,,,8.0,,,ttth,7420201,13,4,28
B00,,,,8.0,,,,,8.0,7.25,ttth,7420201,13,4,29
D07,,,8.2,6.75,,,,,7.4,,ttth,7420201,13,4,30
B00,,,,6.5,,,,,6.25,7.2,ttth,7420201,13,4,31
B00,,,,7.5,,,,,6.25,6.4,ttth,7420201,13,4,32
B00,,,,6.25,,,,,7.5,6.6,ttth,7420201,13,4,33
A01,,,8.2,8.2,,,,6.75,,,ttth,7420201,13,4,34
B00,,,,8.0,,,,,7.5,7.4,ttth,7420201,13,4,35
B00,,,,7.0,,,,,7.5,7.8,ttth,7420201,13,4,36
D07,,,6.6,6.75,,,,,7.0,,ttth,7420201,13,4,37
B00,,,,8.25,,,,,8.0,7.8,ttth,7420201,13,4,38
A01,,,4.8,5.8,,,,5.5,,,ttth,7420201,13,4,39
B00,,,,7.25,,,,,6.75,7.2,ttth,7420201,13,4,40
D07,,,6.8,7.6,,,,,8.25,,ttth,7420201,13,4,41
D07,,,8.0,7.8,,,,,7.0,,ttth,7420201,13,4,42
B00,,,,7.4,,,,,7.5,6.75,ttth,7420201,13,4,43
B00,,,,7.4,,,,,7.25,5.75,ttth,7420201,13,4,44
B00,,,,6.6,,,,,5.5,5.75,ttth,7420201,13,4,45
B00,,,,7.2,,,,,7.25,6.25,ttth,7420201,13,4,46
B00,,,,7.4,,,,,8.0,7.5,ttth,7420201,13,4,47
A00,,,,6.75,,,,6.75,7.0,,ttth,7420201,13,4,48
D07,,,5.8,6.5,,,,,7.6,,ttth,7420201,13,4,49
B00,,,,6.25,,,,,6.5,5.0,ttth,7420201,13,4,50
B00,,,,8.2,,,,,7.25,6.25,ttth,7420201,13,4,51
A00,,,,7.2,,,,5.75,5.5,,ttth,7420201,13,4,52
B00,,,,6.25,,,,,7.25,6.0,ttth,7420201,13,4,53
B00,,,,6.5,,,,,6.0,7.0,ttth,7420201,13,4,54
A00,,,,6.25,,,,7.5,7.2,,ttth,7420201,13,4,55
B00,,,,7.4,,,,,7.25,5.5,ttth,7420201,13,4,56
B00,,,,8.0,,,,,6.75,6.4,ttth,7420201,13,4,57
A00,,,,6.6,,,,5.25,6.5,,ttth,7420201,13,4,58
B00,,,,5.75,,,,,7.0,5.8,ttth,7420201,13,4,59
D07,,,7.6,8.5,,,,,6.8,,ttth,7420201,13,4,60
B00,,,,6.8,,,,,7.75,7.0,ttth,7420201,13,4,61
B00,,,,4.75,,,,,6.25,6.2,ttth,7420201,13,4,62
D07,,,6.6,6.8,,,,,6.0,,ttth,7420201,13,4,63
D07,,,7.8,7.6,,,,,7.0,,ttth,7420201,13,4,64
D07,,,8.6,8.4,,,,,7.75,,ttth,7420201,13,4,65
A00,,,,7.8,,,,7.25,6.75,,ttth,7420201,13,4,66
D07,,,6.8,5.75,,,,,7.8,,ttth,7460108,14,0,0
D01,7.4,,5.2,6.25,,,,,,,ttth,7460108,14,0,1
A00,,,,6.0,,,,5.25,6.6,,ttth,7460108,14,0,2
D01,7.6,,6.6,6.25,,,,,,,ttth,7460108,14,0,3
D01,6.4,,6.8,6.75,,,,,,,ttth,7460108,14,0,4
A00,,,,6.0,,,,6.0,6.8,,ttth,7460108,14,0,5
D01,6.6,,7.2,6.5,,,,,,,ttth,7460108,14,0,6
A00,,,,6.25,,,,7.25,5.4,,ttth,7460108,14,0,7
D01,5.6,,6.6,6.5,,,,,,,ttth,7460108,14,0,8
D01,4.0,,5.6,7.5,,,,,,,ttth,7460108,14,0,9
D01,6.8,,6.8,5.75,,,,,,,ttth,7460108,14,0,10
D01,4.8,,8.0,6.75,,,,,,,ttth,7460108,14,0,11
A00,,,,6.0,,,,7.5,6.4,,ttth,7460108,14,0,12
D07,,,7.4,7.75,,,,,7.4,,ttth,7460108,14,0,13
A00,,,,7.0,,,,7.0,5.2,,ttth,7460108,14,0,14
A00,,,,7.75,,,,7.0,6.6,,ttth,7460108,14,0,15
A00,,,,6.25,,,,6.5,6.8,,ttth,7460108,14,0,16
D01,4.8,,5.8,8.0,,,,,,,ttth,7460108,14,0,17
A00,,,,6.0,,,,6.75,7.8,,ttth,7460108,14,0,18
D01,4.2,,5.0,7.75,,,,,,,ttth,7460108,14,0,19
A00,,,,7.5,,,,5.75,7.4,,ttth,7460108,14,0,20
D01,5.6,,6.2,6.5,,,,,,,ttth,7460108,14,0,21
D01,7.6,,6.4,5.5,,,,,,,ttth,7460108,14,0,22
D01,6.2,,7.0,7.75,,,,,,,ttth,7460108,14,0,23
D01,7.8,,7.4,7.5,,,,,,,ttth,7460108,14,0,24
A00,,,,5.75,,,,4.5,7.4,,ttth,7460108,14,0,25
A00,,,,6.75,,,,6.75,6.2,,ttth,7460108,14,0,26
D01,5.4,,6.0,6.0,,,,,,,ttth,7460108,14,0,27
D01,8.4,,5.8,5.5,,,,,,,ttth,7460108,14,0,28
A01,,,5.6,5.25,,,,6.2,,,ttth,7460108,14,0,29
D01,5.4,,7.2,6.5,,,,,,,ttth,7460108,14,0,30
D07,,,6.4,6.5,,,,,5.6,,ttth,7460108,14,0,31
D01,5.2,,7.6,6.25,,,,,,,ttth,7460108,14,0,32
D01,5.2,,6.4,5.75,,,,,,,ttth,7460108,14,0,33
D01,8.2,,6.8,7.75,,,,,,,ttth,7460108,14,0,34
D01,5.8,,6.2,5.25,,,,,,,ttth,7460108,14,0,35
D01,5.0,,7.2,7.75,,,,,,,ttth,7460108,14,0,36
D01,8.8,,6.8,7.5,,,,,,,ttth,7460108,14,0,37
D01,6.2,,7.4,6.25,,,,,,,ttth,7460108,14,0,38
D01,6.0,,6.8,7.0,,,,,,,ttth,7460108,14,0,39
D01,4.8,,7.2,8.0,,,,,,,ttth,7460108,14,0,40
D07,,,6.8,6.5,,,,,5.8,,ttth,7460108,14,0,41
D07,,,7.6,7.25,,,,,5.6,,ttth,7460108,14,0,42
D01,5.6,,6.0,8.25,,,,,,,ttth,7460108,14,0,43
D07,,,7.6,8.0,,,,,6.0,,ttth,7460108,14,0,44
D01,5.2,,7.4,7.0,,,,,,,ttth,7460108,14,0,45
A00,,,,6.5,,,,7.0,7.4,,ttth,7460108,14,0,46
D07,,,7.4,7.75,,,,,8.2,,ttth,7460108,14,0,47
A00,,,,7.75,,,,7.75,7.4,,ttth,7460108,14,0,48
D01,4.0,,5.6,7.0,,,,,,,ttth,7460108,14,0,49
D01,4.8,,6.2,6.5,,,,,,,ttth,7460108,14,0,50
D01,5.8,,5.4,6.0,,,,,,,ttth,7460108,14,0,51
D07,,,7.2,6.75,,,,,6.4,,ttth,7460108,14,0,52
D07,,,7.0,7.25,,,,,6.2,,ttth,7460108,14,0,53
D01,9.0,,7.2,8.5,,,,,,,ttth,7460108,14,0,54
D01,5.4,,5.6,8.0,,,,,,,ttth,7460108,14,0,55
D01,8.4,,6.4,7.0,,,,,,,ttth,7460108,14,0,56
A00,,,,6.5,,,,7.0,6.4,,ttth,7460108,14,0,57
D01,7.6,,3.6,7.25,,,,,,,ttth,7460108,14,0,58
D01,5.6,,7.0,6.25,,,,,,,ttth,7460108,14,0,59
D01,6.4,,8.0,6.5,,,,,,,ttth,7460108,14,0,60
A00,,,,6.5,,,,7.5,7.4,,ttth,7460108,14,0,61
D01,7.4,,5.6,7.75,,,,,,,ttth,7460108,14,0,62
D01,3.4,,6.8,6.75,,,,,,,ttth,7460108,14,0,63
A01,,,7.4,6.5,,,,6.8,,,ttth,7460108,14,0,64
D01,5.8,,6.2,6.0,,,,,,,ttth,7460108,14,0,65
D01,6.2,,6.6,8.0,,,,,,,ttth,7460108,14,0,66
X26,,,7.25,9.5,,9.25,,,,,bootstrap_khaosat,7480107,15,0,0
X26,,,6.75,6.5,,5.5,,,,,bootstrap_khaosat,7480107,15,0,1
A01,,,7.2,8.3,,,,6.5,,,bootstrap_khaosat,7480107,15,0,2
X26,,,6.0,5.5,,9.0,,,,,bootstrap_khaosat,7480107,15,0,3
X26,,,7.25,9.5,,9.25,,,,,bootstrap_khaosat,7480107,15,0,4
X26,,,6.75,6.5,,5.5,,,,,bootstrap_khaosat,7480107,15,0,5
A01,,,6.75,5.5,,,,9.5,,,bootstrap_khaosat,7480107,15,0,6
C01,9.0,,,9.0,,,,8.0,,,bootstrap_khaosat,7480107,15,0,7
D07,,,8.25,6.0,,,,,6.75,,bootstrap_khaosat,7480107,15,0,8
X26,,,7.25,9.5,,9.25,,,,,bootstrap_khaosat,7480107,15,0,9
A01,,,6.75,5.5,,,,9.5,,,bootstrap_khaosat,7480107,15,0,10
A01,,,6.75,5.5,,,,9.5,,,bootstrap_khaosat,7480107,15,0,11
D01,8.25,,9.5,5.25,,,,,,,bootstrap_khaosat,7480107,15,0,12
D01,6.0,,5.75,5.75,,,,,,,bootstrap_khaosat,7480107,15,0,13
D01,7.25,,5.5,8.25,,,,,,,bootstrap_khaosat,7480107,15,0,14
C01,9.0,,,9.0,,,,8.0,,,bootstrap_khaosat,7480107,15,0,15
X26,,,6.75,6.5,,5.5,,,,,bootstrap_khaosat,7480107,15,0,16
A01,,,6.75,5.5,,,,9.5,,,bootstrap_khaosat,7480107,15,0,17
D01,6.0,,5.75,5.75,,,,,,,bootstrap_khaosat,7480107,15,0,18
D01,7.25,,5.5,8.25,,,,,,,bootstrap_khaosat,7480107,15,0,19
C01,9.0,,,9.0,,,,8.0,,,bootstrap_khaosat,7480107,15,0,20
D01,6.0,,5.75,5.75,,,,,,,bootstrap_khaosat,7480107,15,0,21
D07,,,8.25,6.0,,,,,6.75,,bootstrap_khaosat,7480107,15,0,22
D01,7.25,,5.5,8.25,,,,,,,bootstrap_khaosat,7480107,15,0,23
A01,,,7.2,8.3,,,,6.5,,,bootstrap_khaosat,7480107,15,0,24
X26,,,7.25,9.5,,9.25,,,,,bootstrap_khaosat,7480107,15,0,25
A00,,,,7.5,,,,5.75,7.75,,bootstrap_khaosat,7480107,15,0,26
A01,,,7.2,8.3,,,,6.5,,,bootstrap_khaosat,7480107,15,0,27
A01,,,7.2,8.3,,,,6.5,,,bootstrap_khaosat,7480107,15,0,28
A00,,,,6.75,,,,7.0,5.5,,bootstrap_khaosat,7480107,15,0,29
A01,,,6.75,5.5,,,,9.5,,,bootstrap_khaosat,7480107,15,0,30
X26,,,6.0,5.5,,9.0,,,,,bootstrap_khaosat,7480107,15,0,31
X26,,,7.25,9.5,,9.25,,,,,bootstrap_khaosat,7480107,15,0,32
X26,,,6.75,6.5,,5.5,,,,,bootstrap_khaosat,7480107,15,0,33
X26,,,6.0,5.5,,9.0,,,,,bootstrap_khaosat,7480107,15,0,34
X26,,,6.0,5.5,,9.0,,,,,bootstrap_khaosat,7480107,15,0,35
A00,,,,7.0,,,,7.0,7.75,,bootstrap_khaosat,7480107,15,0,36
C01,9.0,,,9.0,,,,8.0,,,bootstrap_khaosat,7480107,15,0,37
A01,,,7.2,8.3,,,,6.5,,,bootstrap_khaosat,7480107,15,0,38
X26,,,6.0,5.5,,9.0,,,,,bootstrap_khaosat,7480107,15,0,39
X26,,,6.75,6.5,,5.5,,,,,bootstrap_khaosat,7480107,15,0,40
X26,,,6.0,5.5,,9.0,,,,,bootstrap_khaosat,7480107,15,0,41
D01,6.0,,5.75,5.75,,,,,,,bootstrap_khaosat,7480107,15,0,42
A00,,,,6.75,,,,7.0,5.5,,bootstrap_khaosat,7480107,15,0,43
C01,9.0,,,9.0,,,,8.0,,,bootstrap_khaosat,7480107,15,0,44
D07,,,8.25,6.0,,,,,6.75,,bootstrap_khaosat,7480107,15,0,45
D01,7.25,,5.5,8.25,,,,,,,bootstrap_khaosat,7480107,15,0,46
X26,,,7.25,9.5,,9.25,,,,,bootstrap_khaosat,7480107,15,0,47
C01,9.0,,,9.0,,,,8.0,,,bootstrap_khaosat,7480107,15,0,48
D01,7.25,,5.5,8.25,,,,,,,bootstrap_khaosat,7480107,15,0,49
X26,,,6.0,5.5,,9.0,,,,,bootstrap_khaosat,7480107,15,0,50
A00,,,,6.75,,,,7.0,5.5,,bootstrap_khaosat,7480107,15,0,51
A00,,,,6.75,,,,7.0,5.5,,bootstrap_khaosat,7480107,15,0,52
D01,7.25,,5.5,8.25,,,,,,,bootstrap_khaosat,7480107,15,0,53
A00,,,,7.0,,,,7.0,7.75,,bootstrap_khaosat,7480107,15,0,54
A00,,,,6.75,,,,7.0,5.5,,bootstrap_khaosat,7480107,15,0,55
X26,,,6.0,5.5,,9.0,,,,,bootstrap_khaosat,7480107,15,0,56
X26,,,6.0,5.5,,9.0,,,,,bootstrap_khaosat,7480107,15,0,57
A01,,,6.75,5.5,,,,9.5,,,bootstrap_khaosat,7480107,15,0,58
A01,,,6.75,5.5,,,,9.5,,,bootstrap_khaosat,7480107,15,0,59
X26,,,7.25,9.5,,9.25,,,,,bootstrap_khaosat,7480107,15,0,60
A01,,,7.2,8.3,,,,6.5,,,bootstrap_khaosat,7480107,15,0,61
A00,,,,7.5,,,,5.75,7.75,,bootstrap_khaosat,7480107,15,0,62
D01,8.25,,9.5,5.25,,,,,,,bootstrap_khaosat,7480107,15,0,63
A00,,,,6.75,,,,7.0,5.5,,bootstrap_khaosat,7480107,15,0,64
A00,,,,7.0,,,,7.0,7.75,,bootstrap_khaosat,7480107,15,0,65
D01,7.25,,5.5,8.25,,,,,,,bootstrap_khaosat,7480107,15,0,66
D07,,,8.4,7.75,,,,,7.6,,ttth,7480201,16,0,0
A01,,,7.6,7.6,,,,8.0,,,ttth,7480201,16,0,1
D01,8.4,,7.8,6.25,,,,,,,ttth,7480201,16,0,2
D01,6.0,,7.2,8.5,,,,,,,ttth,7480201,16,0,3
A00,,,,7.8,,,,7.25,8.0,,ttth,7480201,16,0,4
A01,,,8.4,8.0,,,,7.2,,,ttth,7480201,16,0,5
A01,,,8.6,7.5,,,,7.2,,,ttth,7480201,16,0,6
A00,,,,8.25,,,,7.5,8.4,,ttth,7480201,16,0,7
D07,,,7.0,7.25,,,,,6.6,,ttth,7480201,16,0,8
A01,,,7.4,6.25,,,,9.2,,,ttth,7480201,16,0,9
A00,,,,6.75,,,,7.0,8.4,,ttth,7480201,16,0,10
A00,,,,6.5,,,,8.75,7.2,,ttth,7480201,16,0,11
A00,,,,7.25,,,,7.75,8.0,,ttth,7480201,16,0,12
D01,7.5,,7.6,8.2,,,,,,,ttth,7480201,16,0,13
A01,,,7.4,7.8,,,,7.75,,,ttth,7480201,16,0,14
D01,5.2,,7.8,7.75,,,,,,,ttth,7480201,16,0,15
A00,,,,8.2,,,,7.25,8.25,,ttth,7480201,16,0,16
A01,,,8.2,7.8,,,,7.25,,,ttth,7480201,16,0,17
A00,,,,7.25,,,,7.5,8.4,,ttth,7480201,16,0,18
A00,,,,7.6,,,,7.25,8.5,,ttth,7480201,16,0,19
A00,,,,7.25,,,,7.25,8.0,,ttth,7480201,16,0,20
D01,8.4,,7.4,7.5,,,,,,,ttth,7480201,16,0,21
D01,8.0,,7.0,8.2,,,,,,,ttth,7480201,16,0,22
D07,,,7.8,7.75,,,,,6.8,,ttth,7480201,16,0,23
D01,9.4,,8.0,6.75,,,,,,,ttth,7480201,16,0,24
D01,7.75,,8.4,6.4,,,,,,,ttth,7480201,16,0,25
D01,7.5,,8.4,7.2,,,,,,,ttth,7480201,16,0,26
A00,,,,7.5,,,,6.75,7.4,,ttth,7480201,16,0,27
D01,6.8,,7.2,7.75,,,,,,,ttth,7480201,16,0,28
A00,,,,8.25,,,,7.5,7.4,,ttth,7480201,16,0,29
D07,,,8.2,8.0,,,,,8.0,,ttth,7480201,16,0,30
A00,,,,7.5,,,,8.25,7.8,,ttth,7480201,16,0,31
A01,,,8.4,7.8,,,,7.5,,,ttth,7480201,16,0,32
A00,,,,8.6,,,,7.75,8.25,,ttth,7480201,16,0,33
D07,,,8.2,8.75,,,,,7.2,,ttth,7480201,16,0,34
A01,,,7.6,8.25,,,,8.4,,,ttth,7480201,16,0,35
A01,,,7.2,6.5,,,,8.0,,,ttth,7480201,16,0,36
A00,,,,7.8,,,,6.75,7.25,,ttth,7480201,16,0,37
A00,,,,7.25,,,,6.5,7.8,,ttth,7480201,16,0,38
D07,,,7.8,8.0,,,,,7.2,,ttth,7480201,16,0,39
D01,7.75,,6.2,8.0,,,,,,,ttth,7480201,16,0,40
D07,,,7.2,7.0,,,,,7.0,,ttth,7480201,16,0,41
A00,,,,7.25,,,,8.25,8.0,,ttth,7480201,16,0,42
A00,,,,7.25,,,,8.75,8.2,,ttth,7480201,16,0,43
A00,,,,8.25,,,,8.25,7.6,,ttth,7480201,16,0,44
D01,7.4,,7.8,8.0,,,,,,,ttth,7480201,16,0,45
A00,,,,7.25,,,,5.75,8.0,,ttth,7480201,16,0,46
D07,,,9.2,7.0,,,,,7.5,,ttth,7480201,16,0,47
A01,,,8.2,6.5,,,,5.8,,,ttth,7480201,16,0,48
D01,7.25,,7.6,7.8,,,,,,,ttth,7480201,16,0,49
A01,,,7.8,7.6,,,,6.75,,,ttth,7480201,16,0,50
A00,,,,7.5,,,,8.0,7.6,,ttth,7480201,16,0,51
D01,6.2,,7.8,7.75,,,,,,,ttth,7480201,16,0,52
A01,,,9.2,6.25,,,,7.6,,,ttth,7480201,16,0,53
A00,,,,7.0,,,,7.25,7.4,,ttth,7480201,16,0,54
A00,,,,7.75,,,,8.25,7.6,,ttth,7480201,16,0,55
A01,,,7.4,6.5,,,,8.0,,,ttth,7480201,16,0,56
A00,,,,7.4,,,,7.5,7.5,,ttth,7480201,16,0,57
D01,8.4,,9.0,7.25,,,,,,,ttth,7480201,16,0,58
D07,,,9.2,7.0,,,,,7.75,,ttth,7480201,16,0,59
A00,,,,7.6,,,,7.5,8.25,,ttth,7480201,16,0,60
A00,,,,7.6,,,,7.0,7.75,,ttth,7480201,16,0,61
A00,,,,7.5,,,,7.5,8.0,,ttth,7480201,16,0,62
D01,7.4,,6.8,7.0,,,,,,,ttth,7480201,16,0,63
D01,7.25,,7.4,7.4,,,,,,,ttth,7480201,16,0,64
A00,,,,8.6,,,,7.25,8.0,,ttth,7480201,16,0,65
D07,,,8.2,8.25,,,,,9.4,,ttth,7480201,16,0,66
D01,3.8,,7.8,5.5,,,,,,,ttth,7480202,17,0,0
A00,,,,6.0,,,,5.25,6.0,,ttth,7480202,17,0,1
D07,,,8.6,6.75,,,,,8.4,,ttth,7480202,17,0,2
D07,,,7.4,8.0,,,,,7.8,,ttth,7480202,17,0,3
A01,,,7.4,7.2,,,,5.5,,,ttth,7480202,17,0,4
D01,7.5,,4.6,6.2,,,,,,,ttth,7480202,17,0,5
A01,,,8.0,7.75,,,,7.0,,,ttth,7480202,17,0,6
D01,7.0,,7.2,6.0,,,,,,,ttth,7480202,17,0,7
D01,7.0,,4.0,7.0,,,,,,,ttth,7480202,17,0,8
D07,,,8.2,7.2,,,,,7.0,,ttth,7480202,17,0,9
D01,7.75,,4.6,5.4,,,,,,,ttth,7480202,17,0,10
D01,6.5,,8.2,6.4,,,,,,,ttth,7480202,17,0,11
D07,,,8.0,8.5,,,,,8.6,,ttth,7480202,17,0,12
D01,5.5,,7.0,7.6,,,,,,,ttth,7480202,17,0,13
D07,,,7.2,8.25,,,,,7.4,,ttth,7480202,17,0,14
D01,6.0,,6.2,5.8,,,,,,,ttth,7480202,17,0,15
D07,,,7.6,7.5,,,,,7.0,,ttth,7480202,17,0,16
A00,,,,7.5,,,,8.0,7.8,,ttth,7480202,17,0,17
D01,7.75,,5.4,7.6,,,,,,,ttth,7480202,17,0,18
D01,5.0,,7.4,7.75,,,,,,,ttth,7480202,17,0,19
D01,6.5,,4.4,7.2,,,,,,,ttth,7480202,17,0,20
D07,,,6.2,7.0,,,,,4.8,,ttth,7480202,17,0,21
A01,,,6.2,7.6,,,,6.0,,,ttth,7480202,17,0,22
A00,,,,7.4,,,,5.75,7.5,,ttth,7480202,17,0,23
D01,7.0,,3.6,6.4,,,,,,,ttth,7480202,17,0,24
A00,,,,7.25,,,,6.75,6.8,,ttth,7480202,17,0,25
D07,,,7.2,8.25,,,,,7.4,,ttth,7480202,17,0,26
A00,,,,6.8,,,,7.5,6.5,,ttth,7480202,17,0,27
D01,6.0,,6.4,5.6,,,,,,,ttth,7480202,17,0,28
D07,,,7.0,6.75,,,,,6.4,,ttth,7480202,17,0,29
D01,7.6,,7.0,6.75,,,,,,,ttth,7480202,17,0,30
D07,,,8.0,6.5,,,,,7.0,,ttth,7480202,17,0,31
A00,,,,8.0,,,,6.75,6.5,,ttth,7480202,17,0,32
A00,,,,6.25,,,,6.25,7.2,,ttth,7480202,17,0,33
D01,8.5,,4.8,7.8,,,,,,,ttth,7480202,17,0,34
D01,7.0,,6.2,6.8,,,,,,,ttth,7480202,17,0,35
A00,,,,7.0,,,,7.0,7.8,,ttth,7480202,17,0,36
A01,,,6.6,6.6,,,,6.0,,,ttth,7480202,17,0,37
D01,6.0,,3.8,8.2,,,,,,,ttth,7480202,17,0,38
D07,,,6.6,7.75,,,,,7.2,,ttth,7480202,17,0,39
D01,5.75,,6.8,6.0,,,,,,,ttth,7480202,17,0,40
D01,7.0,,9.0,6.0,,,,,,,ttth,7480202,17,0,41
D01,8.0,,7.4,6.4,,,,,,,ttth,7480202,17,0,42
A00,,,,8.0,,,,6.5,7.0,,ttth,7480202,17,0,43
D01,5.75,,5.2,5.0,,,,,,,ttth,7480202,17,0,44
A00,,,,6.8,,,,6.25,6.25,,ttth,7480202,17,0,45
D01,6.6,,5.4,6.0,,,,,,,ttth,7480202,17,0,46
D07,,,7.0,7.0,,,,,7.5,,ttth,7480202,17,0,47
A00,,,,7.25,,,,7.0,8.0,,ttth,7480202,17,0,48
D01,5.4,,5.6,8.0,,,,,,,ttth,7480202,17,0,49
A01,,,8.2,8.2,,,,7.5,,,ttth,7480202,17,0,50
D01,6.5,,4.2,6.2,,,,,,,ttth,7480202,17,0,51
D01,7.0,,8.2,6.6,,,,,,,ttth,7480202,17,0,52
D07,,,9.2,7.4,,,,,8.25,,ttth,7480202,17,0,53
A00,,,,8.0,,,,7.75,6.25,,ttth,7480202,17,0,54
A01,,,7.4,5.75,,,,5.8,,,ttth,7480202,17,0,55
D01,5.8,,7.4,6.25,,,,,,,ttth,7480202,17,0,56
A00,,,,7.25,,,,7.5,7.8,,ttth,7480202,17,0,57
A00,,,,6.75,,,,7.75,8.8,,ttth,7480202,17,0,58
A00,,,,6.75,,,,8.0,7.8,,ttth,7480202,17,0,59
A00,,,,8.0,,,,6.0,6.75,,ttth,7480202,17,0,60
D01,6.25,,3.6,5.8,,,,,,,ttth,7480202,17,0,61
D01,7.2,,7.4,8.5,,,,,,,ttth,7480202,17,0,62
A00,,,,4.75,,,,7.5,5.6,,ttth,7480202,17,0,63
D01,5.5,,3.2,7.0,,,,,,,ttth,7480202,17,0,64
D01,6.5,,7.2,6.8,,,,,,,ttth,7480202,17,0,65
A00,,,,5.75,,,,7.25,7.0,,ttth,7480202,17,0,66
D01,5.4,,7.0,5.5,,,,,,,ttth,7510202,18,3,0
D01,6.6,,7.6,7.5,,,,,,,ttth,7510202,18,3,1
D01,7.2,,5.0,6.0,,,,,,,ttth,7510202,18,3,2
D01,6.08,,7.4,6.2,,,,,,,ttth,7510202,18,3,3
A01,,,6.6,6.25,,,,7.6,,,ttth,7510202,18,3,4
D01,7.0,,5.6,7.0,,,,,,,ttth,7510202,18,3,5
A01,,,7.6,6.5,,,,7.4,,,ttth,7510202,18,3,6
A00,,,,5.5,,,,7.0,5.8,,ttth,7510202,18,3,7
D01,5.2,,6.4,6.75,,,,,,,ttth,7510202,18,3,8
D01,8.0,,4.8,7.0,,,,,,,ttth,7510202,18,3,9
D01,5.6,,7.0,7.0,,,,,,,ttth,7510202,18,3,10
A00,,,,5.8,,,,5.0,6.0,,ttth,7510202,18,3,11
D01,5.5,,6.4,7.8,,,,,,,ttth,7510202,18,3,12
D01,4.0,,6.4,6.75,,,,,,,ttth,7510202,18,3,13
A00,,,,7.6,,,,6.25,8.0,,ttth,7510202,18,3,14
D01,6.25,,5.6,6.6,,,,,,,ttth,7510202,18,3,15
A00,,,,7.4,,,,6.25,7.25,,ttth,7510202,18,3,16
D01,5.6,,6.8,6.0,,,,,,,ttth,7510202,18,3,17
A01,,,6.2,6.0,,,,6.4,,,ttth,7510202,18,3,18
A01,,,4.6,6.4,,,,5.75,,,ttth,7510202,18,3,19
A00,,,,4.75,,,,5.75,7.2,,ttth,7510202,18,3,20
D01,4.8,,6.2,6.25,,,,,,,ttth,7510202,18,3,21
D01,6.25,,4.6,6.0,,,,,,,ttth,7510202,18,3,22
D01,9.0,,5.4,6.5,,,,,,,ttth,7510202,18,3,23
A00,,,,7.4,,,,6.75,5.25,,ttth,7510202,18,3,24
D01,6.0,,6.0,6.6,,,,,,,ttth,7510202,18,3,25
D01,5.4,,6.4,6.5,,,,,,,ttth,7510202,18,3,26
D01,6.5,,8.0,6.8,,,,,,,ttth,7510202,18,3,27
A00,,,,6.4,,,,5.0,5.25,,ttth,7510202,18,3,28
D01,6.0,,3.4,6.8,,,,,,,ttth,7510202,18,3,29
D01,6.2,,6.6,6.75,,,,,,,ttth,7510202,18,3,30
A01,,,8.4,7.2,,,,5.75,,,ttth,7510202,18,3,31
D01,5.6,,7.2,5.25,,,,,,,ttth,7510202,18,3,32
A00,,,,6.0,,,,4.75,5.75,,ttth,7510202,18,3,33
D01,4.6,,7.6,8.25,,,,,,,ttth,7510202,18,3,34
D01,4.6,,7.8,6.0,,,,,,,ttth,7510202,18,3,35
A00,,,,6.5,,,,6.25,6.0,,ttth,7510202,18,3,36
D01,8.0,,7.6,5.5,,,,,,,ttth,7510202,18,3,37
D01,5.25,,4.2,7.4,,,,,,,ttth,7510202,18,3,38
D01,4.0,,5.8,6.25,,,,,,,ttth,7510202,18,3,39
D01,6.2,,8.2,6.75,,,,,,,ttth,7510202,18,3,40
A00,,,,7.2,,,,6.25,6.25,,ttth,7510202,18,3,41
A01,,,6.8,6.25,,,,5.8,,,ttth,7510202,18,3,42
D01,4.8,,6.8,6.75,,,,,,,ttth,7510202,18,3,43
A01,,,8.0,6.75,,,,6.8,,,ttth,7510202,18,3,44
D01,7.6,,6.2,5.5,,,,,,,ttth,7510202,18,3,45
D01,6.0,,7.6,6.5,,,,,,,ttth,7510202,18,3,46
A00,,,,5.25,,,,7.5,6.2,,ttth,7510202,18,3,47
A00,,,,6.8,,,,5.25,5.0,,ttth,7510202,18,3,48
A00,,,,7.8,,,,7.0,7.0,,ttth,7510202,18,3,49
D01,4.2,,7.8,6.08,,,,,,,ttth,7510202,18,3,50
D01,5.6,,6.4,6.5,,,,,,,ttth,7510202,18,3,51
D01,4.0,,6.0,6.5,,,,,,,ttth,7510202,18,3,52
D01,7.2,,7.0,8.0,,,,,,,ttth,7510202,18,3,53
A00,,,,8.0,,,,6.0,7.0,,ttth,7510202,18,3,54
A00,,,,7.2,,,,6.5,7.75,,ttth,7510202,18,3,55
D01,7.2,,7.0,7.0,,,,,,,ttth,7510202,18,3,56
D01,6.6,,7.0,7.0,,,,,,,ttth,7510202,18,3,57
A00,,,,8.2,,,,8.25,7.0,,ttth,7510202,18,3,58
A00,,,,7.0,,,,5.25,6.0,,ttth,7510202,18,3,59
D01,5.5,,5.2,5.8,,,,,,,ttth,7510202,18,3,60
A00,,,,7.4,,,,7.0,6.25,,ttth,7510202,18,3,61
A00,,,,5.5,,,,7.0,7.2,,ttth,7510202,18,3,62
D01,6.5,,4.0,7.2,,,,,,,ttth,7510202,18,3,63
D01,4.2,,5.2,7.25,,,,,,,ttth,7510202,18,3,64
D01,6.4,,8.0,6.5,,,,,,,ttth,7510202,18,3,65
D01,6.6,,6.4,6.25,,,,,,,ttth,7510202,18,3,66
D01,6.8,,8.6,6.75,,,,,,,ttth,7510203,19,3,0
D01,7.4,,6.6,4.25,,,,,,,ttth,7510203,19,3,1
A00,,,,7.0,,,,7.75,7.6,,ttth,7510203,19,3,2
A01,,,6.2,7.4,,,,6.75,,,ttth,7510203,19,3,3
A00,,,,7.0,,,,7.25,7.0,,ttth,7510203,19,3,4
D01,8.25,,4.6,5.0,,,,,,,ttth,7510203,19,3,5
A01,,,7.0,7.4,,,,5.75,,,ttth,7510203,19,3,6
A00,,,,5.75,,,,5.25,7.0,,ttth,7510203,19,3,7
D01,5.6,,5.0,5.75,,,,,,,ttth,7510203,19,3,8
D01,4.6,,7.2,8.5,,,,,,,ttth,7510203,19,3,9
A00,,,,8.6,,,,5.5,7.0,,ttth,7510203,19,3,10
A00,,,,7.4,,,,6.25,5.25,,ttth,7510203,19,3,11
D01,8.75,,7.2,5.2,,,,,,,ttth,7510203,19,3,12
D07,,,7.8,6.25,,,,,6.4,,ttth,7510203,19,3,13
A00,,,,6.5,,,,6.75,7.0,,ttth,7510203,19,3,14
D07,,,7.4,8.75,,,,,6.6,,ttth,7510203,19,3,15
D01,3.2,,7.8,5.5,,,,,,,ttth,7510203,19,3,16
D01,6.0,,4.2,5.8,,,,,,,ttth,7510203,19,3,17
D07,,,7.0,7.5,,,,,6.4,,ttth,7510203,19,3,18
D01,7.5,,5.2,5.6,,,,,,,ttth,7510203,19,3,19
D01,6.25,,7.0,6.4,,,,,,,ttth,7510203,19,3,20
D07,,,8.6,7.5,,,,,6.4,,ttth,7510203,19,3,21
D01,6.4,,6.2,6.75,,,,,,,ttth,7510203,19,3,22
D01,5.8,,6.8,7.0,,,,,,,ttth,7510203,19,3,23
D01,6.2,,5.2,6.0,,,,,,,ttth,7510203,19,3,24
D01,6.5,,5.4,7.4,,,,,,,ttth,7510203,19,3,25
D01,5.25,,6.0,6.4,,,,,,,ttth,7510203,19,3,26
A01,,,7.8,6.75,,,,6.4,,,ttth,7510203,19,3,27
A00,,,,6.6,,,,4.0,6.5,,ttth,7510203,19,3,28
D07,,,7.4,7.0,,,,,5.6,,ttth,7510203,19,3,29
D01,6.0,,5.0,8.4,,,,,,,ttth,7510203,19,3,30
D01,7.25,,4.8,7.8,,,,,,,ttth,7510203,19,3,31
A00,,,,6.5,,,,6.0,6.8,,ttth,7510203,19,3,32
A01,,,5.8,6.8,,,,7.0,,,ttth,7510203,19,3,33
D01,6.25,,7.2,7.0,,,,,,,ttth,7510203,19,3,34
D01,6.0,,7.2,5.25,,,,,,,ttth,7510203,19,3,35
A00,,,,6.0,,,,6.75,7.8,,ttth,7510203,19,3,36
A00,,,,6.25,,,,6.75,7.8,,ttth,7510203,19,3,37
A00,,,,6.8,,,,7.75,7.0,,ttth,7510203,19,3,38
D01,4.2,,6.4,6.0,,,,,,,ttth,7510203,19,3,39
A00,,,,7.5,,,,8.5,8.2,,ttth,7510203,19,3,40
A00,,,,6.2,,,,6.5,4.25,,ttth,7510203,19,3,41
A00,,,,7.75,,,,8.5,8.4,,ttth,7510203,19,3,42
D01,5.0,,7.0,7.75,,,,,,,ttth,7510203,19,3,43
A00,,,,6.0,,,,7.75,8.2,,ttth,7510203,19,3,44
A00,,,,7.2,,,,5.0,5.25,,ttth,7510203,19,3,45
A00,,,,8.2,,,,6.5,6.25,,ttth,7510203,19,3,46
A00,,,,6.8,,,,5.25,5.0,,ttth,7510203,19,3,47
A00,,,,7.0,,,,6.5,7.75,,ttth,7510203,19,3,48
A00,,,,8.0,,,,5.75,8.6,,ttth,7510203,19,3,49
D01,6.5,,3.2,6.2,,,,,,,ttth,7510203,19,3,50
D01,6.5,,6.0,6.8,,,,,,,ttth,7510203,19,3,51
D01,7.6,,6.6,6.5,,,,,,,ttth,7510203,19,3,52
A01,,,7.4,6.5,,,,8.2,,,ttth,7510203,19,3,53
A00,,,,6.0,,,,8.75,7.6,,ttth,7510203,19,3,54
D01,6.25,,5.4,6.0,,,,,,,ttth,7510203,19,3,55
D01,6.75,,5.6,7.6,,,,,,,ttth,7510203,19,3,56
D01,3.4,,7.0,7.0,,,,,,,ttth,7510203,19,3,57
A00,,,,7.25,,,,8.0,8.2,,ttth,7510203,19,3,58
D01,5.25,,4.8,5.6,,,,,,,ttth,7510203,19,3,59
D01,6.2,,7.6,7.5,,,,,,,ttth,7510203,19,3,60
D01,5.75,,5.8,6.4,,,,,,,ttth,7510203,19,3,61
D01,6.75,,3.4,7.8,,,,,,,ttth,7510203,19,3,62
A00,,,,6.25,,,,8.5,7.6,,ttth,7510203,19,3,63
A00,,,,7.8,,,,6.25,6.25,,ttth,7510203,19,3,64
D01,6.8,,7.4,6.75,,,,,,,ttth,7510203,19,3,65
A01,,,8.0,6.8,,,,5.0,,,ttth,7510203,19,3,66
D01,5.6,,6.6,9.25,,,,,,,ttth,7510301,20,3,0
A01,,,6.4,6.5,,,,4.6,,,ttth,7510301,20,3,1
A00,,,,4.75,,,,5.75,7.6,,ttth,7510301,20,3,2
A00,,,,6.25,,,,7.5,7.4,,ttth,7510301,20,3,3
D01,7.25,,7.4,6.8,,,,,,,ttth,7510301,20,3,4
D01,7.5,,3.6,6.8,,,,,,,ttth,7510301,20,3,5
D01,6.75,,5.4,5.2,,,,,,,ttth,7510301,20,3,6
A01,,,6.6,5.8,,,,7.0,,,ttth,7510301,20,3,7
D01,5.0,,7.6,7.2,,,,,,,ttth,7510301,20,3,8
D01,6.25,,4.0,7.0,,,,,,,ttth,7510301,20,3,9
A01,,,7.6,6.25,,,,7.4,,,ttth,7510301,20,3,10
A00,,,,6.5,,,,6.75,8.0,,ttth,7510301,20,3,11
D01,5.5,,7.4,6.6,,,,,,,ttth,7510301,20,3,12
A00,,,,6.8,,,,7.0,5.0,,ttth,7510301,20,3,13
D01,7.0,,6.6,6.6,,,,,,,ttth,7510301,20,3,14
A00,,,,7.8,,,,4.75,6.5,,ttth,7510301,20,3,15
D01,5.0,,7.2,6.5,,,,,,,ttth,7510301,20,3,16
A01,,,8.2,7.6,,,,7.5,,,ttth,7510301,20,3,17
A00,,,,6.75,,,,7.5,7.4,,ttth,7510301,20,3,18
D01,6.6,,8.0,7.0,,,,,,,ttth,7510301,20,3,19
A00,,,,6.75,,,,7.5,7.2,,ttth,7510301,20,3,20
A01,,,8.0,6.25,,,,6.4,,,ttth,7510301,20,3,21
D01,6.25,,4.6,7.4,,,,,,,ttth,7510301,20,3,22
A01,,,9.0,4.8,,,,3.25,,,ttth,7510301,20,3,23
A01,,,6.8,7.0,,,,6.0,,,ttth,7510301,20,3,24
D01,5.25,,4.8,7.4,,,,,,,ttth,7510301,20,3,25
D01,7.75,,5.6,7.8,,,,,,,ttth,7510301,20,3,26
D01,5.25,,5.8,7.0,,,,,,,ttth,7510301,20,3,27
A00,,,,6.8,,,,6.75,7.75,,ttth,7510301,20,3,28
A00,,,,8.2,,,,5.75,4.0,,ttth,7510301,20,3,29
D01,6.75,,5.2,7.4,,,,,,,ttth,7510301,20,3,30
A00,,,,7.25,,,,7.75,8.0,,ttth,7510301,20,3,31
A00,,,,6.4,,,,6.5,7.25,,ttth,7510301,20,3,32
A00,,,,6.75,,,,6.25,7.6,,ttth,7510301,20,3,33
A00,,,,6.8,,,,6.75,6.75,,ttth,7510301,20,3,34
D01,4.4,,6.8,5.0,,,,,,,ttth,7510301,20,3,35
A00,,,,6.0,,,,7.25,7.4,,ttth,7510301,20,3,36
D07,,,8.4,6.8,,,,,7.75,,ttth,7510301,20,3,37
D01,5.6,,5.4,6.5,,,,,,,ttth,7510301,20,3,38
A01,,,7.6,6.8,,,,6.25,,,ttth,7510301,20,3,39
A00,,,,6.25,,,,6.75,6.8,,ttth,7510301,20,3,40
D01,6.2,,6.2,7.25,,,,,,,ttth,7510301,20,3,41
D01,7.2,,7.4,7.25,,,,,,,ttth,7510301,20,3,42
D01,5.8,,7.0,7.25,,,,,,,ttth,7510301,20,3,43
D01,5.75,,6.2,5.2,,,,,,,ttth,7510301,20,3,44
A00,,,,7.5,,,,7.5,7.6,,ttth,7510301,20,3,45
D01,7.0,,5.8,5.8,,,,,,,ttth,7510301,20,3,46
A00,,,,6.6,,,,7.5,7.25,,ttth,7510301,20,3,47
D01,7.25,,7.8,6.4,,,,,,,ttth,7510301,20,3,48
A00,,,,6.4,,,,5.5,7.25,,ttth,7510301,20,3,49
D01,5.0,,5.4,7.8,,,,,,,ttth,7510301,20,3,50
D01,5.25,,6.4,7.8,,,,,,,ttth,7510301,20,3,51
A00,,,,6.4,,,,5.75,5.5,,ttth,7510301,20,3,52
D01,3.4,,8.6,8.5,,,,,,,ttth,7510301,20,3,53
D01,6.75,,4.4,6.0,,,,,,,ttth,7510301,20,3,54
D01,7.0,,7.6,7.0,,,,,,,ttth,7510301,20,3,55
A01,,,8.0,7.25,,,,8.0,,,ttth,7510301,20,3,56
D07,,,7.0,7.25,,,,,7.2,,ttth,7510301,20,3,57
D01,4.6,,5.6,7.5,,,,,,,ttth,7510301,20,3,58
A01,,,8.0,6.75,,,,5.8,,,ttth,7510301,20,3,59
D01,7.0,,4.6,7.6,,,,,,,ttth,7510301,20,3,60
A00,,,,6.0,,,,8.25,7.6,,ttth,7510301,20,3,61
A01,,,7.4,7.0,,,,7.2,,,ttth,7510301,20,3,62
D01,8.0,,4.6,6.8,,,,,,,ttth,7510301,20,3,63
A00,,,,7.0,,,,5.75,5.25,,ttth,7510301,20,3,64
A00,,,,8.4,,,,6.75,7.0,,ttth,7510301,20,3,65
D01,6.6,,7.0,8.5,,,,,,,ttth,7510301,20,3,66
A00,,,,6.6,,,,6.5,7.5,,ttth,7510303,21,3,0
D01,6.5,,7.8,7.6,,,,,,,ttth,7510303,21,3,1
A01,,,8.0,6.75,,,,8.2,,,ttth,7510303,21,3,2
D01,7.0,,7.4,7.0,,,,,,,ttth,7510303,21,3,3
A00,,,,7.0,,,,7.0,6.6,,ttth,7510303,21,3,4
A01,,,4.2,8.2,,,,8.25,,,ttth,7510303,21,3,5
A00,,,,8.2,,,,7.0,7.5,,ttth,7510303,21,3,6
A00,,,,7.4,,,,7.0,8.0,,ttth,7510303,21,3,7
A00,,,,8.2,,,,6.25,6.75,,ttth,7510303,21,3,8
A00,,,,7.0,,,,6.5,8.4,,ttth,7510303,21,3,9
A00,,,,7.6,,,,6.25,6.5,,ttth,7510303,21,3,10
D01,6.0,,7.8,4.8,,,,,,,ttth,7510303,21,3,11
D01,7.0,,7.0,5.4,,,,,,,ttth,7510303,21,3,12
D01,5.75,,5.6,6.6,,,,,,,ttth,7510303,21,3,13
D01,7.75,,7.8,7.8,,,,,,,ttth,7510303,21,3,14
A01,,,8.6,7.6,,,,7.25,,,ttth,7510303,21,3,15
D07,,,5.4,7.25,,,,,6.6,,ttth,7510303,21,3,16
D01,5.75,,6.6,6.6,,,,,,,ttth,7510303,21,3,17
A00,,,,7.0,,,,6.5,5.25,,ttth,7510303,21,3,18
D01,6.0,,5.8,5.8,,,,,,,ttth,7510303,21,3,19
A00,,,,7.4,,,,7.25,7.25,,ttth,7510303,21,3,20
D01,7.75,,3.4,7.6,,,,,,,ttth,7510303,21,3,21
D01,8.0,,3.6,6.6,,,,,,,ttth,7510303,21,3,22
A00,,,,6.8,,,,5.25,6.25,,ttth,7510303,21,3,23
D01,6.6,,6.4,4.5,,,,,,,ttth,7510303,21,3,24
D01,5.0,,6.4,6.0,,,,,,,ttth,7510303,21,3,25
A00,,,,5.75,,,,6.0,6.4,,ttth,7510303,21,3,26
A01,,,8.8,6.6,,,,5.5,,,ttth,7510303,21,3,27
A00,,,,7.0,,,,7.25,6.8,,ttth,7510303,21,3,28
A01,,,7.8,7.5,,,,7.8,,,ttth,7510303,21,3,29
A00,,,,7.75,,,,6.75,7.4,,ttth,7510303,21,3,30
D01,7.6,,7.0,7.0,,,,,,,ttth,7510303,21,3,31
A00,,,,6.5,,,,7.25,8.4,,ttth,7510303,21,3,32
D01,4.4,,6.2,7.0,,,,,,,ttth,7510303,21,3,33
A01,,,7.6,6.75,,,,7.6,,,ttth,7510303,21,3,34
D01,7.25,,4.6,6.0,,,,,,,ttth,7510303,21,3,35
A01,,,7.6,5.75,,,,8.0,,,ttth,7510303,21,3,36
D01,6.0,,5.0,8.0,,,,,,,ttth,7510303,21,3,37
A00,,,,7.5,,,,6.75,7.8,,ttth,7510303,21,3,38
D01,7.25,,6.0,7.8,,,,,,,ttth,7510303,21,3,39
D01,6.75,,5.0,5.8,,,,,,,ttth,7510303,21,3,40
A00,,,,6.75,,,,4.25,6.8,,ttth,7510303,21,3,41
D01,6.75,,8.0,7.6,,,,,,,ttth,7510303,21,3,42
D01,6.0,,6.4,6.8,,,,,,,ttth,7510303,21,3,43
D01,6.25,,6.2,7.6,,,,,,,ttth,7510303,21,3,44
D01,5.75,,5.8,5.0,,,,,,,ttth,7510303,21,3,45
D01,7.5,,4.4,6.0,,,,,,,ttth,7510303,21,3,46
A01,,,7.0,6.75,,,,8.2,,,ttth,7510303,21,3,47
A00,,,,7.5,,,,7.5,7.8,,ttth,7510303,21,3,48
A00,,,,7.6,,,,6.5,7.75,,ttth,7510303,21,3,49
A00,,,,6.5,,,,6.25,6.0,,ttth,7510303,21,3,50
D01,5.5,,4.6,6.4,,,,,,,ttth,7510303,21,3,51
D07,,,7.2,7.25,,,,,5.2,,ttth,7510303,21,3,52
A00,,,,5.6,,,,6.0,5.75,,ttth,7510303,21,3,53
D01,7.5,,3.8,7.6,,,,,,,ttth,7510303,21,3,54
A00,,,,6.8,,,,7.5,6.75,,ttth,7510303,21,3,55
D01,7.25,,7.2,5.6,,,,,,,ttth,7510303,21,3,56
A00,,,,5.75,,,,6.0,7.0,,ttth,7510303,21,3,57
D07,,,7.6,7.25,,,,,8.2,,ttth,7510303,21,3,58
A00,,,,5.5,,,,6.0,7.6,,ttth,7510303,21,3,59
A00,,,,7.25,,,,5.5,7.6,,ttth,7510303,21,3,60
A00,,,,6.25,,,,9.0,7.4,,ttth,7510303,21,3,61
A01,,,7.2,5.5,,,,7.6,,,ttth,7510303,21,3,62
D01,6.6,,8.2,7.0,,,,,,,ttth,7510303,21,3,63
A01,,,6.2,8.0,,,,6.6,,,ttth,7510303,21,3,64
A00,,,,7.4,,,,6.5,6.75,,ttth,7510303,21,3,65
A00,,,,7.6,,,,5.75,7.25,,ttth,7510303,21,3,66
A00,,,,7.2,,,,5.0,5.5,,ttth,7510401,22,3,0
B00,,,,7.5,,,,,7.25,5.4,ttth,7510401,22,3,1
B00,,,,7.0,,,,,7.0,7.0,ttth,7510401,22,3,2
A00,,,,6.5,,,,7.0,6.4,,ttth,7510401,22,3,3
B00,,,,7.0,,,,,6.25,7.0,ttth,7510401,22,3,4
D07,,,6.8,7.0,,,,,4.8,,ttth,7510401,22,3,5
A00,,,,8.0,,,,7.5,7.75,,ttth,7510401,22,3,6
B00,,,,8.25,,,,,7.75,8.0,ttth,7510401,22,3,7
A00,,,,7.2,,,,6.5,6.25,,ttth,7510401,22,3,8
B00,,,,7.4,,,,,7.5,6.75,ttth,7510401,22,3,9
B00,,,,8.0,,,,,8.5,6.5,ttth,7510401,22,3,10
A00,,,,6.0,,,,7.75,7.0,,ttth,7510401,22,3,11
B00,,,,7.25,,,,,6.5,6.8,ttth,7510401,22,3,12
A00,,,,6.25,,,,7.75,6.6,,ttth,7510401,22,3,13
D07,,,7.2,7.5,,,,,6.4,,ttth,7510401,22,3,14
A00,,,,7.75,,,,7.75,7.6,,ttth,7510401,22,3,15
D07,,,7.6,6.5,,,,,6.4,,ttth,7510401,22,3,16
A00,,,,8.0,,,,7.75,7.5,,ttth,7510401,22,3,17
B00,,,,7.0,,,,,4.0,6.4,ttth,7510401,22,3,18
D07,,,5.8,7.0,,,,,6.8,,ttth,7510401,22,3,19
A00,,,,8.0,,,,6.75,6.75,,ttth,7510401,22,3,20
A00,,,,8.5,,,,8.75,7.8,,ttth,7510401,22,3,21
B00,,,,6.2,,,,,7.25,6.75,ttth,7510401,22,3,22
B00,,,,8.0,,,,,8.25,7.5,ttth,7510401,22,3,23
A00,,,,5.5,,,,6.25,6.6,,ttth,7510401,22,3,24
D07,,,8.0,7.4,,,,,8.0,,ttth,7510401,22,3,25
D07,,,8.6,7.0,,,,,5.0,,ttth,7510401,22,3,26
A00,,,,7.0,,,,7.75,8.2,,ttth,7510401,22,3,27
A00,,,,6.8,,,,5.75,7.75,,ttth,7510401,22,3,28
B00,,,,8.0,,,,,6.75,8.0,ttth,7510401,22,3,29
B00,,,,7.0,,,,,5.5,6.8,ttth,7510401,22,3,30
A00,,,,7.75,,,,6.0,6.6,,ttth,7510401,22,3,31
A00,,,,6.0,,,,7.75,7.4,,ttth,7510401,22,3,32
A00,,,,7.2,,,,6.5,6.75,,ttth,7510401,22,3,33
B00,,,,7.25,,,,,7.0,5.6,ttth,7510401,22,3,34
A00,,,,7.0,,,,7.75,8.2,,ttth,7510401,22,3,35
B00,,,,6.75,,,,,6.25,7.2,ttth,7510401,22,3,36
A00,,,,7.75,,,,8.25,7.4,,ttth,7510401,22,3,37
A00,,,,8.2,,,,7.0,7.75,,ttth,7510401,22,3,38
D07,,,9.0,8.2,,,,,7.5,,ttth,7510401,22,3,39
D07,,,6.4,6.25,,,,,5.8,,ttth,7510401,22,3,40
A01,,,6.0,7.25,,,,7.0,,,ttth,7510401,22,3,41
B00,,,,7.75,,,,,5.5,6.6,ttth,7510401,22,3,42
D07,,,7.2,7.0,,,,,6.4,,ttth,7510401,22,3,43
A00,,,,6.25,,,,6.75,5.6,,ttth,7510401,22,3,44
D07,,,6.4,7.6,,,,,7.25,,ttth,7510401,22,3,45
A01,,,8.0,8.6,,,,7.5,,,ttth,7510401,22,3,46
A00,,,,7.6,,,,7.0,8.0,,ttth,7510401,22,3,47
B00,,,,6.75,,,,,6.5,7.0,ttth,7510401,22,3,48
A00,,,,7.0,,,,7.5,7.8,,ttth,7510401,22,3,49
A00,,,,6.4,,,,6.5,5.25,,ttth,7510401,22,3,50
A00,,,,6.75,,,,8.5,6.8,,ttth,7510401,22,3,51
B00,,,,7.25,,,,,6.5,6.4,ttth,7510401,22,3,52
A00,,,,7.25,,,,6.75,7.6,,ttth,7510401,22,3,53
A00,,,,7.4,,,,5.5,6.5,,ttth,7510401,22,3,54
A00,,,,7.25,,,,8.25,7.6,,ttth,7510401,22,3,55
A00,,,,6.0,,,,6.25,6.6,,ttth,7510401,22,3,56
B00,,,,8.5,,,,,6.75,8.0,ttth,7510401,22,3,57
A01,,,8.2,7.6,,,,6.25,,,ttth,7510401,22,3,58
B00,,,,6.4,,,,,8.0,4.75,ttth,7510401,22,3,59
A00,,,,7.25,,,,7.0,7.2,,ttth,7510401,22,3,60
D07,,,5.6,7.4,,,,,8.0,,ttth,7510401,22,3,61
A00,,,,7.25,,,,7.75,7.0,,ttth,7510401,22,3,62
A00,,,,7.5,,,,8.5,7.6,,ttth,7510401,22,3,63
A00,,,,8.75,,,,7.75,7.0,,ttth,7510401,22,3,64
B00,,,,6.2,,,,,7.0,5.0,ttth,7510401,22,3,65
D07,,,7.2,8.0,,,,,7.4,,ttth,7510401,22,3,66
A00,,,,6.75,,,,6.5,6.6,,ttth,7510402,23,3,0
A00,,,,7.0,,,,5.5,7.8,,ttth,7510402,23,3,1
B00,,,,7.8,,,,,6.5,6.5,ttth,7510402,23,3,2
A00,,,,7.0,,,,5.5,7.8,,ttth,7510402,23,3,3
A00,,,,7.25,,,,6.25,7.8,,ttth,7510402,23,3,4
B00,,,,7.0,,,,,7.0,6.0,ttth,7510402,23,3,5
A00,,,,7.2,,,,6.75,4.25,,ttth,7510402,23,3,6
A01,,,6.4,5.25,,,,5.6,,,ttth,7510402,23,3,7
A01,,,7.4,7.0,,,,6.5,,,ttth,7510402,23,3,8
A00,,,,6.75,,,,6.25,4.8,,ttth,7510402,23,3,9
A00,,,,7.25,,,,6.25,7.8,,ttth,7510402,23,3,10
A01,,,8.8,8.0,,,,7.0,,,ttth,7510402,23,3,11
A00,,,,7.0,,,,5.5,7.8,,ttth,7510402,23,3,12
A00,,,,7.25,,,,6.25,7.8,,ttth,7510402,23,3,13
A01,,,8.8,8.0,,,,7.0,,,ttth,7510402,23,3,14
A00,,,,6.75,,,,6.25,4.8,,ttth,7510402,23,3,15
A00,,,,7.0,,,,5.5,7.8,,ttth,7510402,23,3,16
A01,,,6.4,5.25,,,,5.6,,,ttth,7510402,23,3,17
A00,,,,6.5,,,,4.0,7.8,,ttth,7510402,23,3,18
D07,,,8.0,7.2,,,,,7.25,,ttth,7510402,23,3,19
B00,,,,6.8,,,,,5.5,4.25,ttth,7510402,23,3,20
A00,,,,6.5,,,,7.5,8.4,,ttth,7510402,23,3,21
A00,,,,6.5,,,,7.5,8.4,,ttth,7510402,23,3,22
A00,,,,7.0,,,,4.25,5.25,,ttth,7510402,23,3,23
A00,,,,6.5,,,,7.5,8.4,,ttth,7510402,23,3,24
A01,,,8.8,8.0,,,,7.0,,,ttth,7510402,23,3,25
A00,,,,7.2,,,,6.75,4.25,,ttth,7510402,23,3,26
A01,,,7.4,7.0,,,,6.5,,,ttth,7510402,23,3,27
A00,,,,7.6,,,,6.75,7.5,,ttth,7510402,23,3,28
A00,,,,6.5,,,,4.0,7.8,,ttth,7510402,23,3,29
B00,,,,6.8,,,,,5.5,4.25,ttth,7510402,23,3,30
A00,,,,6.5,,,,7.5,8.4,,ttth,7510402,23,3,31
B00,,,,6.8,,,,,5.5,4.25,ttth,7510402,23,3,32
A01,,,8.8,8.0,,,,7.0,,,ttth,7510402,23,3,33
A00,,,,7.2,,,,6.75,4.25,,ttth,7510402,23,3,34
A00,,,,7.6,,,,6.75,7.5,,ttth,7510402,23,3,35
A00,,,,6.5,,,,4.0,7.8,,ttth,7510402,23,3,36
A00,,,,6.75,,,,6.25,4.8,,ttth,7510402,23,3,37
D07,,,8.0,7.2,,,,,7.25,,ttth,7510402,23,3,38
A01,,,7.4,7.0,,,,6.5,,,ttth,7510402,23,3,39
A01,,,7.4,7.0,,,,6.5,,,ttth,7510402,23,3,40
A00,,,,7.25,,,,6.25,7.8,,ttth,7510402,23,3,41
B00,,,,7.8,,,,,6.5,6.5,ttth,7510402,23,3,42
B00,,,,7.8,,,,,6.5,6.5,ttth,7510402,23,3,43
A00,,,,7.0,,,,4.25,5.25,,ttth,7510402,23,3,44
D07,,,8.0,7.2,,,,,7.25,,ttth,7510402,23,3,45
A00,,,,7.6,,,,6.75,7.5,,ttth,7510402,23,3,46
A00,,,,7.0,,,,4.25,5.25,,ttth,7510402,23,3,47
B00,,,,6.8,,,,,5.5,4.25,ttth,7510402,23,3,48
B00,,,,6.8,,,,,5.5,4.25,ttth,7510402,23,3,49
A01,,,8.8,8.0,,,,7.0,,,ttth,7510402,23,3,50
A00,,,,6.75,,,,6.5,6.6,,ttth,7510402,23,3,51
B00,,,,6.8,,,,,5.5,4.25,ttth,7510402,23,3,52
A00,,,,7.25,,,,6.25,7.8,,ttth,7510402,23,3,53
A00,,,,6.5,,,,4.0,7.8,,ttth,7510402,23,3,54
A01,,,6.4,5.25,,,,5.6,,,ttth,7510402,23,3,55
A01,,,6.4,5.25,,,,5.6,,,ttth,7510402,23,3,56
A00,,,,7.25,,,,6.25,7.8,,ttth,7510402,23,3,57
B00,,,,7.8,,,,,6.5,6.5,ttth,7510402,23,3,58
A00,,,,6.75,,,,6.25,4.8,,ttth,7510402,23,3,59
A01,,,6.4,5.25,,,,5.6,,,ttth,7510402,23,3,60
A01,,,8.8,8.0,,,,7.0,,,ttth,7510402,23,3,61
A00,,,,7.2,,,,6.75,4.25,,ttth,7510402,23,3,62
B00,,,,6.8,,,,,5.5,4.25,ttth,7510402,23,3,63
B00,,,,7.8,,,,,6.5,6.5,ttth,7510402,23,3,64
A00,,,,7.0,,,,5.5,7.8,,ttth,7510402,23,3,65
D07,,,7.8,6.6,,,,,5.25,,ttth,7510402,23,3,66
A00,,,,6.5,,,,6.0,6.6,,ttth,7510406,24,4,0
A00,,,,6.5,,,,4.75,6.6,,ttth,7510406,24,4,1
D07,,,8.6,8.0,,,,,7.0,,ttth,7510406,24,4,2
A00,,,,5.5,,,,5.25,5.6,,ttth,7510406,24,4,3
D07,,,6.2,6.5,,,,,6.8,,ttth,7510406,24,4,4
B00,,,,5.5,,,,,6.25,6.4,ttth,7510406,24,4,5
A00,,,,4.0,,,,5.75,6.0,,ttth,7510406,24,4,6
B00,,,,5.5,,,,,6.25,6.4,ttth,7510406,24,4,7
A00,,,,8.6,,,,7.75,6.75,,ttth,7510406,24,4,8
A00,,,,6.0,,,,5.75,6.2,,ttth,7510406,24,4,9
A00,,,,7.0,,,,6.5,7.2,,ttth,7510406,24,4,10
A00,,,,5.5,,,,5.25,5.6,,ttth,7510406,24,4,11
D07,,,7.8,5.0,,,,,7.0,,ttth,7510406,24,4,12
A01,,,7.0,5.0,,,,4.6,,,ttth,7510406,24,4,13
A00,,,,6.5,,,,4.75,6.6,,ttth,7510406,24,4,14
A01,,,6.8,6.25,,,,6.4,,,ttth,7510406,24,4,15
A00,,,,5.5,,,,5.25,5.6,,ttth,7510406,24,4,16
A00,,,,8.4,,,,7.5,5.0,,ttth,7510406,24,4,17
A00,,,,6.5,,,,5.75,7.4,,ttth,7510406,24,4,18
A00,,,,5.2,,,,5.75,6.0,,ttth,7510406,24,4,19
A00,,,,8.4,,,,7.5,5.0,,ttth,7510406,24,4,20
A00,,,,4.5,,,,6.0,7.0,,ttth,7510406,24,4,21
A00,,,,5.0,,,,6.0,5.6,,ttth,7510406,24,4,22
A01,,,5.8,5.0,,,,5.2,,,ttth,7510406,24,4,23
D07,,,7.8,5.0,,,,,7.0,,ttth,7510406,24,4,24
A00,,,,6.5,,,,6.0,6.6,,ttth,7510406,24,4,25
A00,,,,5.5,,,,5.25,5.6,,ttth,7510406,24,4,26
A01,,,6.8,6.75,,,,6.8,,,ttth,7510406,24,4,27
A00,,,,5.0,,,,5.25,6.4,,ttth,7510406,24,4,28
A00,,,,8.2,,,,5.5,5.75,,ttth,7510406,24,4,29
A00,,,,5.0,,,,5.25,6.4,,ttth,7510406,24,4,30
A00,,,,4.75,,,,6.25,5.8,,ttth,7510406,24,4,31
A00,,,,6.5,,,,6.75,6.2,,ttth,7510406,24,4,32
A00,,,,6.5,,,,6.0,6.6,,ttth,7510406,24,4,33
A01,,,5.8,5.0,,,,5.2,,,ttth,7510406,24,4,34
B00,,,,7.0,,,,,7.25,4.75,ttth,7510406,24,4,35
A00,,,,5.2,,,,5.75,6.0,,ttth,7510406,24,4,36
A01,,,7.0,6.25,,,,8.2,,,ttth,7510406,24,4,37
B00,,,,5.5,,,,,4.25,7.4,ttth,7510406,24,4,38
A00,,,,6.5,,,,6.75,6.2,,ttth,7510406,24,4,39
A00,,,,6.5,,,,6.75,6.2,,ttth,7510406,24,4,40
A00,,,,6.0,,,,5.75,6.2,,ttth,7510406,24,4,41
A01,,,6.8,6.25,,,,6.4,,,ttth,7510406,24,4,42
A00,,,,6.75,,,,5.5,6.2,,ttth,7510406,24,4,43
A01,,,7.0,6.25,,,,8.2,,,ttth,7510406,24,4,44
A00,,,,8.2,,,,5.5,5.75,,ttth,7510406,24,4,45
A00,,,,5.0,,,,5.25,6.4,,ttth,7510406,24,4,46
D07,,,8.6,8.0,,,,,7.0,,ttth,7510406,24,4,47
A01,,,7.0,8.0,,,,6.8,,,ttth,7510406,24,4,48
A00,,,,5.0,,,,6.0,5.6,,ttth,7510406,24,4,49
A00,,,,8.2,,,,5.5,5.75,,ttth,7510406,24,4,50
A00,,,,5.5,,,,6.0,6.0,,ttth,7510406,24,4,51
A00,,,,5.2,,,,5.75,6.0,,ttth,7510406,24,4,52
A00,,,,6.5,,,,6.0,6.6,,ttth,7510406,24,4,53
A00,,,,6.75,,,,5.5,6.2,,ttth,7510406,24,4,54
A00,,,,7.0,,,,6.5,7.2,,ttth,7510406,24,4,55
D07,,,7.2,6.5,,,,,5.8,,ttth,7510406,24,4,56
A00,,,,8.2,,,,5.5,5.75,,ttth,7510406,24,4,57
A00,,,,6.5,,,,6.0,6.6,,ttth,7510406,24,4,58
A00,,,,5.5,,,,5.25,5.6,,ttth,7510406,24,4,59
A00,,,,4.0,,,,5.75,6.0,,ttth,7510406,24,4,60
A00,,,,4.5,,,,6.0,7.0,,ttth,7510406,24,4,61
A01,,,6.8,6.25,,,,6.4,,,ttth,7510406,24,4,62
A00,,,,6.75,,,,5.5,6.2,,ttth,7510406,24,4,63
A00,,,,5.0,,,,5.25,6.4,,ttth,7510406,24,4,64
A01,,,7.0,6.25,,,,8.2,,,ttth,7510406,24,4,65
A00,,,,6.5,,,,6.25,7.4,,ttth,7510406,24,4,66
D07,,,9.0,9.25,,,,,6.25,,bootstrap_khaosat,7510601,25,1,0
A00,,,,6.25,,,,5.5,7.0,,bootstrap_khaosat,7510601,25,1,1
D01,8.25,,8.25,6.75,,,,,,,bootstrap_khaosat,7510601,25,1,2
A00,,,,6.0,,,,9.25,9.0,,bootstrap_khaosat,7510601,25,1,3
A00,,,,8.25,,,,7.6,7.75,,bootstrap_khaosat,7510601,25,1,4
A00,,,,6.0,,,,9.25,9.0,,bootstrap_khaosat,7510601,25,1,5
A00,,,,6.0,,,,9.25,9.0,,bootstrap_khaosat,7510601,25,1,6
D01,8.25,,8.25,6.75,,,,,,,bootstrap_khaosat,7510601,25,1,7
D01,8.25,,8.25,6.75,,,,,,,bootstrap_khaosat,7510601,25,1,8
A00,,,,6.25,,,,5.5,7.0,,bootstrap_khaosat,7510601,25,1,9
A00,,,,6.25,,,,5.5,7.0,,bootstrap_khaosat,7510601,25,1,10
D07,,,9.0,9.25,,,,,6.25,,bootstrap_khaosat,7510601,25,1,11
A00,,,,6.0,,,,9.25,9.0,,bootstrap_khaosat,7510601,25,1,12
A00,,,,8.25,,,,7.6,7.75,,bootstrap_khaosat,7510601,25,1,13
A00,,,,6.0,,,,9.25,9.0,,bootstrap_khaosat,7510601,25,1,14
D01,8.25,,8.25,6.75,,,,,,,bootstrap_khaosat,7510601,25,1,15
A00,,,,6.0,,,,9.25,9.0,,bootstrap_khaosat,7510601,25,1,16
D07,,,9.0,9.25,,,,,6.25,,bootstrap_khaosat,7510601,25,1,17
A00,,,,6.25,,,,5.5,7.0,,bootstrap_khaosat,7510601,25,1,18
A00,,,,6.25,,,,5.5,7.0,,bootstrap_khaosat,7510601,25,1,19
A00,,,,6.0,,,,9.25,9.0,,bootstrap_khaosat,7510601,25,1,20
D07,,,9.0,9.25,,,,,6.25,,bootstrap_khaosat,7510601,25,1,21
D07,,,9.0,9.25,,,,,6.25,,bootstrap_khaosat,7510601,25,1,22
A00,,,,6.25,,,,5.5,7.0,,bootstrap_khaosat,7510601,25,1,23
A00,,,,6.25,,,,5.5,7.0,,bootstrap_khaosat,7510601,25,1,24
D07,,,9.0,9.25,,,,,6.25,,bootstrap_khaosat,7510601,25,1,25
D07,,,9.0,9.25,,,,,6.25,,bootstrap_khaosat,7510601,25,1,26
D07,,,9.0,9.25,,,,,6.25,,bootstrap_khaosat,7510601,25,1,27
A00,,,,6.25,,,,5.5,7.0,,bootstrap_khaosat,7510601,25,1,28
A00,,,,6.25,,,,5.5,7.0,,bootstrap_khaosat,7510601,25,1,29
A00,,,,6.25,,,,5.5,7.0,,bootstrap_khaosat,7510601,25,1,30
A00,,,,6.0,,,,9.25,9.0,,bootstrap_khaosat,7510601,25,1,31
D07,,,9.0,9.25,,,,,6.25,,bootstrap_khaosat,7510601,25,1,32
A00,,,,5.5,,,,8.0,8.0,,bootstrap_khaosat,7510601,25,1,33
A00,,,,6.0,,,,9.25,9.0,,bootstrap_khaosat,7510601,25,1,34
D07,,,9.0,9.25,,,,,6.25,,bootstrap_khaosat,7510601,25,1,35
D07,,,9.0,9.25,,,,,6.25,,bootstrap_khaosat,7510601,25,1,36
D07,,,9.0,9.25,,,,,6.25,,bootstrap_khaosat,7510601,25,1,37
D07,,,9.0,9.25,,,,,6.25,,bootstrap_khaosat,7510601,25,1,38
A00,,,,6.25,,,,5.5,7.0,,bootstrap_khaosat,7510601,25,1,39
D01,8.25,,8.25,6.75,,,,,,,bootstrap_khaosat,7510601,25,1,40
D01,8.25,,8.25,6.75,,,,,,,bootstrap_khaosat,7510601,25,1,41
A00,,,,6.25,,,,5.5,7.0,,bootstrap_khaosat,7510601,25,1,42
A00,,,,6.0,,,,9.25,9.0,,bootstrap_khaosat,7510601,25,1,43
D07,,,9.0,9.25,,,,,6.25,,bootstrap_khaosat,7510601,25,1,44
A00,,,,5.5,,,,8.0,8.0,,bootstrap_khaosat,7510601,25,1,45
A00,,,,6.25,,,,5.5,7.0,,bootstrap_khaosat,7510601,25,1,46
A00,,,,5.5,,,,8.0,8.0,,bootstrap_khaosat,7510601,25,1,47
D07,,,9.0,9.25,,,,,6.25,,bootstrap_khaosat,7510601,25,1,48
A00,,,,8.25,,,,7.6,7.75,,bootstrap_khaosat,7510601,25,1,49
A00,,,,6.0,,,,9.25,9.0,,bootstrap_khaosat,7510601,25,1,50
D01,8.25,,8.25,6.75,,,,,,,bootstrap_khaosat,7510601,25,1,51
A00,,,,5.5,,,,8.0,8.0,,bootstrap_khaosat,7510601,25,1,52
A00,,,,6.25,,,,5.5,7.0,,bootstrap_khaosat,7510601,25,1,53
A00,,,,6.25,,,,5.5,7.0,,bootstrap_khaosat,7510601,25,1,54
A00,,,,8.25,,,,7.6,7.75,,bootstrap_khaosat,7510601,25,1,55
A00,,,,8.25,,,,7.6,7.75,,bootstrap_khaosat,7510601,25,1,56
D01,8.25,,8.25,6.75,,,,,,,bootstrap_khaosat,7510601,25,1,57
A00,,,,5.5,,,,8.0,8.0,,bootstrap_khaosat,7510601,25,1,58
A00,,,,8.25,,,,7.6,7.75,,bootstrap_khaosat,7510601,25,1,59
A00,,,,5.5,,,,8.0,8.0,,bootstrap_khaosat,7510601,25,1,60
A00,,,,6.25,,,,5.5,7.0,,bootstrap_khaosat,7510601,25,1,61
A00,,,,8.25,,,,7.6,7.75,,bootstrap_khaosat,7510601,25,1,62
A00,,,,6.25,,,,5.5,7.0,,bootstrap_khaosat,7510601,25,1,63
A00,,,,5.5,,,,8.0,8.0,,bootstrap_khaosat,7510601,25,1,64
A00,,,,6.0,,,,9.25,9.0,,bootstrap_khaosat,7510601,25,1,65
A00,,,,5.5,,,,8.0,8.0,,bootstrap_khaosat,7510601,25,1,66
A00,,,,6.1,,,,6.35,6.25,,bootstrap_khaosat,7510605,26,1,0
D15,6.5,7.75,5.25,,,,,,,,bootstrap_khaosat,7510605,26,1,1
D01,9.5,,8.75,7.5,,,,,,,bootstrap_khaosat,7510605,26,1,2
D01,5.25,,7.0,7.8,,,,,,,bootstrap_khaosat,7510605,26,1,3
D15,6.5,7.75,5.25,,,,,,,,bootstrap_khaosat,7510605,26,1,4
A01,,,8.5,9.0,,,,8.25,,,bootstrap_khaosat,7510605,26,1,5
A00,,,,8.5,,,,5.6,7.0,,bootstrap_khaosat,7510605,26,1,6
A01,,,8.5,9.0,,,,8.25,,,bootstrap_khaosat,7510605,26,1,7
A00,,,,6.1,,,,6.35,6.25,,bootstrap_khaosat,7510605,26,1,8
D01,5.25,,7.0,7.8,,,,,,,bootstrap_khaosat,7510605,26,1,9
D01,5.25,,7.0,7.8,,,,,,,bootstrap_khaosat,7510605,26,1,10
D01,5.25,,7.0,7.8,,,,,,,bootstrap_khaosat,7510605,26,1,11
D01,5.25,,7.0,7.8,,,,,,,bootstrap_khaosat,7510605,26,1,12
D01,5.25,,7.0,7.8,,,,,,,bootstrap_khaosat,7510605,26,1,13
D01,5.25,,7.0,7.8,,,,,,,bootstrap_khaosat,7510605,26,1,14
A00,,,,6.1,,,,6.35,6.25,,bootstrap_khaosat,7510605,26,1,15
D15,6.5,7.75,5.25,,,,,,,,bootstrap_khaosat,7510605,26,1,16
A00,,,,6.1,,,,6.35,6.25,,bootstrap_khaosat,7510605,26,1,17
A00,,,,8.5,,,,5.6,7.0,,bootstrap_khaosat,7510605,26,1,18
D15,6.5,7.75,5.25,,,,,,,,bootstrap_khaosat,7510605,26,1,19
A01,,,8.25,8.0,,,,7.75,,,bootstrap_khaosat,7510605,26,1,20
A01,,,8.5,9.0,,,,8.25,,,bootstrap_khaosat,7510605,26,1,21
A00,,,,8.5,,,,5.6,7.0,,bootstrap_khaosat,7510605,26,1,22
A00,,,,9.0,,,,5.75,5.75,,bootstrap_khaosat,7510605,26,1,23
A00,,,,9.0,,,,5.75,5.75,,bootstrap_khaosat,7510605,26,1,24
D15,6.5,7.75,5.25,,,,,,,,bootstrap_khaosat,7510605,26,1,25
A01,,,8.5,9.0,,,,8.25,,,bootstrap_khaosat,7510605,26,1,26
D15,6.5,7.75,5.25,,,,,,,,bootstrap_khaosat,7510605,26,1,27
D15,6.5,7.75,5.25,,,,,,,,bootstrap_khaosat,7510605,26,1,28
A01,,,8.25,8.0,,,,7.75,,,bootstrap_khaosat,7510605,26,1,29
A00,,,,8.5,,,,5.6,7.0,,bootstrap_khaosat,7510605,26,1,30
D15,6.5,7.75,5.25,,,,,,,,bootstrap_khaosat,7510605,26,1,31
A01,,,8.5,9.0,,,,8.25,,,bootstrap_khaosat,7510605,26,1,32
A01,,,8.25,8.0,,,,7.75,,,bootstrap_khaosat,7510605,26,1,33
A00,,,,9.0,,,,5.75,5.75,,bootstrap_khaosat,7510605,26,1,34
D01,9.5,,8.75,7.5,,,,,,,bootstrap_khaosat,7510605,26,1,35
A00,,,,9.0,,,,5.75,5.75,,bootstrap_khaosat,7510605,26,1,36
D01,5.25,,7.0,7.8,,,,,,,bootstrap_khaosat,7510605,26,1,37
A00,,,,8.5,,,,5.6,7.0,,bootstrap_khaosat,7510605,26,1,38
D01,9.5,,8.75,7.5,,,,,,,bootstrap_khaosat,7510605,26,1,39
D15,6.5,7.75,5.25,,,,,,,,bootstrap_khaosat,7510605,26,1,40
A00,,,,6.1,,,,6.35,6.25,,bootstrap_khaosat,7510605,26,1,41
A00,,,,8.5,,,,5.6,7.0,,bootstrap_khaosat,7510605,26,1,42
A01,,,8.25,8.0,,,,7.75,,,bootstrap_khaosat,7510605,26,1,43
D01,5.25,,7.0,7.8,,,,,,,bootstrap_khaosat,7510605,26,1,44
D01,9.5,,8.75,7.5,,,,,,,bootstrap_khaosat,7510605,26,1,45
A01,,,8.25,8.0,,,,7.75,,,bootstrap_khaosat,7510605,26,1,46
A00,,,,6.1,,,,6.35,6.25,,bootstrap_khaosat,7510605,26,1,47
A00,,,,6.1,,,,6.35,6.25,,bootstrap_khaosat,7510605,26,1,48
D01,9.5,,8.75,7.5,,,,,,,bootstrap_khaosat,7510605,26,1,49
A00,,,,9.0,,,,5.75,5.75,,bootstrap_khaosat,7510605,26,1,50
A00,,,,9.0,,,,5.75,5.75,,bootstrap_khaosat,7510605,26,1,51
A00,,,,9.0,,,,5.75,5.75,,bootstrap_khaosat,7510605,26,1,52
A00,,,,9.0,,,,5.75,5.75,,bootstrap_khaosat,7510605,26,1,53
A00,,,,8.5,,,,5.6,7.0,,bootstrap_khaosat,7510605,26,1,54
A01,,,8.5,9.0,,,,8.25,,,bootstrap_khaosat,7510605,26,1,55
A00,,,,8.5,,,,5.6,7.0,,bootstrap_khaosat,7510605,26,1,56
A01,,,8.25,8.0,,,,7.75,,,bootstrap_khaosat,7510605,26,1,57
D15,6.5,7.75,5.25,,,,,,,,bootstrap_khaosat,7510605,26,1,58
D01,5.25,,7.0,7.8,,,,,,,bootstrap_khaosat,7510605,26,1,59
A01,,,8.5,9.0,,,,8.25,,,bootstrap_khaosat,7510605,26,1,60
D15,6.5,7.75,5.25,,,,,,,,bootstrap_khaosat,7510605,26,1,61
A01,,,8.5,9.0,,,,8.25,,,bootstrap_khaosat,7510605,26,1,62
A00,,,,8.5,,,,5.6,7.0,,bootstrap_khaosat,7510605,26,1,63
A00,,,,8.5,,,,5.6,7.0,,bootstrap_khaosat,7510605,26,1,64
A00,,,,9.0,,,,5.75,5.75,,bootstrap_khaosat,7510605,26,1,65
A00,,,,8.5,,,,5.6,7.0,,bootstrap_khaosat,7510605,26,1,66
A01,,,7.2,6.25,,,,6.6,,,ttth,7520115,27,3,0
A01,,,7.0,6.0,,,,5.4,,,ttth,7520115,27,3,1
D01,5.8,,7.6,6.25,,,,,,,ttth,7520115,27,3,2
D01,4.6,,6.4,6.0,,,,,,,ttth,7520115,27,3,3
D01,6.5,,5.4,7.0,,,,,,,ttth,7520115,27,3,4
A00,,,,6.0,,,,6.25,6.2,,ttth,7520115,27,3,5
D01,6.2,,6.8,6.0,,,,,,,ttth,7520115,27,3,6
D01,5.0,,6.0,6.5,,,,,,,ttth,7520115,27,3,7
D01,7.6,,6.4,7.25,,,,,,,ttth,7520115,27,3,8
A00,,,,6.25,,,,6.25,6.8,,ttth,7520115,27,3,9
A00,,,,6.75,,,,6.5,7.8,,ttth,7520115,27,3,10
D01,5.0,,6.4,7.6,,,,,,,ttth,7520115,27,3,11
A00,,,,6.0,,,,5.0,6.2,,ttth,7520115,27,3,12
D01,6.2,,6.0,6.75,,,,,,,ttth,7520115,27,3,13
D01,7.4,,8.2,7.0,,,,,,,ttth,7520115,27,3,14
D01,7.4,,5.6,5.25,,,,,,,ttth,7520115,27,3,15
D01,7.4,,5.2,7.5,,,,,,,ttth,7520115,27,3,16
D07,,,7.8,5.75,,,,,6.4,,ttth,7520115,27,3,17
D01,6.4,,6.0,7.25,,,,,,,ttth,7520115,27,3,18
D01,5.8,,8.0,5.0,,,,,,,ttth,7520115,27,3,19
D01,6.25,,7.0,5.4,,,,,,,ttth,7520115,27,3,20
D01,8.0,,6.8,5.5,,,,,,,ttth,7520115,27,3,21
D01,5.2,,7.4,6.0,,,,,,,ttth,7520115,27,3,22
A00,,,,5.75,,,,7.5,6.0,,ttth,7520115,27,3,23
A00,,,,5.25,,,,6.5,6.8,,ttth,7520115,27,3,24
D01,5.8,,7.0,6.75,,,,,,,ttth,7520115,27,3,25
D01,5.2,,5.6,6.25,,,,,,,ttth,7520115,27,3,26
A00,,,,7.75,,,,5.25,7.0,,ttth,7520115,27,3,27
D01,4.2,,7.4,6.5,,,,,,,ttth,7520115,27,3,28
D01,6.8,,6.6,7.25,,,,,,,ttth,7520115,27,3,29
A00,,,,6.25,,,,7.25,7.6,,ttth,7520115,27,3,30
A00,,,,5.5,,,,5.75,5.8,,ttth,7520115,27,3,31
D01,5.4,,5.8,5.75,,,,,,,ttth,7520115,27,3,32
D01,5.4,,7.0,7.0,,,,,,,ttth,7520115,27,3,33
A00,,,,5.75,,,,6.5,5.4,,ttth,7520115,27,3,34
A00,,,,4.75,,,,6.25,6.8,,ttth,7520115,27,3,35
D01,5.2,,6.2,6.5,,,,,,,ttth,7520115,27,3,36
A00,,,,7.0,,,,6.5,5.0,,ttth,7520115,27,3,37
D01,5.6,,6.8,6.0,,,,,,,ttth,7520115,27,3,38
D01,3.0,,7.4,7.75,,,,,,,ttth,7520115,27,3,39
A00,,,,5.0,,,,6.5,7.4,,ttth,7520115,27,3,40
D01,6.0,,5.6,6.75,,,,,,,ttth,7520115,27,3,41
D01,5.2,,7.2,6.25,,,,,,,ttth,7520115,27,3,42
D01,6.4,,6.8,6.75,,,,,,,ttth,7520115,27,3,43
A00,,,,6.75,,,,7.0,7.4,,ttth,7520115,27,3,44
D01,5.4,,6.2,7.0,,,,,,,ttth,7520115,27,3,45
D01,6.25,,8.0,6.0,,,,,,,ttth,7520115,27,3,46
A00,,,,6.6,,,,4.25,5.75,,ttth,7520115,27,3,47
D01,4.8,,6.6,6.25,,,,,,,ttth,7520115,27,3,48
D01,5.2,,6.6,9.0,,,,,,,ttth,7520115,27,3,49
A00,,,,5.75,,,,7.5,6.0,,ttth,7520115,27,3,50
D01,5.2,,7.0,6.0,,,,,,,ttth,7520115,27,3,51
D01,6.2,,7.6,5.75,,,,,,,ttth,7520115,27,3,52
D01,7.0,,8.4,7.0,,,,,,,ttth,7520115,27,3,53
A00,,,,6.5,,,,6.75,6.0,,ttth,7520115,27,3,54
D01,7.4,,6.8,5.75,,,,,,,ttth,7520115,27,3,55
A00,,,,6.0,,,,7.25,7.0,,ttth,7520115,27,3,56
D01,5.2,,8.0,5.5,,,,,,,ttth,7520115,27,3,57
A00,,,,6.25,,,,5.75,7.6,,ttth,7520115,27,3,58
A00,,,,5.75,,,,5.25,8.0,,ttth,7520115,27,3,59
D01,6.0,,8.6,4.8,,,,,,,ttth,7520115,27,3,60
D01,7.8,,6.2,6.0,,,,,,,ttth,7520115,27,3,61
D07,,,6.8,7.25,,,,,5.8,,ttth,7520115,27,3,62
A00,,,,6.0,,,,4.25,7.4,,ttth,7520115,27,3,63
D01,5.0,,5.6,5.25,,,,,,,ttth,7520115,27,3,64
A00,,,,7.2,,,,5.25,8.5,,ttth,7520115,27,3,65
D01,3.4,,6.0,6.5,,,,,,,ttth,7520115,27,3,66
A00,,,,6.25,,,,7.75,7.8,,ttth,7540101,28,4,0
A00,,,,8.8,,,,7.75,7.25,,ttth,7540101,28,4,1
D07,,,7.6,6.75,,,,,7.6,,ttth,7540101,28,4,2
A01,,,8.6,8.0,,,,7.0,,,ttth,7540101,28,4,3
A00,,,,8.6,,,,7.25,8.25,,ttth,7540101,28,4,4
A00,,,,6.75,,,,8.5,7.8,,ttth,7540101,28,4,5
D07,,,8.4,8.4,,,,,8.0,,ttth,7540101,28,4,6
B00,,,,7.75,,,,,8.0,7.0,ttth,7540101,28,4,7
A00,,,,8.0,,,,8.5,7.6,,ttth,7540101,28,4,8
A00,,,,8.2,,,,7.75,7.75,,ttth,7540101,28,4,9
A00,,,,7.0,,,,7.5,6.8,,ttth,7540101,28,4,10
A00,,,,7.75,,,,7.5,7.4,,ttth,7540101,28,4,11
B00,,,,8.5,,,,,7.75,7.6,ttth,7540101,28,4,12
A00,,,,7.75,,,,7.75,7.8,,ttth,7540101,28,4,13
A00,,,,8.2,,,,8.0,8.25,,ttth,7540101,28,4,14
D07,,,9.2,8.6,,,,,7.5,,ttth,7540101,28,4,15
B00,,,,8.0,,,,,8.0,8.0,ttth,7540101,28,4,16
B00,,,,8.5,,,,,7.25,8.2,ttth,7540101,28,4,17
D07,,,6.6,8.0,,,,,7.0,,ttth,7540101,28,4,18
D07,,,9.0,8.2,,,,,7.75,,ttth,7540101,28,4,19
B00,,,,8.75,,,,,7.25,7.8,ttth,7540101,28,4,20
A00,,,,6.75,,,,7.5,7.2,,ttth,7540101,28,4,21
D07,,,7.8,8.0,,,,,6.8,,ttth,7540101,28,4,22
A01,,,8.0,8.4,,,,7.75,,,ttth,7540101,28,4,23
D07,,,7.0,7.0,,,,,8.4,,ttth,7540101,28,4,24
B00,,,,7.5,,,,,7.5,7.4,ttth,7540101,28,4,25
D07,,,9.4,8.2,,,,,7.75,,ttth,7540101,28,4,26
B00,,,,8.25,,,,,6.25,8.0,ttth,7540101,28,4,27
B00,,,,8.75,,,,,8.0,8.8,ttth,7540101,28,4,28
D07,,,7.2,6.75,,,,,7.2,,ttth,7540101,28,4,29
B00,,,,8.25,,,,,8.25,8.6,ttth,7540101,28,4,30
A01,,,8.8,7.4,,,,8.75,,,ttth,7540101,28,4,31
D07,,,7.6,8.5,,,,,9.0,,ttth,7540101,28,4,32
A00,,,,8.2,,,,8.5,7.75,,ttth,7540101,28,4,33
B00,,,,8.5,,,,,9.25,8.2,ttth,7540101,28,4,34
A00,,,,7.75,,,,8.0,7.2,,ttth,7540101,28,4,35
A00,,,,8.5,,,,7.0,7.8,,ttth,7540101,28,4,36
B00,,,,8.25,,,,,8.0,8.4,ttth,7540101,28,4,37
A00,,,,7.5,,,,6.25,8.0,,ttth,7540101,28,4,38
A01,,,7.8,7.25,,,,6.2,,,ttth,7540101,28,4,39
D07,,,8.4,7.6,,,,,8.0,,ttth,7540101,28,4,40
A00,,,,8.25,,,,8.0,8.0,,ttth,7540101,28,4,41
B00,,,,8.0,,,,,8.0,7.4,ttth,7540101,28,4,42
A00,,,,7.25,,,,7.5,7.6,,ttth,7540101,28,4,43
D07,,,9.0,7.6,,,,,7.75,,ttth,7540101,28,4,44
A00,,,,6.75,,,,7.0,7.2,,ttth,7540101,28,4,45
A00,,,,8.4,,,,8.25,7.5,,ttth,7540101,28,4,46
A01,,,7.8,8.0,,,,8.2,,,ttth,7540101,28,4,47
A00,,,,8.2,,,,8.0,7.25,,ttth,7540101,28,4,48
B00,,,,8.6,,,,,7.25,8.25,ttth,7540101,28,4,49
A00,,,,7.25,,,,7.75,7.8,,ttth,7540101,28,4,50
D07,,,7.6,7.5,,,,,7.8,,ttth,7540101,28,4,51
A00,,,,8.8,,,,7.5,7.5,,ttth,7540101,28,4,52
D07,,,6.8,8.25,,,,,7.6,,ttth,7540101,28,4,53
D07,,,8.2,7.5,,,,,8.4,,ttth,7540101,28,4,54
B00,,,,8.8,,,,,8.0,8.25,ttth,7540101,28,4,55
A00,,,,6.25,,,,7.75,7.2,,ttth,7540101,28,4,56
A01,,,8.0,7.5,,,,7.0,,,ttth,7540101,28,4,57
D07,,,8.6,7.0,,,,,7.8,,ttth,7540101,28,4,58
D07,,,8.0,8.2,,,,,7.75,,ttth,7540101,28,4,59
A00,,,,8.5,,,,8.25,8.0,,ttth,7540101,28,4,60
B00,,,,7.25,,,,,8.25,7.2,ttth,7540101,28,4,61
A01,,,7.6,8.25,,,,7.4,,,ttth,7540101,28,4,62
A00,,,,7.75,,,,7.75,7.2,,ttth,7540101,28,4,63
D07,,,7.6,7.0,,,,,6.4,,ttth,7540101,28,4,64
D07,,,8.0,7.8,,,,,8.75,,ttth,7540101,28,4,65
B00,,,,7.75,,,,,7.75,5.8,ttth,7540101,28,4,66
B00,,,,7.6,,,,,4.5,6.25,ttth,7540105,29,4,0
B00,,,,4.25,,,,,6.0,5.8,ttth,7540105,29,4,1
A00,,,,7.6,,,,6.75,6.75,,ttth,7540105,29,4,2
B00,,,,6.5,,,,,7.5,7.2,ttth,7540105,29,4,3
D07,,,7.6,7.0,,,,,5.8,,ttth,7540105,29,4,4
D07,,,6.2,8.0,,,,,6.0,,ttth,7540105,29,4,5
B00,,,,7.8,,,,,6.25,6.75,ttth,7540105,29,4,6
B00,,,,6.0,,,,,6.75,6.4,ttth,7540105,29,4,7
A00,,,,5.25,,,,6.75,7.4,,ttth,7540105,29,4,8
A00,,,,7.75,,,,7.5,7.2,,ttth,7540105,29,4,9
A00,,,,8.2,,,,4.75,7.5,,ttth,7540105,29,4,10
A00,,,,5.75,,,,6.5,4.8,,ttth,7540105,29,4,11
A00,,,,7.75,,,,7.25,6.6,,ttth,7540105,29,4,12
B00,,,,8.2,,,,,4.5,5.25,ttth,7540105,29,4,13
A00,,,,8.2,,,,7.75,7.5,,ttth,7540105,29,4,14
B00,,,,6.0,,,,,5.25,6.0,ttth,7540105,29,4,15
A00,,,,6.0,,,,8.25,7.6,,ttth,7540105,29,4,16
B00,,,,5.5,,,,,6.25,6.2,ttth,7540105,29,4,17
D07,,,7.0,5.75,,,,,7.4,,ttth,7540105,29,4,18
A00,,,,8.4,,,,8.25,8.25,,ttth,7540105,29,4,19
A01,,,7.6,6.0,,,,5.2,,,ttth,7540105,29,4,20
A01,,,5.8,7.6,,,,5.75,,,ttth,7540105,29,4,21
A00,,,,6.75,,,,6.75,7.2,,ttth,7540105,29,4,22
A00,,,,7.2,,,,6.5,6.5,,ttth,7540105,29,4,23
A01,,,9.6,8.6,,,,7.75,,,ttth,7540105,29,4,24
A00,,,,7.6,,,,6.25,6.25,,ttth,7540105,29,4,25
A00,,,,8.6,,,,7.0,6.0,,ttth,7540105,29,4,26
B00,,,,6.6,,,,,7.25,5.75,ttth,7540105,29,4,27
A00,,,,7.2,,,,5.25,8.5,,ttth,7540105,29,4,28
D07,,,7.0,7.75,,,,,7.2,,ttth,7540105,29,4,29
A00,,,,6.6,,,,6.5,5.75,,ttth,7540105,29,4,30
A00,,,,7.8,,,,6.75,6.25,,ttth,7540105,29,4,31
A00,,,,7.4,,,,7.25,8.0,,ttth,7540105,29,4,32
A00,,,,7.25,,,,4.0,7.4,,ttth,7540105,29,4,33
A00,,,,8.0,,,,8.0,8.25,,ttth,7540105,29,4,34
A01,,,6.6,6.5,,,,5.2,,,ttth,7540105,29,4,35
B00,,,,5.2,,,,,6.75,5.75,ttth,7540105,29,4,36
B00,,,,7.6,,,,,6.75,6.25,ttth,7540105,29,4,37
A00,,,,8.0,,,,7.0,5.75,,ttth,7540105,29,4,38
D07,,,7.0,5.75,,,,,7.0,,ttth,7540105,29,4,39
A00,,,,7.2,,,,7.0,7.75,,ttth,7540105,29,4,40
A00,,,,7.0,,,,7.0,7.75,,ttth,7540105,29,4,41
B00,,,,6.75,,,,,6.25,7.2,ttth,7540105,29,4,42
A00,,,,7.6,,,,6.75,7.25,,ttth,7540105,29,4,43
B00,,,,7.6,,,,,7.75,7.0,ttth,7540105,29,4,44
A00,,,,8.2,,,,6.25,5.75,,ttth,7540105,29,4,45
A00,,,,6.4,,,,5.25,6.25,,ttth,7540105,29,4,46
A01,,,6.6,6.6,,,,5.5,,,ttth,7540105,29,4,47
A00,,,,7.6,,,,7.25,7.25,,ttth,7540105,29,4,48
A00,,,,7.2,,,,4.5,6.0,,ttth,7540105,29,4,49
D07,,,6.4,7.25,,,,,5.4,,ttth,7540105,29,4,50
B00,,,,7.25,,,,,7.0,7.0,ttth,7540105,29,4,51
B00,,,,6.0,,,,,5.25,5.0,ttth,7540105,29,4,52
A01,,,5.6,5.6,,,,5.75,,,ttth,7540105,29,4,53
D07,,,6.0,6.2,,,,,7.25,,ttth,7540105,29,4,54
D07,,,6.0,5.25,,,,,4.8,,ttth,7540105,29,4,55
A00,,,,7.5,,,,6.0,8.0,,ttth,7540105,29,4,56
A00,,,,5.25,,,,4.25,6.6,,ttth,7540105,29,4,57
A00,,,,6.25,,,,6.25,7.0,,ttth,7540105,29,4,58
B00,,,,6.5,,,,,7.5,7.6,ttth,7540105,29,4,59
B00,,,,7.4,,,,,5.75,6.5,ttth,7540105,29,4,60
A00,,,,6.25,,,,6.5,7.2,,ttth,7540105,29,4,61
B00,,,,7.4,,,,,6.75,6.75,ttth,7540105,29,4,62
A00,,,,7.25,,,,5.75,6.6,,ttth,7540105,29,4,63
A00,,,,5.25,,,,6.75,5.8,,ttth,7540105,29,4,64
A00,,,,6.2,,,,7.0,7.0,,ttth,7540105,29,4,65
A00,,,,5.5,,,,6.25,8.2,,ttth,7540105,29,4,66
D07,,,7.2,7.0,,,,,7.5,,ttth,7540106,30,4,0
D07,,,7.2,7.75,,,,,8.4,,ttth,7540106,30,4,1
A00,,,,8.0,,,,6.5,6.5,,ttth,7540106,30,4,2
D07,,,7.6,6.8,,,,,7.25,,ttth,7540106,30,4,3
B00,,,,6.8,,,,,6.25,5.5,ttth,7540106,30,4,4
A00,,,,8.0,,,,6.0,7.0,,ttth,7540106,30,4,5
A00,,,,7.0,,,,7.75,7.25,,ttth,7540106,30,4,6
A00,,,,6.25,,,,7.5,6.8,,ttth,7540106,30,4,7
B00,,,,7.4,,,,,8.0,6.75,ttth,7540106,30,4,8
A00,,,,6.8,,,,7.25,6.75,,ttth,7540106,30,4,9
A01,,,6.0,6.5,,,,6.6,,,ttth,7540106,30,4,10
A00,,,,6.2,,,,5.75,6.5,,ttth,7540106,30,4,11
D07,,,8.0,6.0,,,,,4.0,,ttth,7540106,30,4,12
A00,,,,6.25,,,,6.5,7.4,,ttth,7540106,30,4,13
A00,,,,7.4,,,,7.5,7.25,,ttth,7540106,30,4,14
D07,,,8.6,7.8,,,,,7.5,,ttth,7540106,30,4,15
B00,,,,7.25,,,,,5.5,6.2,ttth,7540106,30,4,16
B00,,,,7.0,,,,,7.75,7.6,ttth,7540106,30,4,17
B00,,,,7.75,,,,,6.25,5.8,ttth,7540106,30,4,18
A00,,,,6.75,,,,7.25,7.2,,ttth,7540106,30,4,19
B00,,,,8.25,,,,,6.5,6.8,ttth,7540106,30,4,20
B00,,,,6.4,,,,,6.75,6.25,ttth,7540106,30,4,21
A00,,,,7.0,,,,7.0,6.6,,ttth,7540106,30,4,22
D07,,,8.4,7.6,,,,,7.0,,ttth,7540106,30,4,23
A01,,,8.0,8.0,,,,7.0,,,ttth,7540106,30,4,24
D07,,,6.4,7.0,,,,,6.0,,ttth,7540106,30,4,25
A00,,,,7.0,,,,6.25,7.4,,ttth,7540106,30,4,26
D07,,,6.8,7.5,,,,,7.2,,ttth,7540106,30,4,27
A00,,,,7.2,,,,6.0,8.0,,ttth,7540106,30,4,28
A00,,,,6.75,,,,7.25,7.2,,ttth,7540106,30,4,29
A00,,,,6.2,,,,7.0,6.5,,ttth,7540106,30,4,30
D07,,,7.6,7.25,,,,,8.0,,ttth,7540106,30,4,31
A00,,,,8.0,,,,6.75,7.8,,ttth,7540106,30,4,32
A00,,,,7.6,,,,6.25,6.0,,ttth,7540106,30,4,33
A01,,,7.6,6.6,,,,7.0,,,ttth,7540106,30,4,34
B00,,,,5.75,,,,,6.25,8.0,ttth,7540106,30,4,35
B00,,,,6.5,,,,,8.0,6.6,ttth,7540106,30,4,36
A00,,,,7.8,,,,6.25,7.25,,ttth,7540106,30,4,37
B00,,,,7.6,,,,,6.5,7.5,ttth,7540106,30,4,38
A01,,,7.8,8.25,,,,6.4,,,ttth,7540106,30,4,39
A00,,,,7.0,,,,7.75,7.0,,ttth,7540106,30,4,40
A01,,,7.4,6.25,,,,7.0,,,ttth,7540106,30,4,41
A00,,,,7.6,,,,5.75,7.25,,ttth,7540106,30,4,42
A00,,,,7.0,,,,6.0,7.25,,ttth,7540106,30,4,43
A00,,,,7.4,,,,6.25,6.25,,ttth,7540106,30,4,44
A00,,,,8.0,,,,5.5,7.25,,ttth,7540106,30,4,45
A00,,,,6.5,,,,8.0,7.0,,ttth,7540106,30,4,46
B00,,,,8.2,,,,,7.5,7.5,ttth,7540106,30,4,47
D07,,,7.6,8.25,,,,,7.4,,ttth,7540106,30,4,48
A00,,,,7.0,,,,7.25,8.0,,ttth,7540106,30,4,49
A00,,,,7.0,,,,8.0,6.8,,ttth,7540106,30,4,50
A01,,,7.2,7.25,,,,5.0,,,ttth,7540106,30,4,51
A01,,,8.2,7.2,,,,6.75,,,ttth,7540106,30,4,52
D07,,,7.8,7.5,,,,,7.6,,ttth,7540106,30,4,53
B00,,,,5.75,,,,,6.5,7.2,ttth,7540106,30,4,54
B00,,,,8.0,,,,,7.25,7.0,ttth,7540106,30,4,55
B00,,,,6.5,,,,,7.0,7.4,ttth,7540106,30,4,56
A00,,,,8.2,,,,7.5,7.5,,ttth,7540106,30,4,57
B00,,,,7.25,,,,,5.75,8.0,ttth,7540106,30,4,58
A01,,,6.6,7.6,,,,7.25,,,ttth,7540106,30,4,59
A00,,,,6.25,,,,7.0,7.0,,ttth,7540106,30,4,60
A01,,,7.4,6.0,,,,7.4,,,ttth,7540106,30,4,61
A00,,,,8.0,,,,7.25,6.75,,ttth,7540106,30,4,62
B00,,,,5.75,,,,,7.75,8.0,ttth,7540106,30,4,63
A01,,,7.2,7.0,,,,6.8,,,ttth,7540106,30,4,64
B00,,,,7.4,,,,,7.25,5.25,ttth,7540106,30,4,65
A00,,,,8.2,,,,6.75,7.75,,ttth,7540106,30,4,66
D01,8.0,,4.2,6.4,,,,,,,ttth,7540204,31,3,0
D01,8.0,,7.2,7.0,,,,,,,ttth,7540204,31,3,1
D01,4.4,,4.4,6.75,,,,,,,ttth,7540204,31,3,2
D01,5.0,,6.8,7.75,,,,,,,ttth,7540204,31,3,3
A00,,,,8.4,,,,5.25,7.75,,ttth,7540204,31,3,4
D01,7.75,,4.8,6.6,,,,,,,ttth,7540204,31,3,5
D01,7.25,,5.2,7.6,,,,,,,ttth,7540204,31,3,6
D01,5.8,,7.0,8.0,,,,,,,ttth,7540204,31,3,7
D01,6.0,,3.6,8.2,,,,,,,ttth,7540204,31,3,8
D01,6.0,,5.6,7.5,,,,,,,ttth,7540204,31,3,9
D01,7.5,,4.6,6.2,,,,,,,ttth,7540204,31,3,10
A00,,,,7.6,,,,7.25,6.75,,ttth,7540204,31,3,11
D01,4.6,,7.4,6.5,,,,,,,ttth,7540204,31,3,12
D01,3.4,,7.0,6.75,,,,,,,ttth,7540204,31,3,13
D01,7.0,,4.2,8.0,,,,,,,ttth,7540204,31,3,14
A00,,,,6.5,,,,7.5,6.4,,ttth,7540204,31,3,15
A01,,,8.6,7.0,,,,4.75,,,ttth,7540204,31,3,16
A01,,,9.4,8.6,,,,8.75,,,ttth,7540204,31,3,17
D01,5.75,,6.4,7.0,,,,,,,ttth,7540204,31,3,18
A00,,,,7.2,,,,5.75,6.75,,ttth,7540204,31,3,19
A00,,,,7.8,,,,5.5,6.0,,ttth,7540204,31,3,20
D01,6.5,,6.2,6.4,,,,,,,ttth,7540204,31,3,21
D01,7.5,,8.4,7.4,,,,,,,ttth,7540204,31,3,22
A00,,,,7.0,,,,7.25,5.6,,ttth,7540204,31,3,23
D01,7.5,,5.6,5.2,,,,,,,ttth,7540204,31,3,24
A00,,,,8.2,,,,6.0,8.25,,ttth,7540204,31,3,25
A01,,,5.8,7.8,,,,6.5,,,ttth,7540204,31,3,26
D01,6.4,,5.6,8.75,,,,,,,ttth,7540204,31,3,27
A00,,,,7.0,,,,7.0,6.8,,ttth,7540204,31,3,28
A01,,,5.6,7.4,,,,4.5,,,ttth,7540204,31,3,29
D01,7.8,,8.0,6.75,,,,,,,ttth,7540204,31,3,30
D01,6.4,,7.6,8.0,,,,,,,ttth,7540204,31,3,31
D01,5.2,,6.6,8.0,,,,,,,ttth,7540204,31,3,32
D01,6.75,,6.8,7.8,,,,,,,ttth,7540204,31,3,33
D01,7.25,,6.4,7.4,,,,,,,ttth,7540204,31,3,34
D01,3.8,,7.0,6.5,,,,,,,ttth,7540204,31,3,35
A00,,,,7.6,,,,6.0,4.75,,ttth,7540204,31,3,36
A00,,,,7.0,,,,7.0,7.2,,ttth,7540204,31,3,37
D01,6.8,,6.6,7.75,,,,,,,ttth,7540204,31,3,38
D01,6.6,,7.8,8.25,,,,,,,ttth,7540204,31,3,39
A00,,,,6.2,,,,4.75,7.75,,ttth,7540204,31,3,40
D01,6.4,,8.6,7.75,,,,,,,ttth,7540204,31,3,41
D07,,,7.8,8.25,,,,,6.6,,ttth,7540204,31,3,42
D07,,,5.8,7.6,,,,,5.5,,ttth,7540204,31,3,43
D01,6.0,,6.2,7.5,,,,,,,ttth,7540204,31,3,44
D01,6.0,,4.2,8.4,,,,,,,ttth,7540204,31,3,45
D01,4.6,,7.0,7.0,,,,,,,ttth,7540204,31,3,46
D01,5.8,,6.0,6.25,,,,,,,ttth,7540204,31,3,47
D01,2.8,,6.8,7.0,,,,,,,ttth,7540204,31,3,48
A00,,,,7.8,,,,7.75,7.0,,ttth,7540204,31,3,49
D01,5.75,,5.8,6.0,,,,,,,ttth,7540204,31,3,50
D01,4.2,,7.6,9.25,,,,,,,ttth,7540204,31,3,51
D01,6.25,,7.4,8.2,,,,,,,ttth,7540204,31,3,52
A00,,,,7.25,,,,7.0,6.8,,ttth,7540204,31,3,53
D01,7.4,,6.6,5.75,,,,,,,ttth,7540204,31,3,54
D01,3.6,,4.8,7.5,,,,,,,ttth,7540204,31,3,55
D01,6.0,,6.2,7.4,,,,,,,ttth,7540204,31,3,56
D01,6.5,,4.6,6.6,,,,,,,ttth,7540204,31,3,57
D01,5.75,,5.2,5.6,,,,,,,ttth,7540204,31,3,58
D01,7.6,,7.4,6.75,,,,,,,ttth,7540204,31,3,59
A01,,,6.6,7.8,,,,5.0,,,ttth,7540204,31,3,60
D01,7.0,,7.4,6.0,,,,,,,ttth,7540204,31,3,61
D01,6.75,,5.8,6.8,,,,,,,ttth,7540204,31,3,62
D01,7.5,,3.0,7.6,,,,,,,ttth,7540204,31,3,63
D01,7.75,,4.0,7.4,,,,,,,ttth,7540204,31,3,64
D01,6.5,,3.4,6.8,,,,,,,ttth,7540204,31,3,65
D01,5.8,,7.4,7.25,,,,,,,ttth,7540204,31,3,66
A00,,,,7.75,,,,5.0,5.75,,bootstrap_khaosat,7810101,32,2,0
C00,8.0,9.0,,,,,8.0,,,,bootstrap_khaosat,7810101,32,2,1
A01,,,6.75,6.0,,,,6.5,,,bootstrap_khaosat,7810101,32,2,2
A00,,,,7.75,,,,5.0,5.75,,bootstrap_khaosat,7810101,32,2,3
C00,8.0,9.0,,,,,8.0,,,,bootstrap_khaosat,7810101,32,2,4
C00,8.0,9.0,,,,,9.0,,,,bootstrap_khaosat,7810101,32,2,5
A00,,,,7.75,,,,5.0,5.75,,bootstrap_khaosat,7810101,32,2,6
C00,8.0,9.0,,,,,9.0,,,,bootstrap_khaosat,7810101,32,2,7
A01,,,6.75,6.0,,,,6.5,,,bootstrap_khaosat,7810101,32,2,8
C00,8.0,9.0,,,,,8.0,,,,bootstrap_khaosat,7810101,32,2,9
D01,9.0,,7.25,9.5,,,,,,,bootstrap_khaosat,7810101,32,2,10
D01,9.0,,7.25,9.5,,,,,,,bootstrap_khaosat,7810101,32,2,11
C00,8.0,9.0,,,,,9.0,,,,bootstrap_khaosat,7810101,32,2,12
A01,,,8.75,8.25,,,,6.0,,,bootstrap_khaosat,7810101,32,2,13
A00,,,,7.75,,,,5.0,5.75,,bootstrap_khaosat,7810101,32,2,14
A00,,,,7.75,,,,5.0,5.75,,bootstrap_khaosat,7810101,32,2,15
C00,8.0,9.0,,,,,8.0,,,,bootstrap_khaosat,7810101,32,2,16
A01,,,6.75,6.0,,,,6.5,,,bootstrap_khaosat,7810101,32,2,17
A01,,,6.75,6.0,,,,6.5,,,bootstrap_khaosat,7810101,32,2,18
D01,9.0,,7.25,9.5,,,,,,,bootstrap_khaosat,7810101,32,2,19
C00,8.0,9.0,,,,,9.0,,,,bootstrap_khaosat,7810101,32,2,20
A01,,,6.75,6.0,,,,6.5,,,bootstrap_khaosat,7810101,32,2,21
A00,,,,7.75,,,,5.0,5.75,,bootstrap_khaosat,7810101,32,2,22
A01,,,8.75,8.25,,,,6.0,,,bootstrap_khaosat,7810101,32,2,23
A01,,,6.75,6.0,,,,6.5,,,bootstrap_khaosat,7810101,32,2,24
A01,,,8.75,8.25,,,,6.0,,,bootstrap_khaosat,7810101,32,2,25
D01,9.0,,7.25,9.5,,,,,,,bootstrap_khaosat,7810101,32,2,26
A01,,,6.75,6.0,,,,6.5,,,bootstrap_khaosat,7810101,32,2,27
A01,,,6.75,6.0,,,,6.5,,,bootstrap_khaosat,7810101,32,2,28
C00,8.0,9.0,,,,,9.0,,,,bootstrap_khaosat,7810101,32,2,29
A00,,,,7.75,,,,5.0,5.75,,bootstrap_khaosat,7810101,32,2,30
A01,,,7.75,8.0,,,,5.25,,,bootstrap_khaosat,7810101,32,2,31
A01,,,8.75,8.25,,,,6.0,,,bootstrap_khaosat,7810101,32,2,32
A01,,,6.75,6.0,,,,6.5,,,bootstrap_khaosat,7810101,32,2,33
A00,,,,7.75,,,,5.0,5.75,,bootstrap_khaosat,7810101,32,2,34
A01,,,7.75,8.0,,,,5.25,,,bootstrap_khaosat,7810101,32,2,35
A00,,,,7.75,,,,5.0,5.75,,bootstrap_khaosat,7810101,32,2,36
D01,9.0,,7.25,9.5,,,,,,,bootstrap_khaosat,7810101,32,2,37
A00,,,,5.25,,,,6.75,8.5,,bootstrap_khaosat,7810101,32,2,38
A01,,,7.75,8.0,,,,5.25,,,bootstrap_khaosat,7810101,32,2,39
A00,,,,7.75,,,,5.0,5.75,,bootstrap_khaosat,7810101,32,2,40
A01,,,7.75,8.0,,,,5.25,,,bootstrap_khaosat,7810101,32,2,41
A00,,,,7.75,,,,5.0,5.75,,bootstrap_khaosat,7810101,32,2,42
D01,9.0,,7.25,9.5,,,,,,,bootstrap_khaosat,7810101,32,2,43
C00,8.0,9.0,,,,,9.0,,,,bootstrap_khaosat,7810101,32,2,44
C00,8.0,9.0,,,,,9.0,,,,bootstrap_khaosat,7810101,32,2,45
C00,8.0,9.0,,,,,8.0,,,,bootstrap_khaosat,7810101,32,2,46
A01,,,7.75,8.0,,,,5.25,,,bootstrap_khaosat,7810101,32,2,47
A01,,,6.75,6.0,,,,6.5,,,bootstrap_khaosat,7810101,32,2,48
A01,,,7.75,8.0,,,,5.25,,,bootstrap_khaosat,7810101,32,2,49
A01,,,6.75,6.0,,,,6.5,,,bootstrap_khaosat,7810101,32,2,50
A01,,,7.75,8.0,,,,5.25,,,bootstrap_khaosat,7810101,32,2,51
A01,,,6.75,6.0,,,,6.5,,,bootstrap_khaosat,7810101,32,2,52
A00,,,,7.75,,,,5.0,5.75,,bootstrap_khaosat,7810101,32,2,53
C00,8.0,9.0,,,,,9.0,,,,bootstrap_khaosat,7810101,32,2,54
D01,9.0,,7.25,9.5,,,,,,,bootstrap_khaosat,7810101,32,2,55
D01,9.0,,7.25,9.5,,,,,,,bootstrap_khaosat,7810101,32,2,56
C00,8.0,9.0,,,,,9.0,,,,bootstrap_khaosat,7810101,32,2,57
D01,9.0,,7.25,9.5,,,,,,,bootstrap_khaosat,7810101,32,2,58
A00,,,,7.75,,,,5.0,5.75,,bootstrap_khaosat,7810101,32,2,59
A01,,,7.75,8.0,,,,5.25,,,bootstrap_khaosat,7810101,32,2,60
A00,,,,7.75,,,,5.0,5.75,,bootstrap_khaosat,7810101,32,2,61
A01,,,8.75,8.25,,,,6.0,,,bootstrap_khaosat,7810101,32,2,62
A01,,,8.75,8.25,,,,6.0,,,bootstrap_khaosat,7810101,32,2,63
C00,8.0,9.0,,,,,8.0,,,,bootstrap_khaosat,7810101,32,2,64
A00,,,,7.75,,,,5.0,5.75,,bootstrap_khaosat,7810101,32,2,65
A00,,,,7.75,,,,5.0,5.75,,bootstrap_khaosat,7810101,32,2,66
D01,8.2,,6.6,7.5,,,,,,,ttth,7810103,33,2,0
D15,7.0,5.8,8.75,,,,,,,,ttth,7810103,33,2,1
D01,7.75,,7.0,8.0,,,,,,,ttth,7810103,33,2,2
D01,5.0,,5.6,7.5,,,,,,,ttth,7810103,33,2,3
D01,7.75,,7.6,7.2,,,,,,,ttth,7810103,33,2,4
A01,,,8.6,7.2,,,,6.5,,,ttth,7810103,33,2,5
A01,,,7.4,7.8,,,,7.0,,,ttth,7810103,33,2,6
D15,8.0,5.8,6.0,,,,,,,,ttth,7810103,33,2,7
A00,,,,7.4,,,,7.75,7.75,,ttth,7810103,33,2,8
D01,7.0,,7.2,7.0,,,,,,,ttth,7810103,33,2,9
D01,6.2,,7.0,7.75,,,,,,,ttth,7810103,33,2,10
D01,7.5,,8.6,6.6,,,,,,,ttth,7810103,33,2,11
D01,5.8,,5.0,7.75,,,,,,,ttth,7810103,33,2,12
D01,8.75,,6.8,7.0,,,,,,,ttth,7810103,33,2,13
D01,8.0,,6.8,7.6,,,,,,,ttth,7810103,33,2,14
A01,,,6.8,6.75,,,,6.2,,,ttth,7810103,33,2,15
D01,6.4,,6.6,7.0,,,,,,,ttth,7810103,33,2,16
D01,7.2,,6.6,8.0,,,,,,,ttth,7810103,33,2,17
D01,8.0,,6.6,7.6,,,,,,,ttth,7810103,33,2,18
D01,4.6,,6.6,7.75,,,,,,,ttth,7810103,33,2,19
A01,,,8.8,6.6,,,,7.25,,,ttth,7810103,33,2,20
D01,7.5,,7.4,7.6,,,,,,,ttth,7810103,33,2,21
D15,6.75,6.2,5.75,,,,,,,,ttth,7810103,33,2,22
A00,,,,7.6,,,,6.5,8.0,,ttth,7810103,33,2,23
D15,6.5,4.0,7.75,,,,,,,,ttth,7810103,33,2,24
D01,7.25,,6.6,8.4,,,,,,,ttth,7810103,33,2,25
A00,,,,6.0,,,,6.25,6.2,,ttth,7810103,33,2,26
D01,5.6,,7.0,7.5,,,,,,,ttth,7810103,33,2,27
D01,5.6,,7.0,7.0,,,,,,,ttth,7810103,33,2,28
D01,7.0,,7.6,8.25,,,,,,,ttth,7810103,33,2,29
D15,5.75,5.6,7.25,,,,,,,,ttth,7810103,33,2,30
D01,6.2,,6.2,9.25,,,,,,,ttth,7810103,33,2,31
D15,6.25,5.4,7.25,,,,,,,,ttth,7810103,33,2,32
D01,6.4,,6.2,7.5,,,,,,,ttth,7810103,33,2,33
D15,6.75,6.8,7.25,,,,,,,,ttth,7810103,33,2,34
D01,6.2,,6.8,6.25,,,,,,,ttth,7810103,33,2,35
D01,7.75,,7.6,7.6,,,,,,,ttth,7810103,33,2,36
D01,7.5,,7.8,7.0,,,,,,,ttth,7810103,33,2,37
D01,5.8,,6.6,7.5,,,,,,,ttth,7810103,33,2,38
D01,9.25,,6.0,7.6,,,,,,,ttth,7810103,33,2,39
D01,6.6,,7.6,7.0,,,,,,,ttth,7810103,33,2,40
A00,,,,6.25,,,,6.75,6.6,,ttth,7810103,33,2,41
D15,7.75,5.4,7.5,,,,,,,,ttth,7810103,33,2,42
D01,7.2,,6.8,9.0,,,,,,,ttth,7810103,33,2,43
D01,3.8,,8.2,5.5,,,,,,,ttth,7810103,33,2,44
A00,,,,6.75,,,,7.25,8.6,,ttth,7810103,33,2,45
A00,,,,6.25,,,,7.0,6.4,,ttth,7810103,33,2,46
D15,7.75,5.8,7.5,,,,,,,,ttth,7810103,33,2,47
D15,8.25,7.4,6.5,,,,,,,,ttth,7810103,33,2,48
D15,6.5,5.0,6.75,,,,,,,,ttth,7810103,33,2,49
D15,6.25,9.0,7.25,,,,,,,,ttth,7810103,33,2,50
D01,7.25,,7.8,8.2,,,,,,,ttth,7810103,33,2,51
A00,,,,7.25,,,,7.25,8.4,,ttth,7810103,33,2,52
A01,,,8.6,8.2,,,,6.75,,,ttth,7810103,33,2,53
D01,5.6,,7.4,7.0,,,,,,,ttth,7810103,33,2,54
D01,8.2,,7.8,6.75,,,,,,,ttth,7810103,33,2,55
A00,,,,6.75,,,,7.75,8.2,,ttth,7810103,33,2,56
A00,,,,8.0,,,,7.75,7.5,,ttth,7810103,33,2,57
D01,8.4,,6.6,6.5,,,,,,,ttth,7810103,33,2,58
A00,,,,7.6,,,,7.0,8.25,,ttth,7810103,33,2,59
D01,4.4,,6.8,7.25,,,,,,,ttth,7810103,33,2,60
A00,,,,7.0,,,,7.75,7.2,,ttth,7810103,33,2,61
D01,6.0,,6.6,6.0,,,,,,,ttth,7810103,33,2,62
D01,6.6,,7.0,7.25,,,,,,,ttth,7810103,33,2,63
D01,5.0,,6.2,8.0,,,,,,,ttth,7810103,33,2,64
D15,6.25,3.4,8.25,,,,,,,,ttth,7810103,33,2,65
A00,,,,7.75,,,,6.75,8.6,,ttth,7810103,33,2,66
D01,6.2,,6.8,7.75,,,,,,,ttth,7810201,34,2,0
A01,,,7.8,6.75,,,,8.6,,,ttth,7810201,34,2,1
D15,6.75,6.2,7.75,,,,,,,,ttth,7810201,34,2,2
A00,,,,7.8,,,,8.0,7.25,,ttth,7810201,34,2,3
D01,6.6,,6.4,6.25,,,,,,,ttth,7810201,34,2,4
A00,,,,7.8,,,,7.5,7.0,,ttth,7810201,34,2,5
A00,,,,7.25,,,,6.5,7.8,,ttth,7810201,34,2,6
D01,6.8,,7.4,7.0,,,,,,,ttth,7810201,34,2,7
A01,,,7.8,7.4,,,,7.5,,,ttth,7810201,34,2,8
A01,,,7.2,7.75,,,,7.6,,,ttth,7810201,34,2,9
A00,,,,7.25,,,,7.5,7.4,,ttth,7810201,34,2,10
A01,,,9.0,6.8,,,,7.25,,,ttth,7810201,34,2,11
D15,6.0,4.2,7.75,,,,,,,,ttth,7810201,34,2,12
A00,,,,7.5,,,,8.0,7.2,,ttth,7810201,34,2,13
D01,6.6,,6.8,6.0,,,,,,,ttth,7810201,34,2,14
D01,8.75,,6.4,7.6,,,,,,,ttth,7810201,34,2,15
D15,6.5,6.6,6.75,,,,,,,,ttth,7810201,34,2,16
D15,7.0,5.8,6.0,,,,,,,,ttth,7810201,34,2,17
D01,4.6,,6.8,7.0,,,,,,,ttth,7810201,34,2,18
A00,,,,7.75,,,,8.5,7.4,,ttth,7810201,34,2,19
D01,4.8,,7.6,7.0,,,,,,,ttth,7810201,34,2,20
D01,7.6,,7.4,7.0,,,,,,,ttth,7810201,34,2,21
A00,,,,8.0,,,,7.5,7.8,,ttth,7810201,34,2,22
D01,5.2,,8.0,7.0,,,,,,,ttth,7810201,34,2,23
D01,8.0,,6.4,6.5,,,,,,,ttth,7810201,34,2,24
A00,,,,6.5,,,,7.5,8.0,,ttth,7810201,34,2,25
D01,6.6,,7.4,7.75,,,,,,,ttth,7810201,34,2,26
D01,7.5,,8.0,8.0,,,,,,,ttth,7810201,34,2,27
D01,7.75,,9.0,7.4,,,,,,,ttth,7810201,34,2,28
D01,7.0,,8.2,7.4,,,,,,,ttth,7810201,34,2,29
A00,,,,7.5,,,,7.75,8.2,,ttth,7810201,34,2,30
D01,5.8,,8.2,7.75,,,,,,,ttth,7810201,34,2,31
A00,,,,7.25,,,,8.25,7.6,,ttth,7810201,34,2,32
A00,,,,7.8,,,,7.75,7.75,,ttth,7810201,34,2,33
D01,8.0,,6.6,7.75,,,,,,,ttth,7810201,34,2,34
D01,4.2,,6.6,7.75,,,,,,,ttth,7810201,34,2,35
A00,,,,6.8,,,,7.0,8.25,,ttth,7810201,34,2,36
D01,5.75,,8.8,7.4,,,,,,,ttth,7810201,34,2,37
D01,9.0,,7.2,7.4,,,,,,,ttth,7810201,34,2,38
A00,,,,6.75,,,,7.0,8.2,,ttth,7810201,34,2,39
D15,7.0,5.0,6.0,,,,,,,,ttth,7810201,34,2,40
D15,6.75,5.8,8.25,,,,,,,,ttth,7810201,34,2,41
A00,,,,6.75,,,,7.0,6.4,,ttth,7810201,34,2,42
D01,5.8,,6.8,7.0,,,,,,,ttth,7810201,34,2,43
D15,8.0,6.8,8.0,,,,,,,,ttth,7810201,34,2,44
A00,,,,6.0,,,,7.0,7.8,,ttth,7810201,34,2,45
D15,6.5,5.6,8.0,,,,,,,,ttth,7810201,34,2,46
D01,6.6,,6.8,8.25,,,,,,,ttth,7810201,34,2,47
D01,7.5,,7.6,7.4,,,,,,,ttth,7810201,34,2,48
D01,6.8,,7.4,6.75,,,,,,,ttth,7810201,34,2,49
D15,6.75,6.0,7.25,,,,,,,,ttth,7810201,34,2,50
D01,7.2,,7.6,7.5,,,,,,,ttth,7810201,34,2,51
D01,7.0,,8.8,7.4,,,,,,,ttth,7810201,34,2,52
D01,7.75,,8.0,7.8,,,,,,,ttth,7810201,34,2,53
D01,5.2,,6.6,6.5,,,,,,,ttth,7810201,34,2,54
D01,5.8,,7.2,5.5,,,,,,,ttth,7810201,34,2,55
A00,,,,8.2,,,,7.25,7.75,,ttth,7810201,34,2,56
D01,8.0,,8.6,7.2,,,,,,,ttth,7810201,34,2,57
A00,,,,7.25,,,,7.5,7.4,,ttth,7810201,34,2,58
A00,,,,5.75,,,,7.75,7.0,,ttth,7810201,34,2,59
D01,4.0,,6.8,9.0,,,,,,,ttth,7810201,34,2,60
D01,9.25,,7.2,7.0,,,,,,,ttth,7810201,34,2,61
A00,,,,8.0,,,,8.0,8.2,,ttth,7810201,34,2,62
A00,,,,7.8,,,,6.0,8.5,,ttth,7810201,34,2,63
D01,7.0,,8.6,7.6,,,,,,,ttth,7810201,34,2,64
A01,,,7.6,7.5,,,,7.4,,,ttth,7810201,34,2,65
D01,5.4,,6.8,7.5,,,,,,,ttth,7810201,34,2,66
D01,6.8,,7.2,8.5,,,,,,,ttth,7810202,35,2,0
D15,6.75,6.4,8.25,,,,,,,,ttth,7810202,35,2,1
A01,,,6.6,5.5,,,,7.0,,,ttth,7810202,35,2,2
A00,,,,7.8,,,,7.75,7.75,,ttth,7810202,35,2,3
A00,,,,7.8,,,,7.5,8.0,,ttth,7810202,35,2,4
A00,,,,7.4,,,,7.0,7.75,,ttth,7810202,35,2,5
A00,,,,8.0,,,,7.0,7.5,,ttth,7810202,35,2,6
D01,8.5,,8.2,7.8,,,,,,,ttth,7810202,35,2,7
A00,,,,7.8,,,,6.75,8.25,,ttth,7810202,35,2,8
D01,8.0,,7.0,8.0,,,,,,,ttth,7810202,35,2,9
D15,6.75,4.2,8.0,,,,,,,,ttth,7810202,35,2,10
D15,8.0,5.2,6.42,,,,,,,,ttth,7810202,35,2,11
D01,8.5,,7.8,6.6,,,,,,,ttth,7810202,35,2,12
D15,7.0,6.2,8.5,,,,,,,,ttth,7810202,35,2,13
D01,7.6,,6.8,6.5,,,,,,,ttth,7810202,35,2,14
D01,8.0,,7.6,7.5,,,,,,,ttth,7810202,35,2,15
D01,8.8,,8.4,7.25,,,,,,,ttth,7810202,35,2,16
A00,,,,8.2,,,,7.0,7.25,,ttth,7810202,35,2,17
A00,,,,7.25,,,,7.75,7.8,,ttth,7810202,35,2,18
D01,6.2,,7.8,8.0,,,,,,,ttth,7810202,35,2,19
D01,5.0,,7.0,8.5,,,,,,,ttth,7810202,35,2,20
D01,7.5,,8.8,7.2,,,,,,,ttth,7810202,35,2,21
A01,,,8.4,7.25,,,,6.2,,,ttth,7810202,35,2,22
D15,6.0,5.0,8.5,,,,,,,,ttth,7810202,35,2,23
D01,7.4,,8.2,7.25,,,,,,,ttth,7810202,35,2,24
D01,5.6,,6.8,8.25,,,,,,,ttth,7810202,35,2,25
A01,,,8.8,7.8,,,,6.5,,,ttth,7810202,35,2,26
A00,,,,6.0,,,,6.25,7.4,,ttth,7810202,35,2,27
D01,6.0,,8.2,6.75,,,,,,,ttth,7810202,35,2,28
D01,7.0,,8.8,7.2,,,,,,,ttth,7810202,35,2,29
D01,7.4,,8.2,6.0,,,,,,,ttth,7810202,35,2,30
D01,7.5,,7.6,7.8,,,,,,,ttth,7810202,35,2,31
D01,8.25,,8.2,6.6,,,,,,,ttth,7810202,35,2,32
A00,,,,7.8,,,,7.25,7.5,,ttth,7810202,35,2,33
D15,6.5,5.2,7.5,,,,,,,,ttth,7810202,35,2,34
A00,,,,7.8,,,,6.5,8.5,,ttth,7810202,35,2,35
A00,,,,7.6,,,,7.75,8.0,,ttth,7810202,35,2,36
A00,,,,8.4,,,,7.75,7.25,,ttth,7810202,35,2,37
D01,5.6,,7.0,7.25,,,,,,,ttth,7810202,35,2,38
A00,,,,8.8,,,,6.0,7.5,,ttth,7810202,35,2,39
A01,,,7.2,5.25,,,,6.4,,,ttth,7810202,35,2,40
D01,8.0,,8.0,7.0,,,,,,,ttth,7810202,35,2,41
D01,7.2,,6.6,5.75,,,,,,,ttth,7810202,35,2,42
A00,,,,6.5,,,,7.0,6.8,,ttth,7810202,35,2,43
D01,8.0,,8.2,6.4,,,,,,,ttth,7810202,35,2,44
D15,7.5,5.4,8.5,,,,,,,,ttth,7810202,35,2,45
D01,7.25,,7.2,8.8,,,,,,,ttth,7810202,35,2,46
D01,5.8,,6.8,7.0,,,,,,,ttth,7810202,35,2,47
D15,8.25,4.0,7.25,,,,,,,,ttth,7810202,35,2,48
D01,7.0,,7.0,8.25,,,,,,,ttth,7810202,35,2,49
D01,6.2,,6.0,8.0,,,,,,,ttth,7810202,35,2,50
D01,8.25,,8.0,7.8,,,,,,,ttth,7810202,35,2,51
D01,7.5,,6.6,8.2,,,,,,,ttth,7810202,35,2,52
D01,7.4,,7.0,5.5,,,,,,,ttth,7810202,35,2,53
A00,,,,8.25,,,,6.5,6.8,,ttth,7810202,35,2,54
A01,,,8.4,8.4,,,,7.5,,,ttth,7810202,35,2,55
D01,8.0,,8.0,7.4,,,,,,,ttth,7810202,35,2,56
D15,7.25,5.2,7.25,,,,,,,,ttth,7810202,35,2,57
A00,,,,8.0,,,,6.5,7.75,,ttth,7810202,35,2,58
D01,6.6,,7.6,7.0,,,,,,,ttth,7810202,35,2,59
A00,,,,7.6,,,,7.0,7.75,,ttth,7810202,35,2,60
D01,7.0,,7.2,8.0,,,,,,,ttth,7810202,35,2,61
A00,,,,8.0,,,,6.25,8.0,,ttth,7810202,35,2,62
A00,,,,7.6,,,,7.25,7.5,,ttth,7810202,35,2,63
D15,7.5,6.0,5.75,,,,,,,,ttth,7810202,35,2,64
A00,,,,8.4,,,,8.0,6.75,,ttth,7810202,35,2,65
A00,,,,8.4,,,,8.25,7.0,,ttth,7810202,35,2,66
B00,,,,6.25,,,,,5.0,6.2,ttth,7819009,36,2,0
D07,,,7.2,8.0,,,,,7.6,,ttth,7819009,36,2,1
A01,,,6.4,6.0,,,,5.8,,,ttth,7819009,36,2,2
A01,,,7.4,6.0,,,,5.4,,,ttth,7819009,36,2,3
A00,,,,5.5,,,,6.0,6.0,,ttth,7819009,36,2,4
A01,,,6.8,6.25,,,,6.0,,,ttth,7819009,36,2,5
A00,,,,5.75,,,,7.75,5.4,,ttth,7819009,36,2,6
A00,,,,5.75,,,,7.5,6.4,,ttth,7819009,36,2,7
B00,,,,6.25,,,,,5.5,7.2,ttth,7819009,36,2,8
A00,,,,6.5,,,,8.0,7.2,,ttth,7819009,36,2,9
A00,,,,6.0,,,,5.0,7.0,,ttth,7819009,36,2,10
B00,,,,6.75,,,,,6.75,7.2,ttth,7819009,36,2,11
D07,,,6.2,5.75,,,,,6.8,,ttth,7819009,36,2,12
A01,,,7.6,5.75,,,,6.2,,,ttth,7819009,36,2,13
B00,,,,7.25,,,,,7.75,6.2,ttth,7819009,36,2,14
A00,,,,7.5,,,,7.5,7.6,,ttth,7819009,36,2,15
A00,,,,5.5,,,,6.25,7.0,,ttth,7819009,36,2,16
B00,,,,6.5,,,,,7.0,7.2,ttth,7819009,36,2,17
A00,,,,5.75,,,,7.0,7.6,,ttth,7819009,36,2,18
B00,,,,7.0,,,,,6.0,6.6,ttth,7819009,36,2,19
A00,,,,4.75,,,,5.75,6.4,,ttth,7819009,36,2,20
A00,,,,6.0,,,,6.25,6.2,,ttth,7819009,36,2,21
A00,,,,6.25,,,,6.75,6.8,,ttth,7819009,36,2,22
A00,,,,7.25,,,,6.0,7.4,,ttth,7819009,36,2,23
B00,,,,5.0,,,,,6.25,6.0,ttth,7819009,36,2,24
B00,,,,7.25,,,,,7.75,7.2,ttth,7819009,36,2,25
A01,,,6.2,5.5,,,,5.0,,,ttth,7819009,36,2,26
D07,,,7.0,7.25,,,,,6.6,,ttth,7819009,36,2,27
A00,,,,4.75,,,,5.75,6.8,,ttth,7819009,36,2,28
D07,,,7.0,6.0,,,,,6.2,,ttth,7819009,36,2,29
B00,,,,6.25,,,,,7.25,6.6,ttth,7819009,36,2,30
D07,,,7.4,6.5,,,,,6.8,,ttth,7819009,36,2,31
B00,,,,6.0,,,,,6.5,6.8,ttth,7819009,36,2,32
A01,,,7.2,7.75,,,,7.8,,,ttth,7819009,36,2,33
D07,,,6.8,5.25,,,,,7.0,,ttth,7819009,36,2,34
A01,,,7.0,6.75,,,,7.2,,,ttth,7819009,36,2,35
B00,,,,6.75,,,,,7.5,7.0,ttth,7819009,36,2,36
A00,,,,4.75,,,,5.5,6.4,,ttth,7819009,36,2,37
A01,,,7.2,6.0,,,,5.2,,,ttth,7819009,36,2,38
B00,,,,7.0,,,,,7.25,7.0,ttth,7819009,36,2,39
D07,,,6.4,6.5,,,,,6.0,,ttth,7819009,36,2,40
A01,,,6.0,5.25,,,,5.0,,,ttth,7819009,36,2,41
A01,,,7.2,7.5,,,,7.2,,,ttth,7819009,36,2,42
B00,,,,6.0,,,,,6.25,6.8,ttth,7819009,36,2,43
D07,,,6.2,3.75,,,,,7.0,,ttth,7819009,36,2,44
A00,,,,5.5,,,,5.0,7.8,,ttth,7819009,36,2,45
B00,,,,6.5,,,,,6.0,6.2,ttth,7819009,36,2,46
A00,,,,7.0,,,,8.0,8.0,,ttth,7819009,36,2,47
B00,,,,7.0,,,,,5.75,7.0,ttth,7819009,36,2,48
A01,,,7.8,6.75,,,,5.4,,,ttth,7819009,36,2,49
B00,,,,6.25,,,,,6.25,6.6,ttth,7819009,36,2,50
B00,,,,5.25,,,,,7.0,8.2,ttth,7819009,36,2,51
A01,,,6.0,6.25,,,,7.2,,,ttth,7819009,36,2,52
A00,,,,6.0,,,,7.0,6.0,,ttth,7819009,36,2,53
B00,,,,7.5,,,,,6.5,7.0,ttth,7819009,36,2,54
B00,,,,7.0,,,,,7.25,6.6,ttth,7819009,36,2,55
D07,,,7.6,7.75,,,,,8.2,,ttth,7819009,36,2,56
B00,,,,6.75,,,,,5.5,6.8,ttth,7819009,36,2,57
A01,,,7.6,7.5,,,,7.8,,,ttth,7819009,36,2,58
A00,,,,5.75,,,,4.5,7.2,,ttth,7819009,36,2,59
B00,,,,6.5,,,,,6.75,6.0,ttth,7819009,36,2,60
A01,,,6.8,5.25,,,,7.6,,,ttth,7819009,36,2,61
B00,,,,4.5,,,,,6.25,7.2,ttth,7819009,36,2,62
A00,,,,7.75,,,,6.5,6.6,,ttth,7819009,36,2,63
A00,,,,5.5,,,,6.25,5.6,,ttth,7819009,36,2,64
B00,,,,5.5,,,,,7.0,7.8,ttth,7819009,36,2,65
A00,,,,5.75,,,,5.25,6.4,,ttth,7819009,36,2,66
A01,,,7.0,7.0,,,,7.2,,,ttth,7819010,37,2,0
A00,,,,7.0,,,,6.5,6.4,,ttth,7819010,37,2,1
A00,,,,6.0,,,,7.25,7.6,,ttth,7819010,37,2,2
A00,,,,6.25,,,,5.75,7.4,,ttth,7819010,37,2,3
B00,,,,4.75,,,,,6.0,6.0,ttth,7819010,37,2,4
B00,,,,7.25,,,,,7.25,7.0,ttth,7819010,37,2,5
A00,,,,6.5,,,,6.0,6.0,,ttth,7819010,37,2,6
B00,,,,5.75,,,,,7.0,6.0,ttth,7819010,37,2,7
B00,,,,5.25,,,,,6.0,6.8,ttth,7819010,37,2,8
A00,,,,7.0,,,,7.25,7.8,,ttth,7819010,37,2,9
A00,,,,6.5,,,,7.5,8.2,,ttth,7819010,37,2,10
A00,,,,7.0,,,,6.0,5.8,,ttth,7819010,37,2,11
A01,,,8.2,7.0,,,,8.0,,,ttth,7819010,37,2,12
B00,,,,7.0,,,,,6.25,7.2,ttth,7819010,37,2,13
A01,,,6.6,5.5,,,,4.6,,,ttth,7819010,37,2,14
B00,,,,6.0,,,,,5.0,6.6,ttth,7819010,37,2,15
D07,,,7.2,7.0,,,,,7.6,,ttth,7819010,37,2,16
D07,,,7.2,5.75,,,,,6.4,,ttth,7819010,37,2,17
B00,,,,8.0,,,,,6.75,7.6,ttth,7819010,37,2,18
B00,,,,6.75,,,,,8.5,7.8,ttth,7819010,37,2,19
A00,,,,5.0,,,,5.75,7.2,,ttth,7819010,37,2,20
A00,,,,7.0,,,,6.25,6.6,,ttth,7819010,37,2,21
A00,,,,6.0,,,,5.0,7.6,,ttth,7819010,37,2,22
D07,,,7.4,7.5,,,,,6.8,,ttth,7819010,37,2,23
B00,,,,5.5,,,,,7.0,6.2,ttth,7819010,37,2,24
A00,,,,5.0,,,,5.0,7.0,,ttth,7819010,37,2,25
A01,,,7.4,7.5,,,,7.6,,,ttth,7819010,37,2,26
A00,,,,7.25,,,,7.25,7.2,,ttth,7819010,37,2,27
A00,,,,6.75,,,,5.5,6.4,,ttth,7819010,37,2,28
B00,,,,6.25,,,,,5.75,7.0,ttth,7819010,37,2,29
A01,,,5.8,5.75,,,,9.2,,,ttth,7819010,37,2,30
A00,,,,7.25,,,,5.25,7.4,,ttth,7819010,37,2,31
A01,,,7.2,5.75,,,,6.8,,,ttth,7819010,37,2,32
B00,,,,4.5,,,,,7.0,5.8,ttth,7819010,37,2,33
D07,,,7.2,5.0,,,,,4.0,,ttth,7819010,37,2,34
B00,,,,4.5,,,,,7.75,7.2,ttth,7819010,37,2,35
B00,,,,6.25,,,,,7.5,6.6,ttth,7819010,37,2,36
B00,,,,6.75,,,,,7.0,7.2,ttth,7819010,37,2,37
A00,,,,4.25,,,,6.25,7.2,,ttth,7819010,37,2,38
B00,,,,7.75,,,,,7.5,7.8,ttth,7819010,37,2,39
B00,,,,5.5,,,,,5.75,5.2,ttth,7819010,37,2,40
A00,,,,6.25,,,,6.25,6.0,,ttth,7819010,37,2,41
A00,,,,7.0,,,,7.75,7.4,,ttth,7819010,37,2,42
A00,,,,6.5,,,,6.5,6.6,,ttth,7819010,37,2,43
B00,,,,7.25,,,,,8.0,7.0,ttth,7819010,37,2,44
D07,,,6.2,5.5,,,,,6.2,,ttth,7819010,37,2,45
B00,,,,6.25,,,,,6.75,5.4,ttth,7819010,37,2,46
A00,,,,5.5,,,,8.0,7.4,,ttth,7819010,37,2,47
A00,,,,8.25,,,,7.25,7.6,,ttth,7819010,37,2,48
B00,,,,6.75,,,,,6.25,6.6,ttth,7819010,37,2,49
B00,,,,6.25,,,,,6.75,6.8,ttth,7819010,37,2,50
A00,,,,6.25,,,,7.75,7.8,,ttth,7819010,37,2,51
D07,,,7.0,5.5,,,,,5.0,,ttth,7819010,37,2,52
D07,,,4.8,6.5,,,,,7.6,,ttth,7819010,37,2,53
B00,,,,6.25,,,,,6.25,6.2,ttth,7819010,37,2,54
D07,,,6.8,6.25,,,,,7.2,,ttth,7819010,37,2,55
B00,,,,4.75,,,,,7.25,6.0,ttth,7819010,37,2,56
B00,,,,6.0,,,,,7.0,5.8,ttth,7819010,37,2,57
B00,,,,6.75,,,,,7.0,6.2,ttth,7819010,37,2,58
A01,,,7.6,6.5,,,,5.0,,,ttth,7819010,37,2,59
A00,,,,7.75,,,,6.75,6.6,,ttth,7819010,37,2,60
B00,,,,7.25,,,,,6.75,5.4,ttth,7819010,37,2,61
A00,,,,6.0,,,,6.5,8.4,,ttth,7819010,37,2,62
B00,,,,7.75,,,,,5.25,5.2,ttth,7819010,37,2,63
A00,,,,5.5,,,,7.5,5.8,,ttth,7819010,37,2,64
A00,,,,6.0,,,,6.25,6.6,,ttth,7819010,37,2,65
A00,,,,6.0,,,,5.5,5.4,,ttth,7819010,37,2,66
A00,,,,8.0,,,,5.75,8.25,,ttth,7850101,38,4,0
A01,,,7.6,7.25,,,,8.0,,,ttth,7850101,38,4,1
A01,,,7.2,5.0,,,,4.6,,,ttth,7850101,38,4,2
A01,,,6.8,7.75,,,,5.8,,,ttth,7850101,38,4,3
A00,,,,7.6,,,,6.25,5.5,,ttth,7850101,38,4,4
A00,,,,7.2,,,,7.0,7.0,,ttth,7850101,38,4,5
A00,,,,5.75,,,,5.0,6.0,,ttth,7850101,38,4,6
A00,,,,8.0,,,,7.5,7.75,,ttth,7850101,38,4,7
A00,,,,6.8,,,,5.0,4.75,,ttth,7850101,38,4,8
A00,,,,6.75,,,,5.75,7.0,,ttth,7850101,38,4,9
A00,,,,8.0,,,,5.5,6.25,,ttth,7850101,38,4,10
A00,,,,5.25,,,,6.75,7.0,,ttth,7850101,38,4,11
A00,,,,6.5,,,,6.75,7.0,,ttth,7850101,38,4,12
D07,,,7.0,7.4,,,,,7.25,,ttth,7850101,38,4,13
B00,,,,5.75,,,,,5.25,6.4,ttth,7850101,38,4,14
A00,,,,6.0,,,,6.5,7.2,,ttth,7850101,38,4,15
A00,,,,7.2,,,,4.0,7.75,,ttth,7850101,38,4,16
A00,,,,5.25,,,,5.75,6.0,,ttth,7850101,38,4,17
A00,,,,7.5,,,,8.0,6.4,,ttth,7850101,38,4,18
A01,,,8.4,6.4,,,,6.75,,,ttth,7850101,38,4,19
B00,,,,6.8,,,,,7.75,6.25,ttth,7850101,38,4,20
A00,,,,6.75,,,,7.0,6.4,,ttth,7850101,38,4,21
B00,,,,6.6,,,,,4.5,5.75,ttth,7850101,38,4,22
B00,,,,6.75,,,,,6.75,7.0,ttth,7850101,38,4,23
D07,,,6.8,7.8,,,,,8.25,,ttth,7850101,38,4,24
A00,,,,8.0,,,,6.25,6.5,,ttth,7850101,38,4,25
A00,,,,6.25,,,,6.25,7.4,,ttth,7850101,38,4,26
D07,,,8.0,7.0,,,,,5.25,,ttth,7850101,38,4,27
A00,,,,7.8,,,,6.75,6.75,,ttth,7850101,38,4,28
A00,,,,6.6,,,,5.5,5.75,,ttth,7850101,38,4,29
A00,,,,7.6,,,,5.5,5.75,,ttth,7850101,38,4,30
A00,,,,7.6,,,,7.5,7.75,,ttth,7850101,38,4,31
A00,,,,6.8,,,,5.0,5.25,,ttth,7850101,38,4,32
B00,,,,7.5,,,,,6.0,6.8,ttth,7850101,38,4,33
A00,,,,7.0,,,,5.75,4.0,,ttth,7850101,38,4,34
A00,,,,7.2,,,,5.5,6.0,,ttth,7850101,38,4,35
B00,,,,7.25,,,,,7.5,6.8,ttth,7850101,38,4,36
A00,,,,6.25,,,,5.25,6.8,,ttth,7850101,38,4,37
A00,,,,6.75,,,,6.25,7.0,,ttth,7850101,38,4,38
B00,,,,7.25,,,,,4.75,6.6,ttth,7850101,38,4,39
A00,,,,6.6,,,,6.0,6.0,,ttth,7850101,38,4,40
A00,,,,6.75,,,,7.5,7.4,,ttth,7850101,38,4,41
B00,,,,6.8,,,,,7.75,6.25,ttth,7850101,38,4,42
A01,,,8.6,7.0,,,,5.4,,,ttth,7850101,38,4,43
A00,,,,6.6,,,,6.5,5.0,,ttth,7850101,38,4,44
B00,,,,6.75,,,,,5.75,6.2,ttth,7850101,38,4,45
A00,,,,4.75,,,,7.75,7.2,,ttth,7850101,38,4,46
A00,,,,5.75,,,,6.75,5.6,,ttth,7850101,38,4,47
A00,,,,6.2,,,,6.25,4.75,,ttth,7850101,38,4,48
A00,,,,6.25,,,,5.0,6.4,,ttth,7850101,38,4,49
B00,,,,7.0,,,,,7.5,6.8,ttth,7850101,38,4,50
B00,,,,5.75,,,,,6.0,6.2,ttth,7850101,38,4,51
A01,,,6.8,5.25,,,,4.8,,,ttth,7850101,38,4,52
A01,,,6.6,6.0,,,,9.0,,,ttth,7850101,38,4,53
A00,,,,6.6,,,,6.5,5.75,,ttth,7850101,38,4,54
D07,,,6.2,7.4,,,,,4.25,,ttth,7850101,38,4,55
B00,,,,6.0,,,,,5.75,7.6,ttth,7850101,38,4,56
A01,,,6.2,7.0,,,,4.4,,,ttth,7850101,38,4,57
B00,,,,5.5,,,,,5.25,6.6,ttth,7850101,38,4,58
A00,,,,7.8,,,,6.75,7.75,,ttth,7850101,38,4,59
A00,,,,7.0,,,,6.0,6.0,,ttth,7850101,38,4,60
A00,,,,8.2,,,,5.75,8.0,,ttth,7850101,38,4,61
A00,,,,7.0,,,,7.25,6.0,,ttth,7850101,38,4,62
B00,,,,7.8,,,,,6.5,7.0,ttth,7850101,38,4,63
D07,,,7.2,7.4,,,,,7.5,,ttth,7850101,38,4,64
D07,,,6.0,7.4,,,,,7.5,,ttth,7850101,38,4,65
D07,,,7.0,6.25,,,,,6.0,,ttth,7850101,38,4,66
