SBD,ma_nganh,to_hop_thi,diem_Van,diem_Dia,diem_Anh,diem_Toan,diem_Gdktpl,diem_Tin,diem_Su,diem_Ly,diem_Hoa,diem_Sinh,ma_nhom
2035029,7540101,B00,,,,8.25,,,,,8.25,8.0,4
2075656,7380107,A00,,,,8.0,,,,7.5,6.5,,5
2040618,7510202,D01,8.0,,4.8,7.0,,,,,,,3
2042637,7810202,D01,7.8,,7.2,5.75,,,,,,,2
42010058,7340201,A01,,,7.6,8.0,,,,8.0,,,1
2071171,7340101,A00,,,,6.5,,,,8.0,7.0,,1
44013108,7340115,A00,,,,8.0,,,,8.25,7.0,,1
53001416,7340301,A00,,,,6.75,,,,8.25,6.4,,1
53000363,7510303,D01,8.5,,6.0,6.8,,,,,,,3
47000100,7340301,D01,8.6,,7.2,7.5,,,,,,,1
53003134,7540204,D01,5.4,,5.8,8.0,,,,,,,3
51007299,7420201,B00,,,,7.25,,,,,6.75,7.6,4
2018140,7340201,A01,,,8.8,7.0,,,,7.25,,,1
50011713,7480201,A00,,,,8.0,,,,8.0,7.4,,0
49010421,7340201,A00,,,,6.25,,,,8.0,7.2,,1
49001646,7460108,D01,5.4,,7.2,6.5,,,,,,,0
2044316,7510303,A00,,,,7.0,,,,7.75,7.6,,3
47000190,7480202,D01,6.5,,6.6,6.6,,,,,,,0
30002695,7220204,D01,5.4,,8.0,8.5,,,,,,,6
38006588,7220204,D09,,,9.2,7.4,,,7.0,,,,6
53006409,7340122,A00,,,,6.5,,,,8.5,6.6,,1
28000618,7380107,D01,5.0,,8.6,8.25,,,,,,,5
53003791,7340101,D01,7.0,,8.4,8.6,,,,,,,1
2062741,7340201,D01,6.0,,7.8,7.0,,,,,,,1
47000158,7220201,D01,7.2,,6.2,7.5,,,,,,,6
42011198,7340120,D01,7.8,,7.4,8.75,,,,,,,1
35010633,7340101,A00,,,,6.75,,,,9.0,7.8,,1
2064927,7510303,A01,,,7.8,6.5,,,,7.0,,,3
44002618,7480201,A00,,,,6.5,,,,7.25,7.0,,0
48012628,7480201,D01,8.6,,8.0,7.5,,,,,,,0
2032737,7480201,A01,,,7.2,6.5,,,,7.2,,,0
2073015,7480201,A01,,,8.2,8.0,,,,7.25,,,0
2069444,7810201,D01,9.2,,7.2,7.0,,,,,,,2
41012660,7340101,A00,,,,7.0,,,,7.75,7.2,,1
2054177,7480201,D01,8.0,,8.8,8.6,,,,,,,0
46001849,7810202,D01,4.4,,7.0,6.75,,,,,,,2
53013193,7540101,A00,,,,7.5,,,,8.0,7.8,,4
45003845,7340120,D01,7.5,,8.2,7.6,,,,,,,1
51014856,7810201,A00,,,,6.75,,,,7.0,6.4,,2
40002957,7480201,A00,,,,8.25,,,,7.25,8.2,,0
2006811,7810103,D01,5.6,,7.0,6.0,,,,,,,2
37017631,7480201,A00,,,,7.8,,,,7.75,7.75,,0
43001182,7220201,A01,,,8.6,8.6,,,,7.75,,,6
15005387,7340115,D01,8.8,,6.2,9.0,,,,,,,1
43005714,7220201,A01,,,9.2,7.4,,,,7.25,,,6
52002369,7380107,D01,7.75,,7.2,7.4,,,,,,,5
54009349,7380107,A00,,,,8.6,,,,7.25,8.0,,5
56006283,7510401,A00,,,,7.0,,,,6.75,7.5,,3
37009547,7340101,D01,7.25,,8.0,8.2,,,,,,,1
49002344,7480201,A00,,,,7.25,,,,8.25,8.0,,0
2066151,7480201,D01,7.0,,8.2,7.4,,,,,,,0
54010378,7340101,D01,8.6,,7.8,8.5,,,,,,,1
37006329,7340120,A01,,,7.6,8.5,,,,7.6,,,1
37006813,7480202,D07,,,7.8,6.75,,,,,8.4,,0
48009302,7340301,A00,,,,7.75,,,,7.5,8.0,,1
40019293,7380107,A01,,,8.0,6.75,,,,7.4,,,5
49011916,7340129,D01,6.75,,6.6,7.4,,,,,,,4
2057807,7340115,A00,,,,7.75,,,,7.5,7.8,,1
40005110,7340201,A01,,,7.2,7.5,,,,7.2,,,1
2078663,7510303,A00,,,,7.4,,,,7.5,6.75,,3
37012878,7540204,D01,6.5,,5.6,5.0,,,,,,,3
2049919,7850101,D07,,,6.2,7.4,,,,,4.25,,4
46001508,7340115,A00,,,,8.25,,,,8.0,7.6,,1
42012392,7810103,D01,8.25,,8.0,7.4,,,,,,,2
35010138,7340115,A00,,,,7.0,,,,7.5,7.6,,1
4009335,7340115,D01,8.6,,7.6,6.75,,,,,,,1
51011362,7810103,A00,,,,8.4,,,,7.5,7.75,,2
2028378,7510406,A00,,,,7.0,,,,6.25,6.25,,4
2022406,7340101,A01,,,7.4,7.5,,,,9.0,,,1
53013734,7340122,D01,7.8,,7.2,8.0,,,,,,,1
2052637,7420201,A01,,,8.0,8.0,,,,8.0,,,4
37012264,7510203,D01,6.25,,7.0,6.4,,,,,,,3
54012217,7510401,A00,,,,6.6,,,,6.25,7.75,,3
52010201,7340115,A00,,,,7.75,,,,8.0,7.6,,1
37000736,7340115,A00,,,,8.8,,,,7.5,8.0,,1
2066452,7480202,D01,6.0,,9.4,7.8,,,,,,,0
2066139,7340301,A01,,,8.0,7.25,,,,7.2,,,1
2024689,7340101,A00,,,,7.75,,,,7.0,7.8,,1
37012024,7480201,A00,,,,7.8,,,,6.75,8.0,,0
35013246,7340301,A00,,,,8.25,,,,7.25,7.6,,1
35009653,7220204,D01,8.25,,8.0,8.2,,,,,,,6
52000713,7540106,D07,,,7.6,7.6,,,,,7.5,,4
2071661,7510303,A00,,,,6.5,,,,7.25,6.6,,3
37017044,7340115,D01,7.6,,8.4,8.75,,,,,,,1
2067489,7850101,A00,,,,7.6,,,,6.0,8.5,,4
47011124,7380107,D01,6.8,,8.2,7.75,,,,,,,5
51006866,7420201,A00,,,,6.75,,,,7.25,6.4,,4
48021750,7540101,D07,,,6.8,7.0,,,,,8.2,,4
46009583,7810201,A01,,,7.0,7.5,,,,7.8,,,2
41001156,7480201,D07,,,8.2,8.25,,,,,8.6,,0
35010278,7340101,A00,,,,6.25,,,,7.5,6.8,,1
2038721,7510203,D01,5.75,,7.4,7.0,,,,,,,3
53010130,7340129,A00,,,,7.0,,,,7.75,7.2,,4
2035621,7510303,A01,,,7.4,7.5,,,,7.0,,,3
2006233,7510301,D01,5.8,,7.2,6.25,,,,,,,3
2066476,7510401,A00,,,,6.4,,,,7.5,7.25,,3
48021147,7340101,A00,,,,7.4,,,,8.0,8.5,,1
2042990,7510202,A01,,,7.8,6.5,,,,4.8,,,3
2044516,7480202,D07,,,7.0,7.25,,,,,8.2,,0
39010389,7220201,D01,7.5,,8.0,7.8,,,,,,,6
49001944,7380107,D01,8.5,,6.6,7.4,,,,,,,5
33002507,7340205,A01,,,7.4,7.25,,,,7.6,,,1
48027897,7510401,A00,,,,7.5,,,,7.75,7.4,,3
46009776,7480202,A00,,,,6.0,,,,6.75,7.0,,0
2071892,7850101,A00,,,,7.0,,,,5.5,7.75,,4
60002250,7340101,A00,,,,7.5,,,,8.0,7.8,,1
2003260,7420201,A00,,,,6.25,,,,7.5,7.8,,4
2031295,7480201,A00,,,,8.25,,,,8.0,8.6,,0
2034737,7340115,D01,7.2,,7.4,7.75,,,,,,,1
2048263,7810202,D01,7.75,,8.0,7.6,,,,,,,2
2011944,7420201,D07,,,5.8,6.5,,,,,7.6,,4
2041245,7340201,A00,,,,8.25,,,,8.25,7.6,,1
2002555,7480201,A00,,,,8.4,,,,7.0,7.75,,0
48030536,7540101,A00,,,,6.5,,,,7.0,7.4,,4
48016963,7340120,D01,8.0,,8.4,6.8,,,,,,,1
48021716,7220201,D01,7.5,,8.4,8.8,,,,,,,6
46006857,7819010,B00,,,,5.25,,,,,6.5,6.6,2
2040258,7380107,D01,8.0,,7.4,7.75,,,,,,,5
48002119,7340101,D01,7.75,,8.8,7.4,,,,,,,1
38009037,7340101,A00,,,,8.25,,,,6.75,6.6,,1
53000603,7340101,D01,8.75,,8.2,7.4,,,,,,,1
47006881,7810201,D15,6.5,6.0,8.5,,,,,,,,2
53011623,7480202,A00,,,,6.5,,,,7.25,8.2,,0
2010628,7510301,D01,9.6,,6.4,5.25,,,,,,,3
52012746,7819010,D07,,,6.6,6.0,,,,,6.8,,2
56009502,7480201,A00,,,,8.25,,,,7.5,6.6,,0
37016399,7540204,D01,7.25,,6.2,6.0,,,,,,,3
2072997,7480201,D07,,,7.8,7.4,,,,,7.75,,0
2075610,7810201,A00,,,,4.75,,,,7.25,6.4,,2
56007365,7340101,D01,6.6,,7.0,7.25,,,,,,,1
50013914,7340201,D01,7.0,,7.4,8.0,,,,,,,1
46005479,7510202,D07,,,7.4,7.0,,,,,5.8,,3
37012591,7510202,A01,,,7.0,8.0,,,,6.5,,,3
2007084,7819009,D07,,,6.2,5.75,,,,,6.8,,2
2045179,7340101,A01,,,7.6,7.5,,,,8.0,,,1
2008852,7540106,D07,,,7.4,7.25,,,,,6.8,,4
58006991,7510301,A00,,,,7.8,,,,6.75,7.0,,3
57011188,7540101,A00,,,,8.0,,,,7.75,7.75,,4
2014092,7540101,D07,,,7.4,7.5,,,,,8.2,,4
48003404,7340120,A00,,,,7.75,,,,7.25,7.6,,1
35004289,7510303,A00,,,,8.4,,,,5.5,6.5,,3
40010904,7340120,D01,7.2,,6.6,7.75,,,,,,,1
46000649,7850101,A00,,,,6.75,,,,7.5,8.0,,4
2050048,7340301,A00,,,,8.4,,,,7.5,7.75,,1
2011486,7810103,D15,7.0,7.4,7.0,,,,,,,,2
2023099,7510202,A01,,,8.6,7.75,,,,5.6,,,3
49009826,7340129,A00,,,,6.0,,,,6.75,7.0,,4
37012247,7340301,A00,,,,7.5,,,,7.75,8.2,,1
46006933,7340122,A00,,,,6.5,,,,8.25,7.6,,1
43009186,7540101,D07,,,7.8,7.25,,,,,7.0,,4
53013626,7340115,D01,7.8,,7.6,8.5,,,,,,,1
2084493,7340129,D01,5.6,,7.8,6.75,,,,,,,4
48014669,7340129,D01,7.4,,7.0,8.0,,,,,,,4
39009203,7810201,D01,7.5,,8.8,7.4,,,,,,,2
53009851,7340101,D01,7.6,,7.2,7.25,,,,,,,1
41012671,7340122,A00,,,,8.5,,,,7.0,7.4,,1
42012339,7480201,D01,6.0,,7.6,8.2,,,,,,,0
48021828,7850101,A00,,,,4.75,,,,7.75,7.2,,4
2039133,7810201,A00,,,,6.0,,,,8.0,6.8,,2
37017441,7340115,A01,,,8.4,7.8,,,,8.0,,,1
2060626,7340301,A00,,,,6.75,,,,7.25,7.6,,1
17007912,7340115,D01,8.6,,7.2,8.25,,,,,,,1
52006192,7220204,D01,8.0,,7.4,7.2,,,,,,,6
38003220,7340201,D01,7.6,,7.8,8.75,,,,,,,1
46005321,7819010,A01,,,7.6,6.5,,,,5.0,,,2
41008874,7340115,D01,7.8,,7.8,7.25,,,,,,,1
63001230,7340115,A00,,,,7.0,,,,8.25,7.8,,1
47012073,7510203,D01,3.4,,7.0,7.0,,,,,,,3
2068197,7540106,B00,,,,8.0,,,,,5.5,6.25,4
2008724,7510401,A00,,,,7.6,,,,6.75,8.25,,3
56004840,7810202,D15,6.5,6.4,6.0,,,,,,,,2
2040362,7340205,A00,,,,7.0,,,,8.25,7.2,,1
49005677,7540106,A00,,,,7.75,,,,7.5,7.4,,4
2079759,7510301,D01,5.75,,5.4,6.6,,,,,,,3
48017302,7510203,A00,,,,6.8,,,,8.0,7.0,,3
41006243,7810201,A00,,,,7.8,,,,8.0,7.25,,2
44010167,7540101,A00,,,,8.0,,,,8.0,8.0,,4
39004139,7810202,D01,7.5,,7.6,7.2,,,,,,,2
3003487,7480202,A00,,,,6.5,,,,7.5,6.8,,0
48014841,7340115,D01,7.0,,7.8,7.75,,,,,,,1
2035160,7340205,A00,,,,7.5,,,,6.5,5.4,,1
2066170,7420201,D07,,,7.2,7.25,,,,,6.6,,4
53008428,7540204,D01,6.0,,6.4,8.25,,,,,,,3
44004272,7340101,A01,,,8.6,8.6,,,,6.5,,,1
2043787,7520115,A00,,,,6.75,,,,6.5,7.8,,3
52003630,7480201,A01,,,8.2,7.8,,,,6.75,,,0
60004313,7480201,A00,,,,7.25,,,,8.0,8.0,,0
2019848,7850101,A01,,,7.4,5.2,,,,5.5,,,4
53016383,7480201,A01,,,9.0,7.8,,,,7.5,,,0
36001877,7480201,A00,,,,8.5,,,,7.0,7.6,,0
2035705,7510203,A01,,,7.8,6.75,,,,6.4,,,3
46006036,7510301,A00,,,,6.5,,,,7.0,7.4,,3
2022987,7340120,A01,,,8.6,8.0,,,,8.0,,,1
52003313,7510303,A00,,,,7.4,,,,5.75,7.25,,3
54002099,7340115,D01,8.8,,7.4,8.25,,,,,,,1
49005648,7540101,A00,,,,8.0,,,,7.25,7.8,,4
2007300,7810201,D01,8.0,,8.6,7.2,,,,,,,2
41014413,7510301,A01,,,6.0,7.0,,,,7.25,,,3
50000168,7810201,D01,8.0,,6.6,7.75,,,,,,,2
56007999,7510203,A00,,,,7.0,,,,4.25,5.25,,3
37005417,7510303,D01,5.25,,6.8,6.8,,,,,,,3
44008596,7340129,D01,8.4,,7.8,7.5,,,,,,,4
2007626,7340101,A00,,,,7.25,,,,8.25,8.0,,1
37015891,7340301,A00,,,,8.6,,,,7.75,7.0,,1
56001568,7420201,A01,,,7.4,7.8,,,,7.75,,,4
55001462,7540101,A00,,,,7.5,,,,9.5,8.8,,4
37010267,7340201,A00,,,,7.25,,,,8.0,8.0,,1
48006271,7480202,D01,6.0,,5.6,5.4,,,,,,,0
42006163,7480201,D01,6.2,,8.0,7.0,,,,,,,0
2022088,7480201,A01,,,8.6,8.0,,,,6.75,,,0
52008303,7510303,A00,,,,7.0,,,,7.75,7.8,,3
35008532,7340301,D01,7.5,,7.2,7.8,,,,,,,1
48023242,7540101,B00,,,,6.75,,,,,7.25,8.0,4
44009540,7480201,D07,,,8.2,7.75,,,,,7.2,,0
56001718,7540101,B00,,,,7.5,,,,,5.5,7.6,4
2035734,7810202,A00,,,,6.0,,,,6.25,7.4,,2
2069440,7380107,D01,7.6,,7.8,7.25,,,,,,,5
2061011,7480201,A00,,,,8.75,,,,6.75,8.0,,0
46008617,7480201,A00,,,,7.5,,,,7.5,8.2,,0
52012847,7340115,D01,7.6,,6.8,8.0,,,,,,,1
40009301,7810201,A00,,,,7.8,,,,7.75,7.25,,2
49016115,7810201,D01,8.5,,7.2,7.8,,,,,,,2
2048971,7480201,D01,7.0,,8.4,7.8,,,,,,,0
44013539,7480202,D01,5.0,,7.2,8.0,,,,,,,0
2078303,7810201,A00,,,,7.75,,,,6.5,8.2,,2
49008472,7340129,D01,8.25,,6.8,6.2,,,,,,,4
39006276,7340101,A00,,,,8.6,,,,7.25,8.5,,1
2008124,7340101,A00,,,,7.0,,,,8.25,8.4,,1
40014340,7540101,B00,,,,8.5,,,,,8.0,7.2,4
2039552,7480201,A01,,,7.2,7.0,,,,8.0,,,0
2067279,7510203,A01,,,7.8,7.25,,,,6.6,,,3
35005872,7380107,D01,7.25,,6.4,7.4,,,,,,,5
48012630,7220201,D09,,,9.0,7.4,,,6.75,,,,6
36000832,7220201,D01,7.8,,6.0,6.75,,,,,,,6
60004583,7480201,D01,7.0,,8.4,8.2,,,,,,,0
39006546,7480201,D07,,,8.6,8.75,,,,,7.4,,0
2027866,7540101,D07,,,8.4,7.8,,,,,8.75,,4
37016379,7340120,A01,,,7.2,7.8,,,,7.75,,,1
32005738,7340301,A00,,,,7.25,,,,8.25,8.0,,1
39007219,7340201,A00,,,,7.0,,,,7.75,7.8,,1
2036886,7540101,B00,,,,7.5,,,,,7.25,7.0,4
2034379,7510203,D01,8.0,,6.6,7.75,,,,,,,3
2019221,7510401,B00,,,,6.5,,,,,8.75,6.8,3
2061401,7380107,D01,5.4,,6.8,8.0,,,,,,,5
43009636,7340301,A00,,,,7.8,,,,6.0,8.5,,1
48027987,7340301,A00,,,,7.0,,,,7.5,7.6,,1
45002560,7340120,A00,,,,7.75,,,,6.0,7.6,,1
35013332,7510303,A00,,,,6.25,,,,7.25,7.4,,3
2038853,7480201,D07,,,9.0,7.6,,,,,7.75,,0
44006610,7420201,B00,,,,7.6,,,,,6.5,5.25,4
53005263,7540105,A00,,,,8.0,,,,8.0,8.25,,4
51015543,7510301,D01,7.0,,7.2,7.75,,,,,,,3
2066856,7510202,A00,,,,7.6,,,,6.5,7.25,,3
57001005,7340201,A00,,,,6.25,,,,7.0,7.2,,1
51014242,7810202,D15,7.25,7.8,8.0,,,,,,,,2
63000122,7380107,A00,,,,7.0,,,,6.0,7.0,,5
53005975,7340301,A00,,,,6.75,,,,7.5,7.6,,1
28033424,7480202,A00,,,,7.2,,,,6.25,7.75,,0
2061299,7810103,A00,,,,7.25,,,,7.5,7.0,,2
53011090,7480201,D01,5.6,,7.0,8.0,,,,,,,0
41005044,7510203,A01,,,7.8,7.0,,,,7.2,,,3
2048699,7480201,A01,,,7.0,6.75,,,,8.0,,,0
35008594,7340101,D01,6.0,,7.2,9.0,,,,,,,1
44007502,7540101,A00,,,,8.0,,,,8.25,8.2,,4
53011554,7340101,D01,7.75,,8.4,7.6,,,,,,,1
2007016,7480201,A01,,,8.2,7.75,,,,8.2,,,0
41001508,7480201,D07,,,7.6,7.75,,,,,6.8,,0
53004858,7850101,D07,,,5.4,7.0,,,,,5.25,,4
2006170,7540101,A01,,,7.8,7.5,,,,7.2,,,4
56001122,7810202,D15,7.75,5.4,8.75,,,,,,,,2
44013732,7340201,D01,5.2,,6.8,8.75,,,,,,,1
48001590,7340120,D01,8.0,,8.0,8.0,,,,,,,1
61002313,7480201,D01,8.0,,7.6,7.0,,,,,,,0
37013738,7220204,D01,7.0,,9.4,6.4,,,,,,,6
51004287,7540101,A00,,,,8.0,,,,7.75,8.5,,4
49010207,7510303,A00,,,,6.0,,,,5.25,6.0,,3
61001140,7340120,D01,8.2,,7.4,6.5,,,,,,,1
49012482,7540204,A00,,,,7.0,,,,5.5,8.0,,3
52005302,7480201,A01,,,8.8,7.4,,,,6.25,,,0
2035465,7540101,D07,,,8.6,8.0,,,,,7.4,,4
49002957,7510203,D01,5.0,,5.4,7.4,,,,,,,3
2030373,7510303,D01,6.5,,6.8,7.4,,,,,,,3
44001169,7340201,D01,7.0,,7.4,8.5,,,,,,,1
46007299,7540101,B00,,,,8.0,,,,,6.75,7.2,4
40020107,7480201,D01,7.2,,6.4,7.0,,,,,,,0
47009990,7480201,D07,,,7.0,7.5,,,,,6.6,,0
2036815,7540101,D07,,,7.4,8.25,,,,,7.4,,4
51000189,7340120,A00,,,,8.0,,,,7.25,8.5,,1
2027962,7480202,A00,,,,6.4,,,,4.25,7.25,,0
52010901,7510301,D01,4.2,,7.2,6.25,,,,,,,3
41000554,7340129,D01,5.6,,7.2,8.75,,,,,,,4
53013865,7340115,D01,7.2,,8.2,9.25,,,,,,,1
44010163,7380107,A00,,,,7.75,,,,7.75,8.0,,5
44005769,7810202,A00,,,,7.8,,,,8.5,8.25,,2
36003085,7340115,A00,,,,7.5,,,,6.75,7.6,,1
2034883,7340101,D01,6.6,,7.2,7.25,,,,,,,1
46005564,7850101,A00,,,,6.25,,,,5.25,6.8,,4
40003147,7810103,D01,3.8,,7.6,8.25,,,,,,,2
2074219,7480202,A01,,,8.8,6.4,,,,5.25,,,0
46009804,7380107,A00,,,,7.0,,,,7.75,7.4,,5
35002833,7540106,A00,,,,6.75,,,,6.25,7.6,,4
38010329,7480201,A00,,,,7.5,,,,7.0,8.4,,0
46003015,7340101,A00,,,,7.0,,,,8.0,7.4,,1
29015263,7340301,D01,9.25,,5.6,8.2,,,,,,,1
49006237,7340120,D01,7.0,,8.0,8.6,,,,,,,1
2050247,7220201,D01,7.75,,9.2,6.8,,,,,,,6
45000610,7540101,B00,,,,7.5,,,,,7.0,8.0,4
43002471,7480202,A00,,,,8.0,,,,6.5,7.0,,0
43008504,7810201,A00,,,,7.5,,,,8.0,6.8,,2
60003800,7340129,A00,,,,7.25,,,,8.25,7.0,,4
46005375,7510203,A00,,,,7.2,,,,5.0,5.25,,3
40001754,7340201,D01,7.75,,7.0,7.6,,,,,,,1
42002328,7510303,A00,,,,8.8,,,,7.25,6.5,,3
50008075,7810202,D01,7.0,,6.8,8.25,,,,,,,2
2071321,7510402,A00,,,,7.0,,,,4.25,5.25,,3
35004152,7380107,D01,6.2,,8.0,6.5,,,,,,,5
2080235,7510301,A01,,,7.2,6.5,,,,6.0,,,3
2044885,7850101,A00,,,,5.25,,,,5.25,7.8,,4
59001982,7810201,D15,7.0,4.8,7.75,,,,,,,,2
2002904,7510301,A01,,,8.4,7.0,,,,6.5,,,3
2018978,7340120,D01,8.4,,6.8,7.0,,,,,,,1
40016310,7340101,D01,6.8,,7.6,7.25,,,,,,,1
34009998,7340115,A00,,,,7.5,,,,7.0,8.2,,1
42000802,7340115,D01,7.4,,8.0,8.0,,,,,,,1
43002478,7220201,D01,7.0,,10.0,7.0,,,,,,,6
29021935,7340115,A00,,,,8.5,,,,7.75,7.4,,1
35007796,7480202,D01,4.25,,5.6,6.8,,,,,,,0
43010554,7340129,D01,6.4,,7.0,7.5,,,,,,,4
2079757,7480201,D07,,,8.0,6.75,,,,,8.2,,0
2006095,7850101,A00,,,,6.0,,,,7.25,7.0,,4
35000942,7340201,A00,,,,7.5,,,,7.5,8.6,,1
48006012,7480202,D01,5.75,,7.2,6.6,,,,,,,0
49014616,7480202,A00,,,,5.75,,,,4.0,7.4,,0
53015168,7510401,A00,,,,7.8,,,,7.0,6.75,,3
48029325,7340115,A01,,,8.4,7.5,,,,7.8,,,1
2050348,7480201,D07,,,7.2,8.0,,,,,8.0,,0
40008395,7340115,D01,8.25,,8.4,7.2,,,,,,,1
2026995,7340120,D01,8.0,,8.6,7.75,,,,,,,1
2075382,7510202,A00,,,,8.0,,,,7.25,7.4,,3
2034946,7220201,D01,7.2,,8.2,7.5,,,,,,,6
47006815,7480201,A00,,,,8.0,,,,5.75,8.5,,0
42010871,7810202,A01,,,8.4,7.25,,,,6.2,,,2
44001310,7380107,A01,,,7.4,7.5,,,,8.0,,,5
43002629,7340201,A00,,,,7.8,,,,7.25,7.0,,1
2083771,7480202,A00,,,,7.4,,,,6.5,6.0,,0
53011135,7540101,D07,,,6.8,7.75,,,,,7.0,,4
2047351,7510401,D07,,,5.0,7.6,,,,,4.75,,3
35006926,7340101,D01,5.0,,7.4,8.25,,,,,,,1
2075409,7480201,A00,,,,8.25,,,,7.5,7.2,,0
52006910,7340122,A00,,,,7.5,,,,7.75,8.0,,1
48023487,7340201,D01,6.5,,7.8,8.2,,,,,,,1
49010385,7850101,A00,,,,7.8,,,,6.75,7.75,,4
48024334,7380107,D01,8.25,,5.8,7.0,,,,,,,5
2030200,7340115,D01,8.0,,7.2,7.25,,,,,,,1
2026343,7540101,A01,,,8.2,8.25,,,,8.0,,,4
37012892,7520115,D01,5.6,,7.8,6.75,,,,,,,3
43004088,7340101,A00,,,,7.0,,,,7.0,7.0,,1
2074492,7810202,D01,6.0,,8.0,7.25,,,,,,,2
37008521,7340122,D01,6.8,,8.4,7.25,,,,,,,1
61002440,7810103,D01,4.4,,6.8,7.25,,,,,,,2
2050255,7380107,A00,,,,7.25,,,,7.5,7.6,,5
2008457,7480201,D01,6.8,,7.0,7.75,,,,,,,0
52010925,7540101,A00,,,,7.25,,,,7.25,6.4,,4
37004575,7510401,A00,,,,6.8,,,,6.0,6.25,,3
2081947,7480202,A00,,,,4.5,,,,7.0,6.8,,0
37017297,7510301,D01,7.0,,7.0,7.2,,,,,,,3
44007852,7380107,A00,,,,7.75,,,,7.5,7.0,,5
2044572,7510202,D01,6.4,,7.2,5.75,,,,,,,3
40015784,7340301,A00,,,,6.25,,,,7.0,6.6,,1
56013187,7480201,A00,,,,8.4,,,,7.5,7.75,,0
53002824,7340201,A00,,,,8.4,,,,7.5,7.0,,1
54010808,7480201,D01,9.2,,6.4,7.0,,,,,,,0
48030446,7810201,A00,,,,8.6,,,,6.75,7.75,,2
35010269,7340115,D01,7.2,,7.6,8.75,,,,,,,1
43008442,7480201,A01,,,8.2,8.25,,,,7.4,,,0
50000637,7340122,A00,,,,7.0,,,,7.25,7.4,,1
51009877,7220204,D01,8.2,,7.6,8.0,,,,,,,6
50010703,7340101,D01,8.5,,8.0,8.0,,,,,,,1
2063483,7480201,D07,,,7.0,7.75,,,,,8.6,,0
56011889,7810201,D01,7.75,,7.2,7.4,,,,,,,2
32001664,7220204,D01,7.75,,7.4,7.4,,,,,,,6
2080645,7340201,D01,8.0,,7.8,6.75,,,,,,,1
2064793,7480201,D07,,,8.2,7.25,,,,,8.0,,0
50009455,7480201,D07,,,7.4,8.0,,,,,7.4,,0
2040662,7340115,D01,8.6,,7.8,8.0,,,,,,,1
2069069,7480202,A01,,,7.6,8.2,,,,7.0,,,0
53014129,7340129,D01,7.5,,7.8,5.6,,,,,,,4
40013790,7510303,A00,,,,7.0,,,,7.25,6.8,,3
44006753,7340115,A00,,,,7.25,,,,7.25,8.6,,1
63006929,7510406,A00,,,,6.5,,,,5.75,7.4,,4
49012725,7340301,D01,8.25,,7.6,7.2,,,,,,,1
44011031,7480201,D01,6.6,,7.0,7.5,,,,,,,0
2081719,7220204,D01,7.0,,7.4,8.6,,,,,,,6
60004281,7510303,A00,,,,6.0,,,,8.0,7.0,,3
53012600,7540106,B00,,,,6.6,,,,,6.25,5.5,4
48032736,7540101,B00,,,,7.5,,,,,8.25,7.0,4
48007320,7340101,A00,,,,7.75,,,,7.0,7.6,,1
43006014,7340101,A00,,,,7.0,,,,7.75,6.6,,1
56001887,7220204,D09,,,7.8,9.25,,,7.0,,,,6
46000737,7810201,A00,,,,7.5,,,,6.0,6.8,,2
44005462,7540101,D07,,,8.8,8.0,,,,,8.0,,4
40004793,7220201,D09,,,7.6,8.75,,,7.2,,,,6
2080687,7540101,B00,,,,7.75,,,,,8.0,7.6,4
49003202,7340120,D01,7.5,,8.6,8.2,,,,,,,1
2053227,7380107,D01,7.4,,6.0,7.0,,,,,,,5
2071616,7480201,A01,,,8.4,7.8,,,,6.5,,,0
41008523,7819009,A00,,,,4.75,,,,5.75,6.8,,2
35009496,7340115,D01,6.8,,7.8,8.75,,,,,,,1
53003421,7340301,D01,7.75,,6.8,8.2,,,,,,,1
38005400,7340120,D01,7.2,,6.8,9.0,,,,,,,1
48006546,7380107,D01,7.2,,7.0,7.75,,,,,,,5
37008864,7480202,D01,3.8,,6.4,6.75,,,,,,,0
50012691,7220201,D01,8.0,,8.4,6.8,,,,,,,6
54011428,7540101,D07,,,8.8,7.8,,,,,7.5,,4
53013629,7540101,B00,,,,8.4,,,,,7.75,7.5,4
2034640,7810201,D01,6.6,,6.8,6.0,,,,,,,2
35002485,7810201,A00,,,,7.75,,,,7.5,7.6,,2
35007823,7340120,A00,,,,8.0,,,,8.25,7.8,,1
37013726,7480201,A00,,,,6.5,,,,8.25,7.4,,0
2023583,7510203,A00,,,,7.25,,,,6.75,7.6,,3
42009447,7340301,A00,,,,6.25,,,,5.75,7.6,,1
2027427,7540101,B00,,,,8.6,,,,,8.25,7.75,4
61007970,7340301,D01,8.0,,6.6,8.0,,,,,,,1
2037051,7380107,D01,7.0,,6.6,8.2,,,,,,,5
2008365,7540101,D07,,,8.6,6.75,,,,,8.2,,4
38011269,7340101,A00,,,,7.6,,,,7.25,8.25,,1
48014984,7510203,D01,5.4,,7.0,7.5,,,,,,,3
53010064,7480201,A00,,,,8.0,,,,7.25,7.2,,0
46003388,7850101,A00,,,,6.6,,,,6.5,6.5,,4
52007801,7340101,A00,,,,7.25,,,,7.5,7.4,,1
53006784,7510203,A00,,,,7.2,,,,6.25,7.5,,3
40003880,7850101,A00,,,,8.0,,,,5.5,6.25,,4
52011980,7810201,D01,7.75,,6.8,8.2,,,,,,,2
43002423,7540204,A00,,,,8.4,,,,5.25,7.75,,3
2012561,7420201,A01,,,7.4,6.0,,,,5.4,,,4
2066613,7510301,A01,,,6.4,6.75,,,,6.0,,,3
44004677,7540101,B00,,,,7.0,,,,,8.25,7.2,4
49009660,7510301,A00,,,,7.6,,,,6.75,7.25,,3
48009574,7340101,D01,7.0,,7.8,8.5,,,,,,,1
49013582,7340201,A00,,,,7.25,,,,7.75,7.2,,1
2043137,7510303,D01,6.0,,6.4,6.0,,,,,,,3
2059895,7480201,D01,7.8,,7.6,5.75,,,,,,,0
46005438,7380107,A00,,,,7.75,,,,8.0,7.4,,5
2047540,7540204,A00,,,,7.0,,,,4.5,7.75,,3
2064098,7819010,A00,,,,5.5,,,,5.75,7.0,,2
28002744,7480201,D01,8.2,,8.0,7.5,,,,,,,0
2078397,7340201,A01,,,7.0,7.5,,,,7.0,,,1
63006924,7340101,D01,7.4,,7.8,7.75,,,,,,,1
48009039,7480202,A00,,,,5.5,,,,6.0,8.0,,0
2018908,7340122,D01,9.0,,7.2,7.25,,,,,,,1
47000677,7340122,A01,,,8.0,7.75,,,,7.6,,,1
30014303,7340101,A00,,,,8.25,,,,7.25,7.6,,1
63001358,7340120,A00,,,,6.5,,,,8.0,8.4,,1
2003774,7340201,D01,7.25,,7.4,8.2,,,,,,,1
2081819,7819009,B00,,,,6.0,,,,,6.25,6.8,2
39009825,7340301,D01,7.25,,7.8,7.6,,,,,,,1
48013850,7480201,D01,7.0,,6.4,7.75,,,,,,,0
2037069,7340205,A01,,,7.0,7.0,,,,6.6,,,1
45001476,7340123,A00,,,,6.75,,,,6.0,7.4,,1
2020734,7810103,D01,7.0,,5.2,6.5,,,,,,,2
2030946,7819009,B00,,,,6.0,,,,,5.5,6.0,2
29023286,7340115,D01,7.4,,7.4,8.0,,,,,,,1
41006089,7340115,D01,6.8,,8.2,8.5,,,,,,,1
46008850,7340120,A01,,,7.4,8.5,,,,7.4,,,1
56008461,7420201,B00,,,,4.75,,,,,6.5,5.8,4
2027177,7340120,A01,,,7.8,7.75,,,,8.8,,,1
39003730,7340201,A00,,,,8.0,,,,7.25,8.2,,1
56001318,7540204,D01,5.75,,6.0,6.8,,,,,,,3
48010879,7510301,D01,6.75,,6.8,8.0,,,,,,,3
41001843,7819010,A00,,,,7.5,,,,6.5,8.0,,2
2023587,7810201,D01,6.8,,7.4,6.75,,,,,,,2
39009783,7340122,D01,8.2,,8.4,7.5,,,,,,,1
44000836,7540101,B00,,,,8.0,,,,,8.25,7.4,4
41011974,7340115,D01,7.8,,8.0,7.75,,,,,,,1
35002823,7340120,D01,6.2,,8.0,9.25,,,,,,,1
2048056,7510203,A00,,,,8.6,,,,6.25,6.75,,3
61001037,7420201,D07,,,6.6,7.25,,,,,7.8,,4
2053985,7810103,D15,6.75,8.0,7.75,,,,,,,,2
52005659,7810202,A00,,,,7.8,,,,7.5,7.0,,2
45000263,7480201,D07,,,8.2,8.0,,,,,8.25,,0
2069190,7340301,A01,,,8.2,8.0,,,,7.0,,,1
2025841,7340122,A00,,,,8.25,,,,7.75,7.6,,1
2059615,7340301,D01,7.0,,8.8,7.2,,,,,,,1
2046001,7340101,A00,,,,6.5,,,,7.75,7.6,,1
2008136,7220201,D09,,,8.0,7.25,,,7.6,,,,6
2044882,7340205,A01,,,7.0,6.5,,,,6.2,,,1
48008029,7340301,A00,,,,8.2,,,,7.0,8.25,,1
52005785,7340115,A01,,,8.2,8.6,,,,7.75,,,1
51007747,7340101,D01,5.8,,7.0,8.5,,,,,,,1
35008278,7480201,A00,,,,7.25,,,,7.75,7.6,,0
40007015,7340101,A01,,,9.2,7.6,,,,6.25,,,1
54011037,7340115,D01,7.0,,7.2,8.25,,,,,,,1
40003162,7340301,A00,,,,6.25,,,,6.75,7.8,,1
40019167,7810201,D01,7.6,,7.8,6.5,,,,,,,2
46006750,7420201,B00,,,,7.5,,,,,6.25,6.4,4
35001674,7480201,A00,,,,7.75,,,,7.5,7.6,,0
37008328,7510202,D01,6.0,,5.4,6.8,,,,,,,3
2015830,7220201,D01,8.2,,8.2,6.5,,,,,,,6
55001333,7340201,A01,,,9.0,8.0,,,,7.25,,,1
2047260,7340201,D01,7.6,,6.6,7.25,,,,,,,1
46000691,7380107,D01,5.4,,6.4,7.25,,,,,,,5
2062861,7540106,D07,,,7.4,5.75,,,,,6.6,,4
53006159,7520115,D01,4.2,,8.4,7.25,,,,,,,3
2026154,7810103,D01,7.4,,7.6,6.75,,,,,,,2
46007650,7220204,D01,7.0,,6.4,8.25,,,,,,,6
2029768,7510303,D01,7.8,,6.8,7.0,,,,,,,3
48025054,7480201,D01,6.0,,7.4,7.5,,,,,,,0
53013977,7510303,A00,,,,8.0,,,,6.25,6.75,,3
42005180,7340120,D01,6.2,,7.0,8.5,,,,,,,1
38001964,7220204,A01,,,8.6,7.0,,,,5.4,,,6
53006618,7540101,A01,,,7.8,7.75,,,,8.0,,,4
37001389,7340101,A01,,,9.2,8.2,,,,6.25,,,1
43007516,7480201,A00,,,,8.0,,,,7.0,7.8,,0
46006109,7480201,D01,7.75,,8.0,7.2,,,,,,,0
39002587,7520115,D01,4.4,,6.0,6.75,,,,,,,3
39007499,7340120,A00,,,,8.25,,,,8.0,8.2,,1
46006434,7380107,A00,,,,7.0,,,,8.5,7.6,,5
40008344,7810201,D01,7.6,,5.8,8.75,,,,,,,2
37008510,7340120,A00,,,,8.0,,,,7.75,9.0,,1
32002941,7340115,A00,,,,8.0,,,,7.75,8.2,,1
37008081,7540204,D01,6.25,,7.4,8.2,,,,,,,3
47007960,7480202,D07,,,8.4,6.5,,,,,8.2,,0
2043999,7510303,A00,,,,7.5,,,,7.5,8.6,,3
52005699,7819010,B00,,,,5.25,,,,,5.75,5.8,2
33010865,7810202,D15,6.0,5.0,8.5,,,,,,,,2
2022912,7510202,D01,6.5,,7.0,7.0,,,,,,,3
50008128,7380107,D01,3.8,,7.0,8.0,,,,,,,5
60002498,7510303,A00,,,,7.25,,,,7.0,7.0,,3
2080358,7480201,D07,,,8.4,7.6,,,,,7.75,,0
53006475,7340120,A00,,,,7.0,,,,7.5,8.0,,1
29027197,7510303,D01,4.0,,6.2,8.75,,,,,,,3
59000088,7510402,A00,,,,6.5,,,,4.0,7.8,,3
2035267,7540106,B00,,,,6.25,,,,,6.75,7.4,4
2026273,7480201,A01,,,8.2,6.5,,,,9.2,,,0
2084098,7380107,A01,,,8.0,7.5,,,,7.0,,,5
44012516,7480201,D07,,,8.2,9.0,,,,,8.6,,0
44004830,7220204,D01,6.0,,8.2,8.25,,,,,,,6
2068406,7480201,A00,,,,7.5,,,,8.25,7.4,,0
47008319,7340120,D01,6.4,,8.2,7.5,,,,,,,1
52006637,7480201,D01,5.8,,7.8,7.25,,,,,,,0
48003646,7510203,A00,,,,7.6,,,,7.25,8.25,,3
46006876,7220201,D01,8.0,,7.8,8.0,,,,,,,6
35000514,7340301,D01,8.5,,8.0,6.6,,,,,,,1
60000582,7340101,A00,,,,7.5,,,,7.5,8.6,,1
2079741,7850101,A00,,,,6.8,,,,5.5,5.5,,4
48028470,7810202,A00,,,,8.4,,,,7.25,6.25,,2
50007061,7510401,A00,,,,7.5,,,,8.0,7.2,,3
2042938,7540204,D01,6.66,,8.0,6.6,,,,,,,3
49014470,7510401,A00,,,,6.25,,,,7.25,6.8,,3
2023641,7420201,B00,,,,6.6,,,,,7.0,6.75,4
34014281,7510301,A00,,,,4.75,,,,5.75,7.6,,3
48033003,7340205,D07,,,8.2,8.0,,,,,7.4,,1
38010699,7340129,A00,,,,7.0,,,,7.0,7.8,,4
53008556,7540101,A01,,,8.6,8.2,,,,7.25,,,4
2041034,7340201,D01,6.25,,8.6,8.0,,,,,,,1
2036420,7340301,A00,,,,5.25,,,,7.75,7.0,,1
53012116,7540101,B00,,,,7.5,,,,,7.25,6.4,4
37012905,7540204,D01,4.8,,7.2,8.25,,,,,,,3
2047938,7340120,D01,6.6,,7.6,7.5,,,,,,,1
47007003,7340201,A01,,,7.0,8.2,,,,7.75,,,1
49008103,7340101,A00,,,,6.25,,,,8.0,7.6,,1
42010076,7220204,D01,7.4,,6.6,8.25,,,,,,,6
42005384,7810103,D01,7.0,,7.8,7.0,,,,,,,2
32000757,7510303,D07,,,7.6,8.5,,,,,7.2,,3
45002338,7340120,D01,8.6,,7.4,8.0,,,,,,,1
2024672,7810103,D01,6.4,,6.4,6.75,,,,,,,2
53006271,7810103,A00,,,,7.4,,,,7.5,7.5,,2
40012337,7480201,A00,,,,7.0,,,,8.5,7.6,,0
2031248,7340301,D01,6.75,,8.4,8.0,,,,,,,1
48011691,7340205,A00,,,,7.5,,,,8.0,7.2,,1
36001667,7480201,D01,5.4,,8.2,7.75,,,,,,,0
2011532,7340120,D01,7.2,,8.4,7.75,,,,,,,1
57000204,7340301,A01,,,6.8,8.0,,,,8.0,,,1
2085557,7540105,A00,,,,5.6,,,,5.0,5.5,,4
51012462,7480202,A01,,,8.2,7.5,,,,6.4,,,0
37011529,7220201,D01,8.0,,7.8,7.2,,,,,,,6
53000324,7480201,A00,,,,7.2,,,,8.0,7.25,,0
49006467,7220204,D01,7.6,,7.0,8.0,,,,,,,6
2049943,7480201,D01,7.25,,7.6,7.8,,,,,,,0
40002642,7510303,A00,,,,7.2,,,,5.75,5.75,,3
2077582,7850101,A01,,,6.2,7.0,,,,4.4,,,4
2060753,7810202,D01,7.6,,6.8,6.5,,,,,,,2
2011784,7810201,A00,,,,5.75,,,,7.75,7.0,,2
2022103,7510303,A01,,,7.0,6.75,,,,8.2,,,3
46004647,7480201,A00,,,,7.75,,,,7.75,8.2,,0
42009450,7340115,A00,,,,7.25,,,,7.0,7.8,,1
47005494,7540101,B00,,,,8.2,,,,,8.25,7.5,4
61001974,7480201,A00,,,,7.75,,,,7.75,8.4,,0
2067828,7220204,D01,7.5,,8.4,7.8,,,,,,,6
2006181,7340101,D01,7.4,,7.4,7.5,,,,,,,1
2030540,7340301,D01,6.2,,8.0,7.5,,,,,,,1
53004033,7510203,D01,6.2,,5.0,7.5,,,,,,,3
48031187,7380107,D15,7.25,4.2,8.0,,,,,,,,5
44008330,7340205,D01,7.4,,6.2,6.25,,,,,,,1
2051269,7340115,D01,7.8,,7.2,8.25,,,,,,,1
44002362,7340101,D01,7.0,,7.4,7.5,,,,,,,1
2042877,7510303,A00,,,,7.8,,,,7.75,6.5,,3
49002703,7420201,A00,,,,8.4,,,,5.5,4.75,,4
40008277,7220201,D01,8.25,,8.8,7.0,,,,,,,6
48020157,7460108,D01,4.6,,6.0,6.5,,,,,,,0
49010411,7220201,D01,8.0,,9.0,7.8,,,,,,,6
2003091,7540101,A01,,,7.2,7.5,,,,7.8,,,4
52007919,7520115,D01,4.2,,7.4,6.5,,,,,,,3
2036915,7510203,D07,,,6.6,7.0,,,,,4.6,,3
2030472,7340301,A00,,,,8.4,,,,8.0,7.5,,1
42008839,7510203,D01,7.4,,4.4,6.75,,,,,,,3
2019383,7340201,D01,8.2,,7.8,8.0,,,,,,,1
44013939,7510203,D01,3.2,,7.8,5.5,,,,,,,3
43010167,7340201,A00,,,,7.25,,,,7.0,7.6,,1
2000546,7540101,B00,,,,7.5,,,,,8.25,7.0,4
2040245,7480201,A00,,,,8.0,,,,7.5,8.0,,0
35010544,7510303,D01,8.25,,4.0,5.2,,,,,,,3
49008291,7810201,A00,,,,5.25,,,,8.0,7.2,,2
43002426,7480202,D07,,,7.0,7.75,,,,,6.6,,0
61003718,7810103,D01,6.4,,7.6,8.75,,,,,,,2
53006192,7340101,A00,,,,8.8,,,,7.75,8.0,,1
2047848,7340201,D01,7.25,,8.2,7.8,,,,,,,1
2045844,7480202,D01,6.0,,7.2,6.25,,,,,,,0
2005248,7480201,D07,,,8.2,8.2,,,,,6.25,,0
40008620,7340115,A00,,,,7.0,,,,7.5,8.0,,1
42011379,7810202,A01,,,9.2,7.2,,,,7.5,,,2
2043849,7480202,D07,,,7.8,6.2,,,,,8.25,,0
52002235,7540101,B00,,,,6.75,,,,,7.75,7.4,4
33011396,7480202,A00,,,,8.2,,,,7.0,7.5,,0
38012480,7340115,D01,6.6,,7.2,8.25,,,,,,,1
2028774,7220201,D01,7.5,,8.6,8.0,,,,,,,6
2079755,7480202,D01,6.2,,6.6,7.5,,,,,,,0
57005953,7540101,A00,,,,6.75,,,,8.5,7.8,,4
61008596,7420201,B00,,,,6.0,,,,,6.25,5.8,4
48009119,7480201,A00,,,,8.25,,,,7.25,7.8,,0
39010499,7380107,A01,,,8.6,8.8,,,,8.0,,,5
2083967,7340123,A00,,,,8.4,,,,7.0,6.25,,1
48016437,7819010,A00,,,,7.0,,,,7.25,7.8,,2
38004189,7510303,A00,,,,6.5,,,,7.25,7.4,,3
48028004,7340115,D01,6.8,,7.2,8.25,,,,,,,1
2035372,7520115,D01,4.8,,7.4,6.25,,,,,,,3
56010265,7510202,A01,,,6.8,6.8,,,,5.75,,,3
2007747,7510303,A01,,,8.2,8.75,,,,8.4,,,3
39003606,7340120,D01,7.2,,7.4,7.5,,,,,,,1
2068851,7340201,D01,6.75,,8.6,7.8,,,,,,,1
2035352,7810103,A00,,,,8.0,,,,7.75,8.0,,2
2046305,7420201,D07,,,8.2,8.75,,,,,7.4,,4
2082087,7540106,B00,,,,7.4,,,,,7.5,7.25,4
2026191,7340301,A00,,,,6.75,,,,7.75,8.2,,1
29031210,7340301,D01,6.0,,7.8,8.0,,,,,,,1
48018001,7510401,D07,,,7.4,6.2,,,,,5.5,,3
2020174,7340123,D01,7.8,,6.0,7.25,,,,,,,1
38012836,7810103,D01,7.75,,7.4,6.6,,,,,,,2
2045514,7220201,A01,,,8.2,8.2,,,,8.0,,,6
40015998,7380107,D01,7.0,,7.2,5.0,,,,,,,5
53000414,7340201,D01,6.0,,6.8,9.0,,,,,,,1
49005606,7510301,A00,,,,6.0,,,,7.0,8.0,,3
42008796,7220204,A01,,,8.2,8.0,,,,7.25,,,6
53006157,7340201,D01,8.5,,7.4,6.8,,,,,,,1
53011874,7810201,D15,6.25,5.8,8.25,,,,,,,,2
46005708,7220201,D01,7.25,,8.2,7.6,,,,,,,6
2012689,7810201,D01,6.4,,6.2,6.5,,,,,,,2
54004565,7340201,D01,4.6,,7.8,8.5,,,,,,,1
2067174,7480201,D07,,,6.6,7.0,,,,,9.2,,0
2028546,7510301,A00,,,,6.6,,,,7.25,7.75,,3
46008639,7340120,A00,,,,8.2,,,,7.0,8.25,,1
51017651,7220201,D09,,,7.6,9.25,,,7.0,,,,6
51014857,7340101,D01,8.0,,8.0,7.8,,,,,,,1
2042305,7540106,A01,,,8.6,7.0,,,,5.5,,,4
57003347,7540101,A00,,,,7.75,,,,7.5,6.8,,4
46001631,7220201,D09,,,6.6,8.0,,,7.6,,,,6
2047801,7510301,D01,6.25,,8.4,6.4,,,,,,,3
44001989,7380107,D15,6.5,5.6,8.5,,,,,,,,5
2041848,7420201,A00,,,,6.75,,,,7.75,7.6,,4
2080588,7340129,D01,7.2,,7.4,7.0,,,,,,,4
40017905,7340101,A00,,,,7.6,,,,7.25,8.25,,1
2018647,7480201,D01,7.25,,9.2,8.4,,,,,,,0
48025111,7340101,D01,7.4,,7.0,8.5,,,,,,,1
37011081,7810202,A00,,,,8.2,,,,6.75,8.0,,2
2032415,7810201,D01,7.0,,7.0,5.5,,,,,,,2
2071596,7420201,B00,,,,8.0,,,,,6.5,7.0,4
2080503,7510401,B00,,,,6.75,,,,,6.75,5.8,3
44005634,7810202,A01,,,8.6,7.4,,,,7.5,,,2
30006572,7340115,A00,,,,7.75,,,,8.0,8.4,,1
35006046,7510301,D01,8.25,,5.8,7.0,,,,,,,3
52010533,7480201,D01,7.8,,7.8,7.0,,,,,,,0
42011244,7480201,D01,7.25,,6.8,8.2,,,,,,,0
52006317,7810103,D15,8.0,6.0,6.75,,,,,,,,2
35009599,7220201,D01,8.5,,8.6,7.2,,,,,,,6
2087731,7340201,A01,,,8.8,8.4,,,,7.25,,,1
52005799,7340101,A00,,,,6.25,,,,7.5,7.4,,1
2019447,7480201,D01,7.4,,8.2,7.75,,,,,,,0
39009997,7480202,D01,6.5,,7.0,8.0,,,,,,,0
2034698,7510301,D01,5.8,,7.6,7.0,,,,,,,3
48025951,7540101,A00,,,,7.4,,,,8.25,8.0,,4
2076243,7340201,A00,,,,7.25,,,,7.0,7.0,,1
36003153,7480201,A00,,,,8.25,,,,6.75,7.6,,0
46005322,7340101,A00,,,,7.6,,,,7.25,8.5,,1
49015204,7380107,D01,7.2,,5.0,8.0,,,,,,,5
37009531,7510303,D01,7.5,,7.8,6.2,,,,,,,3
2019199,7340120,A00,,,,7.25,,,,7.75,8.8,,1
2019231,7480201,A01,,,8.6,7.8,,,,7.0,,,0
44013421,7380107,D01,6.25,,7.6,7.6,,,,,,,5
2062739,7540105,D07,,,7.6,7.0,,,,,5.8,,4
49003131,7540204,D01,8.25,,7.0,6.8,,,,,,,3
2022766,7340123,A00,,,,7.2,,,,6.25,6.5,,1
2044670,7540105,A00,,,,6.25,,,,6.25,7.0,,4
46003613,7340122,A00,,,,7.75,,,,8.75,7.4,,1
25017170,7480201,D01,8.2,,6.8,8.0,,,,,,,0
43006367,7480202,D01,6.75,,7.4,7.4,,,,,,,0
2071325,7510301,A00,,,,7.0,,,,4.75,7.25,,3
61004604,7340120,A00,,,,7.5,,,,7.5,7.8,,1
2031032,7340120,A00,,,,8.0,,,,7.5,8.0,,1
26015253,7480201,A00,,,,7.5,,,,7.75,8.0,,0
37006492,7810103,A00,,,,7.6,,,,8.25,6.5,,2
2022892,7340115,D01,8.4,,7.6,8.25,,,,,,,1
53012767,7540101,D07,,,8.0,8.2,,,,,7.75,,4
50001153,7510401,A00,,,,7.0,,,,6.75,8.6,,3
50005119,7510202,A01,,,6.6,6.25,,,,7.6,,,3
2007064,7220201,A01,,,7.2,5.5,,,,8.4,,,6
51002096,7340123,D01,4.8,,7.0,7.75,,,,,,,1
51015840,7220201,D01,6.6,,5.8,8.25,,,,,,,6
37002584,7510202,D07,,,8.0,7.0,,,,,6.0,,3
2034490,7340301,A00,,,,7.5,,,,7.25,7.4,,1
2014682,7340120,A00,,,,8.25,,,,7.25,7.2,,1
2035039,7810103,A00,,,,7.5,,,,7.25,8.0,,2
46000316,7340101,A01,,,9.4,7.6,,,,7.5,,,1
37009400,7510303,D01,6.25,,5.6,7.8,,,,,,,3
44003747,7480201,D01,5.4,,8.2,7.5,,,,,,,0
47004083,7340122,A01,,,7.8,8.25,,,,7.2,,,1
54003679,7340201,D01,6.6,,7.0,7.0,,,,,,,1
2061968,7540204,D01,6.75,,5.8,6.6,,,,,,,3
2040303,7340301,D01,8.25,,8.2,7.4,,,,,,,1
35009988,7340201,D01,5.0,,7.2,8.75,,,,,,,1
57005486,7540106,D07,,,8.0,7.0,,,,,7.25,,4
40018069,7340201,A00,,,,6.75,,,,7.25,8.6,,1
2001276,7340301,D01,8.8,,6.6,8.0,,,,,,,1
63005005,7510202,A00,,,,4.75,,,,6.75,5.4,,3
49010722,7220204,D01,8.75,,8.0,7.6,,,,,,,6
49015287,7540204,D01,8.0,,7.8,7.6,,,,,,,3
2028842,7510402,B00,,,,7.0,,,,,7.0,6.0,3
2013678,7510301,D01,6.0,,6.2,6.25,,,,,,,3
50005991,7510202,D01,5.4,,6.4,6.5,,,,,,,3
37007708,7810201,A00,,,,7.75,,,,8.0,7.2,,2
46000254,7850101,A00,,,,6.6,,,,5.0,5.75,,4
2021015,7510301,D01,6.25,,6.8,6.4,,,,,,,3
60005999,7340301,A00,,,,8.5,,,,6.0,8.4,,1
2040248,7340120,A00,,,,8.0,,,,7.25,8.0,,1
2003715,7810201,A00,,,,6.0,,,,8.0,6.2,,2
45001166,7380107,D01,5.8,,7.4,8.0,,,,,,,5
48021034,7340115,D01,7.6,,7.8,7.0,,,,,,,1
2078040,7340129,D01,7.8,,6.8,7.0,,,,,,,4
2036783,7420201,A00,,,,6.8,,,,5.75,7.0,,4
53003652,7340301,D01,8.0,,8.8,6.2,,,,,,,1
40015779,7220201,A01,,,9.4,8.2,,,,6.25,,,6
40011474,7380107,A00,,,,8.2,,,,6.75,7.5,,5
46001836,7480201,D01,6.5,,8.8,8.6,,,,,,,0
40007788,7340115,D01,7.6,,8.0,6.75,,,,,,,1
31008076,7380107,D01,6.6,,6.4,7.75,,,,,,,5
47000585,7340101,D01,6.4,,7.0,7.75,,,,,,,1
2066580,7810103,D01,7.75,,7.8,7.8,,,,,,,2
54006972,7380107,D15,7.5,6.0,7.5,,,,,,,,5
36001900,7480201,A01,,,7.6,7.8,,,,7.75,,,0
53013617,7810201,D15,7.0,6.0,8.5,,,,,,,,2
2034464,7380107,D01,6.4,,7.2,6.5,,,,,,,5
61002194,7220204,D01,7.6,,6.0,6.75,,,,,,,6
2080665,7420201,B00,,,,7.2,,,,,7.0,4.5,4
48014432,7810201,D15,7.25,6.4,7.5,,,,,,,,2
2001638,7819009,A00,,,,5.75,,,,5.25,6.4,,2
2040603,7340101,A00,,,,8.0,,,,8.25,7.8,,1
61004686,7340101,A00,,,,7.5,,,,8.0,7.6,,1
47006085,7540204,D01,7.5,,4.6,6.2,,,,,,,3
42003961,7480201,D07,,,9.4,8.4,,,,,7.5,,0
40020383,7340122,D01,7.6,,7.8,6.75,,,,,,,1
41014459,7340120,D01,8.2,,7.2,7.75,,,,,,,1
41012933,7380107,D01,7.0,,6.8,7.5,,,,,,,5
48012115,7510202,D01,5.6,,6.0,7.5,,,,,,,3
2043243,7480202,D01,6.2,,7.0,6.5,,,,,,,0
45003929,7340301,D01,6.0,,7.4,6.75,,,,,,,1
40005332,7340301,A00,,,,7.8,,,,7.5,7.75,,1
2035664,7819010,D07,,,6.8,6.0,,,,,5.4,,2
35005257,7340120,D01,9.5,,6.2,7.4,,,,,,,1
49015188,7340101,A00,,,,7.5,,,,8.0,8.0,,1
50008053,7540101,B00,,,,7.0,,,,,7.5,7.0,4
33005523,7540101,D07,,,9.6,8.0,,,,,7.75,,4
37002417,7540101,A00,,,,8.5,,,,5.75,7.8,,4
30002027,7480201,D01,5.6,,7.4,7.75,,,,,,,0
2072501,7340301,D01,7.5,,8.2,8.0,,,,,,,1
34004431,7340201,A00,,,,7.25,,,,7.25,7.2,,1
2001547,7220201,D01,7.8,,9.0,7.0,,,,,,,6
2052278,7540101,B00,,,,8.0,,,,,7.75,8.5,4
49012840,7540101,A00,,,,7.25,,,,6.75,7.2,,4
60004309,7510202,D01,4.6,,6.0,7.5,,,,,,,3
44005580,7340122,D01,8.2,,7.4,8.75,,,,,,,1
41011015,7540106,A00,,,,7.0,,,,7.75,7.0,,4
2083457,7220201,D01,7.8,,6.4,7.5,,,,,,,6
48021804,7480202,A01,,,7.0,7.25,,,,7.8,,,0
2037511,7510303,D01,7.2,,7.6,6.5,,,,,,,3
4012213,7340115,D01,9.4,,7.8,7.75,,,,,,,1
2063119,7810202,A00,,,,6.5,,,,6.25,6.4,,2
40011915,7480202,A01,,,7.8,6.25,,,,7.8,,,0
42004897,7510301,A00,,,,6.75,,,,6.25,8.4,,3
57008647,7340122,A00,,,,6.0,,,,8.5,8.6,,1
2027489,7340120,A01,,,9.4,8.4,,,,7.75,,,1
46007964,7340120,A01,,,8.0,7.5,,,,8.6,,,1
53001693,7340101,A01,,,8.2,7.5,,,,6.8,,,1
29002109,7540101,A01,,,7.8,8.0,,,,8.2,,,4
2068722,7850101,D07,,,5.2,7.4,,,,,6.75,,4
35006609,7480201,A00,,,,7.5,,,,7.25,7.4,,0
2030443,7340129,A00,,,,5.25,,,,7.0,7.4,,4
34006319,7340101,A00,,,,6.5,,,,7.5,8.2,,1
52006243,7340301,A00,,,,8.25,,,,7.0,7.2,,1
2075511,7810202,D01,5.4,,7.4,7.75,,,,,,,2
2043576,7340123,D01,8.0,,6.4,7.0,,,,,,,1
52009553,7340101,D01,6.5,,9.2,8.0,,,,,,,1
37014046,7540204,D01,6.75,,5.0,8.0,,,,,,,3
46005334,7340101,D01,7.5,,8.8,7.6,,,,,,,1
51017953,7220204,D01,7.0,,7.6,8.75,,,,,,,6
35006478,7510203,A00,,,,6.25,,,,7.5,6.8,,3
46009428,7540106,A00,,,,6.8,,,,6.0,6.0,,4
40003620,7340120,A00,,,,8.5,,,,7.75,7.8,,1
35005745,7340101,D01,8.25,,7.2,7.8,,,,,,,1
48018555,7420201,B00,,,,7.0,,,,,7.0,6.25,4
56004741,7420201,A01,,,7.8,7.4,,,,7.0,,,4
44008211,7340201,A01,,,8.0,7.75,,,,8.0,,,1
2003046,7480201,D07,,,7.8,8.0,,,,,6.6,,0
48000775,7340101,A01,,,8.4,7.8,,,,7.75,,,1
46004791,7850101,A00,,,,7.0,,,,7.0,5.75,,4
44009061,7850101,B00,,,,7.75,,,,,7.25,8.4,4
48013507,7340301,D01,5.6,,7.8,8.0,,,,,,,1
2034985,7540101,B00,,,,7.0,,,,,6.75,7.6,4
2078888,7510202,A00,,,,8.2,,,,7.5,7.5,,3
2069904,7810201,D01,6.75,,8.4,7.8,,,,,,,2
43002546,7380107,D01,5.8,,5.2,7.5,,,,,,,5
34003680,7460108,D01,5.8,,6.2,5.25,,,,,,,0
2021790,7220201,D01,7.5,,9.0,8.4,,,,,,,6
48004349,7480201,D01,7.6,,7.8,7.5,,,,,,,0
41001822,7340101,A01,,,7.6,8.0,,,,7.6,,,1
2044427,7540101,B00,,,,7.75,,,,,8.25,8.0,4
41008098,7480201,D01,7.25,,7.8,7.2,,,,,,,0
53006142,7480201,A00,,,,7.75,,,,7.5,7.8,,0
28028698,7340115,A00,,,,8.5,,,,6.5,7.6,,1
46001595,7340201,D01,6.0,,5.4,9.0,,,,,,,1
37009141,7510202,D01,5.5,,4.6,8.2,,,,,,,3
49013023,7340120,A00,,,,7.75,,,,8.25,8.0,,1
2041552,7340129,D01,7.4,,8.0,6.75,,,,,,,4
2079175,7819010,A00,,,,6.0,,,,5.5,5.4,,2
50005660,7420201,B00,,,,7.4,,,,,6.25,5.75,4
43006612,7810201,A00,,,,5.5,,,,7.5,6.6,,2
2024420,7380107,D15,7.5,9.2,7.25,,,,,,,,5
2025104,7480202,D01,7.0,,7.2,7.2,,,,,,,0
46005259,7510301,A00,,,,6.0,,,,7.75,6.8,,3
41012598,7340120,A01,,,8.4,7.8,,,,7.25,,,1
49015938,7340201,D01,7.25,,8.2,7.0,,,,,,,1
63004055,7819009,A00,,,,5.5,,,,6.25,8.2,,2
54014280,7480201,A00,,,,7.0,,,,7.0,7.8,,0
2039740,7340129,A00,,,,6.75,,,,8.0,7.8,,4
63005585,7340301,A00,,,,7.8,,,,7.25,7.75,,1
2023769,7420201,B00,,,,8.0,,,,,7.5,7.75,4
44005134,7420201,A01,,,7.2,7.8,,,,7.0,,,4
43005967,7340301,D01,4.4,,8.4,7.25,,,,,,,1
53013040,7540204,A00,,,,7.2,,,,7.25,8.0,,3
46009191,7850101,A00,,,,8.0,,,,6.25,6.5,,4
2030426,7510303,D01,6.0,,3.8,7.6,,,,,,,3
2023706,7510203,A00,,,,7.6,,,,6.25,7.75,,3
2047237,7340101,A01,,,7.8,6.75,,,,9.0,,,1
2009232,7510401,A01,,,7.4,4.5,,,,7.8,,,3
56010638,7510303,D01,6.25,,8.8,6.4,,,,,,,3
47000926,7340129,D01,7.6,,8.2,6.25,,,,,,,4
34004475,7380107,D01,6.75,,8.6,8.2,,,,,,,5
52011034,7510303,A00,,,,6.5,,,,6.25,7.6,,3
46006275,7340301,D01,7.5,,7.4,8.2,,,,,,,1
52003215,7510202,D01,6.2,,8.2,6.75,,,,,,,3
57004648,7480201,A00,,,,7.0,,,,8.0,7.4,,0
38006098,7540204,D01,8.5,,9.4,6.4,,,,,,,3
35010452,7340301,A00,,,,7.75,,,,7.5,8.4,,1
44006633,7819010,B00,,,,6.75,,,,,6.5,6.2,2
37009812,7340115,D01,7.2,,9.0,8.0,,,,,,,1
56001765,7340115,D01,6.4,,7.6,8.75,,,,,,,1
2067264,7220201,D01,8.25,,8.8,7.2,,,,,,,6
49006373,7540101,A01,,,8.6,8.0,,,,7.75,,,4
2038744,7340301,A00,,,,8.4,,,,7.25,8.0,,1
53015378,7810103,D01,8.0,,7.6,7.4,,,,,,,2
37015760,7340301,D01,6.8,,7.0,6.75,,,,,,,1
35012075,7480201,A00,,,,7.8,,,,6.75,8.25,,0
51011338,7380107,D01,5.2,,7.8,8.5,,,,,,,5
53008481,7480201,D01,8.0,,8.0,7.25,,,,,,,0
2075488,7810201,A01,,,7.8,7.4,,,,7.5,,,2
2036266,7480201,D01,7.6,,7.2,7.75,,,,,,,0
2049362,7480201,D07,,,8.0,7.4,,,,,7.25,,0
2028154,7340301,D01,6.2,,7.2,7.0,,,,,,,1
30013684,7340122,A00,,,,7.0,,,,8.0,8.2,,1
48007842,7220201,A01,,,8.4,7.8,,,,7.25,,,6
58007180,7480202,A00,,,,6.75,,,,7.25,7.4,,0
37016245,7340201,D01,7.0,,6.6,7.25,,,,,,,1
63004705,7810103,D01,5.8,,5.0,7.75,,,,,,,2
2065268,7480201,A00,,,,7.75,,,,7.75,8.2,,0
51016764,7340115,D01,8.5,,8.0,7.8,,,,,,,1
2022364,7480202,A01,,,7.4,6.5,,,,9.0,,,0
48010205,7220204,D01,6.6,,6.0,8.0,,,,,,,6
2044200,7380107,D01,7.0,,7.6,6.5,,,,,,,5
61010672,7810201,D01,7.4,,7.6,7.75,,,,,,,2
48026226,7480201,D07,,,7.4,8.25,,,,,6.0,,0
48018000,7220204,A01,,,8.6,8.6,,,,7.25,,,6
2065835,7340101,A00,,,,7.0,,,,7.5,7.8,,1
42011194,7480201,D01,7.4,,7.2,7.25,,,,,,,0
2015596,7340129,A00,,,,5.25,,,,7.75,7.4,,4
36004102,7220204,D01,7.25,,7.0,8.8,,,,,,,6
48007112,7340301,A00,,,,7.0,,,,6.75,7.4,,1
49009764,7340101,A00,,,,6.75,,,,8.0,8.0,,1
2048689,7480201,D01,7.25,,9.2,7.8,,,,,,,0
44009828,7340101,A00,,,,6.5,,,,8.0,7.0,,1
41007949,7540101,B00,,,,7.0,,,,,6.0,7.8,4
35012347,7480201,A00,,,,8.2,,,,7.25,8.5,,0
2042204,7810201,A01,,,9.0,7.0,,,,6.5,,,2
35005718,7340101,A00,,,,8.6,,,,7.0,7.75,,1
48027488,7510301,A00,,,,5.8,,,,5.75,5.5,,3
52007785,7340120,A01,,,7.6,7.25,,,,8.6,,,1
2069548,7380107,D01,5.8,,7.2,7.5,,,,,,,5
53015221,7510301,D01,5.75,,4.2,7.0,,,,,,,3
52005201,7340122,D01,7.0,,7.0,8.41,,,,,,,1
2023270,7510301,A00,,,,6.6,,,,7.25,7.25,,3
44011659,7480201,D01,7.0,,7.4,7.8,,,,,,,0
40019330,7380107,D01,6.6,,8.0,8.5,,,,,,,5
44010781,7340301,A00,,,,8.0,,,,8.0,7.8,,1
52005072,7810201,D15,6.75,6.0,7.25,,,,,,,,2
38013467,7510202,A00,,,,6.0,,,,4.25,5.5,,3
35010840,7340120,D01,5.6,,7.6,9.0,,,,,,,1
46003289,7220204,D01,7.0,,8.6,8.4,,,,,,,6
48022484,7380107,D01,4.2,,7.6,8.0,,,,,,,5
51009701,7340115,D01,6.6,,6.4,9.25,,,,,,,1
40016384,7220201,A01,,,8.4,9.0,,,,7.75,,,6
49012995,7510203,D07,,,7.8,6.5,,,,,5.8,,3
53014462,7819009,A00,,,,6.25,,,,6.75,6.8,,2
41011103,7510401,A00,,,,6.8,,,,4.5,4.5,,3
46008962,7340129,D01,7.2,,6.4,7.5,,,,,,,4
30012447,7510301,D01,7.5,,5.4,6.0,,,,,,,3
2056872,7340115,A00,,,,7.25,,,,8.75,7.4,,1
47003686,7220204,D01,8.25,,7.6,7.2,,,,,,,6
37012204,7819010,A01,,,7.8,7.25,,,,7.6,,,2
2032926,7220201,D09,,,6.8,8.0,,,6.2,,,,6
52001265,7340120,D01,8.0,,6.6,8.5,,,,,,,1
2070917,7810202,D01,7.5,,8.8,7.4,,,,,,,2
49007808,7480201,A01,,,7.6,8.25,,,,8.4,,,0
2083404,7480202,D01,6.25,,6.6,6.2,,,,,,,0
48012853,7540106,A00,,,,7.25,,,,6.0,8.2,,4
56006158,7340101,A00,,,,7.0,,,,7.75,8.2,,1
56012758,7340201,D01,7.5,,7.8,7.8,,,,,,,1
49002264,7340201,A00,,,,7.6,,,,8.0,7.25,,1
2018441,7819009,D07,,,7.2,8.0,,,,,7.6,,2
44004937,7510303,A01,,,6.4,6.4,,,,6.5,,,3
37011223,7220204,D01,6.4,,7.0,8.0,,,,,,,6
56011871,7340115,A01,,,8.2,8.0,,,,8.25,,,1
2077077,7510303,A00,,,,8.5,,,,8.0,7.8,,3
35009864,7540204,D01,4.2,,7.6,9.25,,,,,,,3
61006878,7540101,B00,,,,8.75,,,,,7.0,7.6,4
49015303,7480201,D07,,,6.0,8.4,,,,,8.0,,0
44000448,7340201,A00,,,,8.0,,,,7.25,8.0,,1
57009461,7810201,D15,7.0,5.0,7.75,,,,,,,,2
37001408,7540204,A00,,,,7.0,,,,7.25,7.8,,3
2023950,7510203,A00,,,,6.6,,,,7.0,6.5,,3
47012264,7520115,D01,4.8,,5.6,7.0,,,,,,,3
52005177,7340101,A00,,,,8.0,,,,8.0,8.6,,1
36002745,7340115,A00,,,,8.5,,,,8.25,8.4,,1
42006216,7340120,D01,7.2,,7.6,7.75,,,,,,,1
2059605,7340120,D01,7.75,,8.4,7.6,,,,,,,1
37014817,7340120,D01,7.5,,8.2,8.2,,,,,,,1
41009793,7480201,A00,,,,7.75,,,,8.0,7.0,,0
2059282,7540101,D07,,,8.4,8.2,,,,,7.5,,4
38005932,7340115,D01,6.8,,6.8,9.25,,,,,,,1
49008528,7540101,A00,,,,8.0,,,,7.25,8.4,,4
2080382,7540106,A01,,,6.8,6.8,,,,4.5,,,4
2043286,7340120,D01,8.4,,7.8,7.5,,,,,,,1
38009312,7220204,D01,7.4,,6.8,7.75,,,,,,,6
2072714,7340115,A00,,,,8.4,,,,8.0,8.0,,1
2069666,7480202,D01,8.2,,8.0,6.0,,,,,,,0
50002984,7340301,A00,,,,7.5,,,,7.0,7.6,,1
2022562,7510303,D01,4.75,,7.6,6.6,,,,,,,3
2047378,7480201,D01,8.0,,7.0,6.25,,,,,,,0
52000569,7510303,D01,7.2,,6.8,7.75,,,,,,,3
2006244,7480202,D01,5.6,,6.8,6.75,,,,,,,0
49010780,7510301,A00,,,,6.0,,,,4.5,6.0,,3
56006167,7510303,D01,5.5,,4.6,6.4,,,,,,,3
49012819,7510303,A00,,,,6.6,,,,6.5,7.5,,3
49003009,7220201,D01,8.0,,7.6,8.4,,,,,,,6
42013784,7510303,A00,,,,5.0,,,,7.0,6.4,,3
2026206,7540101,B00,,,,7.0,,,,,7.25,8.2,4
46002283,7540101,D07,,,8.2,6.25,,,,,7.8,,4
2011851,7380107,D01,7.2,,8.0,7.75,,,,,,,5
2023505,7480201,A00,,,,7.25,,,,7.75,7.0,,0
32002900,7340101,D01,8.25,,8.8,6.8,,,,,,,1
2007623,7810103,D01,7.0,,5.4,7.75,,,,,,,2
37002346,7510303,A00,,,,8.2,,,,7.0,7.5,,3
43008230,7810201,A00,,,,7.8,,,,7.5,7.0,,2
2001993,7510202,A00,,,,5.5,,,,7.0,7.2,,3
40006136,7340201,D01,7.2,,7.4,8.25,,,,,,,1
35002291,7340120,A00,,,,7.8,,,,7.25,7.75,,1
49008772,7540101,A01,,,8.4,8.6,,,,7.25,,,4
43005731,7220201,D01,6.0,,6.6,8.75,,,,,,,6
53014630,7810201,D15,6.5,5.6,8.0,,,,,,,,2
37008367,7340101,A00,,,,7.25,,,,8.5,7.4,,1
2068745,7510303,D01,7.4,,8.6,7.25,,,,,,,3
39001589,7220201,D09,,,8.2,7.2,,,7.5,,,,6
2083903,7480201,A00,,,,8.0,,,,7.75,8.0,,0
2006830,7480202,A00,,,,7.8,,,,5.5,7.25,,0
2076183,7380107,D01,7.75,,7.0,7.0,,,,,,,5
2045799,7460108,D01,5.4,,7.8,7.0,,,,,,,0
2042889,7380107,D01,6.0,,7.2,7.25,,,,,,,5
2076332,7540106,A01,,,8.2,7.2,,,,6.75,,,4
2080485,7340301,D01,7.6,,7.2,7.0,,,,,,,1
52007325,7540204,A00,,,,7.25,,,,6.5,7.6,,3
2071502,7510401,B00,,,,7.4,,,,,7.5,6.25,3
2072792,7510203,A00,,,,5.75,,,,7.5,6.0,,3
39006616,7480201,A00,,,,7.5,,,,8.0,8.8,,0
38006311,7340101,D01,4.8,,7.4,8.75,,,,,,,1
53006164,7480202,D07,,,7.2,7.4,,,,,7.0,,0
2063330,7480201,D01,7.8,,7.4,6.5,,,,,,,0
41004220,7510301,A00,,,,7.5,,,,7.75,7.2,,3
2015561,7340115,A00,,,,7.5,,,,8.25,8.8,,1
38012353,7220201,D01,7.4,,6.0,7.25,,,,,,,6
2060101,7510301,D01,6.0,,4.0,8.2,,,,,,,3
2045785,7340301,D01,8.2,,7.6,7.5,,,,,,,1
35001920,7220204,D01,9.25,,6.0,7.4,,,,,,,6
37006411,7460108,D01,7.6,,3.6,7.25,,,,,,,0
2001507,7819009,B00,,,,6.75,,,,,6.75,7.2,2
2082174,7480201,D01,7.25,,7.8,7.4,,,,,,,0
44005868,7340301,D01,6.4,,7.2,8.25,,,,,,,1
41004345,7510301,A00,,,,8.2,,,,6.75,7.0,,3
2047347,7540106,A01,,,8.0,7.2,,,,7.0,,,4
2017129,7420201,D07,,,7.0,7.75,,,,,7.6,,4
2069461,7510401,D07,,,6.6,6.75,,,,,6.4,,3
30009084,7510301,D01,5.6,,8.6,8.0,,,,,,,3
43002379,7340115,A00,,,,7.0,,,,7.75,7.6,,1
2049113,7819010,D07,,,5.6,6.75,,,,,6.4,,2
54009732,7510401,B00,,,,8.25,,,,,6.25,8.2,3
2034861,7340129,A01,,,7.2,6.75,,,,7.6,,,4
2080726,7340122,D01,7.4,,6.6,7.75,,,,,,,1
42009313,7510303,D01,3.4,,6.4,7.5,,,,,,,3
53000599,7340101,A00,,,,7.25,,,,8.0,7.6,,1
46001316,7380107,D01,8.0,,8.4,8.0,,,,,,,5
53011501,7340101,A00,,,,8.0,,,,8.25,8.2,,1
35010539,7340120,A00,,,,6.75,,,,8.25,8.0,,1
47007204,7220201,D01,7.2,,5.6,8.25,,,,,,,6
56012289,7220201,D01,6.75,,9.0,7.8,,,,,,,6
35006644,7480201,A00,,,,7.6,,,,7.5,7.25,,0
2057850,7540101,A01,,,7.6,7.5,,,,6.4,,,4
2008097,7340101,D01,6.8,,7.4,8.25,,,,,,,1
2022383,7340101,D01,7.5,,8.8,8.0,,,,,,,1
2062121,7480201,A00,,,,7.5,,,,7.25,7.8,,0
2069900,7380107,A00,,,,7.4,,,,6.75,8.25,,5
39009846,7480201,D01,8.6,,7.4,7.25,,,,,,,0
2040697,7340201,D01,8.0,,7.2,5.75,,,,,,,1
51006114,7810201,A00,,,,6.75,,,,7.0,8.2,,2
46007770,7220204,D01,6.4,,8.0,8.0,,,,,,,6
35002845,7480201,A00,,,,8.2,,,,7.25,8.25,,0
2082045,7810202,D15,8.0,5.6,8.25,,,,,,,,2
2001650,7540101,D07,,,8.4,7.6,,,,,8.25,,4
2067556,7540101,D07,,,7.2,6.75,,,,,7.2,,4
36001109,7340120,A00,,,,7.5,,,,7.5,8.0,,1
2067761,7480201,D07,,,8.2,8.25,,,,,8.4,,0
46005015,7420201,B00,,,,7.8,,,,,7.0,6.5,4
34009359,7850101,B00,,,,5.75,,,,,5.25,6.4,4
2018011,7340115,D01,8.8,,8.0,8.0,,,,,,,1
53012606,7420201,A00,,,,6.6,,,,6.25,7.0,,4
44003968,7540101,A01,,,9.0,8.75,,,,8.4,,,4
37006103,7220204,D01,7.8,,8.0,8.0,,,,,,,6
2017952,7380107,D01,6.4,,8.6,6.5,,,,,,,5
56006547,7540204,D01,7.25,,4.8,7.0,,,,,,,3
36002636,7540101,A00,,,,8.0,,,,8.25,7.8,,4
47001515,7480201,A00,,,,6.75,,,,6.25,7.4,,0
2035150,7380107,D15,7.75,5.8,7.25,,,,,,,,5
2076247,7510301,A01,,,8.2,7.6,,,,7.5,,,3
54014187,7480201,D01,5.6,,8.6,7.5,,,,,,,0
29007938,7340115,A00,,,,7.0,,,,8.5,8.0,,1
2084732,7480202,A01,,,8.0,8.5,,,,7.8,,,0
38003117,7510203,D01,4.0,,5.2,7.6,,,,,,,3
52003182,7340201,D01,7.25,,8.6,8.2,,,,,,,1
2035307,7480201,A00,,,,8.6,,,,7.5,7.25,,0
39004896,7340301,A00,,,,8.0,,,,7.5,7.75,,1
2063599,7340101,A00,,,,7.75,,,,7.5,7.4,,1
2065394,7480201,A01,,,6.8,7.25,,,,8.8,,,0
44007366,7340101,A00,,,,8.0,,,,7.25,7.8,,1
38011320,7340115,A00,,,,7.8,,,,8.5,8.5,,1
35008700,7480201,A00,,,,6.25,,,,8.0,7.6,,0
48023517,7810202,A00,,,,8.6,,,,7.0,7.5,,2
43000602,7220201,D01,8.75,,9.2,6.0,,,,,,,6
48024847,7510401,A00,,,,7.0,,,,8.0,8.4,,3
53001705,7480201,A01,,,6.2,6.75,,,,7.6,,,0
48021635,7480201,D07,,,7.2,7.5,,,,,8.0,,0
52006293,7420201,B00,,,,7.8,,,,,8.25,8.0,4
37015035,7480201,A00,,,,7.25,,,,8.25,8.0,,0
51008116,7340122,A00,,,,6.75,,,,7.75,7.6,,1
2040640,7480201,D01,7.5,,7.0,7.8,,,,,,,0
53001909,7850101,A00,,,,6.6,,,,6.5,5.75,,4
48024558,7340115,A01,,,7.4,8.0,,,,8.2,,,1
51013647,7340115,A00,,,,8.25,,,,7.75,7.6,,1
49008027,7540204,D01,7.25,,6.0,6.0,,,,,,,3
48011712,7480201,D07,,,9.0,6.4,,,,,6.5,,0
2067048,7340129,D01,7.0,,6.4,7.5,,,,,,,4
57003086,7520115,D01,5.6,,7.2,6.0,,,,,,,3
2068240,7540101,A00,,,,7.0,,,,7.5,7.0,,4
57009838,7480202,D01,6.75,,6.6,6.8,,,,,,,0
49007608,7340101,A00,,,,7.75,,,,8.25,7.6,,1
1088808,7340115,A00,,,,7.25,,,,9.0,8.0,,1
49014464,7510301,A00,,,,7.2,,,,4.75,5.75,,3
36003005,7340115,D01,8.0,,8.8,7.75,,,,,,,1
38011733,7480201,A00,,,,7.8,,,,6.75,7.5,,0
35009369,7340301,A00,,,,7.0,,,,8.75,7.4,,1
48020018,7540101,D07,,,7.8,7.8,,,,,8.25,,4
2083844,7540106,B00,,,,7.4,,,,,7.0,8.25,4
2078784,7480201,D01,7.4,,8.0,6.5,,,,,,,0
38005833,7340201,D01,8.0,,7.6,6.6,,,,,,,1
2084368,7480201,D07,,,6.8,8.0,,,,,8.4,,0
38013200,7480201,D01,7.0,,7.0,8.4,,,,,,,0
61008749,7340301,A00,,,,7.5,,,,7.5,8.4,,1
49003403,7850101,A00,,,,5.5,,,,6.0,7.6,,4
2082160,7480201,A00,,,,6.75,,,,8.0,7.6,,0
47007841,7340115,A00,,,,8.6,,,,7.25,7.75,,1
31002629,7540101,A00,,,,8.4,,,,6.75,8.75,,4
2047334,7380107,D01,6.2,,7.6,7.0,,,,,,,5
47007851,7340120,D01,6.6,,7.2,8.0,,,,,,,1
2045196,7810201,A00,,,,6.75,,,,6.5,7.0,,2
38004208,7340301,A00,,,,6.75,,,,7.5,8.4,,1
2007268,7420201,D07,,,7.4,7.0,,,,,8.4,,4
47003978,7480201,D01,7.25,,8.2,6.8,,,,,,,0
48008772,7480201,A00,,,,6.0,,,,8.0,8.2,,0
2030545,7380107,D01,6.8,,7.2,7.5,,,,,,,5
2048924,7340120,A00,,,,8.6,,,,7.75,8.25,,1
2011130,7510401,A00,,,,7.8,,,,6.75,7.25,,3
48020633,7340301,A00,,,,6.5,,,,7.0,7.2,,1
38001051,7340120,D01,9.0,,7.4,7.2,,,,,,,1
2025907,7480202,D01,6.0,,7.0,5.75,,,,,,,0
48012435,7510301,A00,,,,6.8,,,,6.75,6.75,,3
2016344,7340101,A00,,,,7.25,,,,6.75,8.0,,1
2037103,7850101,D07,,,7.0,7.4,,,,,7.25,,4
64000701,7480201,A00,,,,7.4,,,,7.0,7.75,,0
48002540,7510203,D01,6.2,,5.2,6.0,,,,,,,3
48031080,7510303,A00,,,,7.8,,,,5.25,8.25,,3
53008122,7340120,A00,,,,7.75,,,,7.5,8.2,,1
2015636,7340115,D01,8.6,,6.2,7.75,,,,,,,1
2040812,7510303,D01,5.8,,7.0,6.75,,,,,,,3
2069086,7819009,A00,,,,4.75,,,,5.5,6.4,,2
42009326,7480202,A00,,,,7.0,,,,8.5,6.6,,0
2039202,7510203,A00,,,,5.6,,,,4.5,7.25,,3
49012943,7480202,D07,,,6.4,8.0,,,,,7.5,,0
2021874,7340120,D01,7.8,,8.2,6.75,,,,,,,1
63002473,7540106,B00,,,,7.2,,,,,6.25,6.75,4
47012010,7340115,D01,6.6,,8.6,8.0,,,,,,,1
46005740,7340301,D01,6.2,,7.8,6.75,,,,,,,1
40004865,7340120,A01,,,7.4,7.0,,,,8.2,,,1
28014284,7810202,D01,6.2,,6.8,6.75,,,,,,,2
43007188,7510301,A00,,,,6.0,,,,6.5,7.4,,3
52003140,7340101,A01,,,8.0,7.5,,,,8.0,,,1
37001406,7540101,A01,,,7.6,8.75,,,,6.0,,,4
2012338,7220201,A01,,,7.0,7.0,,,,7.2,,,6
2056391,7340115,A00,,,,8.25,,,,7.75,8.0,,1
41011816,7480201,A01,,,7.0,7.0,,,,7.6,,,0
40005464,7540204,A00,,,,5.75,,,,7.0,7.0,,3
2065307,7420201,D07,,,7.8,6.5,,,,,6.8,,4
40019715,7340120,A00,,,,7.8,,,,7.75,8.75,,1
2016161,7520115,D07,,,5.6,6.5,,,,,7.0,,3
35009687,7810202,D01,7.5,,6.4,8.6,,,,,,,2
63002036,7340123,D01,6.25,,3.2,7.0,,,,,,,1
2057385,7340201,A00,,,,7.0,,,,8.0,7.6,,1
53003471,7480202,D01,7.8,,7.6,7.5,,,,,,,0
40012082,7220204,A01,,,8.2,8.0,,,,7.8,,,6
42012475,7540101,B00,,,,7.5,,,,,7.25,8.2,4
39008692,7220201,D01,7.2,,6.8,6.75,,,,,,,6
53000512,7380107,D01,7.2,,7.2,7.5,,,,,,,5
43007871,7480201,A00,,,,6.5,,,,6.75,7.6,,0
44007812,7340129,A00,,,,7.0,,,,5.75,7.5,,4
49016191,7380107,D01,7.0,,7.8,7.6,,,,,,,5
43002670,7340115,A00,,,,7.75,,,,7.5,7.8,,1
41006340,7340301,A00,,,,7.25,,,,8.25,8.0,,1
37014354,7380107,D01,6.2,,6.8,5.5,,,,,,,5
2044628,7850101,A00,,,,6.25,,,,6.25,7.4,,4
63003826,7510303,D01,5.4,,7.2,6.0,,,,,,,3
46003570,7340201,A00,,,,7.5,,,,7.5,7.2,,1
57005893,7540101,B00,,,,8.25,,,,,8.5,7.0,4
51007863,7480201,A01,,,8.8,7.8,,,,8.5,,,0
46005459,7340301,A01,,,6.8,8.2,,,,7.5,,,1
53002927,7510203,D01,5.0,,7.0,7.75,,,,,,,3
2028230,7510406,B00,,,,7.2,,,,,4.5,5.5,4
47001051,7340120,A01,,,7.0,7.75,,,,7.6,,,1
2044669,7510303,D07,,,7.8,7.5,,,,,5.4,,3
19015846,7480201,A00,,,,7.25,,,,8.0,7.8,,0
49013359,7220204,D01,8.25,,7.4,8.0,,,,,,,6
53008650,7810103,D01,6.2,,7.0,7.75,,,,,,,2
38013412,7340120,A00,,,,7.5,,,,8.5,8.2,,1
2057693,7540101,A01,,,7.4,7.25,,,,6.4,,,4
43005550,7810103,A00,,,,8.0,,,,8.25,8.6,,2
48026730,7510303,A00,,,,7.6,,,,6.0,5.5,,3
46005726,7380107,A00,,,,7.75,,,,8.0,7.8,,5
2036765,7340115,A01,,,7.4,8.25,,,,8.0,,,1
41003178,7340115,D01,7.8,,6.6,8.25,,,,,,,1
2036592,7480202,D01,5.0,,8.0,6.4,,,,,,,0
2072540,7220201,D09,,,7.4,8.0,,,8.4,,,,6
44005392,7340301,A00,,,,7.8,,,,7.5,8.0,,1
2058525,7420201,D07,,,8.0,7.8,,,,,7.0,,4
37002629,7480201,A01,,,7.2,8.0,,,,6.6,,,0
46002781,7220201,D01,7.75,,7.8,7.6,,,,,,,6
2046233,7340101,A00,,,,7.5,,,,6.75,7.2,,1
2071099,7810103,A01,,,8.2,8.0,,,,8.0,,,2
2071657,7540106,A00,,,,6.6,,,,6.5,5.5,,4
53013632,7340115,D01,7.2,,8.2,8.25,,,,,,,1
42010487,7810103,D15,6.75,6.4,8.0,,,,,,,,2
2068260,7810103,D01,6.8,,7.0,6.5,,,,,,,2
59001257,7480201,A00,,,,7.0,,,,8.25,8.2,,0
2049545,7510301,A00,,,,7.8,,,,6.75,6.0,,3
40014539,7340120,A00,,,,8.4,,,,6.5,8.0,,1
2044175,7819010,D07,,,6.2,5.75,,,,,5.2,,2
53014562,7540101,A00,,,,9.0,,,,7.25,8.5,,4
48012327,7340201,A01,,,7.6,8.4,,,,6.5,,,1
37010807,7480201,A00,,,,6.0,,,,7.0,8.0,,0
50008993,7220201,D01,7.0,,9.0,7.0,,,,,,,6
49003609,7480201,A00,,,,7.5,,,,8.0,7.4,,0
2078352,7340301,A00,,,,7.0,,,,7.0,8.2,,1
49011367,7340301,D01,6.6,,7.2,7.25,,,,,,,1
2057284,7540101,B00,,,,7.75,,,,,8.0,8.2,4
49002144,7810103,D01,7.75,,6.8,7.6,,,,,,,2
2080791,7340115,A01,,,7.4,7.75,,,,9.2,,,1
40012020,7480201,A01,,,7.2,7.4,,,,7.5,,,0
2021663,7340201,D01,7.75,,8.8,7.8,,,,,,,1
54005489,7340129,A01,,,7.0,7.4,,,,6.75,,,4
29034887,7540101,B00,,,,7.5,,,,,8.0,8.2,4
38004131,7819010,B00,,,,7.0,,,,,6.25,7.2,2
37001182,7510301,A01,,,8.0,7.75,,,,7.0,,,3
47000592,7340101,D01,7.6,,7.4,7.25,,,,,,,1
35010427,7480201,A00,,,,8.0,,,,7.0,7.75,,0
44003878,7340201,A01,,,6.8,7.75,,,,8.4,,,1
42011616,7340101,D01,7.5,,8.6,8.0,,,,,,,1
2030204,7510203,D01,5.6,,8.0,6.0,,,,,,,3
49003631,7540101,A00,,,,7.75,,,,7.75,8.2,,4
39010367,7810103,D01,6.6,,7.0,7.25,,,,,,,2
2081016,7510203,A00,,,,7.6,,,,6.0,7.0,,3
50004171,7340129,A00,,,,7.5,,,,7.5,7.4,,4
56010905,7510303,A00,,,,7.4,,,,5.75,7.5,,3
2064782,7460108,D07,,,7.4,7.75,,,,,8.2,,0
42005132,7220201,D09,,,7.6,7.75,,,9.2,,,,6
2003388,7510401,A00,,,,7.25,,,,7.0,7.2,,3
2048940,7510303,A00,,,,7.6,,,,5.0,5.75,,3
2033587,7510203,A00,,,,6.75,,,,6.5,8.2,,3
43002373,7480201,D01,7.5,,7.8,8.4,,,,,,,0
40008251,7510202,D01,3.8,,7.4,7.5,,,,,,,3
2035496,7810202,A00,,,,7.75,,,,7.75,7.6,,2
2015927,7480202,D01,6.0,,7.2,7.6,,,,,,,0
49006222,7340101,D01,7.75,,8.0,8.0,,,,,,,1
47007400,7220201,D09,,,8.0,7.5,,,8.6,,,,6
2022031,7510203,D01,6.0,,8.4,6.8,,,,,,,3
39010748,7340115,A00,,,,8.2,,,,7.5,8.0,,1
37011115,7510303,D01,5.0,,4.4,7.4,,,,,,,3
2084057,7340101,A00,,,,8.4,,,,7.0,8.25,,1
2006075,7380107,D01,7.0,,6.8,6.0,,,,,,,5
51019085,7540101,B00,,,,8.0,,,,,8.0,7.4,4
52010768,7340129,D01,6.8,,7.4,7.5,,,,,,,4
2083921,7850101,A00,,,,8.2,,,,6.75,7.25,,4
38012220,7480201,A00,,,,8.25,,,,6.75,7.4,,0
2034529,7810103,D01,4.6,,6.6,7.75,,,,,,,2
2022696,7340129,D01,6.5,,6.8,7.6,,,,,,,4
2027444,7220204,D01,7.4,,7.8,8.0,,,,,,,6
2073024,7340101,A00,,,,8.25,,,,7.5,6.8,,1
38013769,7220204,D01,7.25,,9.0,6.4,,,,,,,6
48003095,7480201,A00,,,,8.25,,,,7.0,8.4,,0
2054741,7480201,A00,,,,7.75,,,,8.5,8.2,,0
56001245,7420201,A00,,,,7.2,,,,5.75,5.5,,4
37008454,7220204,D01,8.2,,8.4,7.75,,,,,,,6
2076051,7340101,D01,6.8,,8.0,6.5,,,,,,,1
48015580,7540105,B00,,,,7.4,,,,,5.75,6.5,4
40010704,7220201,D01,7.6,,7.6,8.0,,,,,,,6
53011558,7510301,A00,,,,7.5,,,,7.25,8.0,,3
50011711,7510401,D07,,,6.8,7.0,,,,,4.8,,3
2083777,7480201,D01,6.2,,8.6,6.5,,,,,,,0
2062707,7340123,A00,,,,6.0,,,,7.25,7.0,,1
2043516,7510303,A00,,,,5.25,,,,8.0,7.2,,3
28032484,7810201,D15,6.0,3.8,8.5,,,,,,,,2
2068348,7380107,A00,,,,8.5,,,,7.75,7.6,,5
37016912,7380107,D01,6.4,,8.0,8.25,,,,,,,5
2019267,7340201,A01,,,8.2,6.25,,,,7.6,,,1
52005893,7540106,A01,,,6.6,7.25,,,,6.4,,,4
46008902,7810103,D01,7.2,,6.8,7.5,,,,,,,2
2080351,7480202,A00,,,,7.0,,,,5.0,5.5,,0
2036384,7340301,A00,,,,5.0,,,,8.25,7.6,,1
43006494,7819010,A00,,,,7.25,,,,6.0,8.2,,2
44005771,7340101,D01,6.4,,6.8,8.25,,,,,,,1
42011631,7220201,D01,7.25,,8.4,7.4,,,,,,,6
2074721,7380107,A00,,,,8.2,,,,7.5,7.0,,5
54003268,7340120,A01,,,8.2,7.25,,,,7.6,,,1
2079451,7480201,D01,9.4,,6.6,7.5,,,,,,,0
51008569,7510301,D01,7.0,,7.2,8.0,,,,,,,3
37007957,7340201,A00,,,,7.6,,,,7.75,8.25,,1
43002641,7510301,A00,,,,7.75,,,,7.25,7.4,,3
2016669,7819010,A00,,,,8.0,,,,6.75,6.8,,2
41013001,7340101,A00,,,,7.8,,,,8.75,7.75,,1
36001414,7480201,D01,7.6,,7.8,7.75,,,,,,,0
40020098,7340101,D01,7.2,,7.0,7.0,,,,,,,1
2017634,7340129,D01,7.2,,7.6,6.5,,,,,,,4
2076099,7340101,D01,6.6,,7.8,7.25,,,,,,,1
53003610,7380107,D01,7.4,,8.0,8.0,,,,,,,5
34002663,7340301,A00,,,,8.25,,,,7.75,7.4,,1
2037005,7340201,A00,,,,7.5,,,,8.25,8.2,,1
2031807,7819010,A00,,,,4.25,,,,6.25,7.2,,2
40016658,7510203,D01,6.2,,7.0,5.5,,,,,,,3
49014570,7810201,D01,7.5,,7.6,8.0,,,,,,,2
48010603,7510203,D01,5.75,,4.2,6.4,,,,,,,3
52007164,7380107,D01,8.6,,6.8,7.5,,,,,,,5
2050127,7480201,D07,,,8.4,7.6,,,,,7.5,,0
40003491,7340115,A00,,,,7.25,,,,8.0,7.8,,1
48031010,7540101,A00,,,,7.25,,,,8.0,6.4,,4
35012089,7340201,A00,,,,7.8,,,,7.75,7.75,,1
2018158,7510303,A00,,,,7.25,,,,6.25,7.6,,3
52001860,7380107,D01,6.75,,9.2,6.2,,,,,,,5
37005429,7340101,A00,,,,8.2,,,,7.5,8.25,,1
2035326,7510303,D01,4.8,,7.6,7.75,,,,,,,3
38003199,7340101,A00,,,,7.25,,,,8.0,8.0,,1
48017229,7340301,D01,7.0,,7.6,8.0,,,,,,,1
49007651,7540106,D07,,,7.0,7.4,,,,,7.75,,4
2076011,7480201,A00,,,,7.6,,,,7.75,7.25,,0
2043381,7510202,D01,6.2,,7.0,6.25,,,,,,,3
48021102,7420201,D07,,,8.2,7.6,,,,,5.75,,4
2076920,7340101,D01,6.8,,7.4,8.25,,,,,,,1
40009429,7810103,D01,5.6,,7.2,7.25,,,,,,,2
31005174,7480201,A00,,,,8.2,,,,7.5,7.25,,0
48027941,7220201,D09,,,6.6,9.25,,,8.6,,,,6
37016703,7380107,D15,7.75,5.4,6.25,,,,,,,,5
47005956,7380107,D01,8.25,,7.2,7.0,,,,,,,5
51002536,7340129,A00,,,,7.5,,,,7.0,7.4,,4
51007789,7340101,A00,,,,8.2,,,,8.25,7.75,,1
35003270,7340101,D01,7.0,,7.8,9.5,,,,,,,1
51007149,7480201,D01,6.75,,8.2,8.0,,,,,,,0
56002132,7540204,D01,7.25,,6.8,6.8,,,,,,,3
49006654,7340301,A00,,,,7.5,,,,8.25,7.4,,1
48026864,7340120,D01,7.0,,8.2,7.75,,,,,,,1
48017348,7220204,D01,8.8,,7.8,8.25,,,,,,,6
2035406,7480201,A00,,,,6.25,,,,7.5,7.4,,0
53001355,7480202,A00,,,,7.0,,,,7.25,6.2,,0
61008180,7540106,A01,,,7.2,7.25,,,,5.0,,,4
2017059,7480202,A00,,,,5.75,,,,7.0,7.4,,0
2063851,7480201,D07,,,8.2,8.0,,,,,8.0,,0
49008476,7220201,A01,,,8.2,8.5,,,,7.0,,,6
47004240,7340115,D01,7.8,,8.2,7.75,,,,,,,1
37008279,7340201,D01,7.25,,8.0,7.6,,,,,,,1
2071262,7540204,D01,7.0,,6.0,4.8,,,,,,,3
49000815,7340101,D01,6.4,,7.8,7.0,,,,,,,1
60001177,7480201,A01,,,8.6,8.0,,,,7.25,,,0
2036489,7340101,A00,,,,6.0,,,,7.75,8.0,,1
58007208,7480201,A00,,,,6.75,,,,7.5,6.6,,0
2039594,7480201,D01,7.25,,8.2,8.2,,,,,,,0
53002992,7540204,D01,6.8,,6.6,7.75,,,,,,,3
56001099,7540106,A01,,,7.4,5.75,,,,4.4,,,4
48005804,7480201,D01,7.5,,8.4,8.0,,,,,,,0
46007752,7340129,D01,4.8,,7.0,7.5,,,,,,,4
54011878,7340101,D01,6.8,,6.6,8.25,,,,,,,1
35012625,7810201,D01,8.75,,7.0,6.8,,,,,,,2
63005565,7340120,D01,7.25,,8.0,8.0,,,,,,,1
2072760,7340201,A00,,,,8.0,,,,7.0,8.0,,1
2015319,7540101,D07,,,7.8,7.75,,,,,7.6,,4
48011918,7220204,A01,,,8.0,7.8,,,,6.75,,,6
50007894,7810103,A00,,,,7.5,,,,5.75,7.0,,2
61001110,7480202,A01,,,7.0,8.0,,,,7.2,,,0
2067712,7340101,A00,,,,8.8,,,,7.5,7.75,,1
61003006,7340301,D01,6.5,,8.0,8.4,,,,,,,1
2043930,7540101,D07,,,7.0,7.25,,,,,7.2,,4
2023206,7510303,A00,,,,7.4,,,,7.25,5.25,,3
2079751,7340120,D01,7.2,,7.0,8.0,,,,,,,1
2040645,7540101,B00,,,,7.0,,,,,7.75,7.6,4
51019522,7340122,A00,,,,8.0,,,,7.25,7.2,,1
2067276,7510203,A00,,,,7.2,,,,5.75,8.0,,3
44005182,7380107,D15,7.0,7.0,8.0,,,,,,,,5
40008722,7340201,A00,,,,7.25,,,,7.75,7.4,,1
48002387,7480201,D07,,,7.8,8.0,,,,,8.25,,0
2065758,7340205,A00,,,,6.5,,,,7.5,5.0,,1
42007403,7380107,D01,6.0,,7.2,8.0,,,,,,,5
2067641,7510303,A00,,,,7.6,,,,6.5,7.75,,3
29000249,7340101,A01,,,7.2,7.75,,,,7.8,,,1
56001618,7480201,A00,,,,8.6,,,,6.0,7.5,,0
38013419,7420201,B00,,,,7.25,,,,,7.0,7.2,4
48026343,7340201,A00,,,,8.2,,,,7.25,8.5,,1
46000202,7220201,D01,7.75,,8.6,7.6,,,,,,,6
2014717,7340301,A01,,,7.2,6.5,,,,7.6,,,1
48031954,7340201,A01,,,7.0,7.5,,,,7.2,,,1
42009731,7510202,D01,7.0,,7.4,7.2,,,,,,,3
40010413,7480202,A01,,,6.4,7.4,,,,6.75,,,0
44002566,7540101,B00,,,,8.2,,,,,7.75,8.25,4
2070943,7480201,A01,,,8.4,7.0,,,,6.6,,,0
2012395,7510401,A00,,,,7.6,,,,6.25,7.0,,3
44010539,7380107,A00,,,,8.0,,,,7.0,8.2,,5
2065747,7510401,A00,,,,5.0,,,,6.25,7.2,,3
49003088,7540106,A00,,,,6.75,,,,7.25,7.2,,4
2068827,7340101,D01,7.8,,5.6,7.75,,,,,,,1
48003996,7480201,A00,,,,7.25,,,,7.75,7.2,,0
2039209,7480201,A01,,,7.8,7.4,,,,7.25,,,0
50011180,7480201,D01,5.8,,7.2,9.0,,,,,,,0
2065378,7480201,A01,,,8.0,8.0,,,,8.0,,,0
48024911,7540101,B00,,,,6.25,,,,,7.5,7.0,4
2036289,7380107,D01,5.8,,8.4,7.25,,,,,,,5
44007453,7480201,D01,8.0,,6.2,7.25,,,,,,,0
48025448,7340301,A00,,,,5.5,,,,7.75,7.4,,1
43007802,7480201,A00,,,,7.25,,,,7.25,7.2,,0
2039440,7480201,D01,6.5,,8.2,8.0,,,,,,,0
2064015,7340129,A01,,,7.4,6.75,,,,7.6,,,4
49010467,7480201,A00,,,,7.5,,,,7.5,7.6,,0
39010624,7380107,A00,,,,6.0,,,,6.25,7.2,,5
2061694,7340201,A00,,,,7.5,,,,9.0,7.6,,1
2072715,7540204,D01,6.75,,6.8,7.4,,,,,,,3
2037394,7340301,D01,6.75,,7.8,8.2,,,,,,,1
2021176,7520115,D01,5.25,,7.8,5.0,,,,,,,3
2082951,7340120,A01,,,7.4,7.0,,,,8.0,,,1
35008320,7540101,A00,,,,6.5,,,,8.5,6.8,,4
2023028,7540106,B00,,,,6.8,,,,,8.0,6.25,4
42011607,7380107,D01,6.4,,7.0,8.5,,,,,,,5
39000742,7340129,A00,,,,7.5,,,,7.5,7.4,,4
64003472,7540105,B00,,,,7.4,,,,,6.75,6.75,4
44005988,7340120,D01,7.0,,8.2,8.0,,,,,,,1
2068455,7340120,A00,,,,7.0,,,,7.75,7.6,,1
52008842,7510401,A00,,,,5.75,,,,6.25,7.6,,3
56008422,7540101,A00,,,,7.0,,,,7.0,7.8,,4
52010301,7340122,A00,,,,7.25,,,,8.0,6.8,,1
37007727,7220204,D01,8.25,,7.2,8.0,,,,,,,6
35007629,7510203,A00,,,,8.0,,,,5.75,6.75,,3
46008511,7340201,A00,,,,5.75,,,,7.25,7.6,,1
30015422,7510203,D01,5.0,,6.2,8.0,,,,,,,3
38008299,7510202,D01,7.6,,4.4,5.75,,,,,,,3
42011544,7340120,D01,7.8,,7.8,7.25,,,,,,,1
39009329,7510203,D01,7.6,,8.0,5.5,,,,,,,3
44009641,7480201,D01,8.0,,7.4,6.75,,,,,,,0
35006426,7340115,D01,7.0,,8.2,8.5,,,,,,,1
2035418,7340120,A00,,,,8.0,,,,7.5,7.6,,1
2064042,7420201,B00,,,,6.75,,,,,7.75,7.8,4
47008576,7340115,A00,,,,6.5,,,,7.25,8.4,,1
2077329,7850101,A00,,,,8.25,,,,7.0,8.4,,4
44010590,7340201,A00,,,,7.25,,,,8.0,7.6,,1
37006323,7340201,A01,,,7.4,7.75,,,,7.6,,,1
43002602,7850101,B00,,,,6.75,,,,,5.75,6.2,4
46002868,7850101,A00,,,,5.0,,,,4.5,6.2,,4
47009547,7510301,D01,3.8,,5.4,7.25,,,,,,,3
2073541,7540106,A01,,,6.6,7.6,,,,7.25,,,4
43004263,7510406,A00,,,,6.5,,,,6.75,6.2,,4
2080245,7340301,A00,,,,7.25,,,,7.25,8.0,,1
43007426,7340101,A00,,,,8.0,,,,7.5,7.5,,1
59009529,7810103,A00,,,,4.25,,,,7.25,6.6,,2
28020839,7540101,B00,,,,8.5,,,,,8.0,7.6,4
2084655,7810202,D01,7.4,,6.6,6.75,,,,,,,2
36002703,7480201,D01,8.6,,7.8,7.0,,,,,,,0
51014422,7340120,D01,7.0,,7.4,8.75,,,,,,,1
48003136,7510202,A01,,,5.8,6.5,,,,7.0,,,3
31003449,7340115,D01,8.6,,6.8,7.75,,,,,,,1
43004510,7340301,A00,,,,6.25,,,,7.75,7.6,,1
49011721,7220204,D09,,,6.6,8.0,,,7.0,,,,6
47005419,7480201,D01,8.4,,6.0,6.25,,,,,,,0
47006858,7480201,D01,7.6,,8.8,7.75,,,,,,,0
40015802,7220201,D01,8.0,,8.6,6.8,,,,,,,6
48017091,7540101,A00,,,,7.5,,,,6.25,8.0,,4
53007905,7340101,A01,,,7.6,8.25,,,,7.8,,,1
60003543,7540101,A00,,,,8.5,,,,7.5,7.2,,4
29020402,7810103,D01,7.6,,6.6,6.5,,,,,,,2
46006241,7540105,A00,,,,7.25,,,,5.75,6.6,,4
46007677,7480202,D01,7.0,,4.6,5.6,,,,,,,0
2050370,7420201,D07,,,8.0,7.4,,,,,7.75,,4
49015046,7510401,D07,,,7.4,8.2,,,,,7.75,,3
37012908,7510202,D01,4.0,,5.8,6.25,,,,,,,3
37000865,7340115,A01,,,8.2,7.25,,,,6.8,,,1
2022085,7480201,D07,,,8.0,7.75,,,,,8.4,,0
49002836,7810103,A01,,,8.2,6.0,,,,7.2,,,2
37007412,7340115,D01,7.4,,6.6,8.5,,,,,,,1
35002434,7480201,A00,,,,8.0,,,,7.75,7.0,,0
2038665,7340115,A01,,,9.4,8.0,,,,7.75,,,1
2080949,7540101,D07,,,7.2,8.25,,,,,7.4,,4
2072147,7420201,A00,,,,6.4,,,,5.75,7.75,,4
2050589,7510303,A01,,,8.2,7.25,,,,8.0,,,3
49013532,7480202,A00,,,,6.6,,,,3.75,8.25,,0
63001450,7510303,A00,,,,7.4,,,,6.75,6.5,,3
63002907,7340120,D01,7.0,,8.0,8.0,,,,,,,1
2083328,7510401,A00,,,,6.25,,,,6.25,6.6,,3
50007215,7510401,A00,,,,5.5,,,,7.75,6.8,,3
38005966,7340120,A00,,,,6.5,,,,7.75,7.8,,1
2008582,7340115,D01,8.2,,7.6,8.5,,,,,,,1
40013072,7340201,A01,,,7.4,8.6,,,,6.0,,,1
40017823,7340301,A00,,,,6.0,,,,7.75,6.8,,1
2015072,7220201,D01,8.2,,6.8,6.0,,,,,,,6
53001591,7510401,A00,,,,8.0,,,,6.5,7.75,,3
2023493,7340201,A00,,,,7.25,,,,8.5,8.2,,1
53015735,7540204,D01,8.0,,4.8,7.8,,,,,,,3
2007529,7340301,D01,7.4,,6.4,6.5,,,,,,,1
39005249,7340120,D01,8.0,,8.2,7.75,,,,,,,1
53000150,7480201,A00,,,,7.5,,,,8.75,8.8,,0
37009819,7340115,A00,,,,8.75,,,,7.75,7.6,,1
2014792,7480201,A00,,,,7.75,,,,8.0,6.4,,0
37001521,7540101,D07,,,7.8,6.75,,,,,7.8,,4
48011642,7510301,D01,4.4,,6.0,6.0,,,,,,,3
2030868,7220201,D01,7.5,,9.0,7.4,,,,,,,6
42005715,7340115,D01,6.8,,8.4,9.25,,,,,,,1
2043934,7540204,D01,6.4,,7.6,8.0,,,,,,,3
2079729,7510301,D01,6.4,,7.6,7.0,,,,,,,3
44013755,7340129,A00,,,,6.5,,,,8.25,7.4,,4
40008363,7510202,A00,,,,6.0,,,,6.0,7.0,,3
48021988,7420201,A00,,,,7.2,,,,6.5,5.75,,4
49014066,7220204,D01,7.0,,7.6,6.75,,,,,,,6
51007761,7540101,A00,,,,7.0,,,,7.5,7.2,,4
35008069,7480201,A00,,,,6.0,,,,8.0,7.0,,0
2081221,7480202,D01,7.5,,5.0,6.6,,,,,,,0
40016644,7540101,A01,,,7.6,7.5,,,,9.4,,,4
40019611,7340115,A01,,,7.8,8.25,,,,7.4,,,1
2079481,7510303,D01,7.8,,6.8,5.5,,,,,,,3
2035979,7480201,A01,,,8.4,7.75,,,,8.2,,,0
37009981,7340115,D01,7.0,,8.0,7.5,,,,,,,1
2006036,7540106,D07,,,7.8,6.0,,,,,7.0,,4
2048123,7480202,A00,,,,7.6,,,,5.0,8.0,,0
38009448,7340122,A00,,,,6.75,,,,9.5,7.8,,1
2010530,7340201,D01,6.6,,7.8,6.75,,,,,,,1
37007198,7340120,A01,,,8.4,7.25,,,,7.6,,,1
2040301,7340201,D01,8.0,,7.8,7.2,,,,,,,1
37008776,7340120,D01,6.0,,8.0,7.5,,,,,,,1
2043980,7420201,B00,,,,6.75,,,,,8.0,7.4,4
2035547,7480202,D01,7.0,,4.2,6.0,,,,,,,0
47004047,7340120,A00,,,,8.4,,,,8.25,7.5,,1
35000182,7340101,A00,,,,7.0,,,,7.25,8.2,,1
42004495,7480201,A00,,,,6.0,,,,8.0,7.8,,0
48026357,7810202,A00,,,,8.0,,,,6.25,8.0,,2
2039204,7220201,A01,,,7.6,5.75,,,,7.8,,,6
2057588,7420201,B00,,,,6.5,,,,,6.0,6.4,4
52003419,7510203,D01,7.2,,7.4,6.5,,,,,,,3
53006651,7480201,A00,,,,8.0,,,,7.5,7.2,,0
51002035,7510401,B00,,,,7.0,,,,,5.5,6.8,3
48025175,7340301,D01,8.0,,7.0,7.2,,,,,,,1
2030763,7819010,A00,,,,7.0,,,,6.5,7.0,,2
37004030,7540204,D01,6.8,,7.8,7.25,,,,,,,3
2032841,7850101,A00,,,,6.25,,,,6.5,6.6,,4
2078251,7480202,A01,,,7.4,7.25,,,,5.8,,,0
26004433,7340205,D01,6.6,,7.2,7.5,,,,,,,1
42009090,7340129,D01,6.6,,7.2,7.5,,,,,,,4
46000982,7340101,D01,9.0,,8.2,7.4,,,,,,,1
2018666,7220201,A01,,,8.0,7.5,,,,8.4,,,6
61003406,7340101,D01,7.4,,7.2,8.0,,,,,,,1
44009382,7340101,A00,,,,6.75,,,,8.25,8.2,,1
44011948,7480201,A00,,,,6.75,,,,7.25,7.2,,0
2043140,7480201,D01,8.4,,7.2,6.5,,,,,,,0
49003557,7380107,A00,,,,8.0,,,,8.0,7.6,,5
59001251,7540101,D07,,,8.2,7.6,,,,,7.75,,4
2045572,7380107,A01,,,8.2,7.75,,,,7.4,,,5
50009474,7460108,D01,4.0,,5.6,7.0,,,,,,,0
46009636,7510303,A00,,,,5.5,,,,8.0,7.8,,3
46009988,7540204,D01,3.4,,7.0,6.75,,,,,,,3
39004605,7510301,A00,,,,8.2,,,,5.75,4.0,,3
2007879,7340129,D01,7.0,,5.4,7.25,,,,,,,4
39005845,7520115,A00,,,,6.75,,,,5.25,6.8,,3
2064501,7510202,A00,,,,5.75,,,,7.75,7.4,,3
2029631,7340129,A00,,,,8.4,,,,7.25,8.0,,4
63006670,7340301,A00,,,,7.25,,,,7.25,8.2,,1
44008050,7340301,D01,8.25,,7.4,7.4,,,,,,,1
2035058,7220204,D09,,,8.4,8.5,,,7.8,,,,6
2007563,7540101,A01,,,7.8,7.25,,,,6.2,,,4
40009275,7810103,A01,,,7.4,7.4,,,,7.0,,,2
26016878,7340301,A00,,,,7.8,,,,7.25,8.25,,1
37015313,7510202,A00,,,,6.75,,,,7.75,7.0,,3
2084054,7480201,A00,,,,7.25,,,,8.0,7.2,,0
40018602,7510203,D01,6.2,,7.2,7.33,,,,,,,3
52003307,7340120,D01,7.0,,7.6,8.0,,,,,,,1
2043602,7340115,D01,8.0,,7.8,7.0,,,,,,,1
40006266,7340301,D01,8.25,,7.0,6.8,,,,,,,1
30007533,7340101,A00,,,,8.0,,,,8.5,7.75,,1
39008251,7540204,D01,6.0,,5.6,6.75,,,,,,,3
47003070,7810103,D15,6.5,4.0,7.75,,,,,,,,2
40001837,7810202,A00,,,,7.8,,,,6.25,8.25,,2
2065376,7819010,B00,,,,6.25,,,,,6.0,5.4,2
2008597,7510401,B00,,,,7.25,,,,,7.0,6.8,3
39010381,7480201,A00,,,,7.5,,,,8.75,8.0,,0
53000480,7340101,D01,8.25,,7.6,8.0,,,,,,,1
2032509,7510303,D01,4.6,,7.2,6.0,,,,,,,3
2038980,7220201,D01,6.75,,9.4,7.8,,,,,,,6
43004610,7380107,D01,6.4,,6.6,7.5,,,,,,,5
46009364,7340129,A00,,,,7.6,,,,7.5,7.25,,4
2037026,7220201,D01,7.8,,8.2,7.25,,,,,,,6
45003464,7340201,A00,,,,6.75,,,,6.75,7.2,,1
2023139,7340201,A00,,,,6.5,,,,7.5,8.0,,1
39009878,7480201,A00,,,,8.25,,,,6.75,8.4,,0
43009902,7340122,D01,6.6,,7.2,7.75,,,,,,,1
34008032,7510301,A00,,,,6.5,,,,6.0,7.8,,3
39007898,7380107,D01,5.8,,6.8,8.0,,,,,,,5
2063170,7480201,A00,,,,7.0,,,,8.5,8.0,,0
52000949,7810202,A01,,,9.0,7.8,,,,6.0,,,2
37000467,7540106,A01,,,5.4,8.0,,,,5.75,,,4
37012128,7220204,D01,7.5,,8.4,7.0,,,,,,,6
2034405,7380107,A00,,,,6.25,,,,8.0,8.2,,5
2025958,7819010,A00,,,,5.75,,,,7.0,7.0,,2
50000237,7340301,D01,7.0,,6.0,7.25,,,,,,,1
2057479,7510303,A00,,,,7.0,,,,6.25,6.6,,3
42010433,7510203,D01,5.4,,6.4,6.75,,,,,,,3
2083134,7340115,A00,,,,8.0,,,,7.75,7.6,,1
2014770,7340201,A00,,,,7.5,,,,7.5,8.2,,1
2084411,7540101,B00,,,,8.4,,,,,7.75,8.25,4
56002121,7540101,A00,,,,8.0,,,,8.0,7.5,,4
42013304,7480202,A01,,,7.4,7.5,,,,7.2,,,0
42013039,7340201,D01,6.2,,7.6,7.75,,,,,,,1
56009970,7340101,A00,,,,8.0,,,,7.75,6.8,,1
48015614,7480201,A00,,,,7.0,,,,8.0,7.6,,0
49011851,7220204,A01,,,7.6,8.2,,,,8.0,,,6
35001759,7340120,D01,9.5,,6.8,7.8,,,,,,,1
2024819,7340301,D01,8.6,,7.2,6.75,,,,,,,1
46002213,7340201,D01,8.4,,6.0,6.5,,,,,,,1
2063981,7510303,A01,,,6.6,7.0,,,,6.6,,,3
53009672,7810202,D01,7.0,,8.0,7.75,,,,,,,2
46000769,7510401,A01,,,6.4,6.0,,,,6.2,,,3
37002251,7340120,A01,,,7.8,7.25,,,,8.8,,,1
2046802,7540101,A00,,,,7.0,,,,8.25,7.4,,4
40018456,7420201,B00,,,,8.0,,,,,5.75,7.8,4
35007858,7340120,A00,,,,7.8,,,,8.0,7.25,,1
37008408,7380107,D01,6.75,,8.6,8.0,,,,,,,5
49010135,7340201,D01,6.4,,7.6,9.0,,,,,,,1
2048037,7510303,A00,,,,7.2,,,,6.25,6.75,,3
63001547,7540106,A00,,,,7.8,,,,4.5,7.0,,4
2034506,7340201,D01,7.8,,7.2,8.0,,,,,,,1
48016422,7510303,A00,,,,6.8,,,,7.5,6.75,,3
41007174,7340301,A00,,,,6.25,,,,7.75,7.4,,1
2083216,7510203,D01,7.6,,6.6,6.5,,,,,,,3
2068291,7340129,A00,,,,7.4,,,,6.75,6.5,,4
2068301,7480201,A00,,,,8.4,,,,7.75,7.75,,0
2065725,7340115,D01,8.4,,7.6,7.25,,,,,,,1
47003782,7340301,A01,,,7.8,7.6,,,,7.75,,,1
2075711,7520115,D01,4.8,,6.8,7.0,,,,,,,3
39007488,7420201,B00,,,,7.8,,,,,7.75,5.75,4
49005005,7340301,A00,,,,6.75,,,,8.0,7.0,,1
49006750,7540106,A00,,,,7.4,,,,7.0,7.5,,4
47002455,7510301,D01,5.0,,7.4,6.25,,,,,,,3
46005732,7480202,D01,5.75,,3.4,6.2,,,,,,,0
59007099,7340120,A00,,,,7.8,,,,7.75,7.5,,1
2039462,7510303,A00,,,,6.8,,,,5.75,7.75,,3
60002055,7810201,D15,7.0,5.0,6.0,,,,,,,,2
2040192,7480201,D01,7.5,,9.4,6.6,,,,,,,0
2067694,7510301,A00,,,,6.0,,,,5.25,7.2,,3
40003216,7480201,A01,,,7.2,7.4,,,,7.5,,,0
2083581,7510401,B00,,,,6.75,,,,,6.25,7.2,3
2067097,7510303,D01,7.6,,4.8,6.25,,,,,,,3
39001805,7340301,A00,,,,7.4,,,,7.0,8.0,,1
39007186,7540106,A00,,,,6.8,,,,5.5,6.5,,4
51012638,7340301,A00,,,,7.25,,,,8.25,8.2,,1
43006181,7480201,D01,6.5,,9.0,7.4,,,,,,,0
2009138,7810201,D01,8.6,,5.2,5.5,,,,,,,2
32007283,7340101,A00,,,,8.2,,,,7.75,8.0,,1
37006011,7220201,D01,7.5,,9.0,7.4,,,,,,,6
48031855,7510203,A00,,,,4.75,,,,7.75,6.0,,3
31001909,7380107,D15,7.0,6.0,7.5,,,,,,,,5
2050893,7510202,A00,,,,6.8,,,,5.5,6.5,,3
35002726,7510202,A00,,,,7.6,,,,7.5,7.5,,3
56011933,7510401,B00,,,,8.4,,,,,6.75,7.5,3
39007199,7540204,D01,7.0,,6.2,6.4,,,,,,,3
2023780,7810202,A00,,,,6.5,,,,7.0,6.6,,2
37006268,7220204,D01,6.0,,7.8,9.0,,,,,,,6
52012279,7380107,D01,7.6,,7.8,7.0,,,,,,,5
2049192,7819009,B00,,,,6.25,,,,,5.0,6.2,2
45001677,7510303,A00,,,,7.6,,,,5.75,7.25,,3
48017592,7460108,A00,,,,6.5,,,,7.5,7.4,,0
36002472,7340301,D01,7.2,,7.4,6.75,,,,,,,1
2062666,7480201,D01,7.4,,7.8,7.25,,,,,,,0
49010238,7340101,A00,,,,6.75,,,,7.25,7.6,,1
39005058,7340201,D01,6.75,,8.6,7.8,,,,,,,1
48008716,7540101,A01,,,7.4,7.25,,,,8.2,,,4
2072056,7510301,A00,,,,8.4,,,,7.25,6.25,,3
40006917,7480201,A00,,,,7.0,,,,7.5,7.4,,0
2037268,7340101,A00,,,,7.6,,,,8.25,8.0,,1
44004695,7340205,D01,5.2,,8.0,7.5,,,,,,,1
2082966,7340120,A01,,,7.4,8.0,,,,8.2,,,1
53012968,7810202,A01,,,7.4,7.6,,,,7.25,,,2
46001217,7480201,A00,,,,8.0,,,,7.5,8.0,,0
48024007,7510202,D01,4.2,,6.4,7.0,,,,,,,3
2044804,7340205,D01,7.2,,7.4,6.5,,,,,,,1
2020623,7420201,B00,,,,6.25,,,,,7.25,5.2,4
42013395,7510301,D01,6.5,,4.6,6.4,,,,,,,3
50004611,7540106,A00,,,,7.5,,,,8.0,8.4,,4
32000648,7380107,D01,6.6,,7.8,8.5,,,,,,,5
2083375,7540101,A00,,,,7.75,,,,6.75,8.0,,4
2064583,7340101,A00,,,,7.25,,,,7.75,7.8,,1
37016863,7810201,D15,7.0,6.2,6.5,,,,,,,,2
2068293,7540204,D01,6.0,,6.8,5.5,,,,,,,3
2068154,7220204,D09,,,7.0,7.5,,,6.8,,,,6
2036782,7510203,D07,,,7.2,6.75,,,,,7.4,,3
54009992,7380107,D01,7.4,,7.2,7.75,,,,,,,5
51004711,7510303,A00,,,,6.5,,,,6.0,7.8,,3
2070656,7510301,A01,,,8.0,7.8,,,,7.0,,,3
2059346,7420201,D07,,,7.4,7.2,,,,,5.0,,4
2050397,7510303,A00,,,,7.25,,,,6.75,7.4,,3
37001150,7340115,A00,,,,7.75,,,,7.25,8.0,,1
60005700,7480201,D01,5.2,,7.4,8.5,,,,,,,0
37005236,7340101,D01,6.2,,7.6,7.75,,,,,,,1
39007273,7420201,B00,,,,7.8,,,,,7.0,7.75,4
2035387,7810202,D01,8.25,,7.8,8.6,,,,,,,2
46005712,7480201,D01,7.0,,7.4,7.6,,,,,,,0
2033724,7480202,D07,,,8.2,7.2,,,,,7.0,,0
25010466,7340122,A00,,,,7.75,,,,8.0,7.4,,1
2037758,7340115,D01,8.4,,7.6,8.75,,,,,,,1
49009879,7340120,A00,,,,7.5,,,,7.5,8.2,,1
2044011,7510401,D07,,,8.6,7.0,,,,,5.0,,3
2030803,7850101,A00,,,,6.25,,,,5.75,7.2,,4
2074964,7810201,A01,,,7.6,8.4,,,,6.75,,,2
63002944,7810201,D01,7.0,,7.0,8.0,,,,,,,2
51017856,7220204,D01,7.2,,8.4,7.75,,,,,,,6
50006960,7340115,D01,7.6,,8.2,8.25,,,,,,,1
52007169,7810103,A00,,,,6.75,,,,7.75,8.2,,2
2078160,7540101,B00,,,,8.2,,,,,8.0,8.0,4
51009324,7510303,D01,3.8,,6.4,7.5,,,,,,,3
39003295,7510202,D01,5.6,,7.2,5.25,,,,,,,3
51007046,7510401,A00,,,,8.0,,,,8.25,7.0,,3
35010729,7510202,D01,4.2,,7.6,7.25,,,,,,,3
46007971,7510303,D01,6.6,,6.4,8.0,,,,,,,3
2068329,7520115,D01,7.4,,5.6,5.25,,,,,,,3
2063055,7850101,B00,,,,5.75,,,,,6.5,6.6,4
2063620,7480201,A00,,,,6.25,,,,7.5,8.0,,0
52002875,7510203,D07,,,6.8,8.6,,,,,7.75,,3
53001763,7420201,B00,,,,5.8,,,,,6.5,8.0,4
45003941,7480201,A01,,,9.2,7.4,,,,7.5,,,0
48024839,7340201,D01,7.75,,8.4,7.0,,,,,,,1
2036435,7540106,D07,,,6.6,7.6,,,,,7.25,,4
40013273,7380107,D15,6.25,6.4,6.5,,,,,,,,5
2064511,7510203,A00,,,,6.75,,,,7.0,7.0,,3
2055221,7819010,A00,,,,6.5,,,,6.25,6.2,,2
50000581,7340201,D01,6.4,,7.0,7.75,,,,,,,1
2035651,7340120,A00,,,,8.0,,,,7.25,7.6,,1
2053550,7510401,D07,,,7.8,6.75,,,,,6.8,,3
2063775,7220201,D01,8.4,,7.8,7.25,,,,,,,6
49004538,7340115,A00,,,,7.25,,,,8.0,8.2,,1
2069568,7480201,D01,6.8,,7.6,7.75,,,,,,,0
21020376,7810202,A01,,,8.4,8.75,,,,7.8,,,2
40009586,7220201,D01,9.0,,7.0,7.0,,,,,,,6
2006257,7510202,A00,,,,5.8,,,,5.0,6.0,,3
2022756,7340120,A01,,,7.6,6.25,,,,8.2,,,1
2045172,7340101,D01,6.8,,7.6,7.5,,,,,,,1
41000477,7380107,D01,7.75,,6.6,7.2,,,,,,,5
2037539,7480201,D01,6.4,,9.4,8.0,,,,,,,0
60002420,7810201,D01,8.0,,7.4,7.6,,,,,,,2
2080154,7480201,A00,,,,7.5,,,,7.75,7.8,,0
43002433,7340101,D01,8.6,,7.0,7.5,,,,,,,1
39007889,7810103,D01,6.4,,7.4,7.0,,,,,,,2
2089128,7340120,D01,7.08,,9.0,7.6,,,,,,,1
2038887,7480201,A01,,,9.0,7.6,,,,6.75,,,0
2038868,7480201,A01,,,8.4,7.6,,,,7.0,,,0
47000430,7220201,D01,6.25,,9.4,7.8,,,,,,,6
63000462,7340115,A00,,,,7.5,,,,8.25,8.0,,1
47001564,7510303,D01,7.75,,3.4,7.6,,,,,,,3
2036239,7540101,B00,,,,8.0,,,,,8.25,7.0,4
58000170,7480201,A01,,,7.8,8.0,,,,7.6,,,0
48012292,7340122,D01,8.0,,7.0,8.5,,,,,,,1
54011741,7480201,D07,,,8.2,7.0,,,,,8.0,,0
2036799,7340301,A00,,,,7.0,,,,7.5,8.0,,1
50013241,7540101,B00,,,,7.25,,,,,7.5,7.6,4
43007491,7340101,A00,,,,8.2,,,,7.5,7.5,,1
2059067,7340201,A00,,,,8.2,,,,7.0,8.0,,1
2086936,7810202,A01,,,8.8,8.4,,,,7.75,,,2
37003249,7340101,D01,8.2,,7.2,8.0,,,,,,,1
57003030,7220201,D09,,,7.6,7.5,,,7.8,,,,6
50005464,7340201,A00,,,,7.75,,,,6.0,7.4,,1
47009844,7340120,A00,,,,6.25,,,,7.75,7.6,,1
2018968,7510202,D01,6.5,,6.0,7.0,,,,,,,3
2072260,7510401,B00,,,,7.2,,,,,7.0,6.5,3
52006335,7340101,A00,,,,7.75,,,,6.5,8.4,,1
53011327,7540204,A00,,,,7.4,,,,6.5,5.5,,3
53012521,7540106,A00,,,,8.0,,,,7.5,8.0,,4
37003902,7520115,D01,6.0,,8.6,4.8,,,,,,,3
40007910,7510301,A00,,,,8.2,,,,6.25,4.0,,3
37011219,7510203,D01,5.25,,4.6,6.0,,,,,,,3
41004719,7340201,D01,6.6,,6.4,7.75,,,,,,,1
48006207,7340301,D01,6.4,,6.8,6.5,,,,,,,1
43004221,7340123,D01,6.6,,7.4,7.75,,,,,,,1
2068963,7510401,D07,,,8.0,8.0,,,,,8.25,,3
49005766,7540106,B00,,,,7.0,,,,,6.75,5.75,4
2030310,7340301,A00,,,,7.0,,,,7.0,8.0,,1
43006843,7340201,A00,,,,7.25,,,,7.75,7.2,,1
31003656,7340115,A00,,,,7.75,,,,8.25,7.6,,1
48029877,7340205,D01,5.0,,5.6,8.0,,,,,,,1
37016331,7480201,D01,7.4,,7.6,5.75,,,,,,,0
46001537,7540106,A00,,,,7.0,,,,6.25,6.4,,4
38009625,7480201,A00,,,,6.25,,,,7.0,7.0,,0
40020262,7340120,D01,7.0,,7.2,8.25,,,,,,,1
2030521,7480201,A00,,,,7.5,,,,7.75,7.4,,0
56000404,7340115,A00,,,,7.0,,,,8.25,8.0,,1
38006048,7480202,A00,,,,6.25,,,,6.5,7.2,,0
59006953,7340115,A00,,,,8.2,,,,7.25,8.0,,1
46005033,7480201,A00,,,,7.5,,,,6.75,7.4,,0
48001764,7810202,A00,,,,7.8,,,,7.75,7.75,,2
2077302,7340129,A00,,,,7.5,,,,8.0,6.8,,4
2080592,7420201,D07,,,6.8,7.6,,,,,8.25,,4
63006809,7480201,A00,,,,7.0,,,,6.25,7.0,,0
35009190,7340122,D01,6.6,,8.2,9.0,,,,,,,1
39003735,7480201,A00,,,,8.4,,,,7.75,6.25,,0
42005300,7220204,D01,7.75,,8.0,7.2,,,,,,,6
56012308,7480202,A00,,,,5.8,,,,5.0,5.75,,0
54010297,7819009,A01,,,7.0,6.75,,,,7.2,,,2
42009751,7340101,A00,,,,6.75,,,,7.75,7.8,,1
51011822,7480202,D01,5.2,,8.2,8.5,,,,,,,0
38009508,7510301,A00,,,,5.75,,,,6.5,6.8,,3
2083907,7340120,A01,,,8.6,8.0,,,,6.75,,,1
52000482,7510203,D01,7.25,,4.6,6.8,,,,,,,3
41008910,7540101,D07,,,6.8,8.0,,,,,7.8,,4
2061367,7540101,B00,,,,8.8,,,,,7.75,9.5,4
42012325,7510203,D01,4.92,,6.6,7.2,,,,,,,3
52009763,7510301,D01,7.2,,6.4,6.0,,,,,,,3
46002930,7540101,D07,,,8.0,7.6,,,,,7.75,,4
2078545,7510301,A00,,,,7.2,,,,6.25,6.75,,3
2036731,7340201,D01,7.5,,7.4,7.6,,,,,,,1
63000565,7380107,A00,,,,6.25,,,,8.5,8.0,,5
52010809,7380107,D01,7.0,,7.8,7.2,,,,,,,5
49005131,7810103,D01,4.8,,7.2,6.0,,,,,,,2
2083624,7220201,A01,,,7.8,7.75,,,,8.0,,,6
49012698,7340129,A00,,,,6.25,,,,8.0,7.4,,4
48019042,7510301,A00,,,,6.0,,,,7.25,7.4,,3
40008880,7340120,A00,,,,8.8,,,,8.0,7.5,,1
48023135,7850101,A01,,,8.4,6.4,,,,6.75,,,4
48009316,7510202,D01,6.6,,7.0,7.0,,,,,,,3
2049165,7380107,D01,6.0,,8.8,8.0,,,,,,,5
2040646,7340101,A00,,,,7.0,,,,9.0,8.2,,1
46006819,7510202,A00,,,,4.75,,,,5.75,7.2,,3
37001466,7340120,A00,,,,8.0,,,,7.75,7.4,,1
2018972,7340115,A00,,,,7.25,,,,8.5,8.4,,1
2036459,7510202,D01,7.8,,6.4,7.75,,,,,,,3
2038913,7340201,A01,,,8.2,7.6,,,,7.0,,,1
2035410,7340101,A01,,,7.8,8.0,,,,7.2,,,1
2039321,7520115,D01,6.25,,7.0,5.4,,,,,,,3
37011387,7480201,A00,,,,8.0,,,,7.5,7.6,,0
2028051,7480201,D01,7.0,,7.6,8.0,,,,,,,0
41003411,7340115,A00,,,,7.25,,,,7.5,8.2,,1
2060117,7340205,D01,5.8,,6.6,6.5,,,,,,,1
51010724,7340120,D01,7.8,,6.8,8.5,,,,,,,1
35009164,7340120,A00,,,,8.25,,,,7.75,7.4,,1
48026750,7510303,D01,5.0,,6.4,6.0,,,,,,,3
2064140,7340301,D01,6.0,,7.0,7.25,,,,,,,1
2079886,7340301,A00,,,,7.0,,,,7.5,6.4,,1
53010548,7480201,A01,,,7.8,9.2,,,,7.25,,,0
2027782,7340301,A00,,,,8.2,,,,7.5,8.25,,1
2030756,7380107,D01,6.75,,7.8,7.2,,,,,,,5
50004756,7540101,B00,,,,6.5,,,,,8.0,7.8,4
53015548,7540105,B00,,,,6.6,,,,,7.25,5.75,4
2064050,7540101,A00,,,,7.0,,,,7.5,6.8,,4
47009299,7810202,D01,8.0,,6.8,7.4,,,,,,,2
37016304,7480201,A00,,,,8.0,,,,8.25,6.75,,0
48021835,7420201,B00,,,,8.5,,,,,9.5,7.6,4
43006683,7540106,B00,,,,6.5,,,,,6.5,6.8,4
53002735,7540204,D01,4.4,,6.4,6.25,,,,,,,3
46003349,7340201,A00,,,,8.4,,,,6.5,7.5,,1
48031157,7540101,A00,,,,6.25,,,,7.75,7.2,,4
2016222,7540101,D07,,,6.0,6.75,,,,,9.0,,4
52010535,7340115,D01,7.8,,7.8,8.0,,,,,,,1
2067281,7510303,D01,7.0,,7.6,8.0,,,,,,,3
47000455,7340201,D01,6.6,,6.8,7.0,,,,,,,1
40018548,7810201,A00,,,,6.25,,,,6.5,7.2,,2
53003535,7340120,D01,8.75,,8.8,7.2,,,,,,,1
42007979,7380107,D01,6.5,,8.4,8.6,,,,,,,5
25005275,7340301,D01,5.0,,7.4,8.0,,,,,,,1
40007077,7340115,D01,8.2,,8.2,7.25,,,,,,,1
2038327,7540204,D01,6.0,,5.8,6.8,,,,,,,3
61000286,7480201,D01,7.6,,7.6,7.42,,,,,,,0
57009598,7510303,A00,,,,7.6,,,,6.25,7.25,,3
41007273,7540204,D01,6.5,,5.6,5.0,,,,,,,3
38003814,7340301,A00,,,,6.25,,,,8.5,7.2,,1
40007548,7810201,A00,,,,8.2,,,,6.5,7.5,,2
2052135,7510401,B00,,,,7.75,,,,,7.0,7.0,3
2023144,7340301,D01,7.8,,7.0,7.25,,,,,,,1
40002586,7340120,A00,,,,8.4,,,,7.25,7.25,,1
35004988,7510301,A00,,,,6.4,,,,7.0,4.75,,3
39009059,7340122,D01,7.6,,5.2,9.0,,,,,,,1
43006956,7340122,D01,7.6,,7.6,9.25,,,,,,,1
2002369,7540101,D07,,,7.6,6.0,,,,,8.4,,4
30007080,7510203,A00,,,,4.75,,,,6.5,7.0,,3
2037587,7819010,D07,,,7.0,5.5,,,,,5.0,,2
2069720,7380107,D01,6.0,,7.2,8.0,,,,,,,5
48007442,7540101,D07,,,9.0,8.6,,,,,8.5,,4
53010987,7540204,D01,7.5,,7.0,7.6,,,,,,,3
47005043,7540101,A01,,,7.6,8.5,,,,6.8,,,4
48016617,7510401,A00,,,,7.4,,,,5.25,8.25,,3
47006780,7510203,D01,6.75,,7.0,7.0,,,,,,,3
54011895,7460108,D01,5.4,,5.6,8.0,,,,,,,0
2005201,7340201,D01,8.0,,7.2,7.6,,,,,,,1
2020091,7340101,D01,7.2,,8.0,6.0,,,,,,,1
2077892,7810201,A00,,,,6.5,,,,7.5,5.0,,2
44003629,7480202,A00,,,,8.25,,,,6.5,7.2,,0
53014713,7340120,A00,,,,8.8,,,,8.5,7.25,,1
40016289,7220201,D01,7.25,,8.2,7.4,,,,,,,6
42013011,7340120,A01,,,8.2,7.6,,,,7.0,,,1
2042581,7510303,D01,4.6,,6.0,6.75,,,,,,,3
47003706,7480201,D01,6.6,,6.0,8.25,,,,,,,0
2063888,7340301,D01,7.0,,8.0,8.0,,,,,,,1
2005797,7510202,A00,,,,5.5,,,,7.0,5.8,,3
47009234,7540101,B00,,,,8.8,,,,,8.0,8.25,4
35012095,7810201,A00,,,,8.0,,,,6.5,7.5,,2
38001064,7540106,A01,,,8.0,7.75,,,,6.8,,,4
60002181,7340301,D01,5.8,,7.0,8.5,,,,,,,1
2039272,7340201,A01,,,8.2,7.2,,,,7.25,,,1
2020593,7510401,A00,,,,6.6,,,,6.75,6.0,,3
41003318,7480201,A00,,,,8.2,,,,7.0,7.25,,0
38010191,7480202,D01,6.0,,5.2,7.4,,,,,,,0
34001499,7540101,A01,,,9.0,8.0,,,,7.0,,,4
2068247,7510202,D01,6.6,,7.0,6.5,,,,,,,3
2080551,7510401,A00,,,,7.0,,,,6.75,7.75,,3
35006466,7510301,D01,5.0,,6.2,7.0,,,,,,,3
46007580,7340122,A00,,,,7.5,,,,8.0,7.8,,1
2014057,7510202,A00,,,,7.6,,,,6.25,8.0,,3
53013772,7510303,A00,,,,5.75,,,,7.75,7.8,,3
44004922,7340115,D01,7.8,,7.8,7.75,,,,,,,1
2084597,7510203,A00,,,,6.25,,,,7.25,7.6,,3
48014445,7340301,A00,,,,6.25,,,,8.25,6.0,,1
2043474,7480202,D07,,,7.2,7.25,,,,,6.2,,0
48023514,7480201,A01,,,8.6,7.5,,,,7.2,,,0
56000854,7540204,D01,2.8,,6.8,7.0,,,,,,,3
2080605,7510202,D01,6.0,,7.6,5.75,,,,,,,3
4011377,7340115,A01,,,8.4,7.8,,,,8.25,,,1
43005490,7340101,D01,7.0,,7.8,8.5,,,,,,,1
42011277,7810103,D01,7.25,,6.6,8.4,,,,,,,2
2030357,7480201,A01,,,6.8,7.75,,,,6.8,,,0
42008666,7510203,D01,4.2,,7.6,6.25,,,,,,,3
2079463,7510303,D01,6.4,,7.4,7.25,,,,,,,3
28010737,7810201,A00,,,,7.25,,,,7.5,7.4,,2
2013481,7510202,D07,,,5.8,7.2,,,,,5.75,,3
37005879,7340115,D01,7.6,,7.4,9.0,,,,,,,1
38014043,7340201,D01,8.0,,7.2,7.75,,,,,,,1
2037730,7340101,A01,,,8.0,7.5,,,,7.2,,,1
38006678,7340101,A00,,,,7.25,,,,7.5,7.6,,1
2015656,7540106,A00,,,,6.25,,,,7.0,7.0,,4
2084618,7480201,D01,7.2,,7.4,7.5,,,,,,,0
2035101,7540101,A00,,,,7.5,,,,7.5,7.8,,4
49007686,7520115,A00,,,,7.75,,,,7.0,5.8,,3
39009391,7480201,A00,,,,7.75,,,,8.0,7.8,,0
38008841,7340123,A00,,,,6.0,,,,7.5,6.6,,1
49008145,7340101,D01,7.75,,9.2,7.4,,,,,,,1
48027451,7510401,A00,,,,7.4,,,,5.5,6.5,,3
28033899,7810103,D01,3.6,,5.8,8.75,,,,,,,2
2072256,7480201,A01,,,9.4,7.4,,,,6.0,,,0
2036444,7340115,A00,,,,7.5,,,,7.5,7.6,,1
56001771,7540101,B00,,,,8.6,,,,,7.25,8.0,4
53004105,7540101,A00,,,,8.25,,,,7.5,8.0,,4
37006025,7340120,D01,7.4,,7.4,7.25,,,,,,,1
48010729,7380107,D01,7.5,,8.0,6.8,,,,,,,5
43002942,7510202,A00,,,,4.75,,,,5.5,6.2,,3
43009624,7340120,D01,5.8,,7.4,8.25,,,,,,,1
2057591,7510401,B00,,,,8.0,,,,,8.25,7.5,3
2011083,7810201,A00,,,,6.5,,,,7.0,6.0,,2
39006213,7380107,D15,8.0,8.0,8.25,,,,,,,,5
2062751,7510203,A00,,,,7.5,,,,7.25,7.6,,3
2010459,7340205,D01,6.4,,5.6,6.75,,,,,,,1
48004172,7510401,A00,,,,8.5,,,,8.75,7.8,,3
41001262,7480201,A00,,,,6.5,,,,6.75,7.6,,0
2083984,7340101,D01,8.0,,8.2,7.8,,,,,,,1
37007017,7220204,D01,7.25,,8.2,7.8,,,,,,,6
2017216,7819010,A01,,,7.4,6.75,,,,6.6,,,2
2052065,7510401,A01,,,7.8,7.25,,,,6.4,,,3
48001887,7540101,D07,,,8.6,8.75,,,,,7.4,,4
46008823,7340201,A00,,,,6.75,,,,6.75,7.0,,1
53009094,7340301,A00,,,,8.0,,,,7.0,7.5,,1
43001255,7540101,D07,,,9.2,7.8,,,,,7.5,,4
2017176,7540101,A00,,,,7.25,,,,8.25,7.8,,4
2005697,7810202,D01,6.0,,6.6,7.0,,,,,,,2
40004365,7340201,A01,,,8.4,7.25,,,,7.4,,,1
41005312,7340301,A00,,,,7.5,,,,8.5,8.0,,1
46002858,7810201,A00,,,,7.8,,,,6.0,8.5,,2
2023617,7810201,D01,4.6,,6.6,7.5,,,,,,,2
38013142,7340115,A01,,,7.6,8.25,,,,7.6,,,1
50012009,7540106,A00,,,,6.25,,,,7.5,6.8,,4
2031069,7540106,A01,,,8.2,8.2,,,,7.0,,,4
37009967,7340101,A01,,,8.0,8.75,,,,6.6,,,1
56009248,7510202,D01,7.0,,4.6,7.0,,,,,,,3
56002708,7480201,A00,,,,9.4,,,,8.0,6.75,,0
38010830,7480201,A00,,,,7.5,,,,7.75,8.2,,0
56010236,7420201,A00,,,,6.0,,,,5.25,7.5,,4
2036071,7420201,B00,,,,7.4,,,,,8.0,7.5,4
52010946,7220204,D01,7.5,,9.0,7.2,,,,,,,6
53004701,7480202,D01,7.25,,4.8,5.8,,,,,,,0
2061042,7520115,D01,8.0,,7.4,6.0,,,,,,,3
50007822,7340201,D01,6.2,,6.8,8.0,,,,,,,1
2039389,7480201,D01,7.4,,8.4,8.25,,,,,,,0
35002479,7220204,D01,9.5,,7.2,7.8,,,,,,,6
2040088,7810202,A00,,,,5.75,,,,7.5,7.0,,2
2034648,7340205,D01,6.6,,6.8,6.0,,,,,,,1
40013768,7540101,B00,,,,7.5,,,,,7.0,7.2,4
56001595,7220201,D01,7.4,,7.4,8.0,,,,,,,6
2043952,7340205,A00,,,,7.75,,,,6.25,7.4,,1
46007939,7220204,D01,5.6,,7.4,8.0,,,,,,,6
43006982,7340122,D01,6.8,,7.6,8.25,,,,,,,1
48017768,7480201,D01,7.2,,7.0,8.5,,,,,,,0
39003958,7420201,B00,,,,6.5,,,,,5.75,6.8,4
2045346,7340115,A00,,,,8.25,,,,7.5,7.4,,1
2036466,7480201,D07,,,7.8,8.75,,,,,8.2,,0
2036699,7380107,A00,,,,6.0,,,,6.5,6.4,,5
2036339,7480201,D07,,,7.4,6.75,,,,,8.4,,0
48030556,7810202,A00,,,,8.0,,,,6.5,7.25,,2
50006804,7340101,D01,8.5,,7.8,7.2,,,,,,,1
28010222,7220201,D01,8.2,,6.0,8.0,,,,,,,6
41005761,7420201,D07,,,7.0,7.75,,,,,7.2,,4
44009005,7480201,D01,6.4,,7.6,7.0,,,,,,,0
2084135,7340101,D01,8.5,,8.8,6.8,,,,,,,1
46006366,7510303,A00,,,,7.0,,,,6.75,8.6,,3
35002314,7340101,A00,,,,7.25,,,,8.25,8.0,,1
59004124,7810201,A00,,,,7.25,,,,7.5,7.4,,2
63006580,7340115,A00,,,,8.0,,,,9.0,8.0,,1
37006971,7510202,D01,6.0,,7.4,4.75,,,,,,,3
49009689,7850101,B00,,,,6.6,,,,,4.5,5.75,4
2031138,7819010,A00,,,,6.25,,,,7.75,7.8,,2
48001862,7380107,D01,7.5,,8.6,6.0,,,,,,,5
44012201,7510202,D01,6.25,,6.8,7.0,,,,,,,3
2083904,7480201,A01,,,8.0,7.6,,,,7.75,,,0
54001769,7480201,A00,,,,8.2,,,,7.75,7.25,,0
60004296,7340201,A00,,,,8.8,,,,7.75,6.25,,1
2023682,7510406,A01,,,6.8,6.75,,,,6.8,,,4
2035686,7220201,D01,6.4,,7.0,7.75,,,,,,,6
2082107,7510301,D01,6.25,,5.8,7.6,,,,,,,3
29027884,7540101,B00,,,,8.75,,,,,7.25,8.0,4
2022837,7510401,A01,,,8.0,6.5,,,,7.0,,,3
40019819,7340201,D01,7.25,,7.4,7.6,,,,,,,1
53005065,7340120,D01,8.75,,8.8,7.2,,,,,,,1
37015997,7480201,D01,7.6,,7.8,6.5,,,,,,,0
2088818,7340115,D01,8.5,,8.6,7.6,,,,,,,1
2087703,7340201,A00,,,,8.8,,,,7.75,8.5,,1
39009704,7220204,D01,8.4,,6.0,7.5,,,,,,,6
35002298,7340101,D01,8.25,,7.0,7.8,,,,,,,1
44009600,7480201,A01,,,7.4,7.5,,,,8.6,,,0
41007321,7380107,A00,,,,6.8,,,,7.5,7.25,,5
28030094,7540101,B00,,,,8.6,,,,,7.75,7.75,4
43005785,7510303,D01,7.6,,7.0,7.0,,,,,,,3
53001381,7480201,A00,,,,7.25,,,,7.75,7.2,,0
49008553,7340301,D01,6.8,,7.8,8.5,,,,,,,1
35006881,7340101,A00,,,,7.2,,,,8.25,8.5,,1
2080236,7540106,A01,,,6.8,6.8,,,,4.5,,,4
2089228,7340101,A01,,,9.0,8.2,,,,7.75,,,1
53013199,7540204,A00,,,,7.6,,,,7.25,7.5,,3
35013812,7340301,A00,,,,7.0,,,,7.25,6.8,,1
2069388,7510406,A00,,,,6.75,,,,5.5,6.2,,4
55007811,7340201,D01,7.0,,7.8,8.2,,,,,,,1
54002871,7810103,A00,,,,6.25,,,,7.75,8.0,,2
2022774,7340123,D01,5.0,,6.8,7.25,,,,,,,1
38004332,7480201,A00,,,,8.0,,,,8.25,8.0,,0
36001776,7340301,A00,,,,5.25,,,,7.25,8.2,,1
2051134,7480201,D07,,,7.4,7.0,,,,,8.4,,0
2010566,7480201,D07,,,8.4,8.5,,,,,7.6,,0
51008327,7480202,A00,,,,7.0,,,,7.5,7.4,,0
2069374,7520115,D01,7.2,,5.4,6.25,,,,,,,3
2025650,7819010,D07,,,7.2,7.0,,,,,7.2,,2
41006010,7340129,A01,,,8.4,7.5,,,,7.4,,,4
2059123,7810201,D01,7.2,,7.4,7.5,,,,,,,2
48014358,7340101,A00,,,,8.4,,,,7.75,8.25,,1
40010972,7480201,A01,,,7.6,8.2,,,,7.25,,,0
49009951,7480201,A00,,,,8.0,,,,7.25,7.25,,0
2043896,7480202,A00,,,,8.0,,,,8.25,7.2,,0
2013683,7540106,A00,,,,6.4,,,,5.25,6.5,,4
2040277,7510202,D01,7.6,,7.2,4.25,,,,,,,3
2034349,7850101,A00,,,,7.5,,,,8.0,6.4,,4
48024203,7380107,D01,6.25,,7.6,7.0,,,,,,,5
34014154,7540204,A00,,,,7.25,,,,7.0,6.8,,3
53002174,7420201,A00,,,,6.8,,,,7.0,5.25,,4
48004010,7340101,D01,8.2,,6.4,7.5,,,,,,,1
39004419,7340201,A00,,,,8.0,,,,7.75,7.0,,1
37005475,7510303,D01,6.0,,5.8,5.8,,,,,,,3
38005340,7420201,A00,,,,8.0,,,,5.25,7.75,,4
53012950,7340101,D01,8.25,,8.0,7.6,,,,,,,1
37006186,7340101,A01,,,7.6,6.75,,,,8.0,,,1
56005924,7810202,A00,,,,7.4,,,,7.0,7.75,,2
43006925,7340201,D01,6.2,,8.6,6.75,,,,,,,1
2047443,7480202,D01,7.5,,6.8,7.0,,,,,,,0
48029777,7340115,D01,7.0,,7.4,8.5,,,,,,,1
61005922,7510401,A00,,,,6.0,,,,5.5,7.6,,3
48026917,7340123,D01,5.5,,5.6,7.4,,,,,,,1
53002861,7510202,A00,,,,6.25,,,,7.25,8.0,,3
32008420,7540101,A00,,,,8.6,,,,7.25,7.75,,4
48025857,7340120,A00,,,,7.5,,,,7.75,8.0,,1
2017122,7810103,D01,7.0,,6.6,6.0,,,,,,,2
37006151,7340115,D01,7.8,,8.2,7.75,,,,,,,1
47004064,7480201,A00,,,,7.0,,,,7.75,8.0,,0
35002424,7810202,D01,8.25,,6.8,8.6,,,,,,,2
2011162,7380107,D01,7.4,,6.2,5.5,,,,,,,5
44013495,7220201,D01,8.0,,7.4,7.8,,,,,,,6
2016533,7220201,D09,,,8.2,8.75,,,6.8,,,,6
39010194,7480202,D01,6.0,,8.0,6.4,,,,,,,0
49005151,7810103,D01,8.25,,8.6,8.6,,,,,,,2
45002379,7480202,D01,5.0,,6.6,7.0,,,,,,,0
38013888,7510303,D01,5.5,,6.0,6.0,,,,,,,3
40010122,7510401,A00,,,,8.4,,,,6.0,7.75,,3
48000714,7510202,A01,,,6.8,7.4,,,,7.0,,,3
38007967,7340101,A00,,,,6.5,,,,8.0,8.0,,1
2045075,7420201,A01,,,8.8,7.2,,,,7.5,,,4
53009132,7510301,A00,,,,7.2,,,,4.75,7.25,,3
2072500,7510401,A00,,,,7.0,,,,7.5,7.6,,3
2017426,7340123,D01,5.75,,6.2,6.8,,,,,,,1
48018536,7540106,A00,,,,8.2,,,,7.5,7.5,,4
35012176,7220204,D01,8.0,,7.4,8.0,,,,,,,6
48022468,7520115,A00,,,,6.75,,,,6.0,7.6,,3
52010902,7480201,D01,7.75,,7.0,8.2,,,,,,,0
40005175,7380107,A00,,,,7.75,,,,7.5,8.2,,5
42006256,7340120,D01,6.2,,7.4,8.0,,,,,,,1
36001040,7340201,D01,7.4,,6.0,8.75,,,,,,,1
2006947,7340129,D01,6.6,,8.2,7.0,,,,,,,4
2043087,7340120,D01,7.8,,7.4,6.5,,,,,,,1
37017597,7340301,A00,,,,6.75,,,,7.25,8.0,,1
2034233,7810201,D01,6.0,,8.0,7.25,,,,,,,2
32001467,7340120,A00,,,,8.2,,,,7.75,8.0,,1
2022249,7380107,A01,,,7.0,8.0,,,,6.5,,,5
2043300,7810103,D15,6.25,5.4,7.25,,,,,,,,2
2049364,7460108,D07,,,6.0,7.0,,,,,7.4,,0
44010316,7340205,D01,4.8,,6.2,8.0,,,,,,,1
37001155,7510303,D01,6.75,,6.8,8.2,,,,,,,3
49008253,7340129,D01,7.5,,7.0,7.6,,,,,,,4
46002097,7850101,A00,,,,7.0,,,,7.0,7.2,,4
41002668,7340101,D01,6.4,,7.4,8.0,,,,,,,1
2079908,7340101,D01,8.0,,7.2,6.75,,,,,,,1
2017651,7510406,A00,,,,8.2,,,,5.5,5.75,,4
52008296,7340201,D01,8.0,,7.2,8.0,,,,,,,1
37001369,7380107,A01,,,7.4,7.0,,,,8.2,,,5
55000246,7340301,A01,,,7.4,8.2,,,,7.0,,,1
2067838,7810201,D01,7.5,,7.8,7.4,,,,,,,2
47006280,7220201,D09,,,6.2,7.75,,,7.6,,,,6
53009404,7340115,A00,,,,7.75,,,,7.75,7.2,,1
2067399,7340129,A00,,,,6.8,,,,7.5,7.0,,4
35001915,7810103,D01,8.5,,6.6,7.8,,,,,,,2
61001361,7810202,D01,8.0,,7.0,8.0,,,,,,,2
2038720,7510401,A00,,,,8.2,,,,7.5,7.5,,3
46001501,7340201,D01,8.6,,6.0,8.0,,,,,,,1
37009432,7540204,A00,,,,7.4,,,,6.25,8.0,,3
2083390,7340101,A00,,,,8.0,,,,8.0,8.2,,1
49011796,7220204,D01,8.25,,7.0,7.6,,,,,,,6
47006844,7380107,D15,7.75,7.4,6.5,,,,,,,,5
56009691,7480201,A01,,,7.8,7.8,,,,7.75,,,0
44012033,7340301,A01,,,8.0,7.4,,,,7.5,,,1
49006788,7480201,A00,,,,6.0,,,,7.25,7.6,,0
2083649,7480201,A00,,,,7.25,,,,7.25,8.2,,0
2040478,7540101,D07,,,7.6,8.6,,,,,8.25,,4
35006024,7340129,D01,7.5,,6.6,6.6,,,,,,,4
2069670,7850101,B00,,,,6.0,,,,,5.75,7.6,4
2075668,7380107,D01,7.5,,7.0,7.2,,,,,,,5
56008645,7540204,A01,,,8.6,7.6,,,,5.5,,,3
2035442,7850101,A00,,,,7.8,,,,6.25,5.25,,4
53013625,7340301,A00,,,,8.0,,,,7.25,8.0,,1
30002806,7480201,A01,,,8.2,7.75,,,,7.0,,,0
53006464,7480201,A00,,,,8.2,,,,6.5,8.0,,0
56013163,7810202,D01,7.0,,7.8,8.0,,,,,,,2
61001065,7480201,D07,,,5.8,7.25,,,,,7.8,,0
2040592,7340301,A00,,,,7.4,,,,8.0,8.75,,1
56008750,7340201,D01,6.6,,7.4,6.25,,,,,,,1
2015791,7480201,A01,,,6.4,7.0,,,,7.6,,,0
35008597,7340120,A00,,,,7.5,,,,8.0,7.8,,1
53012748,7810201,D15,6.0,4.2,7.75,,,,,,,,2
2068803,7340115,A01,,,8.0,7.0,,,,8.0,,,1
40010580,7480201,A01,,,7.8,7.25,,,,8.6,,,0
49000109,7220204,A01,,,7.4,7.4,,,,8.0,,,6
2036807,7480202,A01,,,8.4,7.75,,,,7.6,,,0
35008941,7380107,D01,7.0,,8.0,8.5,,,,,,,5
2038843,7510203,A01,,,6.2,7.4,,,,6.75,,,3
43002575,7340122,A00,,,,6.75,,,,7.0,8.0,,1
57011184,7540101,B00,,,,7.0,,,,,8.25,8.25,4
60000864,7510301,A00,,,,6.25,,,,7.5,7.6,,3
43004992,7340201,A00,,,,7.0,,,,6.25,7.6,,1
52006148,7380107,D01,7.25,,8.0,7.2,,,,,,,5
2022237,7340101,D01,7.0,,9.4,7.6,,,,,,,1
38001968,7220201,D01,8.0,,8.4,7.0,,,,,,,6
37006629,7510301,D01,4.75,,8.0,8.0,,,,,,,3
2077221,7480202,A00,,,,6.5,,,,7.75,8.0,,0
46002294,7540101,A01,,,7.6,7.0,,,,7.8,,,4
2083166,7480202,D01,5.4,,7.8,6.75,,,,,,,0
63001427,7340201,D01,7.5,,6.8,8.0,,,,,,,1
37004602,7540204,D01,5.8,,7.4,7.25,,,,,,,3
46003062,7340129,D01,8.0,,5.0,6.8,,,,,,,4
41008207,7510202,A00,,,,6.8,,,,6.0,6.75,,3
2036835,7810201,D01,5.0,,7.2,7.25,,,,,,,2
48021327,7340301,D01,8.6,,7.4,7.5,,,,,,,1
36004437,7510401,A00,,,,4.75,,,,4.5,7.4,,3
44007090,7510303,A00,,,,5.5,,,,7.0,6.6,,3
2051805,7540101,D07,,,7.4,8.0,,,,,8.4,,4
2015212,7510401,B00,,,,7.75,,,,,7.0,6.6,3
39007372,7810103,D01,7.5,,7.8,7.0,,,,,,,2
2050667,7340129,D01,7.2,,8.0,6.75,,,,,,,4
39006749,7340120,D01,6.75,,9.0,8.6,,,,,,,1
2066687,7540101,B00,,,,7.75,,,,,7.0,6.6,4
44008275,7510301,D01,5.6,,6.0,6.25,,,,,,,3
2068865,7510203,A00,,,,6.25,,,,6.75,7.0,,3
37008665,7540101,B00,,,,7.25,,,,,6.5,7.4,4
2035289,7540101,D07,,,7.6,8.5,,,,,8.2,,4
53003676,7510301,A00,,,,6.8,,,,7.25,7.25,,3
44010599,7810201,A00,,,,7.6,,,,7.5,7.25,,2
48001813,7340201,A00,,,,8.4,,,,6.75,8.25,,1
47000865,7380107,D01,7.6,,6.6,7.0,,,,,,,5
52010420,7540101,B00,,,,7.75,,,,,9.0,7.0,4
48000684,7340120,A01,,,7.4,6.75,,,,8.2,,,1
35012545,7510301,A00,,,,7.0,,,,6.5,5.5,,3
42006248,7340201,A00,,,,7.8,,,,7.0,8.0,,1
2015903,7810201,A01,,,8.4,7.0,,,,7.75,,,2
53013623,7340201,A00,,,,6.25,,,,7.25,7.6,,1
2089187,7510203,A00,,,,8.4,,,,7.5,7.5,,3
35009281,7340115,D01,7.8,,8.0,8.75,,,,,,,1
54010046,7540101,B00,,,,7.25,,,,,6.75,7.4,4
2021699,7510303,D01,7.25,,7.0,6.4,,,,,,,3
44013991,7460108,A00,,,,6.5,,,,7.0,7.4,,0
2062749,7480201,A00,,,,7.0,,,,8.75,7.4,,0
44010223,7340301,D01,7.2,,6.4,7.75,,,,,,,1
2068108,7810202,A00,,,,8.0,,,,7.0,7.5,,2
2008155,7340101,D01,6.6,,7.8,8.25,,,,,,,1
2083628,7810202,A00,,,,8.2,,,,7.0,7.25,,2
43000995,7819010,D07,,,7.2,6.25,,,,,3.8,,2
2040742,7480202,A00,,,,7.4,,,,6.25,6.25,,0
48024585,7540106,D07,,,5.8,7.2,,,,,5.0,,4
60002500,7510202,D01,7.0,,6.8,7.6,,,,,,,3
37014207,7380107,D01,5.0,,7.8,7.25,,,,,,,5
2071463,7510401,D07,,,7.4,6.25,,,,,6.2,,3
40018801,7340115,A01,,,7.0,8.5,,,,7.4,,,1
53004827,7850101,A00,,,,8.2,,,,5.75,8.0,,4
37003980,7220201,D01,6.6,,6.2,8.0,,,,,,,6
2043947,7510203,A01,,,6.8,6.0,,,,5.8,,,3
2074402,7220204,D01,6.4,,7.4,7.75,,,,,,,6
60001843,7540101,A00,,,,7.5,,,,7.5,8.2,,4
56000092,7340101,D01,7.0,,7.2,8.5,,,,,,,1
48029040,7340101,D01,6.6,,7.2,7.25,,,,,,,1
35004595,7480201,A00,,,,8.25,,,,7.75,7.8,,0
2085498,7480202,D01,5.5,,6.6,4.6,,,,,,,0
2049340,7340101,A00,,,,8.0,,,,7.5,8.75,,1
2007137,7540106,A00,,,,6.8,,,,6.5,7.0,,4
41001788,7340115,D01,8.6,,7.8,7.5,,,,,,,1
2045849,7340301,A00,,,,6.75,,,,7.5,7.4,,1
2007533,7340115,D01,7.25,,8.8,8.2,,,,,,,1
2035415,7510301,D01,7.25,,6.2,7.0,,,,,,,3
2044539,7810201,D01,6.0,,7.8,8.25,,,,,,,2
43006152,7480201,D01,6.75,,9.0,7.2,,,,,,,0
49010719,7340120,A00,,,,6.5,,,,7.25,7.6,,1
35007458,7540204,D01,6.4,,5.6,8.75,,,,,,,3
53002016,7810201,A00,,,,7.5,,,,8.0,7.2,,2
49006620,7340115,A00,,,,8.25,,,,7.75,7.8,,1
49010366,7510303,A01,,,7.4,8.0,,,,6.75,,,3
2020761,7480201,D01,6.8,,7.0,7.5,,,,,,,0
2008913,7340301,A00,,,,7.0,,,,7.5,8.25,,1
2047530,7510301,A00,,,,6.4,,,,6.0,5.25,,3
2049602,7480201,A01,,,8.8,7.2,,,,6.5,,,0
43000187,7380107,D15,7.75,6.0,7.75,,,,,,,,5
48001085,7540204,A01,,,7.0,6.5,,,,6.2,,,3
2073452,7540101,A00,,,,9.0,,,,7.75,8.75,,4
2042537,7540101,D07,,,8.4,8.2,,,,,8.0,,4
31009938,7480201,D01,8.25,,7.2,7.8,,,,,,,0
2032375,7510406,A01,,,5.8,5.0,,,,5.2,,,4
37017416,7340123,D01,7.0,,6.6,8.25,,,,,,,1
52010128,7480201,A00,,,,8.0,,,,5.75,8.0,,0
35012002,7340115,D01,8.0,,8.2,7.6,,,,,,,1
43007990,7340120,A00,,,,8.8,,,,7.0,7.5,,1
57004250,7480201,D01,7.75,,6.6,8.0,,,,,,,0
2045888,7510203,A01,,,8.2,5.25,,,,8.6,,,3
2009237,7480202,D01,6.25,,6.4,7.0,,,,,,,0
2036469,7819009,A00,,,,6.0,,,,5.0,7.0,,2
49013428,7540101,A00,,,,7.8,,,,7.25,8.5,,4
53004775,7510301,A00,,,,7.2,,,,5.75,7.5,,3
37002336,7340201,A00,,,,7.4,,,,7.75,7.75,,1
50004955,7340101,A00,,,,7.25,,,,7.0,7.6,,1
2024853,7380107,D01,7.4,,7.4,7.5,,,,,,,5
2061810,7340101,A00,,,,8.8,,,,6.75,8.5,,1
53015575,7540204,D01,8.0,,4.2,6.4,,,,,,,3
2047333,7340301,D01,8.0,,7.8,7.0,,,,,,,1
2081533,7810202,A00,,,,8.0,,,,7.5,6.75,,2
53010469,7810201,D15,5.25,6.2,8.25,,,,,,,,2
49010739,7480202,A00,,,,7.8,,,,7.0,7.0,,0
38013310,7340115,D01,7.6,,6.8,8.5,,,,,,,1
47003047,7540101,A00,,,,5.75,,,,8.0,7.6,,4
2011813,7480202,D01,7.6,,4.2,6.0,,,,,,,0
2027895,7819009,A01,,,6.0,6.25,,,,7.2,,,2
2058254,7810201,D01,4.6,,7.2,7.75,,,,,,,2
2043756,7480201,D07,,,9.2,7.0,,,,,7.75,,0
40007412,7480201,A00,,,,8.0,,,,7.75,8.5,,0
2079007,7540106,D07,,,7.0,5.75,,,,,7.2,,4
48008437,7540106,A00,,,,6.8,,,,6.0,8.75,,4
2075978,7480201,A01,,,8.2,7.8,,,,7.25,,,0
41005721,7460108,D01,3.4,,6.8,6.75,,,,,,,0
2039870,7510202,A00,,,,7.0,,,,6.0,7.0,,3
42001659,7540101,A00,,,,7.5,,,,7.25,8.0,,4
48022548,7819009,A00,,,,7.0,,,,6.75,7.0,,2
49005353,7340301,A00,,,,7.0,,,,7.75,8.25,,1
49013166,7340101,A00,,,,9.2,,,,8.25,7.75,,1
47004755,7340115,A01,,,8.2,7.5,,,,8.0,,,1
48015050,7380107,D15,7.75,5.0,8.5,,,,,,,,5
52011079,7220201,D01,6.5,,9.4,7.6,,,,,,,6
60002796,7340101,D01,7.75,,7.4,8.0,,,,,,,1
46001426,7510406,A00,,,,6.5,,,,6.25,7.4,,4
57000131,7340120,A01,,,7.2,7.0,,,,7.8,,,1
2057963,7340101,D01,4.8,,7.8,9.0,,,,,,,1
2005818,7540106,A01,,,6.4,5.5,,,,6.4,,,4
43003197,7340101,A00,,,,6.25,,,,7.75,7.4,,1
56000033,7220201,D01,8.2,,6.2,7.75,,,,,,,6
2075378,7510303,A00,,,,7.0,,,,7.25,6.4,,3
2068331,7480201,A00,,,,7.5,,,,6.75,7.4,,0
30003951,7340120,D01,6.6,,7.6,9.25,,,,,,,1
2036019,7510303,D01,6.8,,7.6,7.5,,,,,,,3
48018327,7340301,A00,,,,8.25,,,,8.0,7.0,,1
2039556,7480201,D07,,,8.6,8.75,,,,,7.8,,0
63000662,7220201,D09,,,7.4,9.25,,,6.8,,,,6
2081180,7220201,D01,8.25,,7.8,7.2,,,,,,,6
46007246,7480201,D01,8.75,,5.8,8.0,,,,,,,0
2038560,7480202,A00,,,,8.0,,,,8.25,8.25,,0
48004440,7480202,D01,6.25,,5.4,6.4,,,,,,,0
45003940,7420201,B00,,,,6.2,,,,,7.75,7.0,4
2021749,7340120,A00,,,,7.5,,,,8.25,8.0,,1
2080353,7510203,D07,,,7.2,7.5,,,,,7.2,,3
47002949,7340101,A00,,,,8.0,,,,7.5,7.75,,1
61001290,7220201,D01,6.8,,7.2,8.5,,,,,,,6
44010540,7340101,D01,8.8,,7.0,7.25,,,,,,,1
48006406,7340129,D01,6.4,,8.0,7.75,,,,,,,4
2007557,7340301,A00,,,,8.5,,,,7.0,8.4,,1
51006660,7510303,A00,,,,6.25,,,,6.0,5.6,,3
48024962,7510203,D01,5.5,,4.2,7.4,,,,,,,3
48025122,7540106,D07,,,8.4,8.0,,,,,8.0,,4
57002812,7480201,A00,,,,8.5,,,,7.75,8.2,,0
2042729,7220201,D01,8.0,,7.4,8.2,,,,,,,6
37012370,7340122,A00,,,,7.0,,,,6.75,7.8,,1
44008665,7340120,D01,6.6,,7.4,8.5,,,,,,,1
2007677,7540101,B00,,,,7.75,,,,,7.25,7.0,4
59000029,7340120,D01,6.4,,7.4,8.75,,,,,,,1
2047681,7480201,D01,8.0,,7.4,7.6,,,,,,,0
2003723,7510401,B00,,,,7.25,,,,,7.5,7.8,3
47004058,7480201,A01,,,7.6,7.5,,,,8.0,,,0
2043359,7340205,D07,,,6.4,7.25,,,,,6.4,,1
54006080,7340201,A00,,,,7.25,,,,8.0,8.8,,1
39007044,7340301,A00,,,,7.0,,,,7.5,7.75,,1
2041549,7810202,A00,,,,7.0,,,,8.0,7.6,,2
2036483,7850101,A00,,,,6.0,,,,5.25,6.2,,4
33012194,7340129,A00,,,,7.25,,,,7.0,7.8,,4
2042477,7340301,A01,,,8.2,7.6,,,,8.25,,,1
31001681,7220201,D01,8.6,,8.0,7.5,,,,,,,6
30014229,7510401,B00,,,,7.75,,,,,5.5,7.4,3
40016725,7340101,A00,,,,7.5,,,,7.25,6.8,,1
2067120,7340201,D01,7.0,,8.8,7.4,,,,,,,1
2074794,7480202,D01,6.0,,5.4,5.0,,,,,,,0
2063886,7220204,D01,8.4,,6.6,7.5,,,,,,,6
37008551,7510303,D01,5.2,,7.0,6.0,,,,,,,3
45004995,7340115,D01,7.6,,8.2,8.0,,,,,,,1
46007682,7540204,A00,,,,7.6,,,,7.5,6.0,,3
53000248,7340101,D01,6.2,,7.2,8.5,,,,,,,1
37015809,7480201,D01,6.5,,8.6,7.8,,,,,,,0
52007119,7480201,A00,,,,8.0,,,,8.75,8.6,,0
50012707,7340120,D01,7.0,,8.0,8.25,,,,,,,1
38000613,7340201,D01,7.2,,7.0,7.5,,,,,,,1
44006798,7220201,D01,6.8,,7.2,7.75,,,,,,,6
49007180,7510203,D01,5.2,,5.0,5.75,,,,,,,3
2014598,7540101,A01,,,8.0,7.5,,,,7.0,,,4
2084607,7340120,D01,8.6,,7.4,7.0,,,,,,,1
50006101,7540105,B00,,,,5.2,,,,,6.75,5.75,4
48009755,7380107,D01,7.5,,8.4,8.2,,,,,,,5
28021727,7510202,D01,5.2,,6.2,7.25,,,,,,,3
37008446,7380107,D15,7.0,7.0,6.25,,,,,,,,5
2067428,7810201,D15,7.5,6.8,7.0,,,,,,,,2
64001943,7220201,D01,8.2,,6.2,7.5,,,,,,,6
44010986,7340101,A01,,,8.8,7.25,,,,7.2,,,1
41000952,7340120,D01,7.0,,8.4,8.0,,,,,,,1
47009965,7340120,D01,8.0,,7.8,7.25,,,,,,,1
37005887,7340115,D01,7.2,,7.6,8.25,,,,,,,1
28035154,7220201,D01,7.25,,9.0,7.6,,,,,,,6
2077356,7540101,B00,,,,5.75,,,,,6.75,8.4,4
2027628,7540101,D07,,,8.2,7.75,,,,,7.8,,4
51007712,7340301,A00,,,,8.5,,,,7.0,8.0,,1
43000230,7810103,D01,8.0,,6.8,7.0,,,,,,,2
2039980,7340201,D01,7.25,,9.0,6.8,,,,,,,1
2049208,7819010,B00,,,,6.25,,,,,5.75,6.0,2
29001644,7340301,D01,7.4,,7.6,7.75,,,,,,,1
42004164,7510303,A00,,,,7.5,,,,7.75,8.4,,3
49002206,7380107,A00,,,,7.4,,,,5.75,8.25,,5
37005636,7810202,D15,7.0,5.8,6.5,,,,,,,,2
2020391,7220201,D01,8.8,,7.0,7.0,,,,,,,6
53004981,7480202,D01,5.0,,7.6,7.5,,,,,,,0
56010826,7810202,A00,,,,7.4,,,,7.75,7.75,,2
2075444,7220201,D01,7.6,,7.6,8.0,,,,,,,6
47003407,7340115,A00,,,,6.75,,,,7.75,7.6,,1
52003972,7480201,A00,,,,8.2,,,,7.75,8.0,,0
2079204,7380107,D01,7.0,,7.4,7.4,,,,,,,5
61004330,7340120,D01,7.0,,7.6,8.75,,,,,,,1
52000741,7480201,D07,,,8.8,8.2,,,,,8.0,,0
44004370,7340201,A00,,,,5.75,,,,8.0,7.8,,1
2034409,7340201,D01,7.2,,7.6,7.75,,,,,,,1
2070453,7340129,A00,,,,6.75,,,,8.0,8.6,,4
2076226,7510203,A00,,,,7.4,,,,6.75,7.75,,3
37015464,7220204,D01,6.2,,7.2,8.0,,,,,,,6
49007642,7510301,A00,,,,7.25,,,,6.0,7.8,,3
2062727,7420201,D07,,,7.6,6.25,,,,,7.6,,4
2024095,7510301,D07,,,7.8,6.8,,,,,7.75,,3
48014632,7340201,A00,,,,8.0,,,,6.75,7.6,,1
2088248,7340120,D01,6.75,,8.6,8.8,,,,,,,1
2045516,7850101,A00,,,,7.2,,,,5.5,6.0,,4
2044890,7340115,D01,8.6,,8.6,7.5,,,,,,,1
32005826,7340201,D01,8.5,,7.0,7.6,,,,,,,1
2057741,7540101,B00,,,,7.75,,,,,7.75,7.2,4
53008513,7340201,D01,8.0,,7.2,8.2,,,,,,,1
2043854,7220201,D01,8.0,,7.4,8.0,,,,,,,6
56001536,7540204,D01,4.8,,7.8,7.5,,,,,,,3
58000036,7540101,A00,,,,8.5,,,,7.0,7.8,,4
2084198,7480201,D01,7.0,,8.6,6.8,,,,,,,0
2032142,7810201,D15,6.5,6.6,7.25,,,,,,,,2
63005521,7380107,A00,,,,8.0,,,,8.0,7.0,,5
42005106,7340115,D01,8.0,,7.2,8.25,,,,,,,1
49012430,7480202,A00,,,,7.5,,,,8.0,8.2,,0
39006180,7510303,A00,,,,6.5,,,,6.75,7.8,,3
60005562,7220204,D01,8.25,,8.4,6.8,,,,,,,6
49008801,7480201,A00,,,,8.6,,,,6.5,7.25,,0
43005636,7340101,A00,,,,7.8,,,,7.75,8.0,,1
2057608,7340301,D01,7.0,,8.6,7.6,,,,,,,1
57004212,7510401,B00,,,,8.0,,,,,8.5,6.5,3
2055488,7340101,D01,7.6,,8.2,7.75,,,,,,,1
56009316,7340120,A00,,,,8.0,,,,6.75,8.4,,1
2006171,7540101,D07,,,6.8,7.25,,,,,7.0,,4
44002998,7480201,A00,,,,7.25,,,,7.75,8.4,,0
39002026,7540106,A00,,,,6.5,,,,7.75,6.8,,4
35004005,7340201,D01,7.4,,7.0,8.5,,,,,,,1
43002675,7810201,D01,4.6,,6.0,6.75,,,,,,,2
2065379,7340101,A00,,,,7.25,,,,8.0,7.2,,1
40008384,7340115,A00,,,,8.0,,,,7.25,8.0,,1
46005957,7220201,D09,,,6.6,8.75,,,9.8,,,,6
51016890,7340101,A00,,,,7.5,,,,8.25,7.4,,1
2065601,7540101,B00,,,,7.75,,,,,7.0,7.6,4
37002815,7220201,D09,,,7.4,8.5,,,7.0,,,,6
2044191,7460108,D07,,,6.8,5.75,,,,,7.8,,0
41002719,7510301,D01,7.4,,7.2,7.5,,,,,,,3
46003414,7810201,A00,,,,6.0,,,,8.25,6.6,,2
37004257,7340201,A00,,,,7.25,,,,8.0,8.0,,1
4007440,7480202,A01,,,6.8,8.0,,,,6.5,,,0
52002452,7220204,D01,6.75,,9.6,7.8,,,,,,,6
37007417,7510303,D01,5.4,,7.0,6.25,,,,,,,3
44002509,7340101,D01,7.75,,8.8,7.0,,,,,,,1
2009601,7810202,A00,,,,7.6,,,,7.75,7.5,,2
43008433,7480201,A00,,,,7.8,,,,6.75,7.25,,0
37015640,7340120,D01,8.2,,7.4,8.0,,,,,,,1
2063857,7480201,A01,,,8.0,7.0,,,,6.6,,,0
2082134,7380107,D01,8.8,,8.2,5.75,,,,,,,5
2016993,7420201,B00,,,,6.25,,,,,6.5,6.6,4
2008708,7810201,D01,7.0,,7.8,7.8,,,,,,,2
2077421,7220204,D01,8.4,,7.0,7.5,,,,,,,6
47000935,7480201,D07,,,7.6,8.0,,,,,7.8,,0
48022903,7510401,A00,,,,6.8,,,,5.5,6.25,,3
42002872,7340120,D01,7.8,,6.8,8.75,,,,,,,1
2076019,7480201,A01,,,8.0,7.8,,,,7.5,,,0
2084217,7340122,D01,9.0,,7.6,6.5,,,,,,,1
2065693,7220204,D01,8.8,,7.6,7.75,,,,,,,6
36000921,7340101,A00,,,,7.5,,,,8.0,7.6,,1
37006417,7810103,D15,6.75,6.8,7.25,,,,,,,,2
56009323,7520115,D01,5.0,,6.0,6.5,,,,,,,3
2079762,7340129,A00,,,,7.4,,,,6.0,6.75,,4
53015604,7380107,A00,,,,7.4,,,,5.75,7.75,,5
43005572,7480201,A00,,,,6.25,,,,7.5,7.0,,0
38009258,7340101,D01,6.4,,8.2,8.25,,,,,,,1
51002610,7810201,D01,8.0,,7.8,7.6,,,,,,,2
46005722,7340120,A00,,,,8.4,,,,9.0,7.0,,1
42012153,7810103,D15,6.25,3.4,8.25,,,,,,,,2
49014326,7510303,A00,,,,6.8,,,,4.75,6.75,,3
2034744,7540106,B00,,,,7.25,,,,,8.25,7.0,4
2073402,7510303,D07,,,7.6,8.6,,,,,8.0,,3
2059606,7510401,A00,,,,7.2,,,,7.25,7.25,,3
39005896,7340201,A00,,,,7.75,,,,7.0,7.4,,1
32002646,7340115,A00,,,,7.0,,,,8.25,7.6,,1
63006053,7340120,A00,,,,6.75,,,,7.75,7.6,,1
39002530,7340201,A00,,,,8.75,,,,7.0,7.6,,1
41009048,7819010,D07,,,5.8,6.25,,,,,6.4,,2
2000560,7220201,A01,,,8.8,8.0,,,,7.0,,,6
35010249,7510303,A00,,,,8.2,,,,7.75,7.25,,3
48020233,7510301,A00,,,,6.6,,,,7.5,7.25,,3
37016364,7340115,A01,,,7.8,6.5,,,,8.0,,,1
2039686,7510303,A01,,,7.2,5.5,,,,7.6,,,3
46001723,7510203,A01,,,6.8,8.4,,,,6.25,,,3
42005217,7220204,D01,6.8,,8.0,8.0,,,,,,,6
49015548,7340115,D01,7.4,,8.0,8.25,,,,,,,1
2017384,7540101,A01,,,8.0,6.75,,,,6.6,,,4
2082210,7480202,D01,7.0,,6.8,7.0,,,,,,,0
54010385,7340122,D01,6.6,,6.8,9.0,,,,,,,1
35008507,7340201,A00,,,,7.0,,,,6.75,6.4,,1
45004147,7480201,A00,,,,8.0,,,,7.25,7.75,,0
3019556,7340115,D01,7.6,,7.4,9.5,,,,,,,1
49006684,7810103,A00,,,,6.75,,,,6.0,5.4,,2
49004701,7340123,A00,,,,4.25,,,,6.25,7.2,,1
37013042,7510301,A00,,,,8.0,,,,5.5,5.5,,3
2047121,7510301,D01,6.25,,5.8,7.2,,,,,,,3
2047812,7340201,D01,7.75,,8.2,6.8,,,,,,,1
53013201,7810202,D01,6.0,,7.2,8.25,,,,,,,2
60000755,7520115,D01,4.2,,4.4,7.5,,,,,,,3
32004256,7340301,A00,,,,7.25,,,,6.5,6.4,,1
2041356,7850101,A00,,,,7.0,,,,5.75,4.0,,4
2017558,7540101,D07,,,8.2,8.5,,,,,8.2,,4
30008116,7220201,D01,7.5,,8.8,7.0,,,,,,,6
21018142,7810201,D01,6.0,,7.6,8.25,,,,,,,2
2084547,7540101,B00,,,,8.25,,,,,6.0,8.2,4
47006547,7480201,A00,,,,8.6,,,,6.75,7.75,,0
53011675,7340101,A00,,,,7.75,,,,8.0,8.2,,1
2036691,7340101,D01,6.8,,7.4,7.5,,,,,,,1
49008274,7480201,A00,,,,8.4,,,,7.75,8.0,,0
2061739,7340301,D01,6.6,,7.2,8.0,,,,,,,1
38004753,7510203,A01,,,8.0,6.8,,,,5.0,,,3
39000226,7480201,D07,,,7.8,7.75,,,,,7.4,,0
2055200,7810201,D15,7.75,5.2,6.0,,,,,,,,2
46002586,7340115,A00,,,,9.2,,,,7.5,7.75,,1
2063008,7850101,A00,,,,5.75,,,,5.0,6.2,,4
37002799,7340101,A00,,,,8.0,,,,7.75,8.0,,1
2045808,7220201,D09,,,7.6,9.5,,,7.2,,,,6
37000705,7510303,A00,,,,5.25,,,,6.75,6.8,,3
46008738,7340115,A01,,,7.8,7.25,,,,7.6,,,1
48013760,7480201,D01,8.2,,7.4,7.0,,,,,,,0
37009574,7340201,A00,,,,8.4,,,,7.5,7.0,,1
2071204,7340301,D01,6.8,,6.2,7.0,,,,,,,1
47000555,7340122,D01,7.6,,6.8,7.75,,,,,,,1
37011868,7510203,D01,6.0,,5.2,5.8,,,,,,,3
2061522,7340201,D01,7.8,,6.4,7.25,,,,,,,1
51006697,7480201,D01,7.0,,7.6,8.2,,,,,,,0
49010395,7340201,D01,6.4,,6.8,8.0,,,,,,,1
48007420,7340115,A01,,,8.6,8.25,,,,7.0,,,1
2064603,7480201,A01,,,8.0,8.25,,,,7.0,,,0
57004687,7810103,A00,,,,7.8,,,,7.5,6.75,,2
2030504,7340201,D01,5.6,,7.4,7.25,,,,,,,1
37007915,7510203,D01,6.75,,5.0,7.8,,,,,,,3
2040098,7340115,D01,9.2,,7.6,7.25,,,,,,,1
49008861,7480202,A00,,,,7.2,,,,5.75,7.5,,0
56010404,7510303,D01,7.5,,6.8,7.2,,,,,,,3
36001039,7480201,A00,,,,7.8,,,,7.25,6.75,,0
47009947,7340301,D01,6.8,,6.8,7.75,,,,,,,1
37008807,7340120,D01,8.2,,6.6,7.75,,,,,,,1
52009432,7220204,D01,7.25,,8.2,7.4,,,,,,,6
49007885,7480201,D01,7.25,,8.0,6.8,,,,,,,0
2061313,7510203,D01,6.4,,6.2,6.75,,,,,,,3
2016862,7380107,A01,,,7.4,6.5,,,,8.8,,,5
57007653,7540101,B00,,,,7.5,,,,,7.25,7.0,4
2017091,7810103,D01,5.8,,6.8,7.0,,,,,,,2
41009743,7340120,D01,7.6,,7.8,7.5,,,,,,,1
2067731,7380107,D01,8.0,,8.4,7.4,,,,,,,5
42010489,7810103,A00,,,,8.0,,,,7.5,7.2,,2
48022270,7340201,A00,,,,7.25,,,,7.5,8.4,,1
2006936,7510202,D01,4.0,,6.0,6.5,,,,,,,3
50001654,7480201,D01,7.4,,7.6,6.75,,,,,,,0
44011534,7380107,D01,6.6,,8.2,7.25,,,,,,,5
2072795,7380107,D01,5.8,,7.0,7.0,,,,,,,5
2075700,7810103,D01,5.2,,6.6,7.5,,,,,,,2
2021941,7340101,D01,8.2,,8.2,7.5,,,,,,,1
2045088,7819009,B00,,,,6.0,,,,,6.5,6.8,2
37017860,7480201,A00,,,,8.6,,,,7.0,7.5,,0
48000580,7819009,B00,,,,6.75,,,,,5.5,6.8,2
52010076,7460108,D01,5.4,,6.0,6.0,,,,,,,0
49011480,7810201,A00,,,,5.75,,,,8.25,7.6,,2
63001904,7520115,A00,,,,6.0,,,,6.0,7.2,,3
2017807,7340120,D01,8.2,,7.0,7.0,,,,,,,1
2047835,7340120,D01,7.75,,8.2,7.6,,,,,,,1
57007437,7340301,A00,,,,7.0,,,,7.5,7.6,,1
49014788,7480201,A00,,,,8.0,,,,7.75,7.2,,0
35006950,7510303,A00,,,,8.6,,,,6.75,7.25,,3
2026194,7340120,D01,7.5,,9.0,7.6,,,,,,,1
2012375,7850101,D07,,,5.0,6.8,,,,,6.75,,4
35001101,7510303,D01,5.8,,7.6,7.5,,,,,,,3
2008291,7340201,D01,7.5,,7.6,7.8,,,,,,,1
2060531,7540101,D07,,,7.2,7.75,,,,,7.8,,4
2002686,7810103,A00,,,,8.25,,,,7.5,7.6,,2
2083257,7480201,D07,,,8.8,8.0,,,,,8.0,,0
37009826,7340115,D01,8.0,,8.0,8.0,,,,,,,1
49014397,7520115,D01,5.2,,7.4,6.0,,,,,,,3
2064721,7510301,D01,6.75,,5.4,6.4,,,,,,,3
2006990,7380107,D01,6.0,,8.2,7.75,,,,,,,5
46001896,7510401,A00,,,,6.25,,,,7.5,7.2,,3
2088003,7340201,A01,,,8.8,8.2,,,,7.5,,,1
46007147,7510203,D01,4.0,,6.4,6.0,,,,,,,3
2052186,7480202,D07,,,6.4,6.75,,,,,8.4,,0
55000014,7510301,D01,6.25,,7.6,7.6,,,,,,,3
2025477,7480201,D01,7.6,,7.4,6.25,,,,,,,0
53000793,7480201,D01,5.0,,8.4,8.25,,,,,,,0
51013208,7220204,D01,8.25,,6.6,7.8,,,,,,,6
38000571,7340101,D01,8.0,,7.6,7.8,,,,,,,1
2055002,7819010,A00,,,,5.5,,,,7.5,5.8,,2
47008810,7340101,A00,,,,8.2,,,,7.0,8.0,,1
37010651,7520115,D01,4.8,,6.6,6.25,,,,,,,3
2024980,7220201,D01,6.5,,9.4,8.4,,,,,,,6
60005693,7340120,D01,6.6,,6.8,8.0,,,,,,,1
2076111,7480202,A00,,,,8.0,,,,6.0,7.6,,0
47007067,7420201,B00,,,,7.4,,,,,6.0,6.25,4
2063136,7540101,A00,,,,8.0,,,,8.5,7.2,,4
32005432,7340115,D01,7.6,,7.6,7.25,,,,,,,1
47000802,7480202,A00,,,,7.75,,,,6.25,8.6,,0
43007551,7510401,A00,,,,5.75,,,,7.25,7.8,,3
2059128,7340115,D01,8.0,,7.6,8.4,,,,,,,1
44001149,7810201,D01,7.8,,7.4,7.75,,,,,,,2
27001297,7540106,B00,,,,7.75,,,,,6.75,5.8,4
2023934,7810202,D01,6.8,,7.6,8.5,,,,,,,2
47010579,7510401,B00,,,,6.75,,,,,4.5,7.0,3
49011460,7510303,A00,,,,7.0,,,,7.25,7.2,,3
53006983,7380107,D01,6.8,,7.2,8.0,,,,,,,5
37007027,7340129,D01,7.0,,8.0,7.25,,,,,,,4
42010098,7220204,D01,8.0,,7.8,7.5,,,,,,,6
2017106,7340120,A00,,,,7.75,,,,7.5,7.4,,1
37003114,7340129,A00,,,,7.0,,,,6.75,8.0,,4
2022674,7540105,A00,,,,6.2,,,,7.0,7.0,,4
61007752,7340301,A00,,,,7.25,,,,7.25,7.4,,1
48007704,7540101,A00,,,,6.5,,,,7.75,7.8,,4
61008636,7810202,D15,6.5,5.2,7.5,,,,,,,,2
2034901,7340129,D01,6.8,,7.0,8.0,,,,,,,4
54008509,7540106,A01,,,7.2,7.75,,,,5.8,,,4
54012748,7340201,A00,,,,7.0,,,,6.75,7.2,,1
37011113,7510203,D01,7.0,,7.0,7.6,,,,,,,3
49009996,7340101,A00,,,,7.5,,,,7.5,7.6,,1
2057617,7819010,A00,,,,7.0,,,,6.25,6.6,,2
48030264,7480201,D01,7.4,,7.4,8.5,,,,,,,0
35000310,7340122,A00,,,,7.75,,,,8.0,7.8,,1
2062911,7480201,D07,,,7.0,8.0,,,,,7.8,,0
2079531,7420201,B00,,,,7.75,,,,,6.5,7.6,4
53003379,7380107,D01,7.5,,8.4,6.0,,,,,,,5
37002578,7340115,A00,,,,6.75,,,,9.0,7.0,,1
49009279,7480202,A01,,,7.8,7.5,,,,7.8,,,0
2089196,7510203,A00,,,,7.4,,,,7.75,6.0,,3
44006370,7480201,D01,8.4,,7.8,5.25,,,,,,,0
31003524,7340201,A00,,,,5.75,,,,7.25,7.0,,1
2036191,7510401,D07,,,8.6,6.25,,,,,6.2,,3
2049963,7510301,A00,,,,8.0,,,,6.25,7.25,,3
49009099,7480201,A00,,,,8.0,,,,7.75,7.6,,0
2034294,7810201,D01,5.8,,6.8,6.75,,,,,,,2
49008770,7340301,A01,,,6.8,7.5,,,,6.6,,,1
48010865,7510202,A00,,,,6.5,,,,7.5,6.8,,3
2051552,7340201,A00,,,,7.5,,,,7.5,7.2,,1
2068135,7480201,A01,,,8.4,7.6,,,,6.75,,,0
52003116,7340201,A00,,,,7.75,,,,7.5,8.0,,1
43000388,7220201,D01,7.2,,7.4,9.0,,,,,,,6
49004104,7340115,A00,,,,7.75,,,,7.75,8.6,,1
2002005,7480201,A01,,,9.0,8.2,,,,6.5,,,0
52006537,7510301,A00,,,,7.5,,,,7.0,8.2,,3
44002450,7540105,A00,,,,8.2,,,,4.75,7.5,,4
2017313,7420201,D07,,,6.6,6.75,,,,,7.0,,4
38001591,7510203,D01,6.0,,4.2,6.0,,,,,,,3
48021281,7340115,A01,,,8.6,7.5,,,,8.6,,,1
48004535,7810201,D01,7.6,,7.2,7.0,,,,,,,2
2078201,7480201,D01,6.2,,7.8,7.25,,,,,,,0
46006490,7480201,D01,7.75,,8.4,6.4,,,,,,,0
35006302,7340101,D01,6.0,,7.8,8.75,,,,,,,1
48002829,7540204,A00,,,,6.6,,,,5.5,7.25,,3
2040223,7220201,D01,8.2,,7.8,8.25,,,,,,,6
2038880,7510203,D01,6.5,,6.4,8.0,,,,,,,3
46006089,7819009,A00,,,,5.75,,,,6.5,6.0,,2
63000748,7540106,A00,,,,7.8,,,,5.5,6.5,,4
61009269,7340115,D01,6.6,,8.4,9.5,,,,,,,1
2017228,7420201,B00,,,,6.0,,,,,7.75,7.0,4
2007831,7510301,D01,5.75,,8.8,4.6,,,,,,,3
48014766,7510303,A00,,,,6.5,,,,7.25,8.4,,3
37016766,7480202,D01,6.0,,7.0,7.0,,,,,,,0
2043982,7340301,A01,,,7.6,7.0,,,,7.4,,,1
44008686,7540101,A00,,,,7.0,,,,7.25,7.4,,4
2043915,7480201,D01,6.4,,7.6,7.5,,,,,,,0
41008236,7340115,D01,8.6,,7.0,8.0,,,,,,,1
38011440,7340115,D01,6.0,,7.2,9.0,,,,,,,1
2023320,7380107,A00,,,,7.5,,,,7.5,6.6,,5
51013365,7540106,D07,,,7.4,6.5,,,,,5.0,,4
52010355,7220204,D01,7.6,,7.6,8.25,,,,,,,6
53006385,7510203,A00,,,,7.0,,,,5.75,8.5,,3
49009728,7340122,A00,,,,7.0,,,,7.25,7.8,,1
2001829,7340101,D01,8.4,,7.2,7.0,,,,,,,1
44010417,7510303,A00,,,,7.2,,,,6.75,6.75,,3
42013360,7510303,A00,,,,7.8,,,,6.5,6.25,,3
35003879,7340120,D01,7.0,,7.2,7.75,,,,,,,1
50009392,7460108,D01,4.8,,5.8,8.0,,,,,,,0
2003515,7220204,D01,8.0,,8.0,8.4,,,,,,,6
50014013,7340301,A01,,,7.6,7.75,,,,7.4,,,1
2026340,7540101,A00,,,,7.75,,,,8.5,7.8,,4
49008407,7380107,D01,6.8,,8.8,7.5,,,,,,,5
2065643,7340201,A00,,,,8.8,,,,7.75,8.25,,1
2002007,7480201,D01,7.4,,7.6,7.25,,,,,,,0
44008279,7510301,D01,6.0,,7.6,7.75,,,,,,,3
2077168,7480201,D01,6.75,,8.8,7.8,,,,,,,0
2070878,7810202,A00,,,,8.25,,,,7.25,6.4,,2
2079129,7510203,D01,7.4,,6.6,4.25,,,,,,,3
35003477,7510301,D01,6.4,,7.0,8.5,,,,,,,3
50011007,7340201,D01,8.25,,7.6,8.0,,,,,,,1
53014484,7540101,D07,,,9.0,7.8,,,,,8.0,,4
2019463,7480202,A00,,,,6.75,,,,8.25,8.4,,0
37013402,7340115,A00,,,,8.5,,,,8.75,7.8,,1
53004101,7540101,B00,,,,7.25,,,,,7.25,7.6,4
2008700,7420201,B00,,,,8.0,,,,,7.5,7.25,4
2064895,7340120,A01,,,7.6,7.75,,,,8.0,,,1
63001112,7340101,A00,,,,8.0,,,,6.0,8.6,,1
53005441,7540101,A01,,,9.0,7.4,,,,8.25,,,4
48015945,7340201,D01,6.0,,6.0,8.0,,,,,,,1
2077814,7510203,A00,,,,6.8,,,,6.0,7.0,,3
2037648,7510401,D07,,,7.2,7.0,,,,,6.4,,3
2035060,7480201,A01,,,8.0,9.25,,,,8.6,,,0
2066783,7480201,D01,6.75,,8.6,8.0,,,,,,,0
44009817,7480201,D07,,,7.8,8.0,,,,,7.2,,0
2059039,7540101,A00,,,,7.25,,,,7.0,6.8,,4
2045134,7510203,A01,,,7.2,7.25,,,,7.6,,,3
53002165,7340120,A00,,,,8.25,,,,7.75,8.2,,1
2008153,7480201,A01,,,9.4,7.0,,,,7.25,,,0
40009606,7380107,D01,5.8,,6.8,9.25,,,,,,,5
2011412,7480202,A01,,,6.0,6.8,,,,6.75,,,0
46005730,7810202,D01,7.0,,7.0,8.2,,,,,,,2
37006392,7540204,D01,4.6,,7.0,7.0,,,,,,,3
39009342,7510303,D01,6.25,,3.4,8.4,,,,,,,3
2083434,7540106,B00,,,,6.0,,,,,6.5,6.6,4
51008324,7540101,A00,,,,7.0,,,,7.0,6.8,,4
2062788,7380107,D01,7.5,,7.0,7.4,,,,,,,5
2041355,7340129,A00,,,,7.5,,,,7.0,7.8,,4
49011051,7340301,A00,,,,7.0,,,,7.25,7.4,,1
2035298,7340129,A00,,,,7.5,,,,8.0,7.4,,4
2028137,7420201,B00,,,,5.5,,,,,7.0,6.6,4
2086379,7340301,D01,7.0,,7.8,8.2,,,,,,,1
35002472,7340120,D01,9.0,,6.8,7.8,,,,,,,1
2018023,7340201,D01,6.8,,7.2,6.75,,,,,,,1
2022619,7420201,B00,,,,7.6,,,,,7.5,6.25,4
53014317,7340101,D01,6.2,,7.8,9.0,,,,,,,1
2014604,7340301,D01,7.4,,6.8,6.5,,,,,,,1
2026213,7340301,D01,6.8,,7.4,6.5,,,,,,,1
49008259,7220204,D01,8.75,,7.4,6.6,,,,,,,6
2037367,7810201,D01,6.0,,8.6,8.0,,,,,,,2
63001628,7810201,D01,4.6,,6.8,7.0,,,,,,,2
43004116,7220201,D09,,,6.6,7.75,,,6.8,,,,6
2045591,7480202,A00,,,,8.25,,,,7.25,7.0,,0
2050264,7340301,D01,6.75,,8.8,7.8,,,,,,,1
37007674,7510202,D01,5.5,,5.6,6.8,,,,,,,3
48028758,7340101,A00,,,,7.8,,,,7.0,8.5,,1
38013472,7340129,A00,,,,7.25,,,,8.25,8.2,,4
45001611,7340101,A00,,,,7.75,,,,7.5,8.4,,1
46001535,7340129,D01,7.75,,5.8,6.8,,,,,,,4
2056721,7810103,A01,,,8.0,8.4,,,,6.5,,,2
2071714,7819010,B00,,,,4.5,,,,,7.0,5.8,2
49012122,7540101,A00,,,,7.25,,,,8.0,6.8,,4
52001774,7510202,D01,6.2,,7.0,7.5,,,,,,,3
44004889,7540101,B00,,,,8.25,,,,,7.5,7.4,4
46003353,7810202,A00,,,,6.5,,,,5.5,7.4,,2
39008862,7480201,A00,,,,7.4,,,,7.25,7.5,,0
42003433,7340115,D01,7.2,,8.0,8.75,,,,,,,1
2079548,7540204,D07,,,6.6,8.0,,,,,6.0,,3
2045675,7520115,D01,5.2,,6.0,7.0,,,,,,,3
1023606,7340101,D01,6.6,,7.0,8.25,,,,,,,1
35006841,7340205,A00,,,,7.5,,,,7.25,7.2,,1
49006070,7510203,D01,5.75,,4.8,5.6,,,,,,,3
50012132,7480201,A01,,,8.4,7.4,,,,7.75,,,0
35006972,7810103,A01,,,8.0,8.0,,,,6.75,,,2
42007001,7510401,B00,,,,7.4,,,,,7.0,6.25,3
42007612,7480201,D01,7.4,,7.8,8.5,,,,,,,0
2081927,7480202,D01,6.0,,6.4,5.6,,,,,,,0
44013543,7480201,A01,,,8.0,7.6,,,,8.0,,,0
43008072,7340120,A00,,,,7.5,,,,7.75,7.6,,1
50003581,7340201,A00,,,,7.6,,,,7.25,8.0,,1
52011370,7220201,A01,,,8.8,7.8,,,,6.5,,,6
35010295,7340129,D01,6.2,,6.6,8.25,,,,,,,4
46008728,7480201,D01,5.6,,8.8,9.0,,,,,,,0
2048378,7480202,A00,,,,7.2,,,,6.25,6.25,,0
2049240,7510202,A01,,,7.6,8.0,,,,6.0,,,3
2070787,7380107,A00,,,,6.25,,,,7.25,6.6,,5
63000140,7340120,A00,,,,7.75,,,,9.0,7.4,,1
2067225,7340205,A01,,,7.8,6.5,,,,8.6,,,1
40011139,7510303,A00,,,,7.0,,,,5.25,4.75,,3
2003057,7540101,A01,,,7.0,6.5,,,,8.2,,,4
47003703,7340122,A00,,,,8.0,,,,8.0,6.6,,1
44003867,7340301,D01,7.25,,7.8,8.0,,,,,,,1
43001785,7480201,D01,7.2,,8.0,8.75,,,,,,,0
49006881,7220204,D01,6.4,,7.8,8.25,,,,,,,6
2075830,7340201,A00,,,,6.25,,,,7.25,7.2,,1
2043864,7340129,D01,7.0,,7.4,7.4,,,,,,,4
2076152,7510301,A00,,,,6.8,,,,6.0,8.0,,3
2024930,7510203,A00,,,,6.25,,,,6.25,7.4,,3
35006938,7510202,A01,,,8.4,7.2,,,,5.75,,,3
49012891,7480201,A00,,,,8.5,,,,8.25,7.2,,0
29010410,7510303,D01,6.75,,3.8,7.4,,,,,,,3
40015825,7810201,D01,6.8,,7.4,7.5,,,,,,,2
38007119,7510202,D01,3.2,,6.0,7.0,,,,,,,3
51003845,7480201,A00,,,,7.25,,,,8.25,7.6,,0
2081176,7540101,A01,,,7.4,6.5,,,,8.4,,,4
56004743,7480201,A00,,,,6.5,,,,7.25,8.0,,0
48006111,7220204,D01,7.8,,7.0,7.25,,,,,,,6
48006362,7220204,D01,7.5,,8.0,7.4,,,,,,,6
35001935,7810202,D01,7.5,,6.4,8.2,,,,,,,2
2016150,7540101,A00,,,,8.0,,,,7.5,7.6,,4
37004672,7340301,D01,7.5,,7.6,7.2,,,,,,,1
2034835,7540101,B00,,,,7.0,,,,,7.5,7.6,4
52010290,7340115,A00,,,,7.0,,,,7.25,9.0,,1
42003977,7340115,D01,6.8,,8.2,8.75,,,,,,,1
44010234,7340120,A00,,,,6.5,,,,7.25,8.0,,1
40004904,7220204,D09,,,6.6,8.5,,,5.8,,,,6
2030309,7420201,B00,,,,7.75,,,,,7.0,6.8,4
47005673,7819010,B00,,,,7.75,,,,,7.5,7.8,2
49009086,7819009,A00,,,,6.0,,,,7.0,6.0,,2
39008033,7480202,A00,,,,7.5,,,,6.0,6.8,,0
47003873,7220204,D01,7.2,,7.0,7.5,,,,,,,6
56011165,7510301,D01,6.25,,4.8,6.4,,,,,,,3
53012755,7340201,A01,,,6.8,8.6,,,,7.25,,,1
2034996,7380107,D01,8.2,,7.8,6.0,,,,,,,5
52000543,7810201,D01,5.4,,7.0,6.25,,,,,,,2
2063150,7480201,D01,6.6,,7.2,8.0,,,,,,,0
49016218,7480201,A00,,,,8.0,,,,7.5,7.0,,0
2063501,7420201,D07,,,7.6,6.75,,,,,8.0,,4
51015781,7340101,A01,,,8.4,8.6,,,,8.0,,,1
2009437,7380107,A00,,,,8.2,,,,7.0,7.75,,5
2085202,7540106,D07,,,7.0,7.0,,,,,7.5,,4
47003699,7340120,D01,7.2,,8.0,8.75,,,,,,,1
2015767,7340101,D01,7.0,,7.8,7.0,,,,,,,1
37013727,7480202,D01,4.8,,8.0,7.5,,,,,,,0
2035913,7340301,A00,,,,7.25,,,,7.0,7.8,,1
37017242,7540101,B00,,,,8.5,,,,,9.25,8.2,4
52007416,7340122,D01,8.4,,7.6,7.25,,,,,,,1
2019942,7480201,D07,,,8.2,8.0,,,,,7.5,,0
2070065,7480201,A01,,,8.2,8.5,,,,8.8,,,0
2035503,7540101,D07,,,7.2,7.0,,,,,7.6,,4
2008473,7480202,A00,,,,7.0,,,,6.75,7.0,,0
46007593,7480202,D01,7.2,,6.0,6.5,,,,,,,0
46007395,7220204,D01,7.4,,6.4,8.5,,,,,,,6
28018264,7520115,D01,5.2,,6.6,9.0,,,,,,,3
48030448,7540101,A00,,,,7.25,,,,7.25,7.4,,4
64000392,7340301,D01,7.4,,7.6,9.0,,,,,,,1
39003370,7540204,D01,7.25,,4.0,6.8,,,,,,,3
48018788,7540101,D07,,,6.8,6.5,,,,,8.4,,4
46006884,7540101,A01,,,7.2,7.0,,,,7.2,,,4
48016747,7340301,A00,,,,7.4,,,,7.5,7.5,,1
37006062,7480201,D01,8.0,,7.8,7.5,,,,,,,0
47010918,7340301,A00,,,,7.25,,,,7.75,7.4,,1
43008993,7220201,D01,8.0,,8.8,7.2,,,,,,,6
2021327,7340301,A00,,,,8.4,,,,8.5,8.0,,1
2018596,7220201,A01,,,8.2,8.5,,,,8.0,,,6
2043817,7510303,A00,,,,8.5,,,,8.0,7.6,,3
56002206,7810202,A00,,,,7.8,,,,6.5,7.75,,2
51001752,7340101,D01,7.0,,7.6,9.0,,,,,,,1
2037029,7220201,D01,8.2,,8.0,7.5,,,,,,,6
44003198,7340301,A00,,,,6.25,,,,7.75,7.8,,1
37015547,7340120,D01,8.0,,7.4,8.0,,,,,,,1
35001750,7340120,D01,6.4,,7.4,8.0,,,,,,,1
60002187,7510303,A00,,,,7.0,,,,6.5,7.8,,3
2043639,7480201,A01,,,8.4,7.6,,,,6.5,,,0
48013553,7810103,D01,5.2,,7.0,8.0,,,,,,,2
40018001,7810201,A00,,,,7.0,,,,7.0,7.8,,2
2034468,7810103,D01,7.0,,7.2,7.0,,,,,,,2
41009507,7540101,A01,,,7.0,7.5,,,,7.0,,,4
2008993,7380107,D01,6.0,,8.4,7.6,,,,,,,5
2042666,7380107,D01,6.2,,7.2,6.75,,,,,,,5
2081411,7220201,D01,6.6,,7.4,8.0,,,,,,,6
2069712,7480202,D01,6.0,,8.2,4.8,,,,,,,0
2063373,7510301,A01,,,8.0,6.4,,,,6.25,,,3
2010917,7340101,D01,8.0,,6.4,7.25,,,,,,,1
2052466,7480202,A01,,,7.6,6.75,,,,8.2,,,0
2035350,7480201,A00,,,,8.6,,,,7.75,7.5,,0
40007873,7480201,D01,7.5,,7.4,8.2,,,,,,,0
53000110,7340301,A00,,,,8.2,,,,7.25,7.75,,1
42007228,7340101,A00,,,,8.4,,,,7.0,8.75,,1
2040030,7480201,A00,,,,7.8,,,,6.75,7.75,,0
2034471,7220201,A01,,,7.2,8.75,,,,8.8,,,6
48019154,7510401,B00,,,,6.75,,,,,6.25,7.2,3
53009472,7340201,A00,,,,8.75,,,,7.25,7.8,,1
2028364,7380107,D01,6.75,,9.0,7.0,,,,,,,5
47010273,7340122,A00,,,,7.75,,,,6.75,7.6,,1
2056181,7480201,D07,,,7.2,8.0,,,,,7.2,,0
2044475,7510202,A00,,,,5.25,,,,6.0,6.6,,3
35003743,7810103,D01,5.2,,6.6,8.5,,,,,,,2
2080323,7380107,D15,6.75,7.6,5.25,,,,,,,,5
46004438,7520115,D01,4.6,,7.0,6.5,,,,,,,3
51009684,7810201,D15,7.0,6.8,7.5,,,,,,,,2
35008223,7340120,A00,,,,7.75,,,,7.5,8.0,,1
35010349,7340301,A00,,,,8.0,,,,6.25,8.75,,1
2023456,7420201,B00,,,,6.6,,,,,5.5,5.75,4
35008530,7340115,A00,,,,8.0,,,,7.75,8.2,,1
34012636,7340123,D01,6.2,,6.4,6.25,,,,,,,1
48030276,7420201,B00,,,,5.6,,,,,5.75,6.25,4
2062958,7520115,A00,,,,6.25,,,,7.25,7.6,,3
25016124,7810201,D01,7.75,,7.8,8.4,,,,,,,2
48000059,7340101,D01,6.0,,6.8,8.75,,,,,,,1
40008125,7340120,A00,,,,7.0,,,,6.75,7.8,,1
48026939,7420201,B00,,,,7.75,,,,,7.25,6.6,4
28034013,7810201,D01,8.5,,7.6,7.2,,,,,,,2
2018557,7340123,A00,,,,6.25,,,,4.5,7.6,,1
43005470,7340101,A00,,,,6.25,,,,6.75,7.8,,1
59000944,7220201,D01,9.0,,8.4,8.0,,,,,,,6
57001618,7540106,A00,,,,8.0,,,,6.25,7.25,,4
56004599,7510203,A00,,,,8.4,,,,6.75,6.75,,3
2011343,7510203,D07,,,6.2,7.5,,,,,7.8,,3
2057748,7480201,A00,,,,7.6,,,,7.25,7.75,,0
35009925,7340120,A00,,,,7.5,,,,7.5,8.8,,1
52012747,7340115,A01,,,7.8,7.5,,,,7.6,,,1
2032514,7220204,D09,,,7.4,9.0,,,5.0,,,,6
43000148,7340201,D01,7.25,,7.2,7.6,,,,,,,1
2061831,7810201,D01,8.6,,6.2,6.75,,,,,,,2
37009002,7340101,A01,,,7.8,7.8,,,,7.5,,,1
2047793,7510301,A01,,,8.0,4.2,,,,5.75,,,3
2069806,7510203,A00,,,,7.2,,,,7.75,6.5,,3
2036030,7420201,A00,,,,7.0,,,,6.5,8.0,,4
47005143,7510303,A00,,,,6.75,,,,7.75,7.4,,3
63001700,7340201,A00,,,,8.0,,,,7.0,7.5,,1
2052341,7340301,A01,,,7.4,8.0,,,,8.0,,,1
35007371,7510303,A00,,,,6.25,,,,5.5,5.0,,3
2023702,7810103,D15,7.5,5.0,6.75,,,,,,,,2
2050503,7510401,A00,,,,7.4,,,,6.0,7.5,,3
47012428,7480201,D07,,,7.6,7.5,,,,,8.2,,0
61002233,7340115,D01,7.8,,7.2,8.5,,,,,,,1
2001175,7510202,D01,7.2,,6.0,5.25,,,,,,,3
2046332,7340101,A00,,,,8.25,,,,8.0,7.8,,1
2022034,7220201,D01,9.0,,7.2,7.5,,,,,,,6
2078098,7380107,A00,,,,7.25,,,,6.25,8.2,,5
39008312,7420201,A01,,,5.0,6.6,,,,6.25,,,4
2025027,7510303,D01,6.2,,6.8,6.5,,,,,,,3
42012376,7810202,A00,,,,7.8,,,,6.75,8.25,,2
45002527,7520115,A00,,,,6.25,,,,5.75,7.6,,3
2076802,7480201,A00,,,,7.5,,,,8.0,8.0,,0
2036533,7480201,A01,,,9.0,6.8,,,,6.5,,,0
53015537,7540204,D01,8.0,,6.6,8.0,,,,,,,3
50006832,7540101,A00,,,,7.75,,,,7.0,8.0,,4
30002454,7810103,D15,7.0,5.8,8.75,,,,,,,,2
2043790,7480201,A01,,,8.0,7.6,,,,7.25,,,0
45001429,7340205,A00,,,,6.75,,,,6.5,8.2,,1
44007617,7480201,A01,,,7.8,8.0,,,,7.8,,,0
2082361,7340201,D01,7.5,,7.8,8.0,,,,,,,1
37000932,7810201,A01,,,7.0,8.0,,,,6.2,,,2
47008886,7480202,D01,6.6,,6.4,6.75,,,,,,,0
46008295,7220201,D01,8.25,,8.6,6.6,,,,,,,6
52005053,7340120,A01,,,7.6,7.75,,,,9.0,,,1
2017888,7480201,D07,,,8.4,7.75,,,,,6.6,,0
48021066,7540106,A01,,,7.6,7.25,,,,6.8,,,4
37000951,7220201,A01,,,9.0,7.8,,,,6.5,,,6
2006504,7380107,A01,,,8.2,7.5,,,,7.6,,,5
56010296,7340201,D01,5.2,,7.2,7.75,,,,,,,1
49006081,7220204,D01,7.5,,8.4,7.8,,,,,,,6
53006479,7340205,A00,,,,8.25,,,,7.75,7.6,,1
48029823,7220204,D01,6.5,,8.6,7.4,,,,,,,6
40017690,7340120,A01,,,7.8,6.5,,,,8.2,,,1
38013575,7540106,A00,,,,6.75,,,,7.5,6.2,,4
2012970,7540106,A00,,,,7.4,,,,5.25,8.75,,4
2039925,7510301,A00,,,,6.75,,,,7.5,7.4,,3
35007509,7510301,D01,5.5,,3.2,7.8,,,,,,,3
2081161,7510203,D01,6.8,,7.6,6.75,,,,,,,3
37008306,7480201,A00,,,,8.4,,,,6.5,7.0,,0
46002256,7340205,A00,,,,6.25,,,,7.25,7.2,,1
48023558,7540101,B00,,,,8.25,,,,,6.25,8.0,4
48028503,7510202,A00,,,,7.2,,,,6.25,6.25,,3
2048194,7340101,A01,,,7.8,8.4,,,,7.75,,,1
34011341,7480201,A00,,,,6.75,,,,7.75,7.4,,0
40010476,7810103,A00,,,,7.0,,,,7.75,7.2,,2
2037559,7520115,D01,5.2,,7.0,7.0,,,,,,,3
61003678,7540101,A00,,,,7.5,,,,7.0,8.6,,4
2028185,7510202,D01,6.75,,4.0,7.6,,,,,,,3
2071407,7220201,D09,,,7.0,9.25,,,8.4,,,,6
48004719,7340115,A00,,,,7.25,,,,8.0,7.4,,1
46000331,7510202,D01,6.25,,4.2,6.6,,,,,,,3
48016739,7819010,A01,,,7.2,5.75,,,,6.8,,,2
37008322,7480201,A00,,,,8.8,,,,7.0,6.75,,0
48002270,7810202,D01,8.25,,7.4,7.6,,,,,,,2
2065879,7340201,D01,7.8,,7.4,8.5,,,,,,,1
2066679,7340115,D01,7.6,,9.0,7.5,,,,,,,1
2062076,7819009,A00,,,,5.5,,,,6.0,6.0,,2
37012262,7480201,D01,8.2,,8.6,6.5,,,,,,,0
44008003,7340201,D01,7.5,,7.4,7.8,,,,,,,1
30016224,7340301,D01,6.0,,8.4,8.75,,,,,,,1
54010357,7850101,B00,,,,4.25,,,,,6.5,7.4,4
53003278,7480202,A00,,,,8.25,,,,8.0,8.4,,0
48017488,7510202,D01,4.6,,5.8,8.25,,,,,,,3
35003325,7540101,A00,,,,7.5,,,,8.25,8.0,,4
2062528,7420201,B00,,,,6.0,,,,,7.0,8.4,4
39007819,7340201,D01,6.6,,7.8,8.0,,,,,,,1
52003233,7510202,D01,4.6,,7.2,6.0,,,,,,,3
2030965,7340201,A00,,,,8.0,,,,7.75,6.6,,1
41005043,7540101,A00,,,,7.8,,,,7.75,8.25,,4
2008539,7810202,A00,,,,8.4,,,,6.75,7.5,,2
44001713,7480201,A00,,,,8.0,,,,8.0,8.6,,0
38001285,7480201,A00,,,,6.5,,,,7.25,7.8,,0
38003809,7340115,D01,7.0,,8.0,9.0,,,,,,,1
2033128,7340201,A00,,,,8.0,,,,6.25,7.0,,1
2066840,7819009,D07,,,7.0,6.0,,,,,6.2,,2
35009662,7340201,A00,,,,8.2,,,,7.0,7.25,,1
40014370,7520115,D01,5.2,,6.0,7.5,,,,,,,3
2052203,7510301,D01,5.75,,5.2,6.4,,,,,,,3
2067559,7340301,A01,,,6.8,8.6,,,,8.25,,,1
52001425,7380107,D01,7.75,,7.8,7.2,,,,,,,5
40018609,7480201,A00,,,,7.25,,,,7.25,7.4,,0
37011367,7420201,B00,,,,6.6,,,,,7.0,7.75,4
2005695,7540204,A01,,,6.0,7.0,,,,6.0,,,3
40007708,7510401,B00,,,,7.0,,,,,7.0,7.0,3
2022320,7510401,A00,,,,7.25,,,,6.75,7.6,,3
48010258,7220204,D01,7.0,,7.0,7.75,,,,,,,6
2040244,7480201,D01,7.5,,8.0,6.8,,,,,,,0
2018238,7850101,A00,,,,5.75,,,,5.0,6.0,,4
2073396,7510202,D01,6.5,,8.0,6.8,,,,,,,3
52005015,7810202,D01,7.5,,8.0,7.6,,,,,,,2
2021836,7510303,D01,6.25,,8.4,7.8,,,,,,,3
4011907,7340101,A00,,,,7.0,,,,7.75,8.4,,1
38007954,7510301,D01,6.25,,6.0,7.2,,,,,,,3
2074000,7340201,A00,,,,6.75,,,,6.5,8.4,,1
2065324,7540101,A00,,,,7.25,,,,7.25,7.2,,4
39006776,7510303,A00,,,,6.8,,,,4.75,6.5,,3
37004310,7340120,A00,,,,6.75,,,,8.0,7.0,,1
2012668,7540106,A00,,,,6.0,,,,5.25,7.25,,4
35009612,7220204,D01,8.75,,6.2,7.8,,,,,,,6
2023511,7380107,D01,7.25,,8.6,7.2,,,,,,,5
2046725,7510303,D01,6.0,,6.4,6.8,,,,,,,3
42012271,7480201,D01,6.6,,7.8,7.5,,,,,,,0
46001944,7480201,A01,,,7.2,7.0,,,,7.8,,,0
37011500,7220204,A01,,,8.0,7.6,,,,7.25,,,6
53003836,7510301,A00,,,,7.0,,,,7.5,7.0,,3
2043085,7510303,A00,,,,7.0,,,,7.5,7.6,,3
2033915,7540106,D07,,,6.6,6.25,,,,,7.4,,4
53003327,7340123,D01,6.25,,7.8,7.8,,,,,,,1
37004349,7340201,A01,,,6.8,7.25,,,,7.2,,,1
44000850,7510303,D01,7.0,,6.6,6.6,,,,,,,3
37002570,7810201,D01,5.0,,6.4,7.25,,,,,,,2
41006298,7220201,D01,6.5,,8.8,7.8,,,,,,,6
35006952,7340101,A00,,,,7.8,,,,8.25,7.75,,1
2063401,7340120,A01,,,7.6,8.0,,,,8.2,,,1
2061349,7340123,D01,5.0,,7.4,8.5,,,,,,,1
43009399,7340120,D01,6.4,,7.4,7.25,,,,,,,1
61008178,7340120,A00,,,,8.4,,,,6.25,8.5,,1
2028090,7510301,A00,,,,8.4,,,,5.5,5.75,,3
40015217,7340101,A01,,,7.8,8.4,,,,7.5,,,1
51003797,7510303,A00,,,,6.25,,,,8.0,8.2,,3
2068860,7340101,D01,7.6,,7.2,7.75,,,,,,,1
2020792,7460108,D01,8.4,,6.4,7.0,,,,,,,0
54011671,7340201,A00,,,,8.2,,,,6.75,8.0,,1
47000465,7480201,D01,7.0,,8.4,8.75,,,,,,,0
2034074,7480201,D01,6.0,,7.4,7.75,,,,,,,0
40015103,7340301,D01,7.6,,7.0,7.5,,,,,,,1
46005307,7510303,A01,,,4.6,7.4,,,,6.0,,,3
2056032,7340101,D01,8.4,,7.8,7.25,,,,,,,1
2040320,7420201,A01,,,5.6,5.25,,,,8.6,,,4
2075031,7510301,D01,7.2,,7.6,6.75,,,,,,,3
37017359,7340101,A01,,,8.6,8.2,,,,7.5,,,1
2006371,7460108,A00,,,,6.75,,,,6.25,7.0,,0
53011100,7540101,D07,,,8.6,7.4,,,,,8.5,,4
37006608,7340201,A00,,,,8.2,,,,7.0,8.75,,1
34010969,7220201,A01,,,7.8,7.5,,,,8.2,,,6
58005831,7340201,D01,7.6,,7.2,8.5,,,,,,,1
46008750,7510203,A00,,,,5.8,,,,5.5,4.75,,3
48007700,7340122,A00,,,,7.5,,,,6.5,7.8,,1
38002008,7480201,D01,7.25,,8.8,6.4,,,,,,,0
2040540,7540101,D07,,,8.4,8.25,,,,,8.4,,4
63003288,7340101,A00,,,,7.5,,,,7.0,8.0,,1
2071302,7810202,D01,7.5,,8.4,7.6,,,,,,,2
61008370,7220204,D01,7.6,,8.2,8.0,,,,,,,6
49015155,7340115,A00,,,,8.0,,,,7.0,7.4,,1
44007532,7810201,A00,,,,6.75,,,,8.0,7.8,,2
53011673,7540106,D07,,,6.4,6.8,,,,,6.0,,4
48005096,7340120,D01,7.0,,6.6,8.5,,,,,,,1
49003046,7540204,A00,,,,6.4,,,,5.0,6.75,,3
53012379,7540204,A00,,,,6.2,,,,4.75,7.75,,3
48001776,7420201,B00,,,,7.0,,,,,7.75,7.5,4
2079714,7340101,D01,6.6,,7.4,7.0,,,,,,,1
48022453,7540204,D01,6.5,,8.6,6.8,,,,,,,3
40015511,7380107,D01,5.8,,7.8,7.75,,,,,,,5
47006470,7220204,D01,7.5,,8.2,8.2,,,,,,,6
47009509,7340120,A00,,,,7.75,,,,8.5,7.6,,1
2014192,7819010,A00,,,,6.0,,,,7.25,6.2,,2
44011723,7340115,A00,,,,7.5,,,,7.75,8.2,,1
32007251,7540106,B00,,,,7.2,,,,,7.0,5.25,4
2079847,7220201,D01,9.6,,8.2,7.25,,,,,,,6
35004954,7510301,D01,5.0,,7.2,6.5,,,,,,,3
37004755,7220201,D09,,,7.0,8.75,,,8.4,,,,6
46009711,7340301,A00,,,,7.5,,,,8.0,8.2,,1
53004877,7540106,A00,,,,6.2,,,,5.75,8.0,,4
2065035,7510303,D07,,,7.0,7.25,,,,,9.0,,3
53009033,7510401,A00,,,,8.4,,,,7.5,7.5,,3
2031272,7510401,A00,,,,6.5,,,,6.75,6.6,,3
2022839,7480201,A00,,,,8.2,,,,7.0,7.75,,0
2055612,7520115,D01,6.4,,7.2,5.5,,,,,,,3
50012890,7510401,B00,,,,7.0,,,,,6.5,7.0,3
43002808,7480202,D01,4.6,,6.2,7.0,,,,,,,0
2007682,7510301,D01,5.8,,7.4,7.75,,,,,,,3
49009404,7340201,A00,,,,7.0,,,,8.0,7.6,,1
53013788,7810202,D01,6.4,,7.0,8.25,,,,,,,2
53001644,7540101,A00,,,,8.2,,,,8.5,7.75,,4
50010302,7340120,A01,,,8.2,8.0,,,,6.8,,,1
30009720,7480201,A00,,,,6.5,,,,7.5,7.4,,0
50010074,7340201,D01,8.25,,6.0,8.0,,,,,,,1
2038931,7380107,A00,,,,7.4,,,,8.0,7.25,,5
49012511,7420201,A00,,,,7.4,,,,6.0,5.25,,4
40005037,7810202,A00,,,,7.6,,,,7.25,8.25,,2
56004710,7480202,A00,,,,7.8,,,,6.25,5.0,,0
2083092,7480201,A01,,,7.2,7.5,,,,8.0,,,0
41007246,7340120,A00,,,,7.75,,,,7.75,7.6,,1
40017747,7540101,D07,,,8.0,8.0,,,,,7.8,,4
49001856,7340120,A01,,,7.4,7.5,,,,7.6,,,1
35004188,7220201,D09,,,8.0,8.75,,,8.8,,,,6
43009158,7340201,D01,6.4,,8.2,8.25,,,,,,,1
42012918,7540204,A01,,,6.6,7.0,,,,7.2,,,3
35007029,7340115,D01,6.0,,8.0,9.0,,,,,,,1
46008563,7510301,D01,8.0,,7.6,7.6,,,,,,,3
2050544,7810202,D01,8.0,,8.0,7.0,,,,,,,2
61005498,7340115,D01,7.0,,7.4,9.25,,,,,,,1
46009933,7380107,D01,6.0,,6.8,7.75,,,,,,,5
39000263,7340101,A00,,,,8.0,,,,8.0,7.5,,1
37003479,7380107,D15,6.25,7.0,7.75,,,,,,,,5
59004692,7819010,A00,,,,7.0,,,,7.5,8.0,,2
2078790,7540106,A00,,,,6.2,,,,5.75,6.5,,4
48021555,7810201,A00,,,,8.0,,,,8.0,8.2,,2
2016638,7510202,D01,6.2,,7.4,7.25,,,,,,,3
60002903,7340120,A01,,,9.0,8.6,,,,7.0,,,1
2036091,7850101,D07,,,4.8,7.0,,,,,5.5,,4
48033102,7540106,B00,,,,5.75,,,,,6.5,7.2,4
47000180,7220204,D01,7.6,,7.8,8.75,,,,,,,6
37016291,7340101,D01,8.0,,7.4,8.0,,,,,,,1
48023175,7480201,A00,,,,8.4,,,,7.5,7.5,,0
47012150,7810201,D01,6.6,,7.2,6.5,,,,,,,2
49006526,7480201,A01,,,9.0,7.6,,,,7.0,,,0
35006752,7340120,D01,6.8,,7.6,9.0,,,,,,,1
37011958,7340205,D01,6.8,,6.4,6.75,,,,,,,1
48004713,7340201,D01,8.25,,7.8,7.0,,,,,,,1
53010029,7340120,D01,6.6,,7.0,9.25,,,,,,,1
2030762,7480201,A00,,,,7.0,,,,6.25,7.8,,0
51019106,7340201,A00,,,,8.25,,,,6.75,7.6,,1
47000214,7340101,A01,,,8.0,6.75,,,,7.6,,,1
40018476,7460108,D07,,,6.4,6.5,,,,,5.6,,0
2020448,7420201,B00,,,,9.0,,,,,6.25,8.4,4
44004118,7340101,A00,,,,8.2,,,,7.5,8.0,,1
49004995,7540204,D07,,,7.8,8.25,,,,,6.6,,3
40014101,7220204,D01,6.0,,6.8,8.25,,,,,,,6
46007753,7810202,A00,,,,8.4,,,,7.0,7.5,,2
37003240,7380107,D01,5.8,,7.4,8.25,,,,,,,5
59006771,7810103,D15,6.5,4.2,8.0,,,,,,,,2
2050099,7380107,D01,7.5,,8.0,7.6,,,,,,,5
60006084,7540101,A00,,,,7.75,,,,7.5,6.6,,4
53001672,7540101,B00,,,,8.0,,,,,6.5,7.8,4
2040453,7340123,D01,6.6,,7.6,8.5,,,,,,,1
53008268,7340201,D01,7.4,,6.8,8.5,,,,,,,1
38006155,7340120,D01,7.2,,7.8,7.5,,,,,,,1
48030293,7810202,D15,7.25,5.4,8.5,,,,,,,,2
2077653,7480202,A00,,,,7.25,,,,7.75,7.6,,0
2041981,7480201,A01,,,8.6,9.2,,,,7.5,,,0
42007818,7220204,D01,7.25,,6.8,8.2,,,,,,,6
42007284,7340115,A00,,,,6.75,,,,8.25,7.0,,1
40018804,7340120,D01,8.2,,7.4,7.5,,,,,,,1
1029751,7810103,D01,8.4,,7.8,8.5,,,,,,,2
56002172,7340201,A01,,,7.2,7.8,,,,7.25,,,1
2082527,7480201,D01,7.0,,8.8,7.6,,,,,,,0
2056058,7340115,A01,,,8.2,8.2,,,,8.25,,,1
39006807,7480201,A01,,,8.0,8.5,,,,8.6,,,0
2043936,7480201,A01,,,8.8,8.0,,,,7.25,,,0
39008958,7480201,D07,,,7.6,7.25,,,,,7.2,,0
37013425,7460108,A00,,,,6.25,,,,6.25,6.8,,0
2063188,7340301,D01,7.25,,8.6,7.6,,,,,,,1
2062852,7340129,D01,7.0,,8.0,6.75,,,,,,,4
35009034,7810103,D01,6.0,,8.0,8.5,,,,,,,2
13001543,7510303,D01,7.25,,7.8,7.6,,,,,,,3
48002442,7340101,A00,,,,7.5,,,,7.5,8.0,,1
2083475,7510202,A00,,,,7.0,,,,6.75,6.8,,3
47009735,7340115,D01,8.6,,7.2,8.5,,,,,,,1
52004634,7420201,B00,,,,8.6,,,,,7.5,6.5,4
48011956,7510203,A01,,,6.8,6.25,,,,7.8,,,3
64002636,7340122,A00,,,,7.0,,,,8.0,6.6,,1
48016208,7540204,D01,5.5,,7.0,6.4,,,,,,,3
2023526,7540101,B00,,,,8.0,,,,,7.0,8.2,4
52009490,7540101,B00,,,,7.5,,,,,6.25,7.0,4
18014708,7340101,D01,6.0,,6.4,8.25,,,,,,,1
2064705,7340123,D01,5.75,,6.8,7.8,,,,,,,1
2059368,7420201,B00,,,,7.6,,,,,6.75,7.25,4
2083274,7340120,A00,,,,7.25,,,,8.75,7.0,,1
2035348,7510301,D01,7.0,,7.0,6.2,,,,,,,3
30013977,7810202,A01,,,8.8,7.2,,,,7.0,,,2
35010143,7340120,A00,,,,8.4,,,,7.75,7.5,,1
46002840,7510203,A00,,,,7.75,,,,6.5,7.2,,3
44001821,7340301,A00,,,,8.25,,,,8.5,7.6,,1
2011177,7540101,D07,,,9.0,7.4,,,,,7.75,,4
2068242,7220201,D01,7.75,,7.8,8.0,,,,,,,6
2075664,7340101,A00,,,,7.5,,,,7.0,7.0,,1
2039115,7540101,A00,,,,7.0,,,,7.25,7.8,,4
47008396,7340115,A00,,,,8.0,,,,8.0,8.0,,1
2070199,7340123,D01,5.4,,7.6,7.0,,,,,,,1
52008782,7340115,D01,7.6,,8.6,8.25,,,,,,,1
52005283,7340101,A00,,,,8.6,,,,7.5,7.5,,1
53011576,7480201,D01,7.0,,8.2,7.4,,,,,,,0
35009241,7340120,A00,,,,7.75,,,,6.0,7.4,,1
2040888,7540101,B00,,,,8.5,,,,,6.0,8.4,4
2069627,7510203,D01,5.75,,4.2,7.0,,,,,,,3
2068439,7810201,D01,6.5,,8.8,8.0,,,,,,,2
50006079,7510401,A00,,,,7.6,,,,6.75,7.75,,3
2027488,7340201,D01,7.0,,9.4,6.6,,,,,,,1
35006772,7340201,D01,5.6,,6.2,8.75,,,,,,,1
29018765,7340123,A00,,,,8.0,,,,7.25,7.6,,1
2069615,7480201,D01,7.2,,7.4,6.75,,,,,,,0
49007252,7220201,D01,8.25,,7.6,8.4,,,,,,,6
40015252,7510203,D01,5.4,,7.6,5.75,,,,,,,3
59007054,7340201,A00,,,,8.8,,,,7.75,7.5,,1
45001168,7220204,D01,8.5,,8.2,8.0,,,,,,,6
44006384,7380107,A00,,,,5.75,,,,8.25,7.4,,5
46002676,7340301,D01,8.25,,6.8,7.4,,,,,,,1
35011324,7380107,A00,,,,8.0,,,,7.5,6.8,,5
2068592,7340201,A00,,,,6.5,,,,6.75,7.4,,1
49007349,7850101,A00,,,,5.4,,,,5.5,7.75,,4
2044695,7480201,A00,,,,7.6,,,,7.5,8.5,,0
46009843,7340120,A00,,,,7.25,,,,8.5,8.4,,1
2030039,7540106,D07,,,8.4,7.0,,,,,7.75,,4
52006824,7340120,A01,,,7.4,7.5,,,,7.4,,,1
50011781,7510401,A00,,,,8.0,,,,6.75,6.75,,3
46001801,7340129,A00,,,,5.75,,,,7.5,9.2,,4
54003444,7380107,D01,5.8,,7.0,7.25,,,,,,,5
2001307,7380107,D01,8.0,,7.8,7.0,,,,,,,5
2062374,7510203,A00,,,,6.5,,,,4.0,6.8,,3
48013216,7220201,D01,7.6,,7.6,7.75,,,,,,,6
42006637,7340101,A00,,,,8.0,,,,7.75,8.0,,1
53013958,7510401,A00,,,,6.25,,,,6.75,5.6,,3
45005391,7540101,B00,,,,7.25,,,,,7.75,7.6,4
46009166,7340120,A00,,,,7.25,,,,7.75,8.2,,1
64006704,7220201,D01,8.0,,7.4,7.8,,,,,,,6
47000379,7480201,A01,,,6.4,7.0,,,,9.0,,,0
44010926,7220201,A01,,,7.6,8.2,,,,7.5,,,6
2032857,7480201,D01,8.0,,6.6,6.75,,,,,,,0
49013994,7340205,D01,6.8,,7.0,6.25,,,,,,,1
37002395,7340205,A00,,,,8.0,,,,8.0,7.8,,1
51012697,7340120,A00,,,,7.25,,,,6.75,7.4,,1
46007975,7850101,D07,,,7.2,7.4,,,,,7.5,,4
52003573,7340201,A00,,,,7.6,,,,7.5,7.75,,1
56002913,7340115,A00,,,,6.75,,,,8.0,8.0,,1
49012494,7510401,A00,,,,7.0,,,,4.0,5.25,,3
28021924,7340115,D01,6.6,,8.0,8.75,,,,,,,1
53003892,7480202,A01,,,8.2,7.5,,,,7.2,,,0
53015746,7540106,A01,,,8.2,6.8,,,,7.5,,,4
37016116,7340205,A00,,,,6.25,,,,6.0,6.0,,1
42000386,7340120,A01,,,8.2,8.6,,,,7.5,,,1
35004069,7510202,D01,4.0,,5.8,6.25,,,,,,,3
49012245,7340301,A00,,,,7.25,,,,8.0,7.8,,1
36001089,7480202,A00,,,,7.25,,,,8.0,6.8,,0
2007144,7340201,D01,7.0,,8.6,7.6,,,,,,,1
39005255,7340120,A00,,,,8.0,,,,7.25,8.0,,1
38012925,7340101,D01,7.25,,7.8,8.0,,,,,,,1
48021514,7510301,A01,,,7.4,7.0,,,,7.2,,,3
53008600,7340122,D01,7.4,,8.2,8.75,,,,,,,1
52011410,7220201,D01,8.0,,8.0,7.5,,,,,,,6
2008384,7340115,D01,8.0,,8.0,7.25,,,,,,,1
37011872,7340120,A00,,,,7.5,,,,6.5,7.4,,1
2049447,7819009,D07,,,6.2,3.75,,,,,7.0,,2
37008068,7510203,D01,6.5,,6.8,6.2,,,,,,,3
2022004,7510303,A01,,,6.6,7.2,,,,7.25,,,3
2037400,7540106,A00,,,,6.25,,,,7.25,7.2,,4
2038623,7510203,D01,7.5,,8.8,7.4,,,,,,,3
35006910,7340101,D01,9.25,,6.6,7.6,,,,,,,1
30012373,7340201,D01,5.8,,5.8,9.0,,,,,,,1
38011457,7540101,A00,,,,7.75,,,,7.0,7.8,,4
2038885,7340122,D01,8.4,,7.2,8.25,,,,,,,1
2045669,7420201,A00,,,,6.2,,,,5.5,6.25,,4
47002952,7810201,D01,7.75,,7.0,7.6,,,,,,,2
33005233,7340101,A01,,,8.6,8.0,,,,6.6,,,1
35008448,7340101,D01,5.6,,6.2,9.0,,,,,,,1
2050207,7340120,D01,8.75,,8.0,7.4,,,,,,,1
2020244,7510303,D01,6.0,,6.8,6.6,,,,,,,3
2008273,7380107,D01,7.75,,8.8,7.4,,,,,,,5
2025498,7340129,D01,6.2,,7.6,7.0,,,,,,,4
43008539,7819009,A01,,,6.2,5.5,,,,5.0,,,2
2036791,7810201,D15,8.5,6.4,7.5,,,,,,,,2
49000159,7510202,A00,,,,6.8,,,,4.25,4.5,,3
2045022,7220204,D01,7.0,,8.4,7.8,,,,,,,6
44009433,7480201,D01,7.2,,7.4,8.0,,,,,,,0
2064744,7480201,D01,6.0,,7.8,8.0,,,,,,,0
48026166,7220201,D01,8.4,,6.4,6.5,,,,,,,6
54010087,7340101,D01,7.0,,6.4,7.75,,,,,,,1
56010120,7810202,A00,,,,8.0,,,,6.75,7.5,,2
52010227,7340101,D01,7.75,,8.2,8.0,,,,,,,1
2037544,7540101,A00,,,,7.25,,,,8.75,7.6,,4
2081731,7510203,D01,5.25,,6.0,6.4,,,,,,,3
56010606,7480202,D07,,,7.2,7.25,,,,,6.6,,0
2040009,7380107,A00,,,,7.25,,,,8.25,8.4,,5
2049748,7510202,D01,5.2,,6.4,7.0,,,,,,,3
51005690,7540101,A01,,,7.0,7.25,,,,6.4,,,4
53012365,7340129,D01,7.2,,6.2,8.25,,,,,,,4
2078658,7480201,D07,,,7.6,7.2,,,,,8.5,,0
2088061,7480201,D01,7.0,,9.6,7.8,,,,,,,0
53006746,7480201,D01,7.6,,8.2,7.25,,,,,,,0
2056587,7340120,D01,7.75,,8.4,7.8,,,,,,,1
2030584,7220201,D09,,,7.6,9.25,,,6.8,,,,6
47010126,7340201,A00,,,,6.5,,,,6.5,7.4,,1
34005829,7420201,B00,,,,7.5,,,,,7.5,8.8,4
56008771,7340129,A01,,,8.2,7.0,,,,6.8,,,4
42014614,7540101,B00,,,,7.25,,,,,7.75,7.8,4
59009768,7480202,D01,5.6,,8.4,8.0,,,,,,,0
48006211,7480201,A00,,,,7.0,,,,7.0,8.75,,0
63002214,7340301,A00,,,,5.5,,,,7.5,7.8,,1
38001467,7480201,D01,7.0,,8.0,8.6,,,,,,,0
41004883,7480201,A00,,,,8.0,,,,7.75,8.25,,0
35005538,7340101,A00,,,,6.25,,,,7.0,8.0,,1
35011351,7340101,A00,,,,8.4,,,,7.0,8.75,,1
48031019,7340123,D01,6.0,,7.0,8.25,,,,,,,1
50010375,7340120,A00,,,,7.75,,,,8.25,7.6,,1
48011822,7480201,A01,,,6.6,6.0,,,,9.4,,,0
2084448,7220201,D01,8.4,,6.4,6.25,,,,,,,6
37016601,7340301,A01,,,6.2,7.0,,,,7.6,,,1
2070827,7340201,A01,,,7.6,7.75,,,,8.2,,,1
49014949,7380107,D01,6.75,,9.0,7.6,,,,,,,5
38006593,7380107,A00,,,,7.0,,,,7.5,7.4,,5
54007981,7480201,A01,,,6.0,8.2,,,,7.75,,,0
2048456,7510303,A00,,,,8.0,,,,6.5,7.5,,3
2060804,7810201,A00,,,,6.5,,,,6.25,6.6,,2
42011290,7810201,D01,7.8,,6.4,8.0,,,,,,,2
48028850,7480201,A00,,,,8.5,,,,8.0,8.0,,0
37002270,7340120,D01,7.25,,9.0,8.0,,,,,,,1
57003337,7220204,A01,,,8.4,7.4,,,,7.0,,,6
35006492,7540204,A00,,,,7.2,,,,7.25,7.25,,3
37008472,7480202,D07,,,6.0,6.25,,,,,6.8,,0
2049869,7480201,D01,7.0,,9.0,6.8,,,,,,,0
50013149,7810103,A01,,,7.6,7.6,,,,7.75,,,2
43007024,7340301,D01,6.0,,7.2,8.75,,,,,,,1
2056670,7220201,D01,9.0,,6.4,6.25,,,,,,,6
40003952,7340120,A00,,,,7.4,,,,7.5,8.25,,1
58006426,7340101,A00,,,,6.5,,,,7.25,7.8,,1
2022973,7340201,D01,7.8,,7.2,6.75,,,,,,,1
37004890,7510301,D01,6.0,,5.2,6.4,,,,,,,3
2044962,7540101,D07,,,8.4,8.4,,,,,9.0,,4
46006401,7220201,D01,8.4,,6.8,6.0,,,,,,,6
49001635,7480201,D01,7.25,,7.8,7.2,,,,,,,0
47004457,7810201,D01,5.0,,6.4,8.25,,,,,,,2
2078032,7340129,A00,,,,7.0,,,,7.25,7.6,,4
47001627,7220204,D09,,,7.2,8.5,,,6.0,,,,6
46005876,7340201,D01,8.5,,6.6,7.4,,,,,,,1
2066429,7480201,D01,8.4,,7.8,7.0,,,,,,,0
35005924,7340201,A00,,,,8.4,,,,6.5,7.75,,1
60005470,7810201,A00,,,,8.4,,,,7.0,7.5,,2
51002423,7420201,B00,,,,3.75,,,,,6.25,6.4,4
44001282,7340101,D01,7.0,,6.4,8.0,,,,,,,1
44009824,7340101,D01,6.8,,7.4,8.25,,,,,,,1
2011216,7510301,D01,6.8,,7.6,7.0,,,,,,,3
2083778,7340115,D01,8.25,,8.0,7.6,,,,,,,1
40004169,7380107,D01,7.5,,7.6,6.8,,,,,,,5
44008148,7340201,D01,7.0,,8.2,7.6,,,,,,,1
52005908,7340301,A00,,,,7.0,,,,7.0,7.8,,1
2034820,7220204,D01,7.5,,8.2,7.6,,,,,,,6
2043107,7819010,B00,,,,4.5,,,,,7.75,7.2,2
46006374,7340129,A01,,,6.8,8.25,,,,5.4,,,4
2006816,7220201,D01,7.0,,8.6,8.0,,,,,,,6
44002743,7540101,A01,,,7.0,8.25,,,,7.6,,,4
2035609,7340301,A00,,,,8.0,,,,6.5,8.25,,1
2088120,7340115,D01,7.25,,9.6,7.4,,,,,,,1
44011689,7220204,D01,6.2,,7.0,7.5,,,,,,,6
56004660,7810201,D01,5.8,,8.2,7.75,,,,,,,2
2063282,7510301,A00,,,,7.25,,,,7.25,7.8,,3
2035486,7510203,A00,,,,6.25,,,,6.0,7.0,,3
42011204,7220201,D01,7.4,,5.8,8.5,,,,,,,6
2014241,7220204,D01,6.5,,8.8,8.0,,,,,,,6
37000847,7340120,A00,,,,8.25,,,,7.75,6.8,,1
43004773,7510203,D01,5.4,,6.8,5.5,,,,,,,3
46006382,7510301,D07,,,6.8,6.25,,,,,5.4,,3
38005785,7420201,A00,,,,8.2,,,,6.0,6.75,,4
56005777,7510202,D01,6.0,,4.8,5.4,,,,,,,3
53007210,7540106,B00,,,,7.4,,,,,8.0,6.75,4
47002973,7540204,D01,7.08,,6.4,5.8,,,,,,,3
37000553,7540101,A01,,,7.4,7.0,,,,8.0,,,4
37016597,7480201,A00,,,,7.5,,,,8.25,8.2,,0
48017898,7480202,A00,,,,7.2,,,,7.75,8.0,,0
53008542,7810202,D01,7.4,,6.8,7.25,,,,,,,2
2054033,7510303,A00,,,,6.75,,,,6.75,6.8,,3
52010448,7480201,D07,,,7.6,8.0,,,,,7.75,,0
47003490,7480201,A00,,,,6.0,,,,8.75,7.2,,0
2054227,7340301,D01,7.25,,8.0,7.8,,,,,,,1
35009663,7340115,D01,5.6,,8.0,9.0,,,,,,,1
2047395,7220201,A01,,,7.2,5.25,,,,9.4,,,6
38010346,7340101,A00,,,,8.6,,,,7.5,7.5,,1
52010885,7220201,D01,8.0,,6.8,7.25,,,,,,,6
37010988,7340120,D01,7.5,,7.8,7.8,,,,,,,1
48026527,7510202,A00,,,,7.4,,,,7.0,5.25,,3
2007503,7340101,D01,7.2,,7.6,7.5,,,,,,,1
2081570,7340123,A00,,,,5.0,,,,6.5,6.2,,1
2088779,7540101,A01,,,8.8,7.4,,,,8.75,,,4
30014703,7480201,D01,7.2,,8.2,8.0,,,,,,,0
2036694,7520115,D01,4.6,,6.0,7.0,,,,,,,3
49013322,7220201,D09,,,8.2,8.75,,,7.6,,,,6
61005260,7540101,A00,,,,8.5,,,,7.75,8.6,,4
2045555,7810103,D15,7.25,5.0,7.75,,,,,,,,2
44005242,7510303,A00,,,,7.8,,,,7.0,7.5,,3
24004301,7340301,D01,6.4,,7.4,8.5,,,,,,,1
41010620,7540106,A00,,,,7.5,,,,7.25,7.2,,4
49016434,7540106,A00,,,,7.4,,,,6.0,6.0,,4
56009529,7220204,A01,,,8.0,8.2,,,,7.25,,,6
2035137,7480201,D01,9.2,,7.4,7.25,,,,,,,0
2010272,7340120,D01,7.2,,7.8,7.25,,,,,,,1
2065930,7510303,A01,,,8.8,6.6,,,,5.5,,,3
52000269,7510202,A01,,,7.6,6.5,,,,7.4,,,3
2024835,7220201,D01,6.8,,7.4,7.5,,,,,,,6
2043901,7819010,B00,,,,7.75,,,,,5.25,5.2,2
2019428,7340120,D01,8.6,,7.8,6.25,,,,,,,1
46004164,7340301,A00,,,,7.25,,,,6.75,7.8,,1
2040551,7420201,D07,,,7.8,7.6,,,,,7.0,,4
2056123,7340201,D01,7.25,,8.2,8.0,,,,,,,1
2031320,7340120,A01,,,9.2,7.4,,,,8.25,,,1
28027873,7810202,D01,6.2,,6.8,6.75,,,,,,,2
35007655,7340120,D01,7.0,,7.0,7.75,,,,,,,1
2058193,7819009,A00,,,,7.0,,,,8.0,8.0,,2
49000873,7480201,D01,7.0,,7.4,8.2,,,,,,,0
59009684,7480201,A00,,,,7.5,,,,8.0,7.2,,0
2030787,7510202,A00,,,,6.0,,,,4.25,7.0,,3
40015778,7810103,D01,6.8,,7.6,8.0,,,,,,,2
2062330,7340205,D01,6.2,,6.8,7.5,,,,,,,1
2021035,7420201,A01,,,8.2,7.0,,,,6.25,,,4
29007696,7540101,A00,,,,8.4,,,,8.0,8.25,,4
48010045,7510202,D01,4.6,,7.2,6.5,,,,,,,3
36000725,7340301,A00,,,,7.8,,,,7.5,8.25,,1
2045310,7340101,D01,6.6,,7.6,7.0,,,,,,,1
52008039,7340201,D01,5.6,,7.4,7.5,,,,,,,1
2068890,7510301,D01,6.25,,8.2,7.4,,,,,,,3
2070631,7480202,D01,7.4,,8.4,6.5,,,,,,,0
2071622,7819010,A00,,,,5.0,,,,5.0,7.0,,2
40013323,7340120,D01,8.4,,8.4,7.0,,,,,,,1
37009592,7340120,A01,,,8.2,8.4,,,,7.0,,,1
2084584,7850101,B00,,,,5.25,,,,,6.75,6.2,4
47008965,7480201,A00,,,,7.75,,,,8.0,8.6,,0
50011023,7480202,D01,7.25,,4.4,5.6,,,,,,,0
48021344,7340120,D01,8.6,,6.6,7.75,,,,,,,1
30016570,7340301,D01,8.5,,6.8,7.6,,,,,,,1
51002551,7480202,A01,,,8.2,6.5,,,,7.6,,,0
52004904,7340301,A00,,,,6.75,,,,7.0,8.4,,1
43002300,7540101,A00,,,,8.2,,,,7.0,8.25,,4
53010788,7340129,D01,5.0,,7.8,8.5,,,,,,,4
35006697,7340101,D01,6.0,,7.2,9.0,,,,,,,1
43002489,7510301,A00,,,,6.75,,,,7.25,7.6,,3
37015989,7810103,D01,8.6,,7.2,7.5,,,,,,,2
35004382,7819009,A01,,,7.8,6.75,,,,5.4,,,2
2065683,7810201,D15,5.5,6.4,7.0,,,,,,,,2
53004277,7340115,D01,6.0,,7.6,9.0,,,,,,,1
2069624,7480201,D01,8.0,,7.8,8.0,,,,,,,0
37004587,7340301,A00,,,,7.25,,,,8.25,7.6,,1
42014476,7340101,D01,7.2,,7.2,7.75,,,,,,,1
2043478,7340201,A00,,,,6.25,,,,7.25,8.2,,1
2001128,7510303,D07,,,6.8,6.75,,,,,7.2,,3
49007696,7380107,D01,7.25,,6.8,7.2,,,,,,,5
39000876,7480202,D01,7.0,,4.6,5.0,,,,,,,0
40019362,7340201,A00,,,,7.75,,,,7.25,6.8,,1
51004134,7540101,B00,,,,7.0,,,,,7.0,7.4,4
2058422,7540101,A00,,,,7.25,,,,7.75,7.8,,4
2079263,7520115,D01,5.0,,7.6,7.0,,,,,,,3
32006429,7480201,A00,,,,6.75,,,,7.0,8.2,,0
2051513,7810201,D15,6.75,7.6,7.75,,,,,,,,2
2009158,7340301,D01,6.25,,8.8,8.0,,,,,,,1
2001275,7510301,D01,6.4,,6.2,7.0,,,,,,,3
37008202,7480201,D01,7.0,,7.2,8.0,,,,,,,0
51000028,7380107,D01,6.4,,8.0,8.75,,,,,,,5
51006509,7510303,D01,7.6,,5.8,8.25,,,,,,,3
2015898,7340123,A00,,,,6.5,,,,7.25,7.2,,1
35010450,7810202,A00,,,,6.75,,,,7.5,8.4,,2
61010703,7340129,A00,,,,7.75,,,,6.5,8.4,,4
53002076,7340115,D01,7.8,,7.8,8.5,,,,,,,1
46005234,7510301,D01,5.6,,7.8,7.5,,,,,,,3
36001009,7340115,A00,,,,7.0,,,,7.5,7.6,,1
2036057,7480201,D01,7.2,,7.6,7.75,,,,,,,0
2035210,7480202,A00,,,,8.4,,,,7.0,7.0,,0
37014032,7480201,A00,,,,8.0,,,,7.25,7.0,,0
47010950,7480201,D01,8.25,,7.2,6.8,,,,,,,0
48009636,7540101,D07,,,9.2,8.4,,,,,6.75,,4
2077088,7480201,A00,,,,6.75,,,,8.25,6.0,,0
63006039,7340115,A00,,,,7.25,,,,8.0,8.2,,1
49012814,7340201,A00,,,,7.25,,,,8.25,6.8,,1
2077651,7480201,A00,,,,7.5,,,,8.75,7.2,,0
46001485,7340301,A00,,,,8.6,,,,6.75,7.75,,1
42014364,7340201,D01,6.4,,8.4,7.25,,,,,,,1
47004263,7540204,A00,,,,7.0,,,,7.25,5.6,,3
2024738,7510401,D07,,,7.0,7.0,,,,,7.8,,3
2043348,7540101,A00,,,,7.25,,,,7.75,8.4,,4
2063548,7810201,A00,,,,5.5,,,,7.25,6.6,,2
2084650,7540101,D07,,,7.6,8.0,,,,,8.8,,4
53013819,7380107,D01,5.0,,7.0,8.67,,,,,,,5
46003762,7340201,A00,,,,7.5,,,,8.0,8.4,,1
25002903,7810202,A00,,,,7.5,,,,7.75,7.8,,2
2020223,7810201,D01,7.8,,6.6,6.75,,,,,,,2
63001438,7480201,A01,,,6.8,7.75,,,,7.2,,,0
48030163,7340301,A01,,,7.8,8.2,,,,7.0,,,1
56007454,7340301,D01,8.25,,8.2,8.2,,,,,,,1
2077878,7340101,D01,7.0,,7.4,7.5,,,,,,,1
2011143,7510203,D01,9.2,,5.8,6.0,,,,,,,3
40003451,7380107,A00,,,,8.2,,,,6.5,6.75,,5
49006698,7420201,B00,,,,6.0,,,,,6.0,5.25,4
2062351,7819010,A00,,,,7.0,,,,6.0,5.8,,2
2049326,7480202,D01,5.8,,6.8,6.75,,,,,,,0
2040463,7340101,A00,,,,8.0,,,,8.0,8.25,,1
2069780,7819010,A00,,,,7.25,,,,3.0,6.4,,2
60006089,7510203,D01,6.25,,5.2,5.6,,,,,,,3
58005106,7480201,D01,7.75,,7.4,8.0,,,,,,,0
61008367,7340122,A00,,,,7.25,,,,6.5,7.8,,1
48011863,7510301,D01,7.0,,6.4,6.6,,,,,,,3
50009413,7340201,D01,6.2,,7.2,7.0,,,,,,,1
50000497,7340301,A00,,,,7.75,,,,7.25,7.8,,1
49002851,7220201,D01,7.4,,6.8,6.75,,,,,,,6
2035849,7510301,A00,,,,6.8,,,,5.0,6.75,,3
59002004,7540101,A00,,,,7.25,,,,7.25,7.6,,4
2040624,7510301,A00,,,,7.8,,,,7.5,6.0,,3
2022995,7340129,D01,4.2,,7.0,7.5,,,,,,,4
46000672,7480202,D01,7.5,,6.6,6.0,,,,,,,0
46008876,7340129,A00,,,,7.0,,,,6.25,7.0,,4
50008191,7510301,D01,7.75,,6.0,6.2,,,,,,,3
60003072,7340115,A00,,,,8.0,,,,7.25,8.2,,1
45004733,7510203,D01,6.5,,3.2,6.2,,,,,,,3
2070610,7810103,D01,6.0,,7.8,5.75,,,,,,,2
52003986,7340101,A01,,,7.6,8.6,,,,8.25,,,1
52003222,7480201,D01,7.4,,8.4,7.5,,,,,,,0
60006138,7340120,A01,,,8.6,8.4,,,,7.0,,,1
28005745,7380107,D15,6.75,6.4,9.25,,,,,,,,5
48012514,7480201,A00,,,,8.5,,,,6.5,8.4,,0
50001907,7340115,D01,8.0,,7.4,8.0,,,,,,,1
2041145,7480201,D01,5.8,,8.2,7.0,,,,,,,0
2040392,7340101,A00,,,,8.0,,,,7.25,8.25,,1
2027602,7220201,D01,7.25,,9.4,8.0,,,,,,,6
53007808,7810103,A00,,,,7.5,,,,7.25,8.2,,2
60000715,7340101,A00,,,,7.0,,,,7.5,7.0,,1
2013712,7510401,A00,,,,6.8,,,,6.25,5.75,,3
35001053,7340115,D01,9.0,,8.4,7.6,,,,,,,1
42012519,7819009,B00,,,,6.5,,,,,7.0,7.2,2
37010132,7510203,D01,5.5,,4.6,6.6,,,,,,,3
37006318,7340115,A01,,,8.6,7.5,,,,7.4,,,1
51017074,7340120,D01,6.6,,7.2,9.0,,,,,,,1
2070731,7380107,D01,7.25,,8.0,8.0,,,,,,,5
48016642,7340201,A01,,,6.8,8.0,,,,8.5,,,1
37009698,7480201,A01,,,8.4,7.5,,,,7.2,,,0
36000755,7340120,D01,7.4,,7.0,7.25,,,,,,,1
30003383,7520115,A00,,,,7.0,,,,6.5,5.0,,3
46003034,7510303,A00,,,,5.6,,,,6.0,5.75,,3
2082471,7819010,B00,,,,6.25,,,,,7.5,6.6,2
38010365,7340115,D01,7.6,,8.0,7.75,,,,,,,1
42009769,7340115,D01,7.4,,7.6,8.5,,,,,,,1
43008677,7480202,A01,,,7.2,7.4,,,,5.75,,,0
39009959,7340201,D01,7.6,,8.2,7.5,,,,,,,1
2079735,7340201,A01,,,7.4,8.0,,,,7.6,,,1
42002956,7340129,D01,6.75,,6.4,7.0,,,,,,,4
38005697,7340115,D01,6.6,,6.8,8.75,,,,,,,1
49002417,7540101,A01,,,8.0,7.5,,,,7.8,,,4
47002121,7510303,A00,,,,7.0,,,,7.75,6.2,,3
51002914,7340120,D01,6.0,,7.4,8.75,,,,,,,1
43006029,7480201,A00,,,,8.25,,,,7.0,7.2,,0
2079039,7340115,D01,7.6,,7.8,8.0,,,,,,,1
48015348,7810202,D01,5.8,,8.2,7.75,,,,,,,2
37015097,7480201,D07,,,8.0,8.5,,,,,7.8,,0
60002700,7220204,D01,7.2,,7.8,8.5,,,,,,,6
55006023,7510202,D01,5.2,,5.8,7.5,,,,,,,3
2022500,7480202,D07,,,6.8,7.4,,,,,8.25,,0
47006730,7510202,A00,,,,6.75,,,,5.5,7.8,,3
46004943,7220201,D01,7.25,,8.0,8.6,,,,,,,6
46002577,7380107,A00,,,,7.5,,,,7.5,7.8,,5
53009300,7480201,A00,,,,8.0,,,,7.75,7.5,,0
50008800,7220201,A01,,,8.4,8.0,,,,8.0,,,6
45003550,7220201,D01,7.8,,5.6,7.5,,,,,,,6
2015525,7810202,D01,5.8,,6.8,7.0,,,,,,,2
48001745,7540101,B00,,,,7.5,,,,,7.25,7.8,4
39009829,7380107,D01,7.25,,7.2,7.2,,,,,,,5
46008649,7340115,D01,6.4,,6.6,9.0,,,,,,,1
56004175,7480201,A00,,,,8.2,,,,6.75,7.75,,0
28032777,7220201,D01,8.6,,6.6,8.5,,,,,,,6
40011746,7340122,A00,,,,7.5,,,,6.75,8.4,,1
37001189,7340301,A01,,,8.2,7.6,,,,7.25,,,1
2039942,7420201,A00,,,,7.25,,,,8.0,7.2,,4
48032015,7540106,A00,,,,7.0,,,,6.5,7.0,,4
49003666,7340101,D01,8.25,,8.2,8.0,,,,,,,1
46006236,7850101,B00,,,,6.75,,,,,6.0,6.2,4
48015472,7420201,B00,,,,8.2,,,,,7.5,7.5,4
38002093,7380107,D01,7.0,,5.8,8.2,,,,,,,5
48020099,7540101,B00,,,,8.0,,,,,8.5,7.75,4
2043443,7480201,A00,,,,8.2,,,,7.5,7.5,,0
2030837,7540101,D07,,,9.4,8.2,,,,,8.25,,4
46008470,7510303,A00,,,,7.8,,,,7.25,7.0,,3
40009584,7540101,A00,,,,8.0,,,,8.0,8.0,,4
53003018,7220201,D01,8.25,,8.8,7.8,,,,,,,6
53006085,7510303,A00,,,,7.25,,,,7.5,8.0,,3
2019355,7220201,A01,,,7.4,7.75,,,,7.0,,,6
37007693,7810202,D15,7.0,5.4,7.25,,,,,,,,2
39006659,7510303,A00,,,,7.2,,,,6.0,7.5,,3
44000866,7540101,B00,,,,6.8,,,,,8.75,8.25,4
2067700,7380107,D01,7.5,,7.0,7.0,,,,,,,5
2083240,7850101,A00,,,,8.0,,,,5.75,8.25,,4
2074405,7540101,D07,,,8.4,8.2,,,,,8.25,,4
43009472,7340301,A00,,,,8.2,,,,7.25,7.5,,1
48021779,7340205,D07,,,7.4,7.25,,,,,7.0,,1
54006007,7340120,A00,,,,7.8,,,,7.75,7.75,,1
40005812,7340120,A00,,,,7.75,,,,7.75,7.2,,1
2040272,7810202,D01,6.4,,6.0,6.0,,,,,,,2
2027701,7340120,D01,7.0,,8.8,8.4,,,,,,,1
37004319,7340115,A00,,,,7.25,,,,8.25,8.0,,1
48021837,7340101,D01,7.2,,6.8,8.0,,,,,,,1
2023022,7810202,A01,,,7.6,5.75,,,,8.4,,,2
48009896,7480201,A00,,,,8.0,,,,8.5,8.6,,0
39006670,7340115,D01,7.2,,7.8,8.0,,,,,,,1
56005702,7340301,A01,,,8.4,7.0,,,,6.6,,,1
52003272,7380107,D01,8.0,,7.6,7.6,,,,,,,5
2042914,7510301,D01,4.0,,7.0,6.0,,,,,,,3
35001976,7340115,D01,9.25,,7.8,8.2,,,,,,,1
40013732,7540101,A00,,,,8.2,,,,8.0,7.25,,4
2020166,7510303,A00,,,,8.2,,,,7.25,6.5,,3
44006087,7819009,A01,,,7.6,7.5,,,,7.8,,,2
46001520,7340301,A00,,,,8.4,,,,7.5,7.75,,1
2022100,7480201,D01,8.4,,7.6,7.0,,,,,,,0
2019175,7480201,D01,7.8,,8.0,7.5,,,,,,,0
61002934,7340115,A00,,,,7.25,,,,8.25,8.0,,1
2023786,7540101,D07,,,6.6,8.0,,,,,7.0,,4
37015531,7540204,D01,7.25,,7.2,7.0,,,,,,,3
47010336,7340101,A01,,,8.2,7.0,,,,7.2,,,1
2044115,7340301,A00,,,,8.0,,,,7.75,7.8,,1
2067698,7480202,D01,6.6,,6.8,7.75,,,,,,,0
2084811,7220201,A01,,,9.4,7.4,,,,6.5,,,6
2023512,7460108,D01,5.6,,7.0,6.25,,,,,,,0
40007499,7510202,A00,,,,4.5,,,,5.5,8.8,,3
2023236,7340115,A01,,,8.0,7.0,,,,8.8,,,1
48000768,7220204,D01,5.0,,6.8,8.75,,,,,,,6
2039183,7510303,D01,7.75,,3.2,6.8,,,,,,,3
51003576,7480202,D01,5.4,,8.2,8.75,,,,,,,0
2031189,7540106,D07,,,8.8,7.6,,,,,6.5,,4
51017747,7340101,A00,,,,7.75,,,,7.0,8.0,,1
59000618,7340120,D01,7.2,,7.4,8.0,,,,,,,1
2074642,7540101,A00,,,,7.5,,,,6.75,7.6,,4
2040438,7850101,A01,,,7.6,7.25,,,,8.0,,,4
48030678,7540204,A00,,,,6.5,,,,7.5,6.4,,3
2044320,7340101,D01,7.8,,7.4,7.25,,,,,,,1
50001411,7540101,A00,,,,8.0,,,,7.75,7.4,,4
63006029,7810201,A00,,,,5.5,,,,6.75,6.6,,2
48008814,7540106,A00,,,,7.6,,,,5.0,7.5,,4
41010372,7340205,D07,,,6.8,6.25,,,,,6.2,,1
2068665,7810202,D01,7.75,,9.4,6.2,,,,,,,2
48018062,7480202,A00,,,,7.6,,,,4.75,6.0,,0
45004315,7340101,D01,7.6,,8.0,7.5,,,,,,,1
2000768,7510401,D07,,,6.4,6.25,,,,,5.8,,3
2040372,7420201,D07,,,7.8,7.0,,,,,6.75,,4
37005923,7510303,D01,6.75,,8.0,7.6,,,,,,,3
49005826,7340120,A00,,,,9.0,,,,7.0,7.25,,1
54003612,7810103,D01,6.2,,6.8,6.25,,,,,,,2
2007356,7819010,A00,,,,6.0,,,,6.75,7.2,,2
48028094,7510401,B00,,,,6.5,,,,,7.75,6.2,3
46006338,7220201,D01,8.5,,9.2,6.4,,,,,,,6
40020070,7510401,A00,,,,7.5,,,,7.0,7.2,,3
63001783,7340115,A01,,,6.6,7.75,,,,7.6,,,1
53003286,7520115,A00,,,,7.25,,,,6.5,7.8,,3
2041838,7540101,D07,,,8.4,7.8,,,,,9.0,,4
34012754,7810103,A01,,,7.8,8.25,,,,6.8,,,2
2082125,7810103,D01,6.4,,6.6,5.0,,,,,,,2
2043233,7480202,D07,,,6.8,6.75,,,,,5.8,,0
2045444,7480201,A00,,,,6.25,,,,7.25,8.0,,0
2064926,7480201,A01,,,8.4,7.25,,,,7.2,,,0
60005874,7810202,A00,,,,8.4,,,,8.25,7.0,,2
46002071,7480201,D01,8.25,,7.6,7.2,,,,,,,0
48009547,7510303,A00,,,,6.0,,,,6.5,7.4,,3
57003934,7540101,D07,,,7.6,8.25,,,,,7.8,,4
2008255,7340101,A01,,,8.4,8.2,,,,8.5,,,1
31009068,7340301,A00,,,,7.5,,,,7.5,8.4,,1
59000801,7480201,D01,8.25,,7.4,8.2,,,,,,,0
2031213,7810202,A00,,,,8.2,,,,7.5,7.5,,2
50005068,7220201,D01,6.6,,7.2,8.25,,,,,,,6
37000711,7510301,D01,6.0,,7.0,7.4,,,,,,,3
2043670,7340101,A00,,,,6.5,,,,8.0,8.0,,1
53012982,7540101,D07,,,9.0,8.0,,,,,7.75,,4
47008163,7510303,A00,,,,6.0,,,,6.75,7.2,,3
2040016,7810202,A01,,,6.6,5.5,,,,7.0,,,2
41004330,7340201,A01,,,8.8,8.4,,,,6.25,,,1
37012400,7480201,A01,,,8.2,8.25,,,,7.0,,,0
48011137,7510301,D07,,,6.6,8.0,,,,,7.25,,3
51011706,7340120,D01,8.0,,7.6,8.0,,,,,,,1
52005369,7340129,A01,,,6.8,8.0,,,,6.25,,,4
2083249,7510303,D07,,,7.6,6.5,,,,,7.4,,3
43004838,7480201,A00,,,,8.5,,,,8.25,8.2,,0
49014160,7540204,D01,6.5,,4.6,6.6,,,,,,,3
41003593,7340115,D01,8.6,,7.0,7.5,,,,,,,1
43009684,7340201,A00,,,,6.0,,,,8.0,7.8,,1
42011401,7340101,D01,7.6,,7.4,7.5,,,,,,,1
40019545,7340115,D01,7.4,,6.8,8.5,,,,,,,1
47000505,7340301,D01,6.4,,7.0,7.25,,,,,,,1
49001613,7480201,D01,7.6,,7.6,7.0,,,,,,,0
35006247,7510303,D01,6.0,,5.8,7.25,,,,,,,3
52005468,7340115,D01,7.25,,8.6,8.0,,,,,,,1
52007272,7340120,D01,7.0,,7.0,7.75,,,,,,,1
2057310,7510401,A00,,,,6.0,,,,7.0,6.6,,3
54013841,7340101,D01,7.4,,6.6,8.0,,,,,,,1
37015192,7810103,D15,9.0,7.4,5.75,,,,,,,,2
2045729,7540101,B00,,,,7.25,,,,,8.0,8.2,4
2075477,7340129,D01,7.6,,6.0,6.75,,,,,,,4
60003293,7340101,D01,7.2,,7.8,8.0,,,,,,,1
2062771,7819010,B00,,,,6.25,,,,,6.75,6.0,2
41000077,7340201,A00,,,,7.0,,,,7.0,7.0,,1
2036947,7510401,A00,,,,8.0,,,,8.5,7.6,,3
2036732,7340301,D01,6.0,,9.4,7.2,,,,,,,1
57003400,7510401,B00,,,,7.6,,,,,8.0,8.0,3
37004027,7540106,D07,,,7.4,7.0,,,,,6.4,,4
56003728,7220201,D01,8.25,,8.4,6.8,,,,,,,6
53011021,7819010,D07,,,6.8,6.25,,,,,7.2,,2
37014527,7340120,D01,7.8,,7.2,7.75,,,,,,,1
37006536,7540204,A00,,,,7.25,,,,6.0,6.8,,3
49006818,7480201,A00,,,,7.25,,,,8.0,7.8,,0
52010220,7480201,A00,,,,7.5,,,,7.75,8.2,,0
2038518,7480202,D01,7.25,,8.0,6.2,,,,,,,0
2021073,7420201,A00,,,,6.6,,,,5.75,6.0,,4
2033019,7340101,A00,,,,6.75,,,,6.75,7.8,,1
63000232,7340129,D01,6.5,,6.8,8.0,,,,,,,4
49014426,7340201,A00,,,,8.25,,,,7.0,8.0,,1
2035419,7340101,A01,,,7.2,6.25,,,,7.4,,,1
51002441,7340122,A00,,,,7.25,,,,7.25,7.4,,1
48000881,7340201,A01,,,7.4,7.75,,,,6.8,,,1
53005273,7340201,A00,,,,7.0,,,,7.0,8.4,,1
37010072,7340101,A00,,,,7.25,,,,6.75,7.8,,1
2044961,7510401,A00,,,,7.8,,,,6.75,7.0,,3
51013259,7220201,D01,8.0,,8.8,8.6,,,,,,,6
2062318,7540101,D07,,,8.2,7.75,,,,,8.4,,4
48031065,7540204,D01,6.0,,5.8,7.0,,,,,,,3
2078028,7340201,A01,,,8.2,5.75,,,,7.6,,,1
46006496,7340122,A01,,,8.2,8.0,,,,7.6,,,1
2045347,7340122,A01,,,6.2,7.0,,,,8.8,,,1
2075099,7340129,D01,4.4,,7.2,7.0,,,,,,,4
38007934,7480201,A00,,,,8.5,,,,8.25,7.0,,0
37008921,7340301,A00,,,,7.0,,,,7.25,8.2,,1
56009439,7380107,A00,,,,8.2,,,,8.5,7.0,,5
2028882,7510303,D01,6.6,,7.0,7.25,,,,,,,3
2008466,7340301,A00,,,,7.75,,,,8.0,7.8,,1
2040411,7340201,A00,,,,8.0,,,,7.5,8.0,,1
2014810,7480201,A00,,,,7.75,,,,7.0,7.2,,0
46005143,7340301,A00,,,,7.75,,,,8.0,8.2,,1
49007138,7510202,A00,,,,5.5,,,,4.75,7.0,,3
2087382,7480202,D01,5.75,,8.6,7.6,,,,,,,0
35006872,7480201,A00,,,,7.75,,,,8.0,7.8,,0
2018708,7480201,A01,,,9.0,7.4,,,,6.25,,,0
2054926,7810103,D15,7.75,7.6,7.0,,,,,,,,2
46001091,7340101,A00,,,,8.0,,,,8.25,8.2,,1
2080642,7540101,A01,,,7.8,8.75,,,,8.0,,,4
2017220,7540101,B00,,,,8.0,,,,,7.5,6.8,4
37016381,7340201,A00,,,,6.5,,,,7.25,7.6,,1
48005981,7340101,A00,,,,8.4,,,,8.25,8.25,,1
2080449,7540101,D07,,,7.8,8.2,,,,,8.0,,4
2040523,7340301,A00,,,,7.0,,,,7.0,7.8,,1
44004469,7510203,D01,5.2,,8.6,7.75,,,,,,,3
2024417,7220201,D01,7.75,,9.2,7.8,,,,,,,6
39002665,7340115,D01,8.4,,7.6,7.25,,,,,,,1
2034548,7810202,D01,6.0,,7.2,7.0,,,,,,,2
2066122,7480202,D01,7.0,,8.2,6.6,,,,,,,0
52007537,7510301,D01,6.0,,5.4,6.0,,,,,,,3
2008081,7340115,D01,8.2,,6.6,7.75,,,,,,,1
2067775,7340301,A00,,,,8.2,,,,6.75,8.25,,1
2050118,7220201,D09,,,7.0,7.0,,,8.4,,,,6
2034998,7420201,B00,,,,7.75,,,,,8.25,8.6,4
54011577,7540101,A01,,,8.0,8.4,,,,7.75,,,4
2036340,7510406,A01,,,7.0,6.25,,,,8.2,,,4
47009798,7810103,D01,8.0,,7.2,7.8,,,,,,,2
35005154,7510301,A00,,,,7.0,,,,6.0,6.75,,3
2002905,7540101,D07,,,8.0,8.75,,,,,7.4,,4
38001246,7480201,D01,8.0,,8.6,7.5,,,,,,,0
48017279,7540106,A01,,,7.4,6.25,,,,7.0,,,4
35008417,7340115,D01,7.6,,8.2,8.25,,,,,,,1
51000353,7340115,D01,7.2,,7.2,8.75,,,,,,,1
49013499,7380107,D01,6.8,,6.4,6.5,,,,,,,5
48029754,7510301,A00,,,,7.2,,,,6.0,7.0,,3
37017975,7810103,D15,7.75,7.4,7.75,,,,,,,,2
46001961,7220201,A01,,,7.2,6.5,,,,7.8,,,6
48010854,7510303,A01,,,8.8,8.0,,,,7.0,,,3
37006669,7340120,A01,,,7.2,7.5,,,,8.2,,,1
56011189,7460108,D01,4.8,,6.2,6.5,,,,,,,0
30011780,7810201,D01,6.6,,8.0,8.75,,,,,,,2
2067157,7510301,D01,6.5,,6.8,7.2,,,,,,,3
2047441,7480202,D01,6.75,,5.4,7.0,,,,,,,0
34014304,7510203,D01,6.5,,4.0,5.8,,,,,,,3
48031032,7340201,D01,6.5,,7.8,7.8,,,,,,,1
2028251,7220204,D01,8.0,,8.2,7.2,,,,,,,6
47001102,7340115,A01,,,8.8,8.5,,,,7.2,,,1
48026586,7480201,A00,,,,8.0,,,,7.5,7.5,,0
53003207,7540101,D07,,,8.0,7.0,,,,,6.8,,4
42010436,7340115,A01,,,6.8,7.0,,,,8.8,,,1
56010991,7340101,A00,,,,8.2,,,,7.0,8.5,,1
2029043,7340301,D01,7.0,,7.2,7.0,,,,,,,1
40004421,7340120,A01,,,7.0,7.5,,,,7.6,,,1
48013210,7340101,A00,,,,6.75,,,,8.0,6.6,,1
50006597,7340120,A00,,,,8.0,,,,7.5,8.6,,1
35003077,7340101,A00,,,,7.5,,,,7.75,8.0,,1
48004266,7420201,B00,,,,7.75,,,,,8.25,8.4,4
38007897,7510303,D01,6.0,,4.2,7.6,,,,,,,3
44006606,7340301,D01,5.6,,7.2,8.0,,,,,,,1
2023161,7480202,A00,,,,7.2,,,,7.25,7.0,,0
48024218,7480201,A00,,,,7.5,,,,7.5,8.0,,0
53007489,7510401,A00,,,,7.4,,,,6.25,6.25,,3
36004756,7340201,A00,,,,6.25,,,,6.75,7.2,,1
46000832,7340201,D01,8.25,,8.4,7.8,,,,,,,1
51011726,7520115,D01,6.2,,7.0,7.5,,,,,,,3
56010139,7480201,A00,,,,7.5,,,,8.0,7.8,,0
54006650,7480201,D01,7.2,,6.8,7.5,,,,,,,0
2028500,7340201,D01,7.0,,7.6,8.2,,,,,,,1
49013637,7480202,D01,7.25,,4.0,4.8,,,,,,,0
2044415,7810103,D01,6.0,,6.6,6.0,,,,,,,2
40007901,7340115,A00,,,,8.2,,,,7.5,8.0,,1
51008782,7540101,A00,,,,7.5,,,,7.25,7.4,,4
2070993,7510203,A01,,,8.8,8.6,,,,4.0,,,3
2049175,7340301,A01,,,9.6,7.8,,,,6.5,,,1
46000166,7340301,D01,6.2,,7.6,7.0,,,,,,,1
37014163,7510301,D01,6.0,,5.0,8.0,,,,,,,3
32006788,7810201,A00,,,,6.75,,,,5.25,7.4,,2
56004641,7540106,A00,,,,6.5,,,,8.0,7.0,,4
48012573,7540101,A00,,,,7.5,,,,6.5,8.4,,4
2026148,7340101,A01,,,7.6,8.0,,,,7.2,,,1
44009128,7540101,B00,,,,8.25,,,,,7.25,7.4,4
2019467,7460108,D01,7.6,,6.4,5.5,,,,,,,0
2040582,7380107,A00,,,,7.8,,,,6.5,8.25,,5
44001807,7380107,A00,,,,8.25,,,,7.25,7.6,,5
35009410,7850101,B00,,,,6.75,,,,,6.75,7.0,4
40017514,7340201,A00,,,,8.0,,,,7.25,7.25,,1
34008449,7480201,A01,,,9.0,7.4,,,,7.5,,,0
43002886,7480201,D07,,,7.4,8.2,,,,,8.25,,0
2016074,7340301,D01,6.6,,7.8,7.0,,,,,,,1
53006951,7340115,D01,8.4,,7.2,8.0,,,,,,,1
2049681,7510203,D01,5.8,,5.6,6.5,,,,,,,3
2083846,7340101,A01,,,9.0,7.2,,,,7.75,,,1
40014369,7340115,A00,,,,8.0,,,,8.25,7.6,,1
2010769,7480201,D01,7.4,,7.0,7.25,,,,,,,0
40010197,7810202,D01,6.2,,7.0,8.75,,,,,,,2
2080716,7480201,D01,7.25,,8.4,7.2,,,,,,,0
2078870,7480202,A00,,,,6.8,,,,6.25,6.25,,0
37015552,7380107,D01,7.75,,6.6,7.4,,,,,,,5
46007661,7520115,D01,6.25,,6.0,6.4,,,,,,,3
37015759,7340301,A01,,,7.8,6.0,,,,6.4,,,1
2035890,7480201,D01,8.2,,7.0,5.75,,,,,,,0
35004439,7340129,D01,6.2,,7.4,9.0,,,,,,,4
47009581,7340115,A00,,,,7.5,,,,8.25,7.2,,1
2080045,7480201,D01,9.0,,6.4,6.25,,,,,,,0
50010510,7340120,D01,8.8,,8.0,8.0,,,,,,,1
2036282,7340129,D01,7.4,,7.2,7.25,,,,,,,4
41002673,7540101,B00,,,,8.6,,,,,8.0,8.75,4
2028415,7340123,D01,7.5,,5.0,6.8,,,,,,,1
2031285,7340120,A01,,,8.4,7.4,,,,7.75,,,1
2080669,7540101,D07,,,7.6,7.0,,,,,6.4,,4
48029519,7480201,D01,6.8,,6.8,8.75,,,,,,,0
49006600,7340301,A00,,,,7.5,,,,8.0,7.4,,1
53003718,7510303,D01,8.25,,6.8,8.0,,,,,,,3
43007909,7420201,B00,,,,5.0,,,,,6.25,5.0,4
40003341,7340120,A01,,,9.0,8.0,,,,7.25,,,1
53000064,7810202,D01,6.8,,7.0,8.5,,,,,,,2
54006215,7460108,A00,,,,7.25,,,,7.75,7.2,,0
49011235,7220201,D01,6.75,,8.6,7.8,,,,,,,6
56009739,7510301,D01,5.2,,6.4,4.75,,,,,,,3
2040112,7480201,A01,,,7.6,7.75,,,,8.2,,,0
2063369,7510202,D01,5.0,,6.6,7.25,,,,,,,3
2011872,7220201,D01,7.0,,7.2,7.5,,,,,,,6
46000260,7380107,D01,5.4,,6.6,7.0,,,,,,,5
55002284,7540101,B00,,,,8.25,,,,,8.0,7.2,4
35000699,7510303,D01,3.2,,7.6,7.5,,,,,,,3
2064763,7480201,D07,,,8.0,7.0,,,,,7.2,,0
28009601,7380107,D01,6.2,,7.6,8.75,,,,,,,5
37014985,7510202,D01,6.25,,5.0,7.4,,,,,,,3
40006713,7380107,D01,6.8,,7.8,7.75,,,,,,,5
46007008,7540101,B00,,,,8.75,,,,,8.75,8.4,4
2007353,7480201,A01,,,7.8,8.0,,,,7.8,,,0
2023014,7510301,D01,6.75,,6.2,6.0,,,,,,,3
2051634,7220201,D01,8.4,,6.8,7.0,,,,,,,6
2015303,7810201,A01,,,7.6,7.75,,,,7.2,,,2
2036578,7460108,D01,6.8,,6.8,5.75,,,,,,,0
44009667,7480201,A00,,,,9.0,,,,8.25,7.4,,0
47008465,7340301,D01,7.5,,8.8,7.6,,,,,,,1
2017057,7480201,A01,,,7.2,7.75,,,,7.6,,,0
2045335,7510301,A00,,,,6.5,,,,6.25,6.8,,3
52008052,7480202,D01,7.2,,7.8,6.5,,,,,,,0
53008166,7540204,D01,6.0,,6.6,8.0,,,,,,,3
35010780,7480201,A00,,,,7.75,,,,9.25,7.8,,0
34013980,7810103,D01,8.0,,7.6,7.4,,,,,,,2
63002932,7520115,D01,5.75,,3.8,7.0,,,,,,,3
53006187,7819010,B00,,,,6.75,,,,,6.25,6.6,2
2056157,7340301,A00,,,,8.0,,,,7.75,8.25,,1
37012689,7480201,D07,,,6.8,8.0,,,,,8.0,,0
2073147,7420201,A00,,,,7.6,,,,5.0,4.0,,4
2060317,7540204,D01,6.0,,5.0,6.6,,,,,,,3
53010258,7510202,A00,,,,6.8,,,,5.25,5.0,,3
46009469,7340301,A00,,,,8.0,,,,6.75,7.5,,1
43006535,7510203,A00,,,,7.4,,,,6.5,6.25,,3
52011056,7540101,A01,,,8.2,7.5,,,,8.4,,,4
54002759,7340201,A01,,,7.6,7.75,,,,7.0,,,1
51011769,7220204,A01,,,7.8,8.0,,,,7.75,,,6
2039638,7540106,A01,,,5.6,8.2,,,,6.0,,,4
2075329,7510303,A00,,,,5.5,,,,5.75,6.8,,3
2043317,7420201,B00,,,,7.25,,,,,6.5,7.0,4
39004938,7510303,D01,5.5,,6.4,7.2,,,,,,,3
53006262,7340301,A00,,,,7.6,,,,6.75,8.5,,1
46002162,7340201,A00,,,,7.5,,,,6.5,8.0,,1
2078510,7510301,A00,,,,7.6,,,,6.0,8.0,,3
2068316,7480201,A00,,,,7.8,,,,6.75,8.0,,0
2066691,7220201,A01,,,8.8,7.6,,,,7.25,,,6
53013424,7510401,B00,,,,6.75,,,,,5.25,6.2,3
47003787,7810103,A01,,,8.0,7.6,,,,6.75,,,2
49008069,7510303,A00,,,,7.5,,,,7.25,7.0,,3
40008210,7340115,A00,,,,7.5,,,,7.75,7.6,,1
2048744,7510303,A00,,,,7.2,,,,6.25,7.25,,3
2035871,7480202,D01,4.5,,6.8,5.6,,,,,,,0
42007617,7510203,A00,,,,4.25,,,,6.0,6.0,,3
54003648,7540101,A00,,,,8.6,,,,7.25,7.5,,4
40016028,7340115,D01,7.2,,6.6,8.0,,,,,,,1
53008515,7340101,A00,,,,7.0,,,,8.5,7.6,,1
47004134,7220201,A01,,,8.2,6.75,,,,7.6,,,6
56002282,7340129,D01,7.25,,5.6,6.6,,,,,,,4
37013064,7510203,D01,4.6,,8.0,7.25,,,,,,,3
40004653,7340101,A00,,,,7.75,,,,7.75,7.8,,1
56002775,7810103,D15,7.5,6.2,7.25,,,,,,,,2
2023287,7340301,A00,,,,8.8,,,,6.75,7.5,,1
2062418,7510402,A00,,,,7.0,,,,5.5,7.8,,3
49004312,7480201,A01,,,7.4,7.75,,,,6.8,,,0
47001970,7480202,D01,5.4,,7.2,6.75,,,,,,,0
37014860,7480201,A00,,,,8.4,,,,7.75,6.75,,0
42002639,7480201,A01,,,7.8,7.25,,,,7.6,,,0
2087925,7340301,A00,,,,7.6,,,,7.5,8.0,,1
48002124,7340201,A00,,,,7.6,,,,6.75,8.75,,1
2029577,7480201,D07,,,8.4,8.2,,,,,8.0,,0
53001704,7819010,A01,,,7.8,5.0,,,,3.8,,,2
53010355,7810103,A01,,,8.0,7.8,,,,6.75,,,2
45003375,7340301,A00,,,,8.2,,,,7.75,8.5,,1
51007133,7480202,A00,,,,7.0,,,,7.0,7.8,,0
48011771,7810103,D01,3.8,,6.8,7.5,,,,,,,2
2038866,7340129,D01,6.25,,8.0,7.0,,,,,,,4
42000821,7340301,A00,,,,8.2,,,,6.0,8.25,,1
35005344,7510203,A01,,,7.4,6.5,,,,8.2,,,3
39007174,7480201,A00,,,,7.4,,,,7.5,7.75,,0
2023147,7510203,D01,7.0,,6.4,7.6,,,,,,,3
2018203,7340101,A00,,,,8.4,,,,7.5,8.0,,1
2040319,7220201,D01,7.0,,8.6,7.8,,,,,,,6
46006304,7220201,D09,,,7.8,8.5,,,7.4,,,,6
47000106,7380107,D15,7.25,5.4,7.25,,,,,,,,5
41008000,7510301,A00,,,,7.4,,,,4.25,5.75,,3
55002689,7340201,A00,,,,6.75,,,,8.0,8.0,,1
2043173,7510401,B00,,,,5.75,,,,,6.5,6.0,3
47011019,7810202,D15,5.5,4.8,7.25,,,,,,,,2
2060455,7420201,B00,,,,8.8,,,,,7.75,7.25,4
53014017,7340201,A00,,,,8.6,,,,7.75,7.75,,1
37006136,7510401,D07,,,6.4,7.4,,,,,8.5,,3
53008553,7220201,D01,7.8,,7.4,8.25,,,,,,,6
2019322,7380107,D01,7.0,,7.0,6.75,,,,,,,5
28032138,7380107,D15,7.25,7.6,9.25,,,,,,,,5
46008790,7510203,D01,5.0,,6.4,7.25,,,,,,,3
2079208,7380107,D01,6.8,,7.0,7.75,,,,,,,5
48005917,7810201,D01,7.4,,7.8,8.25,,,,,,,2
35012857,7480201,D07,,,7.6,8.0,,,,,7.75,,0
53014212,7510406,D07,,,8.6,8.0,,,,,7.0,,4
37002877,7480201,D01,9.0,,7.2,7.0,,,,,,,0
2007944,7510202,D01,4.8,,6.2,6.75,,,,,,,3
47009882,7340101,A00,,,,6.25,,,,8.5,7.8,,1
46003089,7480201,A00,,,,7.5,,,,8.25,7.4,,0
45004810,7510303,D07,,,7.0,7.75,,,,,7.0,,3
32005598,7340201,A01,,,7.6,8.25,,,,7.0,,,1
40010686,7510202,D01,5.0,,6.6,6.0,,,,,,,3
2043226,7819010,A00,,,,7.0,,,,7.0,6.8,,2
37016074,7540204,D01,5.8,,7.0,8.0,,,,,,,3
37008605,7220201,D01,6.2,,7.0,7.75,,,,,,,6
2065403,7480201,D07,,,8.0,7.25,,,,,6.2,,0
2048875,7810202,A00,,,,8.4,,,,7.0,8.0,,2
49004910,7340101,A00,,,,7.25,,,,7.5,7.8,,1
2065961,7380107,D01,7.2,,6.8,7.0,,,,,,,5
37005802,7480202,A00,,,,6.0,,,,7.0,6.6,,0
2051459,7420201,D07,,,5.6,7.5,,,,,7.4,,4
46004696,7340120,D01,6.2,,8.4,8.25,,,,,,,1
2048796,7340120,D01,7.25,,9.2,7.6,,,,,,,1
37000556,7340120,A00,,,,7.0,,,,7.5,8.8,,1
35004957,7510202,D01,6.25,,4.6,7.2,,,,,,,3
61003854,7420201,B00,,,,6.5,,,,,6.25,8.0,4
52007598,7810201,D01,6.2,,6.8,6.75,,,,,,,2
2052209,7540106,A01,,,7.4,6.5,,,,7.2,,,4
48002480,7819010,A00,,,,7.25,,,,5.25,7.4,,2
2044326,7220201,D01,7.4,,7.6,7.5,,,,,,,6
2049695,7340201,D01,7.6,,8.0,6.25,,,,,,,1
35005554,7510203,A01,,,6.2,6.5,,,,5.8,,,3
48000712,7340122,A01,,,7.8,8.0,,,,8.4,,,1
2062552,7510203,A00,,,,5.6,,,,7.0,5.0,,3
30003684,7510303,A00,,,,7.2,,,,5.25,6.75,,3
2044627,7510202,D01,5.6,,6.4,6.5,,,,,,,3
63003017,7340201,D01,6.2,,6.8,7.25,,,,,,,1
53006782,7510303,A00,,,,8.75,,,,7.0,7.8,,3
37016115,7220201,A01,,,7.6,7.75,,,,7.6,,,6
35007607,7340120,D01,8.25,,8.4,7.8,,,,,,,1
2034499,7380107,D15,7.25,7.2,7.5,,,,,,,,5
2069614,7510303,D01,7.75,,8.0,6.4,,,,,,,3
45001741,7340129,A00,,,,7.6,,,,6.75,6.75,,4
53008442,7340101,D01,7.4,,7.4,8.0,,,,,,,1
43008857,7810202,A00,,,,6.25,,,,6.75,6.8,,2
40017254,7480202,A00,,,,7.5,,,,8.0,7.8,,0
42010631,7340101,D01,7.2,,5.8,8.25,,,,,,,1
48014003,7510401,A00,,,,6.5,,,,7.75,7.8,,3
30007787,7340115,A00,,,,8.25,,,,7.25,8.0,,1
56009336,7340115,D01,7.8,,8.0,7.0,,,,,,,1
2085156,7510301,A00,,,,7.6,,,,5.0,5.5,,3
2040103,7510203,D01,7.4,,7.4,7.25,,,,,,,3
40003575,7510406,A01,,,7.0,8.0,,,,6.8,,,4
56012640,7510402,A01,,,7.4,7.0,,,,6.5,,,3
37016299,7810202,A01,,,7.0,7.8,,,,7.75,,,2
2080467,7340301,A00,,,,7.0,,,,7.25,6.8,,1
52012643,7340120,A01,,,8.8,7.8,,,,6.75,,,1
2014495,7540101,D07,,,8.8,7.6,,,,,8.25,,4
43009154,7810103,A00,,,,5.0,,,,8.0,7.4,,2
2009679,7340201,D01,6.75,,8.0,8.6,,,,,,,1
61003265,7510303,D01,8.0,,7.6,6.5,,,,,,,3
41012402,7480201,A00,,,,5.75,,,,8.5,7.6,,0
40009843,7340101,A00,,,,7.8,,,,7.5,8.5,,1
53007256,7510401,A00,,,,6.0,,,,7.0,7.75,,3
35007025,7340301,A00,,,,7.8,,,,6.5,8.5,,1
35004225,7810202,D01,7.0,,7.6,7.75,,,,,,,2
2034729,7810202,D15,6.75,9.2,7.0,,,,,,,,2
2043993,7220204,D09,,,7.0,7.25,,,7.4,,,,6
2023180,7510301,D01,6.8,,8.4,7.5,,,,,,,3
2020014,7810103,D01,6.4,,6.2,7.5,,,,,,,2
37016931,7380107,D15,7.5,5.6,7.75,,,,,,,,5
48006243,7540101,A00,,,,7.25,,,,7.5,8.2,,4
52012615,7340120,A00,,,,7.25,,,,7.25,8.2,,1
44002138,7480202,A00,,,,7.25,,,,7.0,6.8,,0
37015642,7480201,A00,,,,7.6,,,,7.0,7.75,,0
2018248,7340101,A01,,,8.2,6.5,,,,7.0,,,1
53016303,7480202,A00,,,,6.2,,,,7.75,6.5,,0
51000058,7810202,D01,5.0,,7.0,8.5,,,,,,,2
50001163,7480201,A00,,,,7.75,,,,8.0,8.2,,0
46003150,7510203,A00,,,,6.2,,,,6.5,4.25,,3
37008267,7810201,D01,6.75,,7.2,8.6,,,,,,,2
44007274,7510303,A00,,,,7.0,,,,6.25,7.6,,3
47010491,7480202,D01,6.75,,4.8,6.6,,,,,,,0
48010286,7810202,D01,8.0,,8.4,6.4,,,,,,,2
38011524,7340120,A00,,,,8.0,,,,7.5,6.2,,1
49002760,7810202,D01,6.0,,7.2,6.0,,,,,,,2
2036268,7520115,D01,6.2,,7.0,6.25,,,,,,,3
48009527,7480201,D01,6.0,,8.8,7.6,,,,,,,0
2038590,7380107,A00,,,,8.0,,,,7.75,7.0,,5
39007849,7340101,D01,6.5,,9.4,7.6,,,,,,,1
42011467,7340120,D01,7.2,,8.0,7.75,,,,,,,1
48021897,7510202,A00,,,,5.75,,,,5.5,7.2,,3
40008977,7340101,A00,,,,7.0,,,,7.75,8.0,,1
52011827,7510401,A00,,,,7.4,,,,7.0,6.5,,3
40018722,7380107,A00,,,,7.5,,,,7.5,7.2,,5
35004336,7340120,D01,6.8,,7.0,8.0,,,,,,,1
43009020,7540101,D07,,,7.8,8.4,,,,,7.5,,4
37017990,7380107,D01,8.4,,7.4,6.5,,,,,,,5
53006416,7340120,A00,,,,7.25,,,,7.75,7.4,,1
2054434,7480201,D07,,,7.8,7.25,,,,,8.8,,0
49015428,7340101,A00,,,,7.25,,,,7.25,7.4,,1
42006558,7340115,A00,,,,8.0,,,,7.5,7.0,,1
40004969,7480201,A01,,,8.2,7.0,,,,6.2,,,0
48019913,7810103,A00,,,,5.0,,,,7.25,8.2,,2
2056163,7540101,D07,,,8.0,8.4,,,,,7.75,,4
40016156,7810201,D01,5.75,,8.8,7.4,,,,,,,2
2010707,7380107,D15,6.75,5.6,7.25,,,,,,,,5
46006251,7340205,A00,,,,6.75,,,,8.5,7.2,,1
30014347,7340115,D01,7.6,,7.6,8.25,,,,,,,1
2039438,7810202,A00,,,,7.6,,,,7.5,9.0,,2
52007270,7480201,A01,,,6.8,7.0,,,,8.4,,,0
41001237,7480201,D07,,,8.2,8.5,,,,,7.0,,0
2060865,7510303,D01,6.6,,7.6,7.5,,,,,,,3
2067128,7340201,D01,8.2,,6.6,7.75,,,,,,,1
52011748,7510301,A00,,,,6.25,,,,5.75,7.4,,3
48029748,7510203,A00,,,,6.0,,,,6.75,7.8,,3
48007380,7340101,A01,,,9.2,8.2,,,,7.5,,,1
31007547,7340115,D01,8.8,,7.4,8.25,,,,,,,1
2022575,7340115,A01,,,8.4,6.75,,,,9.0,,,1
53001100,7510303,D01,4.0,,7.0,7.0,,,,,,,3
2033637,7510203,D01,5.0,,7.2,7.0,,,,,,,3
53014012,7540204,D01,5.0,,5.0,7.2,,,,,,,3
61007739,7480202,A01,,,8.0,8.0,,,,7.8,,,0
30007915,7340122,D01,5.6,,7.4,8.5,,,,,,,1
46005132,7340301,A00,,,,8.6,,,,6.5,7.25,,1
2084611,7340120,A01,,,8.4,7.25,,,,7.8,,,1
40008853,7340101,A01,,,8.6,7.8,,,,6.75,,,1
43000651,7480201,D01,7.8,,7.4,7.75,,,,,,,0
2079769,7810201,D01,5.6,,7.2,6.0,,,,,,,2
53013586,7340115,A00,,,,8.25,,,,7.5,8.0,,1
47001430,7460108,A00,,,,6.0,,,,6.0,6.8,,0
2080107,7340201,D01,6.8,,7.2,7.0,,,,,,,1
46008319,7340201,D01,6.6,,6.2,8.0,,,,,,,1
61002427,7340120,D01,7.0,,7.6,8.75,,,,,,,1
37007024,7340123,D01,6.6,,7.8,8.25,,,,,,,1
2037875,7420201,B00,,,,6.4,,,,,6.75,5.5,4
2069504,7480201,D07,,,7.8,8.25,,,,,8.2,,0
44005710,7220204,D01,8.0,,7.6,7.4,,,,,,,6
57008775,7810201,A00,,,,7.6,,,,8.75,7.25,,2
2031397,7510303,D07,,,7.8,6.8,,,,,6.25,,3
44000890,7340301,D01,8.75,,8.0,8.2,,,,,,,1
56009971,7540101,A00,,,,8.0,,,,7.75,7.0,,4
60001276,7480202,D01,6.4,,8.2,7.75,,,,,,,0
35004943,7480201,D07,,,7.8,8.4,,,,,7.25,,0
2040842,7819010,D07,,,7.6,8.0,,,,,6.8,,2
2080520,7340115,D01,7.4,,7.4,8.0,,,,,,,1
48004109,7340301,A01,,,8.0,7.75,,,,8.4,,,1
52010490,7540204,A00,,,,8.0,,,,6.5,5.0,,3
39008464,7810103,D01,6.0,,6.8,7.0,,,,,,,2
52003463,7480201,D01,7.75,,9.0,7.2,,,,,,,0
35007649,7510301,D01,5.6,,6.6,9.25,,,,,,,3
2021903,7340122,A00,,,,7.0,,,,7.75,8.2,,1
2040567,7540204,D01,7.75,,8.6,6.6,,,,,,,3
42004351,7810201,A00,,,,6.75,,,,8.75,7.2,,2
52008395,7340120,D01,7.75,,8.4,7.2,,,,,,,1
2045449,7340120,D01,8.0,,7.2,7.5,,,,,,,1
48010091,7510303,A01,,,8.6,7.0,,,,6.4,,,3
42013560,7850101,B00,,,,7.2,,,,,7.0,6.0,4
2003814,7480201,A01,,,7.4,7.25,,,,9.2,,,0
37001909,7340120,A01,,,7.8,7.25,,,,7.8,,,1
40017284,7340201,A01,,,7.6,8.6,,,,6.75,,,1
2083350,7510202,D01,7.0,,5.6,7.0,,,,,,,3
44004481,7380107,D01,7.0,,7.0,8.25,,,,,,,5
46009268,7480201,D07,,,7.2,7.8,,,,,7.25,,0
53015045,7540204,A00,,,,6.6,,,,5.75,6.5,,3
59005866,7540105,A00,,,,7.6,,,,6.75,6.75,,4
53009129,7540101,A00,,,,8.0,,,,8.25,8.0,,4
53006171,7480201,A00,,,,8.8,,,,8.25,7.0,,0
56003669,7810202,A00,,,,7.75,,,,6.75,7.6,,2
2012642,7420201,D07,,,7.0,6.5,,,,,7.2,,4
58003027,7340101,A00,,,,7.75,,,,7.75,8.0,,1
43010799,7220204,D09,,,7.8,9.25,,,6.0,,,,6
50009759,7220201,D01,6.2,,6.2,9.0,,,,,,,6
2060685,7480201,A01,,,8.0,5.5,,,,8.6,,,0
47002017,7480201,A01,,,8.4,6.5,,,,7.8,,,0
48031457,7220201,A01,,,7.8,8.0,,,,7.5,,,6
35010779,7510301,A00,,,,7.25,,,,7.75,8.0,,3
2042246,7340120,D01,6.25,,9.0,8.4,,,,,,,1
34012993,7340115,D01,6.4,,7.6,8.5,,,,,,,1
41002682,7540101,A00,,,,8.4,,,,8.0,8.0,,4
2066065,7540106,D07,,,7.8,6.8,,,,,7.75,,4
2063994,7510401,D07,,,7.8,7.8,,,,,8.0,,3
2047475,7220201,A01,,,9.0,8.0,,,,7.25,,,6
2007995,7480201,D07,,,7.4,7.0,,,,,7.2,,0
2067546,7510301,D01,9.0,,7.2,6.25,,,,,,,3
2029077,7220204,D01,7.25,,8.4,7.4,,,,,,,6
48001222,7540101,A00,,,,7.75,,,,7.25,7.2,,4
2054263,7510301,D01,9.0,,7.6,6.25,,,,,,,3
2039381,7510303,A01,,,7.0,6.75,,,,7.4,,,3
47009987,7510303,A00,,,,7.8,,,,6.75,6.0,,3
48006431,7380107,D01,4.6,,7.0,9.0,,,,,,,5
2066013,7810202,A00,,,,8.4,,,,7.25,7.5,,2
2001281,7819009,D07,,,7.0,7.25,,,,,6.6,,2
44006775,7480202,D01,6.6,,7.2,7.5,,,,,,,0
2071268,7340201,D01,7.25,,8.0,8.4,,,,,,,1
63005798,7340101,A00,,,,6.5,,,,8.0,7.8,,1
52008435,7510202,D01,4.2,,6.0,6.75,,,,,,,3
2055380,7510301,A00,,,,5.75,,,,5.75,6.0,,3
51017994,7340115,D01,6.6,,7.4,8.25,,,,,,,1
2061768,7340205,D01,7.8,,6.2,6.5,,,,,,,1
2018685,7520115,A00,,,,6.5,,,,6.0,7.6,,3
2037079,7340129,D01,7.0,,7.0,6.6,,,,,,,4
60003593,7420201,A01,,,6.0,6.75,,,,7.6,,,4
51001686,7340301,A00,,,,6.25,,,,7.0,6.8,,1
39006185,7340115,A00,,,,7.5,,,,8.0,7.2,,1
37011345,7340120,D01,8.0,,7.6,7.75,,,,,,,1
2034036,7510202,D01,5.4,,7.2,6.75,,,,,,,3
52007631,7340120,D01,8.4,,7.6,7.5,,,,,,,1
48005382,7340122,A00,,,,8.0,,,,8.75,7.2,,1
53000486,7220204,D01,7.2,,7.0,8.25,,,,,,,6
49015675,7480201,A00,,,,7.8,,,,7.5,7.75,,0
2016247,7810201,D15,6.5,6.4,5.5,,,,,,,,2
60000136,7850101,A00,,,,7.5,,,,6.75,7.2,,4
39002053,7340101,D01,8.5,,8.8,8.0,,,,,,,1
49004340,7850101,A00,,,,7.6,,,,6.25,5.5,,4
53006077,7340101,A00,,,,9.2,,,,7.75,7.0,,1
2020257,7510401,A00,,,,7.2,,,,6.0,7.25,,3
44001898,7340301,D01,7.8,,7.6,7.5,,,,,,,1
40013670,7510303,A00,,,,8.6,,,,5.5,7.25,,3
40006693,7220204,D01,7.0,,7.0,8.0,,,,,,,6
31010295,7460108,A00,,,,6.5,,,,7.0,6.4,,0
2053715,7420201,B00,,,,8.5,,,,,8.25,8.0,4
35002711,7340301,A00,,,,7.75,,,,7.5,8.0,,1
48026746,7510301,D01,6.0,,7.4,7.0,,,,,,,3
53014610,7480201,D01,7.75,,8.4,7.0,,,,,,,0
60002590,7420201,B00,,,,5.0,,,,,6.5,6.6,4
47002662,7220204,D01,8.25,,6.8,8.0,,,,,,,6
37014697,7380107,A00,,,,6.25,,,,8.0,8.0,,5
42012228,7480201,A00,,,,7.6,,,,6.25,8.75,,0
30003069,7510303,A00,,,,7.6,,,,5.5,6.75,,3
35010236,7810202,D15,7.5,5.4,8.5,,,,,,,,2
49012718,7340301,A00,,,,8.0,,,,7.75,7.6,,1
48024993,7340115,A00,,,,7.5,,,,7.5,8.6,,1
2066291,7810103,D01,6.25,,9.2,8.4,,,,,,,2
49008694,7220201,D09,,,6.8,8.5,,,6.4,,,,6
52009253,7340101,D01,7.2,,7.8,7.0,,,,,,,1
40005434,7510203,A00,,,,8.8,,,,7.75,4.25,,3
2048256,7540204,D01,7.0,,8.4,7.0,,,,,,,3
52009678,7510301,A01,,,8.0,7.0,,,,6.0,,,3
41012129,7340101,A00,,,,8.2,,,,7.25,8.25,,1
48017822,7480202,A00,,,,7.8,,,,6.75,7.0,,0
2040626,7850101,A01,,,6.8,6.25,,,,6.6,,,4
29007102,7540101,B00,,,,7.5,,,,,7.0,8.2,4
46003533,7510203,A00,,,,7.5,,,,6.0,7.0,,3
39009574,7510303,D01,5.75,,5.8,5.0,,,,,,,3
33007200,7480201,A00,,,,7.75,,,,7.5,8.4,,0
2022505,7810202,D01,8.2,,7.8,6.0,,,,,,,2
2079492,7420201,D07,,,7.0,5.6,,,,,7.0,,4
2071895,7340122,D01,7.2,,7.6,8.5,,,,,,,1
42009493,7340115,A00,,,,7.25,,,,7.0,7.8,,1
52009467,7340101,A00,,,,8.2,,,,7.25,8.25,,1
29008935,7340122,D01,5.4,,7.4,9.0,,,,,,,1
2056206,7480201,A00,,,,7.25,,,,8.0,8.0,,0
60000497,7380107,A00,,,,7.5,,,,7.5,7.4,,5
51019911,7340120,A00,,,,6.75,,,,7.5,6.8,,1
48023555,7480201,D07,,,8.2,7.5,,,,,8.4,,0
52012116,7480201,A00,,,,7.5,,,,8.25,7.2,,0
53001969,7220204,D01,8.5,,7.2,8.6,,,,,,,6
2003146,7480201,D07,,,7.8,8.0,,,,,8.0,,0
2062955,7340115,A01,,,7.8,8.0,,,,8.8,,,1
42006798,7340122,D01,7.6,,7.0,7.0,,,,,,,1
40016642,7340115,A01,,,7.8,7.5,,,,8.8,,,1
48003938,7480201,D01,6.6,,7.4,7.5,,,,,,,0
2076229,7810201,D01,7.0,,8.2,7.4,,,,,,,2
50007187,7340201,A00,,,,7.8,,,,7.25,8.25,,1
56007437,7220204,D09,,,6.2,9.25,,,6.6,,,,6
2084359,7340101,A00,,,,8.25,,,,7.25,8.0,,1
2025495,7520115,A00,,,,6.5,,,,6.75,6.0,,3
48022817,7480202,D01,6.6,,6.6,6.0,,,,,,,0
47005266,7810103,D01,7.5,,7.6,7.0,,,,,,,2
2030815,7819010,A00,,,,8.25,,,,7.25,7.6,,2
46005451,7810202,D01,8.25,,8.0,7.8,,,,,,,2
61006607,7510301,D01,3.6,,7.0,6.0,,,,,,,3
4006599,7460108,A00,,,,6.75,,,,7.75,8.0,,0
51016043,7510401,B00,,,,7.2,,,,,9.0,9.25,3
39001859,7540101,A00,,,,7.25,,,,7.0,7.4,,4
30015543,7340101,D01,6.8,,8.2,8.0,,,,,,,1
2065438,7510202,D01,5.5,,3.8,6.8,,,,,,,3
37013163,7220204,D09,,,7.4,9.25,,,5.6,,,,6
30002591,7340115,A00,,,,8.25,,,,7.75,7.6,,1
36002552,7480201,A00,,,,8.0,,,,7.25,7.5,,0
40010167,7380107,A00,,,,7.6,,,,5.25,8.0,,5
48024569,7380107,D01,7.0,,7.4,7.4,,,,,,,5
2041948,7510303,A00,,,,7.8,,,,8.5,9.0,,3
40018391,7510301,A00,,,,5.75,,,,7.0,7.8,,3
2030616,7460108,D07,,,7.6,7.25,,,,,5.6,,0
54006828,7510301,D01,6.6,,5.4,6.5,,,,,,,3
2070855,7810201,D01,7.8,,6.6,5.75,,,,,,,2
49011234,7340201,A00,,,,8.25,,,,8.75,7.6,,1
59000859,7510401,B00,,,,6.5,,,,,7.0,6.4,3
34003702,7810201,A00,,,,8.0,,,,7.25,7.75,,2
2030694,7810202,A01,,,8.8,8.4,,,,6.75,,,2
58001879,7340301,D01,8.0,,7.0,8.5,,,,,,,1
2011349,7340123,D01,7.2,,7.4,5.75,,,,,,,1
49015391,7380107,A00,,,,6.8,,,,7.0,7.75,,5
59000957,7540105,B00,,,,8.2,,,,,4.5,5.25,4
35008784,7340301,A00,,,,6.75,,,,7.0,7.8,,1
2082231,7340129,A01,,,8.2,8.0,,,,8.4,,,4
44002512,7340122,A00,,,,8.0,,,,7.0,7.8,,1
52008685,7340301,D01,8.25,,6.2,8.2,,,,,,,1
2005160,7480201,A00,,,,8.6,,,,7.5,7.75,,0
42010996,7340201,D01,7.2,,6.8,7.75,,,,,,,1
2083859,7510303,A01,,,8.8,5.8,,,,5.5,,,3
48015380,7380107,A00,,,,6.0,,,,7.5,7.8,,5
54012024,7340115,A00,,,,8.5,,,,6.75,9.2,,1
41006138,7340129,A00,,,,7.0,,,,7.25,8.0,,4
38010450,7340120,D01,6.4,,7.2,8.25,,,,,,,1
53012028,7480201,A00,,,,7.5,,,,7.5,8.2,,0
53011685,7510401,D07,,,8.4,7.0,,,,,8.0,,3
2018409,7480201,A01,,,6.8,7.5,,,,7.8,,,0
49010290,7340301,D01,6.4,,7.0,8.25,,,,,,,1
2022060,7340301,A00,,,,7.4,,,,7.5,8.0,,1
2038056,7510303,D07,,,6.0,7.5,,,,,4.4,,3
38001520,7480201,A00,,,,8.8,,,,7.0,7.75,,0
52003205,7340201,D01,8.25,,8.0,6.8,,,,,,,1
2032398,7510301,A00,,,,6.0,,,,6.0,7.0,,3
2008348,7510301,D07,,,8.4,6.8,,,,,6.0,,3
2043496,7510401,A01,,,8.2,7.6,,,,6.25,,,3
46009194,7540101,A00,,,,7.25,,,,8.25,8.0,,4
2034210,7420201,A00,,,,6.75,,,,5.0,8.2,,4
2041668,7340120,A00,,,,6.5,,,,7.25,8.0,,1
2077536,7340201,A00,,,,7.5,,,,7.5,8.2,,1
43006936,7340201,A00,,,,7.6,,,,7.75,7.25,,1
2013156,7540101,B00,,,,7.75,,,,,6.5,8.2,4
51000354,7380107,D01,5.0,,5.6,8.5,,,,,,,5
2007117,7380107,D01,5.4,,7.4,8.25,,,,,,,5
2079260,7510401,D07,,,6.8,7.0,,,,,6.75,,3
2067692,7510202,D01,6.5,,6.2,5.6,,,,,,,3
50011444,7540101,A00,,,,7.8,,,,8.0,8.0,,4
2065540,7420201,B00,,,,7.6,,,,,8.75,6.5,4
37014425,7420201,B00,,,,6.5,,,,,7.0,6.8,4
38008845,7540101,B00,,,,8.25,,,,,8.0,8.2,4
40009084,7460108,A00,,,,6.75,,,,7.5,7.2,,0
48028362,7380107,A00,,,,6.5,,,,7.5,7.0,,5
47010029,7480202,A01,,,6.6,6.25,,,,7.0,,,0
49013306,7540101,A00,,,,8.2,,,,8.25,7.75,,4
47006973,7540101,D07,,,8.0,7.25,,,,,7.6,,4
38012718,7510202,A00,,,,7.0,,,,7.25,7.2,,3
52003346,7819010,D07,,,6.4,5.5,,,,,7.8,,2
2011680,7540106,B00,,,,6.8,,,,,7.0,6.25,4
2047696,7510301,D07,,,6.0,6.4,,,,,7.5,,3
2019941,7460108,D01,6.6,,7.2,6.0,,,,,,,0
37016293,7340101,D01,7.2,,7.2,7.5,,,,,,,1
19014671,7340101,A00,,,,8.2,,,,7.75,7.5,,1
44007258,7340201,D01,7.2,,6.2,8.25,,,,,,,1
46000230,7510203,D01,6.75,,5.6,7.6,,,,,,,3
35007464,7340120,A00,,,,8.2,,,,8.5,8.0,,1
37000698,7510303,D01,6.75,,6.0,6.6,,,,,,,3
2008572,7510401,A00,,,,7.2,,,,7.0,8.0,,3
2038558,7340201,D01,7.0,,8.8,7.6,,,,,,,1
2020140,7480201,A01,,,7.6,7.8,,,,7.75,,,0
47002710,7340101,A00,,,,7.25,,,,7.0,7.6,,1
43002327,7220204,D01,7.75,,9.0,7.6,,,,,,,6
2006849,7340129,D01,7.25,,6.8,8.2,,,,,,,4
39008983,7480201,A00,,,,7.8,,,,8.0,7.0,,0
2079560,7540204,A00,,,,7.2,,,,5.75,6.75,,3
35010057,7340120,D01,7.0,,7.6,8.4,,,,,,,1
2034194,7340301,D01,6.8,,7.6,7.25,,,,,,,1
49008140,7340123,D01,7.25,,4.2,5.4,,,,,,,1
2068343,7510203,A00,,,,6.75,,,,8.0,6.8,,3
47010316,7420201,A00,,,,6.75,,,,7.75,7.2,,4
2065028,7480201,D07,,,8.4,7.75,,,,,7.6,,0
35003315,7510203,D01,4.6,,6.4,7.0,,,,,,,3
36002186,7480202,A00,,,,6.25,,,,7.0,7.2,,0
51012359,7810202,D01,4.6,,5.4,8.25,,,,,,,2
49006010,7340129,D01,7.0,,7.8,7.0,,,,,,,4
52012573,7340120,D01,7.0,,7.4,6.75,,,,,,,1
32006776,7810201,A01,,,7.2,7.75,,,,7.6,,,2
2087534,7480201,A00,,,,8.2,,,,7.0,7.5,,0
42005843,7510301,D01,6.25,,4.0,7.0,,,,,,,3
43002913,7510303,A00,,,,7.25,,,,6.25,8.2,,3
2080340,7340115,D01,8.4,,7.2,7.75,,,,,,,1
2063789,7510301,A00,,,,6.5,,,,5.5,6.6,,3
44011833,7540101,B00,,,,7.75,,,,,8.75,7.8,4
43003000,7340101,A00,,,,7.5,,,,7.5,7.4,,1
2036669,7340122,D01,7.4,,6.6,8.0,,,,,,,1
44009814,7340201,A00,,,,5.25,,,,8.25,8.0,,1
48000418,7540101,A01,,,8.8,8.2,,,,7.75,,,4
40008714,7340301,D01,5.2,,7.2,8.25,,,,,,,1
48011352,7819009,A01,,,7.2,7.75,,,,7.8,,,2
2082518,7480201,D01,7.2,,8.2,6.25,,,,,,,0
48020414,7380107,D01,8.75,,7.2,7.4,,,,,,,5
38008844,7340201,A00,,,,7.6,,,,8.25,6.75,,1
49001731,7510401,A00,,,,7.5,,,,7.25,7.0,,3
33011595,7810103,D15,7.5,6.2,8.5,,,,,,,,2
2088729,7510202,A00,,,,6.8,,,,6.5,7.25,,3
58006793,7510301,D01,5.25,,4.8,7.4,,,,,,,3
2036556,7340120,A01,,,8.8,8.2,,,,7.0,,,1
38000444,7340115,A00,,,,7.75,,,,8.0,8.0,,1
51002422,7220204,D01,7.5,,8.2,8.0,,,,,,,6
51001854,7510202,A01,,,7.4,6.75,,,,7.2,,,3
2017334,7510303,D01,6.0,,7.2,5.25,,,,,,,3
58001380,7480201,D01,7.25,,6.6,8.2,,,,,,,0
2038283,7480201,A01,,,7.4,8.6,,,,7.0,,,0
2016714,7510301,A00,,,,7.4,,,,5.75,5.25,,3
2044584,7420201,D07,,,7.2,7.0,,,,,5.8,,4
53010184,7540106,A00,,,,7.6,,,,6.0,7.5,,4
47000489,7480201,D01,7.8,,7.4,7.92,,,,,,,0
2062202,7520115,D07,,,5.8,6.25,,,,,6.8,,3
48023926,7510203,D01,7.2,,6.6,6.25,,,,,,,3
37000841,7340101,A00,,,,7.75,,,,7.75,7.6,,1
2022904,7480201,A01,,,9.0,8.2,,,,6.5,,,0
2056162,7480201,D07,,,8.2,8.25,,,,,9.4,,0
52011620,7819010,B00,,,,6.0,,,,,5.0,6.6,2
51014302,7819010,B00,,,,6.75,,,,,7.5,6.8,2
2067663,7340115,D01,8.4,,7.2,8.5,,,,,,,1
53006546,7540101,A00,,,,7.75,,,,7.5,8.2,,4
42012816,7540101,B00,,,,8.0,,,,,6.75,7.8,4
2040172,7340101,D01,8.0,,7.4,8.0,,,,,,,1
2008747,7850101,B00,,,,7.2,,,,,5.25,4.25,4
2049552,7510301,D01,5.0,,7.6,7.2,,,,,,,3
47005589,7480201,A01,,,7.6,8.8,,,,6.5,,,0
2083709,7380107,D01,7.0,,7.6,8.2,,,,,,,5
40005102,7540101,B00,,,,8.5,,,,,8.25,7.4,4
48000695,7220204,D01,8.25,,7.6,8.0,,,,,,,6
2007614,7819009,A01,,,6.8,6.25,,,,6.0,,,2
44003886,7340101,A00,,,,7.8,,,,8.0,8.5,,1
48006857,7510202,D01,7.8,,5.2,5.5,,,,,,,3
2024542,7540101,D07,,,9.0,7.6,,,,,7.75,,4
54009617,7380107,D01,8.75,,5.6,7.4,,,,,,,5
50007900,7510301,A00,,,,8.0,,,,6.5,6.5,,3
2039061,7340201,D01,7.5,,9.0,7.0,,,,,,,1
47000388,7510303,A00,,,,6.5,,,,5.5,6.8,,3
56001897,7510303,A00,,,,7.0,,,,5.0,5.5,,3
41003276,7340120,D01,6.4,,7.8,7.0,,,,,,,1
47003292,7540101,B00,,,,8.0,,,,,8.5,8.75,4
2077840,7510401,A01,,,7.8,6.0,,,,5.6,,,3
56010845,7220204,D01,6.4,,7.4,7.25,,,,,,,6
53000476,7340120,D01,9.0,,8.4,6.8,,,,,,,1
45002308,7480201,A00,,,,7.25,,,,7.75,7.4,,0
2081936,7480202,A00,,,,6.75,,,,5.0,6.6,,0
2031717,7540101,B00,,,,8.5,,,,,6.5,8.2,4
63002148,7340115,A00,,,,8.0,,,,6.5,8.0,,1
44011089,7340115,A00,,,,7.75,,,,8.5,7.8,,1
2064126,7340115,A00,,,,8.0,,,,7.75,8.2,,1
60005394,7340129,D01,7.5,,7.4,7.0,,,,,,,4
2050201,7510303,D01,7.0,,6.6,8.6,,,,,,,3
43006738,7340301,A00,,,,6.75,,,,6.0,7.4,,1
48024829,7510303,D07,,,6.8,6.0,,,,,6.6,,3
51010097,7340120,D01,6.75,,8.6,7.6,,,,,,,1
34007625,7340115,D01,8.5,,7.4,8.0,,,,,,,1
2015662,7540101,A01,,,7.8,6.25,,,,7.2,,,4
37012385,7810103,D01,7.5,,7.6,7.8,,,,,,,2
38011234,7810201,D01,4.8,,7.2,7.0,,,,,,,2
51015285,7340115,D01,6.8,,8.4,8.25,,,,,,,1
48012123,7340120,A00,,,,8.0,,,,8.5,8.4,,1
46005777,7810201,A00,,,,6.75,,,,6.75,7.6,,2
47002406,7510301,A00,,,,7.8,,,,6.25,6.25,,3
53001673,7340122,A00,,,,7.75,,,,7.0,7.6,,1
43002881,7480201,D01,8.0,,6.4,7.75,,,,,,,0
2021752,7340120,D01,8.0,,7.4,7.25,,,,,,,1
48001030,7220201,D01,7.75,,8.8,8.2,,,,,,,6
45001013,7540101,A00,,,,9.2,,,,7.0,8.25,,4
43005380,7810202,A00,,,,7.0,,,,6.0,6.8,,2
51011295,7340123,A01,,,9.2,7.8,,,,7.5,,,1
2044491,7480202,D07,,,8.0,8.5,,,,,8.6,,0
2007758,7810201,A00,,,,7.5,,,,7.5,7.6,,2
47003463,7810201,D01,7.25,,9.0,7.0,,,,,,,2
2042616,7810103,D01,5.6,,7.0,7.0,,,,,,,2
48025134,7340120,A01,,,8.6,7.6,,,,7.0,,,1
56006341,7540106,A00,,,,7.2,,,,6.0,6.75,,4
2007821,7340301,D01,7.0,,7.0,7.25,,,,,,,1
49013554,7420201,B00,,,,7.2,,,,,6.25,6.0,4
2063384,7540204,A00,,,,8.0,,,,6.25,6.75,,3
53008851,7480201,D01,8.0,,8.2,7.0,,,,,,,0
37012553,7480201,A00,,,,8.6,,,,7.0,6.5,,0
48002268,7510303,D01,6.0,,6.6,8.25,,,,,,,3
2006729,7810201,D01,4.4,,6.8,7.25,,,,,,,2
53015614,7540204,D01,7.25,,5.2,7.6,,,,,,,3
2006196,7420201,B00,,,,6.25,,,,,5.75,5.6,4
2008045,7810202,A00,,,,8.4,,,,7.75,7.25,,2
38003683,7480201,A00,,,,7.8,,,,6.75,8.0,,0
25018227,7540101,B00,,,,8.75,,,,,7.25,8.2,4
44010365,7340115,D01,7.2,,7.0,8.5,,,,,,,1
2007974,7340101,A01,,,6.4,8.0,,,,7.4,,,1
2023427,7380107,D15,6.25,7.0,7.5,,,,,,,,5
2066609,7480201,D07,,,7.2,7.25,,,,,6.6,,0
37005308,7220201,D01,6.6,,8.0,8.5,,,,,,,6
35006381,7340101,A01,,,8.2,8.0,,,,6.8,,,1
56006370,7220201,D09,,,8.2,7.2,,,8.25,,,,6
37008599,7810103,D01,8.2,,7.8,6.5,,,,,,,2
2048284,7810201,D01,7.0,,8.6,7.2,,,,,,,2
34008004,7380107,D01,7.2,,8.4,7.5,,,,,,,5
2055902,7540204,D01,7.4,,6.6,5.75,,,,,,,3
39010105,7340101,A00,,,,8.4,,,,7.5,8.5,,1
46003021,7340201,D01,5.4,,7.0,8.25,,,,,,,1
44005212,7510401,B00,,,,7.2,,,,,7.75,8.25,3
48027062,7340115,D01,7.2,,7.0,8.5,,,,,,,1
43005724,7480201,A00,,,,7.0,,,,8.25,7.8,,0
54008975,7810201,D01,7.4,,6.6,8.25,,,,,,,2
2061904,7340101,A00,,,,8.25,,,,7.5,8.2,,1
2023613,7540106,A00,,,,7.2,,,,6.25,7.5,,4
35009738,7340115,D01,7.8,,8.0,8.0,,,,,,,1
46000922,7819010,D07,,,6.4,4.5,,,,,7.6,,2
40011456,7480202,A00,,,,7.2,,,,5.5,4.75,,0
30009844,7340115,D01,6.2,,7.8,8.75,,,,,,,1
2040744,7480201,D01,7.4,,8.2,8.75,,,,,,,0
40006075,7340120,D01,7.0,,7.4,8.25,,,,,,,1
48025451,7220204,D09,,,6.8,9.0,,,8.0,,,,6
2043239,7819010,B00,,,,7.0,,,,,6.75,7.0,2
2023310,7510202,D01,6.8,,6.6,6.0,,,,,,,3
37018159,7340115,A00,,,,7.5,,,,8.25,8.6,,1
50001979,7540101,A00,,,,8.0,,,,8.0,6.6,,4
53012077,7480201,D01,6.8,,7.8,8.5,,,,,,,0
2075932,7420201,D07,,,8.8,7.6,,,,,7.5,,4
2066356,7540106,A01,,,7.4,7.6,,,,6.0,,,4
53000529,7480201,A00,,,,8.0,,,,7.25,7.75,,0
51009853,7810201,D15,7.75,5.0,8.0,,,,,,,,2
51019121,7480201,A01,,,8.4,7.5,,,,7.6,,,0
2013507,7220201,D01,6.8,,7.0,7.25,,,,,,,6
43006614,7540101,A00,,,,8.4,,,,8.25,7.5,,4
39003186,7220204,D01,7.5,,7.6,7.8,,,,,,,6
2038609,7340201,A01,,,10.0,8.6,,,,7.75,,,1
37011557,7340101,D01,7.2,,6.6,7.25,,,,,,,1
47009289,7810103,A00,,,,7.4,,,,7.0,8.5,,2
43004526,7540101,A01,,,8.6,8.0,,,,7.0,,,4
60000409,7340301,A00,,,,8.0,,,,7.75,8.0,,1
2065738,7220201,D01,9.0,,6.2,7.0,,,,,,,6
28000098,7340301,D01,6.2,,6.4,8.5,,,,,,,1
4001676,7420201,B00,,,,7.6,,,,,6.0,6.5,4
50000106,7510202,A00,,,,7.25,,,,6.75,5.6,,3
52003737,7220201,D01,7.2,,8.6,7.5,,,,,,,6
54004778,7380107,D01,8.5,,7.0,7.4,,,,,,,5
2043308,7220201,D01,8.0,,9.4,8.2,,,,,,,6
56010591,7480201,D01,8.0,,6.8,8.6,,,,,,,0
2063908,7510303,D07,,,5.4,7.25,,,,,6.6,,3
2078284,7510203,A00,,,,5.25,,,,4.75,6.4,,3
46006739,7480201,A01,,,7.6,8.0,,,,7.0,,,0
47011959,7340115,D01,7.2,,7.4,7.75,,,,,,,1
39001213,7510303,D01,6.4,,7.6,7.25,,,,,,,3
48025171,7420201,A00,,,,7.0,,,,6.0,6.75,,4
38002429,7340101,A00,,,,8.0,,,,8.0,7.0,,1
39000717,7340115,A00,,,,7.75,,,,6.5,7.8,,1
42010720,7810202,D01,8.0,,7.2,7.0,,,,,,,2
37012069,7220201,D01,8.25,,8.6,6.4,,,,,,,6
39006342,7340101,A00,,,,7.5,,,,7.5,7.6,,1
52003227,7480202,A00,,,,7.5,,,,6.0,7.4,,0
49003295,7510401,A00,,,,7.6,,,,7.75,8.25,,3
49006875,7340115,D01,7.0,,7.4,7.75,,,,,,,1
57003161,7480201,A00,,,,8.75,,,,8.5,8.2,,0
46001344,7420201,A00,,,,7.5,,,,7.25,7.8,,4
39001621,7810201,D15,6.5,6.6,6.75,,,,,,,,2
2031137,7810103,D01,7.4,,7.0,7.0,,,,,,,2
49006625,7480202,D01,7.2,,7.4,7.75,,,,,,,0
2065777,7850101,B00,,,,6.75,,,,,6.5,6.6,4
2004142,7480201,A01,,,8.4,7.5,,,,7.8,,,0
2045147,7220201,D01,7.25,,9.2,7.8,,,,,,,6
46003327,7810202,A00,,,,7.6,,,,7.25,7.5,,2
2068834,7510401,A00,,,,7.0,,,,7.75,8.2,,3
52003390,7810103,A01,,,8.6,7.2,,,,6.75,,,2
44001143,7810103,A01,,,5.6,6.75,,,,6.8,,,2
2074894,7480202,D01,6.2,,5.4,6.0,,,,,,,0
48020554,7340120,D01,7.25,,8.4,7.4,,,,,,,1
2034970,7510301,A00,,,,6.4,,,,5.5,6.25,,3
2063435,7540204,D01,6.6,,7.8,8.25,,,,,,,3
53008526,7340120,D01,8.0,,6.8,8.75,,,,,,,1
2051490,7480202,D07,,,7.2,7.5,,,,,7.6,,0
46006844,7480201,A00,,,,7.8,,,,7.25,7.5,,0
2050230,7480201,A00,,,,8.2,,,,6.75,8.0,,0
51002112,7340101,A01,,,8.4,8.2,,,,8.0,,,1
2061252,7480201,D01,7.8,,6.8,7.75,,,,,,,0
32003235,7340122,A01,,,8.2,7.5,,,,7.8,,,1
2001915,7380107,D01,7.2,,6.8,7.75,,,,,,,5
2015675,7340301,D01,6.0,,7.2,7.5,,,,,,,1
2067031,7510301,D01,7.4,,6.6,7.5,,,,,,,3
2028906,7510406,A00,,,,5.5,,,,5.25,5.6,,4
56000315,7540101,A00,,,,7.0,,,,7.75,8.0,,4
42012580,7340201,D01,6.6,,8.6,8.75,,,,,,,1
28016722,7340301,A00,,,,7.4,,,,8.5,7.0,,1
48015097,7510401,A00,,,,8.0,,,,7.5,7.75,,3
46006548,7480202,A00,,,,6.75,,,,7.25,7.8,,0
53001883,7420201,B00,,,,6.0,,,,,4.75,6.75,4
52011139,7510202,A00,,,,5.25,,,,5.75,6.8,,3
58006192,7340101,D01,7.0,,7.4,8.0,,,,,,,1
45002140,7510303,D01,5.25,,7.4,5.8,,,,,,,3
29005440,7220204,D01,8.2,,7.6,8.5,,,,,,,6
2005990,7810201,D15,6.25,5.4,6.5,,,,,,,,2
53014366,7340120,D01,7.6,,6.2,8.75,,,,,,,1
2071347,7540101,A00,,,,7.25,,,,8.0,7.6,,4
2014621,7819010,A01,,,5.8,5.75,,,,9.2,,,2
2034268,7480201,A01,,,7.0,8.25,,,,8.6,,,0
2019754,7340115,A00,,,,6.75,,,,8.25,7.6,,1
2038952,7810201,A01,,,9.0,7.6,,,,6.0,,,2
2002564,7520115,D01,7.6,,7.8,7.0,,,,,,,3
2020670,7810103,A00,,,,7.4,,,,7.75,7.75,,2
46000391,7340201,A00,,,,7.8,,,,7.25,8.25,,1
45002529,7480201,A00,,,,8.25,,,,7.5,8.4,,0
35002979,7480201,D07,,,7.8,7.25,,,,,7.8,,0
2032280,7480201,A00,,,,7.5,,,,7.0,6.8,,0
2065310,7480201,D01,7.25,,8.8,8.0,,,,,,,0
48029852,7540204,D01,6.0,,8.8,4.2,,,,,,,3
2083995,7510202,D01,7.25,,6.0,6.2,,,,,,,3
37005360,7540101,A00,,,,7.75,,,,8.0,7.8,,4
48015914,7480201,A01,,,8.8,8.0,,,,6.75,,,0
43008935,7480201,A00,,,,8.25,,,,7.5,7.6,,0
2066685,7340301,D01,7.5,,8.8,7.2,,,,,,,1
56009729,7480202,D01,6.0,,5.0,6.8,,,,,,,0
2041124,7540204,A01,,,8.2,7.75,,,,6.8,,,3
35004692,7540101,A01,,,8.8,7.5,,,,6.4,,,4
40012528,7340201,A01,,,7.2,6.5,,,,7.2,,,1
42012141,7510303,D01,7.0,,4.2,6.0,,,,,,,3
52000491,7340101,A00,,,,7.6,,,,7.75,8.25,,1
57008176,7540101,B00,,,,7.5,,,,,7.25,8.2,4
37007347,7340115,D01,7.0,,7.4,8.0,,,,,,,1
2079758,7510301,A00,,,,6.75,,,,8.0,7.4,,3
39004979,7510303,A00,,,,7.0,,,,6.0,6.0,,3
51006124,7340115,D01,8.0,,8.8,8.0,,,,,,,1
2034643,7340120,A00,,,,8.5,,,,8.0,7.6,,1
53003685,7480202,D01,7.25,,5.8,5.4,,,,,,,0
50007368,7510303,A00,,,,7.0,,,,6.25,5.25,,3
2078315,7540101,A00,,,,7.0,,,,8.25,7.8,,4
59001158,7220201,D01,7.6,,7.2,9.0,,,,,,,6
2047326,7480201,D01,7.8,,7.8,7.5,,,,,,,0
2039582,7340120,D01,8.2,,7.8,6.25,,,,,,,1
37012375,7480202,A01,,,7.8,7.5,,,,6.8,,,0
40019709,7380107,A01,,,8.0,8.0,,,,7.0,,,5
53000652,7340301,D01,5.8,,7.4,9.25,,,,,,,1
53011819,7810202,D01,7.5,,8.8,7.2,,,,,,,2
47003683,7340101,A01,,,8.6,9.0,,,,7.75,,,1
47004818,7480202,A00,,,,8.0,,,,8.5,7.8,,0
63006197,7340201,A00,,,,8.2,,,,6.5,8.25,,1
2050131,7480201,A01,,,8.4,8.0,,,,8.0,,,0
2062458,7340205,D07,,,6.2,7.25,,,,,6.4,,1
54012569,7810201,A00,,,,8.2,,,,7.25,7.75,,2
2019996,7540106,A01,,,8.0,6.8,,,,5.0,,,4
46006063,7340120,A00,,,,7.8,,,,8.0,8.5,,1
48008382,7340301,A00,,,,5.75,,,,7.0,8.0,,1
60001073,7340120,D01,8.0,,7.6,7.5,,,,,,,1
46009372,7540101,A00,,,,8.5,,,,7.25,7.8,,4
37005751,7340120,A01,,,8.4,7.75,,,,7.2,,,1
48027340,7510203,D01,7.8,,5.6,5.75,,,,,,,3
35006673,7480201,A01,,,8.0,7.75,,,,6.0,,,0
56001229,7340101,D01,7.75,,8.8,7.4,,,,,,,1
37002264,7340115,A00,,,,7.25,,,,8.75,8.0,,1
2031194,7340301,A01,,,8.0,6.5,,,,7.6,,,1
38003186,7380107,D01,6.8,,6.8,6.5,,,,,,,5
32002301,7540101,B00,,,,7.5,,,,,7.75,8.2,4
40002479,7510301,A00,,,,7.0,,,,5.0,7.5,,3
47012323,7510303,D01,4.8,,6.6,6.25,,,,,,,3
35008563,7420201,A00,,,,7.6,,,,7.0,7.0,,4
2078540,7510202,D01,5.2,,6.4,6.75,,,,,,,3
2025212,7340201,A00,,,,7.0,,,,8.0,8.6,,1
39001112,7480202,A00,,,,7.5,,,,5.5,7.4,,0
35007033,7340123,D01,6.5,,5.6,6.8,,,,,,,1
2018739,7510203,A00,,,,4.25,,,,8.5,6.0,,3
49006766,7540101,B00,,,,8.0,,,,,8.75,7.4,4
2068935,7480201,A01,,,8.4,7.25,,,,7.8,,,0
47005227,7340201,A00,,,,7.25,,,,7.5,7.4,,1
41005501,7340301,A00,,,,7.4,,,,7.75,7.5,,1
52006107,7480201,D07,,,8.6,8.2,,,,,7.0,,0
41004009,7480201,D07,,,8.4,8.2,,,,,8.25,,0
2043248,7340301,A00,,,,6.75,,,,7.75,7.4,,1
48000517,7380107,A00,,,,7.8,,,,7.25,6.75,,5
2065286,7510401,B00,,,,8.5,,,,,7.0,7.6,3
39004173,7540106,A00,,,,7.2,,,,5.0,7.25,,4
47002470,7340101,A00,,,,8.2,,,,7.75,8.75,,1
56006368,7510301,D01,7.0,,6.6,6.6,,,,,,,3
54007247,7380107,D01,5.4,,7.6,8.5,,,,,,,5
50005739,7340201,D01,5.8,,7.4,7.25,,,,,,,1
2075018,7340123,D01,4.2,,5.6,8.0,,,,,,,1
44011801,7510303,A00,,,,7.75,,,,7.5,8.0,,3
52000273,7480201,D01,7.5,,7.2,8.2,,,,,,,0
54009518,7510203,D01,6.75,,4.0,7.0,,,,,,,3
2043554,7510401,A00,,,,7.0,,,,7.25,6.0,,3
48028903,7510301,D01,6.0,,7.6,7.0,,,,,,,3
2070416,7340301,D01,5.8,,7.4,7.0,,,,,,,1
53000298,7340120,D01,6.6,,7.4,8.5,,,,,,,1
50014062,7480202,D01,9.2,,7.2,7.25,,,,,,,0
35011439,7480201,A00,,,,7.25,,,,7.0,8.0,,0
46004565,7380107,D01,6.2,,7.0,6.5,,,,,,,5
52008397,7340129,A00,,,,7.0,,,,7.25,8.0,,4
2083355,7510301,A00,,,,7.2,,,,5.75,6.75,,3
41003996,7340115,A01,,,8.4,7.25,,,,7.2,,,1
30002812,7340129,D01,6.0,,8.0,7.5,,,,,,,4
53000458,7340101,D01,6.2,,6.6,8.5,,,,,,,1
56009120,7340201,A00,,,,7.5,,,,6.0,7.0,,1
40007588,7340115,A00,,,,7.6,,,,8.75,8.5,,1
58001577,7340101,A01,,,6.8,8.0,,,,7.4,,,1
56010610,7340101,A01,,,8.6,8.2,,,,7.0,,,1
43007101,7420201,B00,,,,5.25,,,,,7.0,7.0,4
63006008,7340115,A01,,,9.2,8.6,,,,7.25,,,1
34008882,7540101,A00,,,,7.5,,,,7.75,6.6,,4
53007621,7340201,A00,,,,7.75,,,,8.5,7.0,,1
2067821,7340301,D01,7.4,,8.0,7.5,,,,,,,1
49016208,7220204,D01,7.75,,7.8,7.8,,,,,,,6
2025253,7220201,D01,7.8,,7.0,7.5,,,,,,,6
2058972,7340301,D01,8.5,,7.8,6.8,,,,,,,1
2076658,7510202,A00,,,,6.25,,,,7.25,7.2,,3
60002646,7810202,A00,,,,8.0,,,,6.0,8.25,,2
52000043,7810201,D01,6.8,,7.4,6.25,,,,,,,2
2036144,7810202,D01,6.0,,8.2,6.75,,,,,,,2
44011740,7220201,A01,,,7.2,6.75,,,,8.0,,,6
52008279,7510303,A01,,,6.8,7.0,,,,8.6,,,3
38006729,7340101,A00,,,,7.0,,,,7.5,7.8,,1
43002559,7340122,A00,,,,6.75,,,,7.25,7.8,,1
58003640,7340205,A00,,,,5.0,,,,6.0,7.0,,1
61001767,7340301,D01,7.75,,7.2,7.4,,,,,,,1
38003006,7510301,D01,5.5,,4.6,6.6,,,,,,,3
2045942,7480201,A01,,,8.8,8.0,,,,7.75,,,0
40012003,7510401,A00,,,,7.75,,,,7.75,7.6,,3
2055515,7810103,D15,6.75,8.8,7.5,,,,,,,,2
48005141,7340101,D01,6.6,,6.8,8.25,,,,,,,1
43004891,7340201,A00,,,,7.0,,,,6.75,7.4,,1
56001523,7480201,A00,,,,7.8,,,,7.25,7.0,,0
2052164,7340115,D01,8.0,,6.8,7.75,,,,,,,1
41007680,7340123,D01,7.0,,6.6,7.0,,,,,,,1
44005564,7340129,A00,,,,7.25,,,,7.75,8.2,,4
2046432,7510202,D01,7.4,,6.6,7.25,,,,,,,3
40019072,7340120,D01,7.5,,8.8,8.2,,,,,,,1
2030380,7810202,D01,7.75,,8.4,7.4,,,,,,,2
49003808,7540106,B00,,,,6.8,,,,,6.5,7.25,4
46001056,7220201,D01,7.75,,7.4,8.4,,,,,,,6
43002389,7510203,A00,,,,7.0,,,,6.0,8.0,,3
2024205,7480201,D07,,,7.2,8.25,,,,,9.4,,0
40015999,7810201,D01,5.4,,7.4,7.25,,,,,,,2
2062307,7510203,A00,,,,7.4,,,,7.25,7.25,,3
43006231,7340301,A00,,,,8.0,,,,7.0,7.5,,1
48028042,7480202,A01,,,7.2,8.4,,,,6.5,,,0
2023007,7480201,A00,,,,8.0,,,,6.75,8.25,,0
2084569,7340201,A01,,,7.2,6.75,,,,7.2,,,1
2079188,7220204,D01,8.6,,7.2,6.5,,,,,,,6
46000168,7810202,A00,,,,7.6,,,,7.0,7.75,,2
29002905,7340301,D01,8.8,,7.2,7.0,,,,,,,1
45003627,7340301,D01,6.2,,7.6,7.75,,,,,,,1
30016910,7510303,D01,3.8,,7.2,8.25,,,,,,,3
48027783,7340120,D01,8.2,,7.0,8.25,,,,,,,1
2067343,7480202,A00,,,,6.4,,,,6.75,7.0,,0
37000725,7380107,A00,,,,8.0,,,,7.75,5.5,,5
2075890,7340301,A00,,,,6.5,,,,6.75,7.2,,1
42007706,7810103,A01,,,7.8,7.5,,,,7.2,,,2
2071089,7340201,D01,7.5,,8.2,8.0,,,,,,,1
46006499,7480202,A01,,,7.8,7.5,,,,8.6,,,0
2016259,7819009,A01,,,7.0,7.25,,,,4.8,,,2
39001900,7380107,D01,3.0,,8.2,7.75,,,,,,,5
46009313,7510301,D07,,,6.6,8.25,,,,,6.2,,3
2036878,7220201,D01,8.2,,8.2,8.25,,,,,,,6
2013269,7540204,D01,5.2,,7.2,7.5,,,,,,,3
2008266,7510401,D07,,,8.4,7.6,,,,,6.5,,3
35008316,7510303,A00,,,,6.75,,,,7.75,6.6,,3
51018499,7340120,D01,6.4,,6.8,9.0,,,,,,,1
37008473,7340120,A00,,,,8.75,,,,7.0,7.6,,1
2008924,7420201,B00,,,,7.4,,,,,6.75,5.5,4
2065368,7340205,A00,,,,6.25,,,,6.0,7.6,,1
2080741,7380107,D01,8.5,,5.0,7.8,,,,,,,5
43008861,7340301,A00,,,,7.0,,,,7.75,7.6,,1
49005215,7340115,A00,,,,7.0,,,,7.5,7.8,,1
54003385,7480201,A00,,,,7.5,,,,8.25,7.8,,0
64002482,7340120,A00,,,,7.25,,,,8.75,7.2,,1
47000956,7380107,A00,,,,5.5,,,,6.5,7.4,,5
39006375,7340201,D01,5.75,,9.2,8.2,,,,,,,1
2075117,7810201,D15,6.75,4.8,7.25,,,,,,,,2
45004295,7220204,D01,7.5,,8.2,8.0,,,,,,,6
2056069,7540101,B00,,,,8.5,,,,,6.75,8.6,4
2033632,7480201,D01,8.8,,7.6,6.0,,,,,,,0
2017576,7810202,A00,,,,7.0,,,,7.5,7.6,,2
35006323,7340301,A00,,,,7.5,,,,8.5,7.4,,1
2072058,7510301,A00,,,,7.0,,,,5.75,5.25,,3
2053761,7380107,D01,6.2,,7.4,6.75,,,,,,,5
51007665,7480201,A00,,,,7.25,,,,6.5,7.2,,0
35000199,7340120,A01,,,8.2,8.0,,,,7.75,,,1
2066918,7380107,A00,,,,6.75,,,,7.75,7.6,,5
2034418,7220201,D01,7.2,,7.2,7.0,,,,,,,6
2040899,7480201,D01,6.25,,8.4,8.0,,,,,,,0
51010722,7480202,A01,,,7.6,8.5,,,,9.6,,,0
49014118,7220204,D01,6.6,,7.4,7.25,,,,,,,6
2044044,7480201,D01,7.4,,8.2,7.0,,,,,,,0
47005183,7510401,B00,,,,7.25,,,,,7.25,8.6,3
40017384,7340101,A01,,,8.0,8.6,,,,7.25,,,1
46009320,7340201,D01,7.5,,8.2,7.0,,,,,,,1
47003224,7340120,D01,7.0,,6.8,7.5,,,,,,,1
2065196,7380107,D01,7.5,,7.8,7.0,,,,,,,5
53013456,7540101,B00,,,,8.5,,,,,7.25,8.2,4
43005168,7380107,D01,7.0,,8.0,8.25,,,,,,,5
44005582,7340301,A00,,,,7.75,,,,7.0,8.2,,1
2017332,7480202,D01,5.6,,7.4,7.0,,,,,,,0
2045360,7340301,A00,,,,8.2,,,,7.0,8.0,,1
2057195,7340115,A01,,,8.8,7.5,,,,7.8,,,1
47004460,7540101,B00,,,,8.0,,,,,6.25,7.0,4
53014363,7810201,D01,8.5,,7.8,6.8,,,,,,,2
53005823,7540204,A00,,,,7.0,,,,6.25,6.0,,3
35000672,7220204,D01,6.4,,7.0,8.5,,,,,,,6
53000221,7220201,D01,8.0,,7.0,8.0,,,,,,,6
46003251,7520115,A00,,,,5.75,,,,7.5,6.0,,3
2041837,7480201,A01,,,7.6,7.5,,,,8.8,,,0
56007868,7340201,A00,,,,7.6,,,,7.75,7.75,,1
37016558,7340101,D01,5.8,,8.4,6.75,,,,,,,1
40009028,7340115,D01,7.2,,7.8,7.75,,,,,,,1
40011941,7510202,D01,6.0,,3.4,6.8,,,,,,,3
47011899,7220201,D01,8.0,,6.8,8.0,,,,,,,6
37017978,7340120,A00,,,,7.0,,,,7.75,7.8,,1
47002192,7340120,A00,,,,8.6,,,,6.75,7.75,,1
56006726,7540106,A00,,,,8.0,,,,6.5,5.25,,4
2040793,7480202,D01,6.5,,6.8,5.8,,,,,,,0
53013029,7510301,D01,3.4,,5.4,7.25,,,,,,,3
48010057,7480201,D07,,,7.0,7.5,,,,,8.6,,0
2022360,7540101,D07,,,8.4,7.6,,,,,8.0,,4
35004911,7340101,A01,,,8.0,7.5,,,,8.0,,,1
2012044,7380107,D01,6.4,,7.0,7.75,,,,,,,5
37003850,7540101,D07,,,8.0,8.0,,,,,7.5,,4
50008324,7340129,A00,,,,7.0,,,,7.75,7.6,,4
2038787,7220201,A01,,,7.8,8.2,,,,7.25,,,6
44002045,7810202,D15,8.0,7.6,8.5,,,,,,,,2
2067667,7510203,D01,7.0,,5.4,7.6,,,,,,,3
2011262,7340129,D01,6.8,,6.2,6.25,,,,,,,4
2018301,7340201,A01,,,8.0,8.6,,,,7.25,,,1
48017659,7340201,A01,,,7.8,7.25,,,,8.6,,,1
49001574,7810201,D15,7.0,5.8,6.0,,,,,,,,2
56002531,7340120,A01,,,8.4,7.0,,,,7.6,,,1
13004171,7340115,D01,5.2,,7.6,9.0,,,,,,,1
46007279,7510203,D01,7.0,,6.8,7.6,,,,,,,3
56010222,7510202,D01,4.0,,5.6,6.75,,,,,,,3
53003631,7340120,D01,8.0,,8.4,8.0,,,,,,,1
39004972,7480202,D01,6.25,,3.6,5.8,,,,,,,0
46009550,7340101,D01,7.75,,8.2,7.4,,,,,,,1
49011578,7220201,D01,7.0,,7.6,7.5,,,,,,,6
48002572,7380107,D01,6.2,,7.2,7.0,,,,,,,5
53011710,7510301,A00,,,,7.5,,,,7.75,7.6,,3
48024640,7510401,A00,,,,7.6,,,,6.25,7.5,,3
46006914,7480201,D01,8.0,,7.8,8.0,,,,,,,0
41007287,7540101,A00,,,,8.25,,,,7.75,8.0,,4
2044571,7480201,A00,,,,7.25,,,,7.25,8.0,,0
41011296,7340201,A00,,,,8.2,,,,7.5,7.5,,1
46005931,7340122,D01,8.8,,7.4,8.25,,,,,,,1
43004730,7380107,D01,6.4,,7.6,7.25,,,,,,,5
48018483,7510202,A00,,,,8.0,,,,5.25,7.0,,3
61002482,7810103,D01,8.6,,7.6,8.25,,,,,,,2
35005309,7380107,A00,,,,7.0,,,,8.25,8.2,,5
2058524,7810201,D01,8.5,,6.0,8.0,,,,,,,2
35010473,7510203,A00,,,,6.0,,,,4.25,7.0,,3
56002348,7340101,A00,,,,7.25,,,,7.75,7.6,,1
2017996,7540105,B00,,,,4.25,,,,,6.0,5.8,4
53015282,7540204,D01,7.0,,5.6,7.0,,,,,,,3
2069675,7340101,D01,7.8,,7.4,6.0,,,,,,,1
45001207,7480201,A01,,,7.4,8.4,,,,7.75,,,0
52009003,7380107,D01,5.0,,7.2,8.0,,,,,,,5
43008629,7480201,A00,,,,8.6,,,,6.5,7.5,,0
49002353,7510401,A00,,,,6.6,,,,5.75,8.0,,3
2080596,7510303,D07,,,8.0,6.5,,,,,7.6,,3
36002220,7340120,A00,,,,8.5,,,,6.25,7.8,,1
2019024,7340201,D01,6.25,,9.0,8.0,,,,,,,1
35009753,7220201,D01,8.25,,7.0,7.8,,,,,,,6
61003807,7510202,A00,,,,6.6,,,,6.0,6.25,,3
2022166,7340129,A01,,,8.0,7.25,,,,7.6,,,4
2018752,7520115,A00,,,,6.0,,,,4.25,7.4,,3
44007790,7540101,D07,,,9.6,8.6,,,,,8.0,,4
41004262,7380107,A00,,,,6.0,,,,7.75,6.6,,5
2042034,7340129,A00,,,,6.5,,,,6.25,8.4,,4
2074875,7510202,D01,5.6,,5.4,7.25,,,,,,,3
38010562,7480201,A00,,,,7.8,,,,7.75,7.25,,0
2073492,7540101,D07,,,7.6,8.2,,,,,8.75,,4
2058918,7480201,D01,7.0,,8.2,7.8,,,,,,,0
30010929,7340201,D01,6.6,,7.0,8.5,,,,,,,1
53001884,7540101,B00,,,,7.0,,,,,7.0,6.8,4
28024948,7480202,D01,6.2,,8.0,8.25,,,,,,,0
42013824,7380107,A00,,,,7.8,,,,7.5,7.25,,5
48010743,7810103,A00,,,,7.4,,,,7.0,8.0,,2
40008696,7340120,A00,,,,7.0,,,,8.25,7.0,,1
37003778,7340101,D01,7.75,,7.8,7.8,,,,,,,1
39009197,7480201,D01,5.75,,8.8,8.0,,,,,,,0
56006672,7220201,D01,7.0,,8.8,8.4,,,,,,,6
40019056,7540101,A01,,,8.2,7.0,,,,6.6,,,4
53002854,7340129,D01,7.0,,9.2,7.0,,,,,,,4
40012056,7340301,A00,,,,6.75,,,,7.5,7.6,,1
42012911,7810201,A00,,,,6.75,,,,8.0,7.2,,2
37006428,7340122,D01,8.6,,6.8,7.0,,,,,,,1
46006204,7420201,A00,,,,7.2,,,,6.5,6.5,,4
58001942,7480201,A00,,,,7.25,,,,8.0,8.0,,0
54014115,7540101,B00,,,,7.5,,,,,7.5,7.8,4
34012748,7340129,D01,4.6,,6.6,6.75,,,,,,,4
64006728,7340122,D01,6.8,,7.6,8.75,,,,,,,1
52012704,7540106,A00,,,,6.75,,,,6.75,8.4,,4
2038475,7340101,D01,7.4,,6.6,7.0,,,,,,,1
2050323,7340101,A00,,,,7.25,,,,7.75,7.6,,1
2076473,7540105,A00,,,,5.5,,,,6.25,8.2,,4
2068041,7510303,A00,,,,6.6,,,,5.75,5.75,,3
48017943,7510401,A00,,,,6.4,,,,7.0,8.75,,3
2029548,7340101,D01,7.0,,6.8,7.5,,,,,,,1
2008319,7340301,D01,6.75,,9.2,7.6,,,,,,,1
2031045,7540101,D07,,,8.0,8.0,,,,,7.0,,4
56007914,7540204,D01,6.25,,4.2,6.8,,,,,,,3
2021712,7380107,A00,,,,7.8,,,,6.75,8.0,,5
48008654,7480202,A00,,,,6.4,,,,5.75,5.0,,0
52000409,7540106,A01,,,6.0,6.5,,,,6.6,,,4
37016118,7340120,D01,6.2,,8.0,7.25,,,,,,,1
40002717,7340120,A00,,,,6.75,,,,7.5,7.0,,1
2040128,7340115,D01,8.4,,7.8,7.5,,,,,,,1
2007646,7220201,D01,7.75,,9.0,7.4,,,,,,,6
50002995,7340301,A00,,,,8.25,,,,6.5,8.6,,1
2035823,7850101,A00,,,,8.6,,,,5.75,6.0,,4
49014021,7810201,D01,6.6,,6.4,7.25,,,,,,,2
35003725,7510203,D07,,,6.2,6.25,,,,,5.6,,3
2002571,7480201,A00,,,,7.0,,,,7.75,7.6,,0
2074662,7510401,A00,,,,7.8,,,,7.5,7.75,,3
2009069,7540204,D01,6.8,,8.2,6.75,,,,,,,3
35007119,7340101,A00,,,,8.0,,,,7.75,8.25,,1
2040084,7340201,A00,,,,7.0,,,,7.75,8.2,,1
46001558,7340301,D01,8.8,,7.2,6.75,,,,,,,1
47006419,7340201,A01,,,7.8,7.8,,,,7.25,,,1
40018125,7340120,D01,8.0,,6.6,8.25,,,,,,,1
37002763,7340115,A01,,,7.4,7.75,,,,7.8,,,1
49006882,7340301,A00,,,,7.25,,,,8.5,8.0,,1
2023057,7340129,D01,7.8,,8.0,6.5,,,,,,,4
40005047,7340115,A00,,,,8.5,,,,6.75,8.6,,1
35007927,7340129,D01,6.5,,6.6,7.4,,,,,,,4
56012962,7420201,A00,,,,7.2,,,,7.0,7.25,,4
2083926,7340201,A00,,,,7.25,,,,7.75,7.6,,1
2032852,7810202,D01,6.5,,8.8,7.8,,,,,,,2
57003818,7480202,D01,5.8,,7.2,7.25,,,,,,,0
2066722,7510301,A00,,,,7.8,,,,6.75,7.25,,3
2009332,7420201,A00,,,,5.75,,,,8.25,7.2,,4
63006258,7420201,B00,,,,6.75,,,,,6.75,6.8,4
52011319,7540101,B00,,,,8.0,,,,,8.0,7.6,4
48028283,7340201,D01,7.0,,6.8,7.75,,,,,,,1
32004091,7480201,A00,,,,6.5,,,,8.25,8.6,,0
63001237,7480202,D01,5.25,,6.8,7.4,,,,,,,0
51000678,7340120,D01,8.6,,6.2,8.5,,,,,,,1
2064621,7510303,A00,,,,7.5,,,,7.25,7.6,,3
2075346,7340301,A00,,,,8.2,,,,7.0,7.75,,1
49007313,7520115,D01,7.4,,6.8,5.75,,,,,,,3
2065863,7510303,D01,7.2,,7.2,6.75,,,,,,,3
60002450,7340120,D01,6.4,,6.8,8.5,,,,,,,1
44012650,7540101,B00,,,,7.25,,,,,6.5,6.8,4
49011121,7540101,A00,,,,7.5,,,,8.5,6.8,,4
2071877,7380107,D01,6.5,,7.6,9.2,,,,,,,5
48022123,7819010,A00,,,,6.5,,,,6.0,6.0,,2
37014433,7340115,D01,8.2,,7.2,8.25,,,,,,,1
53013856,7340201,A00,,,,8.5,,,,7.0,6.4,,1
35006401,7340120,A00,,,,8.0,,,,8.25,7.6,,1
2018878,7540101,D07,,,6.6,8.75,,,,,7.2,,4
47011362,7340123,D01,6.5,,5.8,7.0,,,,,,,1
2008283,7810103,D15,7.5,7.8,7.0,,,,,,,,2
2071428,7810202,D01,7.75,,8.8,7.4,,,,,,,2
37006764,7340120,D01,8.0,,5.4,8.0,,,,,,,1
2077053,7480202,A00,,,,5.75,,,,6.75,6.8,,0
37008752,7810201,D01,6.4,,7.6,7.0,,,,,,,2
54009445,7340101,D01,8.17,,8.0,8.2,,,,,,,1
37009708,7510203,D01,5.6,,7.0,6.0,,,,,,,3
61000005,7810202,D01,7.0,,8.4,6.6,,,,,,,2
40000203,7480201,A01,,,8.4,7.75,,,,6.8,,,0
37007064,7220204,D09,,,6.8,7.75,,,6.2,,,,6
49002265,7340201,A00,,,,7.25,,,,7.75,8.4,,1
35006554,7340115,D01,5.8,,7.2,9.0,,,,,,,1
38002400,7510303,A00,,,,7.0,,,,6.75,6.5,,3
57000103,7810103,D01,8.0,,6.8,7.6,,,,,,,2
2042756,7220204,D01,7.0,,8.6,7.8,,,,,,,6
2081312,7340115,D01,9.2,,8.0,7.75,,,,,,,1
56000364,7510301,D01,6.75,,5.2,5.0,,,,,,,3
34012950,7220204,A01,,,8.6,7.4,,,,7.0,,,6
35010496,7340120,A01,,,6.8,6.75,,,,8.4,,,1
2052565,7480201,A01,,,8.0,6.25,,,,8.0,,,0
56010387,7340115,D01,8.2,,7.4,8.25,,,,,,,1
41004926,7480201,A00,,,,8.0,,,,7.75,8.25,,0
48009624,7480201,A01,,,8.2,7.4,,,,6.75,,,0
2083849,7540204,D01,7.25,,5.8,6.8,,,,,,,3
42004175,7340201,D01,6.0,,7.2,8.75,,,,,,,1
2066903,7480201,D07,,,8.2,7.0,,,,,8.4,,0
2033679,7420201,A00,,,,7.6,,,,7.25,6.5,,4
48026735,7810201,D01,4.6,,7.6,8.0,,,,,,,2
2019809,7520115,D01,6.8,,6.6,7.25,,,,,,,3
2064892,7510202,A00,,,,8.2,,,,8.25,7.0,,3
48017213,7340120,D01,8.0,,7.6,7.4,,,,,,,1
42003905,7380107,D01,7.2,,7.0,8.75,,,,,,,5
2036448,7380107,D01,7.0,,8.4,7.6,,,,,,,5
2038783,7810202,A00,,,,8.0,,,,7.5,8.0,,2
42009582,7480201,D01,7.0,,7.6,8.25,,,,,,,0
2006227,7480201,A00,,,,7.25,,,,8.0,8.0,,0
53002042,7540101,D07,,,8.4,8.2,,,,,8.25,,4
2041999,7380107,D01,7.2,,7.2,7.75,,,,,,,5
2037668,7340120,D01,7.0,,8.6,7.75,,,,,,,1
39008746,7819010,A01,,,7.8,7.25,,,,5.8,,,2
2062445,7510202,A00,,,,7.0,,,,6.0,7.8,,3
2008195,7420201,D07,,,7.4,7.5,,,,,5.8,,4
50009918,7340120,D01,5.4,,7.2,8.5,,,,,,,1
2067179,7480201,D07,,,7.2,7.75,,,,,9.2,,0
2036087,7480201,D07,,,7.8,7.25,,,,,6.4,,0
51014551,7510303,D01,8.25,,5.8,6.4,,,,,,,3
2068770,7520115,D07,,,6.2,6.25,,,,,4.8,,3
2039110,7220201,D01,8.2,,7.0,6.25,,,,,,,6
2041036,7340101,A00,,,,7.75,,,,8.25,8.0,,1
50008167,7510202,D01,5.75,,4.8,5.6,,,,,,,3
45004042,7340115,D01,8.2,,7.6,8.25,,,,,,,1
35006994,7510203,A00,,,,6.25,,,,7.75,7.4,,3
52006980,7819010,B00,,,,4.75,,,,,7.25,6.0,2
2023552,7480202,A00,,,,7.0,,,,6.5,6.25,,0
39002950,7220201,D01,7.2,,7.0,9.0,,,,,,,6
2067465,7340129,A00,,,,6.6,,,,6.75,7.75,,4
46003670,7340101,D01,7.75,,8.0,8.6,,,,,,,1
53012926,7480201,A01,,,7.0,8.0,,,,8.4,,,0
53012614,7540106,A00,,,,7.4,,,,6.25,8.5,,4
2043626,7810201,D01,5.8,,7.2,5.5,,,,,,,2
57004557,7540101,B00,,,,8.4,,,,,7.75,8.25,4
50005759,7540105,B00,,,,7.6,,,,,6.75,6.25,4
46008975,7810201,A00,,,,7.8,,,,6.75,7.5,,2
2012973,7480202,A00,,,,8.0,,,,7.5,7.4,,0
41002221,7340301,A00,,,,8.25,,,,7.75,7.4,,1
37007998,7340201,D01,6.6,,7.4,7.0,,,,,,,1
52003602,7340301,A00,,,,8.2,,,,6.75,7.75,,1
38013151,7480201,A01,,,7.4,6.5,,,,8.0,,,0
48009186,7480201,A00,,,,6.75,,,,8.25,7.6,,0
29029209,7540101,B00,,,,7.5,,,,,7.0,7.8,4
38001705,7380107,A00,,,,7.8,,,,5.0,8.0,,5
41012557,7380107,A01,,,7.8,7.4,,,,7.5,,,5
37002897,7480202,A00,,,,6.2,,,,5.5,7.5,,0
2072747,7340115,D01,7.5,,9.0,7.6,,,,,,,1
32006479,7480201,A00,,,,8.5,,,,8.0,7.8,,0
2084316,7480201,D01,8.8,,5.8,6.5,,,,,,,0
58000008,7540101,A00,,,,8.4,,,,8.0,7.5,,4
42010930,7340301,D01,8.25,,6.4,7.6,,,,,,,1
37012690,7540106,A00,,,,7.8,,,,7.25,6.0,,4
51009669,7810202,D01,5.8,,6.6,8.0,,,,,,,2
46001945,7380107,A00,,,,8.8,,,,6.75,6.0,,5
38013393,7480201,A00,,,,7.0,,,,7.0,7.2,,0
40005846,7340120,A00,,,,8.2,,,,8.0,8.25,,1
2062048,7510203,D01,6.8,,7.4,6.75,,,,,,,3
51007016,7850101,A01,,,8.6,8.8,,,,7.75,,,4
53001250,7810202,A00,,,,7.25,,,,8.25,6.6,,2
52004585,7340115,D01,6.8,,8.0,7.75,,,,,,,1
38009250,7340301,A00,,,,8.0,,,,6.5,7.5,,1
2084138,7340101,A00,,,,7.25,,,,7.0,6.8,,1
2062358,7460108,D07,,,7.4,7.75,,,,,7.4,,0
56007459,7480202,A00,,,,6.8,,,,7.5,6.5,,0
48019720,7480201,A00,,,,7.75,,,,7.75,7.0,,0
40009300,7810201,D01,7.75,,8.0,7.8,,,,,,,2
41008359,7380107,D01,6.0,,8.0,7.6,,,,,,,5
37013258,7510202,D01,5.25,,4.2,7.4,,,,,,,3
35008939,7340120,D01,8.0,,7.6,8.5,,,,,,,1
51017680,7510401,A00,,,,7.5,,,,8.75,8.2,,3
61010822,7340301,A00,,,,8.2,,,,6.75,7.75,,1
43009411,7340101,A00,,,,6.0,,,,7.5,7.8,,1
43008035,7810201,D01,6.4,,7.0,7.0,,,,,,,2
44006804,7510203,D01,6.0,,7.4,7.5,,,,,,,3
2045345,7340201,A00,,,,7.8,,,,6.75,7.75,,1
2020381,7510406,A00,,,,5.0,,,,5.25,6.4,,4
2038491,7510401,B00,,,,7.0,,,,,7.75,5.0,3
56003077,7480201,A00,,,,6.75,,,,8.0,6.4,,0
38001081,7810202,D15,6.25,4.0,9.0,,,,,,,,2
55000912,7480201,A00,,,,8.75,,,,6.75,8.4,,0
48031116,7340201,A01,,,7.6,8.2,,,,7.75,,,1
2007139,7510401,D07,,,7.0,6.75,,,,,6.8,,3
2021741,7540101,A01,,,8.0,9.0,,,,8.2,,,4
52002168,7540101,A01,,,7.6,7.0,,,,7.6,,,4
39002577,7540101,A01,,,6.6,7.25,,,,8.2,,,4
52007474,7520115,D01,5.0,,3.8,7.4,,,,,,,3
40004874,7340115,A00,,,,8.5,,,,7.75,7.2,,1
35002584,7510303,A00,,,,8.0,,,,8.0,8.0,,3
2043547,7480201,D07,,,7.8,7.75,,,,,7.2,,0
48032978,7810201,D01,5.4,,6.6,6.5,,,,,,,2
44011389,7510303,D01,5.6,,7.0,7.5,,,,,,,3
50000968,7340122,A00,,,,7.5,,,,8.0,7.2,,1
40013620,7340115,D01,6.8,,8.0,7.25,,,,,,,1
42010529,7340101,A00,,,,7.75,,,,6.75,7.4,,1
2084015,7340301,D01,7.5,,8.6,7.4,,,,,,,1
53001908,7810202,D01,8.5,,7.8,6.6,,,,,,,2
48018662,7340101,D01,7.0,,6.6,7.25,,,,,,,1
53011320,7510401,A01,,,6.2,4.75,,,,5.0,,,3
2017102,7540101,D07,,,6.8,8.0,,,,,8.0,,4
35002812,7340101,A00,,,,6.5,,,,7.5,7.8,,1
2043235,7480201,A00,,,,6.25,,,,8.25,8.0,,0
2053749,7340201,D01,6.4,,7.8,7.5,,,,,,,1
38003821,7540101,B00,,,,7.75,,,,,6.75,8.8,4
53006167,7420201,B00,,,,6.2,,,,,6.75,6.5,4
43000008,7220204,D09,,,7.6,8.5,,,5.2,,,,6
51013382,7340120,A00,,,,8.25,,,,8.0,8.4,,1
53012786,7540101,B00,,,,7.5,,,,,7.0,8.0,4
48011233,7480201,A01,,,7.2,8.25,,,,7.6,,,0
2074716,7340115,A00,,,,7.25,,,,8.0,8.6,,1
49015163,7340129,D01,7.2,,6.6,8.0,,,,,,,4
43005274,7420201,B00,,,,7.8,,,,,7.0,5.75,4
50011283,7540101,D07,,,7.8,7.5,,,,,7.4,,4
2054580,7340301,A00,,,,8.0,,,,7.75,8.0,,1
2034367,7340122,A00,,,,6.75,,,,7.0,8.0,,1
41008791,7220204,D01,7.6,,7.4,8.75,,,,,,,6
43008748,7810202,D01,6.75,,9.0,7.4,,,,,,,2
39005447,7220201,D01,7.8,,7.0,6.75,,,,,,,6
2035165,7480201,A01,,,8.4,8.0,,,,7.8,,,0
50001703,7540106,B00,,,,6.75,,,,,6.75,6.2,4
2065542,7810202,D01,6.6,,8.2,6.75,,,,,,,2
35012531,7540101,D07,,,7.6,8.4,,,,,8.25,,4
52007771,7340120,D01,8.0,,7.8,8.0,,,,,,,1
35007890,7380107,A00,,,,7.4,,,,7.0,7.5,,5
2004463,7810202,D01,7.8,,8.0,7.0,,,,,,,2
42004682,7340115,A00,,,,7.0,,,,8.0,7.8,,1
53011690,7340120,D01,8.8,,7.6,7.75,,,,,,,1
43005069,7380107,A00,,,,7.2,,,,7.5,7.0,,5
44007968,7340101,D01,7.0,,7.0,8.0,,,,,,,1
46007814,7340201,D01,7.4,,7.2,8.0,,,,,,,1
2015397,7510301,D01,7.4,,7.4,7.0,,,,,,,3
35009039,7340115,D01,6.6,,7.0,8.75,,,,,,,1
40015975,7480201,A00,,,,7.6,,,,7.25,7.75,,0
49000776,7480201,A01,,,6.4,7.0,,,,8.8,,,0
2072701,7540204,D01,7.0,,5.8,7.0,,,,,,,3
37015969,7480202,D01,5.5,,3.2,7.0,,,,,,,0
2072807,7340123,D01,4.2,,6.4,7.25,,,,,,,1
49009982,7340115,D01,7.8,,7.8,7.5,,,,,,,1
44004544,7480202,D01,7.0,,6.0,5.8,,,,,,,0
36003059,7340115,A00,,,,8.0,,,,8.5,7.4,,1
46009324,7819010,A00,,,,7.75,,,,4.75,6.2,,2
2046083,7510401,B00,,,,7.5,,,,,8.75,7.6,3
2028071,7510401,D07,,,7.8,8.4,,,,,6.25,,3
2022235,7340115,A01,,,8.4,8.0,,,,8.2,,,1
44003639,7340115,D01,8.25,,8.4,8.4,,,,,,,1
2070472,7510401,A00,,,,8.2,,,,6.75,8.0,,3
2031838,7819010,B00,,,,6.25,,,,,6.75,5.4,2
2084554,7340120,A00,,,,7.5,,,,7.25,7.6,,1
41004267,7340301,D01,8.8,,7.8,8.0,,,,,,,1
45000837,7480201,D01,7.75,,9.6,7.0,,,,,,,0
2065576,7340129,D01,7.0,,7.8,7.25,,,,,,,4
35007939,7480201,A00,,,,7.25,,,,7.25,7.6,,0
53009170,7340123,A00,,,,6.6,,,,6.75,7.75,,1
35001782,7810201,A01,,,7.0,8.4,,,,7.75,,,2
46010037,7480201,A01,,,6.8,7.75,,,,8.0,,,0
2062809,7520115,A00,,,,6.5,,,,7.25,7.0,,3
2037921,7810103,D01,7.5,,7.4,7.4,,,,,,,2
42008994,7540204,D01,5.25,,5.2,7.4,,,,,,,3
57004754,7420201,A01,,,8.0,6.5,,,,8.0,,,4
2045054,7480201,A01,,,8.2,8.0,,,,7.6,,,0
2025805,7510202,D01,5.4,,6.6,5.25,,,,,,,3
2035905,7380107,A00,,,,7.0,,,,7.5,7.8,,5
2040983,7510203,A00,,,,7.2,,,,4.75,4.5,,3
53001512,7340101,A01,,,7.8,8.0,,,,6.8,,,1
2022531,7540101,B00,,,,8.5,,,,,8.0,8.2,4
48016943,7810103,D01,4.6,,7.2,7.25,,,,,,,2
46009143,7220201,D01,7.5,,9.4,6.8,,,,,,,6
47012594,7510202,D01,4.4,,6.0,7.0,,,,,,,3
48032149,7340115,D01,8.0,,8.0,7.5,,,,,,,1
2084451,7340101,A00,,,,7.0,,,,8.0,8.0,,1
2022207,7340115,D01,7.4,,7.6,8.5,,,,,,,1
2037644,7340101,A00,,,,7.75,,,,7.0,7.4,,1
2080025,7540105,A00,,,,6.4,,,,5.25,6.25,,4
33009634,7510202,D01,2.8,,8.2,7.0,,,,,,,3
44009317,7540204,D01,7.0,,7.6,7.6,,,,,,,3
56011970,7810103,D15,7.75,5.8,7.5,,,,,,,,2
2073249,7510301,A00,,,,5.8,,,,5.25,6.75,,3
42011071,7340301,D01,6.6,,6.2,7.0,,,,,,,1
37004114,7540101,D07,,,8.0,8.6,,,,,7.5,,4
2008982,7340201,D01,7.25,,8.8,7.6,,,,,,,1
50007222,7810202,D15,8.0,5.2,6.42,,,,,,,,2
57003751,7540101,A00,,,,9.0,,,,6.25,8.8,,4
2081639,7380107,A01,,,9.0,6.8,,,,7.5,,,5
41001988,7340301,D01,6.6,,6.6,7.5,,,,,,,1
2042132,7480202,D01,6.6,,5.4,6.0,,,,,,,0
50006747,7510401,B00,,,,7.6,,,,,8.25,5.75,3
46001549,7340115,A00,,,,7.75,,,,8.0,8.6,,1
29002319,7340115,D01,6.8,,6.8,8.75,,,,,,,1
48027732,7340129,D01,6.8,,7.6,7.0,,,,,,,4
37013740,7340115,A00,,,,8.75,,,,6.75,8.0,,1
2066624,7510203,D01,6.75,,7.6,6.2,,,,,,,3
2030739,7510401,D07,,,9.2,8.0,,,,,7.0,,3
47009550,7220201,D01,7.75,,8.2,7.4,,,,,,,6
35003065,7480201,D07,,,6.4,7.8,,,,,8.5,,0
46008671,7510202,D01,6.5,,3.8,6.8,,,,,,,3
2022328,7540106,B00,,,,7.0,,,,,6.5,7.4,4
46002945,7340301,D01,8.25,,8.8,7.6,,,,,,,1
40014272,7510301,D01,7.0,,5.0,9.0,,,,,,,3
2048395,7340123,D01,7.0,,4.4,6.2,,,,,,,1
64001557,7540106,A00,,,,7.2,,,,7.0,7.0,,4
49010651,7340301,D01,8.25,,6.6,7.4,,,,,,,1
43008430,7220204,D01,7.75,,7.0,7.8,,,,,,,6
45001722,7340129,D01,7.6,,6.0,8.0,,,,,,,4
2018599,7220204,D09,,,7.6,7.75,,,6.8,,,,6
53014616,7540204,D01,8.0,,7.2,7.0,,,,,,,3
53010537,7340120,D01,7.0,,7.0,8.75,,,,,,,1
46001864,7340120,A01,,,7.6,8.4,,,,7.5,,,1
40003986,7340120,D01,7.4,,6.8,8.25,,,,,,,1
2054032,7340201,A00,,,,7.5,,,,7.75,8.4,,1
40013546,7340301,A00,,,,6.25,,,,8.75,8.6,,1
2006598,7340201,A00,,,,6.5,,,,7.5,7.4,,1
37013855,7340120,D01,7.8,,7.6,8.75,,,,,,,1
2067752,7380107,A01,,,8.4,7.8,,,,6.75,,,5
61006157,7520115,D01,5.6,,6.2,7.75,,,,,,,3
2043856,7340115,A00,,,,7.0,,,,7.5,8.0,,1
46006273,7380107,D01,6.5,,9.0,9.0,,,,,,,5
40013629,7340115,A01,,,7.4,7.5,,,,8.8,,,1
54010436,7340201,A00,,,,5.75,,,,7.75,7.6,,1
2051605,7220201,D01,8.6,,5.8,7.75,,,,,,,6
47002947,7540106,A00,,,,8.0,,,,7.25,6.75,,4
35009979,7510202,A00,,,,7.4,,,,6.75,5.25,,3
47005055,7340115,A00,,,,8.0,,,,7.5,7.8,,1
48024791,7340101,A01,,,8.6,8.0,,,,7.5,,,1
2018163,7340129,D01,7.2,,8.2,8.0,,,,,,,4
37008227,7220201,D01,7.0,,8.8,7.6,,,,,,,6
46000897,7480201,A00,,,,7.5,,,,6.5,7.2,,0
2039371,7420201,B00,,,,6.4,,,,,6.0,4.75,4
53000657,7340101,D01,5.6,,7.6,9.5,,,,,,,1
46006478,7810202,A01,,,9.0,7.4,,,,7.0,,,2
37001283,7420201,D07,,,7.6,8.5,,,,,6.8,,4
48030259,7220201,D01,6.75,,8.4,7.6,,,,,,,6
2072383,7480201,D01,8.2,,7.6,7.25,,,,,,,0
56008821,7340120,A00,,,,8.25,,,,8.0,9.0,,1
42011583,7340120,D01,8.0,,6.8,8.75,,,,,,,1
2051399,7380107,D01,6.8,,6.8,7.25,,,,,,,5
2070748,7420201,B00,,,,7.2,,,,,6.5,7.25,4
51004758,7340101,A00,,,,6.5,,,,7.0,7.0,,1
42011474,7340129,A01,,,6.6,6.5,,,,6.6,,,4
61000880,7510301,A00,,,,6.0,,,,6.25,6.75,,3
42005720,7480202,A00,,,,6.0,,,,7.5,7.8,,0
2006612,7510301,A00,,,,8.4,,,,6.75,7.0,,3
53006699,7220201,D01,6.8,,7.8,8.5,,,,,,,6
2007598,7340120,A01,,,8.2,8.25,,,,8.0,,,1
37006155,7340120,D01,7.0,,7.8,7.25,,,,,,,1
61000355,7810103,A01,,,8.6,7.2,,,,6.5,,,2
2064564,7380107,D01,5.6,,7.4,7.0,,,,,,,5
2069449,7340129,A00,,,,6.0,,,,6.25,7.6,,4
53007758,7340115,D01,7.8,,7.0,8.5,,,,,,,1
37002333,7340129,D01,7.2,,8.2,6.5,,,,,,,4
53004729,7340120,A00,,,,7.8,,,,8.0,8.25,,1
53014757,7420201,B00,,,,7.25,,,,,6.75,7.2,4
61003761,7380107,D01,6.2,,8.4,7.75,,,,,,,5
43001408,7810202,D01,7.8,,8.0,6.75,,,,,,,2
42011507,7340205,D01,7.6,,7.2,8.0,,,,,,,1
46001871,7340101,A00,,,,7.5,,,,8.25,7.6,,1
39004695,7510301,D01,7.75,,5.0,8.4,,,,,,,3
48026218,7540106,A00,,,,7.8,,,,7.5,8.5,,4
43004742,7850101,A00,,,,6.75,,,,6.25,7.0,,4
46002825,7510301,A00,,,,6.25,,,,6.0,6.8,,3
50004473,7540101,B00,,,,7.75,,,,,7.5,7.8,4
2042952,7340205,D01,8.0,,5.6,6.25,,,,,,,1
32002721,7510303,D01,6.2,,7.6,6.25,,,,,,,3
2071413,7510401,D07,,,7.4,6.75,,,,,5.0,,3
44004913,7340201,A00,,,,7.5,,,,8.0,7.4,,1
48015408,7340101,D01,5.4,,8.0,8.0,,,,,,,1
2083468,7520115,D01,7.5,,6.6,7.8,,,,,,,3
38002121,7810202,D01,6.4,,7.6,8.5,,,,,,,2
2068185,7480201,A01,,,7.6,6.25,,,,7.2,,,0
2036341,7540204,D01,7.25,,5.6,8.0,,,,,,,3
48014240,7340101,A00,,,,7.75,,,,7.5,7.2,,1
40003966,7340115,D01,7.0,,7.4,7.75,,,,,,,1
2079719,7510401,D07,,,7.6,7.75,,,,,7.0,,3
47002135,7220201,D01,7.0,,8.8,7.6,,,,,,,6
63003058,7810202,D01,7.6,,7.4,7.0,,,,,,,2
2035376,7380107,D01,7.25,,6.6,7.8,,,,,,,5
53010671,7220201,D01,8.0,,8.6,7.2,,,,,,,6
53014793,7340101,D01,7.8,,6.4,8.25,,,,,,,1
2063255,7480202,A00,,,,8.6,,,,6.5,7.0,,0
2040521,7480201,A00,,,,8.2,,,,8.25,8.0,,0
53008997,7340301,A01,,,7.4,7.2,,,,8.0,,,1
35009017,7380107,D01,7.4,,6.2,6.25,,,,,,,5
49006910,7480201,A00,,,,7.75,,,,7.25,8.4,,0
2063429,7510301,A01,,,7.6,6.25,,,,7.4,,,3
37000887,7510401,D07,,,7.2,8.25,,,,,6.8,,3
37011315,7819009,A00,,,,6.0,,,,6.25,6.2,,2
49008639,7340301,D01,7.0,,7.6,7.8,,,,,,,1
39005866,7810202,D01,5.6,,7.0,7.25,,,,,,,2
48026503,7340120,A00,,,,8.0,,,,7.25,8.75,,1
37007791,7810202,D15,8.25,4.0,7.25,,,,,,,,2
2023326,7540101,A00,,,,8.6,,,,7.5,8.5,,4
46000378,7340201,A00,,,,8.2,,,,6.75,8.0,,1
36003316,7480201,D07,,,8.2,7.2,,,,,7.5,,0
37008421,7340201,A00,,,,8.25,,,,8.25,8.0,,1
26007230,7340115,D01,6.8,,8.0,8.25,,,,,,,1
48018612,7340120,D01,6.8,,7.0,8.5,,,,,,,1
49010277,7340120,A00,,,,6.75,,,,8.5,7.8,,1
2075061,7510303,A00,,,,4.75,,,,5.25,7.4,,3
53013246,7380107,A01,,,7.4,7.75,,,,8.0,,,5
40002799,7340201,A00,,,,8.0,,,,6.5,8.0,,1
2018514,7510402,A00,,,,6.75,,,,6.5,6.6,,3
32006224,7340201,A00,,,,6.75,,,,7.5,7.2,,1
37000771,7810103,D01,8.4,,7.0,6.75,,,,,,,2
40014442,7340201,D01,7.8,,6.0,6.5,,,,,,,1
2006823,7510202,D01,5.25,,7.0,4.8,,,,,,,3
2042123,7510203,D07,,,6.4,7.0,,,,,6.8,,3
35010195,7340120,A00,,,,7.8,,,,7.5,8.5,,1
2043362,7340201,A00,,,,7.0,,,,7.75,7.4,,1
44012741,7480201,A01,,,7.0,8.5,,,,8.0,,,0
37001661,7480201,D01,8.6,,8.2,7.25,,,,,,,0
53003459,7340201,A00,,,,7.25,,,,7.75,8.6,,1
53010152,7340120,D01,7.4,,8.0,9.0,,,,,,,1
2083931,7480202,D01,6.5,,5.4,5.4,,,,,,,0
2043446,7480201,D01,6.5,,8.0,8.0,,,,,,,0
48011577,7510401,B00,,,,6.0,,,,,7.0,7.2,3
60004579,7380107,D01,5.0,,7.0,8.5,,,,,,,5
52002132,7340301,D01,8.0,,7.4,7.2,,,,,,,1
2047751,7380107,A01,,,8.0,6.75,,,,8.0,,,5
39001655,7510301,A00,,,,6.4,,,,5.75,5.5,,3
49002491,7340201,A01,,,6.0,7.0,,,,8.0,,,1
40006813,7340115,A00,,,,8.5,,,,6.5,7.8,,1
48008725,7480201,D01,8.4,,7.0,8.25,,,,,,,0
34015069,7340201,A00,,,,8.8,,,,7.0,7.5,,1
48007593,7340101,A01,,,8.8,8.4,,,,6.75,,,1
2066635,7480202,D01,7.6,,7.6,6.25,,,,,,,0
37006290,7340120,A01,,,8.2,8.0,,,,7.5,,,1
44005519,7480201,A00,,,,7.25,,,,7.75,7.8,,0
37005620,7340101,A00,,,,7.25,,,,7.75,7.6,,1
63006122,7340101,A00,,,,7.0,,,,6.75,6.8,,1
47000840,7340301,D01,7.25,,7.8,7.6,,,,,,,1
2011747,7810201,D01,7.4,,7.2,7.5,,,,,,,2
2024840,7810201,D01,6.0,,7.2,8.0,,,,,,,2
35005597,7480201,D01,6.6,,8.0,7.75,,,,,,,0
56007009,7340115,D01,7.4,,7.6,8.25,,,,,,,1
43002644,7510301,A00,,,,6.25,,,,5.75,6.4,,3
37009714,7380107,D01,7.4,,7.8,7.5,,,,,,,5
49010583,7220201,D01,7.25,,8.6,7.6,,,,,,,6
53012644,7220201,D01,8.0,,8.8,7.2,,,,,,,6
49013743,7540101,A00,,,,7.5,,,,7.5,8.0,,4
2071177,7480202,A00,,,,6.5,,,,6.75,6.6,,0
49007578,7340120,D01,8.0,,6.8,7.0,,,,,,,1
43009335,7340201,D01,7.0,,7.2,7.75,,,,,,,1
2034439,7480201,A00,,,,6.5,,,,7.75,7.8,,0
51019400,7810202,D01,6.8,,7.2,8.5,,,,,,,2
42001570,7850101,B00,,,,6.8,,,,,7.75,6.25,4
37000937,7510202,D01,8.0,,7.6,5.5,,,,,,,3
50003657,7810201,D01,6.4,,8.8,8.25,,,,,,,2
2043494,7340201,D01,7.0,,8.6,7.8,,,,,,,1
37000641,7380107,A01,,,8.2,7.8,,,,6.0,,,5
2080036,7810201,D01,8.0,,6.8,6.25,,,,,,,2
47000256,7340115,D01,8.25,,7.4,8.2,,,,,,,1
2065679,7510401,B00,,,,7.6,,,,,7.0,7.25,3
52005156,7340101,A00,,,,7.0,,,,7.5,7.4,,1
54008430,7380107,A00,,,,7.8,,,,7.25,8.75,,5
56012766,7220201,A01,,,9.2,7.4,,,,7.5,,,6
52006924,7810202,D01,7.0,,7.6,7.4,,,,,,,2
2030936,7510303,A00,,,,8.4,,,,7.0,7.5,,3
44010156,7510303,D01,7.0,,7.2,8.25,,,,,,,3
2014025,7220201,D01,7.5,,9.2,6.8,,,,,,,6
2021744,7340120,D01,7.8,,7.8,8.25,,,,,,,1
43000286,7380107,D01,7.5,,7.6,6.8,,,,,,,5
51018919,7480201,A00,,,,6.25,,,,7.75,7.8,,0
38010417,7480201,A00,,,,7.4,,,,7.0,8.0,,0
40019793,7420201,B00,,,,8.0,,,,,7.25,5.75,4
48008137,7520115,A00,,,,5.75,,,,5.25,8.0,,3
48025213,7810103,A00,,,,5.75,,,,7.75,6.2,,2
57005862,7340301,D01,5.4,,7.0,9.0,,,,,,,1
41012437,7480201,D01,8.0,,8.2,7.0,,,,,,,0
53015407,7540204,A00,,,,7.6,,,,6.0,4.75,,3
2008958,7810201,A01,,,8.2,7.8,,,,6.5,,,2
2054956,7480201,A00,,,,7.75,,,,7.5,7.4,,0
42012361,7340101,D01,7.0,,8.8,7.2,,,,,,,1
29009171,7340115,D01,7.2,,7.2,8.75,,,,,,,1
2064586,7540101,B00,,,,7.75,,,,,8.0,7.0,4
2022012,7340123,A00,,,,6.5,,,,6.75,8.0,,1
48025998,7340115,D01,7.8,,6.8,8.0,,,,,,,1
35003921,7810103,D01,7.75,,7.8,7.0,,,,,,,2
48005222,7480201,D07,,,7.0,7.0,,,,,7.2,,0
53008335,7510203,A00,,,,6.5,,,,7.0,7.6,,3
2050065,7340301,A00,,,,8.0,,,,7.5,7.5,,1
2037112,7510303,D07,,,7.8,7.0,,,,,7.6,,3
2019925,7810202,A00,,,,6.5,,,,6.75,7.6,,2
51000083,7480202,A01,,,8.2,8.2,,,,7.5,,,0
2031197,7510303,A00,,,,6.25,,,,6.25,9.0,,3
43002946,7340201,A00,,,,6.75,,,,7.75,6.6,,1
48002185,7380107,D15,6.75,6.4,7.25,,,,,,,,5
2066547,7340123,D01,6.75,,8.0,6.4,,,,,,,1
37006184,7380107,A00,,,,7.6,,,,6.75,7.25,,5
53000039,7340115,D01,7.2,,7.6,8.75,,,,,,,1
49004792,7340115,A00,,,,8.25,,,,8.75,7.6,,1
46005872,7540101,B00,,,,7.0,,,,,7.25,8.2,4
53008298,7510303,D01,6.8,,8.2,7.5,,,,,,,3
56003074,7480201,A00,,,,8.6,,,,8.0,6.75,,0
40002923,7480201,A00,,,,8.6,,,,6.75,8.0,,0
53013992,7480201,A00,,,,7.0,,,,8.25,8.2,,0
2038942,7340205,A01,,,7.8,6.25,,,,5.8,,,1
1087975,7540204,D01,4.6,,7.4,6.5,,,,,,,3
40013931,7220204,D01,8.5,,6.2,8.0,,,,,,,6
48008935,7540101,B00,,,,9.0,,,,,8.25,8.0,4
32003798,7340101,D01,7.8,,6.6,8.0,,,,,,,1
51014306,7480201,D01,9.2,,6.8,7.5,,,,,,,0
2037001,7340201,D01,8.4,,8.0,8.0,,,,,,,1
52005412,7480202,A00,,,,7.25,,,,7.5,8.0,,0
38012147,7340301,A00,,,,7.75,,,,8.25,7.0,,1
2088879,7340101,A00,,,,8.2,,,,7.5,8.25,,1
2025221,7340129,D01,6.2,,7.0,7.5,,,,,,,4
2030321,7340301,D01,6.4,,7.8,7.25,,,,,,,1
41001559,7540101,B00,,,,8.0,,,,,7.5,7.4,4
2047597,7510303,D01,6.25,,7.6,6.2,,,,,,,3
37013002,7340115,D01,7.4,,8.0,7.75,,,,,,,1
39005844,7480202,D01,6.2,,5.8,5.75,,,,,,,0
2080109,7220201,A01,,,8.4,7.5,,,,8.0,,,6
37008467,7380107,D01,7.0,,7.4,8.25,,,,,,,5
53015648,7540204,D01,6.5,,6.4,5.2,,,,,,,3
56001781,7340115,A00,,,,8.0,,,,8.25,8.4,,1
37000194,7340129,D01,4.8,,7.4,6.75,,,,,,,4
36000760,7340201,D01,5.2,,7.8,7.0,,,,,,,1
44002354,7340120,A00,,,,8.25,,,,8.0,8.0,,1
44007977,7510202,D01,7.2,,7.0,8.0,,,,,,,3
30003020,7480201,D01,6.2,,8.4,8.25,,,,,,,0
35012946,7380107,A00,,,,8.6,,,,7.25,7.0,,5
46008786,7850101,B00,,,,7.6,,,,,5.0,6.5,4
46006405,7220201,A01,,,8.2,8.4,,,,7.5,,,6
41006945,7340120,D01,7.2,,7.2,8.0,,,,,,,1
37016674,7220204,D01,7.75,,7.8,7.2,,,,,,,6
54009853,7480201,A01,,,8.4,7.25,,,,7.6,,,0
2043180,7340205,A01,,,7.4,7.5,,,,7.6,,,1
44009117,7380107,D01,7.6,,8.0,7.25,,,,,,,5
42006148,7480201,A00,,,,6.5,,,,9.0,7.4,,0
48024405,7340201,D01,6.6,,6.8,7.25,,,,,,,1
2044181,7480201,A01,,,7.2,7.5,,,,9.2,,,0
2007491,7510301,D01,6.5,,7.4,6.4,,,,,,,3
53001604,7220201,D01,7.5,,9.0,7.4,,,,,,,6
37013477,7510301,D01,5.75,,5.8,6.4,,,,,,,3
2046031,7520115,A01,,,7.0,6.0,,,,5.4,,,3
52005344,7340120,D01,7.4,,8.4,7.5,,,,,,,1
2046572,7510303,D01,5.75,,6.4,6.6,,,,,,,3
2047712,7480201,A01,,,8.4,7.2,,,,7.5,,,0
2047473,7510203,D01,6.25,,6.2,5.4,,,,,,,3
48029010,7340101,A00,,,,7.5,,,,6.5,7.4,,1
49012832,7340201,A00,,,,7.0,,,,7.25,6.2,,1
2079881,7540106,D07,,,7.4,6.5,,,,,7.0,,4
37015746,7340201,A01,,,8.2,7.0,,,,7.4,,,1
2063977,7480201,A00,,,,7.25,,,,8.25,8.4,,0
2083255,7340101,A00,,,,8.25,,,,7.75,7.8,,1
35011453,7340101,D01,8.75,,9.0,7.0,,,,,,,1
2016330,7510202,D01,5.8,,5.0,6.25,,,,,,,3
35001154,7340115,A00,,,,8.25,,,,8.5,8.0,,1
2079690,7380107,D01,7.5,,7.0,7.4,,,,,,,5
37007676,7340201,D01,7.8,,6.4,7.25,,,,,,,1
48010241,7340122,D01,7.2,,7.4,8.25,,,,,,,1
2068036,7220201,D09,,,7.8,7.75,,,6.8,,,,6
49002370,7510203,D01,4.6,,7.0,6.75,,,,,,,3
2039898,7340201,A00,,,,6.5,,,,7.0,7.2,,1
47004963,7340122,D01,6.4,,7.8,8.75,,,,,,,1
35003803,7510202,D01,7.75,,4.2,6.6,,,,,,,3
59006562,7220201,D01,6.8,,7.4,8.0,,,,,,,6
53000391,7340201,D01,8.75,,8.4,7.2,,,,,,,1
37015260,7510401,B00,,,,8.25,,,,,7.75,8.0,3
31005938,7340120,A00,,,,7.25,,,,7.25,8.6,,1
46006587,7510301,D07,,,6.6,7.0,,,,,7.4,,3
28034466,7220201,D01,6.6,,8.0,8.75,,,,,,,6
37007404,7510301,D01,5.75,,5.8,7.8,,,,,,,3
2064850,7810201,A00,,,,5.0,,,,6.25,7.0,,2
54011532,7220201,A01,,,8.2,7.8,,,,7.25,,,6
2035665,7220201,D01,7.8,,7.4,8.5,,,,,,,6
46009417,7340301,D01,7.5,,6.2,8.6,,,,,,,1
35006924,7340301,A00,,,,7.4,,,,7.0,8.25,,1
2047504,7510202,D01,6.5,,4.6,7.2,,,,,,,3
52011265,7340301,D01,8.0,,6.2,8.6,,,,,,,1
52000217,7480202,D01,8.0,,6.4,6.4,,,,,,,0
38002951,7480201,D01,7.25,,7.4,7.4,,,,,,,0
42011189,7380107,D01,6.5,,8.2,7.8,,,,,,,5
38014095,7220204,D01,5.8,,6.2,8.75,,,,,,,6
49010255,7340101,A00,,,,7.75,,,,8.0,7.4,,1
2076870,7340120,A01,,,7.6,7.75,,,,8.6,,,1
30015248,7340120,D01,6.4,,8.0,8.75,,,,,,,1
52003188,7480202,D07,,,9.0,7.6,,,,,7.25,,0
2042532,7340301,A01,,,7.2,8.4,,,,7.75,,,1
2025426,7340122,D01,7.0,,7.4,8.0,,,,,,,1
52003811,7220201,D01,8.6,,7.0,7.5,,,,,,,6
2079596,7510203,A00,,,,5.75,,,,6.75,7.0,,3
26016882,7340301,D01,8.75,,5.8,8.2,,,,,,,1
53013560,7220204,D01,6.8,,5.6,8.5,,,,,,,6
2069062,7480201,D01,7.5,,8.2,7.2,,,,,,,0
2035729,7510202,D01,6.4,,7.6,6.25,,,,,,,3
44009050,7480201,A01,,,7.2,7.75,,,,7.8,,,0
2022630,7510303,A00,,,,6.8,,,,5.0,7.5,,3
2065925,7220201,D01,8.8,,7.4,6.5,,,,,,,6
2006267,7340205,D01,5.0,,6.8,7.5,,,,,,,1
44008214,7540101,B00,,,,8.25,,,,,7.0,7.6,4
33004816,7380107,A00,,,,7.75,,,,7.25,8.4,,5
37011357,7540101,A00,,,,7.6,,,,7.25,8.5,,4
2040345,7810202,D01,7.5,,9.0,6.6,,,,,,,2
2072428,7340129,D01,7.0,,7.4,8.0,,,,,,,4
2080944,7850101,B00,,,,7.6,,,,,7.0,6.75,4
48000463,7510301,A00,,,,8.25,,,,7.0,7.0,,3
2015673,7340301,D01,6.4,,7.6,7.0,,,,,,,1
2006851,7480201,D01,8.2,,8.0,6.75,,,,,,,0
48013296,7340101,A00,,,,6.5,,,,7.75,8.0,,1
35009720,7510401,A00,,,,7.0,,,,6.0,6.75,,3
49006499,7340301,A00,,,,7.5,,,,7.5,8.2,,1
2062641,7480201,A01,,,8.6,7.5,,,,7.8,,,0
2087458,7480201,A00,,,,8.6,,,,7.25,7.25,,0
53013268,7510203,A00,,,,6.4,,,,5.25,4.5,,3
35011406,7340301,A00,,,,6.75,,,,6.25,7.2,,1
2031056,7540105,A00,,,,6.75,,,,6.75,7.2,,4
46005037,7380107,D01,7.2,,7.0,6.75,,,,,,,5
2024194,7510202,D01,6.0,,5.8,5.2,,,,,,,3
43005880,7340301,A00,,,,7.2,,,,7.75,9.0,,1
45003421,7340120,D01,6.8,,7.2,7.25,,,,,,,1
47009315,7340201,A01,,,7.6,7.8,,,,8.0,,,1
42012008,7510202,D01,6.6,,7.6,7.5,,,,,,,3
2069574,7340201,D01,7.4,,6.6,7.5,,,,,,,1
2065423,7480201,D01,7.0,,9.2,6.8,,,,,,,0
2023406,7510202,D01,3.4,,7.0,6.5,,,,,,,3
59000705,7340115,D01,7.8,,7.2,8.75,,,,,,,1
2033406,7220201,D01,6.75,,9.6,7.4,,,,,,,6
47009806,7810103,D15,5.75,5.6,7.25,,,,,,,,2
2031124,7340301,A00,,,,7.6,,,,8.25,7.25,,1
43009053,7380107,A00,,,,7.8,,,,6.75,7.5,,5
46002285,7220204,D01,7.2,,7.8,8.0,,,,,,,6
56010199,7540101,A00,,,,6.75,,,,7.75,8.2,,4
2035847,7220201,D01,7.8,,7.2,6.75,,,,,,,6
46005826,7340115,D01,7.4,,8.2,7.75,,,,,,,1
2083498,7220201,D01,7.0,,8.8,7.8,,,,,,,6
2080196,7340120,A00,,,,8.0,,,,6.5,8.2,,1
49001724,7480201,A00,,,,8.0,,,,7.75,7.4,,0
53009463,7510401,A00,,,,7.5,,,,8.5,7.6,,3
31003512,7480202,D01,4.4,,6.6,7.75,,,,,,,0
56002230,7540101,A00,,,,7.0,,,,6.25,7.4,,4
2060341,7540101,B00,,,,8.2,,,,,8.5,8.25,4
2008725,7340201,D01,6.6,,7.8,6.75,,,,,,,1
52006029,7340115,D01,8.4,,8.2,7.5,,,,,,,1
58000631,7540204,D01,3.0,,7.2,6.5,,,,,,,3
53012916,7540204,D01,6.5,,4.4,7.4,,,,,,,3
42001753,7220201,D01,7.6,,6.0,7.5,,,,,,,6
2083639,7340201,D01,8.5,,8.2,7.6,,,,,,,1
54001401,7340115,A01,,,8.6,8.25,,,,7.8,,,1
2075069,7340120,A00,,,,7.25,,,,8.0,7.2,,1
2050372,7540204,D01,7.5,,9.6,6.6,,,,,,,3
2063440,7340123,D01,7.5,,4.8,6.4,,,,,,,1
48018030,7340301,D01,6.2,,7.6,7.75,,,,,,,1
52012394,7340115,A00,,,,8.0,,,,8.0,8.2,,1
61009978,7510301,D01,6.75,,5.4,5.2,,,,,,,3
2028658,7340120,A01,,,9.2,7.8,,,,7.0,,,1
2040202,7380107,A01,,,6.0,8.2,,,,7.5,,,5
2013273,7540105,A00,,,,7.2,,,,7.0,7.75,,4
42011344,7380107,D01,7.25,,6.6,7.0,,,,,,,5
2061663,7480202,D01,7.25,,8.0,8.2,,,,,,,0
2064054,7340120,A00,,,,6.75,,,,7.5,7.8,,1
46009254,7540101,B00,,,,7.75,,,,,7.75,7.8,4
37008256,7380107,D01,6.5,,7.2,8.0,,,,,,,5
40012729,7480201,A01,,,7.4,6.5,,,,7.2,,,0
47006364,7510301,D01,7.2,,7.4,7.25,,,,,,,3
46002951,7340201,A00,,,,8.6,,,,7.25,7.25,,1
53002172,7220201,D01,8.5,,8.0,7.6,,,,,,,6
53008359,7420201,B00,,,,4.75,,,,,6.25,6.2,4
37005579,7340101,A00,,,,8.4,,,,8.0,8.0,,1
2023545,7850101,B00,,,,7.0,,,,,5.5,5.5,4
3007089,7340120,A01,,,9.0,8.2,,,,8.0,,,1
2083145,7340122,A00,,,,7.75,,,,7.25,7.0,,1
2017465,7540106,A00,,,,6.5,,,,7.0,7.4,,4
2048868,7540204,D01,7.5,,8.4,7.4,,,,,,,3
35010294,7340101,A00,,,,7.25,,,,6.25,8.4,,1
42008661,7220204,D01,6.0,,7.2,8.25,,,,,,,6
2022655,7340201,D01,8.4,,7.2,7.0,,,,,,,1
2075079,7220201,D01,7.75,,8.6,7.4,,,,,,,6
43006948,7540101,A00,,,,8.0,,,,7.25,7.4,,4
2049249,7810201,D01,5.6,,6.6,6.75,,,,,,,2
2052900,7420201,A01,,,7.4,7.5,,,,8.4,,,4
40005034,7340120,A00,,,,8.6,,,,7.25,7.75,,1
56005476,7480202,A00,,,,6.25,,,,8.0,8.6,,0
39009879,7480201,D01,6.6,,8.2,6.0,,,,,,,0
46002000,7810103,D01,8.0,,4.8,6.75,,,,,,,2
48012409,7340120,A00,,,,7.4,,,,7.5,8.25,,1
30016196,7480201,A00,,,,7.75,,,,7.5,8.0,,0
2018328,7520115,A00,,,,6.25,,,,5.25,7.4,,3
41011310,7220201,D01,8.2,,8.0,7.25,,,,,,,6
48019845,7380107,A00,,,,7.6,,,,6.75,7.5,,5
31002543,7540204,D01,7.75,,5.4,6.4,,,,,,,3
2064625,7340129,A00,,,,5.75,,,,5.5,7.0,,4
2043510,7510303,A00,,,,7.0,,,,7.25,9.0,,3
37012502,7220204,D01,7.5,,8.4,8.0,,,,,,,6
41004575,7340115,A00,,,,8.25,,,,7.75,7.4,,1
2005692,7510202,A01,,,6.8,6.25,,,,5.8,,,3
2009295,7340101,A00,,,,7.0,,,,7.75,7.4,,1
2022829,7340120,A00,,,,8.0,,,,8.5,7.6,,1
2024834,7340101,D01,8.25,,8.4,7.2,,,,,,,1
2045359,7810201,D01,7.5,,8.0,8.0,,,,,,,2
2046739,7510401,B00,,,,6.6,,,,,6.75,3.5,3
38005806,7220204,D01,6.4,,6.8,7.75,,,,,,,6
53014365,7340120,A00,,,,8.2,,,,7.25,8.0,,1
2048383,7540106,D07,,,7.0,7.2,,,,,7.25,,4
46004891,7480201,D01,7.75,,7.4,7.0,,,,,,,0
2036495,7340101,D01,6.8,,7.0,7.25,,,,,,,1
2063555,7220201,A01,,,7.8,7.5,,,,8.4,,,6
57005548,7460108,D01,6.6,,7.2,6.5,,,,,,,0
37017584,7340205,D01,6.4,,6.6,7.0,,,,,,,1
44001366,7480201,A00,,,,8.0,,,,7.75,8.0,,0
47004874,7810201,D01,8.0,,7.0,7.8,,,,,,,2
37012958,7480202,A00,,,,7.75,,,,6.5,8.2,,0
2028508,7510203,D01,7.0,,5.6,8.0,,,,,,,3
2050188,7480201,A01,,,8.0,8.0,,,,7.5,,,0
53004913,7540101,B00,,,,8.5,,,,,6.25,7.4,4
49013756,7810103,A01,,,8.2,7.0,,,,8.0,,,2
43003043,7340101,D01,6.75,,8.4,8.4,,,,,,,1
48024579,7510303,D01,7.0,,7.0,7.5,,,,,,,3
2061224,7340201,D01,7.25,,9.6,7.0,,,,,,,1
48010517,7480201,A00,,,,6.75,,,,7.5,6.8,,0
2068187,7220204,D01,7.25,,8.8,7.0,,,,,,,6
53000098,7340101,A00,,,,6.25,,,,8.25,8.6,,1
48006712,7380107,D01,7.6,,8.4,7.5,,,,,,,5
2071853,7480201,A00,,,,7.0,,,,7.75,7.6,,0
2071906,7480201,A00,,,,7.0,,,,8.5,7.8,,0
49006825,7540101,A00,,,,8.5,,,,7.5,8.2,,4
2073422,7540106,A00,,,,8.4,,,,6.75,8.25,,4
39010497,7340201,A01,,,8.4,8.2,,,,7.25,,,1
2083570,7480202,A00,,,,7.2,,,,6.5,6.5,,0
53010197,7810202,D15,6.75,6.4,8.25,,,,,,,,2
56011632,7540105,D07,,,7.0,5.75,,,,,7.0,,4
63003387,7480201,A01,,,8.8,6.8,,,,6.5,,,0
2005911,7510202,A00,,,,7.6,,,,7.25,7.5,,3
46004953,7480201,A00,,,,8.2,,,,6.75,7.5,,0
37004838,7540106,A00,,,,7.0,,,,6.5,6.75,,4
2041821,7340115,A01,,,7.8,7.0,,,,7.8,,,1
37010433,7340115,A00,,,,8.8,,,,7.5,8.0,,1
30009120,7340115,D01,7.0,,7.8,8.75,,,,,,,1
59008505,7510202,D01,4.4,,4.8,7.5,,,,,,,3
60001639,7480201,A00,,,,7.4,,,,7.75,7.75,,0
2017627,7340101,A00,,,,7.5,,,,7.5,8.2,,1
46001525,7340201,D01,8.0,,7.0,7.0,,,,,,,1
2028383,7480201,A01,,,8.4,7.75,,,,7.4,,,0
2052633,7480201,A01,,,8.8,5.75,,,,7.6,,,0
2026029,7340201,A00,,,,6.25,,,,7.5,7.6,,1
50003914,7220204,D01,7.6,,7.4,8.25,,,,,,,6
41004019,7480202,A00,,,,8.2,,,,7.25,7.75,,0
48022094,7340120,A00,,,,7.5,,,,7.75,6.6,,1
53013187,7520115,D01,3.6,,6.6,7.25,,,,,,,3
2042382,7480201,D01,6.4,,7.8,7.25,,,,,,,0
2067018,7510203,D01,6.5,,5.4,7.4,,,,,,,3
2023452,7810202,D01,6.75,,8.2,8.0,,,,,,,2
2015189,7340115,A01,,,6.8,8.25,,,,9.0,,,1
2084653,7480201,A01,,,8.2,6.25,,,,8.0,,,0
2070192,7220201,A01,,,9.4,7.2,,,,7.0,,,6
53015225,7340101,D01,6.6,,7.4,8.25,,,,,,,1
43006237,7480201,A00,,,,8.6,,,,6.25,7.5,,0
64002141,7340101,A00,,,,7.75,,,,6.75,8.8,,1
2001087,7850101,B00,,,,6.5,,,,,5.75,6.2,4
40004688,7510303,D01,7.5,,4.2,5.4,,,,,,,3
53015845,7220201,D01,8.5,,7.8,7.4,,,,,,,6
42009076,7510203,D01,5.8,,6.2,7.25,,,,,,,3
42008781,7380107,D01,7.2,,7.4,8.0,,,,,,,5
51007995,7340101,A00,,,,8.2,,,,8.5,7.25,,1
2051333,7340201,A00,,,,7.25,,,,7.75,6.8,,1
2047522,7510303,D01,7.0,,7.0,5.4,,,,,,,3
40005715,7480202,D01,6.0,,3.8,8.2,,,,,,,0
2067087,7340129,D01,8.0,,6.8,7.0,,,,,,,4
57000377,7540101,A00,,,,8.4,,,,8.0,8.75,,4
2050341,7220201,D01,8.25,,9.6,7.8,,,,,,,6
2084105,7340101,D01,6.2,,7.6,8.25,,,,,,,1
59009001,7460108,D01,5.6,,6.2,7.0,,,,,,,0
2029829,7810201,D01,4.0,,7.4,7.25,,,,,,,2
35000027,7510303,A00,,,,7.2,,,,6.75,4.25,,3
40013027,7480201,A01,,,7.4,7.8,,,,7.0,,,0
53014614,7810201,D01,6.6,,7.8,8.0,,,,,,,2
2048394,7510202,A00,,,,7.0,,,,6.5,7.5,,3
53010381,7520115,D01,5.2,,7.2,7.0,,,,,,,3
50001927,7340122,A00,,,,7.5,,,,6.75,7.6,,1
2044042,7480201,D07,,,6.4,7.25,,,,,8.0,,0
2061021,7380107,D01,7.4,,7.6,7.25,,,,,,,5
37016756,7340115,A00,,,,7.5,,,,8.25,8.0,,1
35001903,7220201,D01,8.25,,7.8,7.2,,,,,,,6
2064957,7340101,A01,,,7.6,7.25,,,,8.8,,,1
2040370,7220201,D01,7.5,,9.0,8.2,,,,,,,6
44008233,7340115,D01,8.4,,7.8,7.25,,,,,,,1
57004422,7810201,D01,6.8,,7.8,6.5,,,,,,,2
43007929,7480201,A00,,,,8.4,,,,7.75,7.25,,0
2018852,7810201,D01,8.6,,7.0,7.75,,,,,,,2
39004491,7850101,A00,,,,7.6,,,,7.5,7.75,,4
37011950,7220204,A01,,,8.0,7.25,,,,6.4,,,6
2072194,7810103,A00,,,,7.0,,,,7.75,7.4,,2
2061120,7340120,A01,,,7.4,6.75,,,,8.2,,,1
37016103,7340122,D01,8.0,,7.4,7.25,,,,,,,1
61003720,7540105,A00,,,,7.75,,,,7.5,7.2,,4
2040398,7340129,D01,6.2,,6.0,7.5,,,,,,,4
46005124,7480202,A00,,,,7.25,,,,7.0,7.2,,0
54009133,7380107,A00,,,,8.0,,,,8.5,7.5,,5
2083441,7220201,D01,8.0,,8.4,7.8,,,,,,,6
2044386,7520115,D01,7.6,,6.4,7.25,,,,,,,3
57001264,7480201,A00,,,,7.75,,,,7.5,7.6,,0
2067472,7340301,A00,,,,8.0,,,,7.5,7.75,,1
50006258,7420201,B00,,,,7.8,,,,,6.5,6.75,4
2041511,7340101,A00,,,,7.5,,,,6.25,8.4,,1
37012951,7540204,D01,6.75,,5.8,6.8,,,,,,,3
2067978,7340115,D01,7.6,,6.8,8.5,,,,,,,1
46003155,7380107,A00,,,,6.0,,,,6.75,6.6,,5
44009481,7510301,D01,6.8,,7.2,7.5,,,,,,,3
40017401,7340101,A01,,,8.4,7.25,,,,8.6,,,1
50005723,7540105,B00,,,,7.6,,,,,7.75,7.0,4
2088669,7480201,D01,6.5,,8.8,7.8,,,,,,,0
2000513,7540101,D07,,,8.6,8.0,,,,,6.8,,4
48005232,7480201,D01,7.6,,7.6,7.75,,,,,,,0
46008040,7340301,A00,,,,6.75,,,,7.25,7.6,,1
2077564,7510301,A00,,,,6.5,,,,6.75,8.0,,3
37001099,7220204,D09,,,8.6,8.0,,,7.75,,,,6
63002172,7340120,D01,8.5,,7.8,8.0,,,,,,,1
48008770,7540101,B00,,,,7.25,,,,,8.0,7.0,4
44010633,7480201,D07,,,7.6,7.5,,,,,8.0,,0
2067285,7510301,D01,7.0,,7.2,8.0,,,,,,,3
2040933,7340301,A00,,,,7.25,,,,8.25,7.8,,1
43002791,7480201,A00,,,,6.5,,,,8.25,7.8,,0
52007904,7220201,D01,7.5,,9.2,7.2,,,,,,,6
46007942,7380107,A01,,,8.6,6.6,,,,7.0,,,5
46006002,7480201,A00,,,,7.0,,,,7.75,7.5,,0
46006799,7480201,D07,,,7.4,7.25,,,,,7.2,,0
2028363,7510401,A00,,,,7.8,,,,5.75,6.0,,3
56013002,7540106,A00,,,,7.2,,,,7.75,7.5,,4
43007601,7480201,A00,,,,7.8,,,,8.25,7.5,,0
2045683,7480201,A00,,,,7.0,,,,7.25,7.8,,0
49002513,7220201,D01,7.6,,5.6,8.0,,,,,,,6
2034933,7510203,D01,7.6,,7.0,7.0,,,,,,,3
46010116,7510202,D01,3.8,,6.6,7.5,,,,,,,3
40007857,7340123,D01,7.0,,4.4,7.0,,,,,,,1
2014332,7340129,A00,,,,7.6,,,,7.0,7.0,,4
45002082,7340101,D01,8.6,,6.8,8.0,,,,,,,1
37009816,7340129,D01,7.2,,7.2,7.25,,,,,,,4
2079401,7340101,D01,8.4,,8.0,8.25,,,,,,,1
2042519,7220201,D01,7.75,,8.6,8.0,,,,,,,6
2031416,7220204,D01,7.75,,8.8,7.2,,,,,,,6
2025521,7480201,A00,,,,8.25,,,,8.0,7.2,,0
43001606,7340201,A00,,,,8.2,,,,8.0,7.0,,1
56011616,7340101,A01,,,7.4,7.75,,,,7.6,,,1
47005046,7340115,D01,7.6,,6.8,8.0,,,,,,,1
63001585,7480201,A00,,,,8.2,,,,6.75,7.75,,0
38010125,7540101,B00,,,,8.5,,,,,7.5,7.6,4
43000506,7480201,A01,,,8.0,8.0,,,,7.0,,,0
48015928,7380107,D01,7.6,,7.8,7.75,,,,,,,5
52002701,7480201,D01,6.4,,7.4,7.25,,,,,,,0
2063744,7380107,D01,6.0,,8.6,7.2,,,,,,,5
2081803,7220201,D09,,,6.4,8.25,,,7.6,,,,6
48011065,7510303,D01,7.4,,6.6,7.0,,,,,,,3
37004160,7540101,A00,,,,8.0,,,,8.5,8.2,,4
42007551,7480201,A00,,,,6.75,,,,7.0,7.8,,0
2028064,7520115,A00,,,,7.0,,,,7.25,6.75,,3
2050298,7480202,D01,8.0,,6.2,6.5,,,,,,,0
45002315,7340201,A00,,,,7.0,,,,7.5,7.6,,1
53007960,7510301,D01,7.4,,7.2,7.75,,,,,,,3
53012706,7510203,D01,6.25,,5.4,6.0,,,,,,,3
2025795,7220201,A01,,,7.8,7.0,,,,8.8,,,6
37016939,7380107,D01,7.0,,6.6,8.25,,,,,,,5
49003660,7510202,A00,,,,7.8,,,,7.0,7.0,,3
44009126,7480201,D01,6.8,,7.2,7.75,,,,,,,0
2007916,7819009,A01,,,7.4,6.0,,,,5.4,,,2
47008516,7480201,D07,,,6.6,8.2,,,,,8.25,,0
44010474,7510202,D01,3.4,,8.0,6.75,,,,,,,3
40004165,7340120,D01,6.2,,7.8,8.0,,,,,,,1
43008256,7480201,A00,,,,7.5,,,,8.0,7.6,,0
63001366,7480202,D01,6.0,,6.4,6.4,,,,,,,0
2069633,7480201,A01,,,7.6,7.75,,,,8.2,,,0
46004882,7340201,A00,,,,6.5,,,,7.5,7.2,,1
37011997,7480201,A00,,,,8.0,,,,8.0,7.75,,0
2019046,7340301,D01,7.75,,7.4,8.0,,,,,,,1
42011976,7510401,A00,,,,6.0,,,,7.5,7.4,,3
60003984,7510303,D01,7.25,,6.0,7.8,,,,,,,3
40007358,7340101,A00,,,,7.8,,,,8.25,7.75,,1
53006810,7540105,A00,,,,7.6,,,,7.25,7.25,,4
37004040,7340201,D01,7.2,,7.0,6.75,,,,,,,1
31002436,7540101,B00,,,,7.5,,,,,7.5,8.6,4
37011961,7510202,D01,5.8,,6.8,6.0,,,,,,,3
53004555,7380107,A00,,,,8.25,,,,7.0,8.6,,5
44005712,7480201,A00,,,,8.25,,,,8.75,7.8,,0
42000138,7340101,A01,,,9.2,8.4,,,,7.75,,,1
2033525,7810201,D01,5.2,,7.0,7.5,,,,,,,2
2073393,7340201,A00,,,,8.2,,,,7.25,7.5,,1
48025225,7810201,D01,6.2,,6.8,7.0,,,,,,,2
2039139,7540101,D07,,,7.0,6.5,,,,,8.6,,4
2031396,7510406,A01,,,7.0,5.0,,,,4.6,,,4
46006595,7540106,A01,,,4.6,7.6,,,,7.25,,,4
2047594,7480201,D07,,,8.0,8.4,,,,,8.25,,0
53013678,7810202,A00,,,,8.25,,,,6.5,6.8,,2
47000867,7340120,D01,8.5,,8.8,7.4,,,,,,,1
51004968,7810201,A00,,,,7.25,,,,7.0,7.0,,2
2046427,7810202,A00,,,,7.25,,,,7.75,7.8,,2
30002548,7340101,D01,7.6,,7.0,7.0,,,,,,,1
35007773,7340129,D01,5.4,,7.8,8.25,,,,,,,4
42013696,7220201,D01,8.6,,7.4,7.75,,,,,,,6
49015814,7340101,A00,,,,8.0,,,,7.75,7.5,,1
2036884,7510203,A00,,,,7.25,,,,7.75,8.2,,3
43000110,7510303,A00,,,,7.8,,,,7.25,7.5,,3
2017280,7380107,D15,7.75,6.8,7.25,,,,,,,,5
2025511,7510203,A00,,,,7.5,,,,6.25,7.8,,3
37005585,7340201,A00,,,,8.5,,,,6.75,8.2,,1
49003543,7340201,A00,,,,6.5,,,,6.0,8.2,,1
49005616,7380107,A00,,,,8.8,,,,6.75,8.25,,5
54010049,7340201,A01,,,6.8,8.0,,,,7.0,,,1
2087816,7380107,A00,,,,8.2,,,,6.75,7.5,,5
37008062,7510202,A00,,,,7.8,,,,5.5,7.0,,3
49010028,7510401,B00,,,,7.25,,,,,6.25,6.4,3
2023901,7810202,D15,6.75,5.8,6.0,,,,,,,,2
29035794,7480201,A00,,,,7.5,,,,8.0,7.8,,0
2017730,7510202,A00,,,,6.0,,,,4.75,5.75,,3
41010121,7340301,D01,5.75,,8.6,7.8,,,,,,,1
2060401,7540101,A00,,,,9.2,,,,7.25,8.0,,4
40010976,7810103,A01,,,8.0,7.4,,,,7.0,,,2
2022799,7810103,D01,7.0,,8.4,7.6,,,,,,,2
48016260,7340101,A00,,,,8.0,,,,7.25,8.5,,1
56001870,7220204,D01,7.0,,7.6,9.25,,,,,,,6
2065031,7340201,A00,,,,8.0,,,,6.25,7.4,,1
41013728,7380107,D01,5.0,,7.2,8.0,,,,,,,5
2022957,7340129,D01,6.8,,7.8,7.5,,,,,,,4
2079852,7480201,A00,,,,8.0,,,,7.25,8.4,,0
2049968,7819009,B00,,,,4.75,,,,,6.5,5.0,2
2039064,7340201,A00,,,,7.6,,,,8.5,8.5,,1
2043734,7810202,D01,4.8,,8.4,6.75,,,,,,,2
53002627,7480202,A00,,,,7.6,,,,5.5,5.75,,0
2043969,7480201,A01,,,7.4,6.5,,,,7.8,,,0
47009521,7380107,A00,,,,7.6,,,,7.75,7.5,,5
42007330,7340115,D01,8.2,,7.2,7.0,,,,,,,1
44007329,7220201,D01,8.4,,7.0,7.25,,,,,,,6
37003311,7480201,D01,5.2,,7.8,7.75,,,,,,,0
53003170,7510203,D01,8.25,,4.6,5.0,,,,,,,3
37002700,7340201,A00,,,,8.2,,,,7.75,7.25,,1
44006531,7420201,B00,,,,8.25,,,,,7.0,6.6,4
2004290,7220201,A01,,,7.4,7.0,,,,6.8,,,6
53011307,7340129,D01,5.2,,6.8,7.0,,,,,,,4
37009996,7480201,A01,,,7.8,8.0,,,,8.4,,,0
49011255,7380107,D01,7.25,,8.4,6.6,,,,,,,5
32008502,7340201,A01,,,8.0,8.25,,,,6.8,,,1
44006837,7380107,A00,,,,7.0,,,,7.0,8.0,,5
53009507,7510303,D01,5.8,,7.2,7.0,,,,,,,3
2063961,7510401,A00,,,,7.0,,,,7.5,7.2,,3
35011499,7510301,A00,,,,7.25,,,,6.75,7.2,,3
48028810,7340120,D01,7.6,,7.2,8.0,,,,,,,1
2075860,7510301,A00,,,,5.0,,,,7.75,7.0,,3
40007596,7380107,D01,4.4,,7.6,7.5,,,,,,,5
2034390,7340120,A01,,,7.4,7.5,,,,6.8,,,1
47003635,7480201,D07,,,8.4,8.25,,,,,8.6,,0
2057236,7810201,D15,7.75,7.2,6.5,,,,,,,,2
36000619,7480201,A00,,,,7.75,,,,6.5,8.8,,0
2046156,7340201,D01,7.2,,8.0,7.75,,,,,,,1
47003417,7340115,A00,,,,7.75,,,,7.75,8.4,,1
39010420,7340120,D01,7.5,,8.0,7.8,,,,,,,1
2068513,7480202,A01,,,7.2,7.0,,,,6.4,,,0
42008587,7540101,A00,,,,6.75,,,,7.0,6.8,,4
59001334,7340115,D01,8.25,,8.8,7.8,,,,,,,1
37011505,7340120,D01,7.5,,8.2,7.6,,,,,,,1
57004367,7810201,A00,,,,7.25,,,,8.0,7.4,,2
47002998,7540101,B00,,,,8.2,,,,,7.75,8.0,4
46001970,7480201,D01,6.75,,9.0,7.2,,,,,,,0
52008481,7220204,D01,6.6,,6.2,8.25,,,,,,,6
52004607,7480201,A00,,,,6.75,,,,7.25,7.2,,0
38003125,7510303,A00,,,,7.8,,,,6.0,8.0,,3
2016457,7340201,A00,,,,6.5,,,,7.0,8.2,,1
2026186,7380107,D01,9.4,,7.8,6.0,,,,,,,5
53003603,7420201,B00,,,,8.0,,,,,7.75,7.2,4
47003985,7220204,D01,8.25,,8.4,7.6,,,,,,,6
32001241,7340115,A00,,,,8.0,,,,8.25,7.4,,1
41008038,7340101,D01,6.8,,7.4,8.0,,,,,,,1
2068598,7340115,A00,,,,8.25,,,,7.25,8.0,,1
61008761,7810202,D01,8.25,,7.0,6.8,,,,,,,2
2036564,7340101,A00,,,,7.75,,,,8.75,8.0,,1
52001673,7340201,D01,7.75,,8.2,7.0,,,,,,,1
48030436,7480202,D01,7.4,,8.0,6.5,,,,,,,0
38003229,7340120,A00,,,,7.0,,,,7.5,8.0,,1
54001024,7810202,D01,7.0,,7.8,8.0,,,,,,,2
2084906,7340301,D01,8.0,,6.6,8.0,,,,,,,1
46006375,7510301,D01,7.5,,3.6,6.8,,,,,,,3
37016622,7380107,D15,6.0,6.4,8.0,,,,,,,,5
2039875,7480202,D01,6.25,,7.0,7.2,,,,,,,0
2073779,7340120,D01,8.25,,8.8,7.4,,,,,,,1
44011756,7480201,A00,,,,7.25,,,,7.25,7.4,,0
2062758,7340205,D01,6.0,,7.2,7.0,,,,,,,1
41011297,7340301,A00,,,,6.8,,,,7.5,8.0,,1
56009076,7520115,A00,,,,5.25,,,,5.75,6.8,,3
46009229,7850101,A00,,,,7.0,,,,5.75,6.5,,4
2021175,7480201,D07,,,8.8,6.8,,,,,7.0,,0
43010004,7340101,A00,,,,8.2,,,,8.25,8.75,,1
51008063,7480202,A00,,,,7.0,,,,7.0,6.8,,0
56003897,7540101,A00,,,,9.0,,,,8.75,8.75,,4
2025338,7520115,D01,5.4,,5.8,5.75,,,,,,,3
2054940,7220201,A01,,,7.2,7.75,,,,7.6,,,6
2075439,7220201,D01,7.8,,6.6,7.5,,,,,,,6
36003323,7340120,A00,,,,7.0,,,,7.5,8.4,,1
2048416,7480201,A00,,,,8.2,,,,7.5,8.0,,0
2011377,7810103,D01,8.2,,7.2,5.75,,,,,,,2
2039136,7480201,D01,7.2,,8.6,8.5,,,,,,,0
37010474,7540204,D01,5.75,,5.2,5.6,,,,,,,3
48018204,7510203,D01,6.5,,6.0,6.8,,,,,,,3
46009630,7380107,A00,,,,7.4,,,,7.25,7.0,,5
2012569,7340129,D01,8.4,,7.8,6.5,,,,,,,4
44004582,7340129,D01,7.0,,7.2,6.4,,,,,,,4
2079256,7510301,A00,,,,7.5,,,,7.5,7.6,,3
43006556,7340120,D01,6.6,,7.6,7.75,,,,,,,1
45001988,7510202,A00,,,,7.2,,,,5.5,5.25,,3
53003591,7220204,D01,7.5,,8.8,7.6,,,,,,,6
2064796,7480201,D01,7.6,,8.4,6.5,,,,,,,0
2066438,7520115,D01,7.0,,5.4,8.0,,,,,,,3
50008114,7340123,A00,,,,6.25,,,,8.0,8.0,,1
63001108,7810201,D01,5.6,,7.6,6.25,,,,,,,2
2048273,7510203,A00,,,,7.8,,,,7.0,8.25,,3
38005632,7380107,A00,,,,7.2,,,,6.5,8.25,,5
41004550,7340122,A00,,,,8.25,,,,6.75,7.8,,1
51002839,7510202,D01,4.4,,7.0,9.0,,,,,,,3
2040391,7220201,D01,7.25,,9.0,8.4,,,,,,,6
2076882,7510401,B00,,,,6.2,,,,,7.0,5.0,3
48000643,7220204,A01,,,8.0,8.0,,,,8.6,,,6
2042231,7510203,D07,,,8.6,7.5,,,,,6.4,,3
2040580,7420201,B00,,,,8.0,,,,,7.0,7.0,4
2064046,7340101,D01,8.4,,6.6,6.0,,,,,,,1
42005233,7340201,D01,6.4,,8.4,8.0,,,,,,,1
2055798,7510303,D07,,,7.6,6.75,,,,,7.6,,3
50010921,7220201,D09,,,6.2,8.75,,,7.6,,,,6
38010670,7340115,A01,,,7.6,8.0,,,,8.0,,,1
48007993,7480201,A01,,,7.4,6.75,,,,8.0,,,0
56011840,7420201,A00,,,,7.2,,,,6.0,5.0,,4
38002305,7340201,A00,,,,7.0,,,,7.5,7.8,,1
2050529,7340201,A00,,,,8.2,,,,8.25,7.0,,1
60005574,7340120,D01,7.5,,9.0,6.8,,,,,,,1
47001119,7480201,A00,,,,7.5,,,,7.25,7.2,,0
2034627,7220201,A01,,,7.0,7.25,,,,9.0,,,6
2081062,7540101,A00,,,,7.0,,,,7.5,6.8,,4
28027179,7480201,D01,6.2,,8.0,8.5,,,,,,,0
2036292,7540101,D07,,,7.6,8.25,,,,,6.8,,4
48010798,7540204,D01,7.25,,6.6,6.0,,,,,,,3
2007896,7380107,D01,8.75,,7.6,7.0,,,,,,,5
56009470,7480201,A00,,,,7.0,,,,7.25,7.4,,0
2078605,7510202,D01,6.0,,7.6,6.5,,,,,,,3
44013887,7420201,A00,,,,7.25,,,,7.5,7.4,,4
49014513,7510301,A00,,,,7.8,,,,5.5,8.0,,3
44012008,7340101,A00,,,,6.5,,,,7.75,7.8,,1
37005797,7510203,D01,5.4,,5.6,4.5,,,,,,,3
40017001,7510301,A01,,,6.8,7.4,,,,6.5,,,3
2045171,7340201,A00,,,,6.25,,,,7.25,7.6,,1
2075832,7510202,A00,,,,7.25,,,,7.25,6.0,,3
2082537,7220201,D01,6.6,,7.2,7.75,,,,,,,6
54004485,7220201,D01,8.4,,6.8,8.75,,,,,,,6
56006761,7380107,A00,,,,5.0,,,,7.0,7.2,,5
37004080,7340120,A00,,,,8.0,,,,8.0,8.75,,1
48027726,7510401,D07,,,8.0,7.5,,,,,7.2,,3
49007912,7510202,A00,,,,8.0,,,,4.75,7.25,,3
52009384,7850101,B00,,,,7.5,,,,,6.0,6.8,4
52007739,7340101,A00,,,,7.25,,,,8.0,7.6,,1
48006100,7510203,A00,,,,5.2,,,,6.75,4.25,,3
35007157,7810103,D01,6.0,,6.4,8.25,,,,,,,2
40007148,7510202,A01,,,4.2,8.2,,,,6.25,,,3
2023433,7850101,A00,,,,5.8,,,,4.5,6.5,,4
41000751,7340101,A00,,,,8.0,,,,7.0,8.2,,1
42009042,7420201,B00,,,,8.0,,,,,8.5,7.6,4
56000472,7420201,B00,,,,6.5,,,,,7.75,6.8,4
2047382,7510301,A01,,,8.4,6.6,,,,4.75,,,3
2039618,7220201,A01,,,6.2,6.0,,,,9.2,,,6
47007567,7540101,A00,,,,7.75,,,,7.75,7.2,,4
30010190,7480201,A00,,,,6.5,,,,7.25,7.6,,0
44008171,7510303,D01,6.2,,7.2,7.5,,,,,,,3
2018747,7510301,D01,6.2,,6.2,7.25,,,,,,,3
39005867,7510202,A00,,,,8.2,,,,6.75,6.75,,3
49016110,7540106,A00,,,,7.0,,,,7.5,7.25,,4
29025339,7340115,D01,5.8,,7.8,9.0,,,,,,,1
2063950,7810202,D01,7.0,,8.6,7.6,,,,,,,2
24003757,7340101,D01,7.0,,8.6,7.8,,,,,,,1
52005305,7340301,D01,6.4,,7.8,7.5,,,,,,,1
46005916,7220201,A01,,,8.0,7.5,,,,8.2,,,6
53014863,7340129,D01,6.2,,7.0,7.5,,,,,,,4
2020753,7340301,A00,,,,8.2,,,,7.5,8.0,,1
42010645,7480201,A01,,,8.2,8.0,,,,7.0,,,0
50011923,7340120,D01,7.4,,8.4,7.75,,,,,,,1
2079442,7819010,A00,,,,5.5,,,,5.75,8.0,,2
61000696,7340123,D01,5.2,,6.8,7.0,,,,,,,1
2079271,7510203,D01,4.2,,6.4,6.0,,,,,,,3
2017054,7460108,A00,,,,6.25,,,,6.25,7.6,,0
49001802,7480201,A00,,,,7.8,,,,6.75,7.5,,0
35002390,7540106,A00,,,,7.0,,,,7.25,7.0,,4
48023859,7480201,A00,,,,8.25,,,,7.5,7.6,,0
2050302,7810201,A00,,,,8.0,,,,7.25,8.25,,2
51012203,7340120,D01,6.6,,6.4,8.25,,,,,,,1
38003727,7510303,A00,,,,7.6,,,,6.5,6.25,,3
2012229,7220201,A01,,,6.0,6.25,,,,8.8,,,6
52012030,7480201,A00,,,,7.5,,,,6.5,7.4,,0
2040738,7220204,D01,7.0,,8.2,8.2,,,,,,,6
43004280,7510301,A00,,,,7.6,,,,5.0,6.25,,3
37012703,7540204,D01,6.5,,5.2,7.6,,,,,,,3
47007005,7810103,A00,,,,7.75,,,,7.0,8.2,,2
40018879,7540106,A00,,,,7.6,,,,5.75,4.75,,4
48026292,7540101,D07,,,8.6,7.8,,,,,7.75,,4
2046716,7340101,A00,,,,7.75,,,,7.75,8.0,,1
35009895,7540106,A00,,,,8.2,,,,6.5,6.5,,4
48006785,7340120,A00,,,,6.5,,,,8.25,7.8,,1
40015115,7480201,A00,,,,7.8,,,,7.0,7.25,,0
50000012,7510406,D07,,,6.2,6.5,,,,,6.8,,4
2040917,7480202,D07,,,7.2,7.8,,,,,6.75,,0
53007946,7510301,D01,7.0,,7.6,7.6,,,,,,,3
2035523,7380107,A00,,,,7.25,,,,7.5,8.0,,5
43007325,7340115,D01,7.4,,8.4,7.75,,,,,,,1
49008350,7510401,A00,,,,7.2,,,,6.75,8.25,,3
37007011,7340122,D01,7.8,,7.6,6.5,,,,,,,1
40008566,7340122,D01,6.4,,7.2,8.25,,,,,,,1
35006475,7340115,A00,,,,6.75,,,,8.25,8.4,,1
53014535,7220204,D01,7.25,,9.4,8.0,,,,,,,6
37014451,7340115,A01,,,8.4,8.75,,,,7.4,,,1
50011419,7340101,A00,,,,8.6,,,,7.0,8.25,,1
2045588,7340129,A00,,,,6.75,,,,7.25,8.0,,4
42013072,7810201,D01,8.0,,6.2,7.6,,,,,,,2
53006421,7540101,A00,,,,7.75,,,,7.0,6.6,,4
35010446,7540204,D01,8.0,,5.6,7.8,,,,,,,3
49002234,7520115,D01,5.8,,6.4,6.25,,,,,,,3
61009372,7340115,D01,7.4,,7.8,9.0,,,,,,,1
2036131,7540101,A00,,,,7.0,,,,8.25,8.2,,4
35010492,7810202,A00,,,,7.6,,,,7.25,7.5,,2
35001718,7810201,D01,9.0,,7.2,7.4,,,,,,,2
46002740,7480201,D01,7.8,,7.2,8.5,,,,,,,0
2056803,7380107,D01,5.75,,8.4,8.2,,,,,,,5
40019429,7480201,A00,,,,7.4,,,,6.5,8.0,,0
2084196,7810202,D01,7.25,,8.8,7.6,,,,,,,2
2017185,7510301,A00,,,,7.6,,,,5.75,6.5,,3
2007457,7540101,D07,,,8.2,8.25,,,,,8.4,,4
2080296,7810201,D15,7.5,7.0,7.0,,,,,,,,2
56004187,7340120,A00,,,,8.25,,,,7.5,7.8,,1
49013028,7340115,D01,8.0,,8.0,8.25,,,,,,,1
2016076,7510202,D01,6.4,,5.6,6.5,,,,,,,3
56003247,7220201,D01,7.5,,8.2,7.4,,,,,,,6
44001427,7340101,D01,6.4,,8.4,8.0,,,,,,,1
2023305,7510303,A00,,,,7.4,,,,7.0,8.0,,3
51015632,7510401,B00,,,,7.5,,,,,6.5,6.2,3
53011396,7340129,A00,,,,6.5,,,,8.25,7.6,,4
40013536,7220201,D01,8.0,,8.2,6.6,,,,,,,6
53005112,7540204,A00,,,,6.8,,,,5.75,6.25,,3
2012264,7510202,D01,6.2,,7.4,6.5,,,,,,,3
46006972,7480201,D01,8.25,,7.4,7.4,,,,,,,0
50000017,7810201,D01,6.0,,5.4,6.5,,,,,,,2
2045267,7480202,A01,,,8.8,7.6,,,,7.75,,,0
41002031,7340101,A01,,,7.8,7.8,,,,8.75,,,1
50008196,7510301,D01,8.0,,5.0,6.2,,,,,,,3
51000690,7340120,D01,8.0,,7.6,8.25,,,,,,,1
56009319,7810201,A00,,,,5.25,,,,6.0,7.2,,2
47008100,7480201,A01,,,8.4,6.6,,,,8.0,,,0
2069417,7340115,A00,,,,7.25,,,,8.25,8.4,,1
56006308,7540204,D01,5.75,,6.4,7.0,,,,,,,3
31009588,7340115,A00,,,,8.25,,,,7.75,7.8,,1
64006666,7340101,D01,8.25,,7.6,7.6,,,,,,,1
34003429,7340101,D01,6.4,,7.4,8.0,,,,,,,1
49003520,7340201,A01,,,8.4,8.8,,,,7.0,,,1
49002818,7510203,A00,,,,6.8,,,,6.5,5.25,,3
48010151,7540106,A01,,,8.0,8.0,,,,7.0,,,4
2041787,7220201,A01,,,9.4,8.4,,,,6.25,,,6
52009430,7819009,A00,,,,5.75,,,,4.5,7.2,,2
47000873,7340201,D01,6.6,,7.4,8.5,,,,,,,1
2039787,7340201,A00,,,,7.25,,,,7.75,8.8,,1
37002228,7460108,D01,8.4,,5.8,5.5,,,,,,,0
52006259,7220201,D01,7.6,,7.4,7.5,,,,,,,6
33002375,7540101,A00,,,,7.75,,,,7.75,7.4,,4
56009419,7340101,A00,,,,7.5,,,,6.75,8.2,,1
2036987,7220201,D01,8.4,,8.2,7.75,,,,,,,6
2080014,7340115,A00,,,,7.5,,,,8.5,8.4,,1
2039923,7480202,D01,7.0,,2.8,6.2,,,,,,,0
2034023,7510202,D01,6.5,,7.2,5.6,,,,,,,3
40002757,7340201,A00,,,,7.5,,,,8.0,8.4,,1
2080997,7540106,A00,,,,5.6,,,,6.0,6.75,,4
2045011,7340120,A00,,,,8.0,,,,7.5,8.0,,1
2045566,7480202,A01,,,6.8,6.6,,,,6.5,,,0
54004640,7340120,A01,,,7.4,7.75,,,,7.8,,,1
39000246,7510202,D01,5.5,,6.4,7.8,,,,,,,3
59001917,7510203,A01,,,9.0,8.0,,,,7.0,,,3
39007950,7510202,D01,5.0,,3.6,7.4,,,,,,,3
48007970,7480201,A00,,,,8.0,,,,8.0,7.0,,0
2044047,7510303,D01,7.2,,5.8,6.75,,,,,,,3
2028291,7420201,B00,,,,6.8,,,,,7.0,6.5,4
2018785,7510406,A00,,,,4.5,,,,6.0,7.0,,4
39006783,7480201,A01,,,7.8,6.75,,,,6.6,,,0
2075865,7480202,A00,,,,7.4,,,,6.0,8.25,,0
43000494,7340115,A00,,,,7.25,,,,8.0,7.6,,1
47004383,7340115,A00,,,,7.25,,,,6.5,8.4,,1
35008581,7340115,D01,7.6,,7.2,9.25,,,,,,,1
2083807,7340115,D01,8.2,,8.4,8.25,,,,,,,1
2065506,7540101,B00,,,,7.25,,,,,7.5,7.8,4
43008203,7380107,A00,,,,6.75,,,,7.5,7.4,,5
45003738,7510301,D01,6.25,,5.6,6.6,,,,,,,3
2034789,7480202,D01,8.0,,6.6,7.75,,,,,,,0
2032866,7480202,A00,,,,6.75,,,,5.75,7.8,,0
2006722,7340301,D01,6.4,,6.4,7.5,,,,,,,1
2084084,7540101,D07,,,6.4,6.5,,,,,8.4,,4
46006000,7480201,D01,6.2,,8.0,6.75,,,,,,,0
46001562,7810103,D01,7.8,,7.0,8.0,,,,,,,2
53008891,7510203,D01,6.5,,8.4,6.2,,,,,,,3
43001068,7540204,D01,7.8,,8.0,6.75,,,,,,,3
40002556,7340201,A00,,,,8.4,,,,7.5,7.25,,1
53006256,7810201,D01,8.5,,8.4,7.0,,,,,,,2
2066787,7510303,A01,,,7.4,6.6,,,,7.75,,,3
46006565,7810201,D01,8.25,,7.0,7.4,,,,,,,2
38004571,7510301,D01,4.0,,6.6,5.8,,,,,,,3
53000626,7340201,A00,,,,8.25,,,,7.75,8.2,,1
39001990,7380107,D15,8.0,5.0,7.5,,,,,,,,5
49014165,7510203,D01,6.25,,6.6,6.6,,,,,,,3
44014071,7340122,A00,,,,8.0,,,,8.25,6.4,,1
2043973,7510303,A01,,,7.0,7.5,,,,7.0,,,3
49010081,7340201,D01,7.6,,7.8,7.5,,,,,,,1
2028084,7480201,A00,,,,7.75,,,,8.25,6.2,,0
49010832,7510301,D01,5.75,,4.2,6.6,,,,,,,3
60002000,7340101,A00,,,,8.4,,,,7.75,8.0,,1
47006223,7540101,B00,,,,8.0,,,,,7.75,7.8,4
2019511,7420201,B00,,,,7.6,,,,,7.0,6.0,4
4009735,7480201,A01,,,7.8,6.75,,,,7.6,,,0
46000151,7420201,A00,,,,6.5,,,,7.25,7.8,,4
35011124,7220201,D01,8.0,,8.2,8.0,,,,,,,6
2041575,7850101,A01,,,7.2,5.0,,,,4.6,,,4
2049954,7480201,A00,,,,8.4,,,,6.75,7.5,,0
2036382,7540101,D07,,,8.2,8.0,,,,,6.4,,4
2039479,7420201,D07,,,6.6,6.8,,,,,6.0,,4
2080361,7340201,A00,,,,7.4,,,,7.0,8.75,,1
2005834,7380107,A00,,,,8.4,,,,8.0,6.25,,5
50005800,7380107,D01,5.8,,6.4,7.5,,,,,,,5
2065844,7810201,D15,7.25,7.6,6.75,,,,,,,,2
28021779,7510202,D01,4.0,,6.2,7.5,,,,,,,3
42004052,7340115,D01,7.4,,8.4,8.0,,,,,,,1
54012193,7340115,A00,,,,7.0,,,,8.75,7.8,,1
41002991,7540101,A00,,,,8.2,,,,8.0,8.5,,4
2038984,7340115,A00,,,,8.6,,,,7.5,8.0,,1
47009389,7510202,A00,,,,5.25,,,,6.25,7.0,,3
43003070,7810103,D15,7.0,4.2,7.0,,,,,,,,2
53002858,7340301,A00,,,,5.75,,,,6.75,7.4,,1
2057181,7850101,A00,,,,5.75,,,,5.75,6.2,,4
38010065,7220201,A01,,,8.2,7.6,,,,7.75,,,6
37005769,7810202,D15,6.5,5.8,6.25,,,,,,,,2
42000102,7340101,A00,,,,7.0,,,,7.5,8.0,,1
48008423,7480201,D07,,,9.2,7.0,,,,,7.5,,0
37006630,7810103,A01,,,7.4,6.25,,,,7.4,,,2
50015551,7340301,A00,,,,8.0,,,,5.25,7.2,,1
52012821,7340120,A01,,,8.0,7.0,,,,7.6,,,1
53007824,7340101,A00,,,,6.5,,,,7.75,7.4,,1
39000752,7220204,D09,,,7.4,8.5,,,7.0,,,,6
43010173,7340301,D01,6.4,,6.2,7.25,,,,,,,1
2039106,7340201,A00,,,,7.8,,,,7.0,8.25,,1
2036581,7480201,D01,9.0,,7.6,6.75,,,,,,,0
2011547,7340120,D01,8.2,,8.2,7.75,,,,,,,1
46007638,7420201,D07,,,7.2,6.0,,,,,5.4,,4
31002165,7340120,D01,7.5,,9.2,8.2,,,,,,,1
49013685,7540101,A00,,,,7.5,,,,8.0,8.0,,4
43002858,7340201,A00,,,,7.5,,,,8.0,7.2,,1
2054173,7420201,B00,,,,6.6,,,,,6.25,6.25,4
44011994,7340301,D01,5.8,,7.8,6.25,,,,,,,1
2083764,7480202,D07,,,7.0,6.75,,,,,6.4,,0
35002200,7510203,D01,8.75,,7.2,5.2,,,,,,,3
2037438,7510203,A00,,,,7.5,,,,7.0,8.2,,3
42002911,7340115,A01,,,7.6,7.5,,,,8.6,,,1
2017705,7810202,A00,,,,6.5,,,,8.25,7.8,,2
43009920,7340101,D01,8.0,,8.4,7.0,,,,,,,1
47011662,7340201,A00,,,,7.75,,,,8.0,7.6,,1
2069140,7340201,D01,6.4,,7.6,7.25,,,,,,,1
48006300,7340129,D01,4.2,,6.0,8.0,,,,,,,4
2014849,7810201,D01,6.2,,7.2,7.0,,,,,,,2
2012788,7510203,A00,,,,6.8,,,,6.0,6.5,,3
2061766,7340101,A01,,,7.4,6.75,,,,7.4,,,1
52005195,7340201,D01,7.6,,8.2,6.25,,,,,,,1
35009179,7510401,D07,,,5.8,7.0,,,,,6.8,,3
2057521,7460108,A00,,,,7.75,,,,7.0,6.6,,0
2074880,7810201,D01,5.4,,7.6,7.0,,,,,,,2
2081823,7340301,A01,,,8.4,7.6,,,,7.75,,,1
2073360,7480202,A01,,,7.4,7.2,,,,5.5,,,0
47001031,7340101,D01,8.25,,8.2,7.2,,,,,,,1
2067334,7340101,D01,6.8,,7.4,7.75,,,,,,,1
40000513,7340301,A00,,,,7.5,,,,7.5,6.2,,1
2062678,7540106,D07,,,7.2,7.6,,,,,7.5,,4
49011479,7540204,A00,,,,6.6,,,,6.25,6.75,,3
48021072,7220204,D01,5.4,,7.0,8.25,,,,,,,6
49009885,7340301,D01,6.0,,6.4,8.75,,,,,,,1
2002621,7220201,D01,7.25,,9.0,8.2,,,,,,,6
46002239,7380107,D01,8.0,,6.2,6.8,,,,,,,5
2045324,7220201,D01,8.4,,7.0,6.5,,,,,,,6
2043752,7540204,D01,7.6,,6.4,6.75,,,,,,,3
25019376,7480201,A00,,,,7.75,,,,7.5,7.2,,0
48017119,7340201,D01,6.75,,8.6,8.0,,,,,,,1
2016689,7819010,A00,,,,6.25,,,,6.25,6.0,,2
57003988,7480201,A00,,,,7.75,,,,8.25,7.4,,0
46005841,7480201,A01,,,7.0,7.5,,,,6.8,,,0
47004604,7340201,A01,,,7.6,6.0,,,,6.8,,,1
48011037,7220201,D01,7.0,,8.2,7.8,,,,,,,6
2064085,7340101,A00,,,,7.25,,,,8.25,8.2,,1
52004703,7340120,D01,7.25,,8.4,7.8,,,,,,,1
43006081,7340101,A00,,,,6.75,,,,7.5,6.8,,1
48012350,7340115,A00,,,,8.0,,,,8.25,7.8,,1
2035097,7819009,A01,,,7.2,6.0,,,,5.2,,,2
2002947,7810202,A01,,,7.2,5.75,,,,7.0,,,2
53007422,7340301,D01,6.6,,7.6,7.25,,,,,,,1
2077158,7420201,A00,,,,7.75,,,,8.0,8.0,,4
57005693,7480202,D01,5.6,,7.6,7.0,,,,,,,0
38009019,7810201,D01,7.75,,6.6,7.6,,,,,,,2
2020227,7810201,D01,7.4,,6.8,8.0,,,,,,,2
46009366,7540101,A00,,,,7.25,,,,6.75,7.4,,4
2014321,7810202,A00,,,,7.0,,,,8.75,7.2,,2
2041735,7810202,A00,,,,6.5,,,,7.0,6.8,,2
37016036,7340120,A00,,,,7.5,,,,8.25,8.2,,1
43005992,7340201,A01,,,7.6,7.25,,,,6.8,,,1
39006380,7340201,A00,,,,7.8,,,,7.0,8.5,,1
53008343,7340120,D01,8.8,,7.8,8.5,,,,,,,1
2003394,7220204,D09,,,7.0,8.5,,,7.2,,,,6
38012605,7480201,A01,,,7.8,7.6,,,,6.75,,,0
35008318,7480202,A00,,,,4.75,,,,7.5,5.6,,0
49013026,7810103,A00,,,,7.25,,,,7.25,7.4,,2
2012472,7480202,D01,5.25,,5.6,6.2,,,,,,,0
37006809,7340123,A00,,,,8.5,,,,7.0,7.4,,1
40017678,7220201,D01,7.4,,7.6,6.75,,,,,,,6
48005473,7510301,A00,,,,6.8,,,,5.0,5.75,,3
2055113,7540106,A00,,,,7.6,,,,5.75,6.5,,4
35004255,7340201,D01,6.0,,6.8,7.5,,,,,,,1
34007332,7510303,D01,6.0,,5.2,6.6,,,,,,,3
63005783,7340201,A00,,,,8.4,,,,6.75,8.75,,1
2083321,7340301,A00,,,,7.0,,,,7.5,8.2,,1
40013538,7340115,A00,,,,7.75,,,,8.25,8.0,,1
44011587,7340201,A00,,,,6.75,,,,7.25,6.8,,1
48019900,7540204,A00,,,,7.4,,,,7.5,8.25,,3
35001847,7510303,D01,7.5,,4.8,7.0,,,,,,,3
2082542,7510203,D01,6.0,,8.6,8.6,,,,,,,3
2038906,7480202,D07,,,8.2,7.4,,,,,6.75,,0
48002770,7340115,A00,,,,6.75,,,,8.5,8.2,,1
48027972,7340101,A00,,,,6.25,,,,7.75,6.6,,1
37010636,7220201,D01,7.25,,7.2,8.4,,,,,,,6
53012794,7540204,D01,7.25,,8.0,8.0,,,,,,,3
32005783,7810103,D01,4.0,,7.2,8.5,,,,,,,2
37000178,7340120,A01,,,7.8,7.5,,,,8.0,,,1
35008409,7480201,A00,,,,8.4,,,,7.75,7.75,,0
45003989,7810201,A00,,,,8.0,,,,7.25,7.25,,2
48000842,7340201,A00,,,,8.2,,,,8.0,8.25,,1
2040285,7340301,A00,,,,7.8,,,,7.0,7.75,,1
2029364,7540101,D07,,,9.4,8.2,,,,,7.5,,4
45002825,7220204,D01,7.0,,7.6,8.75,,,,,,,6
39005495,7340201,D01,7.25,,7.2,8.4,,,,,,,1
37015885,7810201,D01,7.75,,6.6,7.8,,,,,,,2
2083768,7480201,A01,,,8.6,7.25,,,,6.4,,,0
52011013,7340301,A01,,,6.6,6.0,,,,9.0,,,1
2030351,7340101,D01,7.0,,9.0,7.8,,,,,,,1
37009911,7810201,D01,4.0,,7.0,6.5,,,,,,,2
2017007,7420201,A00,,,,6.75,,,,6.5,7.2,,4
2034623,7810103,D01,5.6,,6.6,7.0,,,,,,,2
35009700,7480201,A00,,,,8.8,,,,7.0,7.0,,0
35010616,7340120,D01,7.5,,8.4,8.2,,,,,,,1
48004556,7340120,A01,,,7.8,8.0,,,,7.8,,,1
53003491,7850101,D07,,,6.8,7.8,,,,,8.25,,4
49007196,7510401,A00,,,,7.0,,,,6.5,7.75,,3
48025788,7819009,B00,,,,7.0,,,,,7.25,6.6,2
2070844,7480201,D07,,,7.4,6.25,,,,,9.2,,0
53004323,7340201,D01,8.25,,7.4,6.8,,,,,,,1
32004287,7340201,A00,,,,6.75,,,,7.75,8.0,,1
50002518,7480201,A00,,,,8.75,,,,6.75,7.6,,0
56000155,7540101,A00,,,,6.5,,,,6.75,8.8,,4
50000020,7540101,D07,,,8.2,7.25,,,,,7.6,,4
53007434,7220204,D01,6.6,,7.0,9.5,,,,,,,6
2037527,7340205,D01,5.8,,7.6,7.0,,,,,,,1
2070704,7380107,A01,,,7.6,8.2,,,,7.0,,,5
2061389,7510303,A00,,,,6.6,,,,6.5,4.5,,3
53012872,7540101,A00,,,,8.2,,,,7.75,7.75,,4
2063814,7810201,D01,6.4,,6.0,5.75,,,,,,,2
37005609,7340101,A00,,,,6.5,,,,6.25,7.8,,1
2079685,7540204,D01,7.75,,6.0,8.0,,,,,,,3
47004204,7220204,D01,6.58,,9.2,7.2,,,,,,,6
53001206,7420201,A00,,,,7.8,,,,6.25,5.0,,4
41001808,7510203,A00,,,,7.25,,,,7.0,7.2,,3
52012106,7340115,A00,,,,7.5,,,,8.0,7.2,,1
59009762,7480201,D01,7.2,,6.6,7.5,,,,,,,0
2058023,7480201,A00,,,,8.0,,,,7.0,7.2,,0
2043120,7510303,A00,,,,7.75,,,,8.75,8.0,,3
47004734,7340201,D01,5.8,,7.0,7.0,,,,,,,1
60005136,7510401,A00,,,,8.4,,,,7.0,7.5,,3
37013421,7380107,D01,7.0,,7.8,7.4,,,,,,,5
2018657,7220201,A01,,,6.4,7.25,,,,8.0,,,6
54009027,7420201,B00,,,,5.0,,,,,7.0,3.8,4
49002408,7810202,D01,6.6,,7.2,7.75,,,,,,,2
52011395,7810103,D01,7.0,,6.2,7.25,,,,,,,2
53010807,7220204,D01,8.0,,8.2,7.4,,,,,,,6
2012772,7420201,B00,,,,6.5,,,,,7.25,7.0,4
48000687,7540204,D01,7.6,,7.4,6.75,,,,,,,3
43006922,7480201,D01,7.8,,8.4,6.5,,,,,,,0
50002818,7480201,A00,,,,8.0,,,,6.25,8.5,,0
2020121,7340129,D01,7.2,,7.4,7.25,,,,,,,4
45002284,7340115,A01,,,8.4,8.25,,,,7.6,,,1
48027801,7510202,A00,,,,7.4,,,,4.5,7.25,,3
56002236,7340201,D01,6.0,,8.6,8.0,,,,,,,1
41012533,7510401,A00,,,,7.0,,,,5.0,6.2,,3
49005078,7340120,A00,,,,6.5,,,,8.0,7.0,,1
64006162,7540101,A00,,,,7.2,,,,7.75,9.0,,4
56003862,7540204,D01,7.5,,4.2,7.2,,,,,,,3
2066897,7480201,D01,8.6,,7.6,8.0,,,,,,,0
2054657,7340301,A00,,,,7.0,,,,6.5,7.0,,1
2011962,7340101,A00,,,,6.75,,,,7.75,7.2,,1
2051701,7340201,A00,,,,7.5,,,,8.25,7.8,,1
2036518,7850101,A00,,,,7.6,,,,5.5,5.75,,4
2079691,7480201,A01,,,7.4,6.5,,,,7.2,,,0
53010133,7220204,D01,5.6,,7.6,7.75,,,,,,,6
42011563,7340101,D01,7.0,,6.8,9.25,,,,,,,1
46009714,7480201,A00,,,,7.5,,,,8.0,7.0,,0
47007291,7380107,A01,,,8.4,7.8,,,,7.25,,,5
48031397,7340205,A00,,,,7.0,,,,7.0,8.0,,1
2067715,7380107,A00,,,,6.5,,,,7.25,7.6,,5
2080264,7810201,D01,7.25,,8.2,7.0,,,,,,,2
49011712,7810202,D01,8.75,,6.4,7.6,,,,,,,2
40006246,7340101,A01,,,8.0,8.0,,,,7.25,,,1
44011047,7220204,D01,7.0,,7.6,8.5,,,,,,,6
2043884,7819009,A00,,,,5.75,,,,7.0,7.6,,2
2077382,7540101,B00,,,,7.5,,,,,8.5,8.6,4
55001712,7340301,D01,8.75,,6.4,7.6,,,,,,,1
2061932,7340101,A00,,,,7.8,,,,8.25,8.0,,1
48008330,7480201,D01,7.4,,8.0,7.0,,,,,,,0
2082863,7480201,D07,,,7.0,8.2,,,,,7.75,,0
43002445,7480201,A00,,,,8.5,,,,8.0,8.2,,0
2037655,7510202,D01,4.2,,7.8,6.08,,,,,,,3
35004354,7340301,A00,,,,7.75,,,,7.75,8.2,,1
30002680,7480201,D01,6.2,,7.8,7.75,,,,,,,0
48026701,7510301,D01,6.75,,7.2,7.2,,,,,,,3
57009865,7810202,A00,,,,7.6,,,,7.75,8.0,,2
2002384,7810201,D01,8.4,,6.4,6.75,,,,,,,2
48031249,7340123,A01,,,7.2,7.5,,,,8.2,,,1
38005201,7340201,D01,7.8,,6.6,7.25,,,,,,,1
44005008,7340101,A01,,,8.8,8.0,,,,7.25,,,1
2024667,7510406,A00,,,,8.4,,,,7.5,5.0,,4
35003000,7340301,D01,8.5,,6.8,8.0,,,,,,,1
46002323,7380107,D01,6.2,,7.0,6.75,,,,,,,5
2040869,7340201,A00,,,,7.5,,,,7.25,7.4,,1
2036584,7480202,D07,,,6.6,7.25,,,,,7.6,,0
2016814,7510301,D01,6.0,,7.4,7.0,,,,,,,3
2053922,7340120,D01,8.6,,7.8,7.0,,,,,,,1
34012791,7340115,D01,6.8,,7.4,8.5,,,,,,,1
2066456,7810202,D01,7.25,,7.2,8.6,,,,,,,2
47003652,7340120,D01,7.2,,7.4,7.5,,,,,,,1
56006166,7510301,D01,4.4,,6.8,5.0,,,,,,,3
36000918,7340122,A01,,,8.2,7.25,,,,7.6,,,1
42011208,7340120,D01,7.75,,8.4,7.0,,,,,,,1
2043900,7510401,D07,,,8.2,7.0,,,,,7.75,,3
42012718,7340115,A00,,,,7.25,,,,7.0,8.2,,1
53013826,7340115,D01,8.4,,6.4,9.0,,,,,,,1
51002970,7340123,D01,5.0,,7.2,8.0,,,,,,,1
36001849,7850101,A00,,,,7.0,,,,6.75,7.4,,4
47000906,7540101,A01,,,8.8,8.4,,,,8.5,,,4
45004040,7480202,A01,,,6.8,8.0,,,,6.75,,,0
49006064,7340115,D01,8.0,,8.2,6.25,,,,,,,1
28015134,7819010,B00,,,,6.75,,,,,6.5,8.2,2
55000372,7480201,D07,,,6.8,7.8,,,,,7.75,,0
48011608,7510303,A01,,,6.2,8.0,,,,6.6,,,3
49012674,7340101,D01,6.8,,7.6,8.0,,,,,,,1
2048041,7480201,A01,,,8.4,8.2,,,,7.0,,,0
53007953,7340101,A00,,,,7.75,,,,7.5,7.8,,1
48009416,7510203,A00,,,,7.75,,,,7.75,7.8,,3
56007285,7340101,D01,7.4,,7.6,7.5,,,,,,,1
26014765,7480202,D01,6.8,,7.8,6.5,,,,,,,0
49006615,7340115,A00,,,,6.5,,,,8.0,7.6,,1
53005803,7540105,D07,,,6.2,8.0,,,,,6.0,,4
50010073,7510401,A00,,,,8.0,,,,7.75,7.5,,3
43000761,7510303,A00,,,,6.6,,,,5.25,8.0,,3
2018493,7340120,A01,,,7.6,7.75,,,,6.6,,,1
2075463,7510301,A00,,,,8.25,,,,6.5,8.2,,3
37011818,7480201,D01,7.5,,8.4,6.6,,,,,,,0
49009521,7340201,A00,,,,7.4,,,,8.0,7.75,,1
2060158,7340101,A01,,,9.4,8.4,,,,7.25,,,1
2064153,7340123,A00,,,,6.75,,,,7.5,6.6,,1
37015972,7340101,D01,7.75,,8.2,7.6,,,,,,,1
47002125,7510301,A00,,,,7.25,,,,8.25,7.0,,3
2022844,7380107,D01,7.75,,7.4,7.6,,,,,,,5
40017229,7380107,D01,7.2,,6.4,8.25,,,,,,,5
2079209,7340101,A00,,,,8.4,,,,7.75,8.25,,1
45004126,7480201,A01,,,7.6,7.5,,,,8.0,,,0
35002988,7510401,A00,,,,7.25,,,,6.5,6.4,,3
35000722,7510202,D01,4.4,,6.2,7.25,,,,,,,3
48026827,7340201,D01,5.4,,7.0,8.0,,,,,,,1
52007065,7850101,A01,,,4.8,7.6,,,,6.25,,,4
2080198,7510401,A00,,,,8.2,,,,7.0,7.75,,3
31006472,7340101,D01,5.8,,7.0,8.5,,,,,,,1
46004008,7480201,D01,7.0,,6.2,7.75,,,,,,,0
53013524,7340115,D01,7.2,,8.2,7.75,,,,,,,1
2012745,7510203,A00,,,,6.6,,,,4.75,6.25,,3
47011719,7810103,D01,7.75,,7.6,7.2,,,,,,,2
35010442,7480201,A00,,,,8.0,,,,8.0,7.4,,0
54002521,7510301,D01,6.0,,5.2,6.6,,,,,,,3
41001646,7340115,D01,5.8,,8.2,9.0,,,,,,,1
2040832,7510203,D01,7.25,,4.6,7.0,,,,,,,3
2038629,7510203,D01,7.0,,8.2,8.0,,,,,,,3
2053438,7480201,A00,,,,8.25,,,,8.5,8.4,,0
34008678,7480201,D07,,,7.2,7.25,,,,,6.4,,0
39006106,7340120,A01,,,8.4,7.75,,,,8.2,,,1
35006455,7520115,A00,,,,4.75,,,,6.25,6.8,,3
52000393,7220201,D01,6.25,,9.4,7.6,,,,,,,6
40008930,7220201,A01,,,7.2,7.75,,,,8.2,,,6
2006243,7340301,A00,,,,7.0,,,,8.0,7.2,,1
51011669,7510202,A00,,,,6.4,,,,4.5,5.0,,3
2044892,7480201,D01,7.2,,6.8,7.25,,,,,,,0
47008400,7480202,A00,,,,7.75,,,,7.5,7.4,,0
42005749,7340205,A00,,,,6.5,,,,8.5,6.4,,1
2037019,7540101,A00,,,,8.25,,,,8.0,7.4,,4
51012753,7380107,A00,,,,8.25,,,,7.5,7.6,,5
60001809,7480202,D01,9.0,,7.4,7.75,,,,,,,0
41011274,7510203,D01,6.0,,8.0,7.0,,,,,,,3
42011978,7480201,A00,,,,7.0,,,,6.75,7.6,,0
2020151,7340101,A01,,,7.2,6.75,,,,8.8,,,1
49007271,7540105,A00,,,,7.6,,,,6.75,7.25,,4
2006474,7340129,D01,6.6,,7.6,7.75,,,,,,,4
2046936,7540101,B00,,,,6.75,,,,,6.75,8.0,4
2023307,7340101,A00,,,,8.4,,,,7.5,8.0,,1
42010604,7340120,A00,,,,8.0,,,,8.75,7.4,,1
2046004,7810103,D15,7.75,8.6,8.25,,,,,,,,2
2039474,7340301,A00,,,,5.75,,,,6.75,8.4,,1
49005812,7340301,A00,,,,8.6,,,,7.75,7.75,,1
48002031,7510401,A00,,,,6.5,,,,7.0,6.4,,3
49004011,7510301,D01,5.6,,5.4,6.5,,,,,,,3
46007132,7510303,A00,,,,7.4,,,,5.5,6.5,,3
2057967,7220204,D01,6.2,,7.2,7.75,,,,,,,6
43000444,7480201,D01,7.0,,6.8,8.0,,,,,,,0
2024798,7340205,D01,5.8,,7.0,8.25,,,,,,,1
2075924,7810201,A00,,,,5.75,,,,6.25,6.4,,2
2038563,7510202,A00,,,,7.0,,,,5.25,6.0,,3
48030464,7340201,A00,,,,6.5,,,,7.5,6.8,,1
42005112,7420201,D07,,,7.4,7.75,,,,,6.2,,4
56011106,7480201,D01,7.75,,8.6,7.4,,,,,,,0
37014263,7510303,A00,,,,5.75,,,,6.75,8.0,,3
44013056,7220204,D01,8.0,,7.8,7.0,,,,,,,6
43008860,7340301,A00,,,,7.25,,,,8.0,7.2,,1
46003735,7510203,A00,,,,6.5,,,,6.75,7.0,,3
2057432,7510202,D01,5.4,,7.2,6.0,,,,,,,3
42006335,7510303,D01,7.0,,4.4,7.8,,,,,,,3
37005637,7340101,D01,7.0,,8.6,7.8,,,,,,,1
41003802,7380107,A00,,,,7.5,,,,7.25,7.8,,5
51019762,7340205,D01,4.6,,6.8,7.0,,,,,,,1
2021021,7540204,D01,7.0,,5.2,5.4,,,,,,,3
2061926,7510303,D01,5.8,,7.0,5.5,,,,,,,3
2030970,7540204,D01,4.8,,7.4,8.0,,,,,,,3
2026923,7510303,A01,,,8.0,7.75,,,,7.0,,,3
38009559,7480201,A00,,,,7.5,,,,7.5,7.0,,0
47000849,7220204,D09,,,8.2,6.4,,,8.5,,,,6
54012726,7810103,A00,,,,7.25,,,,7.25,8.4,,2
2019720,7340115,A00,,,,7.75,,,,8.5,7.6,,1
2040203,7340201,D01,7.0,,8.0,7.6,,,,,,,1
2035926,7480201,A01,,,7.4,6.75,,,,6.6,,,0
53002197,7340115,D01,6.6,,7.0,8.75,,,,,,,1
37008554,7340205,A00,,,,6.5,,,,6.75,7.0,,1
2037858,7540101,B00,,,,6.5,,,,,8.5,6.8,4
47005010,7220204,D09,,,7.2,7.8,,,8.5,,,,6
27006008,7340101,A00,,,,7.5,,,,8.0,7.6,,1
2083439,7480202,D01,6.75,,6.8,6.0,,,,,,,0
2068760,7340129,D01,7.0,,6.4,8.25,,,,,,,4
2040522,7510303,A00,,,,8.2,,,,6.75,7.25,,3
35011879,7510301,D01,8.5,,4.2,5.2,,,,,,,3
35011097,7340120,D01,8.5,,8.4,7.2,,,,,,,1
2061285,7340301,D01,8.0,,6.0,6.0,,,,,,,1
36001883,7810201,A00,,,,6.5,,,,6.75,7.4,,2
2068151,7810201,D01,6.6,,7.2,5.75,,,,,,,2
48017001,7810202,D15,6.5,6.4,7.25,,,,,,,,2
2038294,7540204,D01,7.0,,4.4,7.0,,,,,,,3
47009471,7480201,A00,,,,6.75,,,,6.25,7.6,,0
2023012,7480202,A01,,,6.4,5.5,,,,6.4,,,0
34008270,7540101,A00,,,,8.0,,,,8.5,7.6,,4
2007414,7340129,D01,5.0,,7.4,7.5,,,,,,,4
2067741,7510301,A00,,,,7.0,,,,6.5,6.0,,3
49011877,7480201,A00,,,,6.5,,,,7.75,7.2,,0
54010433,7340101,D01,7.6,,6.8,9.0,,,,,,,1
47009367,7220201,D01,8.25,,7.2,7.6,,,,,,,6
2048310,7220201,D01,6.75,,9.2,7.8,,,,,,,6
2046063,7819010,A00,,,,6.75,,,,7.25,8.0,,2
2033269,7810202,D01,7.0,,8.8,8.2,,,,,,,2
2064469,7340123,A00,,,,7.0,,,,7.5,7.0,,1
2066485,7480201,A00,,,,8.6,,,,7.75,8.25,,0
46007961,7510401,B00,,,,6.4,,,,,5.0,4.25,3
2062145,7810201,D15,8.25,6.8,5.75,,,,,,,,2
42003171,7380107,D01,6.8,,7.2,8.5,,,,,,,5
29014188,7340301,D01,7.4,,7.2,9.0,,,,,,,1
44007237,7510301,D01,7.0,,7.2,7.5,,,,,,,3
52003244,7540101,A00,,,,8.2,,,,7.5,8.75,,4
2003133,7340201,A00,,,,8.0,,,,6.75,8.0,,1
42000019,7340301,D01,6.75,,8.4,7.2,,,,,,,1
2078190,7510202,D01,6.5,,8.4,6.6,,,,,,,3
54010566,7380107,D01,7.8,,7.8,6.75,,,,,,,5
35001569,7220204,D01,7.2,,7.0,8.5,,,,,,,6
39000469,7340101,D01,6.4,,7.4,6.75,,,,,,,1
44009151,7220201,D01,7.75,,8.2,8.2,,,,,,,6
28037825,7540106,A01,,,7.4,7.6,,,,6.5,,,4
2048481,7540106,A01,,,7.4,7.6,,,,6.5,,,4
39009260,7380107,D01,7.5,,7.4,6.4,,,,,,,5
48004753,7480202,D07,,,7.6,7.25,,,,,8.6,,0
2078955,7340301,A01,,,7.8,8.2,,,,7.0,,,1
29003434,7220201,D01,8.5,,7.2,8.0,,,,,,,6
2018955,7480201,A01,,,8.2,7.2,,,,7.5,,,0
49012047,7510303,A00,,,,7.5,,,,7.25,8.0,,3
40006891,7819009,B00,,,,4.5,,,,,6.25,7.2,2
37006522,7540101,A00,,,,6.75,,,,7.5,8.0,,4
53015419,7810202,D01,8.25,,7.6,6.4,,,,,,,2
54013706,7340115,A00,,,,8.0,,,,7.75,8.5,,1
2051396,7510202,D01,6.5,,3.6,6.6,,,,,,,3
2035341,7340120,A01,,,8.0,8.0,,,,8.6,,,1
2036410,7540101,A01,,,7.0,7.25,,,,7.6,,,4
2083603,7510401,A00,,,,6.0,,,,6.25,7.8,,3
46003648,7810201,A00,,,,6.5,,,,7.5,8.0,,2
2044269,7340115,A01,,,8.2,8.25,,,,8.0,,,1
44011996,7340123,D01,5.6,,6.8,7.25,,,,,,,1
52006596,7220204,D01,7.5,,7.4,7.8,,,,,,,6
53008104,7340301,D01,6.2,,7.2,7.5,,,,,,,1
56011163,7380107,A00,,,,7.2,,,,6.25,8.5,,5
2061045,7510203,D01,6.5,,4.8,6.0,,,,,,,3
50004992,7380107,D01,6.2,,6.8,8.25,,,,,,,5
40016377,7480201,A00,,,,7.6,,,,7.0,7.75,,0
46006078,7220201,D01,6.6,,7.8,8.0,,,,,,,6
31001584,7340115,D01,9.2,,7.4,7.5,,,,,,,1
53009281,7540204,A00,,,,7.0,,,,6.25,5.25,,3
38001445,7480201,A01,,,7.6,7.8,,,,7.25,,,0
2024369,7540106,A01,,,8.4,7.25,,,,8.0,,,4
47012067,7510203,D01,5.0,,5.2,7.25,,,,,,,3
2031186,7220204,D01,7.2,,7.8,8.75,,,,,,,6
2026711,7220201,A01,,,9.0,8.4,,,,6.75,,,6
64000374,7340301,A00,,,,8.4,,,,8.25,7.75,,1
51012740,7510303,D01,7.0,,6.6,7.8,,,,,,,3
2084844,7340120,A00,,,,7.0,,,,7.75,7.6,,1
2056849,7340101,A00,,,,6.5,,,,8.0,8.4,,1
2069505,7810202,A01,,,7.0,7.0,,,,7.2,,,2
2006450,7510401,A00,,,,6.5,,,,7.5,8.0,,3
2043694,7510301,D01,6.0,,4.0,7.0,,,,,,,3
53006043,7340201,A00,,,,7.0,,,,8.25,7.8,,1
48002259,7220204,D01,7.5,,8.0,8.6,,,,,,,6
2068105,7480201,D01,7.0,,7.2,7.0,,,,,,,0
47000469,7540101,D07,,,7.2,7.5,,,,,8.6,,4
45004765,7540204,D01,8.5,,5.2,7.0,,,,,,,3
37012353,7340115,D01,7.6,,7.6,8.25,,,,,,,1
60000239,7420201,B00,,,,7.5,,,,,8.0,5.4,4
37002078,7480202,D01,7.0,,6.2,6.8,,,,,,,0
64001452,7340301,A01,,,8.4,7.5,,,,8.0,,,1
37013195,7380107,D01,5.8,,8.0,7.0,,,,,,,5
35011493,7340101,A00,,,,8.4,,,,7.75,7.75,,1
49004032,7340120,A00,,,,6.0,,,,8.5,7.0,,1
46000803,7810103,D15,7.0,3.8,7.5,,,,,,,,2
2041208,7540106,A01,,,7.8,7.8,,,,5.0,,,4
2039637,7480202,A00,,,,6.5,,,,6.25,6.4,,0
2064852,7480201,A01,,,7.6,6.25,,,,7.4,,,0
2012657,7510303,A00,,,,7.0,,,,4.5,6.25,,3
48010658,7810201,A00,,,,7.0,,,,7.75,8.6,,2
35002994,7540101,A00,,,,8.4,,,,8.0,8.0,,4
37003611,7340101,D01,6.0,,7.0,8.0,,,,,,,1
2084218,7380107,D01,8.0,,6.4,8.0,,,,,,,5
54010153,7220204,A01,,,8.2,7.25,,,,8.0,,,6
45003176,7220204,D01,7.5,,10.0,7.0,,,,,,,6
35010674,7340101,A00,,,,7.8,,,,8.5,7.25,,1
49008286,7510203,A00,,,,6.4,,,,3.75,6.5,,3
42011591,7220201,D01,8.5,,7.4,7.6,,,,,,,6
37004811,7480201,D01,7.5,,8.8,8.0,,,,,,,0
43004269,7340201,A00,,,,5.75,,,,7.75,7.0,,1
52002929,7340129,D01,5.8,,5.8,7.5,,,,,,,4
35002483,7810202,A00,,,,8.4,,,,7.0,7.25,,2
2027200,7480201,D07,,,8.6,8.2,,,,,7.25,,0
44010208,7340201,D01,6.0,,8.0,8.5,,,,,,,1
40002396,7340120,A00,,,,8.0,,,,7.0,7.75,,1
2059302,7480201,A00,,,,7.4,,,,7.75,8.5,,0
45005503,7510203,A00,,,,6.25,,,,6.25,6.0,,3
51011452,7340129,A01,,,8.6,7.4,,,,8.0,,,4
35010564,7340201,A00,,,,7.75,,,,8.5,7.2,,1
2012285,7340301,D01,7.6,,6.4,6.75,,,,,,,1
48005819,7340101,A00,,,,8.0,,,,8.5,7.8,,1
46005834,7540204,D01,4.4,,8.4,6.5,,,,,,,3
35013015,7220204,D01,8.25,,8.2,8.4,,,,,,,6
2045293,7480201,A01,,,7.8,8.8,,,,6.25,,,0
2068999,7480201,D01,6.75,,9.0,7.6,,,,,,,0
2079665,7510301,D01,6.5,,5.6,7.0,,,,,,,3
53001734,7220204,D01,8.25,,7.8,7.0,,,,,,,6
55002884,7540101,A00,,,,7.0,,,,7.25,8.6,,4
53002983,7220204,D01,9.0,,7.2,7.4,,,,,,,6
2072218,7819010,A01,,,5.8,6.75,,,,5.8,,,2
40009172,7380107,D15,6.5,6.4,7.5,,,,,,,,5
2030683,7540101,A00,,,,7.0,,,,6.75,7.0,,4
40012307,7340101,A00,,,,8.25,,,,7.0,7.2,,1
49010433,7480201,D01,8.4,,7.0,8.0,,,,,,,0
47011627,7510401,A00,,,,6.25,,,,4.5,7.0,,3
2071003,7220201,D01,9.4,,8.0,6.25,,,,,,,6
37008402,7480201,A00,,,,7.5,,,,7.75,8.0,,0
34012740,7540101,A00,,,,8.8,,,,7.5,8.5,,4
36002110,7510303,D01,6.2,,6.4,7.0,,,,,,,3
2043411,7480201,A00,,,,8.2,,,,7.75,8.0,,0
40015591,7340120,D01,8.2,,7.2,6.25,,,,,,,1
45001158,7380107,D01,5.8,,6.2,7.25,,,,,,,5
2048285,7340101,D01,8.4,,6.8,7.25,,,,,,,1
42011576,7380107,A00,,,,7.8,,,,7.25,7.75,,5
2022159,7420201,B00,,,,4.5,,,,,6.25,5.8,4
46003439,7810103,D15,7.0,6.6,7.0,,,,,,,,2
53015472,7810202,D01,8.5,,7.6,7.4,,,,,,,2
37011294,7340120,A00,,,,7.5,,,,7.5,8.2,,1
60003104,7340120,A01,,,8.2,7.8,,,,7.5,,,1
49004946,7510401,B00,,,,7.8,,,,,7.75,6.75,3
59000891,7480201,A01,,,7.2,8.0,,,,7.25,,,0
44008693,7810201,A00,,,,8.2,,,,7.25,7.75,,2
35006961,7380107,A00,,,,7.0,,,,7.0,6.8,,5
2050046,7340101,A01,,,8.8,7.0,,,,8.0,,,1
55001297,7420201,B00,,,,6.8,,,,,6.75,6.25,4
35007644,7510203,D01,6.5,,7.4,7.8,,,,,,,3
48018773,7510406,A00,,,,5.0,,,,6.0,5.6,,4
2082316,7480202,D01,5.75,,6.0,7.2,,,,,,,0
56007699,7380107,A00,,,,8.2,,,,7.25,6.75,,5
48004579,7540101,B00,,,,8.0,,,,,7.5,7.8,4
37008598,7340120,A01,,,8.0,7.75,,,,8.4,,,1
39003631,7340101,D01,7.2,,6.8,7.75,,,,,,,1
38006261,7819010,A00,,,,6.75,,,,6.0,6.8,,2
63001283,7340201,A00,,,,8.4,,,,7.0,7.25,,1
46000882,7480201,A00,,,,8.8,,,,6.75,7.75,,0
44006194,7810202,D01,5.0,,7.4,7.5,,,,,,,2
36002098,7220201,D01,6.6,,7.8,7.0,,,,,,,6
2013353,7510303,A00,,,,6.75,,,,6.25,8.0,,3
41009527,7380107,A01,,,8.4,7.25,,,,7.2,,,5
2028028,7340301,A01,,,9.0,7.2,,,,8.0,,,1
2037066,7340101,D01,5.8,,8.2,7.5,,,,,,,1
2036696,7810202,D01,5.8,,7.0,8.0,,,,,,,2
41002811,7340301,A00,,,,7.75,,,,8.0,8.4,,1
50003328,7380107,D01,8.5,,6.8,7.2,,,,,,,5
37016621,7340201,D01,7.8,,6.0,7.5,,,,,,,1
37013737,7340120,D01,7.2,,7.8,7.25,,,,,,,1
48010595,7420201,B00,,,,6.25,,,,,7.25,6.0,4
48027932,7510203,A01,,,5.8,6.0,,,,4.75,,,3
63004173,7810201,D01,7.0,,6.6,6.25,,,,,,,2
49003704,7340301,D01,7.0,,8.6,7.8,,,,,,,1
2076620,7380107,D01,7.0,,7.8,7.4,,,,,,,5
49016014,7810201,D01,7.5,,7.8,7.6,,,,,,,2
53015677,7340201,A00,,,,8.6,,,,6.75,7.5,,1
2063878,7340123,A00,,,,5.0,,,,7.5,6.6,,1
49011656,7810103,D01,6.2,,7.4,4.5,,,,,,,2
2015449,7340101,A01,,,6.8,7.5,,,,7.0,,,1
2081714,7480201,A00,,,,7.75,,,,7.25,7.6,,0
2071879,7810202,D01,7.2,,7.4,7.0,,,,,,,2
49015688,7420201,D07,,,7.6,6.4,,,,,6.0,,4
2074678,7340120,A00,,,,7.75,,,,7.75,8.4,,1
33004613,7340115,D01,8.4,,7.6,8.75,,,,,,,1
36002918,7340301,A00,,,,7.75,,,,8.25,8.2,,1
40015730,7540204,A00,,,,8.2,,,,6.0,8.25,,3
2035845,7340301,D01,6.8,,7.0,6.75,,,,,,,1
55000927,7510203,D01,6.0,,7.4,8.25,,,,,,,3
44000779,7510303,A00,,,,7.0,,,,6.5,6.8,,3
42010246,7810103,D01,6.4,,6.6,7.0,,,,,,,2
2076083,7510301,A00,,,,6.75,,,,6.25,7.6,,3
2083214,7340301,D01,6.8,,7.0,7.0,,,,,,,1
48025891,7540101,B00,,,,7.8,,,,,7.75,8.25,4
2006588,7340115,A00,,,,7.75,,,,8.25,8.4,,1
61008680,7340115,A01,,,7.8,8.25,,,,7.6,,,1
64003298,7340115,D01,6.4,,7.8,8.0,,,,,,,1
43008461,7510202,D01,4.8,,7.4,6.5,,,,,,,3
46005319,7480202,A01,,,7.4,6.75,,,,5.4,,,0
42012074,7220201,D01,7.4,,7.0,7.75,,,,,,,6
2052932,7810201,A01,,,8.4,6.25,,,,5.8,,,2
2083227,7340201,D01,7.5,,8.8,7.8,,,,,,,1
63002925,7540101,D07,,,7.4,7.25,,,,,7.4,,4
2035037,7810202,D01,8.2,,7.6,6.75,,,,,,,2
46006035,7380107,D01,7.75,,8.0,8.8,,,,,,,5
2023425,7340129,D01,7.0,,7.4,7.0,,,,,,,4
2083704,7340123,A00,,,,5.75,,,,8.0,7.4,,1
2027166,7340129,D01,6.25,,7.8,6.4,,,,,,,4
48030920,7510401,A00,,,,5.75,,,,7.75,7.2,,3
2055403,7480201,D07,,,8.4,7.75,,,,,7.8,,0
46005209,7220204,D01,7.75,,7.4,7.4,,,,,,,6
47009132,7480201,A00,,,,7.75,,,,7.75,7.0,,0
51011229,7420201,B00,,,,7.0,,,,,7.75,7.2,4
52003773,7510303,D01,5.75,,5.6,6.6,,,,,,,3
2044952,7220201,D09,,,5.4,8.5,,,7.6,,,,6
46001249,7510303,D01,7.0,,3.6,6.6,,,,,,,3
35005726,7810202,D01,8.75,,6.6,7.6,,,,,,,2
2076345,7220201,D01,7.0,,8.6,8.0,,,,,,,6
31007475,7340123,D01,6.8,,6.2,7.25,,,,,,,1
35005956,7340301,A00,,,,8.6,,,,7.0,8.0,,1
2016322,7819010,A00,,,,7.75,,,,6.75,6.6,,2
2007708,7340301,A00,,,,8.4,,,,6.75,7.75,,1
2034176,7340201,A00,,,,8.2,,,,7.0,8.25,,1
2079815,7480202,D01,7.8,,7.8,6.5,,,,,,,0
52007215,7810201,A00,,,,8.2,,,,7.75,7.5,,2
2034288,7340129,D01,5.8,,6.8,7.5,,,,,,,4
47007260,7340101,D01,6.8,,8.0,7.25,,,,,,,1
48021223,7810202,D01,7.4,,7.2,7.0,,,,,,,2
2049347,7480202,D01,5.25,,5.6,8.0,,,,,,,0
54012002,7340201,D01,5.6,,7.2,8.75,,,,,,,1
2036301,7220201,A01,,,8.6,8.0,,,,8.5,,,6
2073416,7340301,D01,7.5,,8.0,7.8,,,,,,,1
46005861,7220201,D01,8.0,,7.4,8.0,,,,,,,6
2006643,7420201,D07,,,7.8,7.75,,,,,7.4,,4
2067904,7510203,A01,,,7.8,7.6,,,,7.0,,,3
63001037,7340301,D01,8.0,,6.8,6.25,,,,,,,1
2018180,7510301,D07,,,5.4,6.8,,,,,5.75,,3
49006828,7540101,A00,,,,7.25,,,,6.75,7.4,,4
2014365,7510203,D07,,,7.2,6.6,,,,,6.75,,3
43008406,7340301,A00,,,,7.5,,,,8.25,7.8,,1
2008946,7850101,A00,,,,6.6,,,,6.5,5.0,,4
61005768,7340122,D01,7.4,,7.6,7.0,,,,,,,1
53012939,7340129,D01,7.75,,7.6,5.2,,,,,,,4
35002873,7480201,D01,6.8,,5.8,8.5,,,,,,,0
47008945,7850101,A00,,,,6.8,,,,5.0,5.25,,4
50014888,7819010,A00,,,,7.5,,,,7.0,7.2,,2
37002642,7340115,A00,,,,7.5,,,,7.25,7.6,,1
46010145,7340301,D01,6.0,,7.4,8.25,,,,,,,1
2022947,7340120,D01,8.0,,7.8,7.5,,,,,,,1
42007633,7540101,A00,,,,7.25,,,,8.0,7.6,,4
46002435,7540101,B00,,,,8.25,,,,,7.5,8.4,4
2083301,7480201,D01,7.0,,8.2,7.2,,,,,,,0
35008573,7380107,A01,,,7.6,8.0,,,,8.0,,,5
2019364,7340301,A00,,,,7.6,,,,7.25,8.0,,1
42012618,7340301,D01,7.75,,7.6,7.8,,,,,,,1
38011404,7340101,D01,6.6,,7.8,6.16,,,,,,,1
60002694,7340301,A00,,,,8.5,,,,6.0,7.8,,1
48021481,7340120,A00,,,,8.0,,,,7.0,8.0,,1
42008178,7340201,D01,8.0,,8.4,6.8,,,,,,,1
2035045,7340201,A01,,,8.0,6.5,,,,8.2,,,1
48003704,7510401,D07,,,7.6,6.6,,,,,8.25,,3
35001783,7510301,A00,,,,6.0,,,,4.25,6.8,,3
2017338,7340201,A01,,,8.2,8.2,,,,7.0,,,1
2062844,7480201,D07,,,7.4,7.75,,,,,8.2,,0
61007335,7420201,B00,,,,5.75,,,,,7.0,5.8,4
55009593,7420201,B00,,,,6.75,,,,,8.0,6.2,4
41004763,7340201,A00,,,,8.0,,,,6.25,8.75,,1
53000300,7340101,D01,8.25,,8.4,7.8,,,,,,,1
2017411,7220201,D01,8.8,,7.2,7.0,,,,,,,6
44004483,7340129,A00,,,,8.2,,,,6.0,7.5,,4
48015462,7340120,A01,,,7.4,7.75,,,,7.6,,,1
40012330,7540106,A00,,,,7.2,,,,7.5,3.75,,4
53006024,7340101,D01,5.2,,7.2,8.75,,,,,,,1
2021455,7380107,D01,8.25,,7.2,6.6,,,,,,,5
42006795,7480202,A00,,,,7.75,,,,6.5,7.6,,0
49014286,7340115,D01,8.4,,7.8,7.0,,,,,,,1
2066288,7220201,D09,,,7.0,9.25,,,8.0,,,,6
2041393,7810201,A00,,,,8.0,,,,8.25,7.2,,2
2008935,7420201,B00,,,,7.0,,,,,7.0,7.75,4
49012961,7340129,A00,,,,7.0,,,,5.75,8.0,,4
48014554,7340120,D01,7.2,,7.4,7.25,,,,,,,1
52012824,7540101,A00,,,,9.2,,,,7.75,7.75,,4
2025673,7810202,A01,,,8.4,8.4,,,,7.5,,,2
40006525,7810103,D01,5.0,,5.6,7.5,,,,,,,2
54009339,7340115,A00,,,,8.25,,,,6.75,7.6,,1
2064514,7810202,D01,6.5,,8.6,7.8,,,,,,,2
2079835,7819010,A00,,,,6.0,,,,6.5,8.4,,2
51006969,7810103,D01,8.4,,7.6,7.5,,,,,,,2
2075670,7510202,A00,,,,5.75,,,,7.0,6.0,,3
41004266,7810103,D01,8.0,,8.0,7.0,,,,,,,2
49009607,7480201,A00,,,,7.6,,,,6.25,8.25,,0
43003042,7340301,A00,,,,7.6,,,,7.25,7.25,,1
53003823,7340129,D01,6.5,,6.8,7.6,,,,,,,4
48021574,7420201,B00,,,,7.5,,,,,8.25,8.0,4
2024873,7420201,A00,,,,6.6,,,,5.25,6.5,,4
48014458,7340101,D01,6.6,,7.4,8.25,,,,,,,1
2046346,7380107,D01,8.0,,6.4,7.8,,,,,,,5
2022772,7510301,A00,,,,7.0,,,,5.0,6.25,,3
42008700,7380107,D15,6.0,6.4,8.25,,,,,,,,5
59001493,7510301,D01,8.0,,4.4,5.6,,,,,,,3
42012243,7340101,A00,,,,7.25,,,,7.5,8.4,,1
35007495,7510301,A00,,,,7.8,,,,4.75,6.5,,3
57007960,7810201,D15,7.5,6.2,6.0,,,,,,,,2
53007283,7340120,D01,4.6,,7.4,9.25,,,,,,,1
56001811,7540204,D01,8.0,,5.4,6.2,,,,,,,3
56010249,7510202,D01,6.2,,7.0,7.5,,,,,,,3
41012512,7510303,A00,,,,5.75,,,,6.0,6.4,,3
52003543,7510303,A01,,,7.0,7.2,,,,6.5,,,3
46009447,7340122,D01,6.8,,7.2,7.75,,,,,,,1
37012266,7220204,D01,8.0,,7.0,7.6,,,,,,,6
2030255,7510303,D01,6.75,,5.6,6.4,,,,,,,3
2034115,7510303,D01,6.0,,6.0,6.4,,,,,,,3
45004588,7540101,A00,,,,7.75,,,,7.25,7.6,,4
2078219,7480201,A00,,,,6.0,,,,8.5,8.4,,0
2017285,7480201,D01,9.0,,7.2,7.25,,,,,,,0
2080655,7340301,D01,7.5,,8.2,7.6,,,,,,,1
37009023,7340120,A00,,,,8.0,,,,7.75,7.8,,1
44009514,7480201,D01,7.8,,6.4,7.5,,,,,,,0
38013411,7480202,D01,4.8,,5.6,7.5,,,,,,,0
56000349,7380107,A00,,,,7.4,,,,8.25,7.25,,5
48011034,7340120,A00,,,,7.75,,,,8.0,7.6,,1
39009548,7340120,D01,6.8,,7.6,8.25,,,,,,,1
2081334,7480201,D01,7.2,,8.0,6.5,,,,,,,0
48026433,7340120,D01,6.25,,9.0,8.4,,,,,,,1
49006647,7420201,B00,,,,8.25,,,,,8.0,7.8,4
60004786,7340101,A00,,,,7.75,,,,7.25,7.0,,1
2040483,7220201,D01,8.25,,8.4,7.8,,,,,,,6
37004277,7540101,A00,,,,7.25,,,,8.5,6.8,,4
42012382,7540106,B00,,,,6.5,,,,,8.0,6.6,4
46005458,7340101,A00,,,,7.25,,,,8.25,7.4,,1
40014797,7510303,D01,3.8,,6.8,6.25,,,,,,,3
2069114,7340201,D01,8.0,,7.2,7.8,,,,,,,1
2020457,7340301,D01,4.8,,7.2,8.0,,,,,,,1
2060904,7819010,D07,,,7.6,5.25,,,,,5.2,,2
2069230,7340120,D01,6.6,,7.0,8.5,,,,,,,1
34010530,7540204,A00,,,,6.4,,,,6.5,7.75,,3
37015749,7340101,D01,5.2,,7.2,8.75,,,,,,,1
2043633,7819010,A00,,,,5.0,,,,5.75,7.2,,2
2039606,7340101,A01,,,8.0,8.25,,,,6.8,,,1
48000933,7340101,D01,7.2,,6.2,7.5,,,,,,,1
52010663,7340101,D01,8.5,,8.0,8.6,,,,,,,1
55011664,7340115,A00,,,,8.25,,,,8.25,8.0,,1
2032612,7340201,A00,,,,8.2,,,,7.25,8.0,,1
47000013,7380107,D15,7.0,4.8,7.0,,,,,,,,5
2070431,7480201,A01,,,6.8,8.5,,,,7.6,,,0
35000959,7540101,A00,,,,7.0,,,,6.25,7.8,,4
53014707,7220201,D01,7.58,,9.0,7.2,,,,,,,6
2044787,7480201,A00,,,,5.75,,,,7.0,8.4,,0
2002053,7810202,A00,,,,7.8,,,,6.5,8.5,,2
35007611,7220204,D01,7.5,,7.2,7.6,,,,,,,6
52003579,7340120,A00,,,,8.6,,,,8.0,8.25,,1
38008942,7510303,A00,,,,6.5,,,,7.0,7.4,,3
2081453,7480202,D01,5.0,,5.2,6.6,,,,,,,0
48015671,7510203,A00,,,,7.5,,,,7.25,7.8,,3
2064709,7480201,D01,6.8,,7.4,7.5,,,,,,,0
44011893,7340201,A00,,,,8.0,,,,7.5,7.8,,1
37005918,7340120,A01,,,8.2,8.25,,,,6.8,,,1
53000784,7480202,D01,5.4,,5.6,8.0,,,,,,,0
38013464,7220204,D09,,,6.4,8.5,,,6.4,,,,6
2054868,7340101,A00,,,,7.25,,,,8.0,8.2,,1
2039022,7340301,A00,,,,8.25,,,,7.5,8.4,,1
54005373,7340129,A00,,,,6.5,,,,7.5,7.0,,4
53001321,7340115,D01,7.6,,8.4,8.25,,,,,,,1
40017058,7340101,A01,,,7.8,7.5,,,,8.4,,,1
2079093,7510202,D01,5.4,,7.6,6.0,,,,,,,3
38006807,7340115,A00,,,,7.5,,,,7.75,7.8,,1
48012481,7480202,D01,6.75,,6.8,5.6,,,,,,,0
48001889,7810201,D01,9.25,,7.2,7.0,,,,,,,2
44008208,7510303,A00,,,,5.75,,,,6.5,6.2,,3
61008407,7540101,A00,,,,8.8,,,,7.75,7.75,,4
36001961,7420201,A00,,,,6.75,,,,7.25,6.4,,4
43004634,7340120,D01,6.8,,8.4,8.25,,,,,,,1
49005491,7540101,B00,,,,6.5,,,,,7.0,7.0,4
52012327,7810103,A00,,,,8.0,,,,6.25,8.25,,2
49010048,7510401,A00,,,,6.75,,,,7.0,7.6,,3
2014225,7220204,D01,6.6,,7.2,7.75,,,,,,,6
53000019,7340115,D01,9.2,,6.6,7.5,,,,,,,1
46002019,7340115,A00,,,,8.0,,,,7.5,9.0,,1
35009185,7340120,A01,,,7.4,6.0,,,,8.6,,,1
42014030,7340101,A00,,,,7.0,,,,8.0,6.8,,1
2043955,7340101,A00,,,,7.75,,,,6.25,7.4,,1
46004506,7540101,B00,,,,8.75,,,,,8.0,8.8,4
52005375,7380107,A00,,,,6.25,,,,6.75,7.0,,5
53015338,7540204,A00,,,,7.6,,,,7.25,6.75,,3
52011604,7340120,D01,8.0,,9.0,7.0,,,,,,,1
35009138,7510203,D01,6.8,,5.4,7.0,,,,,,,3
48009622,7340101,A01,,,8.8,8.0,,,,7.0,,,1
2035591,7510202,A00,,,,8.4,,,,6.25,7.75,,3
2039252,7340301,A00,,,,8.8,,,,8.0,5.75,,1
48010118,7340120,A00,,,,8.0,,,,8.0,8.0,,1
2065992,7510401,A00,,,,6.5,,,,6.75,7.2,,3
56001373,7220204,D01,7.8,,7.6,8.0,,,,,,,6
56000318,7540101,B00,,,,7.5,,,,,7.5,6.8,4
50004865,7220201,D09,,,6.6,6.75,,,7.6,,,,6
2081187,7510401,A00,,,,7.0,,,,7.75,7.8,,3
2079892,7510401,B00,,,,7.75,,,,,7.0,7.8,3
47001067,7340301,D01,5.4,,7.4,7.25,,,,,,,1
2045092,7380107,D01,7.0,,9.8,7.2,,,,,,,5
46006776,7340120,A01,,,7.2,8.25,,,,8.2,,,1
36001223,7510202,A00,,,,6.5,,,,6.75,5.2,,3
49012050,7380107,D15,6.5,5.8,6.5,,,,,,,,5
2035543,7340122,A01,,,8.2,7.5,,,,7.8,,,1
47006543,7850101,B00,,,,7.25,,,,,7.5,6.8,4
2083618,7340120,A00,,,,6.25,,,,7.25,8.2,,1
2024232,7340120,D01,7.25,,8.6,8.2,,,,,,,1
2033317,7510202,A00,,,,7.4,,,,6.25,7.25,,3
2078011,7510401,A00,,,,6.75,,,,5.75,6.8,,3
39007912,7480201,A01,,,8.2,8.0,,,,7.25,,,0
49007607,7540101,B00,,,,8.0,,,,,7.75,7.0,4
48031184,7340115,A00,,,,7.25,,,,8.0,7.8,,1
2065444,7480201,A00,,,,6.75,,,,7.25,7.8,,0
39002487,7340201,A01,,,8.8,7.4,,,,6.0,,,1
2084004,7420201,B00,,,,6.75,,,,,7.0,7.2,4
52011964,7340101,A00,,,,8.0,,,,7.75,8.0,,1
2079791,7340123,A00,,,,7.25,,,,6.25,7.6,,1
2082394,7810103,D01,8.0,,9.0,7.4,,,,,,,2
2080436,7810201,A00,,,,7.25,,,,7.25,6.0,,2
37008372,7480201,A00,,,,8.0,,,,7.25,7.8,,0
2018102,7480201,A01,,,7.4,6.25,,,,9.2,,,0
49014835,7340301,A00,,,,7.8,,,,7.0,7.75,,1
48013826,7340301,D01,7.25,,6.6,8.2,,,,,,,1
40019087,7340115,D01,7.5,,8.2,7.8,,,,,,,1
53002981,7480202,A00,,,,7.0,,,,8.0,7.8,,0
2027294,7220201,D01,7.25,,9.2,7.6,,,,,,,6
2066357,7340120,D01,7.5,,8.6,7.8,,,,,,,1
38002082,7480201,D01,8.4,,7.2,8.25,,,,,,,0
2036227,7810103,D01,8.2,,7.8,7.0,,,,,,,2
53007404,7340101,A00,,,,7.0,,,,6.0,7.8,,1
2036838,7810201,D01,4.0,,7.0,7.0,,,,,,,2
38008280,7480201,A01,,,7.6,7.75,,,,6.8,,,0
2036361,7480202,A00,,,,7.0,,,,7.5,7.6,,0
46009016,7510301,D01,6.6,,7.0,8.5,,,,,,,3
35005888,7340101,A01,,,7.0,8.0,,,,8.0,,,1
53011588,7540106,D07,,,6.4,7.4,,,,,5.5,,4
58008540,7510303,D01,7.0,,4.6,7.8,,,,,,,3
2032309,7510406,B00,,,,5.5,,,,,4.25,7.4,4
2036559,7510401,B00,,,,7.0,,,,,6.0,4.8,3
30017090,7380107,D01,6.2,,7.4,9.5,,,,,,,5
2008059,7220201,D01,7.75,,9.4,8.0,,,,,,,6
35000512,7340101,A00,,,,7.25,,,,7.75,7.8,,1
43003897,7810103,D01,3.8,,8.2,5.5,,,,,,,2
47008586,7340120,D01,7.0,,6.8,7.25,,,,,,,1
46000410,7850101,A00,,,,5.75,,,,6.75,7.0,,4
2021683,7850101,D07,,,5.2,6.25,,,,,7.0,,4
44003347,7340101,D01,7.2,,5.8,8.5,,,,,,,1
59008273,7510203,A00,,,,6.75,,,,7.5,7.0,,3
51010755,7540204,A00,,,,7.0,,,,7.0,6.8,,3
2008353,7340122,D01,8.2,,7.2,7.5,,,,,,,1
43002756,7480201,A00,,,,7.8,,,,7.0,7.25,,0
49007243,7220201,D01,8.75,,8.0,8.8,,,,,,,6
53001915,7510401,B00,,,,7.0,,,,,6.25,7.0,3
61001450,7810202,D01,8.0,,6.6,7.2,,,,,,,2
37008515,7340115,A01,,,8.6,8.5,,,,7.0,,,1
39000820,7220204,D01,7.25,,8.4,7.4,,,,,,,6
47008585,7480201,D01,7.8,,7.4,8.25,,,,,,,0
46008961,7810201,D01,7.6,,6.4,7.5,,,,,,,2
44002231,7810202,A00,,,,8.0,,,,6.5,7.75,,2
42011358,7510203,D01,6.75,,6.8,7.6,,,,,,,3
2023004,7510301,A00,,,,6.4,,,,5.5,7.25,,3
35000039,7510202,A00,,,,6.25,,,,4.25,7.8,,3
40006306,7340101,A01,,,8.0,7.6,,,,7.75,,,1
51009152,7480202,D01,4.2,,5.8,7.25,,,,,,,0
2022770,7480201,A01,,,8.8,7.8,,,,7.0,,,0
37008619,7340101,A01,,,8.2,7.6,,,,7.5,,,1
2035280,7340129,A00,,,,7.25,,,,7.75,7.6,,4
46006192,7340101,D01,5.4,,7.6,7.75,,,,,,,1
35007755,7480201,D07,,,7.2,8.4,,,,,6.5,,0
2034846,7340101,D01,8.4,,7.6,7.0,,,,,,,1
36002117,7340120,D01,8.2,,7.8,7.0,,,,,,,1
50005863,7380107,A00,,,,8.2,,,,5.5,8.0,,5
2049922,7810201,D01,7.5,,7.4,7.8,,,,,,,2
31004044,7819010,A00,,,,7.25,,,,7.0,7.2,,2
2073935,7340301,A00,,,,6.25,,,,7.25,8.2,,1
35010493,7510202,A00,,,,8.0,,,,8.5,8.0,,3
35010591,7810202,A00,,,,9.0,,,,6.5,8.0,,2
2039009,7510203,A00,,,,6.8,,,,7.75,7.0,,3
48002289,7510202,D07,,,7.4,6.5,,,,,5.8,,3
44008197,7480201,D01,6.25,,9.2,7.8,,,,,,,0
41003530,7340205,A00,,,,6.5,,,,7.0,6.2,,1
2034767,7480201,D07,,,7.8,7.2,,,,,7.5,,0
48001300,7480201,A01,,,8.4,6.75,,,,6.4,,,0
49011395,7540106,B00,,,,8.0,,,,,7.5,7.0,4
53016006,7540204,D07,,,7.6,7.2,,,,,7.5,,3
2034278,7819010,B00,,,,7.25,,,,,6.75,5.4,2
52010935,7480201,A00,,,,7.0,,,,8.0,8.0,,0
34014415,7340301,A00,,,,8.0,,,,7.5,7.5,,1
39009857,7340123,D01,4.6,,6.2,7.0,,,,,,,1
2041017,7810201,D01,6.75,,8.2,7.6,,,,,,,2
2068674,7480202,D01,7.4,,6.6,6.75,,,,,,,0
30008971,7340115,D01,6.6,,7.6,8.75,,,,,,,1
48006001,7510303,D01,5.75,,4.0,7.2,,,,,,,3
2080471,7850101,A00,,,,5.5,,,,6.0,6.8,,4
2027908,7540106,A00,,,,7.6,,,,5.75,7.25,,4
2023309,7480202,D01,7.5,,6.4,5.6,,,,,,,0
2019223,7510401,D07,,,7.8,7.5,,,,,7.4,,3
2065299,7340301,A01,,,7.6,7.75,,,,8.4,,,1
2076024,7480201,D07,,,8.8,7.4,,,,,7.0,,0
35005031,7510303,D01,4.2,,6.6,7.75,,,,,,,3
2008714,7480202,D07,,,6.6,7.75,,,,,7.2,,0
2081627,7480201,D07,,,8.4,6.75,,,,,7.4,,0
46001597,7480202,D01,6.8,,7.0,9.0,,,,,,,0
64003912,7810201,A00,,,,7.25,,,,6.75,7.6,,2
44011999,7810202,D01,8.25,,8.4,6.8,,,,,,,2
40003442,7480201,A01,,,8.4,8.4,,,,7.5,,,0
2042148,7340115,A00,,,,7.5,,,,8.25,7.6,,1
2043763,7340301,A00,,,,6.5,,,,6.5,8.0,,1
2028335,7340201,A01,,,9.0,7.8,,,,8.0,,,1
2016072,7340201,A00,,,,8.0,,,,7.25,8.25,,1
48033034,7340129,D01,6.0,,6.4,8.0,,,,,,,4
2015001,7340201,A01,,,6.8,6.75,,,,8.4,,,1
2014553,7810103,D01,8.0,,6.6,6.25,,,,,,,2
28010906,7480201,D01,4.0,,7.2,9.5,,,,,,,0
47011613,7810201,D15,6.75,6.2,7.75,,,,,,,,2
28017882,7480201,A00,,,,6.5,,,,7.5,7.2,,0
39002321,7340115,D01,8.4,,6.6,8.0,,,,,,,1
48022775,7480201,A00,,,,7.8,,,,7.0,7.25,,0
42007507,7220201,D01,7.0,,8.4,7.75,,,,,,,6
43008456,7340129,A00,,,,8.4,,,,5.5,8.5,,4
2075598,7480202,D01,6.5,,6.4,7.8,,,,,,,0
61010324,7510303,D01,5.8,,7.2,8.0,,,,,,,3
2031063,7340301,A01,,,8.6,8.0,,,,8.0,,,1
2070621,7520115,A01,,,7.2,6.25,,,,6.6,,,3
2006167,7540101,A00,,,,7.0,,,,7.75,8.0,,4
2035818,7340129,A00,,,,8.0,,,,6.25,7.4,,4
49010503,7340301,A00,,,,7.6,,,,7.0,7.75,,1
2079923,7480202,A01,,,7.2,6.75,,,,6.6,,,0
49006931,7340120,D01,9.0,,8.0,8.2,,,,,,,1
38012602,7340101,A00,,,,7.5,,,,6.5,8.4,,1
2038143,7380107,D01,8.0,,7.6,7.5,,,,,,,5
48012454,7340115,A00,,,,8.2,,,,7.5,8.0,,1
49011606,7480201,D01,8.4,,7.4,6.0,,,,,,,0
2083568,7480201,A01,,,8.6,7.8,,,,8.0,,,0
48012112,7540204,D01,6.0,,7.4,7.2,,,,,,,3
2060590,7340301,D01,6.6,,7.0,7.0,,,,,,,1
64005859,7340129,A00,,,,7.4,,,,7.5,6.75,,4
61004368,7220201,D01,8.6,,7.0,7.75,,,,,,,6
46005544,7340120,A00,,,,6.0,,,,7.5,7.6,,1
42012999,7480201,D01,8.2,,7.8,7.75,,,,,,,0
2044601,7340301,D01,7.25,,8.4,8.0,,,,,,,1
52001959,7380107,D01,7.0,,8.0,7.2,,,,,,,5
53001641,7340101,D01,6.0,,8.6,8.25,,,,,,,1
2065719,7340120,D01,7.8,,8.0,7.0,,,,,,,1
48023779,7510401,D07,,,6.6,6.25,,,,,8.8,,3
51004529,7540101,D07,,,7.8,8.0,,,,,7.0,,4
44007685,7510202,D01,6.4,,6.4,7.0,,,,,,,3
57005745,7480201,D01,7.2,,7.4,6.75,,,,,,,0
43000185,7380107,A01,,,7.4,5.0,,,,7.2,,,5
37015655,7810103,D01,8.2,,7.8,6.75,,,,,,,2
47008839,7510303,A00,,,,7.0,,,,6.0,7.0,,3
29002077,7340129,A00,,,,6.25,,,,7.75,8.2,,4
63001327,7340101,A00,,,,7.8,,,,7.25,8.0,,1
37011953,7510202,D01,5.5,,4.0,6.6,,,,,,,3
2044185,7340122,A00,,,,7.5,,,,7.0,7.6,,1
2018265,7340101,D01,6.2,,7.6,7.25,,,,,,,1
2036056,7810103,D01,8.2,,6.6,7.5,,,,,,,2
53002237,7340129,D01,7.75,,8.0,6.8,,,,,,,4
46002631,7480201,A00,,,,7.8,,,,7.0,7.5,,0
2029294,7480201,D01,8.4,,7.0,6.25,,,,,,,0
2047189,7340301,A00,,,,7.0,,,,7.5,7.6,,1
49003407,7540101,D07,,,8.2,8.0,,,,,7.75,,4
35010437,7340123,A00,,,,5.5,,,,8.25,7.8,,1
48009476,7540204,D01,5.2,,6.6,8.0,,,,,,,3
2036687,7420201,B00,,,,6.0,,,,,6.75,4.75,4
39005813,7340201,A00,,,,7.6,,,,7.25,7.5,,1
2080668,7850101,A01,,,6.6,6.0,,,,9.0,,,4
2083247,7480202,D01,5.5,,7.0,7.6,,,,,,,0
48004667,7510203,A01,,,7.0,7.25,,,,8.8,,,3
45001079,7480201,A01,,,8.0,8.4,,,,6.5,,,0
27004688,7510203,D01,4.6,,7.2,8.0,,,,,,,3
2028477,7540106,B00,,,,7.2,,,,,5.75,6.0,4
51013345,7510301,D01,7.25,,5.4,7.2,,,,,,,3
37014520,7480201,A00,,,,7.25,,,,8.0,7.8,,0
47009757,7480201,A00,,,,8.0,,,,6.75,7.75,,0
42007257,7340205,D01,6.4,,6.4,7.25,,,,,,,1
48020137,7340120,A00,,,,8.25,,,,7.75,7.4,,1
49011511,7510202,D01,5.4,,6.8,5.0,,,,,,,3
2069412,7480201,A00,,,,6.75,,,,7.5,6.8,,0
2069607,7340201,D01,5.8,,7.6,7.25,,,,,,,1
2040302,7340101,D01,6.75,,9.2,8.0,,,,,,,1
43007329,7340301,A00,,,,7.5,,,,8.0,7.2,,1
43006500,7480202,D01,5.75,,6.6,7.2,,,,,,,0
2077594,7510202,A00,,,,6.75,,,,7.5,7.0,,3
32002770,7220204,D01,7.6,,7.2,8.25,,,,,,,6
2083447,7480201,A00,,,,8.0,,,,8.25,7.4,,0
43001804,7480202,D01,6.2,,7.8,8.25,,,,,,,0
52005998,7810103,D01,7.8,,7.0,7.75,,,,,,,2
2040611,7480202,A00,,,,7.25,,,,7.75,8.4,,0
47005062,7510401,A00,,,,7.0,,,,7.25,7.6,,3
45004663,7340101,A00,,,,7.75,,,,7.75,6.8,,1
48025995,7220204,D01,7.5,,8.2,7.6,,,,,,,6
48014022,7340101,A01,,,8.4,7.25,,,,8.6,,,1
54002146,7510202,D01,7.2,,6.8,7.5,,,,,,,3
49007844,7480201,D07,,,8.6,6.6,,,,,7.0,,0
2039012,7510301,A00,,,,7.2,,,,7.25,6.75,,3
61000130,7510203,A00,,,,6.75,,,,5.25,6.4,,3
2035331,7810202,A00,,,,6.0,,,,7.5,6.6,,2
2081955,7510401,A00,,,,6.0,,,,6.5,6.8,,3
56000803,7540106,A01,,,6.6,7.25,,,,6.6,,,4
37004609,7810202,A00,,,,6.0,,,,7.5,5.8,,2
46001767,7480202,D01,7.2,,6.8,5.25,,,,,,,0
49013552,7340301,D01,6.4,,7.0,7.5,,,,,,,1
40003366,7480201,D01,6.75,,7.2,8.2,,,,,,,0
40019549,7520115,D01,5.6,,7.2,5.75,,,,,,,3
48018585,7480201,D01,7.25,,8.2,7.8,,,,,,,0
2012880,7380107,D01,7.5,,7.6,7.0,,,,,,,5
46001554,7850101,B00,,,,5.0,,,,,5.25,7.0,4
49015427,7340120,D01,5.8,,7.8,7.5,,,,,,,1
40003463,7340120,A00,,,,8.0,,,,8.0,7.8,,1
48019166,7480201,D01,7.0,,8.2,7.4,,,,,,,0
2046209,7510301,D01,6.8,,6.8,6.75,,,,,,,3
56005276,7380107,A00,,,,6.75,,,,8.0,8.6,,5
43006064,7480202,A00,,,,8.0,,,,6.75,7.6,,0
49005169,7340301,D01,8.25,,6.6,8.4,,,,,,,1
44011216,7340120,A01,,,7.4,8.0,,,,7.8,,,1
53004800,7480201,A01,,,8.8,7.4,,,,7.0,,,0
44010478,7340115,A00,,,,7.75,,,,8.0,8.2,,1
56002629,7340101,A00,,,,8.2,,,,7.5,8.0,,1
61008417,7540101,D07,,,8.4,8.2,,,,,7.25,,4
56007295,7340201,D01,8.25,,6.6,8.0,,,,,,,1
2060293,7340301,D01,8.2,,8.0,7.5,,,,,,,1
52008428,7510303,A00,,,,7.0,,,,5.75,7.6,,3
46005212,7340201,A00,,,,7.75,,,,7.75,7.8,,1
45002690,7480201,A01,,,7.6,7.8,,,,7.25,,,0
37013375,7510203,A00,,,,6.25,,,,6.0,7.4,,3
60005036,7510301,A00,,,,7.0,,,,6.75,7.6,,3
61004256,7540105,A01,,,7.6,6.0,,,,5.2,,,4
2013090,7510303,D01,6.6,,6.4,6.25,,,,,,,3
2017557,7540106,B00,,,,6.75,,,,,6.5,7.8,4
2007394,7480202,A00,,,,6.75,,,,6.75,6.0,,0
47009851,7340301,D01,7.0,,8.4,8.5,,,,,,,1
2018847,7480201,D01,7.2,,7.4,6.5,,,,,,,0
36000810,7510401,A00,,,,7.25,,,,6.5,6.0,,3
63002795,7480201,A01,,,8.2,7.0,,,,7.8,,,0
2006963,7510202,D01,6.8,,6.8,5.0,,,,,,,3
53012810,7340123,D01,7.0,,7.8,8.0,,,,,,,1
2075090,7520115,D01,8.0,,6.8,5.5,,,,,,,3
2065024,7480201,D07,,,7.0,7.0,,,,,7.4,,0
2080309,7340201,A00,,,,8.8,,,,6.0,8.0,,1
2030975,7340301,D01,6.5,,9.0,8.0,,,,,,,1
56009991,7480201,D01,6.75,,7.6,8.0,,,,,,,0
2009569,7510401,A01,,,6.8,7.2,,,,6.25,,,3
2081991,7480202,A00,,,,7.5,,,,7.5,7.6,,0
48010627,7340301,D01,6.6,,7.6,7.75,,,,,,,1
41003934,7340205,A00,,,,6.75,,,,6.0,7.4,,1
53001949,7540106,A00,,,,7.2,,,,6.25,5.25,,4
2037009,7340115,A00,,,,7.0,,,,8.75,8.2,,1
53012885,7340101,D01,8.75,,8.2,7.4,,,,,,,1
2072024,7540106,D07,,,8.4,7.6,,,,,7.0,,4
2044108,7810201,D01,6.2,,7.2,6.75,,,,,,,2
2016026,7810201,D15,6.25,5.6,6.75,,,,,,,,2
2055524,7510303,D01,8.0,,7.0,6.5,,,,,,,3
2077718,7340201,A00,,,,8.25,,,,8.25,7.0,,1
2040717,7340201,D01,7.5,,8.0,8.0,,,,,,,1
53005784,7480201,A00,,,,7.25,,,,8.75,7.8,,0
35010438,7340205,D07,,,6.6,7.25,,,,,6.0,,1
50003806,7220204,D01,7.6,,7.8,8.0,,,,,,,6
2033740,7510401,A00,,,,7.0,,,,6.25,7.75,,3
54007037,7480202,A00,,,,4.75,,,,6.5,7.2,,0
2068636,7420201,B00,,,,7.5,,,,,7.25,6.6,4
2057389,7540106,B00,,,,6.75,,,,,6.75,6.6,4
49009684,7540106,A00,,,,6.2,,,,4.75,6.75,,4
35006561,7510303,D01,7.5,,4.4,6.0,,,,,,,3
47000198,7540106,A00,,,,8.0,,,,6.75,7.8,,4
44010451,7220201,A01,,,9.0,7.2,,,,7.25,,,6
2021817,7540101,B00,,,,7.5,,,,,7.75,7.8,4
2014829,7540101,D07,,,7.6,7.5,,,,,7.8,,4
2043704,7510401,B00,,,,6.75,,,,,6.5,7.0,3
43005622,7380107,A00,,,,7.5,,,,7.75,7.0,,5
2064546,7480201,D07,,,7.4,8.25,,,,,9.2,,0
64003797,7340101,A00,,,,7.25,,,,7.0,7.8,,1
60004923,7510202,D01,4.2,,5.2,7.25,,,,,,,3
2026251,7540101,A00,,,,7.0,,,,7.25,7.8,,4
46009635,7340201,A01,,,7.4,8.25,,,,7.8,,,1
52006182,7340115,A00,,,,8.0,,,,7.5,7.6,,1
38003099,7460108,A01,,,5.6,5.25,,,,6.2,,,0
2052858,7340101,A01,,,8.0,7.25,,,,8.2,,,1
43008121,7340115,A00,,,,8.0,,,,6.25,7.8,,1
2061006,7380107,D01,8.6,,6.8,6.5,,,,,,,5
2027050,7340205,A00,,,,7.25,,,,7.25,8.0,,1
2080566,7510303,A01,,,7.6,6.75,,,,6.0,,,3
53014233,7540101,B00,,,,8.5,,,,,7.75,7.6,4
2028880,7340101,A00,,,,7.25,,,,7.75,7.0,,1
56010596,7340120,D01,7.0,,7.0,8.0,,,,,,,1
2061220,7340122,D01,8.2,,7.8,6.75,,,,,,,1
2063132,7510301,A00,,,,6.0,,,,8.25,7.6,,3
49012684,7540101,B00,,,,8.0,,,,,7.25,7.0,4
2046958,7510203,D01,5.75,,7.4,7.0,,,,,,,3
53005793,7340101,A00,,,,7.75,,,,8.75,7.4,,1
2067450,7340120,A00,,,,8.4,,,,8.25,8.25,,1
37003978,7380107,D01,5.4,,7.2,8.25,,,,,,,5
2028638,7380107,D01,7.0,,7.6,7.2,,,,,,,5
60002051,7510401,B00,,,,6.4,,,,,8.0,4.75,3
2044142,7819010,A01,,,6.4,7.0,,,,6.8,,,2
35007060,7340115,D01,7.8,,7.4,8.25,,,,,,,1
2067407,7340201,A01,,,9.0,7.6,,,,7.5,,,1
37005944,7510301,D01,4.6,,7.4,6.0,,,,,,,3
61007458,7510301,D01,6.5,,7.6,7.2,,,,,,,3
46009997,7480201,D01,6.4,,8.0,6.75,,,,,,,0
2045118,7510202,A00,,,,8.0,,,,6.5,7.5,,3
53001687,7340301,D01,7.75,,8.2,8.2,,,,,,,1
38011460,7220201,D01,7.0,,6.8,7.0,,,,,,,6
2013065,7510202,A00,,,,5.75,,,,6.5,7.2,,3
2078013,7340301,A00,,,,6.75,,,,8.75,7.8,,1
53012378,7810202,D01,6.2,,6.2,8.75,,,,,,,2
46008924,7340120,A00,,,,7.8,,,,8.0,7.25,,1
35006724,7510202,A00,,,,6.8,,,,5.25,4.0,,3
53004853,7850101,A00,,,,5.6,,,,5.5,6.25,,4
2033908,7340301,D01,7.25,,7.8,8.0,,,,,,,1
56001571,7340201,A00,,,,7.25,,,,7.25,8.2,,1
52010135,7810201,D01,6.0,,6.6,7.0,,,,,,,2
2039664,7510202,A01,,,7.0,5.75,,,,5.2,,,3
2077175,7480201,A00,,,,7.5,,,,7.0,7.6,,0
2069159,7540101,B00,,,,7.25,,,,,7.5,6.4,4
48004551,7510203,D01,6.25,,7.2,7.0,,,,,,,3
44010890,7380107,A00,,,,8.0,,,,7.5,7.2,,5
53003683,7480202,A00,,,,7.75,,,,6.75,8.4,,0
49007543,7510303,D01,7.6,,7.2,7.25,,,,,,,3
2006736,7340301,A00,,,,6.5,,,,7.25,7.4,,1
2043468,7480201,A01,,,7.2,6.5,,,,8.0,,,0
2039578,7340201,A00,,,,7.0,,,,7.75,7.2,,1
2024247,7340201,D01,8.5,,7.8,7.0,,,,,,,1
43000797,7480201,D01,6.0,,7.2,8.5,,,,,,,0
50013265,7480202,D01,7.0,,6.2,6.75,,,,,,,0
37016874,7810103,D01,6.75,,8.8,6.6,,,,,,,2
51013845,7340101,A00,,,,7.75,,,,7.0,7.2,,1
37014412,7510202,D01,6.0,,6.0,6.6,,,,,,,3
56003425,7480201,D01,8.0,,8.2,6.75,,,,,,,0
40010415,7340301,A00,,,,7.4,,,,7.25,8.25,,1
2083740,7340101,A00,,,,7.5,,,,7.75,8.0,,1
53008922,7540106,A00,,,,8.0,,,,6.5,6.5,,4
61005110,7540101,A00,,,,8.0,,,,7.75,8.0,,4
44011095,7540101,B00,,,,8.0,,,,,7.0,6.4,4
2079747,7480201,D07,,,8.0,7.2,,,,,7.5,,0
2020963,7380107,A00,,,,7.6,,,,6.75,7.75,,5
56009282,7340120,A00,,,,8.6,,,,7.5,8.5,,1
47006960,7810201,D01,8.0,,7.8,7.8,,,,,,,2
46004912,7510301,A00,,,,7.8,,,,5.5,5.5,,3
2074788,7380107,A00,,,,7.4,,,,7.75,7.75,,5
41014193,7340120,A00,,,,6.5,,,,7.5,7.4,,1
2030257,7480201,A01,,,8.6,8.0,,,,7.0,,,0
44002368,7220204,D01,6.8,,6.2,8.25,,,,,,,6
61000956,7510202,A00,,,,5.0,,,,6.5,7.2,,3
40010140,7340115,D01,6.6,,7.0,9.0,,,,,,,1
2045197,7810202,D01,6.4,,7.6,6.25,,,,,,,2
2059746,7540106,B00,,,,6.4,,,,,5.75,6.5,4
2050235,7819010,B00,,,,6.0,,,,,7.0,5.8,2
36000981,7510202,A00,,,,8.0,,,,6.25,7.25,,3
56007937,7340201,A01,,,8.0,7.8,,,,6.5,,,1
37002977,7340101,D01,6.2,,7.8,7.5,,,,,,,1
49012469,7340101,D01,6.6,,6.8,7.25,,,,,,,1
2008378,7340115,A00,,,,7.25,,,,8.25,8.6,,1
42012978,7340120,A00,,,,6.5,,,,8.25,8.4,,1
56011842,7220204,D01,7.08,,8.2,8.4,,,,,,,6
2065509,7340201,A00,,,,8.0,,,,6.5,8.5,,1
55001281,7510401,A00,,,,8.25,,,,8.75,8.0,,3
2027954,7340120,A01,,,9.2,7.4,,,,7.0,,,1
43002660,7340115,A00,,,,7.75,,,,7.75,7.8,,1
35002596,7220204,D01,6.2,,7.6,9.25,,,,,,,6
49014791,7340120,A00,,,,6.5,,,,8.25,7.0,,1
48009202,7520115,A00,,,,6.75,,,,6.25,8.4,,3
46001379,7480202,A00,,,,5.5,,,,7.25,7.6,,0
2017244,7340115,A01,,,7.4,6.5,,,,8.6,,,1
44011694,7510301,A00,,,,6.75,,,,8.25,6.8,,3
53004046,7340115,A01,,,8.4,7.75,,,,7.6,,,1
41014624,7810103,A01,,,8.8,6.6,,,,7.25,,,2
2048418,7480202,A00,,,,7.8,,,,6.5,7.5,,0
2034947,7340201,A00,,,,7.5,,,,8.75,7.6,,1
48015325,7540204,A00,,,,6.0,,,,6.75,6.8,,3
51017027,7480201,A00,,,,8.8,,,,7.5,6.75,,0
51012651,7480201,D01,6.6,,8.6,9.25,,,,,,,0
42006838,7340101,D01,7.0,,7.4,8.25,,,,,,,1
37006655,7460108,D01,5.6,,6.2,6.5,,,,,,,0
47008213,7340115,D01,8.6,,6.6,8.25,,,,,,,1
2084688,7480201,D01,8.6,,7.8,6.0,,,,,,,0
56002558,7510202,A00,,,,6.6,,,,7.0,7.5,,3
53003002,7480201,A00,,,,8.25,,,,7.75,8.4,,0
48032236,7380107,D15,8.0,6.4,8.25,,,,,,,,5
48007897,7340101,A01,,,9.2,7.6,,,,6.75,,,1
2034617,7340201,D01,6.8,,7.2,8.0,,,,,,,1
37013331,7480201,A00,,,,7.5,,,,7.25,8.0,,0
47009808,7520115,A00,,,,5.5,,,,5.75,5.8,,3
48022016,7220204,D01,8.25,,7.2,8.2,,,,,,,6
56012276,7340301,D01,7.0,,8.4,8.0,,,,,,,1
29027405,7510202,D01,7.25,,3.8,7.0,,,,,,,3
48019427,7340129,D01,6.4,,7.6,8.0,,,,,,,4
35003696,7380107,D01,6.0,,6.6,8.5,,,,,,,5
53012639,7340115,A00,,,,8.75,,,,8.25,7.0,,1
37008413,7340101,A00,,,,7.4,,,,8.25,7.75,,1
64006149,7480201,D01,7.4,,7.8,8.0,,,,,,,0
2036796,7340120,A01,,,8.6,8.4,,,,6.75,,,1
32006884,7510203,D01,4.75,,5.4,6.2,,,,,,,3
2060730,7510401,A00,,,,6.0,,,,6.25,6.6,,3
50006931,7540204,D07,,,5.8,7.6,,,,,5.5,,3
33002325,7340115,A00,,,,7.5,,,,8.25,8.0,,1
39007246,7480201,D01,6.0,,7.8,7.75,,,,,,,0
53014251,7340101,D01,7.6,,7.6,7.5,,,,,,,1
43008552,7340301,A00,,,,7.5,,,,7.0,8.6,,1
2037273,7340301,A00,,,,8.0,,,,6.5,7.6,,1
38010509,7480201,A00,,,,7.4,,,,7.5,7.5,,0
43004823,7340205,D01,5.0,,7.6,6.5,,,,,,,1
39001662,7540101,A00,,,,7.8,,,,8.25,8.0,,4
2076171,7810202,A00,,,,7.4,,,,7.75,7.5,,2
40009353,7540101,A00,,,,8.4,,,,8.0,8.5,,4
46002269,7480201,A00,,,,7.8,,,,7.0,7.25,,0
50008013,7480201,A00,,,,7.0,,,,8.25,7.4,,0
31002495,7340301,D01,7.25,,8.6,7.4,,,,,,,1
47010026,7220204,D01,6.6,,7.0,7.75,,,,,,,6
2064010,7540101,B00,,,,8.25,,,,,7.75,8.2,4
2022374,7480202,A01,,,7.6,6.75,,,,8.4,,,0
2064120,7380107,A01,,,8.6,7.5,,,,7.6,,,5
46006989,7810103,D01,7.6,,7.6,8.25,,,,,,,2
2063574,7510202,A00,,,,6.5,,,,7.0,7.0,,3
58008632,7540101,A00,,,,7.5,,,,8.5,7.2,,4
51002200,7480201,A00,,,,7.5,,,,7.5,8.4,,0
2036148,7420201,A00,,,,7.0,,,,5.0,5.75,,4
40003302,7340120,D01,6.8,,7.4,7.5,,,,,,,1
46001877,7340201,A00,,,,7.6,,,,7.75,7.5,,1
47002124,7540106,B00,,,,8.2,,,,,6.0,4.25,4
48025384,7540204,D01,7.5,,4.0,7.2,,,,,,,3
53015047,7540101,A00,,,,7.25,,,,7.25,6.8,,4
2031439,7340101,A00,,,,8.8,,,,8.25,7.5,,1
34011681,7810201,D01,6.6,,6.4,6.25,,,,,,,2
2039392,7510203,D07,,,7.4,6.5,,,,,7.2,,3
50007791,7510203,D01,3.6,,6.0,6.25,,,,,,,3
35009860,7340120,D01,6.6,,6.8,8.5,,,,,,,1
46002437,7380107,D01,8.75,,6.2,7.4,,,,,,,5
38014276,7340101,A00,,,,7.5,,,,6.75,7.2,,1
35013060,7380107,A00,,,,7.0,,,,7.75,6.25,,5
2036246,7340120,A00,,,,6.75,,,,7.5,8.0,,1
2016594,7480201,A00,,,,7.25,,,,8.0,7.8,,0
35005300,7510301,A00,,,,6.8,,,,6.75,6.5,,3
2036514,7340120,D01,7.8,,7.8,8.0,,,,,,,1
49002825,7340115,D01,8.8,,7.6,8.0,,,,,,,1
40004682,7220204,D09,,,6.4,8.25,,,6.6,,,,6
46001842,7340101,A00,,,,7.5,,,,8.0,7.8,,1
2050844,7340115,A00,,,,7.75,,,,7.75,7.4,,1
52011979,7540106,A00,,,,6.2,,,,7.0,6.5,,4
37002727,7380107,A01,,,9.0,7.0,,,,7.75,,,5
47002669,7480201,A00,,,,7.5,,,,7.5,8.0,,0
43008446,7480202,D01,6.0,,5.8,6.8,,,,,,,0
63005683,7510203,A00,,,,4.75,,,,5.25,6.8,,3
2016192,7340201,A00,,,,7.6,,,,7.75,8.0,,1
47008846,7380107,A01,,,6.4,7.5,,,,6.8,,,5
47004632,7540106,A00,,,,6.25,,,,7.25,6.4,,4
39004818,7340201,A00,,,,8.0,,,,6.75,8.0,,1
44013348,7340205,D01,5.2,,7.2,6.75,,,,,,,1
2007672,7810103,D01,7.25,,8.0,7.6,,,,,,,2
38009301,7220204,A01,,,7.4,8.0,,,,7.6,,,6
46001115,7810202,D01,7.0,,8.8,7.2,,,,,,,2
40011833,7510301,D01,4.4,,6.2,5.5,,,,,,,3
2018670,7340301,A00,,,,6.75,,,,6.5,8.0,,1
49009183,7540101,A00,,,,7.0,,,,8.0,8.0,,4
2036638,7340301,A01,,,8.6,7.0,,,,9.0,,,1
49000151,7220204,D09,,,8.6,7.0,,,7.6,,,,6
45003234,7340201,A00,,,,9.0,,,,8.0,7.5,,1
55001540,7810201,A00,,,,6.75,,,,7.5,7.2,,2
44003962,7510303,A00,,,,7.25,,,,7.5,7.4,,3
48031981,7340120,A00,,,,7.25,,,,7.5,7.8,,1
46002209,7480201,A01,,,8.0,7.5,,,,6.6,,,0
46005555,7480202,D01,5.75,,6.2,6.6,,,,,,,0
48004952,7810201,D15,7.5,4.4,8.25,,,,,,,,2
42014421,7340201,A00,,,,5.5,,,,7.25,8.0,,1
2071668,7340201,D01,7.25,,8.2,7.4,,,,,,,1
2060405,7340301,D01,6.0,,6.4,8.0,,,,,,,1
2061328,7340205,D01,6.6,,6.2,7.25,,,,,,,1
54004531,7340115,D01,7.0,,8.0,8.25,,,,,,,1
38003919,7340120,A00,,,,8.0,,,,7.5,8.0,,1
52007120,7420201,B00,,,,8.2,,,,,7.25,7.75,4
56006403,7480201,D01,8.25,,6.8,7.0,,,,,,,0
2063280,7510203,A00,,,,7.0,,,,7.75,7.0,,3
2039365,7480202,A00,,,,6.6,,,,5.5,6.25,,0
56007995,7380107,A01,,,7.6,7.8,,,,6.0,,,5
53001405,7540101,A00,,,,7.5,,,,8.25,7.4,,4
43006676,7510203,A00,,,,6.6,,,,4.0,6.5,,3
2060359,7420201,B00,,,,8.4,,,,,8.25,7.25,4
46001691,7810202,D15,6.75,4.2,7.5,,,,,,,,2
46000765,7340301,A00,,,,8.0,,,,7.0,7.2,,1
49013700,7510301,D01,8.0,,4.0,4.8,,,,,,,3
47004070,7540101,A01,,,8.4,7.5,,,,7.6,,,4
2078677,7480201,D07,,,7.2,7.75,,,,,8.2,,0
2063655,7810202,D01,8.2,,5.4,5.5,,,,,,,2
2078816,7510301,A00,,,,6.8,,,,5.5,4.75,,3
35006034,7480201,A00,,,,7.6,,,,7.25,8.5,,0
52002891,7380107,D01,7.25,,8.4,7.0,,,,,,,5
48022476,7340120,D01,6.6,,7.6,8.5,,,,,,,1
49001036,7420201,B00,,,,8.0,,,,,8.25,7.6,4
2036354,7540101,A00,,,,7.5,,,,8.25,7.2,,4
61004024,7220204,D01,6.6,,7.0,8.5,,,,,,,6
2009067,7540106,A00,,,,7.8,,,,6.5,7.0,,4
37009791,7480201,A01,,,8.2,6.25,,,,6.4,,,0
43008638,7340129,A00,,,,5.75,,,,8.0,8.0,,4
63006205,7340201,A00,,,,7.8,,,,7.75,7.0,,1
46001462,7480201,A00,,,,7.5,,,,7.75,8.0,,0
46001653,7220204,D09,,,7.0,8.0,,,7.4,,,,6
35006144,7480201,A01,,,7.2,7.75,,,,7.2,,,0
2043167,7340101,A00,,,,7.75,,,,7.5,7.8,,1
38011679,7540204,D01,7.25,,4.4,5.4,,,,,,,3
2011348,7480202,D01,7.8,,6.6,7.75,,,,,,,0
37006254,7340201,D01,7.2,,7.4,6.5,,,,,,,1
49010053,7480201,A00,,,,7.5,,,,7.75,8.0,,0
34012926,7520115,A00,,,,5.25,,,,6.5,6.8,,3
38010326,7480201,A00,,,,8.4,,,,5.75,8.25,,0
48028261,7540204,A00,,,,5.5,,,,6.25,5.8,,3
49004360,7510401,A00,,,,8.0,,,,5.75,4.75,,3
2049121,7340301,A01,,,8.4,7.0,,,,7.75,,,1
46009253,7340301,A00,,,,8.6,,,,7.25,7.25,,1
2030225,7510202,D01,4.2,,7.4,6.0,,,,,,,3
29015876,7340115,D01,6.2,,7.2,8.75,,,,,,,1
48010873,7510303,A00,,,,8.25,,,,8.0,7.4,,3
38008884,7220201,A01,,,9.2,7.0,,,,6.75,,,6
2036718,7420201,D07,,,8.4,6.75,,,,,7.8,,4
2080381,7420201,B00,,,,8.2,,,,,8.0,6.25,4
45003954,7340129,D01,8.0,,6.6,7.0,,,,,,,4
44001904,7810202,A00,,,,7.25,,,,7.5,8.2,,2
38009858,7540101,A00,,,,8.4,,,,7.75,8.0,,4
2041323,7480201,A00,,,,7.25,,,,7.75,7.8,,0
2045996,7480202,D01,7.25,,7.4,7.8,,,,,,,0
37006553,7380107,D01,8.0,,6.6,7.2,,,,,,,5
60003806,7810201,A00,,,,7.5,,,,7.75,8.2,,2
2005709,7340120,A01,,,8.2,8.0,,,,7.75,,,1
47000265,7480201,D01,8.4,,8.2,7.75,,,,,,,0
61000991,7340115,D01,8.6,,7.0,7.0,,,,,,,1
44011035,7480201,D07,,,8.4,8.25,,,,,7.0,,0
49002975,7340123,D01,5.6,,6.8,7.0,,,,,,,1
35009429,7340120,A00,,,,8.0,,,,7.0,8.5,,1
48010810,7480201,A00,,,,7.25,,,,6.5,7.4,,0
48032223,7380107,D01,6.2,,5.4,8.0,,,,,,,5
61003204,7480201,A00,,,,7.0,,,,8.25,7.4,,0
2015704,7540106,A00,,,,7.2,,,,5.5,7.5,,4
35011386,7340201,D01,6.8,,8.4,8.5,,,,,,,1
36000813,7340201,A01,,,7.4,7.25,,,,7.4,,,1
2074736,7510301,D01,7.25,,6.2,6.4,,,,,,,3
2035187,7480202,D07,,,8.6,6.75,,,,,8.4,,0
54011623,7420201,B00,,,,6.0,,,,,5.5,6.25,4
37016278,7220201,D01,7.2,,7.6,8.25,,,,,,,6
2048901,7480202,A01,,,8.8,7.8,,,,5.75,,,0
2062207,7480201,A01,,,8.4,6.0,,,,8.6,,,0
36000809,7340120,A01,,,8.2,8.0,,,,6.4,,,1
2044687,7510202,A01,,,7.8,6.5,,,,5.6,,,3
47004455,7340115,A00,,,,8.5,,,,7.5,7.6,,1
52000211,7340101,D01,7.0,,9.8,6.8,,,,,,,1
2030865,7480202,D07,,,8.8,6.6,,,,,6.5,,0
64003682,7220201,A01,,,8.0,7.75,,,,7.4,,,6
38013332,7540101,D07,,,7.8,8.0,,,,,7.6,,4
2028113,7340101,A01,,,8.8,7.8,,,,7.25,,,1
52012840,7340120,A00,,,,8.0,,,,7.25,7.75,,1
2085124,7340120,D01,6.75,,9.4,7.4,,,,,,,1
46007456,7220204,D01,5.6,,6.2,9.0,,,,,,,6
53015192,7340120,A00,,,,8.8,,,,8.25,8.25,,1
51009385,7220204,D01,8.25,,8.2,6.8,,,,,,,6
48029332,7819009,B00,,,,6.25,,,,,5.5,7.2,2
56000829,7540106,A00,,,,6.6,,,,7.25,7.0,,4
48001113,7220204,D01,8.0,,7.6,7.6,,,,,,,6
2084398,7510202,D01,5.4,,7.0,5.5,,,,,,,3
2025000,7540106,A00,,,,7.5,,,,6.75,6.0,,4
41006316,7540105,A00,,,,5.25,,,,6.75,5.8,,4
2078353,7340123,D01,5.4,,6.8,7.5,,,,,,,1
2079122,7540101,B00,,,,6.5,,,,,7.75,7.6,4
2039156,7340101,A01,,,8.8,7.8,,,,7.25,,,1
35009643,7510303,D01,4.4,,5.6,9.0,,,,,,,3
48001325,7480202,D01,6.75,,7.6,7.8,,,,,,,0
45003233,7340115,A00,,,,6.75,,,,7.5,8.0,,1
52005813,7340115,A00,,,,7.75,,,,8.25,7.6,,1
35013020,7340301,A00,,,,8.6,,,,7.25,8.0,,1
2050071,7480201,D01,6.75,,8.2,8.0,,,,,,,0
47007766,7480201,A00,,,,6.5,,,,7.5,8.0,,0
48010862,7220204,D09,,,8.4,6.6,,,8.0,,,,6
39007690,7510202,D01,5.5,,5.6,6.2,,,,,,,3
2050465,7220201,D01,7.75,,8.0,8.4,,,,,,,6
2045907,7340115,D01,8.0,,8.4,8.25,,,,,,,1
53011788,7520115,D01,3.0,,7.4,7.75,,,,,,,3
49011033,7340101,A00,,,,8.2,,,,7.25,8.0,,1
36004058,7510301,A00,,,,6.75,,,,7.5,7.2,,3
48017890,7810202,A00,,,,7.2,,,,7.25,8.0,,2
37015130,7480202,D01,7.0,,3.2,8.0,,,,,,,0
43002008,7480202,D01,5.5,,6.0,7.0,,,,,,,0
2078030,7480202,D01,8.2,,8.0,6.5,,,,,,,0
47003065,7340101,A00,,,,6.5,,,,7.25,7.2,,1
2042392,7340129,D01,6.4,,7.4,7.5,,,,,,,4
48001903,7540106,A01,,,7.6,7.2,,,,7.25,,,4
48019094,7520115,D01,7.0,,8.4,7.0,,,,,,,3
2040939,7480201,D01,7.5,,8.0,8.2,,,,,,,0
40017973,7340101,A00,,,,7.5,,,,7.25,8.0,,1
39008286,7810201,D01,5.2,,8.0,7.0,,,,,,,2
2035186,7510301,D01,7.8,,7.6,6.0,,,,,,,3
2015993,7540101,D07,,,8.2,6.5,,,,,8.8,,4
2003554,7380107,D15,7.75,5.8,6.5,,,,,,,,5
37005110,7510301,A00,,,,7.4,,,,5.5,5.75,,3
2027226,7810202,D15,6.25,6.6,7.5,,,,,,,,2
2083941,7220201,D01,8.0,,9.0,7.75,,,,,,,6
2040575,7510301,D01,6.0,,7.6,5.6,,,,,,,3
49011449,7340115,A00,,,,8.0,,,,7.5,6.6,,1
49006488,7340301,A00,,,,8.0,,,,7.5,8.4,,1
37009872,7510303,D01,6.75,,5.4,7.4,,,,,,,3
2008551,7220201,D09,,,7.8,7.75,,,9.0,,,,6
30007897,7340120,D01,5.6,,7.2,9.25,,,,,,,1
2045745,7340115,A00,,,,7.5,,,,8.25,8.2,,1
2023311,7510203,A00,,,,6.6,,,,4.75,5.0,,3
2079940,7340201,D01,7.8,,7.6,7.0,,,,,,,1
56005715,7340120,A00,,,,7.75,,,,7.0,7.4,,1
2029720,7340301,D01,8.2,,6.8,8.0,,,,,,,1
40005045,7510301,A00,,,,7.6,,,,4.5,6.0,,3
45004835,7510301,D01,6.0,,4.8,5.6,,,,,,,3
2075237,7340101,A00,,,,6.75,,,,7.5,7.0,,1
48000598,7340301,D01,5.4,,7.6,8.25,,,,,,,1
2039258,7420201,A00,,,,7.25,,,,7.5,7.8,,4
51016016,7420201,B00,,,,6.75,,,,,7.0,7.0,4
46003101,7480201,A00,,,,8.25,,,,8.25,7.6,,0
42004496,7480201,D01,7.75,,8.6,8.0,,,,,,,0
2069854,7340129,A01,,,8.6,7.6,,,,7.0,,,4
2050488,7480201,A00,,,,8.0,,,,7.0,8.0,,0
46008209,7480202,A00,,,,8.0,,,,6.75,6.5,,0
2024814,7340201,A00,,,,6.0,,,,7.5,8.2,,1
2035953,7510202,A00,,,,7.25,,,,6.5,7.6,,3
52010139,7340122,D01,7.0,,7.8,6.75,,,,,,,1
2076747,7510303,A00,,,,7.8,,,,6.25,5.75,,3
2018104,7510202,D01,6.2,,7.6,7.0,,,,,,,3
56007190,7340301,D01,5.8,,6.8,8.0,,,,,,,1
2080089,7340201,A00,,,,7.25,,,,7.0,7.0,,1
2086259,7340129,D01,7.0,,7.8,7.6,,,,,,,4
56012149,7520115,A00,,,,5.5,,,,6.75,6.8,,3
2063261,7480202,A00,,,,6.75,,,,7.75,8.8,,0
2006571,7510202,D01,7.2,,6.4,7.0,,,,,,,3
2044121,7340301,A01,,,7.2,8.0,,,,6.8,,,1
2069492,7510303,D01,6.75,,7.0,6.6,,,,,,,3
52000681,7340201,A01,,,6.4,6.5,,,,8.6,,,1
53011444,7540106,A00,,,,6.75,,,,6.25,6.4,,4
40019701,7340201,A00,,,,8.4,,,,6.25,7.75,,1
54010905,7340120,D01,8.6,,6.2,8.75,,,,,,,1
49004785,7510301,A00,,,,8.0,,,,7.25,8.2,,3
40010919,7510303,A00,,,,7.0,,,,6.25,6.0,,3
38012666,7510303,A00,,,,7.0,,,,7.0,8.2,,3
2064012,7340201,D01,7.4,,8.0,6.5,,,,,,,1
48004891,7340301,A00,,,,7.5,,,,8.75,7.2,,1
35009546,7340101,D01,5.2,,7.2,8.5,,,,,,,1
2069203,7810202,D01,9.0,,7.2,7.25,,,,,,,2
52005532,7380107,D15,5.5,8.0,6.0,,,,,,,,5
45003592,7540101,A00,,,,8.25,,,,6.75,8.4,,4
2031257,7810201,D01,7.25,,8.6,8.2,,,,,,,2
39006709,7380107,D01,7.2,,8.2,7.5,,,,,,,5
2036603,7510401,B00,,,,8.5,,,,,6.75,8.0,3
2033411,7340115,D01,7.25,,8.6,8.2,,,,,,,1
44013133,7510303,A00,,,,7.0,,,,8.25,7.2,,3
40019414,7540101,D07,,,7.2,8.4,,,,,8.75,,4
59001439,7380107,D01,8.25,,6.0,7.2,,,,,,,5
46006949,7480202,D01,7.2,,6.4,5.75,,,,,,,0
2014068,7340301,A01,,,7.8,8.0,,,,7.0,,,1
2071267,7340205,D01,7.8,,6.2,6.25,,,,,,,1
63004552,7480201,A00,,,,7.4,,,,7.0,7.5,,0
2007405,7510303,A00,,,,8.2,,,,6.25,6.75,,3
48021973,7340115,A00,,,,7.75,,,,8.5,8.4,,1
2083436,7480202,D01,5.5,,8.8,6.2,,,,,,,0
42012248,7340201,D01,7.0,,7.4,8.25,,,,,,,1
40002903,7220201,D01,7.75,,8.4,7.6,,,,,,,6
2016528,7340201,A00,,,,7.5,,,,8.0,8.4,,1
2008744,7220201,D01,7.25,,9.0,7.8,,,,,,,6
37013770,7340301,D01,7.0,,7.4,8.5,,,,,,,1
49012837,7340301,A00,,,,6.0,,,,7.25,6.4,,1
2070128,7340101,D01,6.8,,7.6,6.75,,,,,,,1
2068347,7420201,B00,,,,6.5,,,,,8.0,7.2,4
42005474,7340120,D01,8.4,,7.0,7.5,,,,,,,1
46001455,7220204,D01,9.0,,7.0,8.4,,,,,,,6
2019242,7380107,D01,7.8,,5.0,7.75,,,,,,,5
53007183,7810103,D01,4.2,,6.6,8.75,,,,,,,2
53012558,7540204,A00,,,,6.0,,,,5.0,6.5,,3
48026947,7340301,D01,8.0,,8.0,7.2,,,,,,,1
2071954,7540106,A01,,,7.4,6.0,,,,7.4,,,4
2063563,7480201,D01,7.2,,7.2,7.0,,,,,,,0
37009840,7340115,A00,,,,8.5,,,,8.5,7.8,,1
2014011,7480201,A00,,,,8.0,,,,7.75,7.8,,0
37016397,7540106,A00,,,,7.2,,,,8.0,7.0,,4
2050146,7810201,D01,6.2,,6.6,6.0,,,,,,,2
2072703,7510401,A00,,,,7.75,,,,7.5,7.4,,3
2083495,7340115,A01,,,7.6,8.0,,,,8.8,,,1
56005478,7510401,A00,,,,7.6,,,,5.25,8.75,,3
2008181,7510202,D01,6.6,,7.2,6.75,,,,,,,3
35006589,7810103,D01,8.25,,7.0,7.6,,,,,,,2
2027382,7510203,D01,7.0,,4.8,5.0,,,,,,,3
58000007,7540101,A01,,,8.8,8.4,,,,6.5,,,4
37006625,7540101,A00,,,,7.0,,,,7.5,6.8,,4
25002132,7220204,D01,7.25,,9.0,6.8,,,,,,,6
50008428,7510301,A00,,,,7.2,,,,7.25,6.25,,3
39007481,7480201,A01,,,8.0,8.8,,,,6.0,,,0
2035107,7810202,D01,7.6,,8.0,6.25,,,,,,,2
2002264,7340201,A00,,,,8.0,,,,6.75,7.8,,1
2042047,7819010,A00,,,,6.25,,,,5.75,6.8,,2
2036004,7480201,A00,,,,7.5,,,,7.5,8.8,,0
32001398,7340201,D01,7.0,,7.8,8.4,,,,,,,1
37016858,7220204,A01,,,7.6,8.4,,,,8.0,,,6
47006169,7540105,A00,,,,7.8,,,,6.75,6.25,,4
2007348,7480202,D07,,,6.8,6.5,,,,,7.0,,0
2068953,7480201,D01,7.0,,8.0,7.0,,,,,,,0
39008128,7340115,A00,,,,7.5,,,,8.0,8.2,,1
35007473,7810202,D01,8.5,,7.2,7.6,,,,,,,2
43000317,7340101,D01,7.75,,8.2,7.4,,,,,,,1
52002892,7510303,A00,,,,5.5,,,,4.5,6.6,,3
55006776,7540101,A00,,,,7.0,,,,7.25,6.8,,4
51003170,7340115,D01,6.0,,7.8,8.5,,,,,,,1
39003144,7540101,B00,,,,8.5,,,,,6.5,7.8,4
48025970,7340120,A00,,,,7.75,,,,7.75,8.0,,1
53003187,7480201,D01,7.0,,6.8,8.75,,,,,,,0
59001370,7340201,D01,5.2,,7.8,8.25,,,,,,,1
37006308,7480201,D07,,,7.2,7.75,,,,,8.4,,0
38012338,7540101,B00,,,,8.0,,,,,7.75,7.5,4
38001978,7380107,D01,7.0,,6.8,8.75,,,,,,,5
40008715,7380107,D01,7.8,,6.8,7.5,,,,,,,5
46001252,7510301,D01,7.25,,6.0,7.6,,,,,,,3
53008643,7340120,D01,7.0,,6.8,7.5,,,,,,,1
35007014,7340120,D01,7.2,,7.6,9.25,,,,,,,1
43009714,7540101,A00,,,,8.4,,,,8.0,8.0,,4
2061938,7460108,D07,,,6.8,5.25,,,,,6.0,,0
49016412,7220201,D01,7.75,,8.8,8.2,,,,,,,6
50013939,7340201,A00,,,,7.5,,,,8.5,7.6,,1
2023439,7540101,B00,,,,7.0,,,,,7.5,7.6,4
2037522,7510301,D01,4.0,,6.8,6.5,,,,,,,3
2045379,7520115,D01,7.4,,5.0,6.25,,,,,,,3
56009033,7340301,D01,6.4,,6.6,8.0,,,,,,,1
42010364,7340115,D01,7.4,,7.8,8.5,,,,,,,1
56004492,7340115,D01,5.8,,7.0,9.25,,,,,,,1
46002681,7480201,A00,,,,7.25,,,,8.75,8.4,,0
45001636,7340115,D01,7.8,,7.4,7.5,,,,,,,1
50007160,7540105,A00,,,,7.2,,,,6.5,6.5,,4
2050660,7510202,D01,4.2,,6.2,6.5,,,,,,,3
2034730,7220201,D09,,,7.2,8.0,,,8.4,,,,6
2044717,7810202,D01,7.0,,8.4,7.2,,,,,,,2
2047409,7819009,A00,,,,7.75,,,,6.5,6.6,,2
50010554,7480201,A00,,,,7.6,,,,7.5,8.75,,0
2076038,7340120,D01,7.8,,7.2,7.75,,,,,,,1
2044149,7340115,A00,,,,7.0,,,,7.75,7.8,,1
53006379,7340120,A00,,,,7.0,,,,8.25,8.0,,1
51017728,7420201,B00,,,,7.25,,,,,6.5,7.8,4
43006945,7810201,D01,6.0,,7.4,7.5,,,,,,,2
2004347,7520115,A00,,,,8.25,,,,7.0,7.8,,3
2061731,7340123,A00,,,,7.5,,,,6.25,6.6,,1
2034397,7480201,A01,,,6.8,7.0,,,,8.0,,,0
2045859,7340205,A00,,,,6.5,,,,6.5,7.8,,1
47000563,7340201,D01,7.5,,7.8,7.8,,,,,,,1
2023508,7420201,B00,,,,7.2,,,,,7.0,6.0,4
42012362,7540204,D01,5.2,,7.4,7.0,,,,,,,3
2058969,7340101,D01,7.0,,7.8,6.75,,,,,,,1
48029152,7480201,A00,,,,8.2,,,,7.75,7.5,,0
3004064,7380107,A00,,,,8.2,,,,7.0,6.75,,5
2017075,7340201,D01,7.0,,7.6,7.0,,,,,,,1
51002172,7819010,A00,,,,7.25,,,,6.5,7.6,,2
56005964,7380107,A00,,,,7.6,,,,7.0,7.0,,5
53008299,7340129,D01,4.6,,7.4,8.75,,,,,,,4
2052652,7220201,D09,,,6.2,8.0,,,7.8,,,,6
40016993,7510203,D01,5.2,,7.8,7.0,,,,,,,3
41009256,7340201,A00,,,,7.25,,,,8.75,7.6,,1
42013971,7340301,D01,4.8,,7.8,7.5,,,,,,,1
47000959,7220204,D09,,,8.0,8.75,,,7.6,,,,6
2036912,7510202,A00,,,,5.75,,,,7.0,7.0,,3
2080342,7340120,D01,8.6,,8.0,7.0,,,,,,,1
42009340,7810201,D01,5.2,,7.0,8.25,,,,,,,2
39004601,7380107,A00,,,,8.2,,,,6.0,7.5,,5
63006401,7340115,D01,7.75,,8.6,8.6,,,,,,,1
37005478,7340120,A01,,,8.0,7.8,,,,7.25,,,1
53011062,7220204,D01,8.75,,7.2,8.2,,,,,,,6
2053371,7510401,B00,,,,7.5,,,,,7.75,7.2,3
42005297,7480201,A00,,,,7.5,,,,8.25,8.6,,0
47011962,7340115,A00,,,,8.0,,,,8.0,7.6,,1
2086682,7380107,D01,7.5,,8.0,7.4,,,,,,,5
39010034,7220204,D01,6.25,,9.0,7.6,,,,,,,6
2066499,7510203,A00,,,,7.2,,,,7.75,6.25,,3
49008931,7340201,D01,8.4,,9.0,8.5,,,,,,,1
48027860,7340120,A00,,,,7.75,,,,8.25,8.0,,1
41001669,7510303,D07,,,7.8,7.5,,,,,7.6,,3
35012511,7480201,A00,,,,8.0,,,,7.0,7.5,,0
2019089,7850101,B00,,,,6.4,,,,,8.5,6.75,4
53003252,7510303,D01,6.0,,5.0,8.0,,,,,,,3
44012930,7480201,A00,,,,6.5,,,,7.5,8.2,,0
2053433,7340115,A01,,,8.2,6.5,,,,8.6,,,1
42000904,7480201,A00,,,,7.25,,,,6.0,7.8,,0
46000210,7380107,D01,8.25,,6.4,7.6,,,,,,,5
37013500,7340201,D01,6.5,,8.6,7.6,,,,,,,1
56001344,7810202,D01,7.5,,8.8,7.4,,,,,,,2
57010416,7420201,A01,,,4.8,5.8,,,,5.5,,,4
52003333,7510202,D01,7.0,,6.2,7.0,,,,,,,3
37006628,7510303,A00,,,,7.0,,,,7.25,6.8,,3
2063337,7340301,D01,7.0,,7.2,7.5,,,,,,,1
2063573,7340301,A00,,,,7.0,,,,7.75,6.6,,1
40014853,7340201,D01,7.75,,7.0,7.4,,,,,,,1
50000508,7340301,A00,,,,8.25,,,,8.0,7.2,,1
38006495,7480201,D01,8.0,,5.6,8.6,,,,,,,0
2079666,7340101,A00,,,,7.5,,,,6.5,7.2,,1
2065611,7340123,D01,7.75,,7.4,5.4,,,,,,,1
2080590,7420201,B00,,,,7.8,,,,,6.5,7.0,4
43010171,7380107,D15,7.75,5.6,7.25,,,,,,,,5
2045180,7220201,A01,,,7.8,6.5,,,,6.8,,,6
40014623,7510303,A00,,,,5.25,,,,7.25,7.2,,3
2076907,7340120,A00,,,,8.0,,,,8.0,7.6,,1
45001852,7340301,D01,7.0,,7.6,7.6,,,,,,,1
43009950,7480201,A01,,,9.0,7.2,,,,7.25,,,0
35005121,7480201,D01,6.25,,8.6,8.0,,,,,,,0
39008086,7340115,D01,9.0,,7.0,8.0,,,,,,,1
35010384,7340101,D01,6.0,,7.6,9.25,,,,,,,1
2074639,7540204,D01,5.75,,5.8,6.0,,,,,,,3
49012455,7340301,A00,,,,6.0,,,,6.75,7.8,,1
49005935,7510301,D01,3.8,,7.4,5.67,,,,,,,3
2065401,7810202,D01,7.6,,7.8,6.75,,,,,,,2
37006376,7380107,D15,7.0,7.6,8.0,,,,,,,,5
31007991,7480202,A00,,,,6.0,,,,5.5,7.8,,0
41000594,7810201,A00,,,,6.75,,,,8.25,8.2,,2
48016524,7540101,B00,,,,7.25,,,,,7.0,8.2,4
2075273,7510303,A00,,,,6.5,,,,6.25,6.0,,3
37012034,7340115,A00,,,,8.0,,,,7.75,7.4,,1
54009049,7510303,D01,7.5,,6.6,6.8,,,,,,,3
46004874,7510301,A00,,,,7.8,,,,3.75,5.25,,3
2002984,7540101,D07,,,7.4,7.25,,,,,6.8,,4
2063130,7540106,D07,,,7.4,7.75,,,,,6.8,,4
52003625,7220204,D01,7.2,,6.4,7.25,,,,,,,6
2002690,7340115,A01,,,9.0,7.25,,,,8.4,,,1
2079082,7810201,D15,7.0,6.6,5.25,,,,,,,,2
2081336,7540101,A00,,,,7.5,,,,8.0,8.2,,4
54006652,7340101,D01,6.6,,7.2,7.75,,,,,,,1
46008365,7420201,A00,,,,5.4,,,,6.75,5.5,,4
46005486,7510303,D01,7.25,,5.0,5.0,,,,,,,3
46003397,7540106,B00,,,,7.2,,,,,8.0,7.0,4
51000004,7340115,D01,8.8,,7.6,9.0,,,,,,,1
2033871,7819010,A01,,,8.2,7.0,,,,8.0,,,2
2054087,7340129,D01,8.4,,6.4,7.25,,,,,,,4
2046622,7510301,D01,8.4,,7.6,5.83,,,,,,,3
35007439,7340129,D01,7.25,,6.8,7.2,,,,,,,4
48020853,7480202,D01,7.5,,4.6,6.2,,,,,,,0
2001458,7819009,B00,,,,5.75,,,,,7.0,6.6,2
41002488,7220201,D01,8.0,,8.2,8.5,,,,,,,6
35003147,7819010,A00,,,,7.0,,,,6.5,6.4,,2
2067080,7340101,D01,5.8,,7.4,8.25,,,,,,,1
56006470,7510301,D01,6.0,,5.4,7.0,,,,,,,3
44013090,7810201,D01,7.5,,7.4,7.2,,,,,,,2
38001173,7480202,A01,,,7.2,7.75,,,,4.2,,,0
2071322,7220201,D01,8.6,,8.0,6.25,,,,,,,6
48021461,7220204,A01,,,8.2,8.4,,,,7.75,,,6
63002962,7420201,B00,,,,7.0,,,,,6.0,6.2,4
49002985,7810202,A01,,,8.6,7.0,,,,7.6,,,2
2052026,7340301,A01,,,7.8,6.75,,,,8.0,,,1
2003054,7340115,A01,,,8.4,6.75,,,,9.0,,,1
49004534,7420201,A00,,,,7.0,,,,5.5,7.5,,4
47001483,7480201,A00,,,,8.2,,,,6.5,7.5,,0
2064175,7540105,A00,,,,8.0,,,,7.0,5.75,,4
46001628,7520115,D07,,,7.8,5.75,,,,,6.4,,3
52002176,7380107,D15,7.5,5.2,7.5,,,,,,,,5
46009137,7520115,A00,,,,5.25,,,,6.5,5.4,,3
2070823,7340301,D01,7.5,,8.6,7.2,,,,,,,1
29002144,7510303,A01,,,8.0,7.5,,,,5.4,,,3
42009320,7480201,D01,7.0,,8.8,6.6,,,,,,,0
48001188,7510303,D07,,,7.0,7.8,,,,,7.25,,3
41001971,7380107,D15,7.25,5.0,8.0,,,,,,,,5
2067637,7850101,A00,,,,6.0,,,,6.0,6.0,,4
49001145,7220201,D01,7.42,,8.2,7.8,,,,,,,6
39003464,7810103,D01,5.6,,7.4,7.0,,,,,,,2
2049058,7340301,A00,,,,7.5,,,,5.75,8.0,,1
48029821,7819010,B00,,,,6.75,,,,,6.25,7.4,2
49010406,7380107,A00,,,,8.25,,,,6.75,7.6,,5
54012213,7510301,A01,,,7.8,6.75,,,,6.4,,,3
29008997,7510202,D01,6.0,,6.0,7.4,,,,,,,3
2045625,7510303,A00,,,,6.75,,,,6.75,7.6,,3
63001654,7480201,A00,,,,7.0,,,,8.75,7.6,,0
2007835,7340129,D01,7.0,,5.8,7.25,,,,,,,4
40003717,7810103,A01,,,7.4,7.8,,,,7.0,,,2
2086406,7540106,A00,,,,6.8,,,,6.0,5.5,,4
2039840,7480202,D01,7.6,,7.4,5.75,,,,,,,0
2015015,7340120,D01,7.4,,7.0,7.25,,,,,,,1
49012198,7340201,D01,6.2,,6.8,7.25,,,,,,,1
51013247,7810201,D01,7.0,,8.0,7.0,,,,,,,2
2071029,7540105,D07,,,7.0,5.75,,,,,7.4,,4
2019785,7420201,D07,,,8.2,6.2,,,,,5.75,,4
43002357,7480201,A00,,,,7.75,,,,8.5,7.4,,0
2018719,7480201,A00,,,,6.5,,,,8.25,7.0,,0
2032441,7340205,A00,,,,5.5,,,,5.75,7.0,,1
37005707,7340129,A00,,,,5.25,,,,6.25,7.6,,4
49003026,7510202,A00,,,,8.0,,,,5.75,7.5,,3
39009886,7340301,D01,8.0,,6.4,7.0,,,,,,,1
2068437,7340201,A00,,,,6.0,,,,8.0,8.0,,1
35000126,7340101,A00,,,,7.75,,,,7.0,7.6,,1
2074387,7810201,D01,6.4,,5.8,7.25,,,,,,,2
40007011,7220204,D01,7.0,,8.2,8.75,,,,,,,6
2017833,7480201,A00,,,,7.25,,,,7.75,8.0,,0
2061951,7380107,D01,6.8,,7.0,7.5,,,,,,,5
49011507,7480202,A00,,,,7.0,,,,7.75,8.2,,0
47010968,7480202,D01,6.75,,5.6,8.0,,,,,,,0
49009077,7510303,A00,,,,6.8,,,,6.5,5.75,,3
2031276,7510303,D01,4.4,,6.8,6.5,,,,,,,3
48005816,7480202,A00,,,,7.5,,,,7.25,7.4,,0
56001025,7510301,A00,,,,6.4,,,,6.5,7.25,,3
2066050,7340301,D01,7.25,,8.6,7.6,,,,,,,1
51008215,7420201,B00,,,,8.5,,,,,8.0,7.6,4
48005037,7510203,A00,,,,8.0,,,,8.25,7.8,,3
2021967,7540101,D07,,,8.6,8.2,,,,,7.75,,4
2034834,7480201,D01,7.4,,7.6,5.75,,,,,,,0
52006823,7810201,D01,7.0,,8.0,7.4,,,,,,,2
2082924,7380107,A01,,,7.4,7.5,,,,8.0,,,5
48003987,7340101,A01,,,8.4,8.2,,,,7.0,,,1
2017993,7510303,A00,,,,6.5,,,,6.25,6.6,,3
2068565,7340201,A01,,,9.0,7.8,,,,7.25,,,1
2081972,7480201,A01,,,7.4,8.5,,,,8.4,,,0
2028888,7340201,A01,,,9.2,8.4,,,,6.75,,,1
2015519,7340120,A00,,,,7.5,,,,8.0,8.2,,1
2081658,7220201,A01,,,8.8,7.75,,,,8.8,,,6
2036325,7540101,B00,,,,7.8,,,,,8.25,7.75,4
2059901,7510303,D01,6.2,,7.2,6.0,,,,,,,3
48005439,7810202,D01,6.2,,6.0,8.0,,,,,,,2
53012868,7340120,D01,8.0,,7.4,7.8,,,,,,,1
59001050,7810103,D01,6.0,,5.0,8.75,,,,,,,2
2079865,7540101,D07,,,8.2,7.0,,,,,7.6,,4
54006062,7819009,A01,,,6.0,5.25,,,,5.0,,,2
57000555,7480201,A01,,,8.0,7.5,,,,8.4,,,0
2056096,7340301,D01,9.0,,6.8,7.5,,,,,,,1
40011692,7340101,A01,,,7.4,7.0,,,,6.4,,,1
2079786,7480201,D01,8.6,,5.6,7.5,,,,,,,0
37007359,7220201,A01,,,8.2,7.5,,,,7.6,,,6
2060490,7510303,A01,,,8.6,7.6,,,,7.25,,,3
38013908,7380107,D01,7.25,,8.2,7.2,,,,,,,5
54008588,7810103,D01,6.2,,6.2,9.25,,,,,,,2
53015019,7340301,A00,,,,7.25,,,,8.0,8.0,,1
2034768,7520115,D01,5.6,,6.6,6.25,,,,,,,3
2045266,7340120,A00,,,,7.75,,,,7.25,8.2,,1
2063110,7340101,A00,,,,7.0,,,,7.75,8.0,,1
48027002,7340301,D01,7.2,,7.0,8.0,,,,,,,1
61003121,7810103,A00,,,,7.0,,,,7.75,7.0,,2
48018410,7220204,D01,6.2,,6.6,7.75,,,,,,,6
56000486,7340205,D01,6.2,,7.4,7.5,,,,,,,1
52002779,7480201,D01,7.5,,8.6,7.2,,,,,,,0
44008819,7340115,D01,8.8,,7.2,7.75,,,,,,,1
28004543,7340301,A00,,,,8.25,,,,6.25,7.0,,1
2046422,7480201,A00,,,,8.4,,,,7.25,8.0,,0
37009250,7480201,A01,,,7.4,7.0,,,,6.8,,,0
2039770,7480201,A00,,,,8.2,,,,6.5,8.25,,0
49010440,7510203,A00,,,,7.5,,,,7.75,7.6,,3
2046596,7340129,D01,6.75,,6.4,7.0,,,,,,,4
2057254,7540106,D07,,,6.8,7.5,,,,,7.2,,4
2062349,7510203,A00,,,,6.8,,,,5.75,5.5,,3
2068340,7380107,A00,,,,6.25,,,,8.5,7.8,,5
52006911,7510202,D01,4.4,,8.0,5.75,,,,,,,3
54007788,7510203,A01,,,6.4,6.0,,,,4.25,,,3
2012952,7510303,A00,,,,6.2,,,,6.0,5.0,,3
40012113,7810103,A00,,,,6.5,,,,7.75,7.8,,2
46009370,7540106,A00,,,,7.25,,,,7.25,7.4,,4
2022102,7220201,A01,,,6.6,6.75,,,,8.8,,,6
41001884,7480201,D01,8.4,,7.8,6.25,,,,,,,0
29035501,7540101,A00,,,,7.75,,,,8.0,8.4,,4
35006598,7810202,D15,7.0,6.2,8.5,,,,,,,,2
48009767,7340120,D01,7.0,,8.4,8.2,,,,,,,1
52013009,7340101,A00,,,,8.2,,,,7.25,7.75,,1
49002803,7510301,A01,,,7.6,6.0,,,,8.2,,,3
2076795,7220201,D09,,,6.8,8.5,,,7.6,,,,6
37006974,7510202,D01,6.0,,6.2,4.6,,,,,,,3
40011848,7480201,A00,,,,7.0,,,,6.75,7.4,,0
2043651,7340201,D01,6.4,,7.2,7.5,,,,,,,1
2075041,7810201,A01,,,9.4,8.0,,,,5.75,,,2
48019603,7340115,D01,7.6,,8.2,8.75,,,,,,,1
51010135,7480201,D01,5.2,,7.8,7.5,,,,,,,0
37011911,7340301,A00,,,,7.25,,,,6.25,7.2,,1
53014470,7480201,D01,7.5,,7.4,7.6,,,,,,,0
53006750,7340120,A00,,,,7.25,,,,7.0,7.2,,1
53003853,7340115,D01,7.25,,9.0,8.0,,,,,,,1
48023377,7810202,D15,6.75,4.2,8.0,,,,,,,,2
49002475,7340201,D01,7.6,,7.0,7.0,,,,,,,1
61000030,7340120,D01,8.2,,7.4,8.0,,,,,,,1
52009842,7510203,A00,,,,8.8,,,,6.5,7.75,,3
42014244,7480201,D01,5.0,,7.2,8.5,,,,,,,0
44008001,7340115,D01,7.8,,7.0,7.75,,,,,,,1
2064975,7340120,A01,,,8.0,8.0,,,,8.25,,,1
35002650,7540106,A00,,,,6.5,,,,7.75,7.2,,4
37016046,7810103,A00,,,,6.0,,,,6.25,6.6,,2
49012906,7480201,A00,,,,7.0,,,,7.0,7.6,,0
29023182,7510202,D01,8.5,,3.0,5.2,,,,,,,3
2075744,7340101,D01,7.0,,9.0,8.0,,,,,,,1
2087222,7340201,A00,,,,8.2,,,,8.0,8.0,,1
2083308,7340101,A01,,,7.6,7.25,,,,7.2,,,1
2029086,7819010,D07,,,6.6,6.5,,,,,4.4,,2
2001316,7380107,A01,,,8.6,7.2,,,,7.5,,,5
37004314,7380107,A00,,,,7.5,,,,7.5,7.4,,5
39009399,7340115,A00,,,,7.5,,,,8.5,7.8,,1
2079126,7480201,A01,,,9.0,7.6,,,,6.5,,,0
41008327,7340120,D01,6.6,,7.8,7.75,,,,,,,1
2072814,7380107,D01,6.2,,6.4,7.5,,,,,,,5
43003881,7340101,D01,6.4,,8.4,8.5,,,,,,,1
52004964,7510303,A01,,,7.8,6.4,,,,3.5,,,3
40014984,7510303,A00,,,,7.75,,,,6.5,7.0,,3
2037027,7340101,D01,6.75,,9.0,8.4,,,,,,,1
54010127,7810201,D01,8.0,,7.8,6.0,,,,,,,2
2030581,7480201,A00,,,,7.0,,,,6.75,7.2,,0
40004058,7540101,A00,,,,7.25,,,,6.0,7.8,,4
47000908,7340120,A01,,,8.6,8.0,,,,7.25,,,1
39005596,7510303,A01,,,7.6,6.75,,,,3.6,,,3
44011988,7340101,A00,,,,7.5,,,,7.25,8.0,,1
2063896,7480201,A00,,,,7.5,,,,6.25,7.4,,0
35000236,7510303,A00,,,,6.6,,,,5.25,5.75,,3
2081368,7220204,D01,8.25,,7.4,7.8,,,,,,,6
55008223,7340120,A00,,,,7.25,,,,7.5,8.2,,1
2014769,7510203,D07,,,7.2,7.75,,,,,6.6,,3
2035255,7850101,A00,,,,7.6,,,,5.25,8.25,,4
42001273,7340115,D01,8.4,,7.4,7.75,,,,,,,1
40013570,7540106,B00,,,,6.5,,,,,6.5,7.2,4
37005649,7340301,A00,,,,7.6,,,,7.0,8.0,,1
47004031,7220201,D01,8.0,,6.4,7.25,,,,,,,6
53008929,7420201,B00,,,,7.0,,,,,5.5,5.0,4
35008895,7510303,A00,,,,6.5,,,,7.75,7.8,,3
50005850,7510401,B00,,,,7.5,,,,,7.5,7.8,3
47006317,7540105,A00,,,,8.2,,,,6.25,5.75,,4
47008982,7380107,D01,6.2,,5.8,7.25,,,,,,,5
2079743,7540106,A00,,,,6.6,,,,5.0,6.75,,4
46006447,7540101,A00,,,,8.6,,,,7.75,8.25,,4
2043163,7510203,D07,,,7.4,7.0,,,,,5.6,,3
46005244,7540101,D07,,,9.0,8.2,,,,,8.0,,4
63006666,7380107,A00,,,,7.6,,,,6.5,8.0,,5
35002036,7810103,D01,8.25,,7.6,7.4,,,,,,,2
47007073,7480201,D01,8.0,,8.0,7.8,,,,,,,0
40005998,7510203,A00,,,,6.5,,,,7.5,7.0,,3
48020804,7340101,D01,7.2,,6.8,7.75,,,,,,,1
40017863,7340115,D01,8.2,,8.2,7.67,,,,,,,1
48011658,7480202,D01,7.8,,8.2,7.0,,,,,,,0
29022424,7420201,B00,,,,7.0,,,,,5.25,6.25,4
45004561,7340120,D01,6.4,,8.4,8.25,,,,,,,1
39008171,7340129,A00,,,,8.2,,,,7.0,7.0,,4
2048720,7340101,D01,7.75,,8.4,7.6,,,,,,,1
51011349,7340115,D01,7.0,,7.4,9.25,,,,,,,1
53004987,7340301,A00,,,,7.75,,,,8.5,8.0,,1
53001812,7340201,A00,,,,6.5,,,,8.5,8.2,,1
2035422,7510303,A01,,,7.6,6.75,,,,7.6,,,3
47011955,7819010,B00,,,,4.75,,,,,6.0,6.0,2
48005420,7480201,D01,7.5,,6.8,8.0,,,,,,,0
47003647,7340101,A00,,,,7.25,,,,8.25,7.6,,1
2036816,7480201,A00,,,,7.25,,,,8.25,8.2,,0
61009193,7220201,D01,8.4,,5.8,6.75,,,,,,,6
2040769,7420201,A00,,,,6.75,,,,6.75,7.6,,4
2046533,7520115,D01,5.2,,7.0,6.0,,,,,,,3
49015728,7540106,B00,,,,6.4,,,,,6.75,6.25,4
44006823,7340120,D01,6.8,,8.0,8.25,,,,,,,1
2048984,7510203,D01,6.5,,5.2,6.6,,,,,,,3
49011236,7340101,A01,,,6.6,8.0,,,,7.2,,,1
35009169,7340101,A00,,,,7.25,,,,7.5,7.8,,1
35002201,7480201,A00,,,,9.0,,,,8.25,7.25,,0
46000424,7480201,D01,7.75,,6.6,8.2,,,,,,,0
37007313,7510303,D01,5.5,,5.4,7.2,,,,,,,3
2064740,7510202,A01,,,7.0,6.25,,,,4.4,,,3
34012652,7340101,A00,,,,7.25,,,,7.5,9.0,,1
44013417,7380107,D01,4.8,,7.0,7.25,,,,,,,5
48009641,7340201,A00,,,,7.75,,,,6.5,7.2,,1
40019824,7340115,A00,,,,8.5,,,,8.0,8.4,,1
35009852,7340129,D01,6.2,,7.2,8.75,,,,,,,4
46002561,7510301,A00,,,,7.8,,,,5.75,6.0,,3
41005350,7480201,A00,,,,8.5,,,,7.75,7.2,,0
51013313,7340115,A00,,,,8.5,,,,7.25,8.0,,1
35007708,7520115,A00,,,,6.0,,,,6.5,6.6,,3
48014277,7340201,A00,,,,9.0,,,,8.25,8.0,,1
37000985,7340115,A00,,,,7.75,,,,8.25,8.0,,1
46004736,7510303,A00,,,,8.0,,,,6.5,6.0,,3
49012781,7420201,B00,,,,8.0,,,,,8.0,7.5,4
2016439,7340201,A01,,,6.6,8.4,,,,8.0,,,1
54002881,7220201,A01,,,8.2,7.0,,,,8.6,,,6
2046289,7510202,D01,6.08,,7.4,6.2,,,,,,,3
2006399,7340301,A00,,,,7.5,,,,8.0,8.2,,1
42011312,7540101,A00,,,,7.5,,,,9.0,8.0,,4
2043043,7510303,D07,,,6.6,6.75,,,,,4.2,,3
61000471,7220204,D01,8.0,,7.4,7.5,,,,,,,6
63002197,7510301,A00,,,,6.5,,,,6.75,8.0,,3
52002832,7480202,A00,,,,6.75,,,,8.25,8.0,,0
42010794,7520115,A01,,,4.6,6.75,,,,6.2,,,3
2065633,7510203,A00,,,,6.75,,,,7.0,8.0,,3
2035500,7340205,A00,,,,6.5,,,,8.0,5.6,,1
46000836,7520115,D01,5.2,,7.2,6.25,,,,,,,3
51003083,7380107,D15,7.0,7.0,8.75,,,,,,,,5
40018599,7510202,A00,,,,6.75,,,,5.5,6.4,,3
45003739,7510301,A00,,,,6.4,,,,6.0,4.75,,3
44002712,7480202,A00,,,,6.25,,,,7.25,7.6,,0
47004829,7340120,A00,,,,6.25,,,,7.5,7.4,,1
2071412,7340123,D01,6.2,,7.4,7.0,,,,,,,1
2013063,7480201,D07,,,8.4,7.25,,,,,7.6,,0
2023678,7520115,A00,,,,5.75,,,,6.5,5.4,,3
29020282,7220201,D01,8.75,,8.8,7.2,,,,,,,6
2053615,7420201,B00,,,,7.75,,,,,7.75,8.0,4
48020702,7340201,D01,7.75,,8.6,7.2,,,,,,,1
50008413,7340129,A00,,,,6.0,,,,7.5,6.6,,4
63006291,7510303,A00,,,,8.4,,,,7.75,7.25,,3
2081082,7340115,D01,8.0,,7.6,8.0,,,,,,,1
44003356,7340122,D01,7.8,,7.0,8.0,,,,,,,1
46006141,7480201,A01,,,8.6,7.25,,,,7.8,,,0
56001916,7480201,A00,,,,6.5,,,,7.25,8.4,,0
46009099,7220201,D01,9.0,,8.8,7.4,,,,,,,6
2039577,7340123,D01,6.2,,5.4,7.0,,,,,,,1
48012067,7540204,D01,5.0,,4.4,7.0,,,,,,,3
40008744,7819009,B00,,,,6.0,,,,,6.5,7.2,2
2001884,7340201,D01,7.25,,7.4,8.2,,,,,,,1
37001689,7220201,D01,7.0,,8.8,8.0,,,,,,,6
37001642,7340122,A01,,,7.6,7.5,,,,7.2,,,1
49002667,7810202,D01,7.5,,6.6,8.2,,,,,,,2
46009818,7540101,B00,,,,7.0,,,,,7.0,8.2,4
41002713,7340101,D01,6.6,,8.2,7.5,,,,,,,1
2046558,7420201,A01,,,8.0,6.75,,,,7.2,,,4
49004917,7340120,A00,,,,7.5,,,,8.0,7.6,,1
38010819,7480201,A00,,,,7.5,,,,7.5,8.0,,0
2088996,7510303,A00,,,,6.6,,,,5.75,5.5,,3
2031235,7480201,D07,,,9.0,8.6,,,,,7.5,,0
2067288,7480201,A00,,,,7.0,,,,8.5,8.6,,0
37006511,7510303,A00,,,,6.5,,,,5.75,7.2,,3
2083446,7510406,D07,,,7.8,5.0,,,,,7.0,,4
46007956,7340129,D01,7.25,,6.2,6.8,,,,,,,4
60002293,7480201,A01,,,8.0,7.5,,,,6.4,,,0
41010585,7340115,A01,,,7.6,6.25,,,,8.6,,,1
33005399,7810201,A00,,,,7.8,,,,7.75,7.75,,2
52008351,7480201,D07,,,6.6,8.4,,,,,7.75,,0
2036229,7480202,D07,,,8.0,7.25,,,,,6.6,,0
52008881,7380107,A01,,,7.6,6.25,,,,6.2,,,5
43004119,7380107,D01,7.8,,7.4,6.5,,,,,,,5
2065391,7340301,A00,,,,7.25,,,,8.25,7.6,,1
53014615,7340120,D01,7.0,,6.8,8.5,,,,,,,1
38012408,7220201,A01,,,7.8,8.25,,,,7.6,,,6
39008276,7540101,D07,,,7.8,8.2,,,,,9.0,,4
2068433,7540101,B00,,,,8.25,,,,,7.5,7.6,4
2036725,7810202,A01,,,7.4,8.0,,,,8.0,,,2
2072226,7480201,A01,,,7.8,8.4,,,,6.75,,,0
2040491,7340120,A00,,,,8.4,,,,7.75,7.25,,1
2015100,7480201,A00,,,,7.0,,,,8.25,7.4,,0
46001334,7850101,A01,,,6.8,5.25,,,,4.8,,,4
2046084,7480201,D07,,,7.8,8.5,,,,,7.6,,0
37006070,7340120,A01,,,9.2,8.6,,,,7.25,,,1
48018433,7340201,A00,,,,6.75,,,,8.0,8.2,,1
47002978,7380107,A00,,,,7.75,,,,7.25,8.2,,5
46005995,7380107,A01,,,6.6,8.4,,,,8.75,,,5
2063791,7340101,D01,8.2,,6.6,7.25,,,,,,,1
57004226,7340101,A00,,,,8.6,,,,7.25,8.5,,1
40015924,7340123,D01,4.4,,5.6,6.0,,,,,,,1
43004346,7340101,A00,,,,7.25,,,,7.25,7.2,,1
48010495,7510406,A00,,,,4.75,,,,6.25,5.8,,4
2016025,7380107,D01,8.0,,7.6,7.2,,,,,,,5
2049356,7420201,A01,,,7.8,7.25,,,,8.4,,,4
44006035,7510202,A00,,,,6.25,,,,6.25,7.2,,3
2052096,7480202,A00,,,,4.75,,,,6.5,7.6,,0
38000873,7340301,A00,,,,7.0,,,,6.75,8.2,,1
44007655,7540101,D07,,,7.2,6.5,,,,,8.2,,4
2014677,7220201,A01,,,7.0,7.25,,,,8.2,,,6
53014086,7340201,A01,,,7.6,8.6,,,,7.0,,,1
4005458,7480201,A01,,,8.0,7.5,,,,7.8,,,0
46004557,7810201,A00,,,,8.0,,,,7.25,8.25,,2
49010355,7510303,A00,,,,7.0,,,,7.5,7.2,,3
42008014,7340301,A00,,,,8.0,,,,7.5,6.75,,1
48021872,7810202,D01,8.0,,6.4,8.2,,,,,,,2
2067984,7340120,A01,,,8.8,8.0,,,,8.0,,,1
37005916,7810202,D01,7.75,,7.2,7.8,,,,,,,2
30011246,7510303,A01,,,4.2,8.2,,,,8.25,,,3
46001256,7340301,D01,5.6,,6.2,8.25,,,,,,,1
2078371,7340129,A00,,,,5.25,,,,6.5,7.0,,4
56008077,7380107,A00,,,,7.6,,,,7.0,7.25,,5
51006506,7340115,A00,,,,8.0,,,,8.5,7.4,,1
39005750,7340115,A00,,,,8.8,,,,6.5,8.5,,1
2043775,7510301,A01,,,7.0,6.25,,,,7.6,,,3
2008054,7340101,D01,8.2,,6.8,8.0,,,,,,,1
2025843,7340122,D01,7.0,,7.8,7.75,,,,,,,1
52003265,7510202,D01,6.6,,7.2,5.75,,,,,,,3
48026041,7810201,D01,6.0,,6.6,7.75,,,,,,,2
2067256,7540106,D07,,,7.4,9.0,,,,,6.8,,4
48025200,7510401,A00,,,,5.5,,,,6.25,6.6,,3
44006474,7810201,A01,,,8.6,8.2,,,,6.75,,,2
49009583,7850101,A00,,,,5.75,,,,5.5,7.0,,4
42012669,7340123,D01,5.6,,6.4,7.0,,,,,,,1
49008022,7340101,D01,8.0,,8.0,7.6,,,,,,,1
2071763,7420201,A00,,,,7.5,,,,6.75,7.8,,4
2077990,7420201,B00,,,,6.0,,,,,8.0,5.75,4
2060937,7480201,A01,,,9.2,8.0,,,,7.25,,,0
44006088,7480201,D01,6.0,,8.2,7.0,,,,,,,0
48011987,7510401,A00,,,,5.0,,,,6.5,6.8,,3
37012359,7480202,D01,6.2,,7.4,8.25,,,,,,,0
52010557,7540101,B00,,,,8.2,,,,,7.75,8.25,4
37006506,7510303,A00,,,,5.5,,,,7.0,7.0,,3
37014394,7340115,A01,,,7.6,7.25,,,,7.2,,,1
2047406,7340201,D01,7.75,,8.6,6.8,,,,,,,1
50011507,7420201,D07,,,8.2,8.25,,,,,7.0,,4
2071365,7340115,A00,,,,7.75,,,,7.75,8.0,,1
2021976,7340122,D01,8.0,,6.4,7.75,,,,,,,1
55000376,7480201,A00,,,,8.2,,,,7.5,7.5,,0
2071093,7510303,A01,,,7.4,6.75,,,,7.8,,,3
2047216,7510301,D01,7.25,,5.8,7.2,,,,,,,3
2062674,7220201,A01,,,7.8,6.0,,,,7.4,,,6
47004220,7220201,D01,7.4,,6.4,8.0,,,,,,,6
52010444,7340123,A00,,,,7.5,,,,6.75,7.8,,1
35004647,7480201,A00,,,,9.2,,,,7.5,8.0,,0
2045446,7480201,A00,,,,8.25,,,,7.75,7.8,,0
35000549,7510203,A00,,,,6.0,,,,7.75,8.2,,3
53004559,7540204,D01,3.6,,4.8,7.5,,,,,,,3
2003252,7480201,A01,,,8.2,7.8,,,,6.75,,,0
37014635,7340120,A00,,,,6.5,,,,7.25,7.6,,1
51015974,7340120,D01,7.6,,7.2,8.75,,,,,,,1
38009533,7480201,A00,,,,8.6,,,,6.5,7.0,,0
63005725,7340129,A00,,,,6.75,,,,7.0,7.6,,4
49011946,7540106,A00,,,,6.4,,,,3.75,7.75,,4
2008829,7380107,D01,7.0,,6.2,7.5,,,,,,,5
38002601,7340115,A01,,,8.8,8.4,,,,7.75,,,1
32006244,7480201,A01,,,7.6,8.4,,,,7.75,,,0
40014050,7340115,A00,,,,7.8,,,,7.25,8.5,,1
2081121,7520115,A00,,,,7.25,,,,7.5,7.2,,3
32002673,7480201,A01,,,8.2,8.75,,,,7.6,,,0
2025213,7340129,A00,,,,7.2,,,,6.5,6.5,,4
2063251,7340115,D01,7.6,,7.6,8.75,,,,,,,1
38014589,7340201,A00,,,,7.75,,,,7.25,7.8,,1
40006911,7340201,D01,8.25,,7.8,7.2,,,,,,,1
39010329,7510401,A00,,,,8.6,,,,5.25,7.0,,3
2008688,7510401,B00,,,,6.0,,,,,5.75,7.6,3
39010453,7380107,D01,7.4,,7.4,7.5,,,,,,,5
2053096,7420201,B00,,,,7.6,,,,,7.25,7.25,4
37013337,7480202,A00,,,,7.5,,,,7.25,8.0,,0
2019806,7340101,D01,8.4,,7.6,7.5,,,,,,,1
2079663,7380107,A00,,,,5.75,,,,7.25,7.0,,5
2036595,7480201,A00,,,,7.0,,,,8.25,7.2,,0
38003424,7480201,A00,,,,7.5,,,,7.0,7.0,,0
45005109,7510401,B00,,,,7.0,,,,,8.0,7.5,3
37010082,7810103,D01,7.6,,6.8,5.75,,,,,,,2
32002057,7480201,D07,,,8.6,7.6,,,,,8.0,,0
2023370,7340120,A00,,,,8.75,,,,7.5,7.8,,1
51014636,7819010,A00,,,,7.25,,,,7.25,7.2,,2
2036951,7220201,D01,8.0,,7.2,7.25,,,,,,,6
4004967,7810103,D15,7.25,7.2,7.5,,,,,,,,2
49011932,7540105,A00,,,,7.5,,,,6.0,8.0,,4
2007754,7340301,A00,,,,7.6,,,,7.25,8.25,,1
2074912,7510303,A00,,,,7.0,,,,6.0,5.0,,3
53008424,7810202,D01,8.25,,8.2,6.6,,,,,,,2
2018425,7510301,A01,,,7.6,6.5,,,,5.6,,,3
47001634,7340115,D01,6.6,,7.6,8.25,,,,,,,1
53012798,7340201,A01,,,8.4,8.4,,,,7.5,,,1
2039327,7540105,A01,,,5.6,5.6,,,,5.75,,,4
2021906,7340201,A00,,,,7.6,,,,8.0,8.0,,1
2068321,7220201,A01,,,9.0,8.2,,,,7.0,,,6
2015346,7540204,D01,6.75,,6.8,7.4,,,,,,,3
2064086,7340201,A00,,,,6.5,,,,8.5,7.6,,1
2069903,7340101,A01,,,8.2,7.8,,,,8.25,,,1
43009199,7510303,D07,,,7.0,6.75,,,,,6.8,,3
54007008,7510203,D01,5.25,,4.8,5.6,,,,,,,3
37005079,7810201,D01,7.6,,5.8,8.0,,,,,,,2
2044662,7340101,D01,8.4,,7.4,6.0,,,,,,,1
37014577,7340115,A01,,,6.8,7.0,,,,8.2,,,1
44003811,7340129,D01,5.6,,6.4,8.0,,,,,,,4
55009639,7220201,A01,,,7.6,7.25,,,,8.6,,,6
37016225,7480201,A00,,,,8.6,,,,7.75,7.25,,0
53005491,7540105,A00,,,,8.4,,,,8.25,8.25,,4
38012144,7480201,D01,5.4,,8.0,8.5,,,,,,,0
37004685,7340101,A00,,,,7.5,,,,8.0,6.8,,1
48030194,7380107,D01,7.0,,6.4,7.4,,,,,,,5
61004775,7340120,A00,,,,8.0,,,,7.75,7.6,,1
2043937,7340122,A00,,,,7.0,,,,7.5,7.8,,1
46008368,7340101,A00,,,,8.2,,,,8.0,7.75,,1
2079967,7480201,D01,8.0,,5.6,7.5,,,,,,,0
2027617,7540106,A00,,,,6.6,,,,7.0,7.5,,4
37013164,7340201,A01,,,8.0,7.5,,,,6.2,,,1
42013243,7380107,A00,,,,7.75,,,,7.0,7.8,,5
2022840,7810201,A01,,,7.6,7.5,,,,7.4,,,2
2071424,7420201,B00,,,,6.6,,,,,5.25,5.25,4
37017107,7340101,D01,6.2,,7.4,8.25,,,,,,,1
35008476,7340101,A01,,,7.4,7.5,,,,7.8,,,1
2045168,7340129,A00,,,,6.8,,,,7.5,7.5,,4
2063013,7510202,A00,,,,6.5,,,,7.5,6.6,,3
37008835,7340129,A00,,,,7.25,,,,6.75,8.0,,4
2042397,7340120,A01,,,8.0,7.75,,,,8.2,,,1
56003992,7340115,D01,7.4,,8.2,8.5,,,,,,,1
2086186,7380107,D01,7.5,,6.4,8.0,,,,,,,5
47009175,7540101,A00,,,,6.75,,,,7.75,7.4,,4
42013949,7420201,A00,,,,6.75,,,,7.5,7.2,,4
53007035,7540101,D07,,,9.0,7.4,,,,,8.0,,4
52011354,7480201,D07,,,8.2,8.5,,,,,7.0,,0
2018157,7510303,A01,,,7.8,6.5,,,,7.4,,,3
49007741,7380107,D01,7.2,,7.0,6.75,,,,,,,5
47009634,7810201,A01,,,7.4,8.0,,,,7.75,,,2
2017479,7480202,A00,,,,6.25,,,,9.0,8.0,,0
37005275,7380107,D15,7.5,5.6,6.75,,,,,,,,5
2071953,7380107,D01,6.25,,8.0,7.8,,,,,,,5
43009538,7540101,A00,,,,8.6,,,,7.75,7.25,,4
2006777,7510301,D01,7.0,,6.0,6.4,,,,,,,3
2068005,7510203,A00,,,,6.6,,,,5.75,5.75,,3
50009111,7340201,A00,,,,8.0,,,,8.0,7.8,,1
2022427,7340201,A00,,,,8.8,,,,7.75,8.75,,1
2019917,7380107,D15,6.0,7.8,6.25,,,,,,,,5
39006548,7510202,A00,,,,7.4,,,,6.75,7.25,,3
48030031,7340201,D01,7.5,,8.2,8.4,,,,,,,1
2023600,7819009,A01,,,6.0,6.25,,,,6.8,,,2
2045018,7340115,D01,7.25,,9.2,8.2,,,,,,,1
2078707,7819010,A00,,,,6.0,,,,7.25,7.6,,2
45005393,7340115,D01,6.2,,7.0,9.0,,,,,,,1
2036509,7340301,A00,,,,7.75,,,,8.0,7.8,,1
40015716,7810201,D01,5.2,,7.0,7.0,,,,,,,2
2046447,7340115,D01,7.8,,8.6,8.0,,,,,,,1
2008905,7340123,D01,8.0,,4.4,7.6,,,,,,,1
22000497,7540101,A00,,,,7.25,,,,7.75,7.6,,4
49009506,7340101,A00,,,,7.5,,,,7.0,7.0,,1
43003208,7380107,D01,6.2,,6.8,8.25,,,,,,,5
2014743,7540105,B00,,,,6.0,,,,,6.75,6.4,4
2028452,7510303,D01,4.5,,7.8,6.2,,,,,,,3
2065260,7480201,D07,,,8.4,7.5,,,,,7.8,,0
46006916,7340301,A00,,,,7.6,,,,7.0,8.0,,1
61000436,7380107,D01,6.5,,7.6,7.8,,,,,,,5
2017667,7340201,A00,,,,8.0,,,,6.25,6.8,,1
2065065,7460108,D01,6.6,,7.4,8.5,,,,,,,0
35008191,7420201,B00,,,,6.75,,,,,6.5,6.2,4
45003561,7340301,A00,,,,6.75,,,,5.75,8.0,,1
60000152,7810201,D01,8.0,,7.8,6.8,,,,,,,2
47005446,7340205,A00,,,,7.25,,,,7.75,6.6,,1
2017203,7510202,A00,,,,5.75,,,,7.75,7.2,,3
40003421,7340122,A00,,,,7.25,,,,8.25,8.0,,1
49012746,7340129,A00,,,,7.25,,,,7.75,7.0,,4
30003921,7540101,B00,,,,8.5,,,,,8.0,7.4,4
44004197,7480201,A00,,,,7.25,,,,8.0,9.2,,0
54011123,7340301,D01,4.8,,6.8,9.0,,,,,,,1
2041907,7340115,A01,,,8.0,7.8,,,,8.25,,,1
46007864,7480202,D01,6.5,,4.4,7.2,,,,,,,0
53015502,7510303,A00,,,,8.0,,,,6.25,7.25,,3
2063192,7480202,A00,,,,7.5,,,,8.25,7.2,,0
2030223,7810202,D15,7.0,4.2,7.25,,,,,,,,2
53008965,7340201,A00,,,,7.2,,,,8.25,8.25,,1
63003396,7480201,D01,6.25,,8.0,7.6,,,,,,,0
43004306,7340301,D01,7.5,,7.8,6.8,,,,,,,1
56009453,7510202,A00,,,,6.2,,,,4.5,6.25,,3
39004484,7220201,D01,7.2,,6.8,7.25,,,,,,,6
2016414,7340205,D01,6.6,,5.6,6.5,,,,,,,1
48025921,7340301,A00,,,,6.0,,,,7.25,7.4,,1
2064485,7810103,D15,6.75,7.4,6.5,,,,,,,,2
37010277,7340120,A01,,,7.6,7.75,,,,7.8,,,1
2043046,7540101,A01,,,7.8,8.0,,,,6.6,,,4
2031438,7480201,D01,6.5,,9.0,8.2,,,,,,,0
2086304,7510301,D01,6.0,,4.6,6.6,,,,,,,3
39005685,7510303,A00,,,,6.75,,,,4.25,6.8,,3
49014811,7340115,D01,7.75,,8.4,7.4,,,,,,,1
37016125,7510202,D01,6.25,,4.6,6.0,,,,,,,3
47008447,7510202,D01,7.25,,6.4,6.2,,,,,,,3
2081904,7540204,D01,5.75,,5.6,7.0,,,,,,,3
2036369,7380107,D01,8.0,,7.8,7.0,,,,,,,5
2061800,7810103,D15,6.75,7.8,8.0,,,,,,,,2
37014359,7380107,A00,,,,8.25,,,,6.75,8.0,,5
2046552,7340115,D01,8.0,,7.8,8.25,,,,,,,1
45004036,7420201,B00,,,,8.0,,,,,7.75,6.25,4
46000173,7480201,A00,,,,8.2,,,,6.5,7.75,,0
49009957,7480201,D01,7.25,,8.8,7.8,,,,,,,0
44005917,7340101,A00,,,,6.75,,,,8.5,6.6,,1
47004243,7810201,D01,4.8,,7.6,7.0,,,,,,,2
2021821,7480201,A01,,,8.0,7.5,,,,6.8,,,0
49006152,7340301,A00,,,,8.25,,,,7.5,7.8,,1
39003938,7480201,A01,,,7.6,7.8,,,,8.0,,,0
2045710,7480201,D07,,,8.0,7.0,,,,,7.5,,0
47009858,7540204,D01,4.4,,4.4,6.75,,,,,,,3
56005645,7510203,D01,5.0,,3.6,7.0,,,,,,,3
48007202,7220201,D09,,,7.0,7.75,,,6.6,,,,6
38001102,7340115,A00,,,,8.0,,,,8.0,7.5,,1
53012100,7340201,A00,,,,7.6,,,,6.25,8.75,,1
2082847,7220201,D01,7.5,,9.0,7.6,,,,,,,6
2063973,7340205,D01,7.2,,6.2,6.5,,,,,,,1
43009609,7340201,A00,,,,7.8,,,,6.0,8.5,,1
2075593,7810201,D01,5.6,,6.4,6.0,,,,,,,2
2075360,7420201,B00,,,,7.4,,,,,7.75,6.75,4
40002736,7480201,A01,,,9.4,7.0,,,,7.25,,,0
47009955,7340101,A00,,,,6.75,,,,6.75,7.6,,1
2006596,7460108,A00,,,,6.5,,,,6.25,7.2,,0
39002363,7340115,A00,,,,8.5,,,,7.5,7.8,,1
2080010,7220201,D01,8.2,,6.4,8.0,,,,,,,6
49015281,7540204,D01,7.0,,7.4,6.0,,,,,,,3
35002758,7810103,D01,6.6,,5.6,7.0,,,,,,,2
43005071,7340301,A00,,,,7.8,,,,6.75,7.5,,1
2008978,7340301,D01,6.8,,6.4,7.0,,,,,,,1
2008351,7810202,D01,7.8,,7.6,7.75,,,,,,,2
45003867,7540204,D01,6.8,,7.4,7.5,,,,,,,3
48012087,7480201,D01,8.2,,6.8,6.5,,,,,,,0
40011557,7810202,A00,,,,8.0,,,,8.25,8.0,,2
2013791,7460108,A00,,,,6.5,,,,6.5,7.0,,0
49011896,7540204,D01,8.75,,7.0,6.0,,,,,,,3
36002757,7340301,A00,,,,7.2,,,,7.25,8.0,,1
50010095,7220204,D01,6.8,,7.6,8.5,,,,,,,6
57001197,7480202,D01,5.8,,7.4,6.25,,,,,,,0
2042658,7480201,D07,,,7.4,7.5,,,,,6.4,,0
40013634,7340115,A00,,,,8.0,,,,8.25,8.2,,1
2023021,7510301,A00,,,,7.4,,,,6.5,5.5,,3
43001229,7340201,A01,,,8.8,8.0,,,,6.5,,,1
44007419,7510202,A00,,,,5.0,,,,7.75,7.2,,3
40010468,7340120,A00,,,,6.5,,,,7.75,7.2,,1
56002829,7510401,D07,,,7.8,7.0,,,,,7.75,,3
2050233,7540106,B00,,,,7.6,,,,,6.5,7.5,4
2081988,7380107,D01,7.5,,6.6,7.6,,,,,,,5
35010411,7510301,A00,,,,5.25,,,,7.5,6.2,,3
2017553,7340301,A01,,,8.4,7.5,,,,8.0,,,1
2046154,7420201,B00,,,,7.0,,,,,7.5,7.8,4
2019256,7510202,A01,,,8.0,6.6,,,,4.5,,,3
2074916,7480201,A00,,,,7.8,,,,7.0,8.25,,0
2012900,7850101,A00,,,,6.4,,,,5.25,6.75,,4
35002083,7380107,D01,8.75,,5.6,7.0,,,,,,,5
49012608,7540101,A01,,,7.8,8.6,,,,7.25,,,4
2072546,7340120,D01,7.0,,8.4,8.2,,,,,,,1
2003263,7480201,A00,,,,7.0,,,,7.25,7.4,,0
48024485,7510203,D01,6.5,,4.4,5.6,,,,,,,3
35010387,7510202,A00,,,,8.2,,,,5.5,7.25,,3
49010182,7510301,D01,6.4,,7.4,7.0,,,,,,,3
36003031,7340120,A00,,,,6.75,,,,8.5,8.4,,1
49015234,7540101,A00,,,,8.0,,,,8.0,8.25,,4
47006897,7340301,A00,,,,8.0,,,,8.0,7.4,,1
47005147,7810202,D15,6.5,5.0,7.75,,,,,,,,2
2052626,7340129,D01,7.2,,8.4,7.0,,,,,,,4
52000011,7810201,A00,,,,7.25,,,,7.0,7.4,,2
2045284,7220201,D01,8.8,,5.4,7.5,,,,,,,6
2046330,7510401,D07,,,7.2,7.5,,,,,6.4,,3
40006608,7340120,A00,,,,6.5,,,,7.25,7.6,,1
2062534,7480201,D07,,,6.2,8.25,,,,,8.2,,0
43006817,7220204,D01,6.75,,8.0,7.8,,,,,,,6
49010705,7380107,D15,6.5,6.6,7.0,,,,,,,,5
2050132,7480201,D07,,,8.2,8.2,,,,,7.5,,0
38012453,7480201,A00,,,,6.75,,,,6.25,8.4,,0
49000907,7510401,A00,,,,8.0,,,,6.0,8.25,,3
52011741,7810103,A00,,,,7.5,,,,8.0,7.4,,2
2064161,7810202,D01,7.5,,8.6,7.8,,,,,,,2
49014687,7480201,A00,,,,7.25,,,,8.75,8.2,,0
2024867,7480202,D01,4.2,,7.0,5.5,,,,,,,0
54009703,7510203,A00,,,,8.2,,,,6.5,6.25,,3
2068131,7340101,A00,,,,7.25,,,,8.0,8.2,,1
30011034,7510202,D01,4.0,,6.8,8.0,,,,,,,3
2036470,7540101,B00,,,,8.5,,,,,7.0,8.0,4
2085662,7220201,D01,6.75,,9.0,7.8,,,,,,,6
2014839,7340201,D01,7.4,,7.2,6.75,,,,,,,1
2084393,7480201,D01,7.0,,7.8,8.0,,,,,,,0
46006145,7340120,A01,,,7.8,8.5,,,,8.2,,,1
42007562,7380107,A00,,,,5.0,,,,6.5,6.8,,5
2034341,7340101,D01,7.8,,7.0,7.0,,,,,,,1
2025549,7819010,A00,,,,6.0,,,,5.0,7.6,,2
48009155,7540101,D07,,,9.6,7.8,,,,,8.75,,4
49008600,7340129,A00,,,,8.2,,,,6.5,7.25,,4
2025265,7380107,A01,,,7.8,7.6,,,,6.75,,,5
35001478,7340122,A00,,,,8.0,,,,7.0,8.2,,1
2020752,7810202,D01,5.0,,6.6,6.5,,,,,,,2
2056610,7810201,A00,,,,8.75,,,,8.0,7.6,,2
40018302,7380107,A00,,,,7.25,,,,7.5,8.2,,5
52007048,7819010,D07,,,8.4,5.5,,,,,6.2,,2
57004219,7480202,D01,6.25,,3.2,7.0,,,,,,,0
44009856,7340101,D01,7.2,,7.4,6.5,,,,,,,1
50008304,7480201,A00,,,,7.5,,,,7.0,7.6,,0
2015573,7810202,D01,6.8,,6.8,6.75,,,,,,,2
2028745,7540101,A00,,,,7.25,,,,8.0,8.0,,4
2052982,7340101,A00,,,,6.75,,,,7.5,8.0,,1
40009474,7340201,A00,,,,7.75,,,,6.5,6.6,,1
2067832,7480202,A00,,,,7.75,,,,7.0,6.8,,0
48005980,7480201,A00,,,,8.0,,,,8.25,7.25,,0
38013125,7510303,D01,7.4,,7.2,6.75,,,,,,,3
2046730,7340115,A01,,,8.4,7.75,,,,8.0,,,1
2045816,7340201,A00,,,,8.6,,,,8.0,7.5,,1
32003679,7220201,D01,7.5,,8.6,7.4,,,,,,,6
46000399,7340101,D01,7.5,,8.6,8.2,,,,,,,1
37016176,7540101,D07,,,7.8,6.75,,,,,9.0,,4
2001325,7810202,A01,,,7.0,5.25,,,,8.6,,,2
2071669,7520115,A00,,,,7.0,,,,7.25,8.8,,3
38000274,7380107,D01,6.6,,8.2,7.75,,,,,,,5
55009438,7810103,D01,7.2,,6.8,8.25,,,,,,,2
37002024,7510303,D07,,,7.2,6.75,,,,,6.4,,3
53010006,7540204,D01,5.0,,6.8,7.75,,,,,,,3
2064768,7340201,D01,6.8,,8.0,6.5,,,,,,,1
2067552,7510202,D01,7.0,,7.0,7.25,,,,,,,3
42011429,7220201,D01,7.75,,8.0,7.8,,,,,,,6
33008023,7340115,D01,8.4,,7.8,8.0,,,,,,,1
57004134,7480201,A00,,,,7.75,,,,8.0,8.2,,0
2063009,7810201,A01,,,7.0,4.5,,,,7.4,,,2
52010090,7520115,D01,6.2,,7.6,5.75,,,,,,,3
46001757,7810201,D01,6.0,,8.2,8.5,,,,,,,2
35002139,7340129,D01,8.75,,5.2,6.8,,,,,,,4
35012428,7540101,A01,,,8.4,8.4,,,,7.25,,,4
34011617,7340115,A01,,,8.4,7.5,,,,8.0,,,1
54006359,7340129,A00,,,,7.5,,,,5.5,8.4,,4
2083698,7380107,D01,6.75,,8.4,7.4,,,,,,,5
49010022,7380107,D01,7.75,,7.2,8.2,,,,,,,5
2027763,7340101,A00,,,,7.0,,,,7.5,6.6,,1
37001479,7340201,A01,,,7.2,8.4,,,,7.5,,,1
49013629,7220204,D09,,,7.0,7.5,,,7.8,,,,6
47002577,7510401,A00,,,,8.4,,,,6.75,7.75,,3
42009393,7340122,D01,6.2,,8.0,8.25,,,,,,,1
31002794,7850101,B00,,,,7.4,,,,,7.75,7.25,4
50008661,7810103,A00,,,,8.6,,,,7.25,6.75,,2
37013848,7340201,A01,,,7.6,7.4,,,,7.25,,,1
40006045,7810103,D01,6.25,,8.2,7.4,,,,,,,2
2039940,7480201,D07,,,7.6,7.75,,,,,8.6,,0
2038686,7220201,D01,6.5,,9.4,7.8,,,,,,,6
28019301,7510401,A00,,,,4.0,,,,5.75,5.8,,3
39006386,7460108,D01,4.8,,8.0,6.75,,,,,,,0
21011918,7380107,D01,7.5,,7.4,6.2,,,,,,,5
2047655,7540101,D07,,,9.0,7.8,,,,,7.5,,4
2043829,7340101,A00,,,,5.75,,,,7.5,7.8,,1
2025122,7340123,A00,,,,7.25,,,,7.25,7.2,,1
49007310,7480202,A01,,,7.2,6.25,,,,6.4,,,0
50010189,7540101,B00,,,,6.5,,,,,7.75,7.8,4
2036968,7340115,A00,,,,7.0,,,,8.5,7.2,,1
58005548,7480201,D01,7.8,,8.0,7.75,,,,,,,0
40006673,7340120,D01,5.6,,8.2,8.75,,,,,,,1
47000247,7340201,A01,,,8.0,8.25,,,,7.8,,,1
37004970,7340120,A01,,,8.6,8.4,,,,7.25,,,1
2052503,7340205,D01,9.0,,7.0,5.5,,,,,,,1
56006945,7510202,D01,6.0,,4.2,7.0,,,,,,,3
37011990,7340301,A00,,,,8.0,,,,6.5,7.75,,1
34012631,7340101,A00,,,,7.25,,,,8.5,8.2,,1
43006150,7810202,A00,,,,8.6,,,,7.75,6.25,,2
48021387,7340120,A00,,,,7.75,,,,7.25,8.0,,1
53007568,7460108,D01,9.0,,7.2,8.5,,,,,,,0
47003732,7540105,A00,,,,7.75,,,,7.25,6.6,,4
2051702,7480201,D07,,,7.6,8.5,,,,,8.6,,0
2007009,7220201,A01,,,7.8,7.25,,,,9.4,,,6
33011460,7340120,A00,,,,7.6,,,,8.0,7.5,,1
49012942,7510203,D01,6.25,,4.4,5.8,,,,,,,3
48030835,7340205,D01,5.8,,7.8,6.0,,,,,,,1
2037782,7510202,D01,6.0,,5.8,8.2,,,,,,,3
53004782,7510303,D01,7.25,,8.0,6.0,,,,,,,3
37004008,7540101,D07,,,8.4,8.25,,,,,8.6,,4
42013084,7810103,A00,,,,7.6,,,,7.75,7.5,,2
50002484,7480201,D01,6.6,,7.6,8.0,,,,,,,0
2043823,7480201,D01,8.6,,7.2,6.0,,,,,,,0
2044545,7420201,B00,,,,7.75,,,,,8.75,7.6,4
48015975,7340101,A00,,,,8.0,,,,7.25,7.0,,1
53014342,7220204,D01,9.25,,8.2,7.4,,,,,,,6
48012287,7340120,D01,7.0,,6.8,7.75,,,,,,,1
40006969,7340301,A00,,,,8.0,,,,6.75,7.25,,1
2064942,7480201,A00,,,,7.25,,,,6.75,7.4,,0
53006447,7340201,A00,,,,8.0,,,,6.5,7.75,,1
57004355,7510301,D01,6.75,,5.6,7.0,,,,,,,3
37016450,7540204,A00,,,,7.25,,,,6.5,7.8,,3
53005953,7340129,A00,,,,6.75,,,,7.5,7.0,,4
2043124,7340120,A00,,,,7.5,,,,8.75,8.6,,1
30014815,7380107,D01,7.75,,7.0,7.0,,,,,,,5
39005625,7510303,D01,4.75,,6.0,8.0,,,,,,,3
49010761,7850101,B00,,,,6.8,,,,,7.75,6.25,4
48022550,7480201,A00,,,,8.2,,,,6.75,8.0,,0
2014808,7540101,B00,,,,8.75,,,,,8.25,7.2,4
2015310,7340129,D01,7.8,,7.2,7.0,,,,,,,4
16012179,7810201,D01,5.2,,7.8,6.75,,,,,,,2
2082337,7340101,D01,7.6,,7.0,7.25,,,,,,,1
48025129,7540204,D01,4.5,,5.4,7.6,,,,,,,3
40002895,7220201,D01,8.0,,7.8,7.6,,,,,,,6
46009274,7340301,A00,,,,8.4,,,,7.25,7.75,,1
2061556,7480202,A00,,,,7.4,,,,7.5,7.25,,0
2036286,7510401,B00,,,,7.25,,,,,6.5,6.8,3
2060901,7380107,D15,6.0,7.0,7.0,,,,,,,,5
51000998,7540101,D07,,,7.0,8.0,,,,,7.6,,4
2011958,7340115,A00,,,,8.0,,,,8.0,8.2,,1
2084497,7480201,D07,,,7.6,8.5,,,,,6.8,,0
15005250,7540105,B00,,,,7.8,,,,,6.25,6.75,4
2044072,7340122,A01,,,8.0,6.75,,,,8.0,,,1
48027362,7510401,B00,,,,7.8,,,,,7.0,6.25,3
46000799,7480201,A00,,,,7.8,,,,7.5,7.5,,0
2001744,7510303,D01,7.8,,6.4,6.0,,,,,,,3
46005958,7480201,D01,8.2,,7.4,7.25,,,,,,,0
51011538,7480201,A00,,,,6.75,,,,6.75,7.4,,0
34002492,7480201,A00,,,,7.25,,,,8.0,8.0,,0
2036498,7340115,A00,,,,8.25,,,,8.0,7.6,,1
44010674,7340301,A00,,,,8.2,,,,8.0,7.5,,1
2080472,7420201,B00,,,,5.0,,,,,6.0,6.2,4
40008887,7340129,A00,,,,7.75,,,,7.0,7.8,,4
33008535,7340201,A00,,,,7.8,,,,8.25,7.5,,1
2040676,7480201,D01,6.5,,8.8,7.8,,,,,,,0
60003136,7480202,A00,,,,6.6,,,,7.75,7.25,,0
52005451,7340301,A00,,,,7.5,,,,8.0,7.8,,1
54004776,7540101,A00,,,,7.5,,,,9.0,8.6,,4
2040704,7810201,A00,,,,8.25,,,,7.75,7.4,,2
53003116,7540106,D07,,,6.4,7.0,,,,,6.0,,4
2044052,7540204,D01,5.6,,7.0,7.25,,,,,,,3
2032935,7220201,D01,7.6,,6.6,8.25,,,,,,,6
48030483,7340201,A00,,,,8.4,,,,7.75,6.0,,1
47009460,7340301,A01,,,9.2,8.0,,,,6.75,,,1
52001379,7340115,D01,8.2,,7.8,7.5,,,,,,,1
61001512,7460108,D01,5.2,,7.6,6.25,,,,,,,0
38012809,7380107,A00,,,,7.5,,,,7.25,7.6,,5
48006232,7340101,D01,6.6,,7.8,8.75,,,,,,,1
63003635,7340115,A01,,,7.4,7.75,,,,8.4,,,1
35004548,7340115,A00,,,,8.25,,,,7.5,9.0,,1
49013079,7540204,D01,7.0,,2.2,7.4,,,,,,,3
2044071,7340122,D01,7.4,,8.6,6.25,,,,,,,1
37006157,7340129,D01,7.4,,6.8,7.5,,,,,,,4
40014365,7340115,A01,,,8.0,6.75,,,,8.2,,,1
49003266,7480201,A00,,,,7.0,,,,7.75,8.0,,0
2025692,7340115,A01,,,8.0,8.0,,,,7.8,,,1
2039719,7480201,D01,7.5,,8.8,8.4,,,,,,,0
48012882,7510203,A00,,,,7.8,,,,7.5,7.0,,3
47008556,7480201,A00,,,,8.2,,,,7.25,7.75,,0
37003917,7340101,A01,,,8.6,7.8,,,,7.0,,,1
2035179,7510303,A01,,,7.2,6.75,,,,7.6,,,3
35008217,7340115,A00,,,,8.25,,,,8.0,7.8,,1
2044004,7510303,D07,,,7.4,7.25,,,,,6.8,,3
2084104,7380107,A00,,,,7.75,,,,7.75,7.8,,5
2040308,7480201,D01,7.5,,7.6,8.2,,,,,,,0
53009938,7460108,D01,5.4,,6.8,8.25,,,,,,,0
46001659,7810202,A01,,,7.6,8.6,,,,7.5,,,2
56002796,7340201,A00,,,,7.8,,,,7.0,8.0,,1
2008750,7420201,B00,,,,6.4,,,,,7.0,5.0,4
47010782,7810202,D01,6.2,,8.4,8.75,,,,,,,2
2065469,7380107,A00,,,,7.75,,,,8.0,6.8,,5
61002551,7340101,D01,7.75,,8.6,7.8,,,,,,,1
38010446,7480201,A00,,,,7.8,,,,6.5,7.5,,0
2049436,7340129,D01,7.0,,7.8,6.4,,,,,,,4
2014139,7510202,A01,,,7.4,7.6,,,,6.5,,,3
53011562,7810202,D01,8.5,,6.4,7.4,,,,,,,2
60004031,7340115,A00,,,,8.0,,,,8.25,8.5,,1
48032630,7510303,A00,,,,6.25,,,,4.75,7.4,,3
2075517,7340129,A00,,,,6.0,,,,7.75,6.6,,4
49008377,7380107,D01,4.8,,6.6,7.5,,,,,,,5
47006638,7480202,D01,6.75,,7.2,8.0,,,,,,,0
35003924,7340115,D01,8.0,,8.0,8.5,,,,,,,1
45001781,7340129,D01,7.25,,7.8,7.2,,,,,,,4
2015331,7340115,A01,,,8.6,7.0,,,,9.2,,,1
52002792,7340101,A00,,,,7.75,,,,7.25,7.2,,1
56007078,7510301,D01,6.25,,4.6,7.4,,,,,,,3
42009248,7810201,A00,,,,7.25,,,,8.25,7.6,,2
48017555,7380107,D01,6.4,,7.6,8.25,,,,,,,5
40007495,7340120,A00,,,,7.75,,,,7.5,7.6,,1
35006454,7340120,D01,6.6,,8.0,8.75,,,,,,,1
2035227,7480201,A00,,,,8.0,,,,8.0,8.6,,0
2046068,7480202,A01,,,7.8,7.2,,,,4.5,,,0
53008275,7540101,A00,,,,7.25,,,,8.25,7.6,,4
50008919,7340101,A00,,,,7.75,,,,8.25,7.6,,1
2039993,7340101,A01,,,8.6,8.4,,,,7.0,,,1
2066352,7380107,D01,7.0,,7.2,7.8,,,,,,,5
37017542,7480201,A00,,,,7.0,,,,7.75,8.2,,0
29028298,7810201,A00,,,,6.5,,,,7.0,6.8,,2
37003892,7380107,D01,8.0,,7.2,7.2,,,,,,,5
37010216,7220204,D09,,,8.0,8.4,,,7.75,,,,6
53007662,7340120,D01,8.0,,7.6,8.25,,,,,,,1
48031662,7340115,A00,,,,7.25,,,,7.25,8.0,,1
39007848,7380107,D01,7.5,,6.4,8.2,,,,,,,5
57007933,7810201,D01,5.8,,6.2,6.75,,,,,,,2
2008332,7340301,A00,,,,8.0,,,,8.0,8.0,,1
47012292,7510301,D01,7.6,,7.0,7.25,,,,,,,3
54006529,7540101,D07,,,7.6,8.5,,,,,7.8,,4
48018270,7340301,A01,,,8.4,8.0,,,,6.5,,,1
52010056,7340201,D01,8.2,,6.8,6.75,,,,,,,1
47002313,7810202,D15,7.75,7.2,6.75,,,,,,,,2
53008912,7380107,A00,,,,7.6,,,,6.5,8.5,,5
2006678,7340301,D01,7.75,,7.8,7.4,,,,,,,1
2085484,7340301,D01,7.25,,8.4,7.6,,,,,,,1
37002961,7510203,A00,,,,8.6,,,,5.5,7.0,,3
44009419,7480201,D07,,,8.0,8.5,,,,,7.6,,0
47010195,7420201,B00,,,,7.5,,,,,7.5,7.8,4
2067542,7340115,D01,7.6,,8.4,7.25,,,,,,,1
37005085,7220204,D01,8.2,,7.4,7.25,,,,,,,6
63005877,7340115,A01,,,8.8,7.5,,,,7.2,,,1
53008582,7540101,A00,,,,8.2,,,,8.0,8.25,,4
2083802,7480201,D01,8.2,,7.4,8.0,,,,,,,0
2001863,7810202,D01,7.0,,7.4,7.25,,,,,,,2
37000848,7510401,D07,,,7.2,7.0,,,,,7.6,,3
40020949,7340115,A01,,,8.2,7.25,,,,6.6,,,1
35008007,7340205,D01,4.6,,8.2,7.5,,,,,,,1
2035277,7380107,A00,,,,7.0,,,,7.0,7.8,,5
2036066,7480201,A00,,,,7.75,,,,7.5,8.2,,0
2025811,7480202,D07,,,7.4,8.0,,,,,7.8,,0
2023435,7810202,D15,7.0,5.6,6.5,,,,,,,,2
2074071,7540101,A01,,,7.6,8.25,,,,7.4,,,4
2016237,7819010,D07,,,7.2,7.0,,,,,7.6,,2
54011312,7810103,A00,,,,8.0,,,,7.5,7.25,,2
2076115,7510406,A00,,,,6.5,,,,4.75,6.6,,4
37014750,7340115,D01,7.5,,8.6,8.2,,,,,,,1
46006757,7340101,D01,7.25,,7.8,8.8,,,,,,,1
63003126,7540101,A00,,,,8.8,,,,7.25,8.25,,4
2061417,7810201,D15,7.5,7.2,7.5,,,,,,,,2
2015743,7340115,A01,,,8.8,8.25,,,,7.2,,,1
47011370,7340301,A01,,,8.0,8.0,,,,7.25,,,1
2072043,7340101,D01,6.2,,7.6,7.25,,,,,,,1
2055325,7510406,B00,,,,5.5,,,,,6.25,6.4,4
48013734,7510303,A00,,,,7.0,,,,7.0,6.5,,3
2053294,7380107,A01,,,8.2,8.2,,,,7.25,,,5
53000440,7340201,A00,,,,7.0,,,,7.25,7.4,,1
2057297,7810201,A00,,,,7.25,,,,8.25,7.0,,2
42013252,7340301,D01,7.8,,7.6,9.0,,,,,,,1
2069107,7810202,A01,,,7.0,6.75,,,,6.2,,,2
2045526,7380107,A00,,,,8.0,,,,7.25,8.0,,5
48026029,7220201,D01,7.0,,9.2,7.8,,,,,,,6
2052985,7819010,B00,,,,6.75,,,,,7.0,7.2,2
37011480,7340120,D01,8.6,,6.6,8.0,,,,,,,1
37014358,7480201,A00,,,,7.25,,,,7.0,7.8,,0
2061793,7510203,A00,,,,5.75,,,,4.5,6.4,,3
2037226,7220204,D01,7.0,,8.0,7.8,,,,,,,6
2001696,7810103,D01,5.6,,6.8,6.5,,,,,,,2
33012019,7540101,A00,,,,8.5,,,,8.25,8.6,,4
2035420,7540101,A00,,,,6.75,,,,7.0,7.2,,4
47009710,7480201,D01,6.2,,8.2,8.0,,,,,,,0
2018151,7340201,D01,7.25,,8.0,8.2,,,,,,,1
53015446,7540101,D07,,,7.6,7.5,,,,,7.2,,4
63007111,7480202,D01,6.0,,7.4,5.75,,,,,,,0
42005359,7540101,A00,,,,8.4,,,,7.0,8.25,,4
2034255,7510202,D01,7.2,,7.8,7.5,,,,,,,3
2039671,7420201,B00,,,,6.75,,,,,6.5,7.6,4
2044994,7340201,A00,,,,8.0,,,,8.0,7.5,,1
56000580,7480202,A00,,,,7.0,,,,4.5,5.75,,0
2067193,7340120,D01,7.25,,8.4,8.2,,,,,,,1
48013196,7510203,A00,,,,8.0,,,,5.75,8.6,,3
2032998,7540101,A01,,,8.6,7.4,,,,8.25,,,4
50006681,7510401,D07,,,6.4,6.4,,,,,8.25,,3
37014250,7340120,A01,,,7.8,8.25,,,,7.0,,,1
35010421,7540101,D07,,,8.0,7.25,,,,,6.2,,4
2062529,7480201,A01,,,7.4,7.5,,,,7.6,,,0
2008251,7340201,D01,6.8,,6.6,8.0,,,,,,,1
54006768,7510202,D01,4.8,,6.2,6.25,,,,,,,3
36004269,7810202,A00,,,,7.5,,,,7.5,7.6,,2
2039677,7340101,A00,,,,7.75,,,,7.75,7.8,,1
54010777,7340101,D01,5.0,,6.6,8.75,,,,,,,1
42012441,7510301,D01,6.8,,7.6,5.0,,,,,,,3
2006441,7540101,A00,,,,7.25,,,,8.25,8.0,,4
2079638,7340123,D01,6.6,,7.4,7.25,,,,,,,1
38001069,7340101,D01,6.4,,5.6,8.75,,,,,,,1
2019680,7340129,D01,6.5,,8.6,5.2,,,,,,,4
2078119,7510202,D01,6.25,,8.2,5.4,,,,,,,3
2048367,7340115,D01,8.0,,9.2,7.4,,,,,,,1
2045864,7340115,D01,8.0,,7.2,8.0,,,,,,,1
41003980,7340301,A00,,,,8.0,,,,8.0,6.25,,1
43000361,7510202,D01,6.6,,6.8,6.25,,,,,,,3
2082895,7540106,A01,,,7.4,7.2,,,,5.5,,,4
2068024,7380107,D01,6.75,,9.2,7.2,,,,,,,5
41001190,7340301,A00,,,,6.75,,,,6.25,8.2,,1
40003904,7340115,A00,,,,8.0,,,,8.5,7.75,,1
38006760,7340115,A00,,,,8.4,,,,7.5,8.25,,1
61004384,7510303,D01,7.2,,6.2,7.42,,,,,,,3
49006078,7340301,D01,8.0,,7.0,7.4,,,,,,,1
63006999,7510303,A00,,,,6.25,,,,6.75,6.8,,3
46006845,7480201,D01,7.75,,6.2,8.0,,,,,,,0
49015302,7340101,D01,7.8,,7.6,7.25,,,,,,,1
40003662,7480201,A01,,,7.8,8.25,,,,7.6,,,0
56010412,7340129,D01,8.0,,5.0,7.2,,,,,,,4
2045951,7340115,A00,,,,7.25,,,,8.0,7.6,,1
39002364,7510301,A00,,,,7.0,,,,5.75,8.0,,3
2041024,7510202,D01,5.75,,6.0,6.8,,,,,,,3
32008623,7340115,A00,,,,7.25,,,,8.0,8.4,,1
31010234,7810103,A00,,,,6.75,,,,7.25,8.6,,2
2033382,7340301,D01,6.8,,7.0,8.5,,,,,,,1
59008562,7540101,A00,,,,7.75,,,,7.75,7.4,,4
47003964,7380107,A00,,,,7.5,,,,7.5,7.4,,5
2039246,7420201,A00,,,,7.8,,,,6.0,6.5,,4
44000303,7510301,D01,7.25,,7.4,6.8,,,,,,,3
2082386,7540204,D01,7.25,,7.6,6.0,,,,,,,3
56001818,7510301,A00,,,,6.0,,,,4.0,7.5,,3
56001215,7480201,D07,,,8.2,7.4,,,,,7.75,,0
47004577,7380107,D01,6.0,,6.0,8.0,,,,,,,5
2047423,7480202,A01,,,6.8,7.0,,,,5.5,,,0
48006999,7340101,A01,,,8.4,7.2,,,,8.0,,,1
53007328,7510401,A00,,,,6.0,,,,7.5,7.4,,3
2002644,7480201,A00,,,,8.0,,,,7.25,7.5,,0
2045646,7340115,D01,8.2,,7.6,7.25,,,,,,,1
40015634,7340120,A01,,,7.6,6.75,,,,7.6,,,1
48018575,7540204,D01,7.4,,5.8,7.0,,,,,,,3
53006811,7340120,A01,,,8.2,8.2,,,,8.0,,,1
48028793,7340120,D01,7.25,,9.0,8.0,,,,,,,1
40012701,7480201,A00,,,,7.75,,,,7.5,8.2,,0
50013583,7420201,B00,,,,6.4,,,,,6.5,7.25,4
43009966,7340301,A00,,,,7.25,,,,8.25,8.8,,1
2035785,7480201,D01,6.25,,8.0,8.0,,,,,,,0
51007650,7810202,D01,6.2,,8.0,8.0,,,,,,,2
56002182,7540101,B00,,,,8.4,,,,,7.75,8.0,4
48007566,7510303,D01,6.5,,7.8,7.6,,,,,,,3
35006417,7340115,A00,,,,7.75,,,,8.75,7.2,,1
2046878,7220204,D01,8.0,,8.0,7.0,,,,,,,6
2075525,7380107,D01,5.2,,8.4,7.25,,,,,,,5
59007462,7340115,A01,,,8.2,8.0,,,,7.2,,,1
49013878,7540101,A00,,,,7.5,,,,8.0,8.4,,4
2002201,7540204,D01,7.4,,6.0,7.0,,,,,,,3
44006204,7810201,D15,8.0,6.8,8.0,,,,,,,,2
44006886,7340101,A00,,,,6.75,,,,7.75,6.8,,1
50013973,7340201,D01,5.6,,8.0,8.5,,,,,,,1
2040752,7340205,D01,6.8,,6.6,7.25,,,,,,,1
2057449,7480201,A01,,,8.2,7.8,,,,6.75,,,0
51006641,7819010,D07,,,6.8,7.5,,,,,6.2,,2
48019020,7540101,D07,,,7.8,8.2,,,,,7.75,,4
50012172,7340101,A00,,,,8.0,,,,7.25,8.0,,1
2018546,7810201,A00,,,,7.5,,,,6.75,7.6,,2
2039304,7480202,A00,,,,7.8,,,,6.5,7.75,,0
37014148,7510301,D01,6.0,,6.6,7.25,,,,,,,3
61003219,7810103,A00,,,,4.75,,,,6.75,7.2,,2
59005381,7340201,A00,,,,7.0,,,,6.25,6.8,,1
48016917,7340301,D01,7.5,,7.4,7.4,,,,,,,1
2061092,7510301,A01,,,8.0,7.25,,,,8.0,,,3
2050003,7480201,A00,,,,8.8,,,,7.25,7.75,,0
2058196,7810202,D15,6.75,7.0,7.0,,,,,,,,2
2044317,7850101,A00,,,,6.0,,,,6.5,7.2,,4
53006468,7340115,A00,,,,7.75,,,,7.0,7.4,,1
2034797,7340101,D01,8.0,,7.0,7.5,,,,,,,1
53008920,7810201,D01,7.75,,9.2,7.0,,,,,,,2
46005370,7340120,D01,6.8,,7.4,7.75,,,,,,,1
2054861,7480202,D01,5.25,,6.0,7.4,,,,,,,0
48007788,7510401,A00,,,,8.0,,,,6.5,7.75,,3
48012368,7340120,D01,6.6,,7.6,9.0,,,,,,,1
46005162,7380107,D01,8.0,,5.4,7.6,,,,,,,5
35002982,7540106,A00,,,,7.0,,,,7.75,7.25,,4
40002884,7340301,A00,,,,8.0,,,,6.75,7.5,,1
2013355,7340122,A01,,,8.0,6.75,,,,7.6,,,1
2088831,7340201,A00,,,,8.0,,,,6.75,8.25,,1
49011375,7340129,A00,,,,6.25,,,,7.75,8.2,,4
39006134,7520115,D01,5.8,,8.0,5.0,,,,,,,3
2039075,7380107,D01,6.6,,6.8,7.0,,,,,,,5
63000524,7480201,A00,,,,7.4,,,,7.25,7.25,,0
47011582,7540106,A01,,,6.2,5.8,,,,7.5,,,4
2045495,7510202,D01,6.5,,4.2,7.2,,,,,,,3
41000584,7340115,D01,8.4,,7.6,8.0,,,,,,,1
31002378,7810201,D01,7.6,,7.4,7.75,,,,,,,2
48029156,7810201,D01,6.8,,7.4,7.0,,,,,,,2
44012225,7220201,D01,6.6,,8.2,8.25,,,,,,,6
2066441,7810202,D01,7.4,,7.0,5.5,,,,,,,2
51006470,7340101,A00,,,,6.0,,,,7.75,8.0,,1
44009875,7220201,A01,,,6.8,6.75,,,,8.4,,,6
49002542,7540204,D01,6.0,,4.0,7.6,,,,,,,3
37014521,7480202,D01,4.8,,8.0,5.25,,,,,,,0
40009378,7340115,D01,8.5,,7.4,7.4,,,,,,,1
57000185,7340201,A01,,,8.0,7.8,,,,7.5,,,1
2014616,7510301,D01,6.0,,6.8,4.8,,,,,,,3
53000621,7510203,D01,4.2,,6.2,8.25,,,,,,,3
53008023,7340115,A00,,,,7.0,,,,8.25,7.8,,1
48010820,7340201,D01,5.2,,7.6,7.5,,,,,,,1
53014726,7420201,B00,,,,6.75,,,,,8.0,7.6,4
37015713,7510203,D01,7.5,,6.6,6.4,,,,,,,3
44009042,7220201,D01,8.5,,8.0,8.0,,,,,,,6
2061866,7340201,A01,,,8.6,6.75,,,,6.0,,,1
50005734,7340101,A00,,,,8.0,,,,7.75,7.75,,1
48023449,7810201,A00,,,,5.75,,,,7.75,6.8,,2
2070955,7510303,A00,,,,7.6,,,,6.25,6.75,,3
41006746,7340115,A00,,,,6.5,,,,7.75,8.2,,1
53012909,7510303,A00,,,,7.0,,,,6.25,7.75,,3
48031015,7340201,A00,,,,8.0,,,,6.5,8.0,,1
52010257,7340101,D01,7.0,,8.2,8.0,,,,,,,1
2018723,7340115,A01,,,7.2,7.25,,,,8.6,,,1
2013522,7220204,D09,,,7.0,7.25,,,7.4,,,,6
48019291,7340122,D01,9.2,,7.4,7.25,,,,,,,1
37004208,7540101,A00,,,,6.75,,,,7.75,8.6,,4
48017432,7540101,A00,,,,7.75,,,,7.5,7.8,,4
51006937,7340101,A00,,,,6.25,,,,8.0,7.2,,1
49001956,7510301,D01,7.0,,5.8,5.8,,,,,,,3
47000839,7340101,A00,,,,8.0,,,,7.75,7.4,,1
2036885,7220201,D01,7.8,,7.6,8.0,,,,,,,6
40011859,7340101,A00,,,,6.75,,,,6.75,7.2,,1
2042890,7480201,A00,,,,8.0,,,,8.5,8.2,,0
40008165,7340201,A00,,,,6.75,,,,7.5,7.4,,1
2078069,7810103,D15,6.75,6.2,5.75,,,,,,,,2
2019600,7480201,A01,,,7.2,8.0,,,,8.2,,,0
53004210,7510301,D01,3.8,,7.2,7.0,,,,,,,3
49004122,7480202,A00,,,,6.4,,,,6.25,7.5,,0
61000987,7340301,D01,8.5,,8.2,6.4,,,,,,,1
2053315,7480202,D01,7.4,,7.4,7.0,,,,,,,0
45003410,7340115,D01,7.0,,8.4,8.25,,,,,,,1
41003687,7340205,D01,6.0,,8.0,8.25,,,,,,,1
34005612,7480201,A00,,,,7.75,,,,8.0,7.6,,0
2001632,7340201,A00,,,,5.5,,,,8.0,8.2,,1
2085276,7850101,A00,,,,6.8,,,,5.25,7.0,,4
53004341,7340201,D01,8.5,,8.2,7.2,,,,,,,1
2001948,7510401,A00,,,,6.5,,,,7.25,8.0,,3
50002309,7540106,B00,,,,7.75,,,,,6.25,5.8,4
49007173,7510301,A01,,,8.0,6.25,,,,6.4,,,3
46008647,7340201,A00,,,,8.4,,,,7.75,8.0,,1
48006046,7480201,A00,,,,6.8,,,,8.5,7.25,,0
42011074,7810103,D01,8.0,,8.6,6.6,,,,,,,2
48001735,7220201,D01,6.8,,7.6,7.0,,,,,,,6
47002555,7540101,B00,,,,7.5,,,,,7.5,7.4,4
34005781,7380107,D01,8.75,,7.4,6.8,,,,,,,5
2031746,7850101,A00,,,,5.25,,,,7.25,6.6,,4
52003202,7340122,D01,7.6,,8.2,8.25,,,,,,,1
2043723,7510303,D07,,,7.2,7.4,,,,,7.0,,3
53008179,7220201,D01,8.8,,7.0,7.75,,,,,,,6
35010017,7480202,D01,7.0,,4.2,4.8,,,,,,,0
35000453,7380107,D01,8.0,,6.2,7.8,,,,,,,5
51005849,7480201,A01,,,7.8,7.75,,,,7.6,,,0
2024762,7420201,B00,,,,6.5,,,,,6.25,7.2,4
2081652,7380107,A01,,,8.8,8.6,,,,8.0,,,5
2068268,7510303,D01,7.0,,7.4,7.0,,,,,,,3
2038743,7510303,D01,6.5,,8.0,6.6,,,,,,,3
34012295,7340122,A00,,,,8.0,,,,8.25,8.4,,1
51004467,7480202,D01,6.25,,6.6,7.4,,,,,,,0
61009315,7340115,A00,,,,8.0,,,,8.25,7.4,,1
37000658,7810103,D01,6.5,,8.6,7.2,,,,,,,2
30006674,7810201,A00,,,,7.25,,,,6.75,8.4,,2
53001806,7340120,D01,7.4,,7.0,9.0,,,,,,,1
2058714,7340129,A00,,,,4.5,,,,7.25,6.4,,4
46006783,7220204,D01,6.2,,8.0,6.75,,,,,,,6
2078052,7480202,D01,6.5,,5.8,5.6,,,,,,,0
1058183,7540106,A00,,,,8.2,,,,8.25,8.0,,4
43009835,7510202,D01,5.2,,5.8,6.0,,,,,,,3
2042713,7340201,A01,,,7.2,6.5,,,,7.2,,,1
53005821,7340205,A00,,,,7.25,,,,6.5,6.0,,1
2083231,7480201,A00,,,,8.0,,,,7.0,7.75,,0
64003896,7810202,D01,6.25,,9.0,7.2,,,,,,,2
2043375,7520115,D01,5.2,,5.6,6.25,,,,,,,3
40020003,7340115,A00,,,,7.0,,,,8.0,8.4,,1
41003913,7540106,A00,,,,6.75,,,,8.0,7.4,,4
55008269,7810201,D01,5.6,,6.8,7.5,,,,,,,2
34007796,7480201,A00,,,,8.2,,,,8.0,7.75,,0
49010143,7510303,A00,,,,6.5,,,,7.0,7.4,,3
44011661,7810201,D01,7.0,,6.8,7.5,,,,,,,2
48030155,7340115,D01,7.8,,7.2,7.5,,,,,,,1
40020550,7340205,A00,,,,7.5,,,,7.0,7.2,,1
2045971,7810201,D01,6.8,,6.4,7.0,,,,,,,2
42008536,7340101,D01,5.4,,7.0,8.25,,,,,,,1
37016751,7810202,A00,,,,7.25,,,,8.0,7.6,,2
32006694,7460108,D01,6.2,,7.4,6.25,,,,,,,0
2064874,7460108,A00,,,,6.75,,,,6.25,7.6,,0
2020186,7810202,D15,6.0,7.2,7.25,,,,,,,,2
2011716,7810201,D01,5.4,,6.0,7.0,,,,,,,2
2034106,7340120,D01,8.2,,8.0,6.75,,,,,,,1
40015858,7340101,A01,,,8.8,6.25,,,,8.0,,,1
46008070,7510301,D01,6.75,,6.0,6.8,,,,,,,3
49009883,7340201,A00,,,,7.5,,,,8.5,7.2,,1
42012060,7380107,A00,,,,6.75,,,,7.5,8.0,,5
48002536,7510301,D01,5.0,,5.8,6.25,,,,,,,3
42007337,7510203,D01,5.8,,5.8,4.25,,,,,,,3
61003214,7480201,A00,,,,7.5,,,,8.25,8.0,,0
2071978,7380107,D01,7.25,,7.4,7.6,,,,,,,5
2059597,7420201,B00,,,,7.0,,,,,7.5,7.0,4
56005821,7510202,D01,7.0,,4.0,6.6,,,,,,,3
32007512,7340101,A00,,,,7.75,,,,7.75,7.6,,1
48029954,7220201,D01,6.0,,8.8,8.2,,,,,,,6
43000189,7340301,A00,,,,8.2,,,,6.0,8.5,,1
53013766,7480201,D01,9.4,,6.0,8.0,,,,,,,0
46006468,7810201,A00,,,,8.0,,,,7.0,6.75,,2
2029140,7340301,D01,7.6,,7.2,7.75,,,,,,,1
2044331,7220204,D01,7.6,,8.2,8.0,,,,,,,6
53000597,7540106,A00,,,,7.2,,,,5.5,6.25,,4
49014421,7510303,D01,7.5,,7.0,8.2,,,,,,,3
35007108,7340301,A00,,,,7.8,,,,7.5,7.5,,1
2035077,7340129,D01,5.2,,7.8,6.75,,,,,,,4
48030523,7340115,A01,,,8.2,7.75,,,,7.8,,,1
42009795,7510303,D01,5.4,,7.8,8.0,,,,,,,3
60004017,7220201,D09,,,7.6,8.25,,,8.0,,,,6
39006512,7340101,A00,,,,6.0,,,,8.0,6.8,,1
2040549,7540101,D07,,,9.4,8.2,,,,,7.75,,4
2070785,7810202,D01,7.5,,9.2,7.0,,,,,,,2
44003495,7540101,B00,,,,8.0,,,,,8.0,7.4,4
63006391,7340122,A00,,,,7.0,,,,8.25,8.4,,1
52002512,7220204,D01,6.5,,9.4,7.2,,,,,,,6
2041937,7340301,A00,,,,7.0,,,,8.0,8.0,,1
49012595,7480201,A00,,,,7.8,,,,7.0,7.75,,0
2010964,7810202,D01,7.0,,8.4,7.8,,,,,,,2
37000950,7380107,D01,7.2,,5.8,7.25,,,,,,,5
2053024,7510401,A01,,,7.2,6.5,,,,7.6,,,3
35006013,7810103,D01,6.25,,7.8,7.8,,,,,,,2
2038751,7540105,A00,,,,7.6,,,,6.25,6.25,,4
51005089,7510203,D01,9.0,,8.2,7.0,,,,,,,3
49003028,7380107,A00,,,,7.6,,,,7.0,7.0,,5
60002010,7480201,A01,,,8.4,7.4,,,,7.25,,,0
39007852,7340301,A01,,,7.4,7.5,,,,8.0,,,1
39000628,7540106,B00,,,,8.0,,,,,7.25,7.0,4
2026150,7510303,A00,,,,6.25,,,,7.5,7.4,,3
47007263,7480201,A00,,,,7.0,,,,7.25,7.4,,0
49015631,7540101,A00,,,,7.8,,,,8.25,8.75,,4
46007200,7510301,A00,,,,6.0,,,,6.0,6.8,,3
63003672,7380107,D01,7.2,,7.2,8.0,,,,,,,5
38010031,7220204,D01,7.4,,7.8,8.75,,,,,,,6
2034243,7340301,D01,7.4,,7.2,6.5,,,,,,,1
2022606,7520115,D07,,,5.0,7.4,,,,,7.0,,3
2011008,7340301,A00,,,,7.75,,,,8.5,8.2,,1
34015413,7340129,A00,,,,6.75,,,,8.0,8.0,,4
40003740,7340201,A00,,,,7.8,,,,7.5,6.75,,1
34012538,7480202,A00,,,,6.0,,,,8.25,7.4,,0
2008842,7420201,B00,,,,7.4,,,,,6.0,7.25,4
2011172,7520115,A00,,,,4.0,,,,7.5,6.0,,3
35010862,7340101,A00,,,,8.2,,,,8.75,7.0,,1
2039192,7340101,A00,,,,6.25,,,,7.75,7.8,,1
35009600,7340115,A01,,,8.2,8.25,,,,7.6,,,1
35006156,7540204,D01,6.25,,5.6,5.6,,,,,,,3
60004405,7340129,D01,6.2,,7.8,8.25,,,,,,,4
2083269,7510202,D01,5.4,,7.8,7.0,,,,,,,3
50007785,7510301,A00,,,,6.75,,,,7.5,7.4,,3
2040680,7510301,D01,6.5,,4.6,7.0,,,,,,,3
43000943,7540204,D01,5.2,,7.0,7.5,,,,,,,3
2041512,7480202,D01,7.6,,7.6,7.25,,,,,,,0
51006533,7480202,D01,7.8,,8.2,6.5,,,,,,,0
2047508,7480201,D07,,,9.0,7.8,,,,,7.25,,0
2045531,7480201,D01,8.0,,8.0,6.75,,,,,,,0
2042850,7480202,A00,,,,6.75,,,,6.75,7.0,,0
43001218,7480202,A00,,,,7.8,,,,7.25,7.0,,0
39007981,7540101,A00,,,,7.0,,,,7.5,6.8,,4
52003990,7340101,A01,,,9.0,8.0,,,,7.0,,,1
2007770,7340129,A01,,,7.6,7.8,,,,7.25,,,4
2006108,7520115,A00,,,,5.0,,,,6.5,7.4,,3
2050444,7540106,D07,,,7.6,7.8,,,,,7.25,,4
48001189,7819009,A00,,,,7.5,,,,7.5,7.6,,2
38012341,7380107,A00,,,,8.6,,,,6.5,8.25,,5
39002315,7510303,D01,4.4,,6.2,7.0,,,,,,,3
2009514,7340129,A01,,,7.8,7.25,,,,7.8,,,4
48008220,7540101,A00,,,,8.6,,,,7.5,8.5,,4
2022473,7510203,A00,,,,7.2,,,,5.75,6.5,,3
33011672,7480201,D07,,,7.2,7.5,,,,,6.2,,0
46005089,7540204,D01,8.25,,4.0,6.8,,,,,,,3
2065375,7480202,D01,7.75,,7.0,6.8,,,,,,,0
2049143,7520115,D01,6.75,,5.6,6.0,,,,,,,3
2056272,7510301,A01,,,7.0,7.0,,,,6.0,,,3
36000690,7810202,A00,,,,8.0,,,,6.75,7.6,,2
2079224,7510301,D01,6.0,,3.8,7.0,,,,,,,3
51015472,7510401,A00,,,,8.75,,,,7.75,7.0,,3
2062448,7510401,A00,,,,7.75,,,,8.25,7.4,,3
44011000,7340120,A00,,,,8.0,,,,8.25,8.25,,1
46002445,7340301,A00,,,,8.0,,,,7.25,7.25,,1
2087667,7340301,A00,,,,8.4,,,,7.25,7.25,,1
42012177,7810201,D01,6.75,,8.0,7.0,,,,,,,2
38002799,7480201,A00,,,,7.4,,,,7.5,8.0,,0
2062518,7510303,A00,,,,7.6,,,,7.5,6.5,,3
2071921,7340201,D01,7.75,,8.0,7.4,,,,,,,1
46003350,7340201,D01,7.25,,7.8,8.2,,,,,,,1
43009853,7340115,A00,,,,8.2,,,,8.0,8.25,,1
37003865,7340120,D01,7.5,,8.2,8.0,,,,,,,1
36003052,7510303,A00,,,,7.0,,,,7.75,8.2,,3
2038990,7810201,D01,7.8,,7.6,7.25,,,,,,,2
54012315,7220201,D01,6.8,,7.0,7.5,,,,,,,6
48011659,7480201,A00,,,,8.25,,,,7.5,7.4,,0
53008427,7480201,A00,,,,7.25,,,,8.0,8.2,,0
2070575,7510401,A00,,,,6.75,,,,7.0,7.6,,3
2046216,7340115,D01,7.8,,7.2,8.5,,,,,,,1
37016260,7510303,A00,,,,6.5,,,,7.75,6.4,,3
46000089,7340201,D01,6.0,,7.4,8.0,,,,,,,1
2023639,7340201,D01,6.5,,8.8,7.6,,,,,,,1
2051141,7460108,A00,,,,6.25,,,,6.5,6.8,,0
35007606,7340205,A00,,,,7.25,,,,5.75,6.6,,1
40017651,7480201,D07,,,8.8,7.5,,,,,8.0,,0
2022970,7540101,D07,,,8.0,9.0,,,,,9.0,,4
2025143,7510401,B00,,,,7.4,,,,,6.75,5.5,3
44002350,7540101,A01,,,8.6,7.6,,,,7.75,,,4
2065954,7540101,D07,,,7.8,8.5,,,,,9.2,,4
47008825,7480201,D07,,,8.2,7.75,,,,,7.6,,0
60002519,7810201,D01,7.2,,7.6,8.0,,,,,,,2
2063267,7540101,D07,,,7.2,8.8,,,,,8.0,,4
48004079,7340101,D01,8.8,,5.2,6.75,,,,,,,1
52011560,7340120,D01,8.6,,7.4,7.0,,,,,,,1
47002732,7540101,B00,,,,7.75,,,,,6.75,7.4,4
2062067,7510402,A00,,,,5.0,,,,6.5,7.0,,3
63005761,7340129,D01,5.2,,8.0,8.25,,,,,,,4
50000131,7480201,A00,,,,7.75,,,,8.0,7.8,,0
2039149,7480201,D01,8.8,,8.8,6.0,,,,,,,0
42014641,7380107,A01,,,6.6,7.25,,,,6.4,,,5
51009520,7510203,D01,6.25,,4.4,4.8,,,,,,,3
53012840,7220201,D01,9.0,,7.4,6.8,,,,,,,6
49004291,7480202,D01,6.25,,8.6,7.2,,,,,,,0
46001465,7540101,D07,,,6.8,7.75,,,,,6.4,,4
2017692,7340301,D01,5.8,,7.4,7.0,,,,,,,1
28033431,7340301,D01,4.4,,7.6,9.0,,,,,,,1
2065327,7540106,B00,,,,5.25,,,,,6.0,7.6,4
63003446,7340101,D01,7.6,,8.0,7.5,,,,,,,1
42005907,7340101,D01,8.0,,8.8,7.8,,,,,,,1
52006777,7340101,D01,6.2,,8.0,7.25,,,,,,,1
2074879,7510203,A00,,,,7.6,,,,7.0,6.25,,3
45003591,7340120,D01,7.4,,7.2,8.0,,,,,,,1
42000470,7340115,A00,,,,8.25,,,,8.0,8.0,,1
37008874,7340115,A00,,,,7.25,,,,8.5,6.8,,1
2054767,7819009,D07,,,7.4,6.5,,,,,6.8,,2
46001001,7510203,A00,,,,7.0,,,,7.5,7.6,,3
52010325,7340205,A01,,,7.2,5.25,,,,7.0,,,1
60002165,7540204,D01,6.0,,5.6,7.5,,,,,,,3
2035708,7480201,D07,,,7.0,7.5,,,,,6.6,,0
49007514,7480201,D01,7.75,,7.4,7.2,,,,,,,0
53004709,7380107,A00,,,,7.2,,,,6.25,8.25,,5
2030821,7480201,A00,,,,7.5,,,,7.75,8.4,,0
46008664,7340301,A00,,,,8.0,,,,7.75,7.75,,1
38009089,7510203,D01,6.4,,7.8,6.75,,,,,,,3
47000899,7340120,A01,,,7.6,8.25,,,,7.6,,,1
2018721,7510301,A00,,,,5.25,,,,6.0,6.6,,3
35004261,7340301,A00,,,,7.0,,,,7.25,7.8,,1
54008929,7510303,D01,6.25,,4.2,6.4,,,,,,,3
2063901,7540106,B00,,,,8.25,,,,,6.5,6.8,4
40018032,7340101,A00,,,,7.75,,,,7.25,8.0,,1
35008550,7480201,D01,7.2,,6.8,8.5,,,,,,,0
56005072,7810202,D01,3.4,,7.0,7.0,,,,,,,2
58006585,7510301,D01,6.0,,5.4,8.0,,,,,,,3
2034530,7380107,D01,6.6,,7.0,6.5,,,,,,,5
2054260,7220201,D09,,,6.8,7.0,,,7.6,,,,6
2075049,7819009,A00,,,,6.5,,,,5.75,6.8,,2
40014667,7340101,A01,,,9.4,8.0,,,,6.0,,,1
2015844,7220201,D01,8.4,,7.8,7.25,,,,,,,6
37010449,7540204,D01,6.75,,4.8,6.2,,,,,,,3
59007666,7340115,A01,,,8.0,8.0,,,,8.6,,,1
2003769,7810201,A00,,,,6.75,,,,7.25,8.0,,2
55008352,7480201,D01,7.0,,7.4,7.25,,,,,,,0
2036138,7340122,A00,,,,7.5,,,,7.75,7.8,,1
2051305,7480201,D01,8.6,,7.4,7.25,,,,,,,0
49004344,7480201,A00,,,,7.8,,,,7.5,7.5,,0
43002910,7380107,A00,,,,7.6,,,,6.25,7.25,,5
2073048,7510202,D01,6.0,,5.6,5.75,,,,,,,3
43006279,7480202,D01,6.0,,4.6,7.4,,,,,,,0
2081064,7540106,A00,,,,7.0,,,,6.0,7.25,,4
37008613,7340120,A00,,,,9.0,,,,7.25,8.0,,1
25005743,7480201,A00,,,,7.25,,,,7.5,7.6,,0
2078524,7340201,D01,8.0,,7.4,7.2,,,,,,,1
46006614,7340129,A00,,,,6.6,,,,6.25,6.5,,4
2083799,7510301,A01,,,8.6,7.0,,,,5.5,,,3
40012478,7480202,D01,5.0,,6.8,6.75,,,,,,,0
50009082,7540101,B00,,,,8.75,,,,,7.25,7.8,4
2043730,7540204,D01,5.4,,7.0,7.5,,,,,,,3
46000840,7510202,A00,,,,8.0,,,,6.75,7.25,,3
46000017,7380107,D01,7.75,,6.6,7.0,,,,,,,5
49009590,7510202,A00,,,,7.5,,,,6.5,7.0,,3
2080399,7510401,A00,,,,7.0,,,,6.5,7.8,,3
52005462,7340301,A00,,,,7.5,,,,8.25,8.0,,1
43002894,7480201,D07,,,7.4,8.0,,,,,8.0,,0
53014452,7480202,D01,7.2,,8.2,8.5,,,,,,,0
40013155,7510203,D01,4.2,,6.0,7.75,,,,,,,3
2081184,7850101,A00,,,,6.25,,,,7.75,7.6,,4
43010223,7480201,A00,,,,7.0,,,,7.75,8.4,,0
35003759,7340120,D01,7.8,,7.4,8.25,,,,,,,1
37015397,7340129,A00,,,,7.5,,,,6.25,8.0,,4
46005235,7540106,B00,,,,5.75,,,,,6.25,8.0,4
56003915,7480201,D07,,,7.4,6.75,,,,,6.8,,0
2023104,7340120,A01,,,8.0,6.25,,,,7.6,,,1
51019695,7460108,D01,4.8,,7.2,8.0,,,,,,,0
53011328,7810202,D01,8.0,,8.4,7.2,,,,,,,2
2043431,7340101,A00,,,,8.0,,,,7.5,7.4,,1
53002127,7340101,A00,,,,8.0,,,,8.0,7.2,,1
2063399,7540101,B00,,,,7.5,,,,,8.25,7.4,4
46000949,7540106,A01,,,7.2,7.0,,,,6.8,,,4
2043785,7340123,A01,,,7.8,7.25,,,,6.8,,,1
35000892,7340120,A00,,,,8.5,,,,7.75,7.6,,1
40005176,7380107,A00,,,,7.75,,,,6.75,8.0,,5
2067896,7510303,D01,7.25,,6.4,7.6,,,,,,,3
56013088,7510303,D01,6.5,,4.4,6.0,,,,,,,3
40013748,7480201,A01,,,7.8,7.0,,,,7.8,,,0
2022302,7480201,A00,,,,7.75,,,,7.0,7.4,,0
47011928,7340301,D01,6.4,,7.4,8.0,,,,,,,1
50000154,7220201,D01,8.2,,6.6,8.0,,,,,,,6
48029714,7810201,A00,,,,8.4,,,,8.0,6.25,,2
60006070,7480201,A00,,,,7.8,,,,7.75,7.25,,0
2045861,7420201,A00,,,,8.0,,,,5.75,7.25,,4
2018489,7510202,D01,7.0,,4.8,6.5,,,,,,,3
2085820,7510401,A00,,,,7.8,,,,7.0,6.25,,3
48006392,7220201,A01,,,9.6,7.2,,,,7.5,,,6
44009168,7510301,D01,6.8,,7.0,8.0,,,,,,,3
48003125,7540101,B00,,,,6.25,,,,,9.25,7.8,4
2034616,7220201,D01,8.6,,6.8,8.5,,,,,,,6
49012585,7340201,A01,,,8.6,8.0,,,,6.4,,,1
2080527,7480202,D01,5.6,,5.8,6.5,,,,,,,0
30002556,7510202,D01,2.8,,6.6,7.25,,,,,,,3
48007776,7510203,A00,,,,7.8,,,,6.25,6.25,,3
2060694,7380107,A00,,,,6.0,,,,6.5,6.8,,5
2061281,7810202,D01,7.2,,7.2,7.0,,,,,,,2
47003823,7510303,D01,6.8,,6.2,7.25,,,,,,,3
38011643,7510303,A00,,,,5.75,,,,4.75,7.4,,3
2037124,7480201,D01,9.0,,7.8,7.5,,,,,,,0
38008136,7510202,A00,,,,7.6,,,,5.75,6.25,,3
2007245,7510303,D01,6.75,,7.6,8.0,,,,,,,3
39009251,7510303,D01,5.5,,6.4,8.0,,,,,,,3
2049544,7810201,A00,,,,7.25,,,,6.0,7.6,,2
41011940,7540101,A00,,,,7.5,,,,6.5,7.6,,4
37002943,7340301,D01,6.8,,7.0,7.5,,,,,,,1
44009726,7340101,D01,7.0,,7.0,7.75,,,,,,,1
49005036,7340129,A00,,,,6.5,,,,7.25,7.8,,4
2062909,7810201,A00,,,,7.75,,,,6.75,8.0,,2
43006836,7340201,A00,,,,7.5,,,,6.75,7.8,,1
2007553,7340201,D01,7.5,,8.8,8.2,,,,,,,1
39007686,7480201,A00,,,,7.5,,,,8.25,7.6,,0
40006485,7340115,D01,7.4,,8.0,8.0,,,,,,,1
56012946,7510301,D01,7.75,,6.4,7.6,,,,,,,3
44009551,7220201,D01,7.5,,8.0,7.8,,,,,,,6
47009163,7340101,A00,,,,8.0,,,,7.75,8.25,,1
45003026,7340120,A00,,,,6.5,,,,8.0,8.8,,1
42005822,7480201,D01,6.5,,8.8,7.6,,,,,,,0
52010919,7480202,D01,7.25,,5.6,5.2,,,,,,,0
35003051,7340120,A00,,,,8.25,,,,8.0,7.8,,1
2036210,7340120,A00,,,,7.25,,,,8.25,7.6,,1
2030919,7480201,D07,,,8.0,8.0,,,,,8.25,,0
48014062,7810103,D01,5.0,,6.2,8.0,,,,,,,2
35010093,7340122,D01,7.0,,7.2,8.25,,,,,,,1
2035093,7810202,D15,8.25,7.0,7.25,,,,,,,,2
37015765,7220201,D01,7.2,,6.2,7.5,,,,,,,6
2035747,7850101,A00,,,,5.0,,,,6.75,6.8,,4
42012443,7340115,A00,,,,7.0,,,,8.25,8.4,,1
51006978,7480201,D07,,,7.4,9.0,,,,,6.2,,0
35002952,7510301,A00,,,,6.4,,,,6.5,4.25,,3
48030285,7340301,A00,,,,7.75,,,,7.5,7.8,,1
26003573,7510303,A00,,,,8.0,,,,7.5,7.8,,3
40011340,7480201,A00,,,,7.8,,,,8.0,7.25,,0
2043185,7510303,D01,6.8,,7.2,7.0,,,,,,,3
48010664,7340115,A00,,,,8.25,,,,7.5,7.8,,1
49010423,7510202,A00,,,,7.6,,,,5.75,7.75,,3
53000406,7380107,D15,7.75,6.0,7.5,,,,,,,,5
53013158,7420201,A00,,,,8.4,,,,6.0,8.25,,4
2014824,7460108,D01,5.2,,7.4,7.0,,,,,,,0
53003692,7540101,B00,,,,6.5,,,,,7.75,7.0,4
53014176,7540204,D01,7.0,,5.0,6.6,,,,,,,3
2047596,7220201,D01,7.0,,9.6,7.4,,,,,,,6
37004870,7340120,D01,7.5,,8.4,7.4,,,,,,,1
2016990,7520115,A00,,,,6.5,,,,7.0,7.0,,3
45003160,7520115,A00,,,,7.0,,,,4.0,5.25,,3
2064601,7480201,D01,7.6,,7.0,7.25,,,,,,,0
49010222,7480202,D01,7.6,,8.4,8.0,,,,,,,0
2053332,7850101,B00,,,,6.75,,,,,6.5,6.0,4
2007933,7810103,A01,,,9.0,8.2,,,,6.0,,,2
35010198,7340101,A00,,,,7.0,,,,7.0,8.8,,1
2022585,7340205,D01,8.2,,6.4,6.25,,,,,,,1
46001688,7540204,D01,7.5,,4.4,6.2,,,,,,,3
49010184,7510401,D07,,,8.8,8.0,,,,,6.5,,3
2065651,7480202,A00,,,,7.0,,,,7.25,7.0,,0
53004814,7340101,D01,5.2,,7.6,8.25,,,,,,,1
46004639,7510203,D01,7.2,,6.6,6.5,,,,,,,3
49015991,7540204,A00,,,,7.2,,,,7.5,7.5,,3
2024070,7510202,D01,5.2,,6.8,6.5,,,,,,,3
2042111,7340201,A00,,,,7.75,,,,5.75,8.4,,1
63003427,7510301,A00,,,,7.2,,,,4.75,5.5,,3
2040548,7340115,A01,,,8.0,7.0,,,,8.0,,,1
49014029,7220204,D01,9.25,,6.8,7.4,,,,,,,6
36003207,7810103,A00,,,,7.5,,,,7.5,7.8,,2
43003094,7480201,A00,,,,9.0,,,,6.5,8.2,,0
46000266,7810103,D01,5.6,,7.0,7.5,,,,,,,2
2081030,7510301,A00,,,,6.75,,,,7.5,7.6,,3
49010821,7480201,D01,8.4,,9.0,7.25,,,,,,,0
2072085,7340101,D01,6.6,,7.0,7.75,,,,,,,1
2006718,7480201,A01,,,7.8,8.4,,,,7.25,,,0
2015217,7510303,A01,,,6.8,7.5,,,,7.0,,,3
47006308,7510303,A01,,,7.0,7.25,,,,6.8,,,3
53004045,7340115,D01,7.8,,7.6,7.25,,,,,,,1
50010646,7480201,A00,,,,8.4,,,,7.75,8.0,,0
2064180,7819009,A00,,,,5.75,,,,7.5,6.4,,2
51007244,7510203,A00,,,,8.25,,,,7.5,7.2,,3
56004155,7340201,D01,6.6,,6.8,8.5,,,,,,,1
42010502,7340101,A00,,,,6.0,,,,7.25,7.6,,1
44007012,7480201,A00,,,,6.25,,,,7.75,7.4,,0
28021032,7540101,B00,,,,8.2,,,,,7.75,8.25,4
54005137,7340201,D01,7.4,,7.0,8.25,,,,,,,1
60005162,7510401,A00,,,,7.25,,,,7.5,8.0,,3
2061801,7340301,D01,8.0,,5.6,6.5,,,,,,,1
38006789,7340201,A00,,,,6.5,,,,7.75,7.0,,1
2072196,7819010,A00,,,,6.0,,,,6.25,6.6,,2
2042163,7220201,A01,,,8.6,7.6,,,,7.75,,,6
38002376,7220201,D09,,,7.4,9.0,,,8.2,,,,6
43000477,7380107,D01,7.25,,8.4,7.2,,,,,,,5
41014043,7810201,A00,,,,7.25,,,,7.5,7.4,,2
40016577,7340120,A01,,,7.2,7.0,,,,7.8,,,1
43002724,7380107,D01,6.6,,5.0,8.0,,,,,,,5
2060645,7510202,D01,8.0,,7.6,6.8,,,,,,,3
52008902,7810201,A01,,,8.2,8.2,,,,7.25,,,2
49009964,7480202,A00,,,,6.0,,,,8.25,8.0,,0
2075920,7810103,D15,6.75,5.4,6.75,,,,,,,,2
54012692,7340115,D01,7.6,,7.6,8.25,,,,,,,1
49010917,7540106,B00,,,,6.5,,,,,7.0,7.4,4
2042955,7340201,D01,7.0,,9.2,7.0,,,,,,,1
52005474,7520115,D01,6.2,,6.0,6.75,,,,,,,3
54011802,7480202,A01,,,8.2,7.25,,,,7.0,,,0
39006447,7340201,A01,,,8.6,8.0,,,,8.0,,,1
2025180,7340201,D01,7.2,,7.0,7.25,,,,,,,1
36004551,7540101,A00,,,,7.0,,,,8.25,7.6,,4
52003125,7540101,A00,,,,8.0,,,,8.5,8.0,,4
41008181,7510401,A00,,,,7.0,,,,8.0,7.0,,3
2079906,7540101,B00,,,,6.5,,,,,7.25,7.6,4
50011038,7340129,D01,7.5,,6.2,7.6,,,,,,,4
37011234,7810202,D01,5.2,,6.6,7.75,,,,,,,2
2034121,7220201,D01,7.6,,7.0,7.25,,,,,,,6
2002930,7340201,A00,,,,7.75,,,,7.0,7.0,,1
45000469,7340115,D01,6.8,,7.2,8.0,,,,,,,1
35011538,7340101,D01,5.2,,8.2,7.25,,,,,,,1
2069616,7340115,D01,7.5,,9.2,7.4,,,,,,,1
2036510,7340129,A00,,,,7.0,,,,7.25,7.8,,4
2039046,7340120,A00,,,,8.0,,,,7.25,8.6,,1
44009405,7540101,B00,,,,8.5,,,,,8.5,8.4,4
46006493,7810201,A00,,,,7.0,,,,8.0,7.25,,2
52001571,7340201,D01,7.25,,8.0,8.0,,,,,,,1
48009108,7480201,D07,,,8.6,7.6,,,,,7.75,,0
2020644,7340301,D01,7.25,,8.4,8.0,,,,,,,1
48024864,7510301,A00,,,,5.75,,,,7.75,8.6,,3
41005915,7850101,A00,,,,6.0,,,,6.75,6.75,,4
2084129,7810201,A00,,,,6.5,,,,8.0,8.4,,2
2080820,7810202,A00,,,,7.75,,,,8.0,7.4,,2
39007021,7510303,A00,,,,6.25,,,,7.0,8.8,,3
48021125,7480201,A00,,,,7.6,,,,7.25,8.5,,0
48017590,7480201,A00,,,,8.0,,,,8.0,8.2,,0
43004316,7340101,A00,,,,6.5,,,,6.75,7.8,,1
51013440,7420201,B00,,,,8.25,,,,,7.75,8.0,4
47000974,7340101,A00,,,,7.5,,,,7.75,7.8,,1
56001778,7510202,D01,6.0,,7.2,7.0,,,,,,,3
43001796,7220201,A01,,,7.4,8.0,,,,7.6,,,6
2034350,7510401,B00,,,,8.0,,,,,7.25,8.4,3
2060763,7510202,D01,5.8,,7.0,6.5,,,,,,,3
63001253,7340301,A00,,,,7.75,,,,8.25,8.0,,1
52006250,7510301,A00,,,,8.2,,,,5.75,8.25,,3
56001717,7340129,D01,5.0,,7.4,7.0,,,,,,,4
53013920,7460108,A00,,,,6.75,,,,6.5,6.6,,0
50009179,7340201,D01,8.0,,7.6,7.75,,,,,,,1
48014692,7340120,D01,7.2,,8.0,8.0,,,,,,,1
46003510,7510203,A01,,,6.6,7.5,,,,5.8,,,3
38009351,7480202,D01,6.5,,5.4,6.8,,,,,,,0
2007423,7480202,D01,6.8,,7.2,7.0,,,,,,,0
42005885,7480202,A00,,,,6.75,,,,5.25,8.0,,0
2044889,7340101,A00,,,,8.0,,,,6.5,8.0,,1
37006480,7340115,D01,6.6,,8.0,8.25,,,,,,,1
43008098,7420201,B00,,,,7.0,,,,,8.0,7.2,4
2082973,7540106,A00,,,,7.25,,,,6.25,8.2,,4
2078772,7540101,B00,,,,8.0,,,,,8.5,7.8,4
2067392,7340101,A00,,,,8.6,,,,8.5,7.75,,1
52000678,7510202,D01,5.2,,6.6,7.0,,,,,,,3
2026975,7340129,A01,,,6.8,7.4,,,,6.0,,,4
2075337,7480202,D07,,,6.2,7.0,,,,,4.8,,0
46006551,7480201,A00,,,,8.6,,,,7.25,7.25,,0
52001891,7480201,A01,,,8.6,7.4,,,,6.75,,,0
2041902,7540101,A01,,,7.6,7.75,,,,6.8,,,4
30002524,7510301,D01,7.0,,4.6,8.0,,,,,,,3
53011123,7340201,D01,8.75,,6.2,9.0,,,,,,,1
37014283,7480202,A01,,,8.8,7.0,,,,7.0,,,0
56005547,7510202,D01,6.25,,3.8,6.4,,,,,,,3
44007027,7510203,A01,,,7.8,6.75,,,,6.6,,,3
50007174,7480202,A00,,,,5.75,,,,6.0,6.8,,0
2079564,7420201,D07,,,7.2,7.25,,,,,6.8,,4
37018209,7540101,A00,,,,7.5,,,,8.0,7.6,,4
38008623,7340101,A00,,,,7.25,,,,7.25,8.0,,1
2079437,7480201,A00,,,,7.4,,,,7.0,8.25,,0
53006512,7510203,A00,,,,6.4,,,,4.5,5.0,,3
2064819,7480201,D01,8.2,,8.0,6.0,,,,,,,0
48004338,7810201,D01,7.5,,8.0,7.2,,,,,,,2
25018747,7540101,A00,,,,8.0,,,,7.5,8.25,,4
42006638,7340115,D01,7.4,,7.4,8.0,,,,,,,1
47008863,7480201,D01,7.0,,7.8,8.0,,,,,,,0
49012577,7510203,D01,4.6,,6.6,6.75,,,,,,,3
53005729,7480201,A00,,,,8.0,,,,7.0,7.0,,0
2026134,7810201,D15,6.25,6.2,7.75,,,,,,,,2
2043334,7510401,D07,,,8.4,7.5,,,,,7.8,,3
61002515,7420201,B00,,,,8.0,,,,,6.75,6.4,4
43006530,7340129,A00,,,,7.8,,,,6.25,7.75,,4
43006599,7480201,D07,,,6.8,6.5,,,,,8.0,,0
2040955,7340201,D01,7.0,,6.8,7.25,,,,,,,1
47004223,7510303,A00,,,,7.6,,,,7.5,6.75,,3
2069441,7510301,D01,7.4,,7.4,6.5,,,,,,,3
2016585,7340120,D01,6.0,,7.6,8.0,,,,,,,1
49008001,7540101,B00,,,,7.5,,,,,7.75,7.0,4
2013088,7510303,A00,,,,7.4,,,,6.5,6.75,,3
34013854,7340301,A01,,,8.2,6.75,,,,6.6,,,1
44001541,7340201,A00,,,,7.4,,,,8.25,8.75,,1
36000609,7540101,B00,,,,8.5,,,,,6.0,7.6,4
43002402,7510303,A00,,,,6.0,,,,6.75,6.4,,3
2007966,7220204,D09,,,7.0,8.5,,,8.6,,,,6
28037295,7380107,D01,7.5,,5.4,8.2,,,,,,,5
44008762,7510301,A00,,,,5.5,,,,6.25,6.0,,3
53003183,7480201,D01,7.2,,6.8,8.0,,,,,,,0
53003400,7220201,D01,8.25,,8.6,8.2,,,,,,,6
2076415,7340201,D01,7.0,,8.2,7.6,,,,,,,1
2061262,7510303,D01,6.75,,6.6,7.8,,,,,,,3
2067137,7510202,D01,6.4,,8.0,6.5,,,,,,,3
35012652,7220204,D01,7.25,,8.2,8.4,,,,,,,6
37008942,7380107,D01,5.0,,6.8,8.0,,,,,,,5
2069671,7510203,D01,6.0,,7.2,5.25,,,,,,,3
2045762,7340101,D01,7.6,,7.2,8.0,,,,,,,1
49003761,7540101,D07,,,8.4,7.2,,,,,8.25,,4
53015413,7340101,D01,8.5,,8.0,6.8,,,,,,,1
53006531,7340301,A00,,,,6.0,,,,7.25,6.6,,1
53004997,7220201,D01,6.4,,7.8,8.75,,,,,,,6
48023541,7340122,A00,,,,7.25,,,,8.0,7.6,,1
50008418,7510401,B00,,,,8.2,,,,,8.5,7.25,3
53001534,7480201,A01,,,8.6,8.6,,,,7.0,,,0
50008400,7540101,A00,,,,7.25,,,,8.0,7.2,,4
42008206,7510401,A00,,,,6.25,,,,6.25,6.6,,3
2016872,7810202,D01,5.6,,6.8,8.25,,,,,,,2
44002315,7510401,D07,,,8.0,7.4,,,,,6.25,,3
52000430,7480202,A00,,,,6.25,,,,6.75,7.2,,0
35010757,7340201,D01,6.4,,7.8,8.0,,,,,,,1
2023243,7510303,D01,6.6,,7.8,6.75,,,,,,,3
40018558,7380107,A00,,,,7.75,,,,6.75,6.6,,5
39010080,7480202,D01,7.6,,6.8,5.5,,,,,,,0
37005988,7810202,D01,4.6,,7.4,6.5,,,,,,,2
39003287,7340115,A00,,,,6.5,,,,8.25,7.4,,1
42000400,7510401,A00,,,,6.5,,,,7.25,7.2,,3
47008588,7480202,D01,4.0,,7.0,7.0,,,,,,,0
47009625,7340120,A00,,,,6.75,,,,7.75,7.8,,1
35008355,7510203,A00,,,,6.75,,,,7.75,7.6,,3
49016126,7540101,A00,,,,8.4,,,,7.5,7.75,,4
2050328,7510202,A00,,,,7.4,,,,6.75,7.5,,3
53015406,7340201,A00,,,,9.2,,,,7.0,8.25,,1
39005542,7340301,A01,,,8.2,7.5,,,,8.0,,,1
61001706,7340115,D01,8.25,,8.6,7.2,,,,,,,1
55004423,7340120,A00,,,,7.0,,,,6.25,8.0,,1
2034701,7220201,A01,,,7.2,7.25,,,,7.8,,,6
43004425,7340201,A00,,,,8.6,,,,7.25,7.25,,1
48028226,7380107,D01,6.6,,7.4,7.75,,,,,,,5
44006589,7340120,D01,7.4,,6.0,8.5,,,,,,,1
31002422,7220204,A01,,,8.6,7.2,,,,8.0,,,6
37004894,7510303,A00,,,,7.25,,,,7.0,8.0,,3
53002229,7340115,A01,,,9.2,8.0,,,,8.5,,,1
2008559,7340101,A00,,,,6.75,,,,8.0,7.0,,1
44002759,7480201,A00,,,,8.25,,,,7.25,8.0,,0
35008427,7540101,A00,,,,8.6,,,,7.75,7.75,,4
37013653,7220204,D09,,,8.0,9.25,,,8.4,,,,6
42013163,7819009,A00,,,,5.75,,,,5.5,6.0,,2
2080387,7510401,A00,,,,7.0,,,,6.25,7.25,,3
46001927,7340101,A00,,,,8.6,,,,7.5,7.75,,1
2013035,7810201,D01,5.2,,7.6,7.0,,,,,,,2
46003911,7510402,A00,,,,7.2,,,,6.75,4.25,,3
37015722,7510202,D01,7.25,,6.0,4.6,,,,,,,3
43002691,7340201,D01,6.0,,7.0,8.5,,,,,,,1
2034954,7340101,A01,,,7.8,7.5,,,,7.6,,,1
2021943,7480201,D07,,,6.6,7.5,,,,,8.6,,0
41003715,7340120,A00,,,,5.0,,,,8.25,8.2,,1
2030496,7340120,D01,7.0,,8.0,7.75,,,,,,,1
2071556,7510202,A00,,,,4.75,,,,6.25,6.8,,3
2016395,7480201,D01,8.4,,6.4,6.75,,,,,,,0
2046526,7340101,D01,7.2,,7.4,6.5,,,,,,,1
44005165,7510401,A00,,,,7.5,,,,7.5,9.0,,3
2086865,7340123,D01,6.5,,7.4,7.6,,,,,,,1
53006180,7220201,D01,8.75,,7.8,6.8,,,,,,,6
60001878,7540101,A01,,,7.4,7.5,,,,6.4,,,4
1073139,7340101,D01,5.6,,7.4,8.25,,,,,,,1
2020741,7520115,D01,5.6,,6.8,6.0,,,,,,,3
2040060,7340122,D01,7.2,,8.0,7.25,,,,,,,1
50008006,7510303,D01,7.2,,6.8,7.0,,,,,,,3
46009248,7340101,A01,,,8.4,7.4,,,,8.0,,,1
47000651,7340201,D01,7.5,,7.8,7.6,,,,,,,1
2035046,7340123,A01,,,7.2,7.0,,,,7.4,,,1
49013165,7340201,A00,,,,7.0,,,,7.5,7.75,,1
2018322,7340301,A01,,,8.8,8.6,,,,7.0,,,1
2061572,7540101,D07,,,8.2,8.6,,,,,8.0,,4
2060162,7510303,D01,6.75,,5.6,7.4,,,,,,,3
50000615,7480201,D01,5.4,,7.8,7.5,,,,,,,0
49005803,7540101,A00,,,,7.5,,,,8.0,7.2,,4
53002139,7480202,A00,,,,7.4,,,,5.75,6.25,,0
2065933,7340122,D01,7.2,,7.6,7.5,,,,,,,1
45002832,7340201,D01,8.5,,8.4,7.6,,,,,,,1
45000984,7510202,A01,,,6.2,7.0,,,,6.2,,,3
2039666,7540101,A00,,,,7.75,,,,7.25,7.6,,4
38009169,7480201,A00,,,,8.0,,,,8.5,7.8,,0
43009013,7340115,A00,,,,8.0,,,,7.25,8.2,,1
28021285,7510303,D01,6.4,,8.0,7.5,,,,,,,3
42012283,7510203,D01,5.0,,6.2,7.5,,,,,,,3
2022407,7480201,D01,7.75,,9.2,7.2,,,,,,,0
40016380,7340201,D01,8.4,,6.6,7.75,,,,,,,1
42000720,7340115,A00,,,,8.6,,,,7.25,8.25,,1
46000464,7340301,A00,,,,8.0,,,,7.0,8.5,,1
29008481,7220204,D01,7.2,,8.4,8.75,,,,,,,6
2067298,7819010,A00,,,,6.0,,,,6.0,7.0,,2
35004291,7340120,D01,7.2,,7.6,8.0,,,,,,,1
2083876,7340201,D01,7.25,,8.4,7.4,,,,,,,1
40001195,7340120,A00,,,,7.0,,,,8.25,7.8,,1
2066528,7510202,D01,6.5,,4.0,7.2,,,,,,,3
40018155,7480201,A00,,,,6.75,,,,7.75,7.2,,0
2072609,7810202,A00,,,,6.25,,,,6.25,6.8,,2
30012222,7340201,A00,,,,7.75,,,,8.0,7.8,,1
35008234,7340120,D01,8.8,,7.4,7.5,,,,,,,1
39006881,7220201,D01,7.75,,8.6,7.2,,,,,,,6
41000105,7340201,A01,,,7.2,8.25,,,,7.0,,,1
51015054,7540101,D07,,,9.2,7.4,,,,,8.25,,4
18004036,7340123,D01,6.0,,7.0,6.25,,,,,,,1
38006289,7340301,D01,6.8,,7.6,8.5,,,,,,,1
2025034,7340301,A01,,,9.2,7.2,,,,7.25,,,1
49016205,7340301,A00,,,,8.4,,,,6.75,7.75,,1
60000186,7340301,D01,7.6,,7.4,7.75,,,,,,,1
53013388,7810201,A00,,,,7.25,,,,7.5,7.2,,2
60001235,7480201,A00,,,,8.2,,,,6.5,8.0,,0
2035319,7340122,A01,,,7.8,7.25,,,,7.4,,,1
2040785,7480201,D01,8.0,,6.0,7.5,,,,,,,0
2044591,7340301,A00,,,,6.5,,,,7.5,7.8,,1
35004813,7340120,D01,7.4,,8.0,9.0,,,,,,,1
49002854,7540101,D07,,,7.6,7.75,,,,,7.2,,4
2083725,7340101,D01,7.0,,8.8,8.4,,,,,,,1
2057500,7380107,A00,,,,6.25,,,,6.0,7.2,,5
49013158,7340123,A00,,,,6.75,,,,6.25,7.2,,1
41002530,7510401,A01,,,6.8,5.75,,,,6.6,,,3
48019822,7480201,A01,,,8.2,7.0,,,,7.0,,,0
59005535,7510203,D01,6.75,,3.4,7.8,,,,,,,3
2061818,7340129,D01,4.0,,6.8,7.25,,,,,,,4
40011871,7340101,A01,,,5.8,6.75,,,,7.8,,,1
2017026,7540101,B00,,,,7.75,,,,,7.25,7.8,4
36001262,7340201,A00,,,,6.5,,,,6.75,7.8,,1
40008713,7340120,D01,6.8,,7.8,8.25,,,,,,,1
53014444,7510202,D01,4.0,,6.6,6.0,,,,,,,3
34012852,7540101,B00,,,,8.6,,,,,8.25,7.25,4
63006304,7480201,A01,,,7.6,7.6,,,,8.0,,,0
49011895,7510303,A00,,,,6.75,,,,8.25,8.0,,3
53013587,7220204,D01,8.0,,7.6,8.5,,,,,,,6
43004472,7340101,D01,6.8,,7.8,6.75,,,,,,,1
53014010,7540204,D01,7.75,,5.2,6.4,,,,,,,3
38010825,7480201,D07,,,8.4,8.0,,,,,7.0,,0
40013675,7340115,D01,7.0,,6.8,8.0,,,,,,,1
2073993,7340101,A01,,,8.0,8.4,,,,8.25,,,1
2066961,7340201,A01,,,8.2,7.8,,,,7.25,,,1
39003158,7510203,A00,,,,6.75,,,,7.0,7.8,,3
43003939,7380107,D01,7.4,,7.6,7.0,,,,,,,5
35012614,7510202,A00,,,,7.8,,,,4.75,4.0,,3
37013151,7340120,D01,7.8,,7.0,7.5,,,,,,,1
2070355,7340115,A00,,,,8.25,,,,7.75,8.2,,1
51015209,7810201,D01,5.8,,6.8,7.5,,,,,,,2
2039488,7380107,D01,7.2,,7.6,8.5,,,,,,,5
48026648,7220201,D01,7.6,,8.0,8.25,,,,,,,6
42012768,7460108,D01,6.4,,8.0,6.5,,,,,,,0
2011456,7810201,D01,6.2,,6.2,6.5,,,,,,,2
2044926,7340301,A01,,,7.2,6.0,,,,7.2,,,1
43006514,7510301,D01,6.25,,6.8,7.2,,,,,,,3
60000053,7540101,B00,,,,7.0,,,,,7.75,7.8,4
57008566,7340120,A00,,,,8.8,,,,6.75,7.75,,1
2071494,7340201,D01,7.5,,8.6,8.2,,,,,,,1
43009705,7220204,D01,7.0,,7.8,7.5,,,,,,,6
48007324,7340101,A00,,,,7.5,,,,8.0,8.0,,1
48002945,7819009,B00,,,,7.0,,,,,5.75,7.0,2
50002972,7510202,A00,,,,5.8,,,,5.75,5.25,,3
56007804,7480201,A00,,,,8.2,,,,7.25,6.75,,0
47012819,7340122,D01,7.6,,6.4,7.25,,,,,,,1
35006701,7340129,D01,6.2,,7.2,8.75,,,,,,,4
29024476,7340301,A00,,,,6.75,,,,6.75,7.0,,1
35007513,7510202,D01,4.5,,4.0,7.4,,,,,,,3
40011079,7340115,D01,6.6,,7.6,8.25,,,,,,,1
2020127,7380107,D01,7.2,,7.2,7.75,,,,,,,5
41000945,7340101,A00,,,,8.8,,,,7.5,8.5,,1
63000690,7540101,B00,,,,8.5,,,,,8.25,9.0,4
44010413,7540101,A00,,,,9.2,,,,8.25,8.25,,4
31002202,7340201,D01,7.0,,9.0,7.2,,,,,,,1
2064294,7510301,D01,5.5,,7.4,6.6,,,,,,,3
49009579,7340301,A00,,,,5.75,,,,8.25,7.4,,1
54009932,7480201,D01,6.0,,8.0,6.75,,,,,,,0
2035362,7340201,A00,,,,6.5,,,,7.5,7.0,,1
35009762,7540101,D07,,,8.2,8.2,,,,,8.0,,4
52010713,7340120,A00,,,,8.5,,,,8.0,8.2,,1
46009589,7340201,A00,,,,8.6,,,,7.5,7.5,,1
2080524,7420201,D07,,,7.2,6.75,,,,,6.8,,4
52009718,7480202,D01,7.4,,8.0,7.5,,,,,,,0
40014686,7540101,B00,,,,8.8,,,,,8.5,7.75,4
37008537,7340115,A00,,,,8.0,,,,7.25,7.6,,1
2067022,7810103,D15,7.25,6.0,7.75,,,,,,,,2
53010187,7340201,A00,,,,7.6,,,,7.25,7.75,,1
2015931,7810201,D01,7.4,,7.8,6.75,,,,,,,2
2039338,7810201,A01,,,7.6,8.2,,,,7.75,,,2
2063086,7540101,A00,,,,7.0,,,,8.25,7.2,,4
2014835,7810202,A00,,,,7.0,,,,6.5,7.8,,2
2015750,7480201,D01,7.8,,8.0,7.75,,,,,,,0
48008836,7510202,D07,,,7.6,6.75,,,,,7.6,,3
2075353,7480202,A00,,,,7.4,,,,6.75,6.25,,0
2071569,7480202,D01,7.0,,8.8,6.0,,,,,,,0
2076207,7480201,A01,,,8.4,7.6,,,,7.75,,,0
2025369,7510401,D07,,,6.6,7.0,,,,,6.8,,3
2066570,7340120,D01,7.75,,8.6,7.8,,,,,,,1
53015740,7540105,A00,,,,7.4,,,,7.25,8.0,,4
2021927,7340301,A00,,,,8.6,,,,6.75,7.5,,1
46006979,7340205,A00,,,,7.0,,,,5.75,8.2,,1
48019969,7480201,A01,,,8.2,8.0,,,,6.8,,,0
38000860,7540101,A00,,,,6.75,,,,8.25,7.6,,4
44009384,7420201,B00,,,,6.25,,,,,6.5,5.0,4
43008328,7510303,A00,,,,6.8,,,,5.25,6.25,,3
40003526,7340120,A00,,,,7.5,,,,8.0,8.0,,1
52009418,7340101,A01,,,8.8,8.4,,,,7.5,,,1
35010440,7340201,A00,,,,7.8,,,,6.75,8.0,,1
63000115,7340201,A00,,,,7.75,,,,7.75,8.0,,1
46002625,7380107,A01,,,7.2,6.5,,,,5.0,,,5
30007987,7480201,A00,,,,7.25,,,,8.5,8.0,,0
37012480,7510301,D01,6.6,,8.0,7.0,,,,,,,3
52005029,7340115,D01,7.75,,8.8,7.6,,,,,,,1
52000513,7540106,D07,,,7.2,6.0,,,,,6.0,,4
53001540,7340201,A00,,,,7.8,,,,6.75,8.25,,1
51014913,7480202,A00,,,,5.75,,,,7.75,7.6,,0
2007972,7480202,D07,,,6.4,6.5,,,,,7.0,,0
46001780,7220201,D01,7.4,,7.2,7.25,,,,,,,6
52004893,7819010,A00,,,,6.0,,,,6.75,7.2,,2
2080604,7340301,A00,,,,7.25,,,,5.5,7.6,,1
2078055,7340201,D01,7.4,,7.2,7.25,,,,,,,1
2013605,7510303,D01,6.8,,7.4,7.0,,,,,,,3
43000695,7340123,D01,7.0,,3.4,6.6,,,,,,,1
2013520,7540106,A00,,,,8.0,,,,5.5,7.25,,4
2040959,7540101,B00,,,,7.75,,,,,7.5,7.4,4
2019444,7810202,D01,7.0,,8.6,7.0,,,,,,,2
45004158,7340120,D01,8.0,,8.2,7.8,,,,,,,1
2075001,7510303,D01,7.8,,6.6,6.25,,,,,,,3
46009202,7380107,A00,,,,8.0,,,,6.25,7.25,,5
37003878,7480201,A01,,,7.6,7.8,,,,7.0,,,0
35010652,7480201,A00,,,,7.75,,,,7.5,8.2,,0
35006879,7220204,D01,7.6,,7.0,9.0,,,,,,,6
56004337,7380107,D01,7.75,,7.2,6.2,,,,,,,5
2037281,7510203,D01,7.0,,3.4,6.0,,,,,,,3
35002363,7340120,A00,,,,8.25,,,,7.75,8.4,,1
48012920,7340115,A00,,,,6.75,,,,8.5,8.0,,1
2070841,7480201,A00,,,,7.25,,,,7.25,7.2,,0
43002829,7340115,A00,,,,8.0,,,,8.0,7.0,,1
47000643,7220204,D01,8.25,,8.8,8.2,,,,,,,6
49012893,7510301,D01,5.0,,5.6,6.4,,,,,,,3
46000499,7850101,A00,,,,6.5,,,,6.75,7.0,,4
48027770,7340123,D01,7.75,,5.8,5.4,,,,,,,1
35010701,7380107,A00,,,,7.25,,,,7.25,7.6,,5
2023156,7510303,A00,,,,7.0,,,,7.0,6.25,,3
2025365,7380107,D01,7.0,,7.2,6.75,,,,,,,5
37002459,7480201,D07,,,8.6,6.6,,,,,8.0,,0
49006697,7220204,D09,,,8.4,7.25,,,7.0,,,,6
46001958,7340115,A00,,,,7.75,,,,8.0,8.6,,1
53008349,7480201,D01,7.2,,6.6,8.0,,,,,,,0
2046228,7340101,A00,,,,7.0,,,,7.75,7.8,,1
37008995,7540101,A00,,,,7.0,,,,8.25,7.8,,4
34007960,7340101,A00,,,,8.2,,,,8.0,7.75,,1
2067420,7420201,A00,,,,7.2,,,,6.5,5.5,,4
47012544,7810202,D15,7.5,5.6,8.25,,,,,,,,2
41004932,7540106,D07,,,8.0,6.0,,,,,4.0,,4
47003137,7510303,D07,,,7.4,7.25,,,,,7.0,,3
61006119,7340201,A00,,,,8.2,,,,7.0,8.0,,1
56002517,7510202,A00,,,,7.6,,,,5.75,6.25,,3
47008915,7510303,A00,,,,7.0,,,,6.0,7.75,,3
2055496,7480202,A00,,,,6.5,,,,6.75,7.6,,0
49008686,7810103,A00,,,,6.5,,,,7.0,6.2,,2
49000999,7510301,D01,4.2,,5.6,6.0,,,,,,,3
42011744,7510202,D01,5.6,,7.0,7.0,,,,,,,3
48030336,7510202,A00,,,,6.25,,,,6.5,5.4,,3
53001598,7480201,A00,,,,6.8,,,,7.25,8.5,,0
50000206,7340101,D01,7.4,,7.4,9.0,,,,,,,1
48008338,7340101,D01,7.75,,8.6,8.2,,,,,,,1
61007786,7810103,D15,6.25,4.6,8.25,,,,,,,,2
2050755,7340201,A01,,,8.0,7.25,,,,7.2,,,1
2031268,7220201,D01,7.4,,7.6,7.25,,,,,,,6
2045652,7480202,A01,,,8.4,8.4,,,,7.5,,,0
2059478,7810201,A00,,,,6.5,,,,6.75,7.8,,2
60000187,7810103,D15,6.5,5.8,8.0,,,,,,,,2
46001629,7540106,A01,,,7.2,6.5,,,,7.2,,,4
2041688,7340301,A00,,,,7.0,,,,7.5,7.8,,1
2049803,7510203,A00,,,,6.2,,,,4.5,6.0,,3
2061132,7819010,B00,,,,7.25,,,,,7.25,6.2,2
42009174,7480201,A01,,,9.0,8.0,,,,6.5,,,0
40002813,7480201,A00,,,,7.8,,,,7.25,6.75,,0
37007445,7340205,D01,5.4,,7.4,7.25,,,,,,,1
53011763,7220204,D01,8.5,,7.6,7.8,,,,,,,6
2068334,7340115,D01,8.0,,6.6,8.0,,,,,,,1
2048968,7540204,D01,7.5,,5.4,7.2,,,,,,,3
2036938,7340115,D01,8.0,,6.6,7.75,,,,,,,1
2003781,7340101,A01,,,8.2,8.2,,,,7.5,,,1
46006361,7340301,A00,,,,6.5,,,,7.0,7.4,,1
2066962,7510203,A00,,,,7.8,,,,8.0,7.25,,3
35011141,7340301,A01,,,7.8,7.4,,,,8.0,,,1
2047104,7510202,D01,6.25,,5.2,7.0,,,,,,,3
45004732,7220204,D01,8.2,,8.0,7.0,,,,,,,6
2006515,7540106,B00,,,,6.5,,,,,7.0,7.0,4
2008118,7810202,D01,8.0,,7.4,7.0,,,,,,,2
56005600,7510202,D01,6.5,,5.6,5.6,,,,,,,3
49005530,7340101,A00,,,,8.0,,,,7.25,8.0,,1
63002954,7340115,A00,,,,7.75,,,,8.0,8.0,,1
48016819,7510303,D07,,,7.8,7.25,,,,,8.6,,3
2035499,7220204,D01,7.2,,8.6,8.0,,,,,,,6
2065473,7340101,A01,,,8.6,8.4,,,,7.75,,,1
2062953,7480202,D07,,,8.0,6.5,,,,,7.0,,0
2035796,7340201,A00,,,,7.8,,,,8.0,7.0,,1
49009370,7220204,D01,8.75,,6.2,7.6,,,,,,,6
2065495,7810103,A01,,,8.2,7.8,,,,7.0,,,2
35005737,7340301,D01,8.5,,7.4,7.8,,,,,,,1
47001461,7340120,D01,8.6,,7.0,7.0,,,,,,,1
37013346,7540101,A01,,,8.6,7.25,,,,6.4,,,4
37017667,7220201,A01,,,8.0,8.0,,,,6.4,,,6
48026369,7340122,A00,,,,7.25,,,,8.25,7.2,,1
56003232,7480201,A00,,,,6.0,,,,7.75,8.2,,0
44008366,7480202,D01,6.0,,7.6,6.5,,,,,,,0
2075486,7850101,A00,,,,7.75,,,,6.75,6.2,,4
2014997,7340301,A00,,,,7.0,,,,8.5,8.0,,1
53008133,7380107,D01,5.2,,6.6,8.25,,,,,,,5
55010637,7220204,D01,7.6,,7.6,8.75,,,,,,,6
2040689,7480202,D01,7.6,,6.8,6.75,,,,,,,0
2070493,7850101,B00,,,,7.8,,,,,6.5,7.0,4
47004965,7510401,A00,,,,7.0,,,,6.75,7.8,,3
41000592,7340122,D01,7.0,,7.6,8.25,,,,,,,1
37013089,7340101,A01,,,7.8,7.4,,,,8.25,,,1
53010932,7510301,A00,,,,5.0,,,,9.0,8.2,,3
2066131,7810103,D01,6.25,,9.2,7.6,,,,,,,2
40019661,7340101,A00,,,,7.25,,,,8.0,8.2,,1
2034017,7480202,A00,,,,7.8,,,,7.75,5.75,,0
43000586,7540101,A00,,,,6.0,,,,6.75,8.0,,4
32006510,7340120,D01,8.25,,7.6,7.4,,,,,,,1
2022991,7340122,A00,,,,8.0,,,,8.25,8.2,,1
56007289,7220201,A01,,,7.6,8.0,,,,7.75,,,6
47001540,7510301,D01,5.25,,5.2,7.4,,,,,,,3
37000819,7480202,D01,7.0,,7.2,8.0,,,,,,,0
56005539,7340122,A00,,,,6.75,,,,8.25,8.4,,1
57003993,7480201,A00,,,,6.8,,,,7.0,8.5,,0
2065315,7340301,A01,,,7.2,6.5,,,,6.6,,,1
53006249,7380107,A00,,,,7.6,,,,6.75,7.0,,5
48020107,7340115,A00,,,,7.75,,,,7.0,7.6,,1
36003716,7380107,A00,,,,6.5,,,,6.25,7.0,,5
40008531,7540101,D07,,,8.8,7.8,,,,,8.25,,4
38010840,7340201,A00,,,,7.25,,,,8.0,7.8,,1
53013935,7340115,D01,7.2,,7.0,8.75,,,,,,,1
37007133,7220201,D01,6.5,,8.8,8.0,,,,,,,6
2040321,7340129,D01,7.5,,6.8,7.8,,,,,,,4
54010206,7340115,A00,,,,8.25,,,,7.25,8.2,,1
2050422,7810201,D01,7.25,,8.2,7.2,,,,,,,2
2036751,7340115,D01,7.6,,8.4,8.5,,,,,,,1
43003017,7340301,A00,,,,7.0,,,,7.0,7.6,,1
48008779,7480201,A01,,,8.0,7.0,,,,7.2,,,0
53008087,7540204,D01,6.0,,7.6,8.25,,,,,,,3
37017292,7340201,D01,7.4,,7.6,7.5,,,,,,,1
46000776,7850101,A00,,,,6.8,,,,6.25,6.0,,4
43005885,7810202,D01,8.0,,8.2,6.4,,,,,,,2
2011424,7220201,D01,8.6,,7.8,6.5,,,,,,,6
56009293,7340301,D01,8.5,,7.6,7.6,,,,,,,1
44010828,7340301,A00,,,,7.5,,,,8.0,8.2,,1
48031062,7480201,D01,8.0,,8.0,7.5,,,,,,,0
2064591,7480201,A00,,,,6.75,,,,7.25,8.2,,0
52002765,7810201,D01,5.8,,6.2,7.33,,,,,,,2
38006268,7340120,A00,,,,8.0,,,,7.5,8.0,,1
2063245,7480202,A00,,,,6.75,,,,8.25,7.2,,0
46006880,7340201,A01,,,6.8,7.5,,,,6.4,,,1
53001824,7340115,A00,,,,8.0,,,,7.5,8.4,,1
60005457,7810201,D01,7.4,,7.0,7.75,,,,,,,2
37011495,7510303,A00,,,,7.25,,,,5.5,7.6,,3
41003795,7480201,D07,,,8.2,8.75,,,,,7.2,,0
49004445,7850101,A00,,,,5.8,,,,5.75,6.25,,4
2079530,7540204,D01,6.4,,7.2,6.5,,,,,,,3
2023982,7510401,A00,,,,8.0,,,,5.0,7.5,,3
2070727,7819010,B00,,,,5.25,,,,,6.75,6.4,2
50010285,7340120,D01,8.4,,7.0,8.25,,,,,,,1
37004393,7340101,A00,,,,7.75,,,,8.0,7.6,,1
47008397,7340115,A00,,,,7.0,,,,6.75,8.6,,1
37003277,7480201,A01,,,7.4,7.0,,,,8.0,,,0
2066632,7480201,A01,,,9.2,7.2,,,,6.75,,,0
37015660,7510301,D01,8.6,,6.6,7.25,,,,,,,3
2023697,7220201,D01,7.8,,8.2,8.25,,,,,,,6
46003070,7540106,A00,,,,7.6,,,,7.75,8.25,,4
2085916,7540106,A00,,,,7.0,,,,6.75,7.5,,4
2043432,7340201,D01,5.8,,7.4,7.75,,,,,,,1
60003154,7220204,D09,,,8.2,9.25,,,5.8,,,,6
41005070,7480201,A00,,,,7.5,,,,7.75,7.6,,0
44004928,7480201,D01,7.0,,7.6,7.8,,,,,,,0
47000762,7510303,A00,,,,5.75,,,,7.25,8.2,,3
39007512,7480202,A01,,,8.0,7.25,,,,7.0,,,0
44011073,7340120,D01,7.5,,8.8,8.0,,,,,,,1
57000456,7340101,A01,,,8.6,8.2,,,,7.0,,,1
48021789,7520115,D01,3.4,,6.0,6.5,,,,,,,3
44004139,7340201,A00,,,,7.75,,,,8.0,6.6,,1
36003806,7340201,A00,,,,8.4,,,,6.5,8.0,,1
34010404,7510203,A00,,,,8.25,,,,5.5,8.0,,3
2060764,7810202,D01,5.8,,5.0,7.5,,,,,,,2
2066337,7510401,D07,,,7.0,6.6,,,,,8.5,,3
2040671,7340101,D01,9.0,,7.4,7.25,,,,,,,1
34005389,7340115,D01,7.8,,7.2,7.25,,,,,,,1
48010305,7340201,D01,6.2,,6.4,8.75,,,,,,,1
37006219,7340201,D01,6.2,,7.8,7.0,,,,,,,1
2069149,7340101,D01,6.2,,7.8,7.75,,,,,,,1
47003209,7340301,D01,4.8,,8.2,8.0,,,,,,,1
49006435,7819010,B00,,,,6.75,,,,,8.5,7.8,2
37000934,7380107,D01,6.4,,6.8,7.75,,,,,,,5
2048976,7819009,D07,,,6.8,5.25,,,,,7.0,,2
47010319,7480201,A01,,,6.8,8.0,,,,8.0,,,0
40010302,7540204,D01,6.25,,4.6,5.6,,,,,,,3
55008308,7510401,B00,,,,6.2,,,,,7.25,6.75,3
47000982,7340115,D01,7.2,,7.8,8.0,,,,,,,1
44005912,7380107,D01,7.4,,7.6,7.75,,,,,,,5
2054720,7819010,B00,,,,5.75,,,,,6.75,7.0,2
35010150,7510301,D07,,,6.6,6.5,,,,,5.2,,3
49008249,7480202,D01,7.75,,4.6,5.4,,,,,,,0
35002587,7340120,A00,,,,7.0,,,,8.25,8.4,,1
49012298,7540106,D07,,,6.8,6.8,,,,,7.0,,4
34007927,7810201,D01,7.0,,6.8,8.2,,,,,,,2
49010675,7340301,D01,6.75,,8.6,7.0,,,,,,,1
37001455,7380107,D01,4.6,,7.8,8.75,,,,,,,5
49007529,7810201,D01,4.0,,6.4,7.58,,,,,,,2
32002151,7340301,A00,,,,7.0,,,,6.75,7.4,,1
2025020,7380107,D01,7.0,,8.2,7.4,,,,,,,5
2040500,7220201,D01,9.0,,7.4,7.5,,,,,,,6
2061935,7540101,B00,,,,8.8,,,,,7.5,8.75,4
53015527,7340301,D01,7.25,,7.4,7.6,,,,,,,1
2062711,7819009,A00,,,,6.75,,,,5.5,5.6,,2
42014298,7380107,D01,7.75,,7.0,8.4,,,,,,,5
49008217,7819009,A01,,,6.4,6.0,,,,5.8,,,2
2035125,7480201,D01,9.2,,7.8,7.0,,,,,,,0
52005022,7510401,A00,,,,8.0,,,,6.0,8.0,,3
2034728,7480202,A00,,,,7.25,,,,6.75,6.8,,0
50009801,7220204,D01,8.0,,6.6,8.25,,,,,,,6
2044251,7540106,A00,,,,6.75,,,,8.5,7.4,,4
55001234,7480202,D01,7.75,,3.8,5.4,,,,,,,0
61004451,7340129,A00,,,,7.5,,,,6.0,7.6,,4
2080718,7510401,A00,,,,7.4,,,,6.5,7.0,,3
40019724,7340120,A00,,,,7.75,,,,7.75,8.2,,1
37005126,7380107,A00,,,,8.0,,,,6.75,6.75,,5
45002307,7340122,D01,7.8,,7.6,8.25,,,,,,,1
48015620,7480202,D07,,,7.8,7.5,,,,,7.8,,0
44002813,7510401,A00,,,,7.8,,,,6.75,6.75,,3
48018284,7540204,D01,5.8,,5.2,6.75,,,,,,,3
54006901,7480201,D07,,,7.2,7.4,,,,,7.25,,0
2039050,7220201,D01,6.25,,9.4,8.0,,,,,,,6
2067455,7510401,A00,,,,7.8,,,,6.75,6.5,,3
44010211,7510202,D01,4.2,,6.6,7.5,,,,,,,3
2051989,7810103,D01,7.4,,7.6,7.75,,,,,,,2
2070773,7380107,D01,6.75,,7.6,7.4,,,,,,,5
29025330,7340301,A00,,,,7.8,,,,6.5,8.0,,1
47001107,7540106,A00,,,,7.6,,,,7.25,8.0,,4
52003075,7340115,A00,,,,8.5,,,,8.25,7.8,,1
40008082,7810202,A00,,,,8.25,,,,8.5,8.0,,2
51013141,7340201,D01,6.0,,7.2,9.0,,,,,,,1
2072834,7480201,D07,,,9.2,7.6,,,,,7.25,,0
54008852,7810202,D01,7.5,,6.2,8.8,,,,,,,2
28032966,7480201,A00,,,,7.75,,,,7.0,7.4,,0
2009200,7340101,A00,,,,7.25,,,,7.75,7.6,,1
2039592,7819009,B00,,,,7.25,,,,,7.75,7.2,2
55002655,7340301,A00,,,,8.6,,,,7.5,7.5,,1
50004785,7340115,D01,6.6,,8.2,7.5,,,,,,,1
2035032,7340201,A00,,,,7.5,,,,6.75,7.2,,1
2038784,7220201,D01,7.25,,9.4,8.0,,,,,,,6
41012411,7340101,A00,,,,7.5,,,,7.0,8.0,,1
2065169,7340115,A00,,,,8.4,,,,7.25,9.25,,1
52002622,7540106,A01,,,8.8,7.4,,,,7.25,,,4
40006556,7480201,A00,,,,7.5,,,,7.5,7.8,,0
2018713,7510401,A00,,,,6.75,,,,8.5,6.8,,3
2061358,7340101,A01,,,8.0,6.5,,,,7.8,,,1
40004867,7810201,A00,,,,7.4,,,,7.5,8.0,,2
52012467,7510303,D01,7.25,,6.4,7.6,,,,,,,3
53007442,7340115,A01,,,7.8,8.25,,,,8.6,,,1
2045821,7540106,A00,,,,6.5,,,,7.25,7.6,,4
56000620,7520115,D01,4.6,,6.4,6.0,,,,,,,3
2064665,7510301,A00,,,,6.75,,,,7.75,7.4,,3
48010652,7380107,D01,7.75,,8.2,7.2,,,,,,,5
48021316,7380107,D01,5.0,,6.8,7.5,,,,,,,5
2076000,7480201,D07,,,7.4,6.75,,,,,7.6,,0
37012108,7540204,D01,6.2,,7.6,7.5,,,,,,,3
2040082,7510203,A00,,,,6.5,,,,8.0,6.8,,3
40006732,7510303,A00,,,,8.2,,,,6.25,5.0,,3
52008998,7540106,B00,,,,8.0,,,,,5.75,5.5,4
2081109,7380107,A00,,,,7.0,,,,6.0,8.25,,5
39005321,7480201,A00,,,,8.4,,,,6.75,8.5,,0
38014198,7340129,D01,6.0,,7.4,7.25,,,,,,,4
53009269,7220201,A01,,,8.0,7.6,,,,7.75,,,6
2076948,7510401,B00,,,,7.75,,,,,6.75,7.0,3
40010834,7850101,B00,,,,5.5,,,,,5.25,6.6,4
2028375,7510402,B00,,,,6.8,,,,,5.5,4.25,3
37008108,7510203,A00,,,,7.2,,,,6.75,5.75,,3
53001771,7340101,A00,,,,7.75,,,,7.5,7.6,,1
2032056,7510202,D01,7.2,,7.0,7.0,,,,,,,3
47009747,7540101,A00,,,,7.25,,,,7.75,8.2,,4
40006256,7340115,D01,7.4,,7.2,9.0,,,,,,,1
2078035,7510303,A01,,,7.8,7.25,,,,7.6,,,3
2003820,7540106,A01,,,7.2,8.0,,,,9.8,,,4
41000822,7340101,A00,,,,8.0,,,,7.75,8.75,,1
52003518,7510303,A01,,,7.4,7.25,,,,6.6,,,3
40011049,7340115,D01,6.8,,8.2,7.75,,,,,,,1
46006767,7340101,A00,,,,6.25,,,,7.0,7.6,,1
27006758,7810202,D01,8.75,,5.2,8.2,,,,,,,2
2075064,7810201,D01,5.4,,7.4,6.0,,,,,,,2
45002452,7480201,A01,,,7.6,7.25,,,,6.0,,,0
2006699,7540101,D07,,,7.4,8.25,,,,,6.4,,4
2040406,7340101,D01,7.75,,8.4,7.4,,,,,,,1
42007716,7340115,D01,6.6,,8.2,8.0,,,,,,,1
2033903,7340201,A01,,,8.2,7.6,,,,7.25,,,1
60003325,7480201,D01,6.5,,8.6,7.8,,,,,,,0
37002451,7480201,A01,,,7.4,8.25,,,,7.6,,,0
49010424,7380107,A00,,,,7.8,,,,7.5,7.5,,5
2046099,7340122,A00,,,,7.75,,,,8.0,8.4,,1
2042910,7510202,D01,6.4,,6.0,5.5,,,,,,,3
49015031,7520115,A00,,,,6.75,,,,7.0,7.4,,3
44010957,7540101,A00,,,,7.5,,,,7.75,6.2,,4
60003180,7540105,A00,,,,5.25,,,,6.75,7.4,,4
40003573,7510303,A00,,,,7.2,,,,7.25,6.5,,3
44009531,7220204,D01,8.8,,7.2,8.25,,,,,,,6
37008276,7340201,A01,,,8.8,7.6,,,,6.5,,,1
2006703,7340301,D01,7.75,,9.6,7.8,,,,,,,1
44006445,7340115,A00,,,,7.75,,,,8.0,7.8,,1
44005943,7340120,A00,,,,6.75,,,,8.0,7.6,,1
2020357,7819009,B00,,,,5.5,,,,,7.0,7.8,2
2007722,7480201,D07,,,8.4,7.8,,,,,7.5,,0
56009771,7340201,A00,,,,6.75,,,,6.75,7.4,,1
42005733,7340101,D01,7.8,,6.4,7.25,,,,,,,1
35010161,7340115,A00,,,,8.25,,,,8.5,7.4,,1
35002745,7340115,D01,7.8,,7.6,9.0,,,,,,,1
2039510,7340301,A00,,,,8.0,,,,8.0,7.25,,1
2050014,7480201,A01,,,9.4,8.6,,,,6.5,,,0
2015910,7220204,D09,,,8.2,8.0,,,8.0,,,,6
44000503,7340101,D01,7.0,,9.2,7.4,,,,,,,1
43002702,7340101,A00,,,,7.6,,,,7.75,7.75,,1
37010873,7810202,D15,6.25,5.8,6.25,,,,,,,,2
2007871,7540101,D07,,,8.0,7.75,,,,,7.8,,4
35000661,7380107,A00,,,,7.2,,,,7.5,6.75,,5
52010412,7810202,D01,7.5,,7.8,7.4,,,,,,,2
41010934,7510202,A01,,,5.8,7.2,,,,6.5,,,3
47001936,7480201,A01,,,7.2,7.0,,,,6.8,,,0
49004272,7480201,A01,,,8.6,8.0,,,,7.5,,,0
53015450,7480201,A00,,,,8.0,,,,6.75,7.25,,0
59003430,7420201,B00,,,,6.5,,,,,7.75,7.0,4
50000486,7510203,D01,4.6,,7.2,7.0,,,,,,,3
2087192,7810202,D01,7.75,,8.8,7.4,,,,,,,2
53008226,7340101,D01,7.0,,7.8,7.75,,,,,,,1
51002056,7510406,A00,,,,7.0,,,,6.5,7.2,,4
53003296,7810201,A00,,,,7.0,,,,8.25,8.2,,2
2016302,7340301,A01,,,7.8,7.0,,,,5.6,,,1
47005966,7540204,D01,7.0,,4.2,8.0,,,,,,,3
39004159,7510401,A00,,,,7.4,,,,5.25,6.25,,3
2049505,7510301,D01,6.25,,4.6,7.0,,,,,,,3
2052309,7220201,D01,7.5,,8.8,7.4,,,,,,,6
42013444,7510301,D01,6.5,,4.2,7.6,,,,,,,3
37005680,7340123,D01,7.25,,7.2,7.8,,,,,,,1
2080622,7340129,D01,6.4,,6.8,7.5,,,,,,,4
45001798,7480201,A00,,,,8.8,,,,6.75,7.25,,0
50013022,7510203,A00,,,,7.5,,,,8.5,8.2,,3
2040401,7810201,D15,8.0,5.4,7.0,,,,,,,,2
52003834,7380107,A01,,,8.4,6.8,,,,8.25,,,5
58000209,7340115,A00,,,,7.0,,,,7.25,8.4,,1
53008360,7340122,D01,6.4,,7.8,9.0,,,,,,,1
2066432,7810201,D01,7.75,,8.4,7.6,,,,,,,2
2042149,7220201,D01,7.0,,10.0,7.6,,,,,,,6
35008203,7480202,D01,5.4,,5.2,6.0,,,,,,,0
49011167,7510202,A00,,,,7.5,,,,7.25,7.2,,3
2036025,7340301,A00,,,,7.0,,,,8.0,8.2,,1
2015422,7420201,B00,,,,7.25,,,,,8.25,7.6,4
38001142,7340201,D01,6.8,,6.6,9.5,,,,,,,1
35002801,7510202,A01,,,6.8,5.5,,,,6.2,,,3
49003729,7540101,A00,,,,7.25,,,,6.5,7.6,,4
2051825,7220201,D01,8.6,,7.4,7.5,,,,,,,6
49010324,7220201,D01,7.5,,8.6,7.6,,,,,,,6
60005938,7340120,D01,8.25,,8.6,8.6,,,,,,,1
49001785,7810201,D01,8.75,,6.4,7.4,,,,,,,2
43009098,7340201,A00,,,,6.75,,,,7.5,7.2,,1
2020539,7819009,A00,,,,7.5,,,,7.25,7.4,,2
2065652,7510301,A00,,,,6.25,,,,6.5,7.8,,3
43008882,7480201,A01,,,7.0,7.2,,,,8.0,,,0
2033216,7340301,D01,8.4,,7.0,6.5,,,,,,,1
47006794,7480201,A00,,,,8.4,,,,8.25,7.5,,0
48006294,7480202,D01,6.75,,4.2,6.6,,,,,,,0
37005511,7340201,A00,,,,7.0,,,,7.25,6.2,,1
37001410,7540101,B00,,,,8.5,,,,,8.0,6.0,4
48032945,7340301,A00,,,,7.0,,,,8.0,8.6,,1
40000501,7510401,A00,,,,6.25,,,,8.0,3.6,,3
2032412,7819010,B00,,,,4.5,,,,,6.75,6.6,2
34002500,7460108,D01,5.2,,6.4,5.75,,,,,,,0
2011877,7340101,D01,8.8,,6.2,7.0,,,,,,,1
53005313,7340101,A00,,,,7.8,,,,8.25,7.75,,1
44006292,7340301,D01,7.0,,8.6,8.2,,,,,,,1
32002993,7480202,A00,,,,6.75,,,,7.75,9.4,,0
46006015,7510401,A00,,,,8.0,,,,8.0,6.8,,3
53015187,7540204,D01,7.5,,3.0,7.6,,,,,,,3
60000787,7340115,A00,,,,8.0,,,,7.5,7.6,,1
2011255,7340201,A00,,,,7.6,,,,7.25,8.5,,1
61000354,7340123,D01,6.5,,8.6,4.8,,,,,,,1
2083414,7480201,D07,,,7.6,7.4,,,,,8.0,,0
50007119,7380107,D01,7.0,,8.8,7.6,,,,,,,5
50009226,7510301,A00,,,,6.5,,,,7.25,7.8,,3
2020367,7819010,A00,,,,5.25,,,,5.5,6.2,,2
52003212,7340115,A00,,,,8.25,,,,8.0,8.2,,1
35005742,7510303,D01,6.5,,5.0,8.0,,,,,,,3
46006111,7810202,D01,7.4,,8.2,6.0,,,,,,,2
2024113,7340201,D01,7.25,,8.2,7.6,,,,,,,1
63000436,7810202,A00,,,,8.2,,,,7.0,8.0,,2
2037280,7480201,A00,,,,7.5,,,,8.5,7.8,,0
35011308,7220201,D01,8.25,,8.0,7.2,,,,,,,6
41003074,7340120,D01,8.25,,8.8,7.4,,,,,,,1
2055023,7510303,A00,,,,6.0,,,,5.5,6.8,,3
2023097,7340120,A00,,,,7.5,,,,7.0,8.4,,1
28003441,7510401,B00,,,,6.8,,,,,8.75,5.25,3
4001975,7340101,D01,7.6,,6.8,8.25,,,,,,,1
52012420,7810201,A00,,,,7.75,,,,8.0,7.6,,2
46007350,7340301,A00,,,,8.0,,,,7.25,7.25,,1
2007535,7480201,A00,,,,7.75,,,,8.0,8.0,,0
2008078,7340120,D01,8.8,,8.4,7.5,,,,,,,1
49007629,7340201,A00,,,,8.25,,,,7.25,7.6,,1
37013117,7510303,D01,7.75,,4.0,7.2,,,,,,,3
2069428,7510203,A00,,,,5.75,,,,5.25,7.0,,3
39009858,7810202,D01,6.5,,8.4,8.0,,,,,,,2
49013138,7340301,A00,,,,8.2,,,,7.75,8.25,,1
29025807,7480201,A00,,,,7.8,,,,6.75,7.25,,0
41013372,7480201,A00,,,,8.5,,,,6.25,7.2,,0
44010849,7340101,D01,7.5,,8.4,7.6,,,,,,,1
35013223,7340129,A00,,,,6.75,,,,7.75,7.4,,4
49007884,7510303,A00,,,,7.0,,,,4.25,5.25,,3
2036214,7340301,A00,,,,8.0,,,,7.25,7.75,,1
2034761,7340115,D01,8.6,,8.2,8.0,,,,,,,1
40014235,7220204,D09,,,6.6,9.0,,,6.2,,,,6
2006206,7340101,D01,8.4,,6.6,6.75,,,,,,,1
50007696,7850101,A01,,,8.6,7.0,,,,5.4,,,4
35003238,7510401,A00,,,,5.75,,,,6.0,6.8,,3
53000251,7540101,A00,,,,8.2,,,,7.75,7.75,,4
35001610,7540101,A00,,,,6.25,,,,7.75,7.8,,4
39003338,7480201,A00,,,,7.0,,,,7.25,6.6,,0
48024889,7480201,A00,,,,8.4,,,,6.75,7.25,,0
48024645,7420201,D07,,,8.2,7.6,,,,,7.0,,4
2083556,7510303,D01,6.5,,6.8,6.8,,,,,,,3
2078794,7480201,A01,,,8.0,8.25,,,,7.6,,,0
48020411,7480202,D01,5.0,,7.6,7.5,,,,,,,0
55002426,7480201,D07,,,7.2,8.0,,,,,8.2,,0
42012035,7340120,D01,7.4,,7.6,8.75,,,,,,,1
2001812,7480201,D07,,,7.8,8.4,,,,,7.25,,0
45003325,7480201,D07,,,7.8,8.0,,,,,8.0,,0
44005819,7340101,A00,,,,8.6,,,,7.5,8.0,,1
43005606,7380107,A00,,,,7.8,,,,7.75,8.25,,5
2075824,7540106,A00,,,,6.75,,,,7.25,7.2,,4
47000568,7480201,A01,,,7.0,7.5,,,,7.0,,,0
35006795,7340120,D01,7.75,,8.4,7.4,,,,,,,1
2078807,7510401,A00,,,,6.4,,,,4.0,7.0,,3
53009115,7510401,D07,,,6.6,7.4,,,,,7.5,,3
39006269,7340101,A00,,,,7.25,,,,7.5,6.6,,1
46000076,7380107,D01,7.4,,7.4,8.0,,,,,,,5
2034489,7480202,A00,,,,7.2,,,,6.25,7.0,,0
53005525,7540204,D01,6.0,,3.6,8.2,,,,,,,3
40004621,7480201,D01,6.8,,8.0,7.75,,,,,,,0
56010941,7340120,A00,,,,7.0,,,,7.5,7.8,,1
40020389,7810201,D01,4.4,,7.2,8.0,,,,,,,2
42009475,7220204,D01,5.4,,7.6,8.25,,,,,,,6
48006763,7510401,A00,,,,7.2,,,,5.0,5.5,,3
51002342,7510203,D01,6.25,,5.0,7.2,,,,,,,3
46006017,7220201,D01,8.5,,7.8,7.4,,,,,,,6
41005734,7540101,A01,,,7.4,7.5,,,,7.6,,,4
55002482,7340205,D01,7.0,,5.6,5.75,,,,,,,1
35007008,7420201,A00,,,,6.75,,,,6.75,7.0,,4
2044067,7480201,A00,,,,8.5,,,,8.0,7.2,,0
41001751,7380107,D15,7.25,7.2,7.5,,,,,,,,5
2011864,7340201,A00,,,,6.25,,,,7.25,7.6,,1
46009619,7510401,A00,,,,7.25,,,,8.0,7.6,,3
61003487,7220204,D01,7.8,,8.0,7.5,,,,,,,6
34013145,7510401,B00,,,,5.0,,,,,4.5,7.4,3
63001083,7480201,A00,,,,7.5,,,,7.5,8.2,,0
50004301,7340301,A01,,,7.0,7.25,,,,8.8,,,1
52000699,7340120,D01,8.8,,7.2,7.0,,,,,,,1
2062324,7540101,A00,,,,6.75,,,,7.25,7.8,,4
48015405,7540204,D01,7.0,,7.4,7.0,,,,,,,3
40014499,7380107,D01,6.4,,8.4,6.5,,,,,,,5
42008843,7540106,A00,,,,7.2,,,,6.75,5.75,,4
35011196,7510203,A00,,,,6.0,,,,5.5,6.6,,3
46003313,7480201,A00,,,,6.75,,,,7.25,8.0,,0
2071659,7480202,D01,6.5,,6.8,7.6,,,,,,,0
53014718,7810202,D01,8.5,,6.8,7.2,,,,,,,2
2066851,7340115,A01,,,8.6,8.2,,,,8.0,,,1
35002443,7220201,D01,8.5,,7.2,7.2,,,,,,,6
48021177,7340120,D01,6.6,,6.8,8.75,,,,,,,1
41007401,7480202,A00,,,,7.25,,,,7.0,8.0,,0
64006362,7540101,B00,,,,8.0,,,,,7.75,8.2,4
2071955,7480201,D01,7.75,,7.4,7.8,,,,,,,0
35008364,7340101,A00,,,,8.0,,,,7.25,7.6,,1
40003291,7340301,D01,7.4,,6.6,6.0,,,,,,,1
39010641,7420201,B00,,,,8.2,,,,,8.25,6.0,4
2040594,7810202,A00,,,,7.6,,,,7.0,7.75,,2
53006542,7380107,D15,6.5,4.8,7.75,,,,,,,,5
2046928,7510202,D01,6.75,,6.8,5.8,,,,,,,3
50005117,7510303,A00,,,,7.0,,,,7.0,6.6,,3
47010104,7380107,D01,5.6,,6.2,7.75,,,,,,,5
2035066,7510401,A00,,,,6.75,,,,8.0,7.2,,3
2040542,7510303,A01,,,8.0,6.75,,,,8.2,,,3
2014626,7340115,D01,9.2,,8.0,7.25,,,,,,,1
52011543,7340301,A01,,,7.0,7.5,,,,8.2,,,1
2025010,7810202,A00,,,,7.2,,,,7.75,7.75,,2
2068116,7480201,A01,,,8.4,7.8,,,,7.75,,,0
52007240,7340101,D01,7.5,,8.4,7.8,,,,,,,1
56009298,7340120,A00,,,,5.75,,,,7.0,8.0,,1
2034565,7340115,D01,7.2,,7.8,7.25,,,,,,,1
48001027,7340120,A01,,,9.2,8.8,,,,6.75,,,1
37016008,7480201,D01,8.4,,8.6,6.75,,,,,,,0
48030745,7340101,D01,8.75,,7.6,8.0,,,,,,,1
42013473,7480201,D01,7.0,,6.4,7.5,,,,,,,0
2041928,7540101,D07,,,8.8,8.0,,,,,7.25,,4
2036626,7480202,A00,,,,7.25,,,,7.5,7.8,,0
2083178,7510301,D01,7.75,,5.8,7.2,,,,,,,3
42009294,7340101,A00,,,,6.75,,,,6.5,8.4,,1
63003741,7480201,A01,,,7.8,8.75,,,,6.6,,,0
44006857,7220201,D09,,,5.6,8.25,,,9.0,,,,6
2040858,7480201,A00,,,,7.5,,,,7.0,7.8,,0
2010281,7510401,D07,,,8.0,7.2,,,,,7.25,,3
52000397,7810202,D15,6.0,6.4,7.75,,,,,,,,2
50000262,7510202,A01,,,6.8,7.5,,,,6.8,,,3
2065699,7480202,D01,5.25,,7.2,6.0,,,,,,,0
47009357,7510202,D01,4.0,,6.4,6.75,,,,,,,3
51002135,7510301,D01,7.75,,5.6,7.8,,,,,,,3
42011513,7340120,A00,,,,6.75,,,,8.0,7.8,,1
47003556,7480201,D01,6.75,,9.8,7.0,,,,,,,0
38001895,7810201,D01,7.25,,8.0,7.8,,,,,,,2
46001709,7510301,D01,6.75,,4.0,7.2,,,,,,,3
38001101,7340201,A00,,,,7.25,,,,8.75,7.8,,1
53013136,7540204,D01,7.75,,4.8,6.6,,,,,,,3
2016646,7480201,D01,7.4,,7.6,7.25,,,,,,,0
2015323,7340301,A00,,,,7.5,,,,7.25,6.8,,1
2080221,7340101,A00,,,,5.5,,,,8.0,7.6,,1
43002338,7480201,D01,7.0,,7.2,6.75,,,,,,,0
61001090,7340101,D01,7.0,,7.4,8.0,,,,,,,1
2022536,7540101,D07,,,7.8,7.75,,,,,8.6,,4
2036364,7510203,D07,,,6.8,7.25,,,,,7.6,,3
38002113,7380107,D01,7.0,,7.4,8.0,,,,,,,5
52007829,7340101,A00,,,,6.25,,,,7.0,7.8,,1
46002508,7340201,D01,8.5,,6.2,7.6,,,,,,,1
49012211,7420201,B00,,,,5.75,,,,,7.5,7.2,4
2068388,7540106,A01,,,6.6,7.0,,,,6.0,,,4
48007805,7540101,B00,,,,6.75,,,,,9.0,6.8,4
53014124,7480201,A00,,,,7.5,,,,8.0,7.6,,0
44008833,7340301,A00,,,,8.0,,,,6.75,7.4,,1
61000370,7340115,D01,8.0,,7.6,8.5,,,,,,,1
52000974,7340201,A01,,,7.8,8.2,,,,6.5,,,1
48004046,7510303,D01,5.2,,7.0,6.25,,,,,,,3
48012213,7420201,D07,,,8.6,8.4,,,,,7.75,,4
2000902,7480202,D01,5.8,,6.0,6.5,,,,,,,0
2041758,7340120,A01,,,8.0,7.75,,,,7.6,,,1
34003559,7460108,A00,,,,7.25,,,,6.25,7.4,,0
36000788,7340120,A00,,,,7.5,,,,8.25,8.0,,1
46007108,7480201,A00,,,,7.0,,,,8.25,7.8,,0
38012732,7340115,A01,,,9.0,8.0,,,,7.0,,,1
2061687,7819010,A01,,,6.6,5.5,,,,4.6,,,2
49009653,7380107,D01,7.5,,6.2,8.0,,,,,,,5
61004880,7480201,D01,4.6,,7.6,8.25,,,,,,,0
37006706,7540106,A00,,,,6.5,,,,6.5,7.2,,4
54003136,7380107,D01,7.8,,6.6,8.0,,,,,,,5
2046049,7380107,D01,7.0,,7.0,7.0,,,,,,,5
2016318,7340123,D01,6.5,,7.2,5.8,,,,,,,1
37007220,7810202,A00,,,,8.4,,,,7.0,7.25,,2
47004819,7340201,A00,,,,7.5,,,,8.0,7.6,,1
2039283,7480201,D01,7.5,,8.6,6.2,,,,,,,0
63006274,7810103,D01,7.25,,7.4,7.8,,,,,,,2
2072126,7510202,D07,,,7.4,7.25,,,,,7.0,,3
2057992,7480202,A01,,,7.0,7.4,,,,6.75,,,0
46002314,7340120,A01,,,7.2,8.0,,,,7.4,,,1
2080860,7420201,A00,,,,7.75,,,,7.0,6.8,,4
51015319,7340201,A00,,,,8.0,,,,7.75,7.8,,1
37008493,7340120,A01,,,7.4,7.5,,,,6.8,,,1
61004127,7810103,D01,7.5,,7.4,7.6,,,,,,,2
2023747,7510202,D01,7.2,,5.0,6.0,,,,,,,3
2020393,7480202,A01,,,7.0,7.0,,,,6.8,,,0
44010881,7340301,A00,,,,7.5,,,,8.0,8.4,,1
39007023,7480201,A00,,,,8.5,,,,8.0,7.4,,0
53000276,7340115,A00,,,,7.25,,,,8.0,7.8,,1
48004365,7340101,A00,,,,8.0,,,,7.5,8.25,,1
52012876,7810201,D01,7.4,,5.8,6.0,,,,,,,2
40011891,7380107,A00,,,,7.4,,,,7.0,7.25,,5
37014843,7380107,D01,8.25,,6.8,8.4,,,,,,,5
35006981,7510202,A00,,,,6.4,,,,7.25,4.75,,3
2040317,7480201,D01,8.6,,8.8,7.75,,,,,,,0
2081175,7850101,A00,,,,6.8,,,,6.5,6.0,,4
40013127,7340120,A00,,,,6.75,,,,8.0,8.2,,1
48007959,7380107,A00,,,,7.6,,,,7.0,7.5,,5
2039018,7540101,A00,,,,8.2,,,,8.0,8.75,,4
53005828,7340301,A00,,,,6.25,,,,7.75,6.2,,1
2079770,7540101,B00,,,,7.0,,,,,7.75,8.0,4
2048886,7510203,D01,6.5,,9.2,6.6,,,,,,,3
51012762,7540101,A01,,,8.8,8.0,,,,6.5,,,4
2044736,7460108,A00,,,,6.75,,,,7.0,7.4,,0
48004613,7510303,D07,,,6.8,6.4,,,,,5.0,,3
48024621,7540106,D07,,,5.8,5.4,,,,,6.25,,4
36002028,7480201,A00,,,,7.5,,,,7.0,7.4,,0
43006484,7810201,A00,,,,8.0,,,,6.5,7.75,,2
43004547,7340123,D01,5.4,,7.2,7.5,,,,,,,1
2002830,7340301,D01,7.75,,7.2,8.4,,,,,,,1
52012016,7510202,A01,,,8.0,6.0,,,,5.4,,,3
37008286,7340301,A00,,,,6.75,,,,7.75,8.4,,1
49008952,7220201,D01,7.75,,8.6,7.4,,,,,,,6
2049070,7510301,D01,6.5,,5.8,5.4,,,,,,,3
53014389,7540105,B00,,,,6.5,,,,,7.5,7.2,4
2087525,7480202,D01,7.0,,9.0,6.0,,,,,,,0
37012558,7540101,D07,,,7.4,8.0,,,,,6.8,,4
2036880,7340123,D01,6.5,,4.8,7.0,,,,,,,1
49014649,7819010,A00,,,,6.25,,,,5.0,6.6,,2
2078034,7480202,D01,4.8,,7.4,6.75,,,,,,,0
51012687,7540101,A00,,,,7.0,,,,7.5,7.8,,4
41006204,7340205,D01,5.2,,6.8,6.75,,,,,,,1
25017308,7540204,A01,,,9.4,8.6,,,,8.75,,,3
42011385,7510303,D01,5.6,,7.6,8.25,,,,,,,3
53000216,7340120,A00,,,,7.5,,,,7.75,7.8,,1
35005569,7380107,A00,,,,6.75,,,,8.75,7.6,,5
48023876,7380107,D15,7.25,5.2,8.5,,,,,,,,5
50006682,7340120,A00,,,,8.2,,,,7.75,7.5,,1
51014047,7540101,A00,,,,7.75,,,,7.5,7.4,,4
49003453,7340120,D01,8.25,,8.4,7.4,,,,,,,1
49012959,7220201,D01,7.5,,8.0,7.6,,,,,,,6
2071136,7810202,D01,6.2,,7.6,6.25,,,,,,,2
42009256,7340101,A00,,,,6.5,,,,7.0,8.2,,1
53010146,7340120,D01,8.0,,7.8,8.0,,,,,,,1
47007952,7340301,D01,7.6,,7.6,8.25,,,,,,,1
40015746,7340120,A01,,,7.6,6.75,,,,8.2,,,1
2080375,7810202,D01,6.75,,8.4,7.2,,,,,,,2
30005959,7340129,D01,5.6,,7.4,8.5,,,,,,,4
61005247,7340301,A00,,,,8.2,,,,7.0,7.25,,1
48003825,7510303,D01,5.5,,4.2,7.4,,,,,,,3
51014864,7340115,A00,,,,7.5,,,,8.75,7.6,,1
2040617,7520115,D01,6.5,,5.4,7.0,,,,,,,3
60003250,7340120,D01,8.0,,7.0,8.0,,,,,,,1
44011467,7340101,A00,,,,8.5,,,,7.5,7.2,,1
46002049,7510303,D07,,,7.0,6.2,,,,,8.25,,3
35001734,7810103,D01,8.75,,6.8,7.0,,,,,,,2
56010532,7510301,A01,,,5.0,7.6,,,,5.0,,,3
52008214,7340201,D01,6.8,,6.6,7.75,,,,,,,1
2039640,7340101,A01,,,6.8,7.0,,,,7.2,,,1
48009596,7480202,A00,,,,7.4,,,,5.75,7.5,,0
2025036,7220201,D01,6.8,,6.8,7.75,,,,,,,6
48029233,7340115,D01,7.8,,7.4,8.5,,,,,,,1
2043710,7480201,D01,8.4,,7.4,6.25,,,,,,,0
43001584,7340201,A00,,,,7.75,,,,7.25,6.8,,1
45002207,7540101,A00,,,,6.75,,,,7.75,7.0,,4
43005289,7340301,A00,,,,7.5,,,,7.5,7.2,,1
38006536,7340115,A01,,,7.0,7.75,,,,8.0,,,1
2023078,7480201,D07,,,7.8,7.75,,,,,8.0,,0
38003058,7340120,A00,,,,8.0,,,,7.25,7.5,,1
2000846,7540106,B00,,,,6.25,,,,,5.75,6.6,4
2016790,7819010,A01,,,7.6,7.0,,,,4.6,,,2
2036123,7340301,A00,,,,8.0,,,,7.0,7.75,,1
38003036,7220201,A01,,,7.8,8.0,,,,8.0,,,6
52002215,7480201,D07,,,7.6,7.6,,,,,8.0,,0
2003375,7340301,D01,8.5,,8.2,7.0,,,,,,,1
57000076,7480201,D01,8.4,,7.0,8.0,,,,,,,0
60001566,7480201,D01,6.6,,7.8,8.0,,,,,,,0
48003007,7480201,A00,,,,8.0,,,,8.0,7.4,,0
2086037,7540101,A01,,,8.4,8.6,,,,7.5,,,4
2006528,7810201,D01,5.2,,7.2,8.0,,,,,,,2
2064516,7340123,A01,,,7.0,6.75,,,,7.8,,,1
57003777,7480201,A00,,,,8.0,,,,8.0,8.0,,0
2048116,7220204,D01,6.25,,9.0,7.8,,,,,,,6
2031262,7340101,A00,,,,8.6,,,,7.5,8.5,,1
2075194,7510203,A01,,,7.2,7.25,,,,6.8,,,3
49005188,7480201,A00,,,,8.25,,,,7.25,7.6,,0
2065706,7340115,D01,8.4,,7.6,6.75,,,,,,,1
2069549,7520115,D01,6.2,,7.2,6.5,,,,,,,3
2008315,7810202,D01,6.75,,8.6,8.2,,,,,,,2
2044840,7480201,A01,,,7.8,7.0,,,,8.5,,,0
2006274,7220201,D01,8.8,,7.0,6.5,,,,,,,6
2077676,7540106,A00,,,,7.8,,,,6.25,7.25,,4
39004359,7380107,A00,,,,7.4,,,,7.75,6.25,,5
46010199,7340201,A00,,,,8.25,,,,7.5,6.8,,1
47009430,7340301,A00,,,,8.25,,,,7.0,8.4,,1
46000687,7220201,A01,,,8.2,7.25,,,,8.8,,,6
40015888,7380107,A00,,,,8.4,,,,7.0,5.5,,5
2033835,7850101,B00,,,,5.75,,,,,6.0,6.2,4
42004868,7480201,A00,,,,7.0,,,,7.75,8.6,,0
37000551,7340301,A01,,,6.8,8.25,,,,7.4,,,1
49014961,7810202,D15,7.5,6.0,5.75,,,,,,,,2
41001196,7340115,A00,,,,8.25,,,,8.5,8.2,,1
57001113,7510401,B00,,,,5.75,,,,,6.25,5.4,3
2010322,7340201,A01,,,8.4,6.75,,,,8.6,,,1
2087597,7340101,A01,,,8.4,8.4,,,,7.75,,,1
46007460,7340301,A00,,,,7.0,,,,8.25,8.0,,1
46008856,7340301,A00,,,,8.0,,,,7.25,7.5,,1
38010869,7850101,A00,,,,6.25,,,,5.25,7.2,,4
2003181,7340123,A01,,,7.8,7.6,,,,6.75,,,1
34002354,7540204,D01,6.5,,7.0,6.6,,,,,,,3
2034091,7420201,A01,,,4.2,6.8,,,,6.0,,,4
37002640,7480201,A00,,,,7.0,,,,7.5,7.0,,0
56010961,7340101,A00,,,,8.25,,,,8.0,8.2,,1
2020787,7340129,D01,6.4,,6.8,7.25,,,,,,,4
30006792,7340129,D01,8.5,,4.4,7.8,,,,,,,4
2050142,7540106,B00,,,,8.2,,,,,7.5,7.5,4
2046701,7480201,D01,8.0,,8.0,7.5,,,,,,,0
42014419,7480201,A01,,,7.4,6.5,,,,8.2,,,0
48016364,7340201,D01,7.0,,6.6,7.75,,,,,,,1
55000747,7810103,A00,,,,7.5,,,,7.5,8.2,,2
44000233,7810202,D01,8.0,,8.2,7.4,,,,,,,2
2035228,7340301,A00,,,,6.75,,,,8.25,7.6,,1
29022264,7810202,D01,8.5,,7.4,7.4,,,,,,,2
19011379,7420201,B00,,,,6.25,,,,,7.5,6.4,4
42000317,7480201,A00,,,,8.0,,,,8.25,8.6,,0
2007331,7340101,A00,,,,7.25,,,,8.25,8.6,,1
2013179,7340201,D01,8.2,,7.2,6.0,,,,,,,1
35002851,7340129,A00,,,,6.75,,,,8.0,7.6,,4
48008516,7510203,A00,,,,5.6,,,,4.25,6.5,,3
44007999,7810202,D01,6.2,,7.8,8.0,,,,,,,2
50003898,7220204,D01,6.4,,7.4,7.75,,,,,,,6
52009586,7340201,D01,8.25,,6.8,9.2,,,,,,,1
49010310,7540101,B00,,,,7.5,,,,,7.0,7.4,4
43005902,7510301,D01,5.0,,5.4,6.25,,,,,,,3
2072780,7340301,D01,7.25,,7.6,8.2,,,,,,,1
46003865,7340115,A01,,,7.6,7.75,,,,7.6,,,1
46005156,7220204,D01,8.75,,7.8,8.0,,,,,,,6
2052245,7340115,A01,,,8.2,6.25,,,,8.2,,,1
52007236,7480201,D01,7.75,,8.2,6.8,,,,,,,0
39007514,7340115,A00,,,,8.0,,,,8.5,7.8,,1
2071071,7460108,D01,7.6,,6.6,6.25,,,,,,,0
37006831,7810202,D01,7.4,,6.2,7.75,,,,,,,2
39009279,7810103,D01,9.2,,8.0,7.5,,,,,,,2
41001540,7340301,A00,,,,7.0,,,,8.0,8.4,,1
37002171,7340101,A01,,,8.8,8.2,,,,7.25,,,1
2058787,7810201,D01,7.5,,7.6,7.6,,,,,,,2
53001755,7340120,D01,6.6,,6.8,8.75,,,,,,,1
53004054,7340101,D01,6.4,,6.6,7.75,,,,,,,1
2083192,7220204,D01,8.25,,8.8,7.8,,,,,,,6
48018017,7340201,A00,,,,7.75,,,,8.0,8.0,,1
28027928,7340115,D01,6.4,,8.4,8.0,,,,,,,1
48025421,7480202,D01,6.6,,8.2,7.75,,,,,,,0
2049111,7510203,A01,,,5.8,6.8,,,,7.0,,,3
2073590,7819010,B00,,,,6.25,,,,,6.25,6.2,2
2062515,7480201,A00,,,,7.75,,,,7.0,7.2,,0
47000948,7380107,A00,,,,7.8,,,,7.0,7.25,,5
49011215,7510303,A00,,,,7.25,,,,8.5,7.6,,3
2040197,7340301,D01,8.5,,8.2,6.4,,,,,,,1
2036914,7510203,D01,6.4,,6.6,6.5,,,,,,,3
2026969,7340122,D01,7.6,,7.4,8.0,,,,,,,1
48018072,7510303,D01,6.5,,7.8,7.6,,,,,,,3
2084265,7810103,A00,,,,6.0,,,,7.0,7.0,,2
40015713,7340129,D01,6.0,,7.2,7.5,,,,,,,4
2067068,7340301,D01,7.5,,8.2,7.6,,,,,,,1
2079240,7480201,A00,,,,8.2,,,,6.5,7.75,,0
35009507,7380107,D01,3.6,,7.0,8.5,,,,,,,5
32006991,7510303,A00,,,,5.75,,,,8.0,8.2,,3
2022504,7380107,D01,8.8,,7.8,6.5,,,,,,,5
49003722,7340301,A01,,,8.2,7.6,,,,7.5,,,1
35009165,7510301,A01,,,6.4,5.75,,,,7.6,,,3
4009638,7340201,A01,,,8.2,8.6,,,,7.75,,,1
30006521,7340101,A00,,,,7.75,,,,7.75,7.6,,1
2003965,7510301,D01,7.2,,6.0,5.75,,,,,,,3
61008166,7340201,D01,5.2,,7.2,9.5,,,,,,,1
2043344,7510401,D07,,,7.2,7.4,,,,,7.25,,3
2079389,7510202,D01,6.5,,7.4,7.4,,,,,,,3
2044048,7540106,D07,,,7.6,7.25,,,,,8.0,,4
56004202,7510203,A00,,,,5.75,,,,6.5,7.8,,3
2049849,7810201,A01,,,7.2,5.5,,,,5.8,,,2
37009955,7480201,A00,,,,7.5,,,,7.75,8.2,,0
38007612,7540106,D07,,,6.2,6.25,,,,,7.6,,4
2033236,7810201,D01,6.6,,6.8,6.25,,,,,,,2
44012919,7540101,A00,,,,8.0,,,,8.5,7.5,,4
37015027,7340115,A01,,,8.4,7.75,,,,7.8,,,1
41011250,7380107,A00,,,,7.8,,,,6.75,7.5,,5
54012352,7810103,D15,6.75,7.4,8.75,,,,,,,,2
35006944,7480202,D01,8.25,,5.4,6.8,,,,,,,0
37016669,7810103,D01,7.75,,7.6,7.8,,,,,,,2
47010308,7480201,A00,,,,7.0,,,,7.25,6.4,,0
63001194,7340101,A00,,,,7.0,,,,7.25,7.6,,1
2079571,7540101,D07,,,7.6,7.75,,,,,5.8,,4
48013311,7340129,D01,7.6,,6.8,7.25,,,,,,,4
44006250,7480202,A00,,,,7.0,,,,7.75,8.0,,0
38012958,7380107,D01,9.0,,6.4,6.2,,,,,,,5
40010227,7340115,A00,,,,7.75,,,,7.75,8.8,,1
35008143,7340115,A00,,,,7.25,,,,8.0,8.0,,1
37007073,7510301,D01,5.5,,5.6,7.2,,,,,,,3
42013757,7480201,D01,7.8,,6.8,6.0,,,,,,,0
40005558,7340120,A01,,,8.4,8.2,,,,7.0,,,1
2076135,7340101,A00,,,,8.8,,,,8.25,6.75,,1
37015927,7510303,D01,6.5,,3.8,7.0,,,,,,,3
2045839,7510303,A00,,,,7.75,,,,6.25,7.4,,3
40006972,7340120,A00,,,,8.6,,,,7.0,7.75,,1
35002415,7510301,D01,5.8,,8.0,7.25,,,,,,,3
2043600,7340301,D01,6.0,,7.6,7.75,,,,,,,1
30007889,7510301,D01,8.75,,5.2,7.8,,,,,,,3
42008991,7510203,D01,4.8,,6.4,6.25,,,,,,,3
43000278,7340101,D01,6.2,,7.8,8.0,,,,,,,1
33000184,7340120,D01,8.25,,7.8,7.4,,,,,,,1
42012206,7340120,D01,7.4,,7.2,7.75,,,,,,,1
42000900,7420201,B00,,,,7.5,,,,,7.0,7.2,4
61002767,7540101,A00,,,,7.5,,,,7.5,7.2,,4
51011440,7510301,D01,7.25,,7.8,6.4,,,,,,,3
37012881,7340120,D01,8.2,,7.4,8.5,,,,,,,1
31002474,7540101,B00,,,,8.4,,,,,8.5,8.0,4
48026963,7540106,A00,,,,7.6,,,,6.25,6.0,,4
54013724,7420201,B00,,,,8.0,,,,,8.0,7.6,4
2014704,7819010,A01,,,7.4,7.5,,,,7.6,,,2
41002293,7340301,A00,,,,8.4,,,,7.0,7.25,,1
48005979,7480202,D01,5.4,,6.4,6.75,,,,,,,0
40012198,7340115,A00,,,,7.75,,,,7.75,7.8,,1
35002124,7810103,D01,8.0,,7.0,7.6,,,,,,,2
34008997,7220201,D01,6.4,,8.2,7.75,,,,,,,6
44007546,7540101,B00,,,,7.0,,,,,8.0,8.0,4
45003221,7340205,D01,6.4,,6.6,7.25,,,,,,,1
56010435,7340115,D01,7.25,,8.6,8.6,,,,,,,1
2050107,7480201,D01,8.0,,8.6,8.4,,,,,,,0
61003139,7540101,B00,,,,7.5,,,,,7.5,7.2,4
2019284,7340115,D01,7.6,,7.2,7.75,,,,,,,1
44002501,7340301,A00,,,,6.5,,,,7.25,7.6,,1
37008837,7340129,A01,,,8.2,7.2,,,,6.5,,,4
43002828,7340201,A00,,,,7.25,,,,7.75,7.2,,1
37017250,7340122,A00,,,,8.25,,,,8.25,8.2,,1
33001475,7340201,A00,,,,8.4,,,,6.75,7.25,,1
52012905,7340201,D01,7.0,,7.6,8.2,,,,,,,1
48010131,7850101,D07,,,7.2,6.4,,,,,7.25,,4
2044088,7220204,A01,,,7.8,7.0,,,,6.6,,,6
41013907,7340129,A00,,,,7.5,,,,6.25,7.8,,4
36003109,7340120,A00,,,,7.75,,,,8.0,7.4,,1
2077835,7340201,D01,5.6,,7.6,7.25,,,,,,,1
54011598,7480201,A00,,,,6.25,,,,7.25,8.2,,0
53002606,7380107,D01,7.5,,7.2,8.0,,,,,,,5
35000334,7540204,A00,,,,7.4,,,,5.75,6.0,,3
50005541,7220201,D01,9.0,,6.2,7.5,,,,,,,6
44007732,7220201,D01,7.0,,6.6,7.5,,,,,,,6
40020615,7819010,B00,,,,7.25,,,,,8.25,7.8,2
48002510,7480201,D01,6.75,,7.0,8.8,,,,,,,0
52007489,7810201,D01,7.2,,7.6,7.5,,,,,,,2
51007902,7480201,A00,,,,7.8,,,,8.25,6.75,,0
48027976,7220201,D09,,,6.6,8.25,,,7.0,,,,6
53003703,7510303,D01,5.2,,6.8,5.75,,,,,,,3
53009645,7380107,D01,7.2,,7.0,8.5,,,,,,,5
31001601,7480201,D07,,,7.8,7.75,,,,,6.8,,0
61006182,7810201,D01,7.75,,8.8,6.2,,,,,,,2
2071476,7540101,D07,,,7.2,7.25,,,,,7.8,,4
49012223,7340101,A00,,,,7.25,,,,7.75,7.6,,1
2023460,7340205,D01,5.8,,7.8,6.25,,,,,,,1
50014061,7220201,A01,,,8.2,8.2,,,,8.5,,,6
2044912,7420201,A01,,,8.2,7.5,,,,7.2,,,4
2056636,7380107,D01,7.75,,6.8,7.0,,,,,,,5
2041184,7510401,B00,,,,6.6,,,,,7.75,6.75,3
2005531,7480202,A00,,,,7.4,,,,7.75,6.25,,0
2063185,7810201,D01,5.8,,8.2,6.0,,,,,,,2
46002182,7340115,D01,7.4,,8.2,8.0,,,,,,,1
52011602,7340120,D01,7.75,,8.6,6.8,,,,,,,1
2052769,7810202,D01,6.8,,7.4,7.25,,,,,,,2
49005631,7540106,A00,,,,7.0,,,,5.5,6.0,,4
36000855,7480201,D07,,,8.6,7.0,,,,,6.5,,0
2070103,7340120,D01,9.0,,7.4,6.0,,,,,,,1
35009868,7220204,D01,8.5,,7.2,7.0,,,,,,,6
54008517,7480201,A01,,,8.2,8.25,,,,6.8,,,0
2088353,7340120,A01,,,9.0,8.0,,,,7.25,,,1
2022091,7480201,D01,7.75,,9.2,8.2,,,,,,,0
52004582,7819010,A01,,,7.8,6.0,,,,5.0,,,2
24007991,7340301,D01,8.5,,6.0,8.8,,,,,,,1
2079850,7340301,D01,8.4,,8.0,6.5,,,,,,,1
2042261,7340120,A01,,,8.8,8.0,,,,7.25,,,1
43006875,7810201,D15,7.0,6.6,8.75,,,,,,,,2
61010056,7480202,D01,5.75,,5.2,5.0,,,,,,,0
2009672,7480202,A00,,,,8.25,,,,8.5,7.6,,0
2068572,7510401,D07,,,7.0,7.5,,,,,6.8,,3
2011248,7510401,D07,,,7.6,5.0,,,,,5.2,,3
45003346,7810103,A01,,,8.6,8.2,,,,6.75,,,2
48020308,7480202,D01,8.0,,6.2,5.5,,,,,,,0
52012236,7340120,A01,,,8.6,7.75,,,,7.6,,,1
2079394,7510401,B00,,,,6.8,,,,,6.75,5.75,3
49002568,7510401,A00,,,,7.0,,,,7.5,7.4,,3
2034818,7480201,D01,8.8,,7.0,7.0,,,,,,,0
2018704,7850101,D07,,,7.4,7.4,,,,,8.25,,4
2008528,7220201,D01,7.5,,8.2,8.0,,,,,,,6
2064172,7340301,A00,,,,5.75,,,,7.0,7.4,,1
61003014,7540105,D07,,,6.0,6.2,,,,,7.25,,4
2040154,7480201,A00,,,,8.4,,,,7.0,8.0,,0
56007062,7480202,A00,,,,5.8,,,,6.25,6.75,,0
49002823,7480201,D07,,,7.4,7.25,,,,,6.6,,0
2062255,7510303,D07,,,7.8,7.0,,,,,7.0,,3
53005863,7340101,A00,,,,8.0,,,,5.75,7.2,,1
2043679,7480201,A01,,,8.6,8.0,,,,8.0,,,0
2081370,7340301,A00,,,,7.2,,,,7.5,8.25,,1
2039333,7480201,D01,7.75,,9.4,7.6,,,,,,,0
32000565,7340120,D01,6.8,,8.2,8.0,,,,,,,1
40008108,7480201,A00,,,,7.8,,,,7.25,7.0,,0
52003909,7510303,D01,7.25,,5.2,6.4,,,,,,,3
2039877,7510301,D01,6.0,,8.0,6.2,,,,,,,3
51004074,7510301,D01,5.4,,7.0,7.5,,,,,,,3
21007129,7340101,D01,5.2,,7.8,8.25,,,,,,,1
42007682,7480201,A00,,,,8.25,,,,7.0,7.8,,0
35008981,7520115,D01,4.2,,7.2,7.5,,,,,,,3
2045013,7480201,A00,,,,6.5,,,,7.75,8.8,,0
2027573,7340201,A01,,,8.4,8.2,,,,7.25,,,1
2039522,7810202,D01,8.8,,8.4,7.25,,,,,,,2
51004663,7480201,A00,,,,7.5,,,,7.5,8.0,,0
56001271,7819010,A00,,,,6.75,,,,5.0,6.2,,2
2056735,7340301,A01,,,7.2,6.5,,,,7.4,,,1
2048274,7810202,A00,,,,7.0,,,,7.5,7.6,,2
42010893,7819010,B00,,,,7.25,,,,,8.0,7.0,2
48005552,7510303,A00,,,,7.8,,,,5.25,5.0,,3
2022663,7340301,A00,,,,8.4,,,,7.0,7.75,,1
49002053,7380107,D01,7.75,,6.8,7.0,,,,,,,5
2044891,7510301,A01,,,8.0,6.75,,,,7.2,,,3
60001323,7420201,B00,,,,8.5,,,,,7.75,7.4,4
47003728,7340101,D01,7.8,,7.6,7.5,,,,,,,1
37013686,7510303,A00,,,,8.25,,,,7.5,8.0,,3
2035195,7540101,A00,,,,7.0,,,,7.0,7.8,,4
47003411,7540106,D07,,,7.2,7.6,,,,,6.75,,4
2085981,7510401,A00,,,,6.8,,,,7.5,7.0,,3
2073411,7510301,D01,7.0,,6.4,6.6,,,,,,,3
44007642,7510401,A00,,,,5.25,,,,6.25,8.0,,3
56010546,7510203,A00,,,,7.2,,,,6.0,4.75,,3
53006596,7340201,A00,,,,8.0,,,,7.75,8.0,,1
2018487,7850101,A00,,,,6.25,,,,5.0,6.4,,4
53015513,7480202,D01,7.0,,3.6,6.4,,,,,,,0
53003346,7540204,D01,6.8,,5.8,8.5,,,,,,,3
42011407,7810202,D01,7.5,,7.8,7.6,,,,,,,2
35010415,7340115,D01,7.0,,8.0,8.75,,,,,,,1
2021670,7380107,A00,,,,7.6,,,,7.5,6.5,,5
37013124,7340101,D01,6.6,,7.6,7.25,,,,,,,1
45004562,7480201,D01,7.4,,7.6,8.25,,,,,,,0
53007371,7540204,A01,,,8.4,7.6,,,,6.75,,,3
49010396,7340201,A00,,,,8.25,,,,7.5,8.2,,1
2082470,7340120,D01,7.6,,7.0,8.5,,,,,,,1
49013847,7510303,A00,,,,6.5,,,,7.0,7.2,,3
2008120,7510401,D07,,,6.4,7.6,,,,,7.25,,3
46001840,7340101,A00,,,,8.0,,,,8.0,7.8,,1
48010106,7340101,D01,7.0,,9.0,7.6,,,,,,,1
2085768,7510301,D01,6.0,,6.0,7.2,,,,,,,3
2026384,7540101,A00,,,,8.25,,,,8.5,7.4,,4
55000219,7480201,D01,7.5,,7.0,7.8,,,,,,,0
35002822,7220204,D01,7.0,,7.4,8.25,,,,,,,6
32006743,7510202,A01,,,7.0,6.75,,,,5.6,,,3
48022096,7480202,A00,,,,7.25,,,,6.5,8.4,,0
52005196,7340101,A01,,,8.6,7.0,,,,8.0,,,1
60000974,7510401,B00,,,,8.2,,,,,7.5,8.75,3
2008477,7220201,D09,,,7.2,8.25,,,8.2,,,,6
41005958,7340122,A00,,,,8.25,,,,8.0,7.6,,1
48026013,7540101,D07,,,9.2,8.0,,,,,7.25,,4
53015262,7540204,A00,,,,7.8,,,,7.25,8.0,,3
40008247,7510303,A00,,,,6.0,,,,7.5,7.4,,3
2079845,7380107,A00,,,,6.5,,,,7.75,7.2,,5
48012725,7480201,D01,7.8,,7.4,6.5,,,,,,,0
37005210,7540101,B00,,,,6.75,,,,,6.75,7.4,4
43002656,7480201,A00,,,,6.75,,,,9.0,7.8,,0
39000249,7220204,D01,7.0,,9.4,7.0,,,,,,,6
40002701,7810202,A00,,,,7.6,,,,6.75,7.5,,2
47005992,7510203,A00,,,,5.4,,,,6.75,4.25,,3
40001093,7540101,A01,,,7.8,6.75,,,,7.4,,,4
2062757,7480201,A00,,,,6.5,,,,6.75,8.0,,0
48008260,7340201,A01,,,8.0,7.4,,,,7.75,,,1
39009471,7540101,A00,,,,7.75,,,,7.75,7.8,,4
2067320,7510303,D01,6.5,,8.2,6.4,,,,,,,3
41007013,7480201,A01,,,8.4,8.6,,,,7.25,,,0
2025307,7810201,D01,6.5,,8.2,8.0,,,,,,,2
2061797,7380107,D01,7.0,,7.4,7.0,,,,,,,5
37012532,7480201,D07,,,8.6,8.0,,,,,7.25,,0
43003863,7810201,D01,6.6,,7.4,7.75,,,,,,,2
53013265,7480201,D01,7.6,,8.4,8.0,,,,,,,0
48019124,7380107,D01,7.25,,7.2,7.4,,,,,,,5
49011013,7540204,D07,,,8.6,8.0,,,,,8.25,,3
39005117,7480202,D01,5.75,,6.8,6.0,,,,,,,0
48013602,7340122,A00,,,,8.0,,,,7.75,7.6,,1
50004735,7510303,A00,,,,7.0,,,,8.0,8.0,,3
2046349,7340115,D01,8.4,,8.4,7.75,,,,,,,1
40004423,7340101,A01,,,7.2,6.25,,,,8.0,,,1
46008366,7480201,A00,,,,7.0,,,,7.0,6.6,,0
49009228,7510202,A00,,,,5.5,,,,7.25,6.2,,3
2018803,7810103,D01,8.4,,6.6,6.5,,,,,,,2
42009722,7340115,D01,6.4,,7.6,9.0,,,,,,,1
48010977,7480202,D01,8.4,,7.4,7.0,,,,,,,0
49010474,7340120,D01,6.8,,7.6,7.33,,,,,,,1
2015419,7340201,D01,9.0,,7.0,6.25,,,,,,,1
47009753,7340115,A00,,,,7.75,,,,7.25,8.2,,1
42004260,7810201,D01,6.0,,8.4,8.25,,,,,,,2
46009368,7510401,A00,,,,6.75,,,,7.75,7.6,,3
38014651,7340101,A00,,,,7.25,,,,7.75,6.6,,1
2019899,7340201,A00,,,,6.5,,,,8.0,7.2,,1
37016909,7380107,A00,,,,7.25,,,,8.25,7.6,,5
2045364,7220201,D01,7.6,,7.0,8.25,,,,,,,6
49010527,7340201,D01,5.8,,7.0,8.0,,,,,,,1
52007731,7810201,D01,7.75,,8.2,7.8,,,,,,,2
46005637,7220201,D01,8.0,,6.8,7.5,,,,,,,6
49007701,7510303,A00,,,,8.6,,,,7.5,8.0,,3
2018037,7220201,A01,,,8.4,7.25,,,,7.6,,,6
2002109,7810202,D01,6.4,,6.6,6.5,,,,,,,2
39006456,7810201,D01,4.6,,7.0,6.75,,,,,,,2
37015706,7480201,A00,,,,8.2,,,,7.75,7.0,,0
2023487,7340205,D01,5.0,,6.8,6.75,,,,,,,1
35003342,7510301,D01,4.0,,6.4,7.0,,,,,,,3
53004272,7340115,A00,,,,7.0,,,,8.5,7.4,,1
46008981,7810201,A00,,,,8.6,,,,8.0,7.5,,2
2017572,7340129,D01,7.0,,7.0,7.75,,,,,,,4
2066935,7380107,D01,7.2,,7.4,7.0,,,,,,,5
37012587,7540204,D01,6.25,,6.2,6.4,,,,,,,3
40013050,7340201,A00,,,,6.25,,,,7.0,7.6,,1
59001264,7540101,A00,,,,8.0,,,,7.75,8.0,,4
46000495,7510203,A00,,,,6.6,,,,6.0,6.25,,3
53006216,7810202,A00,,,,6.25,,,,8.75,7.4,,2
2048039,7540101,D07,,,7.8,8.25,,,,,8.6,,4
43006733,7540106,B00,,,,8.0,,,,,4.25,5.0,4
39008325,7340120,A00,,,,8.0,,,,7.5,7.25,,1
2063206,7340120,A00,,,,7.5,,,,7.75,8.0,,1
35008685,7340201,A00,,,,7.4,,,,6.5,9.0,,1
2086264,7380107,D01,7.0,,7.6,7.4,,,,,,,5
2029812,7540101,B00,,,,7.25,,,,,7.75,8.2,4
48011068,7220204,D09,,,7.8,7.2,,,8.25,,,,6
30005162,7480201,A00,,,,8.0,,,,8.0,7.75,,0
56006455,7380107,D01,7.2,,7.8,7.75,,,,,,,5
37012298,7340122,D01,6.6,,7.4,8.0,,,,,,,1
2070064,7510401,B00,,,,7.75,,,,,6.0,6.0,3
49010743,7810202,A00,,,,7.2,,,,7.25,8.0,,2
40004342,7540101,B00,,,,9.5,,,,,8.5,8.4,4
2017079,7810202,D01,6.8,,7.6,7.0,,,,,,,2
64006698,7540101,A00,,,,6.75,,,,6.75,8.0,,4
35002392,7480201,D01,8.0,,7.0,8.2,,,,,,,0
47010011,7340129,A00,,,,6.75,,,,6.75,8.0,,4
40002811,7480201,A00,,,,7.2,,,,7.5,8.0,,0
54014026,7540101,B00,,,,7.25,,,,,7.75,8.4,4
63002461,7340115,D01,7.6,,8.0,8.25,,,,,,,1
37011493,7510202,D01,5.5,,5.2,5.8,,,,,,,3
48020989,7340129,D01,7.25,,8.2,7.8,,,,,,,4
48029652,7480202,A00,,,,7.2,,,,5.0,6.75,,0
35010663,7340120,D01,7.5,,8.2,7.4,,,,,,,1
43010484,7810202,A00,,,,7.6,,,,6.5,8.5,,2
42010227,7340115,A00,,,,7.4,,,,8.0,8.0,,1
37009977,7340120,A00,,,,7.25,,,,7.5,8.0,,1
47006629,7510203,D01,6.25,,8.4,6.6,,,,,,,3
2075156,7340115,D01,8.0,,7.8,6.75,,,,,,,1
40009150,7340201,D01,6.2,,7.2,7.0,,,,,,,1
37017000,7340115,D01,6.4,,8.2,8.0,,,,,,,1
47008229,7420201,A00,,,,6.75,,,,7.25,6.6,,4
51004964,7540106,A01,,,6.6,7.5,,,,6.8,,,4
46005719,7340101,D01,8.0,,8.4,7.2,,,,,,,1
51016174,7480201,A00,,,,7.6,,,,7.5,8.25,,0
47005902,7520115,D01,6.5,,4.8,6.4,,,,,,,3
52000004,7340101,A00,,,,7.25,,,,6.5,7.4,,1
42009170,7540101,B00,,,,7.0,,,,,7.25,6.8,4
2085934,7420201,B00,,,,7.6,,,,,7.25,6.0,4
2083462,7480201,D07,,,8.0,7.6,,,,,7.5,,0
47006639,7480201,A00,,,,7.75,,,,7.0,8.2,,0
52007085,7819009,B00,,,,6.75,,,,,7.5,7.0,2
48006554,7480201,A00,,,,8.4,,,,7.5,7.75,,0
2034989,7340129,D01,8.0,,7.2,7.0,,,,,,,4
35001927,7340120,D01,8.5,,7.2,7.8,,,,,,,1
40020001,7340101,D01,5.6,,7.2,7.75,,,,,,,1
50001950,7510203,A00,,,,7.5,,,,7.25,6.6,,3
52001703,7510202,A01,,,5.6,6.0,,,,7.0,,,3
2050103,7340301,A00,,,,7.8,,,,7.5,7.75,,1
29002116,7340120,D01,6.8,,8.4,8.75,,,,,,,1
56009835,7220204,D01,7.2,,7.6,8.25,,,,,,,6
2040943,7510203,D01,5.75,,4.0,6.0,,,,,,,3
40003324,7480201,D01,8.2,,6.0,8.75,,,,,,,0
2039633,7340301,D01,7.2,,7.2,6.25,,,,,,,1
2023475,7340120,A01,,,7.8,8.8,,,,7.75,,,1
35000405,7540106,A00,,,,7.6,,,,6.0,5.75,,4
2006712,7510202,A01,,,6.6,6.5,,,,5.0,,,3
2067016,7480201,A01,,,8.6,8.4,,,,6.0,,,0
46004385,7480201,A01,,,8.8,7.4,,,,7.25,,,0
2039317,7340115,A01,,,7.0,7.5,,,,8.0,,,1
52002874,7420201,A00,,,,7.0,,,,5.25,4.5,,4
2072829,7340101,A01,,,9.2,8.0,,,,7.5,,,1
47007444,7510401,B00,,,,6.75,,,,,6.5,7.4,3
2040475,7340201,A00,,,,8.0,,,,8.0,8.4,,1
2076968,7540106,A00,,,,6.75,,,,7.25,7.4,,4
2065568,7340301,D01,8.0,,6.4,7.25,,,,,,,1
53014373,7340120,D01,5.6,,8.2,7.75,,,,,,,1
48007033,7510303,A01,,,7.6,6.4,,,,5.5,,,3
2044300,7480202,D07,,,9.0,4.2,,,,,5.75,,0
37008512,7340115,D01,5.6,,8.2,8.5,,,,,,,1
2046727,7510303,A00,,,,6.5,,,,7.25,8.2,,3
49010337,7340301,A00,,,,5.75,,,,7.25,7.4,,1
2018779,7340101,D01,7.2,,6.8,7.25,,,,,,,1
37013011,7340120,A00,,,,8.0,,,,8.0,6.8,,1
49007600,7460108,D01,4.2,,5.0,7.75,,,,,,,0
2083924,7850101,D07,,,6.0,7.4,,,,,7.5,,4
41002032,7340120,D01,7.2,,7.8,8.25,,,,,,,1
37007775,7480201,A00,,,,8.4,,,,7.75,7.5,,0
2078803,7510203,A00,,,,6.4,,,,6.25,5.5,,3
2060837,7340301,A00,,,,6.5,,,,6.0,7.6,,1
43009443,7480201,A00,,,,7.75,,,,7.25,7.6,,0
2017168,7480202,D07,,,7.8,8.0,,,,,7.0,,0
45005491,7480201,A00,,,,8.6,,,,7.0,7.75,,0
43000731,7380107,A00,,,,8.0,,,,7.5,7.2,,5
2055245,7340205,A00,,,,7.0,,,,7.75,7.6,,1
2065345,7340201,A00,,,,6.5,,,,7.25,8.0,,1
37001084,7340120,A00,,,,7.5,,,,7.0,8.0,,1
2000863,7480202,A00,,,,5.75,,,,6.25,5.8,,0
46010166,7480201,A00,,,,6.5,,,,6.75,7.6,,0
2077919,7510303,A00,,,,5.8,,,,5.5,6.25,,3
2025414,7510301,D01,7.4,,6.8,5.5,,,,,,,3
2003537,7810201,D01,7.75,,8.4,7.8,,,,,,,2
40009913,7340101,A00,,,,5.75,,,,8.75,7.2,,1
51010941,7480201,D01,7.4,,6.8,8.75,,,,,,,0
37010025,7510203,D01,5.5,,5.6,6.8,,,,,,,3
34013705,7510203,D01,6.25,,7.0,7.8,,,,,,,3
48021591,7340129,A01,,,6.8,6.8,,,,6.5,,,4
2065617,7510303,A00,,,,7.5,,,,6.75,7.2,,3
43000425,7510303,D01,5.75,,5.4,5.2,,,,,,,3
35007920,7540204,A00,,,,8.0,,,,4.5,8.25,,3
47003498,7340201,A00,,,,7.25,,,,8.25,7.8,,1
39009980,7340301,A01,,,8.4,7.2,,,,7.0,,,1
2064065,7340115,A00,,,,6.75,,,,7.75,8.0,,1
2068778,7510401,B00,,,,7.2,,,,,6.0,7.75,3
52003510,7380107,A00,,,,8.0,,,,6.0,7.5,,5
51009548,7480201,A00,,,,7.75,,,,7.25,7.8,,0
30016781,7540101,B00,,,,7.75,,,,,8.0,8.6,4
46002214,7220201,D01,7.75,,8.2,7.4,,,,,,,6
2049137,7420201,A00,,,,8.0,,,,6.75,8.0,,4
49004108,7340201,A00,,,,6.5,,,,8.25,7.2,,1
53003199,7220201,D01,7.2,,7.8,8.5,,,,,,,6
61000246,7340301,A00,,,,6.75,,,,7.75,8.4,,1
2020039,7340129,A01,,,6.4,7.4,,,,7.0,,,4
2023428,7810201,D01,6.6,,6.8,7.25,,,,,,,2
48003959,7480201,A00,,,,7.5,,,,8.0,7.8,,0
47009297,7540101,A00,,,,7.25,,,,8.0,8.4,,4
53000362,7480201,D01,7.25,,7.2,8.0,,,,,,,0
57006513,7380107,A00,,,,6.8,,,,7.0,7.75,,5
29001314,7810103,D15,6.5,6.8,7.5,,,,,,,,2
2035290,7850101,A00,,,,6.75,,,,7.0,6.4,,4
47000540,7480201,A01,,,9.4,7.4,,,,7.75,,,0
63006648,7340115,A00,,,,7.75,,,,8.0,7.2,,1
46000239,7480202,D01,6.25,,9.0,6.2,,,,,,,0
2007251,7340120,D01,6.8,,7.6,7.5,,,,,,,1
47010937,7510401,B00,,,,6.0,,,,,7.75,7.6,3
2056211,7380107,D01,7.5,,6.6,7.6,,,,,,,5
35011261,7340129,D01,6.4,,7.6,6.25,,,,,,,4
35002436,7480201,A00,,,,8.2,,,,8.25,7.75,,0
38013129,7340101,A01,,,9.2,7.8,,,,6.25,,,1
2031444,7420201,B00,,,,8.0,,,,,5.75,7.6,4
43005786,7510203,A00,,,,6.8,,,,5.25,5.0,,3
36001154,7480201,A01,,,7.8,6.75,,,,6.8,,,0
2035243,7520115,D01,6.4,,6.8,6.75,,,,,,,3
2048201,7520115,A00,,,,7.2,,,,5.25,8.5,,3
2082569,7340301,D01,6.25,,8.8,7.8,,,,,,,1
2032682,7340129,D01,6.25,,7.4,7.2,,,,,,,4
42012778,7480202,D01,6.2,,7.2,7.0,,,,,,,0
51018710,7340101,D01,6.0,,5.8,9.0,,,,,,,1
53011469,7480201,D07,,,8.2,8.0,,,,,6.8,,0
43003012,7340101,A00,,,,6.75,,,,8.0,7.6,,1
2042768,7480201,A01,,,7.4,7.8,,,,7.75,,,0
47006779,7340122,A01,,,7.2,6.75,,,,8.0,,,1
56001865,7540106,A00,,,,7.0,,,,6.25,6.5,,4
58008819,7420201,B00,,,,8.0,,,,,7.0,8.0,4
2044201,7510303,A01,,,7.2,4.75,,,,7.2,,,3
57005904,7810201,A00,,,,6.0,,,,7.5,6.8,,2
30011576,7340201,A00,,,,6.5,,,,8.5,7.4,,1
51000597,7480201,A01,,,8.4,7.2,,,,7.75,,,0
2047534,7540101,A01,,,7.0,6.5,,,,8.4,,,4
49012158,7480201,A00,,,,7.75,,,,8.5,7.8,,0
51001448,7540101,A00,,,,8.0,,,,7.75,8.75,,4
2035484,7480201,A00,,,,7.75,,,,7.75,8.2,,0
58007108,7220201,D01,7.75,,7.4,8.2,,,,,,,6
2018324,7340301,A00,,,,6.0,,,,8.25,7.4,,1
29034753,7340101,D01,6.8,,7.8,9.0,,,,,,,1
54004574,7540101,A00,,,,8.2,,,,8.5,7.0,,4
2062292,7340301,D01,6.4,,7.6,7.75,,,,,,,1
44011149,7340101,D01,6.4,,7.4,8.0,,,,,,,1
2028255,7510303,D07,,,7.2,7.25,,,,,5.2,,3
2034986,7810201,D15,7.25,6.8,6.5,,,,,,,,2
46006520,7340101,A00,,,,7.5,,,,7.75,7.0,,1
2021748,7340201,D01,8.0,,8.2,7.6,,,,,,,1
2018358,7480201,D07,,,7.8,7.25,,,,,7.0,,0
36003086,7480201,A00,,,,6.75,,,,8.5,8.8,,0
2084583,7810103,A00,,,,6.0,,,,6.25,6.2,,2
47004213,7540101,A00,,,,7.6,,,,7.5,8.75,,4
2049548,7510301,D01,6.5,,7.6,7.4,,,,,,,3
37012046,7480202,D01,7.0,,7.6,8.0,,,,,,,0
37001136,7480201,A01,,,7.8,7.6,,,,7.25,,,0
2051192,7819010,B00,,,,6.5,,,,,5.25,6.6,2
2063214,7810201,D15,6.0,5.0,7.5,,,,,,,,2
37015609,7420201,B00,,,,4.75,,,,,6.75,6.4,4
35007697,7810201,D01,6.75,,7.8,8.2,,,,,,,2
2040918,7540106,D07,,,6.8,8.75,,,,,8.4,,4
43009868,7220201,D09,,,8.2,7.6,,,7.75,,,,6
2054124,7420201,B00,,,,6.25,,,,,6.75,8.2,4
2071551,7480201,A01,,,7.8,7.8,,,,7.25,,,0
49003384,7480201,D01,7.25,,8.8,7.4,,,,,,,0
49008869,7480201,A01,,,8.0,8.4,,,,7.0,,,0
39002500,7510303,D01,5.6,,5.4,7.0,,,,,,,3
48013496,7540101,A00,,,,7.5,,,,7.0,6.8,,4
2069464,7340123,D01,6.4,,7.0,6.75,,,,,,,1
35006628,7480201,D01,7.0,,7.2,7.0,,,,,,,0
47009874,7340101,A00,,,,7.75,,,,7.75,8.4,,1
45002985,7340115,A00,,,,8.0,,,,8.5,7.4,,1
38007341,7220204,D01,8.2,,8.4,7.75,,,,,,,6
2053696,7480201,D07,,,7.8,7.0,,,,,7.0,,0
49003134,7380107,A01,,,8.0,8.0,,,,7.2,,,5
2034855,7340205,D01,5.8,,7.6,6.75,,,,,,,1
2002401,7480201,A00,,,,8.0,,,,8.75,8.4,,0
12000467,7810202,A01,,,9.0,8.0,,,,7.0,,,2
37003489,7340129,D01,7.0,,7.0,6.8,,,,,,,4
35003738,7810201,D01,4.0,,6.8,9.0,,,,,,,2
52011967,7810201,A00,,,,8.4,,,,7.25,8.0,,2
53004963,7510203,A00,,,,6.2,,,,7.5,6.5,,3
56005639,7480201,A00,,,,6.75,,,,7.5,7.0,,0
48032049,7340201,A00,,,,7.25,,,,7.75,7.6,,1
44005380,7480201,D07,,,8.2,7.5,,,,,6.8,,0
42011717,7220201,D01,8.0,,7.0,8.0,,,,,,,6
52008375,7340115,A01,,,8.0,8.5,,,,7.6,,,1
49009980,7540101,A00,,,,7.5,,,,8.5,7.8,,4
57009750,7540105,A01,,,5.8,7.6,,,,5.75,,,4
29020866,7510303,A00,,,,8.8,,,,6.75,5.0,,3
37008444,7340101,A00,,,,7.5,,,,7.75,8.2,,1
35008075,7810201,A00,,,,7.75,,,,7.5,7.2,,2
2089156,7220201,D01,7.0,,9.6,7.6,,,,,,,6
28003414,7340101,D01,6.6,,7.6,7.25,,,,,,,1
2042311,7510203,A01,,,7.8,7.75,,,,8.2,,,3
2044128,7380107,A00,,,,6.5,,,,7.75,8.2,,5
2010018,7380107,D01,7.4,,7.6,8.25,,,,,,,5
49006215,7340301,A00,,,,7.0,,,,7.75,7.8,,1
29017745,7810201,D01,6.4,,7.2,8.5,,,,,,,2
44003504,7540101,A00,,,,7.25,,,,7.0,7.4,,4
51004461,7810201,D01,6.6,,6.8,8.25,,,,,,,2
37011506,7510203,D01,6.25,,3.6,7.0,,,,,,,3
38004814,7810103,A00,,,,7.25,,,,7.75,7.8,,2
46003481,7340301,A00,,,,6.75,,,,8.25,7.0,,1
57009228,7510303,D01,7.5,,6.8,8.2,,,,,,,3
54012143,7810201,D01,7.0,,6.2,7.75,,,,,,,2
49009717,7540101,A00,,,,7.25,,,,7.0,7.6,,4
53011345,7850101,B00,,,,6.75,,,,,5.5,6.8,4
56000745,7810201,A00,,,,6.8,,,,7.0,8.25,,2
56002157,7510401,B00,,,,8.0,,,,,7.75,7.25,3
2034679,7480201,A00,,,,8.6,,,,6.25,8.0,,0
2016071,7819010,D07,,,7.2,5.75,,,,,6.4,,2
53003324,7810202,D01,7.75,,9.0,8.0,,,,,,,2
2004451,7540106,A01,,,7.4,7.6,,,,7.25,,,4
44013429,7480201,D01,7.0,,8.2,8.0,,,,,,,0
2044256,7819009,A00,,,,7.25,,,,6.0,7.4,,2
37011454,7340201,D01,6.6,,8.0,7.75,,,,,,,1
37009928,7460108,A01,,,7.8,7.75,,,,7.4,,,0
2040456,7380107,A00,,,,7.25,,,,7.75,8.4,,5
2008857,7340123,D01,7.25,,4.6,7.4,,,,,,,1
53006211,7340301,D01,5.6,,6.6,8.0,,,,,,,1
46001886,7480202,D07,,,9.2,7.4,,,,,8.25,,0
2040846,7510303,A00,,,,7.5,,,,7.0,8.0,,3
47006731,7810103,D01,7.75,,7.6,7.2,,,,,,,2
45003969,7510401,B00,,,,6.5,,,,,5.25,6.4,3
60002384,7340101,A00,,,,7.5,,,,7.75,8.2,,1
41004272,7380107,D01,8.2,,6.8,7.5,,,,,,,5
2034618,7340129,A01,,,6.0,6.75,,,,6.2,,,4
49009788,7810202,A00,,,,8.0,,,,7.0,7.5,,2
2022233,7340120,D01,7.2,,7.4,7.25,,,,,,,1
56000707,7480202,A01,,,8.0,7.75,,,,7.0,,,0
29030686,7810103,D15,7.75,6.0,8.0,,,,,,,,2
51002919,7480202,D01,4.8,,7.2,7.75,,,,,,,0
2072398,7540106,A00,,,,7.2,,,,6.0,8.0,,4
53007125,7340120,D01,5.6,,7.6,8.75,,,,,,,1
49011890,7540101,A00,,,,8.8,,,,7.0,7.75,,4
49008373,7220204,D01,8.0,,7.8,8.0,,,,,,,6
44009029,7340115,D01,7.6,,8.0,8.5,,,,,,,1
46001992,7480201,D01,6.6,,7.2,7.5,,,,,,,0
29026485,7340129,A00,,,,8.4,,,,6.25,8.0,,4
42005409,7340123,A01,,,7.2,6.75,,,,6.4,,,1
43003878,7480202,D01,6.2,,6.4,8.0,,,,,,,0
51004772,7340115,D01,5.4,,8.0,8.75,,,,,,,1
2023261,7480201,A01,,,8.0,7.0,,,,8.6,,,0
48008679,7510202,D01,5.0,,7.2,6.5,,,,,,,3
46009356,7340120,A00,,,,8.0,,,,7.75,7.8,,1
2032008,7810202,A01,,,8.6,7.4,,,,6.75,,,2
2005756,7850101,D07,,,6.4,4.5,,,,,5.8,,4
2067344,7340101,D01,7.75,,8.8,7.2,,,,,,,1
44013530,7220201,D01,7.5,,8.2,7.8,,,,,,,6
2018891,7510202,A01,,,7.8,7.5,,,,6.8,,,3
43004841,7220204,D09,,,5.6,8.75,,,6.8,,,,6
52007898,7480201,A01,,,9.0,7.8,,,,6.75,,,0
33005081,7380107,A00,,,,4.5,,,,7.0,7.6,,5
46001855,7220201,A01,,,8.0,7.5,,,,8.4,,,6
38011535,7480201,A00,,,,7.6,,,,8.25,7.0,,0
2078557,7810201,D01,8.0,,7.6,7.25,,,,,,,2
49000504,7510301,D01,6.5,,7.4,4.0,,,,,,,3
48010902,7480201,A01,,,7.2,7.0,,,,7.6,,,0
29015609,7340120,A00,,,,8.25,,,,8.0,7.6,,1
49013485,7340201,D01,6.75,,9.2,8.0,,,,,,,1
52009300,7510202,D01,5.4,,7.6,6.5,,,,,,,3
2049174,7510301,A00,,,,6.4,,,,5.75,5.5,,3
53013567,7810201,D15,7.25,7.8,7.5,,,,,,,,2
56005175,7340120,A00,,,,7.25,,,,8.0,7.0,,1
21017491,7819010,D07,,,7.2,5.0,,,,,4.0,,2
2058190,7340123,D01,7.0,,6.2,8.25,,,,,,,1
51011065,7510203,D01,6.8,,6.8,7.25,,,,,,,3
37012778,7480201,A00,,,,7.25,,,,7.75,8.0,,0
2039005,7340115,A00,,,,8.2,,,,8.0,8.25,,1
56011962,7340101,D01,7.5,,8.0,8.0,,,,,,,1
2018356,7810202,D01,8.0,,7.4,7.25,,,,,,,2
2042798,7340301,D01,7.0,,8.0,7.8,,,,,,,1
2057635,7540101,B00,,,,7.75,,,,,8.0,7.0,4
53014435,7340101,D01,8.5,,7.6,7.6,,,,,,,1
44010739,7340301,A00,,,,7.25,,,,8.0,8.2,,1
44007106,7810202,A00,,,,5.0,,,,7.25,6.8,,2
51001856,7340201,A00,,,,9.0,,,,6.75,7.0,,1
50004803,7480201,A00,,,,7.75,,,,8.0,8.4,,0
50003417,7220204,D01,6.6,,7.2,8.5,,,,,,,6
54008699,7810103,A01,,,6.8,7.75,,,,8.4,,,2
2077104,7340301,D01,5.6,,7.0,7.25,,,,,,,1
56004711,7540101,A00,,,,7.75,,,,7.75,7.8,,4
2015037,7540101,A00,,,,8.25,,,,7.75,8.2,,4
2042515,7380107,D15,6.75,6.8,6.25,,,,,,,,5
36000868,7540101,A00,,,,7.6,,,,8.25,7.75,,4
2019607,7340123,A00,,,,7.0,,,,6.5,6.5,,1
49001199,7510301,D01,5.75,,6.4,7.4,,,,,,,3
2018249,7480201,A00,,,,7.0,,,,7.75,8.8,,0
48025939,7510401,B00,,,,6.0,,,,,5.0,7.8,3
2070968,7380107,D01,7.0,,8.2,6.8,,,,,,,5
48008059,7340201,D01,6.0,,8.0,6.0,,,,,,,1
44013790,7340123,D01,4.6,,7.4,8.0,,,,,,,1
48029995,7340129,D01,5.4,,8.2,8.25,,,,,,,4
26016844,7220204,D09,,,8.0,8.5,,,5.4,,,,6
46003399,7340201,D01,8.25,,7.0,7.2,,,,,,,1
61009571,7340115,A00,,,,7.75,,,,8.5,8.2,,1
48018794,7510301,A00,,,,7.0,,,,7.5,7.8,,3
54008585,7380107,D01,5.4,,7.2,7.25,,,,,,,5
49009062,7510303,D01,5.4,,6.4,7.0,,,,,,,3
2051514,7340120,D01,7.4,,8.4,7.25,,,,,,,1
35009051,7340201,D01,4.2,,6.6,9.25,,,,,,,1
47006297,7220201,D01,7.75,,8.8,7.2,,,,,,,6
35003346,7510203,A00,,,,7.4,,,,5.0,6.75,,3
53008304,7540204,D01,5.8,,8.0,9.0,,,,,,,3
2043176,7220201,A01,,,7.8,8.0,,,,6.6,,,6
2045434,7480201,A01,,,7.8,7.5,,,,7.0,,,0
48019967,7510401,A00,,,,5.5,,,,5.25,7.4,,3
43001552,7810103,A00,,,,7.6,,,,7.0,8.25,,2
40017511,7340129,D01,7.6,,6.0,7.5,,,,,,,4
2069131,7340201,A01,,,8.6,8.2,,,,7.25,,,1
2050643,7340120,A01,,,8.0,7.5,,,,8.0,,,1
34008127,7540204,A00,,,,8.8,,,,7.25,6.75,,3
44011585,7220201,D01,6.8,,7.2,7.25,,,,,,,6
37008540,7520115,D01,5.2,,8.0,5.5,,,,,,,3
28014961,7510303,D01,5.2,,7.0,7.75,,,,,,,3
47012720,7340101,D01,6.4,,7.2,7.75,,,,,,,1
2077189,7340201,D01,6.8,,7.8,7.5,,,,,,,1
2047610,7340201,A01,,,8.0,7.6,,,,7.25,,,1
2080840,7510203,A00,,,,7.75,,,,8.25,7.6,,3
2040695,7340201,A01,,,6.4,6.5,,,,7.8,,,1
36000276,7540101,B00,,,,6.25,,,,,8.25,6.0,4
2080211,7340201,A00,,,,6.25,,,,7.25,7.2,,1
40009875,7340120,A01,,,7.2,7.25,,,,7.4,,,1
2045957,7340122,A01,,,7.4,7.25,,,,9.4,,,1
2067184,7480201,D07,,,7.8,7.25,,,,,8.2,,0
2041826,7520115,A00,,,,5.75,,,,6.5,7.2,,3
2007421,7540101,D07,,,9.0,7.6,,,,,8.5,,4
46001598,7380107,D15,6.5,5.6,7.75,,,,,,,,5
49011965,7340201,A00,,,,7.4,,,,7.5,8.25,,1
38001508,7510301,D01,6.5,,3.6,6.6,,,,,,,3
2009329,7540204,D01,7.0,,8.4,5.8,,,,,,,3
2053128,7540101,A01,,,8.4,8.4,,,,7.25,,,4
2000463,7340301,A01,,,8.0,7.25,,,,8.4,,,1
2061849,7420201,A00,,,,8.6,,,,5.25,7.0,,4
38003794,7540101,B00,,,,8.0,,,,,6.5,8.2,4
44013260,7220201,D09,,,7.4,8.0,,,9.6,,,,6
52008747,7340201,A00,,,,8.2,,,,6.75,7.75,,1
49002104,7340101,A00,,,,8.0,,,,7.75,7.4,,1
2038618,7340201,D01,7.75,,8.2,6.8,,,,,,,1
61003901,7340115,A00,,,,7.75,,,,7.75,8.0,,1
53007877,7380107,D01,5.2,,7.2,9.0,,,,,,,5
2071595,7510303,A01,,,7.8,7.4,,,,4.5,,,3
40008947,7810202,A00,,,,6.5,,,,7.0,7.0,,2
40004829,7340201,A00,,,,6.75,,,,7.25,7.8,,1
38011565,7340101,A00,,,,6.25,,,,8.25,7.6,,1
61006499,7810201,D15,6.75,6.0,7.25,,,,,,,,2
2048014,7540204,D01,7.0,,5.2,8.0,,,,,,,3
2034378,7340101,D01,8.6,,6.4,7.75,,,,,,,1
2043868,7340122,A01,,,7.8,7.75,,,,7.8,,,1
36001148,7340101,A01,,,7.8,7.25,,,,7.6,,,1
2080380,7540204,A00,,,,7.0,,,,7.0,7.2,,3
37015943,7540204,D01,7.5,,4.0,6.8,,,,,,,3
43008830,7340115,A00,,,,7.75,,,,7.75,8.6,,1
53006285,7819010,B00,,,,5.5,,,,,5.75,5.2,2
49012278,7510303,A00,,,,6.75,,,,6.75,7.6,,3
53014536,7540204,A01,,,5.6,7.4,,,,4.5,,,3
42011502,7340301,A00,,,,8.0,,,,7.0,7.75,,1
52000937,7340301,A00,,,,8.2,,,,7.5,8.0,,1
2084295,7340123,A00,,,,8.0,,,,8.5,7.8,,1
37011576,7810103,D01,4.6,,7.6,6.25,,,,,,,2
2067432,7810202,D01,7.75,,9.0,7.0,,,,,,,2
2053342,7220201,D09,,,6.2,8.25,,,8.0,,,,6
46008982,7850101,A00,,,,7.2,,,,4.0,7.75,,4
44008779,7340201,D01,6.6,,7.2,8.5,,,,,,,1
2038726,7480201,A01,,,8.6,7.6,,,,7.5,,,0
46008556,7510202,D01,5.4,,8.0,8.0,,,,,,,3
53012304,7540101,A01,,,7.0,7.25,,,,8.0,,,4
2044231,7340115,A00,,,,8.0,,,,8.25,8.4,,1
49002091,7510402,A00,,,,6.5,,,,7.5,8.4,,3
38014240,7340201,A00,,,,6.5,,,,6.75,8.0,,1
2058848,7480201,D07,,,7.0,7.25,,,,,7.6,,0
44002909,7480201,D07,,,8.6,8.6,,,,,7.0,,0
61008084,7810103,D01,7.75,,7.8,7.4,,,,,,,2
2065239,7810103,D15,6.25,9.0,7.25,,,,,,,,2
63005769,7340120,D01,7.8,,8.0,7.25,,,,,,,1
32007256,7340115,A00,,,,7.5,,,,8.5,8.8,,1
40014358,7340120,D01,6.2,,8.0,7.75,,,,,,,1
60002756,7810103,D01,5.6,,6.8,8.25,,,,,,,2
53004699,7540106,A00,,,,6.0,,,,6.0,7.0,,4
61007344,7810103,A00,,,,5.25,,,,7.5,6.4,,2
2078513,7480202,D01,6.8,,7.0,7.75,,,,,,,0
2025438,7480201,D01,8.0,,8.0,8.0,,,,,,,0
49014023,7480202,A00,,,,6.25,,,,7.0,7.2,,0
2079913,7220204,D01,7.6,,7.4,6.5,,,,,,,6
51013755,7510401,B00,,,,7.0,,,,,7.75,7.6,3
46000925,7480202,A01,,,8.2,7.25,,,,6.6,,,0
47003970,7340120,D01,7.0,,8.8,8.0,,,,,,,1
46009762,7380107,D15,7.5,6.0,7.25,,,,,,,,5
63001687,7340115,A00,,,,7.75,,,,8.5,7.6,,1
53012751,7480201,D01,7.6,,8.2,8.0,,,,,,,0
55002801,7810202,A01,,,9.0,7.2,,,,6.75,,,2
53014606,7540101,D07,,,8.2,8.4,,,,,7.25,,4
48001402,7220201,D01,8.2,,7.2,7.75,,,,,,,6
37005297,7510301,D01,4.2,,7.6,5.75,,,,,,,3
44003761,7420201,B00,,,,7.75,,,,,7.0,7.0,4
41012092,7510301,A01,,,8.0,7.25,,,,7.6,,,3
47004969,7340115,A00,,,,7.0,,,,8.25,7.4,,1
53012597,7540106,A00,,,,7.8,,,,7.5,8.25,,4
37010586,7810201,D01,7.0,,7.8,7.2,,,,,,,2
37006107,7480201,A01,,,8.4,8.4,,,,6.5,,,0
52005889,7480201,D07,,,7.8,7.75,,,,,7.8,,0
2079276,7480202,D01,5.5,,6.8,6.4,,,,,,,0
40009857,7220201,A01,,,7.6,7.25,,,,8.0,,,6
35010705,7340301,A00,,,,6.25,,,,7.5,7.4,,1
47000723,7810201,D01,7.25,,7.4,7.6,,,,,,,2
2030342,7340120,D01,6.8,,7.8,7.75,,,,,,,1
2070499,7340101,A00,,,,8.25,,,,7.5,8.0,,1
50006684,7540101,D07,,,8.4,7.6,,,,,7.75,,4
2009356,7340120,D01,8.2,,8.6,7.25,,,,,,,1
53003832,7340201,A00,,,,8.6,,,,7.5,7.5,,1
63006325,7340115,A00,,,,8.25,,,,7.5,8.0,,1
2042279,7340301,D01,5.8,,7.8,7.25,,,,,,,1
2044932,7520115,A01,,,6.2,6.0,,,,6.4,,,3
37004203,7220201,D09,,,7.8,7.75,,,7.6,,,,6
48005781,7480201,A01,,,9.0,7.4,,,,7.25,,,0
46001475,7819009,A00,,,,5.5,,,,5.0,7.8,,2
40013624,7540101,B00,,,,7.75,,,,,7.0,7.8,4
48018995,7340301,A00,,,,6.0,,,,7.5,6.6,,1
61007389,7220201,A01,,,8.6,7.5,,,,7.4,,,6
47012321,7510203,D01,6.6,,7.4,7.5,,,,,,,3
44010485,7340122,A00,,,,7.25,,,,7.75,8.4,,1
37011272,7510303,D01,5.0,,6.0,7.6,,,,,,,3
2047933,7380107,A00,,,,8.2,,,,5.75,7.75,,5
51015279,7340120,D01,6.2,,7.6,7.75,,,,,,,1
56001954,7850101,B00,,,,6.75,,,,,6.0,7.4,4
37015526,7380107,D15,6.75,6.8,6.0,,,,,,,,5
41000367,7340101,D01,7.0,,9.6,8.2,,,,,,,1
2050604,7480201,A00,,,,7.4,,,,8.0,7.25,,0
2037043,7480202,D07,,,5.0,5.5,,,,,7.4,,0
54012855,7810201,D01,5.6,,7.0,5.75,,,,,,,2
56007498,7460108,D07,,,6.0,6.5,,,,,8.6,,0
48005686,7850101,A00,,,,6.75,,,,7.5,7.4,,4
48024945,7340205,A00,,,,7.0,,,,7.75,7.4,,1
50003071,7380107,D01,7.5,,7.4,6.4,,,,,,,5
2036159,7480202,D07,,,7.4,7.5,,,,,7.4,,0
44012890,7340301,A00,,,,7.8,,,,6.75,8.75,,1
49001079,7340122,A00,,,,6.25,,,,8.0,7.6,,1
2029084,7340101,A00,,,,9.2,,,,7.0,8.75,,1
32008428,7220204,D01,6.75,,8.0,8.0,,,,,,,6
35010818,7340120,D01,8.4,,7.4,9.25,,,,,,,1
53001791,7340115,A00,,,,8.0,,,,7.75,8.0,,1
2079829,7510301,D01,4.8,,7.6,7.0,,,,,,,3
49001903,7520115,A00,,,,5.75,,,,7.5,6.0,,3
2031001,7380107,D01,6.25,,9.6,7.6,,,,,,,5
2022727,7220201,A01,,,7.0,6.25,,,,8.6,,,6
46006397,7420201,A00,,,,6.8,,,,5.25,6.75,,4
52005230,7340301,D01,8.0,,6.6,8.0,,,,,,,1
2054805,7480202,D07,,,6.6,7.2,,,,,7.75,,0
35012233,7810201,D01,7.5,,8.2,7.4,,,,,,,2
51018812,7380107,D15,8.25,4.0,9.0,,,,,,,,5
37008667,7340101,D01,6.4,,8.0,7.5,,,,,,,1
2010463,7810201,D01,8.2,,7.4,6.75,,,,,,,2
2033450,7510202,D01,5.0,,7.6,7.0,,,,,,,3
2023043,7810201,D01,6.25,,8.8,8.0,,,,,,,2
56006203,7480201,A00,,,,7.0,,,,7.0,6.8,,0
2070885,7340122,A01,,,7.8,6.75,,,,8.0,,,1
48021394,7540101,A00,,,,8.25,,,,7.75,7.6,,4
25015747,7810201,A00,,,,6.75,,,,7.25,6.4,,2
38009576,7220201,D01,8.0,,8.8,7.0,,,,,,,6
37016281,7340115,D01,7.0,,7.0,8.5,,,,,,,1
2025788,7480201,A01,,,7.2,7.75,,,,7.4,,,0
48018524,7540101,B00,,,,8.2,,,,,8.5,8.75,4
51017862,7810201,A00,,,,7.75,,,,8.5,7.4,,2
49010590,7480201,A00,,,,7.75,,,,5.5,8.0,,0
56003366,7480201,D01,7.2,,7.8,7.25,,,,,,,0
48007681,7340120,D01,7.2,,8.0,8.25,,,,,,,1
48026043,7540101,D07,,,9.2,7.8,,,,,8.25,,4
37012563,7510301,D01,5.5,,6.4,6.2,,,,,,,3
2071341,7510203,D01,7.0,,6.2,6.0,,,,,,,3
2025009,7460108,D01,8.2,,6.8,7.75,,,,,,,0
49009614,7810103,D01,8.5,,6.2,7.6,,,,,,,2
2023134,7340101,A01,,,8.4,7.0,,,,7.8,,,1
40000801,7480201,D01,6.5,,7.8,7.8,,,,,,,0
2022205,7510203,A00,,,,6.25,,,,8.5,7.6,,3
2014457,7819009,A00,,,,4.75,,,,5.75,6.4,,2
2031364,7810202,D01,6.25,,9.2,7.8,,,,,,,2
64000808,7420201,A00,,,,6.8,,,,6.0,6.75,,4
58001675,7510303,D01,6.0,,7.8,4.8,,,,,,,3
46006031,7510202,D01,6.25,,5.6,6.6,,,,,,,3
2047926,7810202,A01,,,7.2,8.2,,,,7.25,,,2
2082529,7220201,D01,6.5,,8.4,8.4,,,,,,,6
2030158,7510303,D01,6.4,,7.2,7.5,,,,,,,3
2066954,7810201,A01,,,7.8,7.6,,,,7.75,,,2
2080709,7480201,D01,9.0,,8.0,8.0,,,,,,,0
2035346,7520115,A00,,,,6.0,,,,6.25,6.2,,3
2042847,7480202,A01,,,8.6,7.8,,,,4.75,,,0
40013172,7340115,A00,,,,7.0,,,,7.25,8.0,,1
2044529,7850101,D07,,,6.0,6.75,,,,,8.0,,4
56002792,7340201,A00,,,,8.2,,,,7.25,7.0,,1
32007496,7480201,A00,,,,8.8,,,,7.0,7.0,,0
49012319,7810201,A00,,,,7.25,,,,7.0,8.0,,2
54008735,7340123,D01,6.2,,7.4,7.5,,,,,,,1
51003284,7510202,D01,4.4,,7.4,8.0,,,,,,,3
52005720,7520115,D01,5.4,,7.0,7.0,,,,,,,3
43006798,7340201,A00,,,,6.25,,,,7.75,8.8,,1
2003195,7340129,A01,,,7.8,5.75,,,,7.8,,,4
53004753,7340129,A00,,,,7.5,,,,5.75,7.6,,4
2072208,7510303,A00,,,,7.4,,,,7.25,7.25,,3
50001512,7480201,D07,,,7.6,7.75,,,,,7.4,,0
46001600,7340301,A00,,,,7.5,,,,7.5,8.4,,1
51009139,7380107,D01,7.2,,6.8,9.0,,,,,,,5
52012516,7540101,B00,,,,7.25,,,,,7.5,7.4,4
53010584,7340101,A00,,,,7.6,,,,8.0,7.75,,1
41002764,7340101,A00,,,,8.0,,,,6.25,8.4,,1
38009209,7510202,A01,,,7.4,6.8,,,,6.5,,,3
50007143,7510401,B00,,,,6.8,,,,,6.25,6.25,3
37008355,7510303,A00,,,,5.75,,,,7.0,8.2,,3
48007185,7340101,A00,,,,8.0,,,,7.25,7.6,,1
49010611,7340301,A00,,,,7.8,,,,7.5,7.0,,1
52005180,7810103,A00,,,,8.0,,,,7.75,7.5,,2
2011378,7380107,D01,7.2,,7.6,7.25,,,,,,,5
64004244,7540106,B00,,,,7.2,,,,,5.75,7.75,4
53014439,7540204,A00,,,,6.6,,,,6.75,6.0,,3
52003441,7380107,A00,,,,7.0,,,,8.0,7.6,,5
38002670,7510401,A00,,,,4.5,,,,6.75,7.6,,3
2047546,7340301,A01,,,9.0,6.8,,,,7.5,,,1
2076035,7510301,D01,6.5,,4.4,6.6,,,,,,,3
2066695,7340201,A00,,,,7.6,,,,7.75,8.25,,1
48007166,7340301,D01,5.8,,7.2,8.25,,,,,,,1
2020540,7810103,D01,6.8,,6.8,6.5,,,,,,,2
40004117,7340120,A01,,,8.4,7.0,,,,7.6,,,1
37006507,7380107,A00,,,,7.2,,,,7.5,7.0,,5
35006085,7380107,D01,9.0,,5.8,7.2,,,,,,,5
2015887,7480201,D07,,,8.6,8.0,,,,,7.6,,0
64000445,7510203,A00,,,,7.25,,,,8.0,8.2,,3
36000742,7340115,A01,,,7.8,7.5,,,,8.4,,,1
35012149,7340120,A01,,,8.2,8.6,,,,8.0,,,1
31005554,7480201,A00,,,,7.75,,,,7.75,7.8,,0
49014595,7340301,A00,,,,7.5,,,,7.75,8.2,,1
2030260,7510303,D01,6.6,,6.4,4.5,,,,,,,3
34010460,7480202,A00,,,,6.25,,,,5.75,7.2,,0
54009107,7510303,D01,6.25,,4.4,6.6,,,,,,,3
51015940,7540101,A00,,,,7.25,,,,8.25,7.8,,4
53002298,7340122,A00,,,,7.25,,,,7.75,7.2,,1
2043866,7340301,A00,,,,7.0,,,,8.0,8.6,,1
2080427,7480201,A00,,,,7.5,,,,7.5,7.6,,0
53006090,7540106,A00,,,,7.0,,,,6.0,7.75,,4
40007114,7340301,A00,,,,7.6,,,,7.0,7.75,,1
2081820,7540204,D01,5.0,,5.6,7.8,,,,,,,3
2017655,7510202,D01,6.5,,5.8,7.2,,,,,,,3
49003428,7220204,D01,7.0,,7.0,7.25,,,,,,,6
2084076,7380107,D01,7.75,,7.8,7.0,,,,,,,5
2078480,7220204,D01,7.75,,8.8,7.4,,,,,,,6
2050615,7480201,A00,,,,7.6,,,,7.25,8.0,,0
47004146,7480202,A01,,,9.0,6.5,,,,6.0,,,0
48002629,7340301,A00,,,,7.25,,,,7.25,7.6,,1
43007973,7510301,A00,,,,5.6,,,,6.0,4.75,,3
56011338,7810202,D01,7.5,,7.0,8.2,,,,,,,2
2024525,7340301,A00,,,,7.5,,,,7.75,7.2,,1
38010026,7220201,D01,7.6,,7.2,8.0,,,,,,,6
35006667,7510303,A00,,,,6.75,,,,6.75,7.0,,3
40012858,7540101,B00,,,,7.75,,,,,6.25,8.6,4
2002358,7540101,B00,,,,7.5,,,,,7.5,6.8,4
63005699,7810103,A00,,,,7.6,,,,6.5,8.0,,2
38002443,7810202,A00,,,,7.4,,,,8.0,6.5,,2
56006983,7340301,A00,,,,7.2,,,,7.5,7.75,,1
37017241,7480201,D01,6.6,,7.0,8.5,,,,,,,0
56011885,7340115,D01,7.75,,9.2,7.2,,,,,,,1
40014388,7420201,B00,,,,7.0,,,,,6.25,7.75,4
57000554,7480202,D01,6.0,,8.0,8.0,,,,,,,0
53009908,7420201,B00,,,,6.25,,,,,7.5,6.6,4
2063557,7480201,A01,,,7.6,6.5,,,,9.6,,,0
2044412,7480201,A00,,,,6.25,,,,8.0,8.0,,0
56003323,7220201,D01,6.0,,7.4,7.75,,,,,,,6
49010268,7340301,A00,,,,7.5,,,,8.0,7.6,,1
2028003,7510203,D01,6.5,,6.8,7.0,,,,,,,3
40019486,7340129,A01,,,7.2,7.75,,,,6.2,,,4
2046788,7540101,A00,,,,8.0,,,,8.25,8.4,,4
48007528,7510203,A01,,,7.6,6.25,,,,7.0,,,3
38011690,7480201,A01,,,7.4,6.0,,,,7.6,,,0
37006721,7340201,D01,7.0,,7.0,8.75,,,,,,,1
44001986,7510303,D01,6.4,,7.4,7.25,,,,,,,3
53005434,7340201,A01,,,7.2,7.8,,,,7.25,,,1
47011413,7380107,A00,,,,7.0,,,,7.0,6.8,,5
2063556,7480202,D07,,,8.0,7.0,,,,,7.2,,0
2037276,7510203,D01,6.8,,8.6,6.75,,,,,,,3
2053648,7220201,D01,8.8,,7.4,7.0,,,,,,,6
2046239,7340120,A00,,,,6.75,,,,7.25,8.4,,1
60001296,7340101,D01,7.0,,7.6,9.0,,,,,,,1
44012751,7480202,D01,8.0,,7.4,6.4,,,,,,,0
2039776,7510203,D07,,,7.4,6.75,,,,,9.2,,3
44005506,7540101,B00,,,,6.5,,,,,7.0,7.4,4
2016978,7420201,B00,,,,7.5,,,,,6.5,7.8,4
2045773,7480201,A00,,,,6.75,,,,7.25,7.6,,0
2003011,7340101,A01,,,9.4,8.2,,,,6.25,,,1
63000577,7340201,D01,8.0,,7.8,6.8,,,,,,,1
49009965,7510303,A00,,,,6.8,,,,5.25,6.25,,3
54011578,7340129,D01,6.5,,7.6,7.2,,,,,,,4
49004345,7420201,B00,,,,8.2,,,,,7.25,6.25,4
35005723,7510303,D01,6.5,,5.8,6.6,,,,,,,3
2037838,7340301,A00,,,,8.0,,,,8.0,6.75,,1
44000893,7540101,A00,,,,7.25,,,,9.0,7.6,,4
2081852,7510303,D01,7.25,,4.8,7.6,,,,,,,3
51010151,7810202,D01,6.2,,7.6,8.0,,,,,,,2
48020053,7540101,D07,,,8.0,7.75,,,,,6.6,,4
41000732,7510203,D01,7.0,,7.2,7.5,,,,,,,3
39004973,7340201,A00,,,,7.25,,,,6.5,7.2,,1
2083196,7810103,D01,7.5,,8.6,6.6,,,,,,,2
42008999,7340115,D01,7.2,,7.4,7.5,,,,,,,1
48017634,7510301,A01,,,6.2,7.0,,,,5.25,,,3
2040678,7380107,D01,6.8,,6.8,7.75,,,,,,,5
2072908,7340201,D01,7.75,,8.2,7.4,,,,,,,1
2036812,7220201,D09,,,7.4,8.25,,,9.0,,,,6
54012033,7819010,A00,,,,7.5,,,,7.25,7.2,,2
34015753,7340301,A00,,,,6.75,,,,7.0,7.6,,1
2025797,7340301,D01,6.2,,8.8,7.5,,,,,,,1
38008078,7480201,A00,,,,8.0,,,,8.0,8.0,,0
44011316,7810202,D01,6.8,,7.8,7.5,,,,,,,2
2022491,7540101,D07,,,8.2,7.25,,,,,8.6,,4
37008801,7510301,A00,,,,7.5,,,,7.25,8.4,,3
52007710,7510303,A00,,,,7.2,,,,5.75,7.25,,3
2019351,7480201,A01,,,6.8,7.5,,,,8.0,,,0
53011632,7340301,D01,7.2,,7.4,8.5,,,,,,,1
2025133,7340101,D01,6.8,,7.6,8.25,,,,,,,1
42010023,7340115,A00,,,,7.25,,,,8.25,8.0,,1
2081776,7810202,D01,5.6,,6.6,8.0,,,,,,,2
48006151,7420201,A00,,,,7.4,,,,6.75,8.0,,4
38003364,7480201,D01,6.25,,9.2,8.4,,,,,,,0
39005733,7340101,A00,,,,8.2,,,,8.0,7.75,,1
46007790,7340301,A00,,,,7.75,,,,8.75,8.0,,1
40015175,7810202,A00,,,,8.0,,,,7.0,7.5,,2
2066934,7510401,A01,,,6.0,4.75,,,,6.8,,,3
43002543,7340122,A01,,,7.2,8.25,,,,8.0,,,1
53004001,7510301,D01,8.0,,5.0,6.0,,,,,,,3
46006410,7340101,D01,7.6,,7.6,7.5,,,,,,,1
61002289,7340201,D01,4.8,,7.2,8.5,,,,,,,1
42005508,7540101,A00,,,,8.2,,,,7.5,8.5,,4
2070579,7510401,A00,,,,6.4,,,,6.5,5.25,,3
2024857,7510303,D01,6.75,,6.6,6.8,,,,,,,3
53010257,7340122,A00,,,,8.0,,,,7.25,7.6,,1
2045708,7480202,D01,7.25,,4.0,4.8,,,,,,,0
52000228,7340122,A00,,,,6.75,,,,7.25,8.2,,1
2040312,7340201,A00,,,,8.2,,,,7.25,7.75,,1
42007273,7480201,D01,7.2,,7.6,9.0,,,,,,,0
56002463,7510202,A00,,,,8.8,,,,5.75,6.75,,3
35002921,7380107,A01,,,6.2,7.8,,,,7.25,,,5
2039316,7510203,D01,5.75,,5.8,6.4,,,,,,,3
2047910,7510303,A01,,,8.4,8.0,,,,7.0,,,3
40008033,7480201,D01,7.17,,7.2,7.8,,,,,,,0
2023546,7220204,A01,,,7.6,8.5,,,,6.6,,,6
40011300,7510301,D01,7.5,,4.6,6.2,,,,,,,3
53013068,7540106,A00,,,,6.8,,,,6.75,7.0,,4
46001373,7480201,A00,,,,7.0,,,,7.25,7.4,,0
2036905,7520115,D01,4.6,,6.6,6.75,,,,,,,3
49003517,7380107,A00,,,,7.4,,,,7.0,7.25,,5
37005654,7510301,A01,,,5.4,8.0,,,,5.75,,,3
38003769,7340120,D01,6.75,,8.0,8.4,,,,,,,1
51016781,7340120,D01,7.4,,6.8,9.0,,,,,,,1
48025029,7480202,D01,5.0,,7.0,7.4,,,,,,,0
63005536,7340120,D01,8.4,,7.4,7.5,,,,,,,1
47006561,7480201,D07,,,6.2,7.8,,,,,8.5,,0
2006197,7540106,A00,,,,7.0,,,,7.5,6.0,,4
40004560,7340301,A00,,,,8.0,,,,7.0,7.25,,1
47003880,7480201,A00,,,,7.25,,,,6.5,7.2,,0
48011128,7540101,B00,,,,7.75,,,,,7.25,8.2,4
37011318,7810202,D01,7.25,,7.8,6.8,,,,,,,2
53011348,7850101,A00,,,,7.0,,,,7.25,6.0,,4
2010865,7340205,D01,6.8,,7.4,6.5,,,,,,,1
2030293,7480202,D01,6.5,,6.6,6.0,,,,,,,0
41002269,7540106,A01,,,7.8,8.4,,,,6.0,,,4
49003677,7480202,A01,,,6.6,6.5,,,,7.2,,,0
52007845,7510303,A00,,,,7.2,,,,5.5,7.25,,3
2039314,7480202,A01,,,8.2,7.4,,,,6.5,,,0
51016038,7540204,D01,6.2,,7.6,8.25,,,,,,,3
46005170,7510301,A00,,,,8.0,,,,6.5,7.25,,3
2050198,7810202,D01,7.75,,8.4,7.2,,,,,,,2
2076645,7340115,D01,8.6,,7.8,7.0,,,,,,,1
57001327,7340201,A01,,,8.2,7.25,,,,8.0,,,1
58008151,7480201,A00,,,,7.8,,,,7.75,7.25,,0
48006893,7540106,A01,,,7.2,7.25,,,,6.6,,,4
42012570,7510202,D01,4.8,,6.8,6.75,,,,,,,3
56011093,7850101,D07,,,6.6,7.2,,,,,6.75,,4
44003139,7510303,A00,,,,6.5,,,,8.25,7.8,,3
46006481,7510203,D01,7.25,,2.8,6.6,,,,,,,3
2040251,7480201,D01,7.25,,8.2,9.0,,,,,,,0
2018841,7540101,A00,,,,7.5,,,,7.75,6.2,,4
52000077,7819010,A00,,,,5.75,,,,5.0,5.8,,2
2076100,7540101,B00,,,,8.25,,,,,7.5,8.2,4
35002829,7810103,D01,7.2,,6.8,9.0,,,,,,,2
37002140,7340115,A01,,,8.2,8.6,,,,8.0,,,1
37011540,7340120,D01,7.0,,8.2,8.0,,,,,,,1
53014539,7340101,D01,7.0,,7.2,8.75,,,,,,,1
41014074,7510203,A00,,,,6.25,,,,7.25,7.0,,3
56008158,7340301,A00,,,,7.0,,,,7.0,8.25,,1
42012386,7340120,D01,9.2,,7.0,6.75,,,,,,,1
47009474,7540204,A00,,,,6.75,,,,7.0,8.0,,3
41005846,7340201,A00,,,,7.75,,,,5.75,7.0,,1
51015367,7510401,B00,,,,7.75,,,,,5.5,6.6,3
48013855,7340101,D01,8.0,,7.6,7.6,,,,,,,1
48005938,7810103,D01,7.75,,7.0,8.0,,,,,,,2
37001849,7540101,A01,,,7.6,7.5,,,,7.8,,,4
51017984,7510303,A00,,,,7.75,,,,6.0,6.8,,3
28017183,7340122,D01,7.0,,7.8,8.75,,,,,,,1
2006430,7510203,A00,,,,7.0,,,,6.25,6.8,,3
47004334,7340201,A00,,,,9.0,,,,6.75,6.75,,1
49009023,7480201,A01,,,7.0,8.2,,,,7.5,,,0
41001722,7340201,A00,,,,7.5,,,,8.5,7.4,,1
31002541,7340201,A00,,,,8.0,,,,7.5,7.25,,1
2072140,7340120,A01,,,8.8,8.2,,,,7.0,,,1
2037516,7340115,D01,7.4,,8.4,8.25,,,,,,,1
48000397,7340101,A01,,,9.0,7.6,,,,7.0,,,1
2066677,7510202,A00,,,,7.4,,,,6.75,5.5,,3
40019595,7510301,D01,5.25,,5.8,7.0,,,,,,,3
44012240,7480201,A00,,,,7.25,,,,8.25,8.0,,0
2043141,7510303,A01,,,6.6,6.75,,,,4.4,,,3
48001301,7810201,D01,7.75,,7.8,7.6,,,,,,,2
53014479,7540204,A00,,,,7.0,,,,6.25,6.5,,3
49013289,7220204,D09,,,6.6,8.75,,,7.8,,,,6
2035566,7540101,A00,,,,7.5,,,,7.75,7.4,,4
2028082,7480201,D01,6.0,,8.6,8.8,,,,,,,0
2035310,7380107,D01,7.6,,8.0,7.75,,,,,,,5
49003701,7340129,A01,,,7.2,7.25,,,,5.8,,,4
48017072,7220201,D01,7.5,,8.4,7.8,,,,,,,6
2030205,7220201,D01,7.0,,7.4,7.5,,,,,,,6
44007128,7480201,A00,,,,7.5,,,,7.75,7.4,,0
2047997,7480202,D01,8.0,,7.8,6.5,,,,,,,0
2070179,7510401,D07,,,7.2,7.8,,,,,7.5,,3
37011912,7340115,A00,,,,7.25,,,,8.0,8.4,,1
2079184,7540106,A00,,,,8.2,,,,5.5,6.75,,4
2046219,7420201,B00,,,,7.75,,,,,8.75,7.8,4
53014372,7340120,D01,7.75,,7.4,8.8,,,,,,,1
47008887,7510301,D01,6.0,,4.2,7.2,,,,,,,3
2001043,7340201,D01,7.4,,7.2,6.75,,,,,,,1
2014998,7540101,A00,,,,7.5,,,,7.5,6.0,,4
48004196,7540204,A01,,,7.0,6.6,,,,6.5,,,3
2045911,7480201,D01,7.25,,9.8,7.8,,,,,,,0
2017084,7510301,A00,,,,6.25,,,,8.5,7.4,,3
39008290,7340101,A01,,,7.6,7.0,,,,8.8,,,1
2032801,7220201,D09,,,6.8,7.75,,,8.8,,,,6
2035301,7810103,D01,6.8,,6.8,6.5,,,,,,,2
2013274,7220204,D01,6.8,,7.4,8.0,,,,,,,6
2046781,7510203,A00,,,,7.0,,,,7.25,7.0,,3
2063745,7480202,A00,,,,6.0,,,,4.5,7.2,,0
48010538,7480201,D01,6.6,,7.4,7.25,,,,,,,0
37011418,7340123,D01,3.6,,7.0,8.0,,,,,,,1
50000876,7460108,D01,6.2,,6.6,8.0,,,,,,,0
44011257,7340201,A00,,,,7.2,,,,7.75,7.75,,1
2065745,7510301,A01,,,9.0,4.8,,,,3.25,,,3
35004010,7510303,D01,8.0,,3.6,6.6,,,,,,,3
48015883,7540101,A00,,,,7.25,,,,8.5,7.8,,4
37012876,7510301,D01,6.0,,6.0,8.8,,,,,,,3
2022826,7510202,D01,7.0,,4.8,6.5,,,,,,,3
32005979,7480201,A00,,,,8.0,,,,8.0,7.5,,0
38002264,7810103,D01,8.0,,6.8,7.6,,,,,,,2
47008664,7510301,A00,,,,8.0,,,,6.5,7.4,,3
41004162,7340301,A01,,,7.2,8.8,,,,8.0,,,1
35003744,7380107,D01,6.0,,7.6,8.75,,,,,,,5
52000419,7340301,A01,,,7.8,7.75,,,,7.8,,,1
2045983,7340101,D01,7.8,,7.2,7.75,,,,,,,1
48003676,7510401,A00,,,,5.75,,,,6.75,7.2,,3
35005017,7340120,A00,,,,7.0,,,,8.0,8.4,,1
44009155,7340301,D01,7.0,,7.8,7.8,,,,,,,1
2007211,7540204,A01,,,8.6,7.0,,,,4.75,,,3
2023437,7480202,D01,7.0,,3.8,5.6,,,,,,,0
60000061,7380107,D01,7.0,,7.2,7.0,,,,,,,5
44008396,7480201,A01,,,6.6,7.75,,,,7.8,,,0
2068318,7480202,D01,6.5,,6.0,7.6,,,,,,,0
48020534,7510202,D01,6.8,,6.0,7.0,,,,,,,3
2047651,7510401,D07,,,8.0,7.0,,,,,8.5,,3
2050119,7480201,D01,7.5,,7.4,8.6,,,,,,,0
37010404,7340115,A00,,,,8.2,,,,8.25,8.25,,1
2065478,7340205,D01,5.6,,6.6,6.5,,,,,,,1
2019926,7340201,D01,7.4,,7.2,7.75,,,,,,,1
40017387,7810103,D01,6.75,,7.4,8.2,,,,,,,2
40017972,7480202,D01,6.8,,7.2,8.0,,,,,,,0
2045014,7510203,D01,5.5,,5.6,6.8,,,,,,,3
49010782,7220204,D01,6.4,,7.4,7.25,,,,,,,6
43009640,7340120,A01,,,8.0,7.75,,,,7.4,,,1
2020211,7340101,D01,7.5,,9.2,8.2,,,,,,,1
51009588,7340120,A00,,,,7.5,,,,7.5,7.4,,1
37015484,7480201,A00,,,,6.5,,,,7.25,7.4,,0
2060289,7420201,B00,,,,6.0,,,,,7.75,7.0,4
52011188,7540101,B00,,,,7.5,,,,,8.0,7.2,4
2041455,7380107,A00,,,,6.5,,,,7.25,7.6,,5
2071883,7810202,D01,8.2,,7.0,8.0,,,,,,,2
37010727,7810201,A01,,,8.2,7.5,,,,6.8,,,2
2061159,7340201,A00,,,,6.25,,,,7.25,7.4,,1
46003056,7380107,D01,4.6,,7.6,8.25,,,,,,,5
53014297,7480201,D01,8.0,,8.0,7.0,,,,,,,0
56000505,7510303,D01,3.0,,7.4,7.25,,,,,,,3
49003016,7540106,B00,,,,7.2,,,,,7.5,6.75,4
48005292,7420201,B00,,,,6.4,,,,,7.25,6.25,4
53013852,7819009,B00,,,,6.25,,,,,7.25,6.6,2
37014068,7810201,A00,,,,8.25,,,,7.0,8.0,,2
44010018,7340301,A00,,,,7.5,,,,7.75,7.0,,1
57004744,7480201,D01,7.8,,6.6,6.75,,,,,,,0
39008244,7220201,D01,8.0,,6.4,7.25,,,,,,,6
2064008,7340129,D01,6.8,,5.6,6.25,,,,,,,4
35009208,7340115,D01,8.0,,7.2,8.5,,,,,,,1
43005941,7340115,A00,,,,7.25,,,,8.75,8.2,,1
42007394,7380107,D15,6.75,4.6,8.0,,,,,,,,5
47006854,7510203,D07,,,7.2,7.0,,,,,5.6,,3
57002529,7340101,A00,,,,7.5,,,,7.5,8.2,,1
50010981,7510303,A00,,,,6.6,,,,5.75,6.0,,3
57000336,7340201,D01,7.8,,7.6,8.0,,,,,,,1
2065135,7340122,D01,8.6,,7.2,6.5,,,,,,,1
48018977,7510401,A00,,,,6.75,,,,7.0,7.4,,3
46006396,7340201,D01,8.0,,7.4,7.0,,,,,,,1
28018237,7510202,D01,3.4,,6.4,7.75,,,,,,,3
2005280,7810103,D01,6.75,,8.6,7.6,,,,,,,2
40009214,7340101,A00,,,,8.0,,,,7.0,8.25,,1
2022141,7540106,B00,,,,6.5,,,,,6.5,6.8,4
48015002,7510203,D01,5.0,,7.6,6.5,,,,,,,3
2087389,7340301,D01,7.25,,7.6,8.2,,,,,,,1
41010377,7810103,D01,5.4,,6.4,7.25,,,,,,,2
46001968,7220201,D01,8.5,,7.8,7.2,,,,,,,6
48010485,7510303,A00,,,,7.4,,,,7.75,5.75,,3
45001187,7510203,D01,4.8,,6.0,7.0,,,,,,,3
42004459,7220201,D01,8.75,,8.2,7.6,,,,,,,6
38007397,7340301,A00,,,,8.6,,,,7.0,7.25,,1
52010070,7510401,A00,,,,7.0,,,,7.75,8.2,,3
52011143,7480201,D07,,,7.4,8.0,,,,,7.2,,0
37011490,7340120,A00,,,,7.5,,,,8.75,7.2,,1
2067234,7480201,D07,,,7.8,8.5,,,,,7.6,,0
2023082,7340201,D01,8.0,,7.0,7.8,,,,,,,1
47011877,7510203,A00,,,,6.8,,,,7.0,7.25,,3
2049459,7810201,D01,8.0,,8.6,6.8,,,,,,,2
53000774,7510203,D01,6.6,,6.2,6.25,,,,,,,3
53002218,7819010,D07,,,7.0,4.5,,,,,5.0,,2
2066516,7540106,D07,,,7.2,7.75,,,,,8.4,,4
37012127,7540204,A01,,,7.4,8.2,,,,7.75,,,3
2088296,7540106,A01,,,6.0,7.0,,,,6.0,,,4
49005845,7220204,D01,7.2,,7.2,8.0,,,,,,,6
33008195,7340129,D01,6.25,,7.8,8.0,,,,,,,4
2023155,7480202,D01,6.5,,4.6,6.0,,,,,,,0
54006052,7340301,A00,,,,8.4,,,,6.75,8.0,,1
29015228,7480202,D01,5.4,,6.8,7.25,,,,,,,0
2017510,7420201,B00,,,,7.75,,,,,8.0,7.2,4
43003108,7510202,A00,,,,8.4,,,,6.25,8.0,,3
49014144,7340115,D01,8.5,,8.2,7.6,,,,,,,1
49014936,7340120,A00,,,,7.75,,,,8.75,8.6,,1
63005547,7340120,A00,,,,7.8,,,,6.75,8.5,,1
47011840,7480201,D01,8.2,,8.4,6.75,,,,,,,0
41009251,7810201,A00,,,,7.25,,,,7.25,6.0,,2
48000354,7540204,D01,5.8,,6.0,6.25,,,,,,,3
59003593,7810201,D01,7.75,,7.0,7.0,,,,,,,2
53013585,7810202,D15,8.25,6.0,9.0,,,,,,,,2
49009554,7850101,A00,,,,6.75,,,,5.75,7.0,,4
2014268,7380107,D15,6.25,8.2,5.5,,,,,,,,5
2086237,7510301,D01,7.5,,6.6,8.0,,,,,,,3
49005209,7340101,A00,,,,6.75,,,,6.75,7.0,,1
42011991,7380107,D01,7.75,,7.8,7.2,,,,,,,5
36004497,7340115,A00,,,,8.0,,,,8.0,7.8,,1
46005733,7540101,D07,,,7.8,8.0,,,,,6.8,,4
52002184,7340120,D01,7.0,,7.0,7.25,,,,,,,1
2068609,7220204,D01,8.2,,7.4,7.0,,,,,,,6
47006625,7810202,D01,7.75,,7.6,8.0,,,,,,,2
54011403,7220201,D01,7.75,,9.0,6.8,,,,,,,6
2039703,7810103,D01,7.25,,8.4,7.0,,,,,,,2
35009272,7340120,D01,7.0,,7.6,6.75,,,,,,,1
60000229,7420201,D07,,,7.0,7.25,,,,,6.6,,4
37004782,7540204,D01,8.0,,6.6,7.4,,,,,,,3
35010572,7340301,D01,8.5,,6.6,7.4,,,,,,,1
2080266,7540101,D07,,,8.6,8.0,,,,,7.5,,4
49010718,7340120,A01,,,8.2,8.25,,,,7.8,,,1
48030215,7340115,A00,,,,7.25,,,,8.5,8.0,,1
41004612,7340201,D01,8.0,,6.8,7.25,,,,,,,1
50010078,7340129,A00,,,,5.75,,,,7.0,7.2,,4
2074848,7850101,A00,,,,5.0,,,,4.5,6.4,,4
34009261,7220204,D01,8.0,,7.4,7.6,,,,,,,6
2073613,7819009,B00,,,,6.5,,,,,6.75,6.0,2
40002486,7480202,A01,,,4.8,7.4,,,,7.0,,,0
48006433,7340115,A00,,,,7.75,,,,7.5,8.0,,1
2085033,7480201,D01,7.75,,9.2,8.0,,,,,,,0
47009031,7340120,D01,6.25,,8.6,8.0,,,,,,,1
40020408,7340101,A00,,,,7.0,,,,8.5,8.6,,1
35004904,7380107,D01,8.25,,5.6,7.8,,,,,,,5
38008822,7340120,A01,,,8.2,6.0,,,,7.2,,,1
37010969,7340101,D01,7.25,,9.0,7.4,,,,,,,1
43003953,7340101,D01,6.6,,7.8,6.75,,,,,,,1
2072753,7540101,A01,,,9.2,7.4,,,,8.0,,,4
2036801,7480201,D01,9.4,,8.0,6.5,,,,,,,0
2034231,7480201,A00,,,,7.0,,,,7.5,8.2,,0
2022688,7540101,D07,,,8.6,8.4,,,,,8.5,,4
2039229,7540101,B00,,,,7.8,,,,,8.5,8.5,4
37001269,7220201,D01,7.75,,9.2,8.4,,,,,,,6
56012069,7810202,D01,7.5,,7.6,7.8,,,,,,,2
2066389,7540101,D07,,,7.8,9.0,,,,,8.6,,4
53005875,7480201,A00,,,,7.75,,,,7.25,8.4,,0
29020306,7340201,D01,6.2,,7.4,8.0,,,,,,,1
34013619,7340201,A00,,,,7.25,,,,6.5,7.8,,1
2053206,7220201,D01,7.4,,7.4,7.0,,,,,,,6
63005698,7810202,A00,,,,7.0,,,,7.0,8.0,,2
52007996,7340101,A00,,,,7.75,,,,7.0,8.2,,1
48022985,7540101,D07,,,7.8,8.6,,,,,7.75,,4
2078802,7510203,D01,6.5,,3.6,6.6,,,,,,,3
2043887,7810201,A00,,,,6.5,,,,7.5,7.6,,2
46006513,7510406,A00,,,,5.2,,,,5.75,6.0,,4
2018541,7380107,A00,,,,7.0,,,,8.25,7.2,,5
28030427,7380107,A00,,,,6.75,,,,6.5,7.4,,5
2064414,7540204,A00,,,,6.75,,,,7.25,7.8,,3
47003937,7340101,D01,7.75,,8.2,7.6,,,,,,,1
2062815,7510202,D01,5.4,,7.2,6.75,,,,,,,3
48012293,7220201,A01,,,7.6,7.5,,,,8.4,,,6
56002426,7510303,A00,,,,7.0,,,,7.0,8.2,,3
40018607,7340129,D01,6.0,,5.4,8.25,,,,,,,4
45003521,7480202,D01,5.0,,5.0,7.5,,,,,,,0
2068026,7810201,A00,,,,8.0,,,,7.75,8.25,,2
2030626,7810103,D01,6.0,,6.6,7.75,,,,,,,2
2043444,7810103,D01,6.2,,7.0,7.75,,,,,,,2
38008342,7340120,D01,7.33,,9.0,7.4,,,,,,,1
30012672,7340101,D01,7.6,,7.0,8.25,,,,,,,1
43006650,7510303,D01,6.5,,6.8,8.2,,,,,,,3
35001643,7340120,D01,6.6,,7.4,8.75,,,,,,,1
48001721,7340301,D01,7.75,,7.6,7.4,,,,,,,1
39006023,7340201,A00,,,,8.2,,,,6.5,8.25,,1
2045593,7340101,A00,,,,6.75,,,,8.5,7.0,,1
46001726,7460108,A00,,,,6.0,,,,5.25,6.6,,0
2022377,7340122,A01,,,7.0,7.0,,,,9.0,,,1
53005496,7540204,A00,,,,6.8,,,,6.0,6.5,,3
43000647,7380107,D15,8.0,4.6,8.0,,,,,,,,5
45001178,7220204,D01,6.8,,6.4,8.5,,,,,,,6
44009978,7510303,A00,,,,7.0,,,,6.5,5.25,,3
32001997,7340115,D01,7.6,,7.8,8.5,,,,,,,1
35004418,7540101,A00,,,,7.25,,,,7.25,7.8,,4
38000814,7510303,A00,,,,8.0,,,,6.5,8.0,,3
2006455,7480201,D07,,,7.4,7.5,,,,,6.8,,0
50004475,7340101,D01,8.2,,7.6,8.0,,,,,,,1
2003736,7810201,A00,,,,7.25,,,,8.25,7.6,,2
53008540,7480201,D07,,,7.6,8.25,,,,,8.2,,0
51001640,7510301,A00,,,,6.8,,,,4.25,7.0,,3
39007563,7380107,D01,6.0,,8.6,8.25,,,,,,,5
45003374,7340201,A01,,,8.8,7.8,,,,6.5,,,1
2069103,7380107,D01,7.4,,7.0,7.5,,,,,,,5
48032992,7340122,D01,7.8,,6.6,8.75,,,,,,,1
48017895,7510303,A01,,,7.4,7.0,,,,8.2,,,3
2014776,7540101,D07,,,7.4,6.5,,,,,8.2,,4
2039839,7480201,A01,,,8.0,8.0,,,,7.0,,,0
50004264,7340120,A00,,,,6.5,,,,7.75,7.0,,1
44007194,7540101,A00,,,,8.6,,,,8.25,8.0,,4
35003774,7340101,A00,,,,8.0,,,,7.75,8.5,,1
48029946,7510301,D01,6.75,,5.4,6.4,,,,,,,3
2044643,7340101,D01,6.8,,7.6,7.5,,,,,,,1
53006981,7340101,D01,8.5,,7.6,7.2,,,,,,,1
58005689,7510301,D01,6.5,,5.8,5.0,,,,,,,3
2025641,7420201,B00,,,,6.75,,,,,7.25,7.2,4
2065289,7340201,D01,7.4,,7.2,7.75,,,,,,,1
56007205,7340201,A00,,,,8.0,,,,7.5,7.75,,1
51014765,7480202,A01,,,7.6,7.5,,,,7.8,,,0
51007414,7540204,D01,5.2,,6.8,8.25,,,,,,,3
2007568,7480201,A00,,,,7.0,,,,8.75,8.2,,0
49012741,7340201,D01,8.0,,7.6,8.2,,,,,,,1
2048487,7510202,A00,,,,8.0,,,,6.0,7.0,,3
43008763,7340201,D01,6.75,,7.8,7.8,,,,,,,1
2031169,7510202,A00,,,,6.5,,,,7.75,6.0,,3
2038837,7810103,D01,7.0,,8.2,7.4,,,,,,,2
2045457,7819010,D07,,,7.4,4.75,,,,,7.4,,2
35000817,7480201,A00,,,,7.0,,,,7.25,7.4,,0
2063813,7540101,B00,,,,7.25,,,,,7.5,6.6,4
44001474,7340101,A01,,,6.6,7.25,,,,7.2,,,1
35007665,7340101,A00,,,,7.8,,,,7.0,8.5,,1
44006942,7810202,D01,8.0,,8.0,7.4,,,,,,,2
48027449,7540105,A01,,,6.6,6.6,,,,5.5,,,4
53012832,7540204,D01,6.25,,3.8,6.8,,,,,,,3
44004377,7510303,D01,7.75,,8.2,7.6,,,,,,,3
2015501,7480201,D01,7.6,,7.2,7.0,,,,,,,0
37006130,7340115,A00,,,,7.75,,,,8.25,8.6,,1
2045854,7340301,A01,,,9.2,7.4,,,,7.5,,,1
39003036,7510202,D01,6.2,,6.0,5.5,,,,,,,3
2062332,7420201,B00,,,,7.25,,,,,6.75,6.8,4
53001279,7540106,A01,,,7.6,6.6,,,,7.0,,,4
56006893,7340205,D01,5.2,,5.0,8.0,,,,,,,1
43006490,7340301,D01,7.4,,7.4,7.75,,,,,,,1
53006717,7340101,A00,,,,7.0,,,,7.25,6.4,,1
48023012,7540101,A00,,,,7.75,,,,7.25,8.0,,4
34005824,7340201,A01,,,7.6,8.0,,,,8.4,,,1
44006717,7510303,A00,,,,6.75,,,,8.0,6.8,,3
2047759,7510301,A01,,,6.8,7.0,,,,6.0,,,3
28017302,7480201,A00,,,,7.25,,,,8.0,7.6,,0
50004956,7480201,A00,,,,7.5,,,,8.25,8.2,,0
47009655,7340120,A00,,,,7.75,,,,8.0,7.6,,1
52005961,7810201,A01,,,7.6,8.5,,,,9.4,,,2
2036744,7510303,D01,6.4,,7.6,6.25,,,,,,,3
2028696,7810202,D01,5.8,,5.6,7.5,,,,,,,2
2053124,7540101,B00,,,,8.0,,,,,8.25,6.8,4
40004047,7480201,A00,,,,8.2,,,,8.0,7.25,,0
43005779,7510301,D01,4.2,,6.6,7.25,,,,,,,3
61004702,7340301,A00,,,,6.75,,,,8.25,8.0,,1
2072027,7480201,A01,,,9.2,9.0,,,,7.5,,,0
37002515,7220204,D09,,,6.6,9.25,,,8.0,,,,6
37001540,7380107,A00,,,,8.2,,,,7.25,7.75,,5
2001239,7850101,B00,,,,6.75,,,,,6.75,7.0,4
2067853,7420201,A01,,,8.2,8.2,,,,6.75,,,4
2050336,7420201,A01,,,7.2,5.75,,,,6.8,,,4
42009506,7340201,A00,,,,8.2,,,,7.25,7.5,,1
35010081,7340120,A00,,,,7.75,,,,8.25,8.0,,1
2082523,7420201,B00,,,,6.75,,,,,7.0,6.6,4
2036105,7340101,A00,,,,7.0,,,,7.75,8.0,,1
2026642,7540106,A00,,,,7.8,,,,6.0,6.75,,4
43008219,7540101,A00,,,,6.5,,,,7.0,7.6,,4
2052368,7480202,D07,,,7.2,8.0,,,,,8.8,,0
2084215,7480201,D01,8.0,,8.2,7.75,,,,,,,0
2035862,7540105,B00,,,,5.5,,,,,6.25,6.2,4
49012304,7380107,A00,,,,7.0,,,,8.25,7.6,,5
2006923,7480202,A00,,,,7.8,,,,3.5,7.0,,0
48009585,7480202,D01,6.75,,6.2,6.8,,,,,,,0
39006775,7510301,A00,,,,7.0,,,,5.5,7.5,,3
46008186,7340101,D01,8.5,,7.6,7.4,,,,,,,1
2056766,7540105,A01,,,9.6,8.6,,,,7.75,,,4
40005913,7340120,A01,,,7.6,8.25,,,,8.4,,,1
42014531,7380107,D15,7.5,4.6,7.25,,,,,,,,5
48004413,7340301,A00,,,,7.5,,,,7.75,7.8,,1
54008231,7340129,A00,,,,7.0,,,,7.25,7.6,,4
44002349,7340201,A00,,,,8.25,,,,8.75,7.4,,1
43005537,7480201,A00,,,,7.8,,,,7.0,8.0,,0
2044705,7480202,A00,,,,4.75,,,,4.5,8.0,,0
2034559,7340120,D01,6.4,,7.6,7.5,,,,,,,1
37001646,7220201,A01,,,9.0,8.2,,,,7.75,,,6
37007267,7540204,D01,6.75,,6.6,8.2,,,,,,,3
53005865,7340201,A00,,,,8.8,,,,7.0,7.5,,1
2076260,7340201,A00,,,,6.25,,,,8.0,7.2,,1
2019686,7850101,A00,,,,7.0,,,,6.0,7.75,,4
47009473,7340120,A00,,,,6.5,,,,7.25,7.4,,1
2084668,7540101,B00,,,,9.0,,,,,8.0,7.75,4
2075556,7340301,A00,,,,8.0,,,,7.25,8.0,,1
48009256,7810202,D01,8.75,,8.0,7.6,,,,,,,2
2027646,7340129,D01,5.4,,7.0,7.5,,,,,,,4
46009181,7480201,A01,,,8.8,7.25,,,,7.4,,,0
48025214,7340120,A00,,,,8.4,,,,8.0,8.5,,1
42010034,7340101,A00,,,,5.75,,,,6.75,7.8,,1
2039480,7540106,B00,,,,7.4,,,,,7.25,5.25,4
2053417,7340115,A01,,,8.4,7.25,,,,8.6,,,1
2040713,7810201,D01,8.5,,7.6,7.4,,,,,,,2
43009846,7510303,A00,,,,8.4,,,,7.0,7.75,,3
2015715,7510401,B00,,,,8.25,,,,,5.75,5.8,3
2056668,7810202,A00,,,,8.2,,,,8.25,7.75,,2
44008367,7480201,A00,,,,6.75,,,,7.75,6.6,,0
2081851,7510202,D01,5.25,,4.8,7.4,,,,,,,3
39006589,7510401,B00,,,,7.0,,,,,6.75,6.6,3
44010036,7340301,A00,,,,5.75,,,,7.5,7.0,,1
48003194,7510303,D01,5.0,,6.2,6.0,,,,,,,3
2043647,7510303,A01,,,7.4,7.2,,,,7.0,,,3
2036735,7810202,D15,6.5,6.0,6.75,,,,,,,,2
50002827,7480201,A01,,,9.0,7.6,,,,7.25,,,0
35009265,7340115,D01,7.2,,6.8,8.5,,,,,,,1
38010434,7220201,D01,7.0,,9.0,7.8,,,,,,,6
55007586,7480201,A00,,,,6.5,,,,8.75,7.2,,0
54005599,7540105,A00,,,,7.0,,,,7.0,7.75,,4
2080077,7480202,D01,6.0,,7.0,5.75,,,,,,,0
60005450,7220201,A01,,,8.0,7.25,,,,8.4,,,6
39005697,7340201,A00,,,,7.0,,,,8.0,7.75,,1
2063925,7819010,A00,,,,6.25,,,,5.75,6.4,,2
48024251,7510203,D07,,,7.0,6.6,,,,,7.5,,3
2017077,7420201,D07,,,7.2,8.25,,,,,7.0,,4
53010779,7340101,A00,,,,8.8,,,,7.75,6.75,,1
53013551,7480202,A00,,,,6.0,,,,5.25,6.0,,0
51004377,7480201,A01,,,7.8,9.0,,,,7.4,,,0
2083978,7340122,A00,,,,7.25,,,,7.75,7.6,,1
2028930,7480202,D01,7.25,,3.6,6.6,,,,,,,0
40019035,7540101,A00,,,,7.25,,,,7.75,7.8,,4
57007246,7340120,A00,,,,7.0,,,,6.75,7.4,,1
2008385,7510401,A00,,,,6.75,,,,7.25,8.0,,3
38009296,7380107,D01,8.25,,6.4,8.0,,,,,,,5
2082023,7540204,D01,6.75,,6.0,7.0,,,,,,,3
56010040,7340120,A00,,,,7.5,,,,8.25,7.0,,1
35011449,7340115,D01,6.8,,7.8,8.0,,,,,,,1
35010469,7340301,A00,,,,9.0,,,,6.25,7.5,,1
56008706,7540101,B00,,,,7.25,,,,,7.25,6.2,4
2035724,7480202,A00,,,,8.2,,,,7.75,5.25,,0
49014495,7810202,D01,7.5,,8.2,7.4,,,,,,,2
51019162,7480201,D01,7.4,,8.0,7.75,,,,,,,0
49014735,7810201,D15,7.5,5.4,7.25,,,,,,,,2
53004523,7510301,A00,,,,6.25,,,,6.75,6.8,,3
37003988,7340120,A00,,,,7.75,,,,8.0,8.8,,1
48007979,7340301,A00,,,,8.4,,,,6.5,8.0,,1
2025379,7220201,A01,,,9.6,7.6,,,,6.5,,,6
2055361,7340120,D01,8.0,,8.0,8.0,,,,,,,1
41011377,7510301,A00,,,,7.0,,,,6.5,7.25,,3
49003329,7540106,A00,,,,8.0,,,,7.75,7.5,,4
42013711,7480201,D01,8.2,,8.4,6.0,,,,,,,0
25013006,7480201,A00,,,,7.25,,,,8.75,8.0,,0
44012963,7510301,D01,7.6,,7.0,7.5,,,,,,,3
35008291,7510202,D01,4.8,,4.6,8.0,,,,,,,3
48002261,7510301,D01,5.75,,4.8,8.0,,,,,,,3
2009072,7540101,D07,,,7.6,8.25,,,,,8.2,,4
37004088,7340101,A01,,,8.4,7.8,,,,8.0,,,1
2006769,7480201,A00,,,,8.0,,,,7.5,8.2,,0
32006351,7340115,D01,8.2,,9.0,7.25,,,,,,,1
37010619,7340120,D01,7.75,,8.6,8.2,,,,,,,1
2080199,7510401,D07,,,7.2,7.4,,,,,7.75,,3
2072078,7340301,D01,7.25,,8.4,7.8,,,,,,,1
63003538,7340120,A00,,,,8.0,,,,8.0,8.2,,1
2002408,7480201,A00,,,,7.25,,,,7.5,8.4,,0
61001602,7480201,A01,,,7.0,7.25,,,,9.4,,,0
2003529,7460108,A01,,,7.4,6.5,,,,6.8,,,0
37012859,7510303,D01,5.4,,7.6,5.5,,,,,,,3
2084159,7540204,D01,6.2,,6.8,7.25,,,,,,,3
48017794,7340129,D01,7.0,,7.4,8.25,,,,,,,4
46001974,7340201,A01,,,7.8,8.0,,,,7.0,,,1
37016186,7510203,A00,,,,7.2,,,,6.25,6.25,,3
54002647,7340115,D01,8.0,,8.6,7.2,,,,,,,1
40009286,7480201,A00,,,,6.75,,,,6.25,7.4,,0
2036793,7480202,A00,,,,6.5,,,,7.75,7.8,,0
2067950,7540101,A01,,,9.6,8.0,,,,7.5,,,4
44010144,7340129,D01,5.2,,7.4,9.0,,,,,,,4
51015300,7810103,A00,,,,8.2,,,,7.0,7.5,,2
38007927,7480202,D01,6.0,,3.2,6.8,,,,,,,0
43005784,7810103,D01,6.0,,6.2,6.0,,,,,,,2
49012783,7340301,D01,6.8,,6.6,7.5,,,,,,,1
46006074,7540101,D07,,,8.6,8.0,,,,,8.0,,4
50004828,7220201,D01,7.8,,7.0,8.5,,,,,,,6
49011722,7340115,A00,,,,7.75,,,,8.0,8.2,,1
60002513,7510301,D01,6.0,,7.4,7.75,,,,,,,3
2016068,7380107,D15,6.5,6.0,8.0,,,,,,,,5
2079130,7510203,A01,,,7.4,7.8,,,,5.5,,,3
48010766,7540101,A00,,,,8.4,,,,7.25,8.75,,4
32007264,7220201,D01,8.75,,6.8,7.6,,,,,,,6
48023629,7510303,D01,6.4,,6.2,6.75,,,,,,,3
2037249,7340115,A00,,,,8.25,,,,8.0,8.2,,1
53006349,7340201,A00,,,,7.0,,,,8.25,8.0,,1
44003182,7340101,A00,,,,6.75,,,,8.5,8.0,,1
2055059,7380107,D01,6.5,,7.8,7.4,,,,,,,5
2032143,7220201,D01,9.0,,6.2,5.75,,,,,,,6
40014647,7340129,A00,,,,7.25,,,,6.0,7.4,,4
53005751,7380107,D01,8.25,,6.2,6.6,,,,,,,5
61001705,7420201,A01,,,7.6,7.0,,,,7.0,,,4
49010578,7380107,A00,,,,6.25,,,,7.25,6.6,,5
2040553,7480201,D07,,,8.2,7.25,,,,,7.2,,0
44008943,7340101,D01,6.8,,7.6,8.0,,,,,,,1
2063374,7480201,D07,,,8.6,7.2,,,,,7.25,,0
2012403,7480202,D01,7.0,,7.6,6.5,,,,,,,0
53003709,7810202,D15,7.0,7.4,8.75,,,,,,,,2
48026056,7510202,D01,5.2,,6.0,6.25,,,,,,,3
60004852,7480201,A00,,,,7.25,,,,8.0,8.0,,0
42004163,7340201,A00,,,,7.75,,,,8.25,7.6,,1
2030670,7510401,A00,,,,7.4,,,,7.75,7.5,,3
47003654,7340101,D01,6.8,,6.8,7.75,,,,,,,1
53000754,7510203,D01,3.6,,6.2,8.25,,,,,,,3
2044266,7540101,B00,,,,7.0,,,,,7.75,6.8,4
42010138,7380107,D01,7.5,,6.2,7.2,,,,,,,5
45003028,7420201,A00,,,,8.0,,,,4.5,7.75,,4
39010087,7340205,D01,4.4,,7.2,7.0,,,,,,,1
43008248,7340122,A00,,,,7.75,,,,7.25,6.8,,1
40000455,7380107,A00,,,,6.75,,,,6.5,7.8,,5
60002974,7540101,A00,,,,7.6,,,,8.0,8.25,,4
52012400,7480201,D01,7.2,,8.4,5.75,,,,,,,0
2083923,7850101,A00,,,,6.6,,,,6.0,6.0,,4
51010926,7810103,D15,7.0,6.8,8.0,,,,,,,,2
2044985,7480201,D01,7.6,,7.8,7.5,,,,,,,0
44006130,7540101,B00,,,,8.5,,,,,7.75,7.8,4
48033030,7340301,A00,,,,7.75,,,,6.5,7.6,,1
36002788,7340129,A00,,,,7.75,,,,6.25,8.0,,4
43002837,7340120,A00,,,,7.75,,,,6.25,8.2,,1
35002530,7340120,D01,6.6,,7.2,8.75,,,,,,,1
48010142,7810202,D01,5.2,,7.2,8.25,,,,,,,2
47001312,7380107,D01,6.5,,9.0,7.6,,,,,,,5
2061305,7510401,B00,,,,5.0,,,,,6.75,7.2,3
46005976,7340129,D01,8.25,,4.6,7.6,,,,,,,4
40001830,7340201,D01,7.5,,7.4,7.4,,,,,,,1
2015193,7540204,D01,7.25,,6.4,7.4,,,,,,,3
37004329,7540101,A00,,,,7.75,,,,7.0,6.4,,4
2080417,7510401,A00,,,,6.75,,,,7.25,5.6,,3
45001609,7510202,A01,,,7.8,5.5,,,,5.6,,,3
2024370,7540101,A01,,,7.8,6.25,,,,8.6,,,4
54010449,7380107,A00,,,,7.6,,,,6.5,7.75,,5
38013181,7480202,D01,6.6,,7.6,7.5,,,,,,,0
2025573,7810201,D01,5.4,,6.8,7.5,,,,,,,2
26005911,7340205,A00,,,,5.5,,,,6.5,7.0,,1
2068661,7510202,D01,4.6,,7.4,5.25,,,,,,,3
47004010,7480202,D01,5.6,,6.4,7.5,,,,,,,0
2083546,7480201,A01,,,8.8,7.75,,,,7.8,,,0
56012156,7340201,A00,,,,8.0,,,,6.0,8.5,,1
54003798,7480201,A01,,,6.8,7.25,,,,8.2,,,0
49008894,7510303,A01,,,7.6,7.0,,,,5.75,,,3
2063505,7340201,D01,7.75,,8.2,8.2,,,,,,,1
54001512,7340201,A00,,,,5.0,,,,7.25,7.6,,1
2078102,7510203,A00,,,,7.0,,,,6.5,7.8,,3
37014687,7380107,A00,,,,8.0,,,,6.5,6.75,,5
2067089,7520115,A00,,,,6.25,,,,6.25,6.8,,3
44007517,7220201,A01,,,7.8,7.75,,,,7.8,,,6
36002210,7340101,A00,,,,7.5,,,,7.25,7.8,,1
48023037,7510203,A00,,,,8.2,,,,5.75,7.75,,3
2012366,7540105,D07,,,6.0,5.25,,,,,4.8,,4
49009253,7220201,A01,,,5.8,7.0,,,,8.2,,,6
59005766,7340115,A00,,,,7.5,,,,6.75,7.8,,1
2050253,7220201,D01,7.75,,8.4,8.8,,,,,,,6
2043985,7340115,D01,8.4,,7.8,7.25,,,,,,,1
39010755,7340201,D01,7.5,,9.2,8.4,,,,,,,1
2036222,7510303,D01,6.0,,6.8,7.5,,,,,,,3
40005597,7340120,D01,7.0,,7.4,8.0,,,,,,,1
47000575,7510202,D07,,,6.2,7.0,,,,,6.0,,3
2048292,7510301,A00,,,,7.6,,,,5.75,6.25,,3
48005164,7480201,D01,7.8,,8.4,7.75,,,,,,,0
38002214,7480201,A01,,,8.2,7.6,,,,7.0,,,0
2046062,7819010,A00,,,,6.5,,,,5.75,7.6,,2
2045539,7480201,D01,6.5,,8.8,8.0,,,,,,,0
25007975,7340101,A00,,,,8.0,,,,7.5,8.25,,1
57004150,7420201,A00,,,,7.0,,,,6.5,7.0,,4
30016016,7380107,D01,6.2,,7.0,8.5,,,,,,,5
2034138,7510401,A00,,,,6.0,,,,7.0,6.4,,3
44000749,7480201,D01,6.75,,8.4,7.6,,,,,,,0
53011650,7220201,D01,8.0,,7.4,8.4,,,,,,,6
41010953,7340115,A00,,,,8.25,,,,7.25,7.2,,1
43003935,7220201,D01,6.2,,7.4,7.75,,,,,,,6
2072822,7819009,A00,,,,4.75,,,,4.75,7.6,,2
40020867,7340120,A00,,,,6.5,,,,8.25,8.2,,1
56000938,7340201,A01,,,8.4,7.4,,,,6.5,,,1
44007290,7810201,D01,5.6,,7.4,7.17,,,,,,,2
52010039,7540101,A00,,,,6.25,,,,8.25,7.4,,4
54010138,7480201,A00,,,,7.25,,,,8.25,8.0,,0
53011791,7220201,D01,8.25,,7.8,7.0,,,,,,,6
48003287,7480202,A00,,,,6.25,,,,7.75,8.4,,0
39006883,7810202,A00,,,,8.0,,,,8.25,8.0,,2
48024711,7510203,D01,5.2,,6.4,7.0,,,,,,,3
35012906,7340120,A01,,,8.8,7.8,,,,6.5,,,1
2067254,7340123,D01,7.4,,5.4,7.25,,,,,,,1
2043202,7220201,D09,,,6.0,8.25,,,8.6,,,,6
2064103,7340115,A01,,,8.2,8.25,,,,8.0,,,1
47008298,7819010,A00,,,,6.75,,,,5.5,6.4,,2
2038826,7540106,A00,,,,8.2,,,,6.75,7.75,,4
46004467,7340201,D01,7.8,,5.0,8.5,,,,,,,1
38001128,7340129,A00,,,,8.0,,,,6.25,7.6,,4
2045948,7810201,D01,7.6,,7.6,7.75,,,,,,,2
49008858,7510202,A00,,,,7.2,,,,6.0,4.75,,3
2011468,7380107,D01,7.5,,7.4,7.6,,,,,,,5
45003714,7540204,D01,6.0,,6.8,7.0,,,,,,,3
44007815,7540101,A00,,,,7.5,,,,8.25,8.0,,4
35012079,7220204,D01,8.0,,8.6,7.4,,,,,,,6
47009254,7510303,A00,,,,7.0,,,,5.5,5.5,,3
53008407,7340120,A00,,,,7.75,,,,8.25,7.4,,1
2043760,7480202,A00,,,,7.0,,,,6.5,7.2,,0
2039908,7480201,A01,,,7.8,7.5,,,,7.8,,,0
45003249,7340301,A01,,,7.0,6.5,,,,8.4,,,1
2062825,7380107,D01,6.2,,6.6,7.5,,,,,,,5
2049508,7810201,D15,5.5,6.8,6.75,,,,,,,,2
37001276,7220204,D01,7.75,,8.8,7.6,,,,,,,6
51016000,7480201,D01,8.0,,6.8,8.2,,,,,,,0
2028950,7819010,A00,,,,7.0,,,,7.25,7.0,,2
24006115,7380107,A00,,,,6.25,,,,8.5,8.4,,5
51016282,7810201,D01,8.25,,7.2,7.4,,,,,,,2
46007611,7220204,D01,7.4,,8.4,8.25,,,,,,,6
52007709,7510301,D01,7.0,,6.6,7.2,,,,,,,3
2044842,7340115,A01,,,8.2,7.8,,,,8.25,,,1
47000686,7220201,D01,7.2,,7.6,7.75,,,,,,,6
44000078,7420201,A00,,,,6.75,,,,7.75,7.4,,4
47004061,7540101,A00,,,,7.5,,,,8.0,8.0,,4
40000407,7220201,D01,7.5,,9.2,6.6,,,,,,,6
47000977,7220201,A01,,,7.4,7.5,,,,8.8,,,6
51003212,7810201,A01,,,7.2,8.0,,,,7.5,,,2
34010343,7340122,D01,7.0,,6.6,8.5,,,,,,,1
45004012,7340201,A00,,,,7.75,,,,8.0,7.2,,1
2047501,7510303,A01,,,6.2,7.8,,,,5.75,,,3
2035398,7510203,D07,,,7.8,7.25,,,,,6.2,,3
51019057,7340101,A00,,,,8.25,,,,7.5,7.6,,1
40018193,7340115,D01,7.5,,8.0,7.8,,,,,,,1
53013780,7510202,D01,5.4,,7.0,6.25,,,,,,,3
56010820,7380107,D15,7.75,5.2,6.25,,,,,,,,5
2079538,7380107,A00,,,,6.8,,,,7.25,7.25,,5
54006104,7340301,A00,,,,7.75,,,,7.75,8.2,,1
41001952,7480201,A00,,,,7.75,,,,8.25,8.2,,0
48032748,7340205,A00,,,,6.25,,,,7.75,8.0,,1
35011695,7340115,D01,6.8,,8.2,9.25,,,,,,,1
2039285,7510203,A00,,,,7.4,,,,6.0,6.0,,3
52001846,7380107,D15,7.75,5.2,8.25,,,,,,,,5
48028325,7340201,A00,,,,8.4,,,,6.75,8.0,,1
51009174,7340115,D01,5.8,,8.0,8.75,,,,,,,1
2039007,7510202,D01,6.75,,7.2,8.2,,,,,,,3
47003744,7340115,A00,,,,8.0,,,,7.5,7.6,,1
32006201,7340115,A00,,,,8.0,,,,7.75,8.6,,1
2045695,7480201,A01,,,6.6,7.5,,,,9.0,,,0
54008937,7540105,A01,,,6.6,6.5,,,,5.2,,,4
2076341,7340129,D01,7.8,,7.4,7.25,,,,,,,4
50004909,7540106,A00,,,,6.75,,,,6.75,8.0,,4
44012363,7540204,D01,6.5,,3.4,6.8,,,,,,,3
49004996,7340129,A01,,,8.0,6.5,,,,6.8,,,4
2007931,7540204,D01,7.0,,6.6,6.25,,,,,,,3
42008673,7540101,B00,,,,7.0,,,,,7.25,7.4,4
48022768,7540106,A01,,,6.0,8.2,,,,8.25,,,4
48000393,7380107,D01,6.5,,8.2,7.8,,,,,,,5
33001555,7340205,D01,5.4,,6.8,7.5,,,,,,,1
37013903,7810202,A00,,,,8.5,,,,7.75,7.8,,2
35008068,7480201,A00,,,,7.5,,,,7.75,7.6,,0
2042045,7480202,A00,,,,7.0,,,,8.25,8.2,,0
35011119,7540101,B00,,,,7.0,,,,,7.75,7.0,4
53010975,7810202,A00,,,,8.0,,,,7.25,6.75,,2
2071629,7480202,A00,,,,7.0,,,,6.5,6.4,,0
37015375,7220204,D01,7.8,,7.4,7.0,,,,,,,6
54004905,7340201,A01,,,7.8,6.8,,,,7.75,,,1
2082775,7220201,D01,7.5,,8.8,7.0,,,,,,,6
2069583,7510202,A01,,,7.8,6.25,,,,7.4,,,3
60003219,7480201,D01,8.2,,6.8,8.0,,,,,,,0
30014089,7510202,D01,5.2,,8.2,6.5,,,,,,,3
46000911,7510202,D01,6.0,,4.4,6.0,,,,,,,3
60002489,7340201,D01,7.5,,8.4,6.8,,,,,,,1
2043161,7340101,A00,,,,8.8,,,,8.0,8.0,,1
2034304,7340115,A01,,,8.0,7.25,,,,7.0,,,1
45000561,7510203,D01,2.8,,7.2,5.75,,,,,,,3
34000898,7380107,A00,,,,7.25,,,,7.0,8.0,,5
28023093,7480201,D01,7.25,,6.4,8.4,,,,,,,0
51013541,7480201,D01,7.2,,7.4,7.75,,,,,,,0
55001161,7340115,A01,,,7.8,7.75,,,,8.8,,,1
52008673,7810103,D01,7.4,,6.8,6.75,,,,,,,2
2040390,7340201,D01,7.25,,8.6,7.6,,,,,,,1
35008641,7340129,D01,5.2,,7.0,8.0,,,,,,,4
39000518,7340301,A00,,,,8.0,,,,6.75,8.0,,1
2037017,7510401,D07,,,7.8,8.0,,,,,8.0,,3
49004724,7510401,A00,,,,5.25,,,,7.5,7.0,,3
2022642,7340115,A01,,,7.4,7.5,,,,8.4,,,1
2069200,7340201,D01,8.0,,6.6,7.75,,,,,,,1
42000079,7480201,A00,,,,6.75,,,,7.5,7.6,,0
43002821,7340201,D01,5.4,,7.2,8.0,,,,,,,1
48021938,7480201,D01,8.2,,6.8,8.5,,,,,,,0
37008675,7340101,A01,,,7.8,7.5,,,,7.0,,,1
48010508,7510203,A01,,,6.8,7.8,,,,6.75,,,3
53009227,7540101,A00,,,,7.8,,,,8.0,8.0,,4
2039519,7810201,D01,6.4,,7.6,6.5,,,,,,,2
50010888,7480201,D01,7.25,,8.2,7.4,,,,,,,0
2020900,7510402,D07,,,8.0,7.2,,,,,7.25,,3
63000131,7540101,A00,,,,7.25,,,,8.25,8.2,,4
38011871,7540106,A00,,,,6.8,,,,5.75,7.0,,4
49007789,7220204,D01,7.83,,8.4,7.8,,,,,,,6
47010711,7510401,B00,,,,7.5,,,,,7.25,5.4,3
41007252,7340115,D01,7.6,,6.8,8.25,,,,,,,1
2070869,7340120,A01,,,6.6,6.5,,,,9.0,,,1
2040969,7540101,D07,,,8.0,8.5,,,,,8.0,,4
53013755,7540204,D01,6.0,,6.2,7.5,,,,,,,3
47002601,7540101,A00,,,,8.5,,,,7.0,7.6,,4
35009999,7480202,A00,,,,7.25,,,,7.25,7.8,,0
2034817,7480201,A00,,,,7.75,,,,7.5,7.8,,0
2010183,7380107,A00,,,,8.4,,,,7.0,8.25,,5
35006058,7510402,B00,,,,7.8,,,,,6.5,6.5,3
47000597,7220201,D01,7.5,,9.4,7.8,,,,,,,6
37017982,7220201,A01,,,8.8,8.0,,,,7.25,,,6
49010023,7480201,A00,,,,8.4,,,,7.25,8.5,,0
30017067,7510301,D01,3.4,,8.6,8.5,,,,,,,3
47003916,7220201,A01,,,9.0,8.4,,,,8.5,,,6
60005401,7380107,D15,7.5,6.4,8.25,,,,,,,,5
40020130,7220204,D01,7.8,,7.6,7.75,,,,,,,6
2050061,7810202,D01,6.0,,7.0,6.5,,,,,,,2
37004557,7460108,D01,3.6,,6.0,6.75,,,,,,,0
47003927,7540106,D07,,,7.2,7.0,,,,,7.5,,4
35010676,7340120,D01,7.4,,7.8,7.5,,,,,,,1
2014783,7540101,D07,,,7.8,8.0,,,,,7.6,,4
46007438,7540101,A00,,,,8.8,,,,7.5,7.5,,4
54010860,7480201,A01,,,7.4,8.5,,,,8.0,,,0
2015974,7510301,A00,,,,7.0,,,,7.0,6.2,,3
2070973,7510202,A01,,,8.0,6.75,,,,6.8,,,3
4003281,7380107,A00,,,,8.75,,,,7.25,7.2,,5
44008746,7540101,A00,,,,7.75,,,,7.75,7.2,,4
45002852,7220201,A01,,,7.8,6.5,,,,8.2,,,6
63000099,7510301,A01,,,8.0,6.75,,,,5.8,,,3
2078456,7340201,A00,,,,6.25,,,,7.0,7.4,,1
52009741,7340101,A00,,,,6.5,,,,8.5,7.4,,1
2049042,7480202,D01,6.5,,8.2,6.4,,,,,,,0
42011068,7380107,D01,6.75,,7.2,7.2,,,,,,,5
60003126,7340101,A00,,,,7.0,,,,7.75,7.6,,1
37007489,7340120,D01,6.8,,8.0,8.5,,,,,,,1
52006133,7810201,A00,,,,7.0,,,,8.25,7.4,,2
43005478,7340115,A00,,,,8.0,,,,7.75,8.0,,1
2044381,7510202,D01,9.0,,5.4,6.5,,,,,,,3
56009340,7480201,A00,,,,8.25,,,,8.25,7.8,,0
53000074,7810202,D15,6.75,5.6,8.5,,,,,,,,2
37005733,7480201,D01,6.75,,8.2,7.2,,,,,,,0
46008445,7540204,D01,5.2,,6.6,8.25,,,,,,,3
48017491,7220204,A01,,,7.2,6.5,,,,6.8,,,6
48015839,7810202,D15,7.25,5.2,7.25,,,,,,,,2
51005456,7810103,A00,,,,8.25,,,,7.0,6.8,,2
2062948,7340101,D01,9.2,,7.2,6.5,,,,,,,1
2008626,7510303,D01,6.2,,7.8,7.5,,,,,,,3
53005225,7510303,A00,,,,7.25,,,,7.0,6.6,,3
48032871,7340101,D01,7.4,,5.8,8.0,,,,,,,1
53011876,7340101,A00,,,,8.0,,,,8.25,7.6,,1
2068635,7480201,A00,,,,8.25,,,,8.0,7.4,,0
48009709,7510202,D01,6.0,,7.0,8.0,,,,,,,3
49011178,7540106,A00,,,,7.0,,,,5.25,5.5,,4
48010225,7510202,D01,5.6,,6.4,6.0,,,,,,,3
39006517,7340201,A01,,,8.0,7.25,,,,6.8,,,1
44012938,7540101,B00,,,,7.8,,,,,7.5,8.25,4
2062483,7850101,A00,,,,8.25,,,,7.25,7.8,,4
35010542,7340101,D01,6.4,,6.4,8.75,,,,,,,1
37004956,7340120,A00,,,,8.25,,,,7.75,7.6,,1
2047299,7810103,D01,5.4,,6.2,7.0,,,,,,,2
49008100,7480201,D01,7.5,,7.8,7.2,,,,,,,0
48031478,7380107,A00,,,,7.8,,,,7.0,6.75,,5
48030322,7850101,A00,,,,5.75,,,,6.75,5.6,,4
2050515,7480202,D01,7.2,,8.2,7.0,,,,,,,0
2065019,7510401,A00,,,,6.5,,,,5.25,8.0,,3
49008232,7420201,B00,,,,7.6,,,,,6.75,7.5,4
2079717,7340301,D01,6.2,,6.6,8.0,,,,,,,1
2040314,7340301,A00,,,,7.8,,,,6.25,8.75,,1
49013100,7340301,D01,6.2,,7.4,8.25,,,,,,,1
2071850,7340201,A00,,,,7.5,,,,8.5,7.8,,1
49012523,7510303,A00,,,,6.25,,,,6.75,7.8,,3
2039659,7540101,D07,,,7.2,7.0,,,,,7.4,,4
49009855,7510203,A00,,,,6.5,,,,6.0,6.8,,3
35012371,7340101,A00,,,,8.0,,,,8.0,8.25,,1
2005871,7540101,A00,,,,7.75,,,,7.25,7.2,,4
39009516,7220204,D01,7.4,,7.0,7.75,,,,,,,6
2057785,7340301,A01,,,8.0,7.8,,,,7.5,,,1
36000909,7380107,D01,7.0,,7.6,8.0,,,,,,,5
36004078,7540101,B00,,,,7.0,,,,,7.0,7.8,4
46009390,7540106,A01,,,7.2,5.75,,,,6.2,,,4
46003463,7540101,A00,,,,7.0,,,,7.0,7.2,,4
51017117,7810202,D15,5.5,5.6,9.0,,,,,,,,2
52011465,7340115,A01,,,7.6,7.75,,,,8.4,,,1
58004474,7510303,A00,,,,7.25,,,,7.75,7.4,,3
51015453,7340120,A00,,,,6.25,,,,8.25,7.4,,1
2077763,7380107,D01,6.8,,7.0,7.25,,,,,,,5
2015651,7340301,A00,,,,7.5,,,,7.5,8.2,,1
44001197,7380107,D01,7.0,,7.0,8.0,,,,,,,5
44000014,7340115,A01,,,8.0,8.0,,,,7.8,,,1
55011539,7380107,D01,3.8,,8.2,7.75,,,,,,,5
40008773,7480201,A00,,,,7.5,,,,7.25,8.4,,0
39004663,7380107,A00,,,,7.4,,,,7.25,7.25,,5
2019225,7480201,D01,9.2,,7.2,7.5,,,,,,,0
28017200,7810103,A00,,,,8.2,,,,7.0,7.75,,2
39008367,7340120,D01,6.75,,7.8,8.8,,,,,,,1
2083869,7480201,A01,,,8.0,7.6,,,,7.5,,,0
49011477,7480202,A00,,,,6.2,,,,6.0,6.5,,0
43000103,7510203,A00,,,,8.0,,,,6.75,6.5,,3
46008657,7480201,A01,,,8.2,6.4,,,,7.5,,,0
37006781,7480201,A00,,,,6.75,,,,7.0,7.6,,0
2081046,7540106,A00,,,,6.8,,,,6.5,6.0,,4
2083324,7510301,D01,6.75,,5.0,7.4,,,,,,,3
2011509,7510401,A00,,,,7.0,,,,6.0,6.8,,3
43008278,7340301,A00,,,,6.25,,,,7.25,7.4,,1
2000207,7510303,D01,8.6,,5.4,6.75,,,,,,,3
2079808,7420201,D07,,,6.8,6.75,,,,,7.4,,4
2083229,7480201,A01,,,9.2,6.25,,,,7.6,,,0
54009622,7510202,A00,,,,7.2,,,,6.5,7.75,,3
2023269,7510203,A00,,,,6.6,,,,5.5,6.75,,3
2066212,7540101,B00,,,,7.25,,,,,6.0,7.8,4
37015946,7340115,A00,,,,7.75,,,,8.75,7.6,,1
46008993,7340101,A00,,,,8.4,,,,7.25,8.75,,1
60002661,7380107,D01,7.5,,6.0,7.4,,,,,,,5
2019278,7540101,A00,,,,7.75,,,,8.5,8.0,,4
2061276,7480201,D01,7.0,,8.4,6.25,,,,,,,0
46001652,7340301,D01,6.4,,6.6,7.0,,,,,,,1
2069515,7220201,A01,,,9.6,7.4,,,,7.0,,,6
35009170,7340115,D01,7.2,,6.6,8.5,,,,,,,1
48024030,7480201,A01,,,7.6,7.5,,,,9.4,,,0
51006303,7420201,B00,,,,6.5,,,,,7.0,6.8,4
52008292,7340201,D01,7.0,,6.8,7.75,,,,,,,1
47006318,7810201,D01,8.0,,8.4,8.0,,,,,,,2
2022833,7460108,A00,,,,6.5,,,,6.75,8.0,,0
43009345,7340115,D01,8.0,,7.2,8.25,,,,,,,1
61005404,7340201,A01,,,8.0,8.2,,,,7.0,,,1
44010706,7340115,D01,7.0,,8.6,8.25,,,,,,,1
2015872,7480201,D01,8.2,,7.4,7.5,,,,,,,0
56005512,7340201,A00,,,,7.0,,,,6.75,7.8,,1
39009107,7380107,D01,6.25,,7.6,7.8,,,,,,,5
44006263,7340101,D01,6.2,,7.6,8.0,,,,,,,1
37010555,7460108,D01,7.8,,5.2,8.0,,,,,,,0
2061249,7380107,D01,7.6,,6.4,6.75,,,,,,,5
2083471,7510303,A00,,,,7.6,,,,5.5,6.5,,3
2047772,7540106,D07,,,7.0,7.0,,,,,6.75,,4
28002815,7340115,D01,8.4,,8.0,7.5,,,,,,,1
53008411,7520115,A00,,,,6.75,,,,7.25,6.6,,3
2063320,7510301,A00,,,,6.5,,,,7.25,8.4,,3
32003282,7340122,D01,5.4,,8.0,8.75,,,,,,,1
50013771,7340122,D01,7.8,,7.2,8.25,,,,,,,1
47003522,7220204,D01,8.25,,8.6,7.6,,,,,,,6
2067519,7510401,A01,,,6.0,7.25,,,,7.0,,,3
2045517,7480201,A01,,,8.0,7.0,,,,7.6,,,0
2023914,7340201,D01,8.0,,8.6,7.4,,,,,,,1
47007037,7510401,A00,,,,6.0,,,,5.25,6.6,,3
46002280,7340301,D01,5.8,,7.6,7.75,,,,,,,1
40006042,7510203,A00,,,,5.0,,,,5.0,6.6,,3
48003075,7510303,D01,7.0,,6.8,7.4,,,,,,,3
52000452,7510401,A00,,,,8.6,,,,5.75,8.25,,3
52005724,7340301,D01,5.6,,7.4,7.25,,,,,,,1
2022985,7850101,A00,,,,7.4,,,,6.25,7.25,,4
51009378,7340115,A00,,,,8.2,,,,7.25,8.25,,1
37012053,7480201,D01,7.0,,7.2,7.8,,,,,,,0
43004218,7340123,D01,8.0,,8.0,6.8,,,,,,,1
46000298,7510202,D01,5.0,,7.0,7.25,,,,,,,3
56006954,7540105,A00,,,,8.6,,,,7.0,6.0,,4
48009775,7510203,A00,,,,7.4,,,,6.25,5.25,,3
46003143,7510202,D01,4.8,,7.0,6.25,,,,,,,3
2023285,7340301,A00,,,,8.6,,,,6.75,7.75,,1
41002062,7340201,A01,,,8.2,8.0,,,,7.0,,,1
2053392,7810201,D01,6.0,,7.2,7.0,,,,,,,2
2022673,7480201,A00,,,,7.75,,,,7.75,7.8,,0
24007048,7340101,D01,4.4,,7.8,8.5,,,,,,,1
2011592,7510401,D07,,,7.6,6.5,,,,,6.4,,3
2003245,7340115,D01,7.4,,7.6,7.75,,,,,,,1
55000838,7480202,D01,6.5,,6.4,7.2,,,,,,,0
2064560,7340129,A00,,,,7.25,,,,7.25,7.0,,4
38007218,7340301,A00,,,,8.0,,,,7.5,6.75,,1
2078472,7540101,A00,,,,8.0,,,,7.25,7.8,,4
48008278,7480202,D01,5.75,,5.2,7.0,,,,,,,0
48018913,7380107,A00,,,,7.0,,,,8.5,7.6,,5
2022570,7540101,B00,,,,7.75,,,,,8.5,6.6,4
2063529,7510301,D01,6.0,,7.2,7.5,,,,,,,3
38001295,7340101,A00,,,,7.8,,,,7.5,8.25,,1
51019040,7420201,B00,,,,7.25,,,,,7.25,6.4,4
44003810,7340101,D01,6.0,,7.2,8.0,,,,,,,1
2067317,7480201,D01,6.5,,8.8,7.8,,,,,,,0
2083294,7510301,D01,6.0,,8.6,6.4,,,,,,,3
42010453,7480201,A00,,,,7.6,,,,7.25,8.5,,0
37002503,7220201,D09,,,7.2,7.75,,,6.8,,,,6
2080677,7340115,D01,8.2,,7.0,7.25,,,,,,,1
37009889,7340301,A00,,,,7.6,,,,7.5,7.5,,1
2082803,7480202,D01,6.5,,6.4,7.8,,,,,,,0
46002135,7540101,D07,,,8.4,7.0,,,,,8.25,,4
48010154,7380107,A00,,,,8.5,,,,7.25,7.0,,5
2075167,7540204,A00,,,,6.25,,,,6.5,7.8,,3
2062777,7480201,D01,7.8,,6.8,7.25,,,,,,,0
63001720,7340122,D01,7.2,,7.6,7.75,,,,,,,1
2068842,7340205,A00,,,,7.5,,,,6.0,5.2,,1
46009142,7340101,A00,,,,7.0,,,,9.0,7.8,,1
2055310,7480201,D07,,,7.4,7.75,,,,,8.0,,0
2038675,7510203,A00,,,,5.6,,,,6.0,6.5,,3
32006189,7340101,A00,,,,8.8,,,,8.25,8.5,,1
58001949,7480201,D01,7.4,,6.8,7.0,,,,,,,0
44003503,7340201,A00,,,,6.75,,,,7.25,7.6,,1
48019917,7340301,D01,7.5,,8.0,6.8,,,,,,,1
52009899,7340115,A00,,,,7.0,,,,7.5,8.0,,1
2048944,7340301,D01,6.75,,8.2,7.8,,,,,,,1
2080088,7220201,D01,7.8,,7.4,6.25,,,,,,,6
2062708,7340101,A00,,,,7.0,,,,6.0,8.2,,1
2035450,7510202,D01,6.6,,7.2,6.25,,,,,,,3
36002505,7340129,D01,5.0,,6.6,7.25,,,,,,,4
2080333,7340101,D01,7.6,,7.0,8.0,,,,,,,1
2008286,7819009,D07,,,7.6,6.5,,,,,6.6,,2
2074853,7220201,D01,7.25,,9.0,8.0,,,,,,,6
2064025,7810201,D01,6.4,,7.6,7.75,,,,,,,2
53012447,7340101,A00,,,,8.0,,,,7.75,7.8,,1
52010010,7540106,B00,,,,5.75,,,,,7.75,8.0,4
37002321,7340101,D01,7.0,,5.8,8.0,,,,,,,1
37002233,7340115,A00,,,,6.25,,,,8.0,8.0,,1
47006613,7380107,D01,8.0,,6.8,7.8,,,,,,,5
35010125,7340120,A00,,,,6.0,,,,7.75,8.2,,1
52003151,7540101,B00,,,,8.0,,,,,7.75,7.8,4
48030454,7540101,A00,,,,6.75,,,,7.25,6.8,,4
49010309,7340101,D01,5.8,,7.0,8.25,,,,,,,1
2084973,7540101,A00,,,,7.8,,,,8.0,8.5,,4
2022030,7480201,D01,7.25,,9.2,7.0,,,,,,,0
2067630,7220201,D01,7.8,,7.0,6.5,,,,,,,6
56007036,7510401,A00,,,,7.25,,,,7.75,7.0,,3
54006810,7340115,D01,6.2,,7.8,8.0,,,,,,,1
49005249,7810103,D15,7.75,5.4,7.5,,,,,,,,2
2003731,7510202,D01,6.2,,6.6,6.75,,,,,,,3
2049345,7480201,D01,7.0,,7.8,7.8,,,,,,,0
2042922,7480201,A00,,,,7.5,,,,6.75,7.6,,0
37011383,7510301,A01,,,5.8,5.75,,,,4.2,,,3
46002870,7220204,D01,6.8,,7.8,8.75,,,,,,,6
46005602,7480202,A00,,,,5.75,,,,7.25,6.8,,0
48009701,7480201,D07,,,9.0,8.0,,,,,7.5,,0
40010677,7380107,D01,5.6,,8.2,8.0,,,,,,,5
42013843,7340120,D01,6.8,,6.8,9.25,,,,,,,1
2053352,7340115,D01,9.2,,7.6,7.75,,,,,,,1
2052228,7540101,A00,,,,7.25,,,,7.25,8.0,,4
37013910,7480201,A00,,,,8.25,,,,6.75,8.4,,0
37008414,7340101,D01,6.8,,7.4,8.0,,,,,,,1
37010886,7480201,A00,,,,8.2,,,,7.0,7.75,,0
2043006,7480202,D01,7.0,,6.8,7.75,,,,,,,0
33002072,7540101,B00,,,,8.0,,,,,8.25,8.75,4
41001349,7340123,D01,5.0,,6.4,6.75,,,,,,,1
46007305,7380107,D01,8.5,,7.0,6.8,,,,,,,5
53004307,7510303,D01,7.75,,7.8,7.8,,,,,,,3
48008998,7540101,B00,,,,8.25,,,,,8.0,7.4,4
37008238,7380107,D01,7.5,,7.4,8.0,,,,,,,5
61005476,7540101,A00,,,,6.75,,,,8.25,7.0,,4
50007271,7220204,D09,,,6.8,9.0,,,8.0,,,,6
2006058,7480201,A00,,,,8.2,,,,7.25,8.25,,0
2036287,7480201,D07,,,8.8,7.6,,,,,7.75,,0
2033324,7480202,D01,7.2,,5.6,5.75,,,,,,,0
59009648,7480202,A00,,,,5.25,,,,6.75,7.2,,0
46001756,7510401,B00,,,,4.8,,,,,6.5,5.5,3
2039636,7480201,A01,,,7.8,7.0,,,,6.6,,,0
48021081,7340101,D01,8.2,,6.4,6.5,,,,,,,1
46005626,7540101,A00,,,,7.5,,,,7.25,8.0,,4
50000315,7520115,D01,5.4,,6.4,6.5,,,,,,,3
2011796,7810103,D01,6.0,,7.4,7.0,,,,,,,2
39010403,7510202,D01,5.0,,6.8,5.25,,,,,,,3
35012556,7340120,D01,8.0,,8.2,7.6,,,,,,,1
2043515,7340115,D01,8.2,,7.4,8.25,,,,,,,1
2041165,7510303,D07,,,7.8,6.75,,,,,7.4,,3
53008132,7340101,A00,,,,7.75,,,,8.5,8.0,,1
46001299,7480202,A00,,,,7.0,,,,7.75,8.0,,0
51011310,7480201,D01,6.0,,9.0,7.4,,,,,,,0
53006178,7810103,A00,,,,7.5,,,,8.5,7.4,,2
48005847,7810103,D01,7.75,,8.2,7.2,,,,,,,2
2075851,7380107,A00,,,,5.5,,,,6.75,6.8,,5
54009146,7340120,A00,,,,7.25,,,,8.0,8.4,,1
48025702,7340120,D01,7.6,,7.2,7.5,,,,,,,1
47001068,7380107,D01,7.6,,7.0,8.25,,,,,,,5
43010120,7810201,D01,7.25,,7.2,7.6,,,,,,,2
2073316,7540101,D07,,,7.4,8.25,,,,,7.6,,4
2040361,7480201,A00,,,,6.5,,,,7.75,8.4,,0
48019818,7510301,D01,6.25,,3.4,6.8,,,,,,,3
51003581,7480201,A01,,,8.4,8.0,,,,7.2,,,0
55001501,7810202,D01,9.25,,7.4,7.8,,,,,,,2
55006980,7540101,D07,,,7.0,7.0,,,,,8.4,,4
40004822,7510301,D01,6.75,,5.2,7.4,,,,,,,3
2077094,7510301,A00,,,,7.4,,,,6.0,6.75,,3
43003893,7510401,A00,,,,6.8,,,,5.75,7.75,,3
40017548,7340301,D01,7.0,,7.0,8.0,,,,,,,1
2060979,7510406,A00,,,,6.5,,,,6.0,6.6,,4
37010034,7340115,D01,7.8,,7.6,7.0,,,,,,,1
2052743,7510303,D01,5.2,,6.4,6.5,,,,,,,3
2035575,7480201,A00,,,,6.75,,,,7.0,8.4,,0
53014167,7340129,D01,6.2,,7.0,9.25,,,,,,,4
42006055,7810103,D01,4.8,,6.8,7.5,,,,,,,2
2049412,7340301,D01,6.6,,7.2,7.25,,,,,,,1
2045562,7220201,D01,8.4,,7.8,7.5,,,,,,,6
35007529,7480201,D01,5.6,,7.6,7.5,,,,,,,0
48018724,7340115,A01,,,7.6,9.0,,,,8.6,,,1
52006618,7510303,A00,,,,6.6,,,,5.75,7.75,,3
49010561,7510303,A00,,,,7.4,,,,6.25,7.25,,3
55008334,7420201,A00,,,,8.0,,,,5.5,6.25,,4
37012853,7510301,A00,,,,7.6,,,,4.5,6.5,,3
48023525,7510202,A00,,,,6.0,,,,5.75,7.6,,3
2063083,7220204,D01,7.75,,7.8,7.6,,,,,,,6
53008194,7540101,A00,,,,7.75,,,,8.0,7.2,,4
44010134,7340115,D01,7.8,,8.4,8.25,,,,,,,1
37006566,7340115,A01,,,7.4,7.75,,,,7.8,,,1
37002190,7220201,D01,7.8,,8.4,8.0,,,,,,,6
50007707,7510301,A00,,,,6.8,,,,6.75,7.75,,3
35012045,7810103,A00,,,,7.6,,,,7.0,9.0,,2
48023512,7540101,D07,,,8.6,7.4,,,,,7.75,,4
57005071,7340122,D01,5.8,,8.2,7.75,,,,,,,1
44011411,7220204,D01,8.25,,8.0,7.0,,,,,,,6
48023715,7540101,A00,,,,8.0,,,,7.75,7.0,,4
63002302,7340101,A00,,,,6.75,,,,8.5,8.2,,1
53006333,7420201,A00,,,,6.8,,,,6.5,6.75,,4
46005634,7810103,D01,7.2,,6.6,8.0,,,,,,,2
2025431,7540106,A01,,,6.6,5.8,,,,6.25,,,4
42011023,7510203,A00,,,,5.75,,,,7.5,6.8,,3
53006051,7510303,D01,6.75,,5.0,5.8,,,,,,,3
2083087,7340201,D01,5.4,,6.8,8.5,,,,,,,1
56000537,7810202,A00,,,,7.8,,,,6.75,7.5,,2
40004139,7340120,D01,7.0,,8.6,7.75,,,,,,,1
49010620,7380107,A00,,,,7.75,,,,7.5,8.0,,5
2021356,7380107,A00,,,,7.4,,,,6.5,8.0,,5
51005650,7480201,A00,,,,7.75,,,,7.75,8.2,,0
44013540,7340115,D01,6.8,,7.4,8.25,,,,,,,1
58004598,7340115,A01,,,8.2,8.0,,,,7.2,,,1
2065034,7850101,D07,,,7.0,6.25,,,,,6.0,,4
55001869,7510203,A00,,,,5.75,,,,7.25,7.2,,3
53001613,7540106,A00,,,,7.0,,,,8.0,6.8,,4
2037526,7540106,A00,,,,7.2,,,,6.5,5.75,,4
2010744,7819009,B00,,,,7.0,,,,,6.0,6.6,2
44008301,7510202,D01,5.2,,6.4,6.25,,,,,,,3
2069972,7420201,B00,,,,7.8,,,,,6.75,7.5,4
43003119,7340120,D01,6.2,,7.4,9.0,,,,,,,1
34010199,7340115,A01,,,7.6,7.25,,,,9.0,,,1
2050166,7340301,A00,,,,7.8,,,,7.75,8.0,,1
2017915,7340101,A00,,,,6.75,,,,7.5,8.0,,1
2014902,7340115,D01,8.2,,8.4,6.75,,,,,,,1
2067664,7540106,A00,,,,6.5,,,,7.25,8.0,,4
2080166,7480201,D07,,,8.0,7.5,,,,,8.6,,0
46000182,7380107,D15,7.5,7.2,7.0,,,,,,,,5
2072060,7340120,A01,,,8.2,7.25,,,,6.4,,,1
46008762,7340201,D01,7.75,,7.4,7.8,,,,,,,1
2073094,7510303,D01,5.4,,7.2,7.0,,,,,,,3
4001234,7540101,D07,,,7.4,7.5,,,,,8.0,,4
50008452,7510301,D01,4.2,,6.0,8.25,,,,,,,3
2071275,7340301,D01,6.8,,7.6,6.5,,,,,,,1
42005719,7340101,D01,5.2,,7.4,8.0,,,,,,,1
2079984,7810202,D15,7.75,8.2,6.25,,,,,,,,2
47002755,7220204,D01,8.0,,8.6,6.8,,,,,,,6
52006590,7480201,D01,8.25,,7.0,7.0,,,,,,,0
56009777,7340129,A00,,,,6.6,,,,6.25,8.25,,4
35005822,7510401,D07,,,7.0,7.2,,,,,7.5,,3
37004050,7340120,D01,7.75,,8.6,8.2,,,,,,,1
48008550,7819010,A00,,,,5.5,,,,8.0,7.4,,2
37008529,7540101,A00,,,,7.25,,,,7.5,8.0,,4
2014633,7540101,A01,,,7.4,7.75,,,,7.6,,,4
2067644,7480201,A00,,,,7.25,,,,7.75,7.0,,0
49012316,7340201,A00,,,,8.0,,,,8.5,7.4,,1
2084480,7819009,A00,,,,6.25,,,,7.0,7.6,,2
53003477,7810202,D01,7.25,,7.4,7.8,,,,,,,2
2025289,7220201,A01,,,9.0,8.0,,,,7.75,,,6
48023142,7340201,A00,,,,8.25,,,,7.5,8.2,,1
47011927,7420201,B00,,,,5.25,,,,,7.25,7.2,4
37009920,7340301,A00,,,,8.0,,,,7.25,8.0,,1
2070163,7810202,D01,7.25,,9.0,6.8,,,,,,,2
39009723,7510202,D01,6.5,,5.8,7.0,,,,,,,3
53006301,7810201,A00,,,,7.25,,,,7.25,7.6,,2
2011619,7540101,B00,,,,8.25,,,,,8.25,8.6,4
46004581,7510203,D01,5.2,,6.6,7.25,,,,,,,3
53007026,7510202,A00,,,,5.0,,,,6.5,7.4,,3
46003007,7480201,A00,,,,7.8,,,,7.25,7.0,,0
2065399,7480202,A00,,,,7.4,,,,6.25,8.0,,0
48006453,7340129,D01,7.4,,6.8,8.0,,,,,,,4
56007839,7510301,D01,3.8,,5.4,6.75,,,,,,,3
48001578,7510301,D01,4.8,,6.4,6.75,,,,,,,3
38010211,7380107,A00,,,,7.4,,,,6.75,7.5,,5
37010688,7220204,D01,7.25,,8.6,8.6,,,,,,,6
34013562,7340301,A00,,,,8.25,,,,8.25,7.8,,1
37016269,7380107,D01,6.6,,8.0,7.0,,,,,,,5
61001237,7340201,A00,,,,8.2,,,,6.5,8.25,,1
45003971,7810202,A00,,,,7.75,,,,7.0,6.8,,2
2023366,7810201,D01,7.0,,8.8,6.8,,,,,,,2
2062354,7340101,A00,,,,6.75,,,,7.25,7.6,,1
43002259,7340201,A00,,,,8.0,,,,6.75,7.5,,1
49014208,7510203,D01,6.0,,6.4,5.75,,,,,,,3
48025596,7510303,D01,6.6,,7.2,7.5,,,,,,,3
39008920,7340301,A01,,,8.4,8.2,,,,6.5,,,1
42009048,7510202,D01,5.8,,7.4,7.0,,,,,,,3
2018359,7480202,D07,,,6.0,7.75,,,,,8.0,,0
30013611,7540106,A00,,,,7.6,,,,7.0,7.25,,4
43000463,7380107,A00,,,,6.0,,,,7.75,7.2,,5
38013742,7220204,D01,7.5,,7.4,7.4,,,,,,,6
45002997,7810201,A00,,,,8.0,,,,7.25,7.25,,2
60000744,7460108,D01,7.4,,5.2,6.25,,,,,,,0
35000156,7810103,D01,6.6,,6.8,8.5,,,,,,,2
40010011,7420201,B00,,,,5.5,,,,,6.75,7.0,4
2015999,7380107,D01,8.0,,8.2,7.6,,,,,,,5
46009529,7480201,A00,,,,7.8,,,,7.5,7.75,,0
46004745,7340301,A00,,,,7.8,,,,6.5,8.25,,1
2064908,7480202,A00,,,,6.5,,,,7.0,8.2,,0
2014697,7340115,A00,,,,8.25,,,,8.25,7.2,,1
2012131,7510301,D07,,,5.6,5.5,,,,,7.0,,3
47000149,7340101,A00,,,,8.4,,,,8.25,7.25,,1
35003092,7220201,A01,,,7.6,8.0,,,,8.2,,,6
37017898,7480201,D01,6.4,,8.0,6.5,,,,,,,0
2022687,7480201,A01,,,9.0,8.4,,,,6.5,,,0
2033584,7819010,A00,,,,6.25,,,,5.75,7.4,,2
38008396,7540101,B00,,,,7.0,,,,,7.5,7.0,4
39009152,7510303,D01,4.4,,6.6,5.25,,,,,,,3
2037288,7480201,D01,8.0,,6.4,7.0,,,,,,,0
44007023,7480201,D07,,,8.4,7.8,,,,,7.75,,0
43007135,7340101,A01,,,7.6,8.0,,,,5.2,,,1
53001448,7220201,D01,8.75,,7.8,7.6,,,,,,,6
50000249,7480201,A00,,,,8.25,,,,7.25,8.2,,0
33009611,7510203,A00,,,,7.75,,,,7.75,8.0,,3
2080440,7810201,D01,7.5,,9.2,7.4,,,,,,,2
2064838,7540101,B00,,,,7.25,,,,,6.25,7.6,4
53004238,7810202,D01,8.5,,7.0,7.6,,,,,,,2
38012491,7480201,A00,,,,7.5,,,,7.5,8.2,,0
43001523,7380107,A00,,,,8.0,,,,7.0,6.8,,5
40011596,7480201,A00,,,,8.4,,,,6.75,6.75,,0
53011837,7810103,D01,4.8,,6.8,8.25,,,,,,,2
2070022,7340201,A00,,,,7.8,,,,7.0,8.0,,1
41000450,7480202,D01,6.0,,7.2,6.5,,,,,,,0
48001237,7220201,D01,8.0,,8.4,7.4,,,,,,,6
2064330,7480201,D01,6.0,,9.0,7.0,,,,,,,0
44009070,7340101,A00,,,,8.2,,,,7.0,8.5,,1
54001544,7340115,D01,6.6,,8.6,8.25,,,,,,,1
49014012,7340301,D01,5.8,,7.2,7.0,,,,,,,1
51002042,7480201,D01,7.4,,8.6,8.25,,,,,,,0
52010363,7220201,D01,8.0,,8.2,7.4,,,,,,,6
47003796,7510203,D01,8.5,,8.6,8.2,,,,,,,3
37003312,7540101,A01,,,7.4,6.5,,,,8.0,,,4
2071638,7850101,A00,,,,6.6,,,,5.5,5.75,,4
29013954,7340301,D01,7.2,,6.0,8.25,,,,,,,1
52008401,7510303,D01,6.75,,4.6,6.2,,,,,,,3
37001106,7540101,D07,,,7.6,8.5,,,,,9.0,,4
2042159,7510203,A00,,,,7.4,,,,8.0,6.25,,3
2035775,7480201,A00,,,,7.25,,,,8.75,7.8,,0
2071562,7540101,D07,,,7.8,8.0,,,,,8.5,,4
53014031,7480201,A00,,,,7.25,,,,7.0,7.6,,0
2006049,7340101,D01,7.6,,7.6,7.25,,,,,,,1
37012645,7340115,D01,7.0,,9.2,8.6,,,,,,,1
35000999,7340115,D01,8.25,,8.4,7.6,,,,,,,1
35006904,7340301,A00,,,,8.2,,,,6.5,8.25,,1
2009741,7510301,D01,5.5,,8.2,6.6,,,,,,,3
2072801,7480201,A01,,,8.2,8.6,,,,6.25,,,0
2030327,7340301,A00,,,,6.0,,,,9.0,6.8,,1
63002956,7340120,D01,6.4,,7.4,8.0,,,,,,,1
2069709,7480202,D01,5.0,,7.4,7.75,,,,,,,0
49007193,7540101,A00,,,,7.25,,,,8.75,8.2,,4
2049488,7340301,D01,8.0,,7.6,7.6,,,,,,,1
37012426,7810202,D01,7.25,,8.0,6.8,,,,,,,2
48004705,7480201,D01,6.0,,9.0,7.6,,,,,,,0
53007589,7380107,A00,,,,7.0,,,,7.0,6.8,,5
37018187,7340120,A00,,,,7.5,,,,7.75,8.2,,1
37011604,7510303,A00,,,,6.5,,,,8.0,6.4,,3
2006451,7480202,D01,7.6,,7.0,6.75,,,,,,,0
51010984,7540101,A00,,,,9.25,,,,8.0,8.0,,4
47009397,7540204,A00,,,,6.8,,,,5.75,6.5,,3
53007054,7850101,A01,,,7.8,6.0,,,,5.2,,,4
2061385,7480201,D07,,,8.2,8.8,,,,,7.0,,0
57005481,7540106,D07,,,8.2,7.6,,,,,7.5,,4
38000306,7220204,D01,7.2,,8.2,8.75,,,,,,,6
44003969,7340301,A00,,,,7.75,,,,8.5,8.0,,1
39010335,7540101,D07,,,7.4,7.75,,,,,7.4,,4
2079153,7380107,A00,,,,7.8,,,,7.5,7.5,,5
2034159,7540106,A00,,,,7.4,,,,7.5,7.25,,4
48013156,7340101,A00,,,,7.5,,,,7.0,7.8,,1
44008706,7540101,B00,,,,7.0,,,,,6.5,8.0,4
2062489,7510202,A00,,,,6.75,,,,7.0,7.2,,3
41011959,7510202,D01,6.25,,6.6,8.8,,,,,,,3
48003395,7810202,D01,7.75,,7.2,7.8,,,,,,,2
47007793,7340301,A01,,,8.2,7.6,,,,6.75,,,1
37013422,7340115,D01,8.2,,7.4,8.0,,,,,,,1
42006221,7340115,A00,,,,7.5,,,,8.5,8.2,,1
2064906,7510301,A00,,,,6.0,,,,7.5,7.8,,3
42011923,7340201,A01,,,8.2,8.0,,,,6.75,,,1
35012200,7510401,D07,,,8.8,8.0,,,,,7.5,,3
39003627,7220201,D01,7.25,,7.8,8.6,,,,,,,6
41005278,7340301,A01,,,7.4,7.5,,,,8.4,,,1
46007694,7340201,A00,,,,8.0,,,,8.5,7.5,,1
2035672,7850101,A00,,,,5.25,,,,6.75,7.0,,4
41007621,7220201,D01,7.8,,7.6,7.0,,,,,,,6
2030385,7340123,D01,5.4,,7.0,6.5,,,,,,,1
35010639,7380107,D15,7.0,4.0,8.5,,,,,,,,5
53013013,7340120,D01,6.8,,7.6,9.0,,,,,,,1
37012697,7220201,D01,7.5,,8.6,7.6,,,,,,,6
2009378,7480201,A01,,,7.8,6.75,,,,7.0,,,0
2080422,7340201,A00,,,,5.25,,,,7.25,7.8,,1
35007555,7220201,D01,8.6,,7.6,8.25,,,,,,,6
35007857,7340101,D01,8.0,,7.2,8.0,,,,,,,1
40004635,7340120,A00,,,,7.5,,,,6.25,7.6,,1
52003840,7220201,D01,7.75,,8.8,8.0,,,,,,,6
56009238,7810201,A00,,,,7.25,,,,7.5,7.6,,2
2043664,7220201,D01,7.4,,7.8,8.25,,,,,,,6
40007593,7340301,A00,,,,7.6,,,,7.25,7.75,,1
48029837,7510202,A00,,,,7.6,,,,5.5,7.25,,3
46001735,7340115,D01,8.0,,8.4,8.0,,,,,,,1
48032853,7380107,D01,4.4,,7.6,7.25,,,,,,,5
43002618,7380107,A00,,,,7.25,,,,8.0,8.0,,5
52003207,7340129,D01,5.4,,6.6,7.0,,,,,,,4
2079357,7510203,A00,,,,7.6,,,,4.25,4.5,,3
2080015,7850101,A00,,,,6.6,,,,5.5,5.5,,4
37009420,7510303,A00,,,,8.2,,,,5.25,6.5,,3
42010551,7380107,A00,,,,7.4,,,,7.0,6.5,,5
2045399,7380107,D01,7.25,,9.4,7.4,,,,,,,5
47008238,7510202,A00,,,,7.2,,,,6.0,7.25,,3
51019660,7810103,D01,6.2,,5.4,9.0,,,,,,,2
51014998,7480201,A00,,,,8.2,,,,8.0,7.0,,0
46005323,7340301,A00,,,,8.6,,,,6.75,7.75,,1
52003371,7340201,A01,,,8.8,8.4,,,,7.5,,,1
30009572,7340101,A00,,,,8.8,,,,7.25,7.75,,1
48022274,7819010,D07,,,6.2,5.5,,,,,6.2,,2
37015822,7340301,D01,7.75,,7.2,7.8,,,,,,,1
2050605,7510301,D07,,,8.2,8.0,,,,,7.0,,3
53006790,7540101,D07,,,6.4,7.75,,,,,7.6,,4
2007634,7510301,A00,,,,7.4,,,,6.5,6.75,,3
57009554,7340301,A00,,,,8.6,,,,7.0,7.25,,1
44006195,7480201,D01,7.0,,7.2,7.0,,,,,,,0
50005018,7810103,D01,7.8,,7.2,8.0,,,,,,,2
2066779,7510203,A00,,,,7.6,,,,7.75,8.25,,3
51016630,7540101,B00,,,,7.5,,,,,7.0,6.6,4
2042478,7220201,D01,7.75,,8.8,8.0,,,,,,,6
49015525,7510301,A00,,,,7.8,,,,5.75,5.25,,3
59005369,7480202,D01,5.8,,7.8,8.5,,,,,,,0
51015366,7480201,D01,6.75,,7.8,7.8,,,,,,,0
54008566,7340123,A00,,,,7.0,,,,7.0,8.0,,1
2008480,7480201,D01,6.2,,7.4,7.75,,,,,,,0
48025382,7480202,A00,,,,7.8,,,,6.0,5.5,,0
2068487,7340101,A01,,,8.0,7.75,,,,7.6,,,1
47006697,7340129,D01,5.0,,6.2,8.0,,,,,,,4
2017927,7819009,A00,,,,5.5,,,,6.25,7.0,,2
53003456,7220204,D01,8.0,,8.0,7.0,,,,,,,6
2055481,7480201,A00,,,,8.4,,,,8.0,7.25,,0
56004962,7420201,A00,,,,7.25,,,,7.5,7.0,,4
2032443,7480201,A00,,,,7.5,,,,8.25,7.0,,0
35007899,7510301,A00,,,,6.5,,,,7.0,7.6,,3
49006691,7480201,A00,,,,7.0,,,,7.5,8.8,,0
48015103,7810103,A00,,,,8.5,,,,6.25,7.6,,2
53006252,7340120,A00,,,,7.75,,,,8.0,7.8,,1
52003413,7340101,A00,,,,7.25,,,,7.0,7.4,,1
40019396,7480201,A01,,,8.0,7.5,,,,8.0,,,0
31008595,7340129,D01,4.6,,6.2,7.75,,,,,,,4
45000998,7340201,A00,,,,6.75,,,,6.5,7.6,,1
48026467,7340201,D01,5.8,,7.2,8.25,,,,,,,1
2033185,7340101,D01,7.2,,7.0,7.75,,,,,,,1
35008356,7460108,A00,,,,7.0,,,,7.0,5.2,,0
52006106,7540101,D07,,,9.0,8.8,,,,,7.75,,4
53005638,7540204,A00,,,,5.75,,,,6.5,7.0,,3
56008873,7340122,D01,6.4,,7.4,8.25,,,,,,,1
35001426,7510303,A00,,,,7.8,,,,7.25,6.25,,3
2045707,7480201,D01,7.4,,8.6,7.5,,,,,,,0
2077853,7540101,B00,,,,7.25,,,,,7.5,6.0,4
51013432,7340123,A00,,,,5.0,,,,6.5,6.8,,1
2065457,7480201,A00,,,,8.0,,,,7.0,7.4,,0
53008138,7340101,A00,,,,7.25,,,,7.0,7.6,,1
37014126,7340120,A01,,,8.0,7.5,,,,8.0,,,1
2008576,7510301,D01,6.2,,7.8,6.25,,,,,,,3
60005465,7220201,D01,7.4,,7.0,7.25,,,,,,,6
44003771,7480202,D07,,,7.8,8.0,,,,,7.2,,0
2001602,7480201,D01,8.2,,8.0,8.0,,,,,,,0
2023912,7340120,A01,,,8.0,8.4,,,,7.25,,,1
2023466,7540106,D07,,,8.0,7.8,,,,,6.5,,4
2062209,7510401,D07,,,6.4,6.25,,,,,6.0,,3
35003437,7810201,D01,6.2,,6.8,7.75,,,,,,,2
46009794,7510303,A00,,,,7.5,,,,7.5,7.8,,3
37001463,7340101,A01,,,7.2,8.5,,,,7.2,,,1
2036826,7810201,D01,5.2,,6.6,6.5,,,,,,,2
48000554,7340129,D01,6.6,,5.2,6.25,,,,,,,4
48025684,7510303,A00,,,,8.0,,,,7.5,7.2,,3
30014626,7340301,D01,8.5,,6.8,7.8,,,,,,,1
53007337,7340115,D01,8.2,,6.6,8.5,,,,,,,1
2065057,7480201,D07,,,6.6,7.25,,,,,8.0,,0
35012717,7220204,D01,9.0,,7.8,8.0,,,,,,,6
2048615,7540106,A00,,,,7.4,,,,6.25,7.5,,4
2073421,7340201,A00,,,,8.0,,,,7.25,8.5,,1
60000608,7380107,A00,,,,8.4,,,,7.0,7.5,,5
57008253,7480201,D07,,,7.2,7.0,,,,,7.0,,0
2068093,7420201,B00,,,,6.8,,,,,6.25,4.75,4
2043038,7340205,A00,,,,7.0,,,,7.5,7.6,,1
28032175,7480201,D01,8.4,,7.2,8.5,,,,,,,0
43006732,7340201,D01,6.0,,8.2,7.75,,,,,,,1
38011645,7340115,D01,7.8,,7.4,8.25,,,,,,,1
48007736,7819010,A01,,,5.6,6.25,,,,8.6,,,2
57006134,7420201,B00,,,,7.2,,,,,8.0,6.75,4
54010514,7220201,D01,7.0,,6.6,7.5,,,,,,,6
44011290,7340101,A00,,,,8.4,,,,7.25,8.0,,1
61003083,7340123,A00,,,,6.5,,,,6.75,7.4,,1
37000982,7480201,D07,,,7.8,7.8,,,,,8.25,,0
2039486,7480201,D07,,,8.4,7.0,,,,,8.4,,0
51018028,7480201,A00,,,,7.75,,,,7.0,7.2,,0
59000764,7540105,B00,,,,7.6,,,,,4.5,6.25,4
50012282,7510301,A00,,,,7.2,,,,7.0,7.0,,3
2015484,7340301,A00,,,,6.0,,,,7.75,7.4,,1
35009946,7520115,D01,3.0,,5.8,7.75,,,,,,,3
63003320,7380107,A00,,,,6.25,,,,7.75,7.2,,5
47005588,7380107,D01,7.5,,6.0,8.0,,,,,,,5
2050161,7340201,D01,8.0,,8.2,7.8,,,,,,,1
52012371,7340123,A00,,,,7.25,,,,6.0,7.6,,1
49006242,7540105,B00,,,,6.0,,,,,5.25,6.0,4
40004689,7510303,A00,,,,5.75,,,,6.0,7.0,,3
2062060,7340101,A01,,,7.2,7.25,,,,7.8,,,1
2044675,7510202,A00,,,,7.0,,,,7.25,6.6,,3
2036143,7480201,A00,,,,8.0,,,,7.75,8.6,,0
2078845,7480202,D01,6.25,,4.6,6.6,,,,,,,0
39007416,7510301,A00,,,,8.0,,,,6.0,6.0,,3
2079991,7340129,A00,,,,6.25,,,,6.5,7.2,,4
36003569,7540204,A00,,,,7.8,,,,7.75,7.0,,3
2075094,7220201,A01,,,8.2,7.0,,,,7.4,,,6
2039253,7510203,D07,,,7.4,7.0,,,,,7.8,,3
37006301,7510203,A00,,,,7.75,,,,8.5,8.4,,3
46002179,7480201,A01,,,9.4,7.4,,,,6.75,,,0
46005978,7810202,D01,7.75,,6.4,8.2,,,,,,,2
2042166,7480201,D01,8.6,,6.8,6.75,,,,,,,0
51018406,7510203,D01,3.6,,6.0,6.5,,,,,,,3
37004067,7480201,A00,,,,6.25,,,,8.5,6.8,,0
2055240,7480202,D01,6.25,,7.0,6.6,,,,,,,0
2036350,7340129,A00,,,,7.25,,,,7.25,8.0,,4
48025920,7819009,A00,,,,6.5,,,,8.0,7.2,,2
55000173,7480201,A00,,,,7.8,,,,7.5,7.75,,0
2084719,7510301,A01,,,8.0,7.5,,,,5.6,,,3
46006018,7480201,D01,7.5,,7.0,7.8,,,,,,,0
2025309,7480201,D01,7.75,,7.6,7.8,,,,,,,0
48010032,7510301,D07,,,3.6,6.0,,,,,7.2,,3
61002848,7420201,B00,,,,5.0,,,,,6.25,5.8,4
37008417,7340115,D01,9.4,,7.8,7.25,,,,,,,1
49011644,7540101,A01,,,8.4,9.0,,,,7.75,,,4
52002606,7510303,A01,,,8.2,7.75,,,,7.4,,,3
2053726,7510401,A00,,,,7.5,,,,7.25,6.8,,3
39006001,7480201,A01,,,7.4,8.4,,,,6.75,,,0
37005669,7510203,D01,5.75,,5.0,7.0,,,,,,,3
48025985,7540101,A00,,,,7.5,,,,9.0,8.8,,4
47012747,7380107,D15,7.5,4.4,6.75,,,,,,,,5
37005959,7520115,D01,5.8,,7.0,6.75,,,,,,,3
2006723,7810201,D01,5.2,,6.4,7.0,,,,,,,2
2039437,7510203,A01,,,8.4,7.8,,,,7.25,,,3
2082511,7810202,D01,7.2,,8.2,7.5,,,,,,,2
2078555,7340205,D01,7.6,,7.0,6.75,,,,,,,1
2068659,7340201,D01,7.0,,7.2,6.5,,,,,,,1
54002953,7340120,A01,,,8.4,7.75,,,,7.4,,,1
40005433,7340115,A01,,,7.8,8.2,,,,7.5,,,1
52003713,7220201,D01,7.75,,8.6,7.8,,,,,,,6
49010896,7850101,A00,,,,5.8,,,,3.75,7.25,,4
51018653,7380107,D15,7.0,6.0,8.75,,,,,,,,5
49011157,7510301,A00,,,,7.2,,,,5.25,7.0,,3
2079001,7340201,A01,,,8.4,8.2,,,,7.0,,,1
2057837,7380107,A00,,,,8.2,,,,7.0,8.25,,5
51004716,7810103,A00,,,,7.75,,,,7.0,7.6,,2
2054021,7510401,B00,,,,7.25,,,,,6.5,6.4,3
57009329,7340101,A00,,,,7.75,,,,8.0,7.8,,1
48009045,7380107,D01,7.6,,6.4,8.0,,,,,,,5
51014863,7220201,D01,7.0,,7.6,8.75,,,,,,,6
2048656,7340301,D01,7.25,,7.6,8.0,,,,,,,1
46000439,7540106,A00,,,,7.0,,,,7.0,7.8,,4
46003667,7510203,A00,,,,7.75,,,,7.0,7.4,,3
46006975,7340122,A01,,,8.6,6.75,,,,7.8,,,1
2013938,7480202,D01,6.0,,7.2,6.5,,,,,,,0
49001177,7510301,D01,5.75,,6.2,5.2,,,,,,,3
45003820,7340301,A00,,,,8.0,,,,7.0,8.25,,1
37016272,7340101,D01,8.0,,7.6,7.8,,,,,,,1
2012534,7340201,D01,7.25,,8.0,7.6,,,,,,,1
52005400,7520115,D01,5.0,,5.6,5.25,,,,,,,3
49005190,7480201,D01,8.0,,7.2,7.6,,,,,,,0
40002758,7340122,A00,,,,6.75,,,,7.75,7.4,,1
2062832,7480202,A01,,,5.2,6.5,,,,7.2,,,0
54012666,7220201,D01,7.0,,6.8,8.5,,,,,,,6
40020323,7340120,D01,7.4,,6.8,7.75,,,,,,,1
51012332,7340101,D01,8.5,,7.4,7.8,,,,,,,1
42010965,7510303,D01,8.0,,7.6,6.6,,,,,,,3
2046336,7540106,A00,,,,6.25,,,,5.75,6.4,,4
48015407,7810202,D01,6.6,,6.8,7.5,,,,,,,2
37002959,7480201,D01,8.2,,8.0,6.75,,,,,,,0
52005440,7510401,A00,,,,7.0,,,,5.5,6.75,,3
2021850,7340120,D01,7.5,,8.8,7.2,,,,,,,1
40017845,7340101,A01,,,8.6,8.8,,,,7.0,,,1
47009752,7380107,A00,,,,6.0,,,,7.0,7.6,,5
2056202,7340101,A00,,,,8.0,,,,8.25,8.5,,1
35005489,7340301,A00,,,,8.25,,,,7.5,7.0,,1
35004698,7510202,A00,,,,7.0,,,,5.5,6.5,,3
61003997,7540105,B00,,,,6.75,,,,,6.25,7.2,4
2082610,7510303,A00,,,,6.6,,,,4.25,6.75,,3
2007919,7340201,A01,,,6.6,7.75,,,,7.8,,,1
40005314,7480201,D07,,,7.0,7.25,,,,,6.6,,0
53003150,7340129,D01,5.4,,5.8,8.75,,,,,,,4
2031529,7540105,A00,,,,6.25,,,,6.25,6.4,,4
38000669,7340120,A00,,,,7.5,,,,6.75,7.6,,1
27008707,7340205,D01,5.4,,8.0,7.0,,,,,,,1
49011065,7540101,A00,,,,8.25,,,,8.0,8.0,,4
2053107,7340205,A01,,,6.0,7.0,,,,7.0,,,1
2077831,7810201,D15,5.5,5.4,7.5,,,,,,,,2
2054971,7810201,D01,7.25,,8.8,7.2,,,,,,,2
56010056,7340201,A00,,,,8.0,,,,6.5,7.75,,1
37017589,7380107,A00,,,,7.0,,,,8.0,6.4,,5
2034675,7810202,D15,8.5,4.4,7.75,,,,,,,,2
32003478,7340120,A00,,,,8.8,,,,7.75,7.25,,1
2035303,7340120,A00,,,,6.75,,,,7.25,8.4,,1
2071691,7480201,D07,,,7.2,8.0,,,,,8.0,,0
2039337,7220204,D01,6.75,,9.0,7.6,,,,,,,6
2034134,7810201,D01,6.0,,5.6,7.25,,,,,,,2
40006655,7510202,A01,,,5.8,6.0,,,,6.0,,,3
38005171,7420201,A00,,,,7.4,,,,6.75,6.75,,4
55002764,7810202,A01,,,8.2,8.0,,,,6.5,,,2
2045494,7510203,A00,,,,8.2,,,,6.0,7.25,,3
48017095,7819009,A01,,,6.4,5.5,,,,4.8,,,2
53007154,7540101,D07,,,8.8,8.0,,,,,7.75,,4
53007339,7420201,D07,,,6.8,6.75,,,,,7.6,,4
59006130,7540106,D07,,,6.4,7.0,,,,,8.0,,4
54010655,7340201,D01,8.5,,6.4,7.2,,,,,,,1
2063945,7480201,A01,,,6.8,7.25,,,,8.0,,,0
2080177,7420201,B00,,,,7.4,,,,,6.25,6.25,4
37007748,7510202,D01,4.0,,6.2,6.25,,,,,,,3
2035156,7380107,D01,4.4,,7.0,7.5,,,,,,,5
51019607,7340201,A00,,,,7.0,,,,6.75,7.4,,1
44011376,7340120,A01,,,8.6,8.0,,,,6.75,,,1
47004446,7340115,A00,,,,7.5,,,,8.75,8.0,,1
2042882,7480201,A01,,,8.0,8.0,,,,8.25,,,0
35012444,7510301,A00,,,,7.8,,,,5.0,4.0,,3
43001830,7819009,B00,,,,7.0,,,,,7.25,7.0,2
33011208,7340115,A00,,,,8.5,,,,7.0,7.8,,1
2027736,7480202,D01,6.0,,4.4,6.6,,,,,,,0
53006722,7540106,A00,,,,7.2,,,,6.5,7.5,,4
35007479,7340129,A00,,,,7.8,,,,6.0,7.75,,4
31001793,7340115,D01,8.4,,8.0,9.0,,,,,,,1
2011524,7510301,D01,7.0,,7.6,7.0,,,,,,,3
37014122,7510203,A00,,,,6.5,,,,7.5,7.4,,3
49000418,7220204,A01,,,7.2,7.8,,,,7.75,,,6
42001284,7380107,A00,,,,6.5,,,,6.5,7.0,,5
46008241,7510203,D01,6.25,,7.8,6.0,,,,,,,3
2076656,7850101,A00,,,,6.0,,,,6.25,5.5,,4
46005385,7340201,D01,6.5,,7.6,8.2,,,,,,,1
39004000,7340101,D01,7.6,,8.4,7.0,,,,,,,1
53006682,7510203,A00,,,,5.8,,,,6.5,7.25,,3
38005192,7380107,A00,,,,7.8,,,,6.75,7.75,,5
54011601,7380107,D15,6.5,5.0,7.75,,,,,,,,5
2070622,7810201,D01,7.25,,8.8,7.8,,,,,,,2
37016148,7340115,D01,8.2,,7.4,8.5,,,,,,,1
56010621,7340122,D01,7.4,,7.6,7.25,,,,,,,1
35009295,7220201,A01,,,9.0,8.0,,,,8.0,,,6
47000748,7480201,D07,,,7.0,6.5,,,,,7.4,,0
2015534,7810201,D01,6.2,,7.0,7.5,,,,,,,2
2023003,7380107,D01,7.8,,7.2,7.5,,,,,,,5
41007561,7510203,D07,,,6.4,5.5,,,,,4.8,,3
49005715,7220201,A01,,,7.6,9.0,,,,7.75,,,6
2020361,7480201,D01,7.25,,9.0,7.4,,,,,,,0
38001297,7220201,D01,7.8,,6.8,7.0,,,,,,,6
56009517,7480202,A00,,,,7.25,,,,7.25,8.2,,0
2046290,7380107,D15,6.75,6.8,7.75,,,,,,,,5
2042203,7819009,B00,,,,7.5,,,,,6.5,7.0,2
28004205,7510203,D01,4.6,,7.2,8.5,,,,,,,3
41009897,7340115,A01,,,8.0,7.8,,,,8.75,,,1
40006154,7340101,A00,,,,8.4,,,,6.5,8.25,,1
2046926,7510303,D01,6.8,,7.4,6.0,,,,,,,3
53009979,7340301,A00,,,,7.0,,,,7.75,8.4,,1
40000467,7340120,A00,,,,8.4,,,,7.0,8.0,,1
63000820,7380107,A00,,,,6.0,,,,7.75,7.0,,5
2022028,7480201,A00,,,,8.6,,,,7.5,8.0,,0
2087747,7850101,A00,,,,7.8,,,,6.75,6.75,,4
41005137,7340120,D01,8.0,,7.4,8.0,,,,,,,1
44008105,7420201,B00,,,,6.5,,,,,7.25,8.6,4
2041489,7510303,D07,,,7.6,7.25,,,,,8.2,,3
2058504,7810103,D01,5.6,,8.0,5.5,,,,,,,2
47006974,7220201,D09,,,7.4,8.25,,,7.6,,,,6
40001103,7380107,D01,6.6,,6.6,6.5,,,,,,,5
46005257,7540101,B00,,,,7.5,,,,,5.75,8.2,4
48005791,7220201,D01,7.2,,7.8,8.25,,,,,,,6
2084704,7810103,A00,,,,6.25,,,,7.0,6.4,,2
2055681,7340301,A01,,,8.2,8.2,,,,7.0,,,1
2078739,7510301,A00,,,,8.0,,,,6.0,6.5,,3
2040932,7340115,D01,7.4,,8.4,8.0,,,,,,,1
49010537,7380107,A00,,,,6.5,,,,7.25,7.8,,5
2087139,7510203,A00,,,,6.8,,,,4.25,6.0,,3
37018631,7510303,A00,,,,7.25,,,,6.75,7.4,,3
2074660,7220201,D01,7.25,,9.2,7.6,,,,,,,6
44012775,7540101,B00,,,,7.6,,,,,7.75,8.5,4
2087341,7810202,A00,,,,8.4,,,,8.0,6.75,,2
61006899,7340201,A00,,,,7.6,,,,7.0,7.75,,1
52006216,7340201,D01,7.75,,7.2,8.0,,,,,,,1
47008185,7220204,D01,6.8,,8.2,7.5,,,,,,,6
2070679,7819009,A01,,,7.2,7.5,,,,7.2,,,2
57005408,7480202,A00,,,,6.6,,,,6.5,7.0,,0
47009190,7340301,D01,6.2,,7.2,7.75,,,,,,,1
56011033,7340129,D01,8.0,,7.8,7.25,,,,,,,4
40011182,7480202,A00,,,,5.75,,,,7.25,7.0,,0
48031098,7480201,D07,,,6.2,8.4,,,,,7.5,,0
40019747,7340101,A00,,,,7.75,,,,8.5,8.2,,1
30001319,7520115,D01,4.2,,7.4,7.25,,,,,,,3
37013367,7510303,A00,,,,7.2,,,,7.0,6.5,,3
53012005,7540105,A00,,,,7.2,,,,4.5,6.0,,4
43004687,7220204,D01,6.0,,7.6,7.75,,,,,,,6
50004976,7510401,A00,,,,7.75,,,,6.75,7.8,,3
53014260,7540204,D01,8.25,,5.8,7.0,,,,,,,3
45003382,7480201,D07,,,7.0,8.0,,,,,7.75,,0
2009642,7340201,A01,,,9.0,7.2,,,,7.25,,,1
48011509,7340301,D01,6.5,,8.0,7.8,,,,,,,1
2071354,7340120,A01,,,7.0,7.5,,,,8.0,,,1
46000741,7480202,D07,,,6.8,7.75,,,,,7.2,,0
2046292,7340201,A00,,,,8.0,,,,7.75,8.2,,1
2046005,7340101,D01,7.8,,6.4,7.0,,,,,,,1
2041234,7340101,A00,,,,7.5,,,,7.75,8.4,,1
2077698,7810201,D15,7.25,5.4,6.0,,,,,,,,2
2028666,7340201,A00,,,,8.8,,,,7.0,8.25,,1
46003651,7380107,D01,7.5,,7.2,8.0,,,,,,,5
57000603,7420201,B00,,,,5.75,,,,,7.75,7.4,4
40005289,7340101,A00,,,,7.5,,,,7.75,8.2,,1
53014279,7220204,D01,8.5,,8.2,7.4,,,,,,,6
47011449,7480201,A00,,,,7.5,,,,6.75,7.8,,0
2036586,7340115,A01,,,7.8,8.25,,,,7.2,,,1
49013258,7340201,A00,,,,7.8,,,,7.25,7.5,,1
48010541,7510303,D01,5.8,,7.6,6.5,,,,,,,3
2044731,7480201,D07,,,7.8,7.25,,,,,6.6,,0
37007638,7340101,D01,8.6,,6.8,7.25,,,,,,,1
37001286,7540101,A01,,,7.8,6.5,,,,6.8,,,4
42011912,7220201,D01,7.6,,6.2,8.75,,,,,,,6
53000107,7480201,A00,,,,7.5,,,,8.25,8.4,,0
25002374,7340201,D01,7.0,,7.4,7.25,,,,,,,1
35010523,7540101,D07,,,7.6,7.75,,,,,7.4,,4
43004543,7510301,D01,6.25,,5.2,7.4,,,,,,,3
42005933,7480201,D07,,,7.4,7.75,,,,,6.8,,0
2029546,7220201,D01,8.2,,8.0,7.5,,,,,,,6
51000269,7340115,D01,7.6,,7.8,8.5,,,,,,,1
48030171,7340101,A00,,,,8.6,,,,7.0,8.25,,1
47002145,7380107,D15,7.5,7.0,7.0,,,,,,,,5
2049518,7540101,D07,,,8.0,8.5,,,,,8.2,,4
48006558,7510401,A00,,,,7.2,,,,7.0,7.0,,3
37013526,7340129,D01,6.75,,7.0,6.8,,,,,,,4
43007278,7340101,A00,,,,7.75,,,,8.25,7.2,,1
53006832,7540101,A01,,,7.2,6.75,,,,7.0,,,4
40004748,7340115,A00,,,,7.75,,,,8.75,8.8,,1
38006921,7340120,A00,,,,8.0,,,,7.5,7.6,,1
48008172,7340301,A00,,,,8.0,,,,7.0,7.5,,1
52003456,7340120,A00,,,,8.5,,,,7.75,8.2,,1
35001916,7810103,D01,9.25,,6.0,7.6,,,,,,,2
53006603,7480201,A00,,,,7.25,,,,8.0,6.6,,0
40016632,7340120,A01,,,7.8,8.75,,,,7.6,,,1
42010531,7220204,D01,6.6,,7.2,8.25,,,,,,,6
2025388,7810202,A01,,,6.2,7.75,,,,7.6,,,2
37008443,7340301,D01,4.8,,7.2,7.75,,,,,,,1
2018662,7510303,A00,,,,8.0,,,,7.5,7.4,,3
43002697,7340101,A00,,,,6.75,,,,8.25,7.8,,1
47004162,7340201,A00,,,,7.8,,,,7.25,7.0,,1
53006854,7220204,D01,7.6,,7.4,8.25,,,,,,,6
50011056,7380107,D01,6.8,,6.8,8.5,,,,,,,5
54007048,7540101,B00,,,,7.75,,,,,8.0,6.0,4
40006872,7480201,A00,,,,7.8,,,,7.5,6.75,,0
2051953,7510203,D01,6.75,,7.6,7.6,,,,,,,3
37006646,7510203,A01,,,7.0,7.4,,,,5.75,,,3
2075367,7510303,D01,5.4,,5.8,7.25,,,,,,,3
43006852,7340201,A00,,,,6.75,,,,6.75,6.8,,1
2002682,7460108,D01,8.8,,6.8,7.5,,,,,,,0
2079355,7340120,A00,,,,7.8,,,,7.75,8.25,,1
46004472,7480202,A00,,,,5.75,,,,5.5,5.2,,0
2073480,7480202,A01,,,7.6,6.4,,,,5.5,,,0
35002946,7480201,D07,,,7.8,8.5,,,,,7.6,,0
44007228,7460108,A01,,,6.6,7.5,,,,7.2,,,0
2079022,7420201,D07,,,8.2,6.75,,,,,7.4,,4
2070909,7340301,A00,,,,6.0,,,,7.5,7.4,,1
58002731,7480201,D01,6.6,,6.2,8.75,,,,,,,0
34010983,7340115,D01,8.0,,8.2,6.25,,,,,,,1
60006037,7340115,A00,,,,6.75,,,,7.5,7.8,,1
41008272,7540101,D07,,,7.6,7.0,,,,,8.4,,4
53000317,7340101,D01,7.0,,7.6,8.75,,,,,,,1
56001235,7510401,A00,,,,7.0,,,,7.5,6.75,,3
48008117,7340101,D01,7.5,,8.6,7.8,,,,,,,1
38003177,7510402,A00,,,,7.25,,,,6.25,7.8,,3
2024209,7540101,A01,,,7.6,7.5,,,,8.6,,,4
49005222,7480201,D01,7.5,,6.8,7.8,,,,,,,0
33005644,7510303,D01,4.8,,5.8,7.75,,,,,,,3
49013672,7220201,D01,7.8,,7.0,6.0,,,,,,,6
37015556,7810201,D01,7.5,,8.4,6.8,,,,,,,2
47003063,7340115,A00,,,,7.75,,,,8.25,8.0,,1
2044478,7480201,D07,,,8.0,7.5,,,,,7.8,,0
42013181,7510203,D01,7.25,,4.8,7.8,,,,,,,3
2064372,7540101,A00,,,,6.75,,,,7.0,8.0,,4
55003676,7810201,D15,6.25,4.8,7.5,,,,,,,,2
2064600,7510303,D07,,,4.8,5.5,,,,,6.4,,3
2040929,7480202,D01,8.8,,8.2,5.75,,,,,,,0
53015363,7420201,B00,,,,7.4,,,,,7.25,5.75,4
2070214,7340129,A00,,,,7.6,,,,7.25,8.0,,4
51000990,7420201,D07,,,5.6,7.0,,,,,8.4,,4
42011367,7220201,D01,7.75,,8.0,7.2,,,,,,,6
2077435,7510303,A00,,,,7.0,,,,7.25,7.0,,3
35009758,7340120,A00,,,,8.6,,,,7.75,8.25,,1
2057123,7540101,A00,,,,8.2,,,,7.25,8.75,,4
49015006,7540106,B00,,,,7.8,,,,,7.25,6.75,4
2083605,7340301,A01,,,7.8,7.5,,,,8.6,,,1
43001355,7340201,D01,5.8,,6.6,8.0,,,,,,,1
44010077,7340301,A00,,,,7.5,,,,8.5,7.6,,1
2050331,7340120,A00,,,,8.0,,,,8.0,7.75,,1
52003323,7380107,D01,8.5,,7.8,8.0,,,,,,,5
56008428,7480201,A00,,,,8.2,,,,7.25,8.0,,0
53001697,7220201,A01,,,8.6,8.0,,,,7.0,,,6
46006504,7480201,D01,8.5,,6.6,7.6,,,,,,,0
51007110,7510203,A00,,,,7.5,,,,6.75,7.6,,3
45003224,7510301,A00,,,,7.2,,,,5.0,7.0,,3
2069747,7520115,D01,6.75,,5.8,7.6,,,,,,,3
56011486,7540101,B00,,,,9.0,,,,,7.25,8.5,4
32002029,7340101,A01,,,9.4,8.6,,,,6.25,,,1
2009086,7480201,D07,,,7.6,8.0,,,,,8.25,,0
29030524,7540101,A00,,,,6.5,,,,8.0,6.8,,4
46007576,7380107,D01,8.0,,5.8,7.2,,,,,,,5
38001176,7340115,A00,,,,7.25,,,,8.25,8.4,,1
46001955,7340201,A00,,,,7.25,,,,7.0,8.2,,1
36002061,7510303,A00,,,,6.0,,,,6.25,7.6,,3
48011519,7510301,A01,,,7.6,6.8,,,,6.25,,,3
37018452,7510301,D01,5.2,,6.4,6.5,,,,,,,3
35001753,7340201,D01,7.5,,7.2,7.6,,,,,,,1
37003883,7510303,A00,,,,7.8,,,,6.0,6.5,,3
37006402,7220204,D01,6.8,,7.4,8.25,,,,,,,6
56005340,7540101,D07,,,8.0,8.8,,,,,7.5,,4
2045858,7340115,D01,7.8,,7.4,7.75,,,,,,,1
60001490,7510401,B00,,,,7.5,,,,,7.5,7.4,3
45000271,7510202,D01,6.4,,7.0,6.25,,,,,,,3
2017869,7510202,D07,,,7.4,7.25,,,,,6.4,,3
2063412,7510401,A00,,,,6.75,,,,6.5,8.0,,3
52008123,7510303,A01,,,7.2,7.5,,,,7.8,,,3
44005484,7220201,D01,7.4,,7.8,8.0,,,,,,,6
46008644,7510202,D01,6.25,,5.2,7.2,,,,,,,3
38004601,7480202,A00,,,,6.75,,,,8.0,7.8,,0
50001492,7340120,D01,6.4,,7.8,7.0,,,,,,,1
2045082,7480201,A00,,,,7.75,,,,8.0,9.0,,0
51000492,7340129,D01,6.4,,7.6,7.75,,,,,,,4
43005484,7340101,D01,5.2,,7.2,8.5,,,,,,,1
54011740,7340101,A00,,,,7.25,,,,7.0,7.6,,1
37006101,7380107,D15,7.0,5.8,8.25,,,,,,,,5
51002236,7480201,D01,8.25,,7.4,7.6,,,,,,,0
47009678,7510401,A00,,,,7.6,,,,7.0,8.0,,3
35005130,7810103,D01,7.6,,7.8,7.5,,,,,,,2
2014882,7540101,D07,,,7.0,6.5,,,,,8.8,,4
43009430,7340122,A00,,,,7.25,,,,8.25,7.4,,1
2087914,7510301,A00,,,,6.4,,,,4.25,6.5,,3
42010408,7340201,A00,,,,7.25,,,,8.25,7.0,,1
2075786,7380107,D01,5.8,,8.0,5.75,,,,,,,5
25020792,7480201,D01,7.5,,7.4,7.6,,,,,,,0
48020245,7340101,A00,,,,8.4,,,,7.0,8.75,,1
48024285,7340201,A01,,,7.6,8.0,,,,7.2,,,1
2083407,7540101,D07,,,8.4,8.0,,,,,7.75,,4
47009656,7340115,A00,,,,7.75,,,,8.0,8.2,,1
54001594,7480201,A00,,,,8.0,,,,6.75,7.75,,0
2047167,7340101,A01,,,7.4,7.5,,,,7.8,,,1
42011947,7480201,D01,8.2,,6.0,7.0,,,,,,,0
2061357,7460108,D01,7.4,,5.6,7.75,,,,,,,0
48006756,7220201,A01,,,8.8,7.8,,,,7.75,,,6
44007018,7510202,A00,,,,8.2,,,,5.5,6.5,,3
35006542,7380107,D01,6.2,,7.4,6.75,,,,,,,5
37010653,7340101,A00,,,,7.0,,,,7.5,6.4,,1
63003864,7340101,A00,,,,8.6,,,,8.0,7.0,,1
59001444,7510401,B00,,,,7.0,,,,,8.0,6.75,3
46003568,7480202,A00,,,,6.25,,,,6.25,6.4,,0
38002427,7380107,D01,6.2,,7.2,7.25,,,,,,,5
39004975,7340301,D01,6.25,,9.0,7.6,,,,,,,1
2018259,7340101,D01,6.6,,7.8,6.75,,,,,,,1
48001043,7340201,A00,,,,6.25,,,,7.25,7.2,,1
2061994,7340301,A00,,,,7.75,,,,8.0,7.8,,1
59007811,7340301,D01,7.5,,7.8,7.4,,,,,,,1
42013632,7220201,A01,,,9.2,8.2,,,,6.75,,,6
30009990,7810202,D01,4.6,,7.2,7.75,,,,,,,2
2039386,7850101,A00,,,,7.2,,,,7.0,7.0,,4
45004424,7480202,D01,6.6,,6.0,7.0,,,,,,,0
46010015,7220201,D01,7.0,,6.8,7.5,,,,,,,6
49000573,7540101,A00,,,,7.8,,,,7.75,8.0,,4
52010625,7340201,D01,7.0,,7.2,7.5,,,,,,,1
2029017,7380107,D01,7.2,,7.8,7.5,,,,,,,5
47000896,7340301,A00,,,,8.0,,,,7.0,7.2,,1
56000646,7340101,A00,,,,8.2,,,,8.25,7.75,,1
2041237,7380107,A00,,,,7.5,,,,8.25,7.4,,5
2047613,7540106,A00,,,,7.4,,,,6.0,7.5,,4
35013349,7510202,A00,,,,6.25,,,,5.0,7.4,,3
37012766,7510303,D01,5.75,,6.6,6.6,,,,,,,3
48018457,7540101,D07,,,6.2,7.25,,,,,8.6,,4
41003444,7340120,A00,,,,7.4,,,,7.75,8.25,,1
2065318,7340101,A01,,,8.0,8.0,,,,7.4,,,1
53008263,7340120,A00,,,,7.5,,,,8.0,7.8,,1
35011431,7340120,D01,8.0,,8.4,7.2,,,,,,,1
48021151,7540101,D07,,,9.4,9.4,,,,,8.25,,4
56005934,7810202,A01,,,7.6,8.6,,,,7.75,,,2
58001039,7340120,A01,,,7.6,7.75,,,,8.4,,,1
56011056,7380107,D01,5.8,,6.6,9.0,,,,,,,5
2078214,7480201,A01,,,8.0,6.5,,,,8.4,,,0
63006511,7480201,A00,,,,7.75,,,,7.75,7.4,,0
2018130,7340201,A00,,,,8.6,,,,7.25,7.75,,1
2026268,7510303,A01,,,7.8,7.5,,,,7.8,,,3
28026661,7340122,D01,5.0,,9.0,8.5,,,,,,,1
53014844,7510301,D01,8.5,,4.8,7.4,,,,,,,3
2043099,7540101,A00,,,,7.0,,,,7.5,7.6,,4
2073704,7460108,D01,5.6,,6.6,6.5,,,,,,,0
2083376,7340101,A00,,,,7.25,,,,7.5,7.6,,1
49013102,7340205,A00,,,,6.75,,,,6.0,6.8,,1
53004432,7340201,A00,,,,8.2,,,,6.25,8.0,,1
2075762,7340301,D01,5.6,,8.2,8.25,,,,,,,1
49006440,7540105,B00,,,,7.25,,,,,7.0,7.0,4
25014380,7460108,D01,7.8,,7.4,7.5,,,,,,,0
2045872,7540101,D07,,,8.6,7.0,,,,,7.8,,4
44009831,7220201,D01,7.8,,7.8,7.75,,,,,,,6
37007989,7510303,D01,6.0,,5.0,7.0,,,,,,,3
35011378,7510303,D01,5.0,,6.0,8.0,,,,,,,3
2066708,7810103,D15,7.0,6.0,7.5,,,,,,,,2
48030869,7340120,D01,5.8,,7.6,8.0,,,,,,,1
53008974,7510401,B00,,,,8.6,,,,,8.0,7.25,3
37003626,7480202,D01,6.2,,7.2,8.0,,,,,,,0
48032781,7420201,B00,,,,7.0,,,,,7.25,7.2,4
47005529,7340120,A01,,,7.6,8.75,,,,8.4,,,1
48030049,7340129,D01,7.75,,7.4,7.2,,,,,,,4
42014613,7340301,D01,6.0,,7.8,7.5,,,,,,,1
35009777,7540101,A00,,,,8.0,,,,7.5,8.0,,4
2040350,7480201,D01,6.5,,9.0,7.6,,,,,,,0
40010096,7480201,A00,,,,7.25,,,,6.5,7.4,,0
37009504,7340129,D01,7.0,,5.8,6.8,,,,,,,4
41001261,7480202,D01,7.2,,7.4,8.5,,,,,,,0
2023268,7510203,A00,,,,7.0,,,,4.5,6.25,,3
38010781,7340201,A00,,,,8.2,,,,6.75,7.25,,1
47006933,7460108,D01,5.8,,5.4,6.0,,,,,,,0
35008139,7340101,A00,,,,7.25,,,,7.25,8.4,,1
2064049,7220201,D01,8.2,,6.4,7.5,,,,,,,6
53007094,7340129,D01,7.5,,7.0,7.8,,,,,,,4
46007968,7510301,A00,,,,8.25,,,,6.25,7.6,,3
2055464,7510203,A01,,,5.2,5.0,,,,7.8,,,3
2046626,7810201,D01,8.4,,8.2,7.25,,,,,,,2
46009678,7340201,D01,8.0,,6.6,8.0,,,,,,,1
2034520,7480201,D07,,,7.4,7.0,,,,,7.2,,0
39008701,7340120,D01,6.2,,7.6,7.5,,,,,,,1
2007287,7340301,A01,,,8.8,7.4,,,,7.5,,,1
37015447,7819009,A00,,,,5.75,,,,7.75,5.4,,2
40014615,7810103,D01,7.2,,6.8,8.5,,,,,,,2
39000893,7220204,D01,6.8,,7.2,7.75,,,,,,,6
46007716,7540101,A00,,,,6.5,,,,7.5,7.2,,4
2080301,7850101,A00,,,,7.6,,,,4.75,6.0,,4
29023877,7480201,D07,,,6.8,8.6,,,,,8.0,,0
47001995,7540101,A01,,,7.6,8.0,,,,7.75,,,4
40013254,7480201,A00,,,,8.6,,,,6.75,8.5,,0
48002946,7480201,D01,6.75,,7.8,7.8,,,,,,,0
2040066,7480201,A00,,,,8.4,,,,6.5,7.5,,0
2083260,7340301,D01,7.5,,7.8,7.4,,,,,,,1
2084761,7340120,D01,7.6,,7.6,8.5,,,,,,,1
53004921,7480201,A00,,,,8.4,,,,7.25,7.25,,0
2048220,7510203,D01,6.75,,6.6,5.2,,,,,,,3
47003412,7340115,A01,,,8.0,7.25,,,,8.2,,,1
46009698,7510303,A00,,,,5.75,,,,5.5,7.4,,3
51013836,7340120,D01,7.75,,8.2,8.0,,,,,,,1
45001105,7510203,A00,,,,8.0,,,,5.75,6.75,,3
2079885,7480202,A00,,,,8.0,,,,7.75,6.25,,0
2075632,7510303,D01,4.4,,7.0,7.25,,,,,,,3
40016905,7480201,A01,,,7.2,8.0,,,,8.6,,,0
43008468,7220204,A01,,,7.8,8.6,,,,7.5,,,6
25013181,7340101,A00,,,,5.75,,,,7.5,8.6,,1
37006659,7340115,D01,7.4,,7.6,8.25,,,,,,,1
63005785,7480201,D07,,,8.0,7.6,,,,,7.75,,0
37012504,7340115,A00,,,,7.75,,,,8.0,8.2,,1
2024611,7810201,D01,7.75,,9.0,7.4,,,,,,,2
42012527,7460108,D01,5.0,,7.2,7.75,,,,,,,0
2007272,7540101,D07,,,7.6,7.75,,,,,7.2,,4
50001704,7340301,A00,,,,7.25,,,,7.5,7.6,,1
30009128,7480201,D01,5.4,,7.8,9.25,,,,,,,0
2070060,7810202,D01,7.75,,8.6,6.6,,,,,,,2
51011285,7810202,D01,7.2,,7.2,8.0,,,,,,,2
42011988,7340115,D01,8.0,,7.2,7.75,,,,,,,1
2036293,7340120,D01,7.6,,7.8,8.0,,,,,,,1
49003904,7850101,A00,,,,7.0,,,,6.0,6.0,,4
46004665,7340301,A00,,,,8.25,,,,8.0,8.2,,1
59000760,7460108,A00,,,,7.25,,,,7.25,7.8,,0
57005910,7810201,D01,5.8,,6.6,7.5,,,,,,,2
48000148,7510301,D01,8.4,,7.2,6.25,,,,,,,3
42009934,7340120,D01,6.25,,9.4,7.4,,,,,,,1
34001630,7340115,A01,,,7.6,7.5,,,,7.2,,,1
50008350,7340129,D01,8.0,,8.0,7.2,,,,,,,4
34002022,7340123,A00,,,,5.75,,,,6.25,6.6,,1
40019751,7540101,B00,,,,7.8,,,,,8.25,8.25,4
53011457,7520115,A00,,,,6.0,,,,7.25,7.0,,3
2034944,7510303,A00,,,,7.6,,,,6.25,6.5,,3
55000883,7540105,A00,,,,6.0,,,,8.25,7.6,,4
63000978,7340120,A00,,,,8.4,,,,7.75,8.0,,1
35012838,7510301,A00,,,,7.6,,,,6.5,7.75,,3
53010301,7340201,D01,5.0,,7.6,8.0,,,,,,,1
47010569,7510401,B00,,,,8.0,,,,,6.75,8.0,3
52012801,7480202,A00,,,,7.8,,,,5.5,8.25,,0
2043827,7480202,A01,,,7.2,7.75,,,,8.0,,,0
41010644,7340101,A00,,,,8.0,,,,7.75,8.25,,1
37007147,7480201,A00,,,,7.0,,,,7.5,8.6,,0
2071430,7810103,A01,,,8.0,8.0,,,,7.2,,,2
2050171,7810103,D01,6.4,,6.6,6.5,,,,,,,2
50000438,7480201,D01,8.0,,7.0,8.25,,,,,,,0
46008894,7510202,A00,,,,6.6,,,,6.5,4.75,,3
54006397,7810201,D01,7.6,,7.8,7.0,,,,,,,2
46001931,7480201,A01,,,7.6,7.5,,,,7.6,,,0
40011270,7220201,A01,,,8.8,8.4,,,,6.75,,,6
2062578,7510401,D07,,,7.4,8.0,,,,,6.6,,3
2041043,7340101,D01,8.6,,7.6,7.5,,,,,,,1
2087738,7220201,D01,8.0,,8.0,7.8,,,,,,,6
2016686,7220201,D09,,,8.2,7.8,,,8.25,,,,6
35004879,7510301,A01,,,6.6,7.6,,,,4.25,,,3
2044154,7220204,D01,7.5,,9.4,8.0,,,,,,,6
41005387,7819009,B00,,,,6.0,,,,,5.75,6.2,2
55011810,7540101,A00,,,,7.75,,,,8.5,8.0,,4
2063788,7510301,D01,6.8,,7.4,7.0,,,,,,,3
2018687,7810103,D01,6.6,,6.8,5.75,,,,,,,2
2044291,7340205,D07,,,7.0,7.25,,,,,6.4,,1
38004939,7340115,A00,,,,7.75,,,,8.0,7.8,,1
45002320,7340120,A01,,,7.0,6.75,,,,7.6,,,1
49013291,7810103,D01,8.0,,6.2,8.2,,,,,,,2
37011476,7340205,D01,6.6,,7.2,7.0,,,,,,,1
52012008,7480202,D01,6.5,,8.4,7.8,,,,,,,0
52010636,7220201,D01,6.75,,9.2,6.8,,,,,,,6
56006754,7510301,D01,6.25,,4.6,6.0,,,,,,,3
35010308,7340120,D01,7.6,,7.4,8.25,,,,,,,1
2035320,7510203,A01,,,4.6,6.2,,,,6.25,,,3
47008348,7510301,D01,4.8,,8.2,6.25,,,,,,,3
52000196,7340301,D01,7.0,,8.8,9.2,,,,,,,1
49007672,7510303,D01,7.0,,6.0,8.4,,,,,,,3
53008448,7340301,D01,7.4,,7.2,9.0,,,,,,,1
56007765,7380107,A00,,,,6.8,,,,7.0,7.75,,5
48008645,7340120,A00,,,,7.5,,,,8.25,7.8,,1
2064134,7480202,D07,,,7.2,8.25,,,,,7.4,,0
42012448,7480201,A00,,,,8.0,,,,6.25,7.5,,0
53012850,7540106,A00,,,,7.4,,,,6.5,7.75,,4
2065822,7340301,A00,,,,5.75,,,,8.25,8.0,,1
48001234,7340120,D01,8.0,,6.8,8.75,,,,,,,1
53008151,7220204,D01,6.0,,6.8,9.25,,,,,,,6
2049344,7480201,D07,,,8.6,8.0,,,,,7.25,,0
47008710,7340120,A00,,,,8.0,,,,7.25,7.75,,1
2087560,7480202,D01,5.5,,8.2,6.8,,,,,,,0
37006017,7510203,D07,,,7.6,7.0,,,,,5.8,,3
52003592,7540101,B00,,,,8.0,,,,,8.0,8.2,4
51009423,7480202,A00,,,,5.5,,,,6.0,5.8,,0
40019277,7340101,A00,,,,7.75,,,,8.0,7.6,,1
53000112,7540106,A00,,,,7.0,,,,5.5,6.25,,4
49012443,7510203,D01,6.0,,6.2,8.4,,,,,,,3
2075740,7510202,A00,,,,7.5,,,,6.0,8.4,,3
49014127,7540106,D07,,,8.6,7.8,,,,,7.5,,4
2047877,7510202,A00,,,,7.8,,,,6.0,8.0,,3
2015797,7540101,B00,,,,7.75,,,,,7.75,5.8,4
2043434,7480201,A01,,,8.8,8.6,,,,7.75,,,0
34012616,7540106,A00,,,,8.0,,,,6.5,7.25,,4
41001234,7340120,D01,7.4,,7.2,8.5,,,,,,,1
50002533,7540101,A00,,,,6.0,,,,8.0,7.0,,4
30009552,7340115,A00,,,,8.25,,,,8.5,8.0,,1
43003080,7340301,A00,,,,7.75,,,,7.75,8.2,,1
2079100,7510202,D01,5.2,,6.6,6.75,,,,,,,3
2019475,7340101,A01,,,9.4,7.4,,,,7.5,,,1
33010012,7540204,D01,5.8,,7.2,7.0,,,,,,,3
2057448,7810201,A01,,,8.0,7.8,,,,6.75,,,2
40003536,7340120,A01,,,7.8,7.5,,,,8.8,,,1
49013024,7540106,D07,,,7.2,6.6,,,,,6.25,,4
47000945,7480201,A00,,,,6.75,,,,8.0,7.0,,0
48008290,7540101,D07,,,8.8,7.0,,,,,7.0,,4
2018759,7510303,A01,,,6.4,6.0,,,,6.6,,,3
48015895,7540106,D07,,,7.6,8.25,,,,,7.4,,4
2037608,7460108,D01,4.0,,5.6,7.5,,,,,,,0
42010681,7380107,D01,7.25,,8.6,7.6,,,,,,,5
2039777,7340201,A00,,,,8.0,,,,7.75,8.0,,1
2071395,7460108,A00,,,,6.0,,,,7.0,7.2,,0
49002388,7510401,D07,,,6.2,6.8,,,,,6.5,,3
2036572,7480201,D01,7.8,,7.2,6.25,,,,,,,0
37014836,7340120,A01,,,8.6,8.0,,,,7.5,,,1
43010018,7340101,A00,,,,8.2,,,,7.75,8.25,,1
49006417,7340122,A00,,,,7.5,,,,7.5,7.6,,1
47003905,7340201,D01,7.8,,7.6,7.5,,,,,,,1
35007719,7480202,D01,4.2,,7.2,7.5,,,,,,,0
48001140,7340201,A00,,,,6.5,,,,6.25,7.6,,1
2008571,7540101,A01,,,8.8,8.0,,,,8.25,,,4
2036863,7510202,D01,4.8,,4.6,7.0,,,,,,,3
54004818,7340101,D01,7.2,,8.6,7.25,,,,,,,1
53006127,7540101,A00,,,,8.25,,,,7.5,6.8,,4
2064001,7340101,D01,7.8,,6.6,7.25,,,,,,,1
2075217,7510303,A00,,,,6.0,,,,8.0,7.6,,3
53000544,7540101,A00,,,,7.0,,,,7.0,7.4,,4
40003567,7340122,A00,,,,7.75,,,,7.25,7.8,,1
2012784,7510202,D01,7.6,,6.2,5.5,,,,,,,3
37000798,7340201,A00,,,,8.0,,,,7.5,7.0,,1
2071001,7510301,A01,,,7.6,7.0,,,,7.2,,,3
48017100,7340123,D01,5.0,,8.0,6.5,,,,,,,1
2047037,7510301,D01,6.5,,4.0,7.6,,,,,,,3
46001184,7340301,A00,,,,6.75,,,,8.0,9.0,,1
48002878,7480201,A00,,,,6.5,,,,6.5,7.8,,0
39005297,7540101,A01,,,8.6,9.0,,,,8.75,,,4
43002822,7510202,A00,,,,4.25,,,,6.5,6.4,,3
43008622,7850101,A01,,,4.0,6.6,,,,5.5,,,4
2052344,7420201,B00,,,,7.0,,,,,7.25,7.4,4
44000419,7480202,A00,,,,7.0,,,,6.5,6.6,,0
53008869,7540204,A00,,,,7.8,,,,5.5,6.0,,3
41013982,7340120,A00,,,,8.25,,,,8.25,7.4,,1
53013562,7340301,D01,6.4,,6.8,6.75,,,,,,,1
39010334,7480201,A00,,,,8.2,,,,7.0,8.25,,0
47012812,7810202,D15,7.5,4.8,7.25,,,,,,,,2
33006620,7510203,D01,7.0,,4.4,7.2,,,,,,,3
40019029,7810202,A00,,,,7.5,,,,7.25,7.6,,2
52011064,7340120,D01,7.8,,7.4,7.75,,,,,,,1
40018727,7340120,A00,,,,7.25,,,,8.5,7.8,,1
2075750,7810202,D15,8.25,7.0,7.0,,,,,,,,2
51012147,7810103,D01,5.8,,7.6,6.5,,,,,,,2
2051329,7340123,D01,5.4,,7.4,6.5,,,,,,,1
2062589,7340101,D01,6.6,,7.4,8.0,,,,,,,1
2012153,7220201,D09,,,5.8,8.25,,,7.0,,,,6
37011778,7340120,A00,,,,6.25,,,,7.75,7.4,,1
49008328,7480202,D01,5.5,,3.6,6.6,,,,,,,0
2036935,7340120,D01,7.4,,6.8,7.75,,,,,,,1
53014246,7380107,D01,4.4,,7.6,8.5,,,,,,,5
35007753,7340301,D01,4.6,,6.0,9.25,,,,,,,1
37001181,7340205,A00,,,,6.75,,,,7.75,7.8,,1
2071200,7380107,D01,7.0,,7.4,5.25,,,,,,,5
44012586,7540101,A00,,,,8.25,,,,7.75,8.6,,4
63004657,7480201,A01,,,9.6,7.6,,,,6.75,,,0
44010611,7340115,A00,,,,7.75,,,,8.25,8.0,,1
2047573,7540101,D07,,,8.2,7.25,,,,,8.2,,4
53014335,7520115,D01,7.4,,5.2,7.5,,,,,,,3
49013241,7810201,D01,8.75,,6.4,7.6,,,,,,,2
60004343,7480202,D01,6.75,,4.6,6.8,,,,,,,0
2023167,7340115,A01,,,7.4,7.0,,,,8.8,,,1
49001747,7540204,D01,7.75,,6.0,5.6,,,,,,,3
48028175,7340301,D01,7.2,,6.8,7.5,,,,,,,1
2043298,7510203,D01,6.5,,8.8,7.4,,,,,,,3
2029162,7480201,D01,7.0,,8.8,7.2,,,,,,,0
39006499,7510203,D01,5.5,,4.2,8.4,,,,,,,3
35009566,7340201,D01,9.0,,8.2,7.6,,,,,,,1
36001420,7340201,A01,,,8.0,7.5,,,,7.6,,,1
45002530,7340101,D01,8.0,,7.8,8.0,,,,,,,1
46001942,7480201,A01,,,7.6,7.8,,,,7.5,,,0
2017971,7850101,B00,,,,7.25,,,,,6.25,7.4,4
42005513,7340101,D01,8.5,,7.2,7.8,,,,,,,1
32003271,7340101,A00,,,,8.0,,,,7.75,7.8,,1
2039099,7220201,A01,,,8.0,7.6,,,,8.25,,,6
2072219,7480201,D07,,,8.4,8.6,,,,,7.25,,0
37008778,7340115,A01,,,8.4,7.0,,,,6.6,,,1
50004685,7480201,A00,,,,7.25,,,,7.75,6.4,,0
2026080,7480201,D07,,,8.0,8.5,,,,,7.8,,0
2083705,7540101,A00,,,,6.75,,,,7.75,8.2,,4
56005718,7380107,D01,4.2,,7.2,7.75,,,,,,,5
40012422,7340201,A00,,,,8.25,,,,7.0,8.0,,1
56003298,7540101,B00,,,,8.2,,,,,8.0,8.0,4
49006832,7340301,D01,7.4,,6.2,8.0,,,,,,,1
49001743,7540106,A00,,,,8.0,,,,6.75,8.2,,4
61003586,7340201,D01,5.0,,7.0,8.25,,,,,,,1
53009539,7510202,A00,,,,6.75,,,,7.25,8.0,,3
2036784,7540204,A00,,,,6.8,,,,5.5,6.25,,3
46005998,7810201,D01,8.0,,6.6,7.2,,,,,,,2
42001473,7340301,D01,7.0,,7.6,8.0,,,,,,,1
45003568,7480201,D07,,,7.6,7.25,,,,,6.8,,0
33002579,7460108,D01,6.4,,6.8,6.75,,,,,,,0
2075524,7340101,D01,6.8,,8.0,6.75,,,,,,,1
48009544,7540101,A00,,,,8.2,,,,7.0,8.75,,4
2021887,7480202,D01,6.0,,6.2,5.8,,,,,,,0
2084025,7340301,A01,,,8.2,6.5,,,,6.6,,,1
49000925,7510401,B00,,,,7.2,,,,,6.75,6.0,3
51015317,7340120,A00,,,,8.0,,,,8.5,8.0,,1
2046354,7510401,A00,,,,6.25,,,,7.5,6.6,,3
35004298,7340120,D01,7.2,,7.6,8.5,,,,,,,1
41014132,7340301,A01,,,8.4,7.4,,,,7.5,,,1
49003426,7480201,A00,,,,8.2,,,,6.25,8.0,,0
48013365,7220204,D01,7.2,,7.0,8.75,,,,,,,6
2063317,7340115,A00,,,,8.0,,,,7.5,7.6,,1
47008967,7510203,A00,,,,6.75,,,,7.25,7.8,,3
51009433,7220204,D01,6.6,,7.4,9.0,,,,,,,6
2033432,7810202,D15,7.25,5.8,6.25,,,,,,,,2
53003003,7340201,A00,,,,8.6,,,,7.0,7.0,,1
38001853,7340129,A00,,,,6.5,,,,7.25,7.6,,4
53004579,7540106,A00,,,,7.4,,,,6.5,6.25,,4
52011583,7340115,A01,,,9.0,8.8,,,,7.5,,,1
2034531,7340115,D01,8.2,,7.6,8.25,,,,,,,1
53005740,7480202,A00,,,,8.0,,,,7.5,7.4,,0
40016421,7220201,D01,6.25,,9.0,7.6,,,,,,,6
2007588,7340201,A00,,,,5.5,,,,8.5,8.0,,1
51001725,7380107,D15,7.5,6.8,7.75,,,,,,,,5
36000805,7340201,A00,,,,7.0,,,,6.75,7.8,,1
48014133,7810201,A00,,,,6.5,,,,7.5,7.4,,2
38013567,7340120,A00,,,,8.0,,,,8.25,8.2,,1
2073308,7510303,D01,5.0,,7.8,7.4,,,,,,,3
49013547,7380107,D15,7.0,5.8,7.5,,,,,,,,5
40005639,7460108,D01,4.4,,5.6,8.25,,,,,,,0
40006864,7810103,A00,,,,8.0,,,,6.5,7.5,,2
2035689,7340115,A00,,,,7.75,,,,7.75,8.2,,1
43008482,7380107,A01,,,7.6,8.2,,,,6.5,,,5
35009276,7340115,D01,6.8,,7.6,8.25,,,,,,,1
48009353,7480201,A01,,,7.6,7.5,,,,8.0,,,0
52006357,7420201,B00,,,,6.5,,,,,7.0,7.4,4
2058379,7460108,A00,,,,5.75,,,,4.5,7.4,,0
46001743,7340201,D01,6.0,,6.4,8.0,,,,,,,1
35001945,7510401,A00,,,,6.0,,,,5.25,5.75,,3
43004155,7340201,D01,5.4,,7.6,7.5,,,,,,,1
36001840,7850101,A00,,,,6.5,,,,6.5,7.8,,4
51012908,7520115,A00,,,,7.75,,,,5.25,7.0,,3
43007053,7340101,A00,,,,7.0,,,,7.0,7.4,,1
44009308,7340101,D01,7.75,,8.2,7.6,,,,,,,1
2048234,7510301,A00,,,,7.4,,,,7.0,7.0,,3
2021009,7540106,B00,,,,7.8,,,,,7.0,7.75,4
2009775,7480201,D07,,,7.8,7.0,,,,,8.4,,0
39008848,7340301,A00,,,,7.8,,,,7.0,7.75,,1
33006272,7380107,D01,7.0,,8.2,6.6,,,,,,,5
2050403,7810202,D01,7.2,,6.6,5.75,,,,,,,2
50009184,7810201,D01,7.4,,7.4,8.0,,,,,,,2
53006323,7340115,A01,,,8.4,7.6,,,,8.0,,,1
39003764,7340301,A00,,,,6.25,,,,6.25,7.0,,1
48000164,7340120,D01,8.4,,7.2,8.25,,,,,,,1
2031882,7819009,D07,,,7.6,7.75,,,,,8.2,,2
49005439,7540101,A00,,,,8.5,,,,7.0,7.4,,4
44013177,7340101,D01,6.2,,7.8,8.25,,,,,,,1
2069015,7220201,D01,8.0,,7.8,8.4,,,,,,,6
2059306,7510401,A01,,,6.4,7.8,,,,6.75,,,3
38002091,7340205,D01,7.8,,7.2,8.75,,,,,,,1
61001346,7220204,D01,7.8,,8.0,8.25,,,,,,,6
2023939,7220201,A01,,,8.0,7.5,,,,9.2,,,6
42002654,7540101,A00,,,,6.75,,,,7.5,7.2,,4
44013503,7340122,D01,6.4,,7.2,8.0,,,,,,,1
50011633,7460108,D01,5.6,,6.0,8.25,,,,,,,0
40013069,7340115,A01,,,7.8,7.5,,,,8.8,,,1
56005570,7340120,A00,,,,6.5,,,,7.5,7.6,,1
37005067,7340122,A00,,,,7.25,,,,7.5,7.8,,1
39009862,7540204,D01,5.75,,3.8,7.4,,,,,,,3
50006714,7810103,A00,,,,7.75,,,,6.75,8.6,,2
53009650,7480201,D01,7.8,,7.8,7.0,,,,,,,0
50011285,7220201,D01,7.75,,9.0,7.8,,,,,,,6
2022217,7480202,A00,,,,8.2,,,,6.5,7.25,,0
49007465,7810202,A00,,,,6.5,,,,6.75,6.8,,2
47012733,7480202,A00,,,,5.25,,,,6.75,7.4,,0
40008571,7340120,A00,,,,6.5,,,,7.25,7.4,,1
49001767,7480201,D01,9.0,,7.2,6.75,,,,,,,0
47004080,7340120,D01,7.0,,8.4,8.25,,,,,,,1
36003447,7340120,A00,,,,6.0,,,,7.75,7.4,,1
49008728,7340129,D01,8.0,,6.6,6.8,,,,,,,4
40005128,7340201,A00,,,,6.75,,,,7.25,6.6,,1
54003164,7810103,D15,8.0,5.8,6.0,,,,,,,,2
39003752,7340101,D01,6.6,,7.4,7.0,,,,,,,1
53001602,7340129,A00,,,,7.0,,,,7.5,5.6,,4
2008330,7340301,A01,,,7.8,7.25,,,,6.4,,,1
37007361,7510303,A00,,,,6.75,,,,5.75,7.2,,3
46006329,7340120,D01,8.25,,7.2,7.8,,,,,,,1
2019987,7340201,A00,,,,8.0,,,,7.0,8.25,,1
48016375,7340301,D01,8.25,,7.2,8.4,,,,,,,1
50007305,7340101,D01,7.0,,8.4,8.2,,,,,,,1
2027409,7480201,A01,,,9.4,7.8,,,,7.25,,,0
2083135,7480201,A00,,,,8.75,,,,7.5,7.4,,0
2035284,7340120,A00,,,,7.75,,,,8.5,7.6,,1
2059775,7540101,D07,,,7.4,6.0,,,,,8.6,,4
2050832,7340129,D01,7.2,,6.8,8.0,,,,,,,4
49000002,7810202,A00,,,,7.8,,,,7.5,8.0,,2
2071650,7480201,D01,9.4,,7.4,5.5,,,,,,,0
2043093,7340122,A00,,,,8.0,,,,7.5,8.0,,1
35000548,7510202,D01,4.2,,6.8,6.75,,,,,,,3
60005825,7540101,A00,,,,7.8,,,,8.25,8.0,,4
44004465,7480201,A00,,,,7.25,,,,8.0,8.6,,0
33006726,7510303,A01,,,7.0,7.25,,,,7.8,,,3
46004850,7510203,D01,7.5,,3.2,7.2,,,,,,,3
45004426,7540101,D07,,,9.2,8.6,,,,,7.5,,4
48017022,7340301,A00,,,,8.2,,,,6.5,8.0,,1
54006787,7220201,D01,8.2,,5.6,7.75,,,,,,,6
29027104,7480201,A00,,,,7.25,,,,7.5,7.8,,0
2060856,7540101,D07,,,7.6,7.5,,,,,7.8,,4
35010344,7510202,A00,,,,4.5,,,,5.75,6.8,,3
2017946,7510301,A00,,,,7.0,,,,6.5,8.6,,3
2035085,7810103,D15,7.25,7.0,6.5,,,,,,,,2
2043482,7810202,A01,,,8.2,6.5,,,,7.8,,,2
30002779,7510303,D01,8.5,,6.6,7.8,,,,,,,3
2073471,7510203,D01,6.4,,7.6,6.0,,,,,,,3
56009920,7220201,D01,7.5,,9.0,7.8,,,,,,,6
37009127,7540106,D07,,,7.8,7.5,,,,,7.6,,4
49010263,7810201,A00,,,,5.75,,,,6.25,7.2,,2
46005628,7480201,A01,,,7.2,7.25,,,,7.6,,,0
41010220,7340120,D01,7.6,,7.6,7.75,,,,,,,1
37015461,7810202,D01,6.4,,6.4,8.0,,,,,,,2
42009644,7340115,A01,,,7.8,7.25,,,,7.8,,,1
34013133,7340101,A00,,,,8.6,,,,7.75,7.5,,1
44001577,7380107,D01,7.2,,5.8,6.25,,,,,,,5
40008089,7510202,D01,4.0,,6.4,6.75,,,,,,,3
2013591,7480201,A01,,,8.6,8.0,,,,7.25,,,0
39003075,7220201,D01,7.4,,8.6,7.0,,,,,,,6
40016020,7220201,A01,,,8.4,7.4,,,,7.0,,,6
48026675,7819010,A00,,,,6.0,,,,6.0,5.2,,2
51009009,7340205,A00,,,,6.75,,,,7.25,5.6,,1
2062561,7340201,D01,6.75,,8.6,7.4,,,,,,,1
47003713,7540106,D07,,,6.6,7.6,,,,,7.0,,4
39009882,7510202,A00,,,,6.4,,,,5.0,5.25,,3
40012123,7220201,D01,6.75,,7.6,8.4,,,,,,,6
40003983,7340115,D01,8.75,,9.0,6.6,,,,,,,1
2048001,7480201,A01,,,9.0,7.8,,,,6.25,,,0
46005137,7380107,A00,,,,7.2,,,,7.75,7.25,,5
41001885,7480202,A00,,,,7.6,,,,5.75,5.25,,0
52001687,7340301,D01,7.4,,6.6,8.0,,,,,,,1
2020843,7510202,D01,4.6,,7.8,6.0,,,,,,,3
35001566,7340115,A00,,,,7.25,,,,8.25,8.2,,1
2084676,7540101,D07,,,9.0,8.2,,,,,7.75,,4
53001798,7540106,A00,,,,7.25,,,,6.25,7.0,,4
2045498,7480201,A00,,,,7.0,,,,8.0,7.2,,0
53009998,7510203,A00,,,,6.5,,,,6.75,6.4,,3
52004326,7480202,D01,8.4,,6.8,7.0,,,,,,,0
2084743,7420201,B00,,,,7.6,,,,,7.75,7.75,4
2056570,7340115,A01,,,8.2,7.75,,,,8.4,,,1
37017976,7510301,D01,4.5,,5.0,7.0,,,,,,,3
49012413,7480201,A00,,,,7.6,,,,7.5,8.25,,0
2027209,7420201,B00,,,,8.25,,,,,8.0,7.6,4
2067545,7480202,A00,,,,5.5,,,,6.75,6.8,,0
46000891,7510203,D07,,,6.8,6.5,,,,,8.0,,3
49009795,7510301,A01,,,7.8,6.5,,,,7.4,,,3
2065766,7510203,A01,,,7.0,5.8,,,,6.0,,,3
48026398,7540101,D07,,,8.4,8.8,,,,,8.5,,4
53015665,7540204,A00,,,,8.4,,,,7.5,7.0,,3
2074068,7340115,A00,,,,8.4,,,,7.75,8.75,,1
2038683,7480201,A01,,,7.4,8.2,,,,7.5,,,0
48003276,7340201,A00,,,,7.75,,,,6.75,8.2,,1
59004015,7540101,A00,,,,7.5,,,,6.75,8.2,,4
35000547,7340101,D01,5.8,,7.6,9.25,,,,,,,1
34013429,7340120,D01,6.4,,7.8,8.25,,,,,,,1
2014866,7540101,B00,,,,7.75,,,,,6.25,7.2,4
2072016,7480201,D01,6.25,,9.0,8.2,,,,,,,0
2040830,7220201,D01,7.8,,7.4,8.25,,,,,,,6
40016501,7480201,A01,,,8.6,7.6,,,,6.25,,,0
46009198,7510301,A00,,,,7.2,,,,7.0,5.0,,3
40005493,7340123,A00,,,,7.5,,,,6.0,6.8,,1
39010650,7510202,D01,6.75,,4.2,7.6,,,,,,,3
2084784,7340301,A01,,,8.6,7.8,,,,6.75,,,1
52005481,7340301,A00,,,,7.75,,,,8.25,7.8,,1
2045479,7480202,D07,,,6.0,7.25,,,,,5.6,,0
2083954,7340301,A00,,,,7.5,,,,7.25,7.8,,1
56001160,7340301,A01,,,8.0,7.6,,,,7.25,,,1
2069245,7380107,D15,6.5,6.2,6.5,,,,,,,,5
40007140,7540106,A00,,,,6.25,,,,6.5,7.4,,4
37007758,7380107,D15,7.75,6.8,8.0,,,,,,,,5
48025874,7510202,D01,6.75,,3.8,8.2,,,,,,,3
2030197,7340129,D01,7.0,,5.2,8.0,,,,,,,4
2026196,7480201,D07,,,7.4,8.5,,,,,8.0,,0
2008796,7420201,B00,,,,7.4,,,,,7.5,6.75,4
2084758,7810202,A01,,,7.6,6.5,,,,6.8,,,2
52003581,7340123,A01,,,7.2,7.2,,,,6.5,,,1
44013746,7340115,D01,6.6,,8.0,8.5,,,,,,,1
43002952,7340120,A00,,,,7.5,,,,8.25,6.4,,1
63006454,7540204,D01,5.5,,5.6,6.8,,,,,,,3
37008966,7510301,A01,,,6.6,8.0,,,,7.25,,,3
50008108,7510203,D01,5.2,,7.2,7.25,,,,,,,3
2032878,7220201,D01,7.0,,9.4,7.6,,,,,,,6
2075298,7540204,D01,4.6,,5.8,6.75,,,,,,,3
2007687,7510301,D01,7.6,,7.0,7.75,,,,,,,3
46007596,7220204,D01,7.5,,8.4,7.2,,,,,,,6
37012894,7510301,D01,6.75,,5.2,8.2,,,,,,,3
49005925,7540106,B00,,,,6.5,,,,,6.25,7.8,4
54003685,7340301,A00,,,,5.5,,,,7.0,8.0,,1
53014171,7540106,A00,,,,6.5,,,,6.75,7.2,,4
44006960,7340122,A00,,,,8.25,,,,7.0,7.6,,1
48003264,7510202,D01,6.5,,7.6,6.2,,,,,,,3
40008635,7220204,D01,7.8,,7.6,9.0,,,,,,,6
52005452,7340301,D01,6.0,,7.6,7.0,,,,,,,1
2006173,7480201,D07,,,7.0,7.75,,,,,7.2,,0
51007310,7510401,B00,,,,8.25,,,,,7.25,7.8,3
37009771,7340120,D01,6.2,,7.2,8.25,,,,,,,1
60003029,7340201,A01,,,8.2,7.6,,,,7.75,,,1
48028777,7460108,D01,6.2,,7.0,7.75,,,,,,,0
2044847,7510202,A00,,,,6.5,,,,6.25,6.0,,3
2017247,7819009,A00,,,,5.25,,,,7.25,7.6,,2
35002221,7340201,A01,,,8.2,8.4,,,,6.75,,,1
35003733,7540101,B00,,,,8.0,,,,,8.0,8.75,4
37008349,7480201,D07,,,8.2,7.6,,,,,7.75,,0
2044049,7510202,A00,,,,5.0,,,,5.75,7.6,,3
2063453,7380107,A00,,,,5.5,,,,7.25,7.8,,5
2030319,7340123,D01,5.8,,5.8,6.25,,,,,,,1
2037243,7340129,D01,6.2,,7.4,8.0,,,,,,,4
47010526,7340120,A00,,,,7.75,,,,7.25,8.2,,1
2038917,7540105,A00,,,,8.2,,,,7.75,7.5,,4
44001956,7810202,D15,6.25,5.8,6.25,,,,,,,,2
35006044,7420201,A00,,,,8.4,,,,7.0,7.25,,4
47003259,7340115,A00,,,,7.75,,,,8.5,7.2,,1
42004229,7420201,B00,,,,7.25,,,,,6.5,7.0,4
2068656,7340201,A01,,,9.0,8.4,,,,6.75,,,1
2001017,7510401,D07,,,7.2,7.25,,,,,7.2,,3
41000889,7480201,A00,,,,8.5,,,,8.5,7.8,,0
39005758,7340129,D01,7.0,,5.8,7.4,,,,,,,4
2055917,7540106,A00,,,,7.25,,,,7.75,5.6,,4
54003014,7340120,A00,,,,6.5,,,,8.75,8.4,,1
37017087,7819010,A00,,,,8.0,,,,8.25,6.8,,2
37008359,7340120,A00,,,,8.6,,,,7.0,8.0,,1
53003750,7460108,D01,4.8,,6.6,8.25,,,,,,,0
2026233,7510203,A00,,,,6.0,,,,6.5,8.8,,3
2030600,7420201,B00,,,,7.0,,,,,6.5,6.6,4
37006989,7340129,D01,5.25,,6.4,8.2,,,,,,,4
2030948,7810201,D01,4.6,,6.4,7.0,,,,,,,2
47004200,7220201,A01,,,8.0,9.0,,,,9.0,,,6
2025044,7510301,D01,8.2,,7.8,6.5,,,,,,,3
2044828,7480201,D07,,,8.2,8.2,,,,,6.5,,0
37003502,7810103,D01,7.5,,8.2,6.6,,,,,,,2
53011872,7340129,A00,,,,8.0,,,,7.5,7.4,,4
48002448,7220204,D01,6.4,,7.8,7.25,,,,,,,6
2080977,7850101,A00,,,,6.8,,,,5.0,4.75,,4
34010273,7340122,D01,8.2,,7.8,6.5,,,,,,,1
52005273,7510401,D07,,,7.6,7.6,,,,,6.0,,3
53007204,7810103,D01,7.0,,7.6,8.25,,,,,,,2
2079201,7340101,D01,8.2,,8.2,7.0,,,,,,,1
2036003,7480201,A00,,,,7.5,,,,8.25,7.2,,0
29027162,7340120,D01,7.0,,8.2,8.25,,,,,,,1
2007788,7220201,D01,8.8,,7.2,7.5,,,,,,,6
52008622,7810202,D01,6.8,,7.0,6.0,,,,,,,2
35012468,7340301,A01,,,8.4,8.0,,,,7.75,,,1
49004397,7480202,A00,,,,8.25,,,,6.75,8.0,,0
49012519,7510203,D01,6.0,,4.2,5.8,,,,,,,3
2043495,7380107,A00,,,,8.0,,,,7.25,7.25,,5
53014749,7819009,B00,,,,6.0,,,,,6.0,7.2,2
63005528,7340115,D01,6.4,,8.8,7.5,,,,,,,1
39003915,7510401,D07,,,6.4,6.25,,,,,5.6,,3
38014390,7340301,D01,6.4,,7.8,7.75,,,,,,,1
47008406,7220204,D09,,,7.8,7.25,,,6.2,,,,6
2049405,7480202,D01,7.25,,6.0,7.4,,,,,,,0
2061711,7480201,A00,,,,6.75,,,,8.5,8.0,,0
49009962,7480201,A00,,,,7.5,,,,8.0,7.4,,0
2043802,7340301,A00,,,,6.5,,,,7.5,7.6,,1
52007794,7480202,A01,,,7.8,7.8,,,,4.0,,,0
2078245,7540101,A01,,,7.6,8.0,,,,8.0,,,4
46003635,7380107,A00,,,,8.0,,,,6.25,7.25,,5
2002596,7340201,A00,,,,7.5,,,,7.0,7.0,,1
48021308,7220204,D01,8.2,,7.0,7.75,,,,,,,6
37005960,7540101,A01,,,9.4,8.0,,,,6.75,,,4
35002647,7340120,A01,,,7.6,8.0,,,,7.4,,,1
2065355,7510301,A00,,,,8.2,,,,5.75,7.75,,3
56007420,7480201,D01,7.0,,6.8,8.0,,,,,,,0
40002997,7340123,A00,,,,5.25,,,,6.25,8.0,,1
2052583,7380107,A01,,,8.8,7.0,,,,6.75,,,5
47004196,7340301,A00,,,,7.0,,,,6.5,7.2,,1
2066011,7340101,A00,,,,6.5,,,,8.5,8.2,,1
30014811,7540101,D07,,,8.0,8.2,,,,,7.75,,4
2040936,7480202,D01,6.0,,4.8,6.0,,,,,,,0
2017731,7480201,A01,,,8.0,8.5,,,,7.6,,,0
32006492,7510406,A00,,,,4.0,,,,5.75,6.0,,4
2014188,7510402,A00,,,,6.75,,,,6.25,4.8,,3
35011455,7810202,D01,8.5,,8.2,7.2,,,,,,,2
41008101,7340115,D01,8.4,,8.2,8.0,,,,,,,1
48030808,7220204,D01,8.0,,7.2,8.5,,,,,,,6
35006851,7340115,A00,,,,8.6,,,,8.25,8.0,,1
38008999,7220204,D01,8.0,,6.8,7.6,,,,,,,6
2027850,7510301,D01,6.75,,4.4,6.0,,,,,,,3
48030761,7340101,A01,,,8.0,7.8,,,,7.25,,,1
40015963,7340201,A00,,,,7.0,,,,7.25,8.0,,1
2065883,7480201,A01,,,8.0,6.8,,,,7.75,,,0
46010014,7810202,D01,5.0,,6.4,6.5,,,,,,,2
48015668,7510202,D01,4.2,,7.0,6.75,,,,,,,3
47006620,7340205,D01,4.8,,7.0,7.25,,,,,,,1
50007903,7510401,D07,,,5.4,7.5,,,,,6.4,,3
2041101,7340120,A00,,,,7.0,,,,7.75,7.6,,1
2018372,7340301,A00,,,,6.0,,,,7.0,7.8,,1
2030795,7340301,A01,,,8.0,6.0,,,,6.8,,,1
40003436,7340115,D01,7.2,,7.0,8.5,,,,,,,1
52005810,7520115,D01,4.0,,6.8,6.5,,,,,,,3
51017094,7510202,D01,4.6,,7.6,8.25,,,,,,,3
39001115,7220201,D01,7.0,,8.6,8.0,,,,,,,6
49003710,7540101,A01,,,7.8,7.25,,,,6.4,,,4
37006719,7220204,D01,7.2,,6.2,7.75,,,,,,,6
48022981,7510203,A01,,,6.6,7.0,,,,9.0,,,3
64005764,7810201,A00,,,,7.75,,,,8.0,7.6,,2
2080223,7380107,A01,,,7.4,8.2,,,,6.25,,,5
2052930,7220201,A01,,,6.8,6.0,,,,8.4,,,6
32006068,7340101,A00,,,,9.0,,,,8.75,7.75,,1
37014377,7520115,A00,,,,7.0,,,,7.25,7.4,,3
49014455,7510301,A00,,,,6.75,,,,5.75,6.4,,3
2018882,7340201,D01,7.75,,7.6,8.6,,,,,,,1
19014876,7480201,D01,7.0,,7.6,9.0,,,,,,,0
2036921,7340115,A01,,,7.8,7.75,,,,8.0,,,1
35004430,7340101,D01,7.4,,7.8,9.0,,,,,,,1
41001533,7340101,A00,,,,6.25,,,,7.5,7.2,,1
2073406,7480201,A01,,,8.0,8.2,,,,7.5,,,0
2015584,7510303,D01,7.0,,7.8,6.5,,,,,,,3
3005991,7540101,A01,,,9.4,8.0,,,,7.5,,,4
2075350,7340301,A01,,,7.4,7.0,,,,5.4,,,1
38009176,7510301,A01,,,7.4,6.25,,,,6.8,,,3
48008720,7540106,B00,,,,6.6,,,,,5.5,6.5,4
56002721,7540101,D07,,,8.0,8.0,,,,,8.0,,4
2066504,7380107,A01,,,7.6,8.2,,,,6.75,,,5
2021825,7510202,A01,,,7.0,8.2,,,,5.0,,,3
56011748,7510402,A01,,,6.4,5.25,,,,5.6,,,3
2086284,7850101,A00,,,,6.2,,,,5.0,7.25,,4
34010352,7540101,A00,,,,8.6,,,,7.25,8.25,,4
53007593,7340122,A00,,,,8.0,,,,7.5,7.8,,1
2023468,7380107,D01,7.75,,8.8,7.8,,,,,,,5
2077900,7540101,B00,,,,7.0,,,,,7.5,6.4,4
2035527,7480201,D07,,,5.2,7.75,,,,,8.8,,0
43004560,7380107,D01,6.5,,6.8,7.8,,,,,,,5
2063106,7220204,A01,,,7.0,6.5,,,,7.8,,,6
37005629,7810202,A01,,,7.4,7.25,,,,8.2,,,2
2017252,7480201,D01,6.4,,8.4,7.75,,,,,,,0
3016378,7480201,D01,7.2,,8.6,6.75,,,,,,,0
35004396,7340301,D01,7.5,,7.6,7.6,,,,,,,1
2044930,7510202,D01,6.4,,5.2,6.0,,,,,,,3
2084256,7340301,A00,,,,7.75,,,,8.25,8.2,,1
35007901,7340115,A00,,,,8.0,,,,8.0,7.8,,1
2072970,7810201,D01,7.25,,8.4,7.2,,,,,,,2
43001919,7810103,D15,6.5,5.0,7.25,,,,,,,,2
49006913,7460108,A00,,,,6.25,,,,7.25,5.4,,0
2081164,7510303,D01,6.0,,4.6,7.2,,,,,,,3
2083282,7460108,D01,6.4,,8.0,6.5,,,,,,,0
2001575,7540106,D07,,,7.6,8.2,,,,,7.75,,4
47004436,7340301,A00,,,,7.75,,,,8.0,8.2,,1
37009169,7480201,A01,,,8.8,7.75,,,,6.2,,,0
48018098,7340115,D01,8.6,,7.4,7.75,,,,,,,1
43010246,7220201,A01,,,8.4,7.8,,,,7.25,,,6
42005237,7540101,D07,,,8.4,8.4,,,,,7.75,,4
52004472,7340101,D01,7.4,,6.6,7.83,,,,,,,1
2040167,7480201,A01,,,8.4,8.2,,,,7.25,,,0
37011333,7220204,D01,6.25,,8.2,8.2,,,,,,,6
49002619,7510303,D01,8.25,,8.4,7.8,,,,,,,3
49014220,7340301,D01,7.25,,8.2,7.2,,,,,,,1
53011796,7510303,A00,,,,8.4,,,,7.25,8.25,,3
46009242,7540204,D01,3.8,,7.0,6.5,,,,,,,3
2036178,7340120,D01,8.8,,7.8,5.75,,,,,,,1
37006783,7340301,D01,6.4,,7.6,7.0,,,,,,,1
37016217,7510303,A00,,,,8.6,,,,8.0,6.5,,3
2007861,7480202,D01,6.75,,6.8,6.6,,,,,,,0
34007360,7510303,D01,6.5,,4.8,5.8,,,,,,,3
43000274,7380107,D01,5.4,,5.8,8.25,,,,,,,5
38000936,7810201,D15,6.75,6.8,6.25,,,,,,,,2
38002058,7540101,D07,,,7.4,7.75,,,,,7.0,,4
37011384,7480201,A00,,,,7.0,,,,6.5,7.2,,0
43004714,7810103,D01,5.0,,7.6,5.5,,,,,,,2
48017700,7810201,D01,4.2,,7.4,6.75,,,,,,,2
29035880,7510203,D07,,,7.4,8.0,,,,,7.2,,3
53006497,7340101,A00,,,,8.4,,,,7.5,8.25,,1
36001939,7340115,A00,,,,7.5,,,,7.5,7.8,,1
61003727,7480201,A00,,,,7.5,,,,8.0,8.4,,0
48009205,7480202,A01,,,7.2,7.5,,,,7.2,,,0
35008707,7540106,A00,,,,8.2,,,,6.5,6.75,,4
49013118,7480201,D01,7.75,,7.8,7.8,,,,,,,0
49010185,7540106,A00,,,,5.5,,,,7.75,7.4,,4
42002379,7340201,A00,,,,7.0,,,,7.5,7.2,,1
2083330,7340201,A01,,,7.8,8.4,,,,6.75,,,1
2020336,7340301,A01,,,5.8,7.0,,,,7.2,,,1
29008391,7340101,D01,7.2,,7.8,9.25,,,,,,,1
49008687,7540106,A00,,,,7.4,,,,8.0,8.25,,4
59000670,7220201,D01,8.75,,8.4,8.0,,,,,,,6
53011646,7510202,D01,6.5,,6.6,7.4,,,,,,,3
47000381,7380107,D01,7.4,,7.6,7.25,,,,,,,5
49006574,7810103,D01,6.6,,7.0,6.5,,,,,,,2
2001817,7510203,D01,3.6,,6.2,7.25,,,,,,,3
2045398,7220201,D01,7.8,,6.4,7.5,,,,,,,6
2038855,7480202,D01,6.0,,8.4,6.8,,,,,,,0
51004930,7220201,A01,,,8.8,8.0,,,,7.75,,,6
46002159,7340201,D01,5.2,,8.0,8.0,,,,,,,1
35010650,7340201,D01,6.75,,8.2,8.0,,,,,,,1
48011028,7480201,A00,,,,8.5,,,,7.75,7.4,,0
48008158,7510202,A00,,,,7.2,,,,6.5,5.75,,3
2000551,7810202,A01,,,7.8,8.2,,,,8.25,,,2
53013779,7220204,A01,,,7.8,8.5,,,,7.8,,,6
37014570,7340115,A01,,,7.2,8.25,,,,7.0,,,1
49013563,7420201,A00,,,,8.2,,,,6.0,7.0,,4
47003805,7810202,A00,,,,7.8,,,,7.75,8.0,,2
48015230,7540101,A01,,,7.4,8.0,,,,8.4,,,4
48002429,7480201,A00,,,,7.75,,,,7.5,8.2,,0
37004944,7340101,A00,,,,6.5,,,,7.25,6.8,,1
48018010,7380107,D01,7.25,,7.4,7.2,,,,,,,5
2008360,7540106,A00,,,,8.0,,,,6.75,7.0,,4
35000330,7340120,D01,8.2,,7.8,9.0,,,,,,,1
51016257,7480201,D01,6.2,,8.2,8.0,,,,,,,0
2069490,7480202,D07,,,7.8,6.5,,,,,8.2,,0
2076475,7380107,A00,,,,8.0,,,,7.5,7.0,,5
46002106,7810202,D01,6.6,,6.8,7.5,,,,,,,2
57000150,7340201,A01,,,8.4,7.0,,,,8.4,,,1
35001880,7340301,A00,,,,5.75,,,,8.25,7.8,,1
39003034,7340101,A00,,,,6.25,,,,8.25,8.0,,1
53013194,7340115,A00,,,,9.0,,,,8.25,7.5,,1
53006212,7540106,D07,,,7.2,7.0,,,,,8.0,,4
2043465,7510203,D01,6.2,,7.6,7.5,,,,,,,3
52007756,7340120,D01,7.8,,6.0,8.25,,,,,,,1
53003406,7810202,D01,4.4,,7.4,6.25,,,,,,,2
43007855,7340301,A00,,,,7.8,,,,6.75,8.25,,1
46005674,7480201,A00,,,,7.25,,,,8.75,7.8,,0
44009631,7510303,D01,6.0,,8.0,7.0,,,,,,,3
2017318,7520115,D01,7.8,,6.2,6.0,,,,,,,3
41008362,7810202,D01,6.8,,6.2,8.0,,,,,,,2
2082462,7510303,D01,6.5,,5.2,7.8,,,,,,,3
28015043,7480201,D01,6.4,,7.2,7.5,,,,,,,0
53002116,7540101,A00,,,,7.25,,,,7.25,6.6,,4
2069336,7340115,D01,8.0,,7.6,8.5,,,,,,,1
54003813,7340301,A00,,,,7.5,,,,7.0,7.4,,1
37016069,7510303,D01,5.8,,6.8,6.5,,,,,,,3
52011570,7220201,D01,7.8,,7.0,8.0,,,,,,,6
49008812,7480202,A00,,,,7.0,,,,5.0,7.0,,0
54013228,7540101,D07,,,8.6,7.6,,,,,8.0,,4
60001643,7220204,D01,7.4,,8.4,8.0,,,,,,,6
35007390,7510303,A00,,,,7.5,,,,6.75,7.8,,3
2050134,7480201,D01,7.75,,8.2,7.8,,,,,,,0
2038666,7810202,D01,7.25,,7.8,7.8,,,,,,,2
57002637,7540101,A00,,,,8.8,,,,7.75,8.0,,4
42005210,7340115,A00,,,,7.75,,,,8.25,8.4,,1
56007014,7420201,B00,,,,8.5,,,,,8.0,7.0,4
2010685,7340301,A00,,,,8.25,,,,8.5,7.6,,1
2036891,7810202,D01,7.2,,7.8,7.5,,,,,,,2
2025279,7480202,D01,5.75,,5.4,6.0,,,,,,,0
41006019,7480201,D07,,,8.2,8.0,,,,,7.0,,0
37012291,7480201,A00,,,,8.25,,,,7.5,7.8,,0
2080960,7510303,A00,,,,6.0,,,,4.75,7.25,,3
2033140,7510301,A01,,,6.4,6.5,,,,4.6,,,3
43007938,7510303,A00,,,,7.0,,,,7.75,7.6,,3
2024887,7340101,D01,7.0,,7.6,6.75,,,,,,,1
47006404,7340201,A00,,,,8.0,,,,7.25,8.0,,1
48030823,7480201,D01,6.2,,7.4,8.0,,,,,,,0
2050532,7340301,A01,,,7.6,7.75,,,,7.6,,,1
52007887,7340120,D01,7.2,,7.8,7.5,,,,,,,1
53008436,7220201,D01,8.5,,8.2,7.4,,,,,,,6
2073330,7819009,B00,,,,5.25,,,,,7.0,8.2,2
2048892,7810201,D01,7.5,,7.6,7.4,,,,,,,2
46002880,7480201,A00,,,,7.5,,,,7.0,7.0,,0
52011357,7810103,D01,7.0,,6.2,7.75,,,,,,,2
46006917,7480201,A00,,,,7.0,,,,6.5,7.4,,0
2052846,7540101,B00,,,,7.0,,,,,7.5,7.0,4
51002689,7480202,A00,,,,7.5,,,,8.0,7.6,,0
48002533,7480202,A00,,,,7.75,,,,7.25,8.2,,0
42012598,7510203,D01,6.75,,6.6,6.8,,,,,,,3
53012762,7540106,A01,,,7.0,7.8,,,,6.75,,,4
2051676,7340120,D01,7.4,,7.6,6.5,,,,,,,1
2009542,7540101,B00,,,,8.6,,,,,7.25,8.25,4
53014215,7540101,A00,,,,8.0,,,,8.5,8.4,,4
2008430,7480201,D01,7.5,,8.4,6.8,,,,,,,0
2041007,7480201,D01,7.5,,7.4,8.0,,,,,,,0
43002388,7220204,D01,6.2,,7.2,7.5,,,,,,,6
37008658,7340201,A01,,,8.8,7.4,,,,6.75,,,1
40004728,7340122,D01,6.0,,7.6,7.75,,,,,,,1
48026419,7810201,A00,,,,7.0,,,,6.75,8.2,,2
2067584,7340101,A00,,,,6.25,,,,8.25,7.4,,1
38001609,7340201,D01,7.25,,7.6,7.8,,,,,,,1
2016889,7380107,D01,7.75,,7.2,7.0,,,,,,,5
52012754,7220201,D01,6.5,,9.4,7.2,,,,,,,6
53014907,7540106,B00,,,,7.5,,,,,6.75,6.0,4
2070850,7340205,A00,,,,7.0,,,,6.0,7.0,,1
54011855,7510406,A01,,,6.8,6.25,,,,6.4,,,4
40003429,7810201,D15,6.75,4.0,7.25,,,,,,,,2
2035057,7480201,D07,,,7.6,6.5,,,,,7.2,,0
53001528,7480201,A01,,,8.2,8.25,,,,8.4,,,0
46009349,7220204,D01,7.75,,8.0,7.4,,,,,,,6
47004560,7340120,D01,7.6,,7.4,7.83,,,,,,,1
2009199,7540106,B00,,,,6.4,,,,,7.0,6.75,4
2010070,7510203,A01,,,6.0,7.2,,,,4.25,,,3
42011416,7480201,A00,,,,8.0,,,,7.0,7.0,,0
35002643,7340120,D01,8.4,,8.2,8.33,,,,,,,1
46009100,7480201,A00,,,,7.75,,,,8.25,7.6,,0
44012283,7510203,D07,,,7.4,8.75,,,,,6.6,,3
35010179,7340129,A00,,,,7.0,,,,7.5,6.8,,4
48008333,7480201,A00,,,,6.75,,,,8.5,7.4,,0
34010380,7340201,A01,,,7.2,8.25,,,,6.6,,,1
2024644,7810201,D01,7.4,,7.0,6.5,,,,,,,2
37005837,7340120,D01,7.6,,8.6,7.0,,,,,,,1
2025962,7510401,D07,,,6.6,7.0,,,,,6.8,,3
2026884,7340101,D01,6.4,,7.2,8.0,,,,,,,1
2064247,7510401,A00,,,,4.5,,,,6.0,7.2,,3
2059585,7510401,D07,,,8.0,7.8,,,,,7.75,,3
49006908,7810103,A00,,,,7.4,,,,7.25,7.5,,2
51014922,7340201,A00,,,,7.75,,,,7.0,6.6,,1
33002456,7340129,D01,5.25,,7.8,7.6,,,,,,,4
32002574,7340201,A01,,,7.4,8.0,,,,8.0,,,1
47004420,7480201,A00,,,,7.0,,,,7.75,7.6,,0
52004996,7340201,D01,6.2,,7.4,8.0,,,,,,,1
35009343,7340120,D01,7.4,,6.2,8.0,,,,,,,1
39010452,7340101,D01,7.0,,7.6,6.75,,,,,,,1
50006088,7510401,B00,,,,7.75,,,,,7.25,6.8,3
51013188,7380107,D15,7.25,6.2,9.25,,,,,,,,5
35009855,7380107,A00,,,,7.8,,,,7.25,7.25,,5
53013114,7540101,B00,,,,7.25,,,,,8.25,7.4,4
2057970,7340115,A00,,,,8.75,,,,7.25,7.6,,1
35009075,7340101,A00,,,,7.5,,,,8.0,7.8,,1
40012152,7810202,A00,,,,7.8,,,,7.5,6.75,,2
34003143,7220201,A01,,,7.2,7.75,,,,6.0,,,6
2059530,7510301,A00,,,,7.0,,,,6.25,6.25,,3
2057425,7810201,D15,7.25,6.6,6.25,,,,,,,,2
51002465,7340123,A01,,,7.6,7.0,,,,7.4,,,1
2049854,7460108,D01,4.8,,6.6,6.25,,,,,,,0
50009729,7810103,A01,,,7.0,6.75,,,,7.4,,,2
41001231,7340120,D01,8.0,,7.8,7.5,,,,,,,1
46002033,7340101,A01,,,8.6,8.4,,,,7.75,,,1
53006963,7340115,A01,,,7.8,7.75,,,,8.0,,,1
2009619,7810103,D01,8.0,,7.6,7.2,,,,,,,2
2042056,7480202,A01,,,9.2,8.6,,,,7.25,,,0
2039955,7480202,D01,7.75,,6.4,6.2,,,,,,,0
2069602,7380107,D15,6.25,7.0,7.0,,,,,,,,5
56009071,7510202,D01,6.25,,5.8,7.6,,,,,,,3
36000988,7810201,A00,,,,8.25,,,,7.0,8.6,,2
48009785,7480202,D01,7.4,,8.2,7.25,,,,,,,0
2028785,7850101,A00,,,,6.2,,,,6.25,4.75,,4
58004214,7340201,D01,7.75,,7.8,6.6,,,,,,,1
41004341,7340101,D01,6.6,,6.4,7.5,,,,,,,1
2055362,7510401,D07,,,6.2,7.0,,,,,7.6,,3
61000090,7510203,D07,,,7.8,6.25,,,,,6.4,,3
55010044,7540101,D07,,,8.4,8.4,,,,,8.0,,4
42007278,7540101,B00,,,,5.5,,,,,7.75,7.4,4
48006907,7340115,D01,7.2,,7.8,8.0,,,,,,,1
37013309,7340101,D01,6.4,,7.4,7.25,,,,,,,1
45002520,7480202,A01,,,7.6,6.75,,,,7.8,,,0
28017525,7340301,D01,7.4,,7.6,9.25,,,,,,,1
19014669,7510203,D01,7.8,,7.0,7.25,,,,,,,3
48025872,7540101,A00,,,,7.75,,,,8.0,8.0,,4
40005351,7480201,A00,,,,8.2,,,,7.0,7.0,,0
2034733,7340201,D01,7.4,,7.8,6.25,,,,,,,1
55008920,7380107,D15,6.75,4.4,8.0,,,,,,,,5
37017522,7480201,A00,,,,8.0,,,,7.0,8.0,,0
2069126,7220201,D01,8.4,,7.8,7.0,,,,,,,6
2072679,7850101,A01,,,7.8,6.25,,,,6.4,,,4
35010111,7340122,A00,,,,7.0,,,,7.5,7.4,,1
2044259,7810202,A00,,,,5.5,,,,6.75,7.2,,2
2084864,7480201,A00,,,,8.6,,,,7.5,7.5,,0
3007876,7480201,D01,8.2,,8.2,8.5,,,,,,,0
33009655,7480201,A00,,,,8.0,,,,7.25,8.2,,0
35010330,7380107,D01,5.4,,7.6,7.0,,,,,,,5
44006929,7540101,D07,,,8.2,7.0,,,,,6.8,,4
36001386,7340120,A01,,,8.0,7.0,,,,7.8,,,1
39005042,7540101,D07,,,8.8,8.4,,,,,8.0,,4
2044786,7540106,A01,,,7.4,8.0,,,,6.4,,,4
40002897,7340120,A00,,,,8.0,,,,8.25,8.4,,1
40013394,7340115,D01,7.2,,7.2,8.25,,,,,,,1
2082205,7480201,D07,,,9.0,8.6,,,,,7.25,,0
46006412,7340101,A00,,,,7.25,,,,6.5,7.2,,1
51012882,7810202,D01,6.2,,7.6,7.0,,,,,,,2
52001807,7340301,D01,7.0,,6.8,7.0,,,,,,,1
2048166,7220201,D01,6.75,,9.6,7.4,,,,,,,6
47004815,7540101,A00,,,,8.0,,,,7.0,8.0,,4
41003870,7510303,D01,6.25,,6.2,7.6,,,,,,,3
60005077,7540106,A01,,,8.0,7.8,,,,7.0,,,4
47005640,7810201,D01,5.6,,6.8,6.5,,,,,,,2
2084713,7340129,A00,,,,7.0,,,,6.75,6.8,,4
40015687,7340205,D01,6.0,,7.2,6.75,,,,,,,1
46007875,7480201,D01,8.0,,6.6,7.4,,,,,,,0
49006791,7340122,A00,,,,7.0,,,,7.5,7.8,,1
51006875,7540101,A01,,,7.2,7.5,,,,7.8,,,4
41001846,7340301,A00,,,,5.5,,,,7.5,6.8,,1
44000896,7340201,D01,7.2,,7.0,8.75,,,,,,,1
43001344,7340122,A01,,,7.8,8.75,,,,7.4,,,1
2038897,7340301,A00,,,,7.8,,,,7.0,8.25,,1
37010599,7480202,A01,,,7.4,7.6,,,,7.0,,,0
59006425,7540101,B00,,,,6.5,,,,,7.75,6.6,4
50002717,7480201,D01,7.0,,8.2,6.5,,,,,,,0
49006019,7540105,D07,,,7.0,7.75,,,,,7.2,,4
2026601,7540101,A01,,,7.4,7.75,,,,7.2,,,4
53010888,7340101,D01,7.5,,8.6,8.0,,,,,,,1
52003275,7380107,D01,5.6,,7.8,7.25,,,,,,,5
53003615,7340301,D01,8.75,,7.2,7.4,,,,,,,1
47004573,7540106,A00,,,,6.25,,,,7.0,7.0,,4
51001939,7340120,A01,,,8.6,7.4,,,,7.5,,,1
46007859,7480201,D01,7.25,,8.0,7.2,,,,,,,0
42011787,7480201,D01,6.75,,8.8,7.6,,,,,,,0
2070398,7510301,D07,,,7.8,7.6,,,,,8.25,,3
49010898,7340101,A00,,,,6.75,,,,6.75,7.8,,1
2028435,7510401,B00,,,,6.8,,,,,7.0,7.75,3
44008359,7810201,D01,7.0,,8.6,7.6,,,,,,,2
47006301,7540204,D01,7.0,,7.8,7.4,,,,,,,3
2065818,7510401,A00,,,,7.25,,,,8.0,7.0,,3
1027373,7480201,D01,8.0,,7.0,7.0,,,,,,,0
38001261,7540106,D07,,,7.4,7.0,,,,,7.75,,4
2028816,7540106,A01,,,6.8,6.8,,,,5.25,,,4
2063984,7480202,D07,,,7.4,8.25,,,,,8.0,,0
40007900,7810201,A00,,,,8.0,,,,7.0,6.75,,2
2018904,7510401,A01,,,6.4,6.0,,,,5.0,,,3
40020346,7510202,D01,5.6,,6.8,6.0,,,,,,,3
59007951,7480202,A00,,,,5.5,,,,6.0,5.8,,0
2041221,7540204,D01,6.6,,7.0,7.5,,,,,,,3
37006275,7380107,D15,7.75,8.4,7.75,,,,,,,,5
37002659,7480201,A00,,,,8.25,,,,7.25,7.0,,0
49011776,7340129,A00,,,,7.25,,,,8.0,8.0,,4
33001350,7340115,D01,9.2,,7.6,6.75,,,,,,,1
37010859,7340122,D01,7.2,,7.8,8.5,,,,,,,1
47008619,7480202,A00,,,,8.0,,,,8.5,7.8,,0
35006047,7340201,A01,,,8.6,6.8,,,,7.5,,,1
2035167,7220201,A01,,,7.2,7.25,,,,9.4,,,6
40008422,7480201,A00,,,,8.2,,,,7.75,7.25,,0
47008847,7480201,A01,,,7.6,8.0,,,,6.75,,,0
44008170,7510303,D01,7.0,,7.0,7.5,,,,,,,3
51019722,7340129,D01,5.4,,6.2,6.75,,,,,,,4
53007266,7810103,A00,,,,6.8,,,,7.5,7.75,,2
2021911,7340101,A01,,,8.0,8.6,,,,7.5,,,1
53007957,7510303,A00,,,,6.25,,,,9.0,7.4,,3
55006912,7480202,D07,,,7.0,7.0,,,,,7.5,,0
2023689,7510202,D01,6.6,,6.4,6.25,,,,,,,3
49012498,7220201,D09,,,7.0,7.75,,,6.6,,,,6
2020247,7540106,A01,,,7.6,7.0,,,,6.0,,,4
2023233,7340129,D01,7.0,,6.8,6.4,,,,,,,4
2038850,7510203,D01,6.5,,8.0,6.8,,,,,,,3
2046271,7510203,D01,7.5,,4.6,7.2,,,,,,,3
52003193,7340201,A00,,,,7.8,,,,6.75,8.0,,1
49010314,7340101,A00,,,,5.75,,,,7.75,7.8,,1
61004796,7540101,A00,,,,7.0,,,,8.5,7.8,,4
48016682,7810201,D01,6.75,,7.6,8.2,,,,,,,2
63003317,7340120,A00,,,,7.5,,,,7.5,8.0,,1
40005417,7340122,D01,7.6,,7.0,8.0,,,,,,,1
2010639,7340115,A00,,,,7.0,,,,8.25,8.75,,1
60003249,7510401,A00,,,,5.5,,,,5.5,6.4,,3
44005615,7340301,A01,,,8.6,8.0,,,,7.25,,,1
2041828,7340115,D01,7.5,,9.2,7.6,,,,,,,1
48008791,7510202,A00,,,,7.6,,,,5.75,4.0,,3
2071612,7480201,D01,8.6,,7.8,7.25,,,,,,,0
42010315,7340120,A00,,,,6.75,,,,7.5,8.2,,1
2007029,7819009,B00,,,,5.0,,,,,6.25,6.0,2
2023092,7540101,D07,,,8.2,6.5,,,,,8.2,,4
2057578,7220204,A01,,,7.8,8.0,,,,6.4,,,6
2083177,7480201,A00,,,,7.5,,,,8.0,8.2,,0
2038369,7540204,D01,6.25,,5.8,6.6,,,,,,,3
2044645,7819009,A01,,,7.0,5.5,,,,8.4,,,2
48027863,7810201,A00,,,,6.0,,,,6.75,7.4,,2
53012345,7510202,A00,,,,8.0,,,,5.0,6.5,,3
38002726,7380107,A00,,,,7.6,,,,7.75,7.25,,5
2030241,7540101,B00,,,,7.0,,,,,6.75,7.2,4
52006764,7480202,D01,7.0,,7.2,7.0,,,,,,,0
2035014,7480201,D01,7.8,,7.4,7.25,,,,,,,0
52001410,7540101,D07,,,9.0,8.6,,,,,7.75,,4
37009901,7340120,A00,,,,8.5,,,,7.25,6.8,,1
4007109,7540101,B00,,,,8.0,,,,,9.0,8.25,4
40008423,7340201,A00,,,,7.25,,,,7.5,6.2,,1
37010867,7340101,A01,,,8.0,8.6,,,,7.5,,,1
53014198,7540204,A00,,,,8.0,,,,7.75,7.75,,3
48001023,7810202,D01,7.0,,7.0,8.25,,,,,,,2
49003728,7510401,B00,,,,8.8,,,,,8.5,8.25,3
2039982,7480201,A00,,,,7.75,,,,6.5,7.4,,0
47000296,7340120,A00,,,,7.5,,,,7.75,8.4,,1
53010338,7510202,D01,6.4,,7.4,7.25,,,,,,,3
40013279,7380107,A00,,,,7.2,,,,6.75,7.25,,5
53015965,7810201,A00,,,,7.8,,,,8.0,7.25,,2
46005172,7340101,A00,,,,7.0,,,,7.0,7.6,,1
48000144,7510203,D01,7.2,,7.6,7.75,,,,,,,3
61008049,7510301,D01,7.0,,4.6,7.6,,,,,,,3
2084148,7220201,A01,,,9.0,8.0,,,,7.5,,,6
2069711,7340205,A00,,,,6.25,,,,7.0,6.8,,1
40011221,7380107,A00,,,,8.0,,,,7.25,7.25,,5
2062282,7810103,D01,6.2,,7.0,6.5,,,,,,,2
2047498,7510301,A00,,,,8.0,,,,5.0,7.75,,3
2043949,7810103,D01,6.6,,7.6,7.0,,,,,,,2
47001248,7340201,D01,6.0,,8.6,8.0,,,,,,,1
48021113,7340101,A00,,,,8.4,,,,7.75,7.25,,1
2082067,7380107,D15,7.0,6.4,6.5,,,,,,,,5
47008128,7340123,D01,5.8,,4.0,7.25,,,,,,,1
56007122,7819010,A00,,,,6.5,,,,6.5,6.6,,2
54010370,7480201,D01,8.4,,7.0,7.0,,,,,,,0
2013207,7810201,D15,6.5,7.0,7.5,,,,,,,,2
53014472,7540101,A01,,,7.4,7.25,,,,7.6,,,4
45002594,7480202,D01,7.0,,4.0,7.0,,,,,,,0
2072082,7819010,A01,,,7.0,7.0,,,,7.2,,,2
2043024,7340115,D01,9.2,,8.0,8.0,,,,,,,1
44014030,7480202,D01,7.4,,6.4,8.0,,,,,,,0
48023125,7510203,A00,,,,7.0,,,,7.75,7.6,,3
2079275,7510303,A00,,,,8.0,,,,7.5,6.75,,3
2045242,7340201,A01,,,8.0,7.0,,,,7.0,,,1
49006302,7480201,D01,7.75,,7.0,7.8,,,,,,,0
56012272,7340201,A00,,,,7.4,,,,7.25,8.0,,1
35002033,7340115,D01,8.0,,7.2,9.0,,,,,,,1
47003515,7340120,D01,7.75,,7.8,7.8,,,,,,,1
2046089,7480201,D07,,,8.6,7.5,,,,,7.8,,0
2071600,7220201,D01,7.25,,9.0,7.6,,,,,,,6
48010369,7510303,D01,7.0,,7.6,6.0,,,,,,,3
2074872,7510202,D01,5.0,,6.4,5.75,,,,,,,3
59004215,7420201,A00,,,,7.4,,,,4.25,6.5,,4
38004829,7510303,D01,7.8,,6.6,7.0,,,,,,,3
2035522,7510401,A00,,,,8.75,,,,8.25,8.4,,3
49006975,7340301,A00,,,,7.0,,,,7.25,8.0,,1
48008047,7340129,D01,6.5,,7.4,8.6,,,,,,,4
51003166,7480201,D01,5.4,,6.6,9.25,,,,,,,0
47004976,7540101,A00,,,,7.25,,,,7.0,8.4,,4
2016830,7480202,A00,,,,6.75,,,,8.0,7.6,,0
51006812,7220204,D09,,,6.0,9.0,,,7.8,,,,6
60002174,7480201,D07,,,7.4,7.8,,,,,7.75,,0
49002418,7340201,A00,,,,6.75,,,,7.25,8.2,,1
40015651,7340122,D01,7.0,,8.8,7.5,,,,,,,1
37007140,7340301,D01,8.0,,7.8,8.6,,,,,,,1
44009244,7810103,D01,7.25,,7.8,8.2,,,,,,,2
45003090,7480201,A00,,,,8.0,,,,7.5,7.8,,0
32003638,7510303,A00,,,,7.0,,,,6.5,8.4,,3
37008726,7480201,A01,,,8.2,6.5,,,,5.8,,,0
2084752,7340101,A01,,,7.0,7.25,,,,7.6,,,1
2030464,7380107,D15,8.5,4.6,6.0,,,,,,,,5
2012681,7810103,D01,6.6,,7.2,7.0,,,,,,,2
41003350,7819010,A00,,,,6.5,,,,3.75,7.0,,2
56012360,7380107,A00,,,,6.8,,,,6.75,7.75,,5
2009343,7510301,A00,,,,7.8,,,,6.25,7.0,,3
44000338,7540101,D07,,,7.8,7.8,,,,,8.25,,4
46003112,7380107,A00,,,,8.0,,,,6.75,7.5,,5
35002413,7460108,A00,,,,7.5,,,,5.75,7.4,,0
2006401,7819009,B00,,,,5.5,,,,,6.75,6.6,2
51003056,7810201,D15,7.25,6.2,8.25,,,,,,,,2
52003500,7480201,D07,,,7.6,7.6,,,,,7.25,,0
51016372,7340101,D01,5.6,,6.8,8.75,,,,,,,1
41007585,7340115,A01,,,7.6,7.75,,,,8.4,,,1
45004976,7510303,D01,5.75,,4.4,7.4,,,,,,,3
54005109,7220201,D01,8.4,,7.2,8.75,,,,,,,6
2062335,7510203,A00,,,,6.8,,,,7.0,6.0,,3
2036441,7510303,A00,,,,7.2,,,,7.0,8.0,,3
42009688,7510301,D01,6.25,,6.0,6.2,,,,,,,3
48022443,7220201,A01,,,7.8,8.0,,,,7.4,,,6
39002415,7510203,D01,5.0,,4.4,8.2,,,,,,,3
47006018,7510303,A00,,,,9.0,,,,7.25,5.75,,3
2075424,7380107,A00,,,,6.25,,,,7.0,8.0,,5
53007574,7380107,D15,7.25,7.0,8.25,,,,,,,,5
2045036,7510202,D01,3.8,,7.8,6.25,,,,,,,3
48008399,7340301,D01,7.75,,7.6,7.2,,,,,,,1
55000722,7480201,D01,8.25,,8.0,7.2,,,,,,,0
47009327,7220201,A01,,,8.4,7.0,,,,8.0,,,6
39006448,7480201,A00,,,,7.5,,,,8.0,8.8,,0
41005962,7540204,D01,6.4,,8.6,7.75,,,,,,,3
44005630,7340101,A00,,,,7.75,,,,7.75,7.8,,1
39006901,7340120,A00,,,,8.4,,,,8.25,8.0,,1
38013243,7340115,D01,7.0,,7.8,8.5,,,,,,,1
37017296,7380107,A00,,,,7.25,,,,8.0,7.8,,5
2014620,7380107,A00,,,,7.75,,,,8.0,7.6,,5
2048953,7510301,A01,,,6.6,7.2,,,,7.0,,,3
2035265,7340101,D01,7.2,,6.8,6.75,,,,,,,1
38002037,7340301,A00,,,,8.0,,,,7.75,8.0,,1
53003413,7810103,D01,7.75,,7.6,7.6,,,,,,,2
2022295,7340201,D01,6.75,,8.8,7.8,,,,,,,1
35005239,7819009,A01,,,7.6,5.75,,,,6.2,,,2
53012126,7540106,B00,,,,6.75,,,,,6.5,6.2,4
48004419,7540101,A00,,,,7.75,,,,7.5,7.4,,4
52001398,7540204,D01,7.75,,6.6,6.4,,,,,,,3
52011673,7340122,A00,,,,7.75,,,,7.5,7.8,,1
2031091,7540101,D07,,,8.8,7.6,,,,,8.25,,4
2062059,7340301,D01,7.8,,6.0,7.25,,,,,,,1
47001447,7510301,A01,,,6.6,5.8,,,,7.0,,,3
60000349,7810103,A01,,,8.0,8.0,,,,7.5,,,2
43009101,7540106,A01,,,7.6,7.8,,,,6.5,,,4
43004553,7340301,A00,,,,6.5,,,,6.0,7.4,,1
41005745,7810202,D01,7.4,,7.0,6.5,,,,,,,2
53000357,7480201,D01,8.5,,7.6,8.0,,,,,,,0
2042257,7380107,D15,6.5,7.6,5.75,,,,,,,,5
38000875,7220201,D01,5.8,,8.6,8.5,,,,,,,6
43007221,7480202,A00,,,,7.6,,,,5.75,7.25,,0
42013809,7420201,B00,,,,6.5,,,,,6.0,7.0,4
42004310,7540106,A00,,,,7.6,,,,5.5,6.0,,4
2015882,7340122,D01,7.0,,7.8,7.25,,,,,,,1
2082242,7520115,A00,,,,6.0,,,,7.0,5.2,,3
40020037,7340120,D01,7.6,,7.6,7.5,,,,,,,1
56003219,7340120,A00,,,,5.75,,,,8.0,7.8,,1
37010957,7510303,D01,5.75,,4.4,7.2,,,,,,,3
2023328,7420201,B00,,,,7.6,,,,,7.5,5.0,4
37016308,7510401,A00,,,,7.2,,,,6.5,6.25,,3
2026728,7540101,A00,,,,8.75,,,,8.0,7.6,,4
51004295,7340201,D01,6.6,,6.8,8.25,,,,,,,1
2072579,7380107,D01,8.0,,8.0,7.8,,,,,,,5
2076637,7380107,D01,6.0,,6.2,7.5,,,,,,,5
37004669,7810103,A01,,,6.8,6.75,,,,6.2,,,2
42012146,7510203,D01,5.8,,5.8,7.25,,,,,,,3
2024423,7340201,D01,6.6,,7.2,8.0,,,,,,,1
49011567,7810202,D15,7.5,5.0,6.0,,,,,,,,2
45002884,7480202,A00,,,,7.4,,,,6.5,5.5,,0
37011660,7340120,D01,6.0,,6.0,9.5,,,,,,,1
43006931,7480202,A00,,,,8.0,,,,6.0,6.75,,0
59007684,7340120,A01,,,7.6,7.75,,,,8.6,,,1
2069435,7480201,D07,,,7.4,7.0,,,,,7.2,,0
49013863,7340301,A00,,,,6.0,,,,8.0,8.0,,1
39001625,7340101,D01,7.25,,9.4,8.2,,,,,,,1
63006901,7480201,A00,,,,9.0,,,,4.5,7.4,,0
54003543,7510401,A01,,,8.0,8.6,,,,7.5,,,3
2060761,7380107,D01,6.8,,5.6,7.5,,,,,,,5
2014311,7510301,D07,,,8.4,6.8,,,,,7.75,,3
41011986,7340115,D01,8.25,,9.0,8.4,,,,,,,1
51007846,7340129,D01,7.4,,6.6,7.5,,,,,,,4
60005028,7510401,A00,,,,6.5,,,,6.0,7.0,,3
40011151,7340101,D01,7.25,,8.8,7.6,,,,,,,1
39010578,7340201,A00,,,,7.0,,,,7.0,8.0,,1
37006001,7380107,D01,6.75,,8.0,7.6,,,,,,,5
2023671,7220201,D01,7.0,,9.8,7.2,,,,,,,6
2060518,7480201,A01,,,8.0,8.0,,,,7.75,,,0
2024816,7480201,D07,,,7.6,7.25,,,,,8.4,,0
2058356,7510202,A00,,,,5.5,,,,6.25,5.8,,3
2078927,7340101,D01,7.2,,8.0,6.25,,,,,,,1
44005918,7510303,A00,,,,7.25,,,,6.25,7.8,,3
39002242,7480201,A00,,,,7.0,,,,6.0,8.8,,0
56010914,7420201,B00,,,,7.5,,,,,6.5,7.6,4
2015605,7340205,D01,6.0,,5.6,7.25,,,,,,,1
52006540,7810103,A00,,,,6.25,,,,6.75,6.6,,2
44012226,7540106,B00,,,,7.25,,,,,5.75,8.0,4
35012700,7340101,A00,,,,8.0,,,,7.75,7.75,,1
38005293,7480201,A01,,,6.8,8.25,,,,8.4,,,0
2078597,7480202,D01,6.0,,8.2,7.0,,,,,,,0
33004053,7340101,D01,5.8,,6.8,8.5,,,,,,,1
49002387,7340115,A00,,,,7.25,,,,8.75,7.8,,1
35002648,7540101,A00,,,,7.75,,,,6.75,7.0,,4
49010488,7340301,A00,,,,7.0,,,,8.5,7.4,,1
46005332,7340301,A00,,,,8.8,,,,7.25,6.75,,1
2030383,7340101,D01,8.2,,7.0,6.75,,,,,,,1
2020857,7420201,A00,,,,7.8,,,,7.25,6.75,,4
44007837,7340301,A00,,,,6.5,,,,7.0,6.8,,1
61000247,7340115,D01,8.2,,8.2,7.75,,,,,,,1
63005618,7540106,A00,,,,8.2,,,,5.0,7.25,,4
2054244,7220204,A01,,,8.2,7.0,,,,6.4,,,6
56001929,7420201,B00,,,,7.75,,,,,8.25,7.4,4
2039722,7810201,A00,,,,7.25,,,,7.25,7.4,,2
44014140,7380107,A00,,,,6.25,,,,7.5,6.6,,5
2022773,7340122,A01,,,7.0,8.0,,,,7.6,,,1
2035813,7340123,A01,,,8.0,7.0,,,,6.0,,,1
53008290,7540101,D07,,,8.0,7.8,,,,,8.75,,4
2032580,7540101,B00,,,,7.25,,,,,8.25,7.2,4
48017161,7340101,D01,6.6,,6.4,7.5,,,,,,,1
2079021,7510301,A00,,,,8.2,,,,5.0,5.75,,3
52007864,7340120,A00,,,,7.0,,,,7.75,7.6,,1
48028703,7340129,A00,,,,6.75,,,,5.75,8.8,,4
33007290,7510202,A01,,,7.4,8.4,,,,7.5,,,3
57008811,7340129,D01,5.75,,7.6,7.4,,,,,,,4
2040425,7220201,D01,7.25,,8.4,7.8,,,,,,,6
49009893,7510401,A00,,,,6.25,,,,8.5,7.4,,3
2036276,7340120,D01,7.4,,8.2,7.25,,,,,,,1
51016655,7380107,A00,,,,7.75,,,,7.25,7.8,,5
43004324,7810201,D01,7.25,,8.0,7.0,,,,,,,2
42006925,7510303,A01,,,7.0,5.75,,,,8.0,,,3
49009445,7480201,A00,,,,8.0,,,,8.0,7.0,,0
39010119,7480201,D07,,,7.2,7.0,,,,,7.4,,0
2048196,7540106,D07,,,6.8,6.8,,,,,8.0,,4
2017239,7340115,D01,7.4,,7.8,7.75,,,,,,,1
48011122,7819010,A00,,,,5.5,,,,6.75,7.0,,2
46004945,7810103,A00,,,,5.75,,,,8.0,7.0,,2
48014530,7540106,A01,,,7.2,7.25,,,,6.6,,,4
61006863,7510401,B00,,,,6.6,,,,,7.5,5.25,3
2082968,7510202,D01,5.4,,7.8,7.25,,,,,,,3
53005717,7810103,D01,5.8,,6.6,7.5,,,,,,,2
43004758,7810103,A00,,,,7.4,,,,7.25,7.25,,2
43003117,7340201,A00,,,,6.25,,,,7.5,6.6,,1
38003167,7340201,D01,7.0,,8.0,7.6,,,,,,,1
46009317,7340115,A00,,,,7.75,,,,8.25,8.0,,1
2043880,7480201,A00,,,,7.5,,,,7.0,6.6,,0
2061523,7340129,A00,,,,7.0,,,,7.25,8.2,,4
47000626,7540101,A00,,,,7.75,,,,7.75,8.8,,4
2084018,7810103,D01,8.2,,7.2,7.0,,,,,,,2
47005038,7510401,A00,,,,7.2,,,,6.5,6.75,,3
48020673,7480202,A01,,,7.6,7.25,,,,7.4,,,0
2008168,7540105,D07,,,6.4,7.25,,,,,5.4,,4
44006707,7510401,A00,,,,7.0,,,,7.5,7.8,,3
2043056,7480202,D07,,,7.6,7.5,,,,,7.0,,0
35006829,7340115,D01,7.6,,7.4,8.75,,,,,,,1
2035226,7340129,D01,6.2,,7.6,7.5,,,,,,,4
40002045,7340122,A00,,,,7.75,,,,7.5,7.2,,1
2035312,7510301,D01,5.75,,5.2,7.4,,,,,,,3
43006586,7340201,A00,,,,6.25,,,,7.25,7.2,,1
2043875,7810103,D01,6.0,,6.4,8.0,,,,,,,2
47009351,7340120,A00,,,,8.25,,,,6.75,8.0,,1
2002435,7340115,D01,7.6,,7.4,7.5,,,,,,,1
2037853,7819010,D07,,,4.8,6.5,,,,,7.6,,2
47009791,7540101,A00,,,,7.5,,,,7.5,7.6,,4
44011039,7340101,A00,,,,7.75,,,,7.5,7.8,,1
37016528,7819010,B00,,,,6.25,,,,,6.75,6.8,2
37015641,7340120,D01,8.0,,8.6,7.2,,,,,,,1
35005601,7420201,A00,,,,7.0,,,,4.5,6.25,,4
48027086,7340301,A00,,,,7.4,,,,7.5,8.25,,1
40013614,7220204,A01,,,7.2,7.75,,,,6.8,,,6
35007376,7510303,D01,7.0,,7.8,6.75,,,,,,,3
50012373,7510406,D07,,,7.2,6.5,,,,,5.8,,4
60000014,7480202,D01,7.75,,5.4,7.6,,,,,,,0
46008030,7220201,D01,8.0,,7.2,8.25,,,,,,,6
2017542,7540101,B00,,,,7.5,,,,,7.75,7.2,4
37006851,7340120,A01,,,7.8,8.2,,,,7.25,,,1
49011634,7810103,D15,8.25,7.4,6.5,,,,,,,,2
2040823,7220201,D01,8.25,,9.0,8.0,,,,,,,6
35007685,7340120,D01,8.25,,7.0,8.0,,,,,,,1
48003836,7480202,A00,,,,6.6,,,,7.5,5.5,,0
46002222,7480201,A00,,,,8.4,,,,7.25,7.25,,0
48013638,7510301,D01,6.0,,7.4,6.4,,,,,,,3
2035594,7340120,A01,,,8.0,8.25,,,,8.4,,,1
46006753,7220201,D01,7.5,,8.6,7.0,,,,,,,6
30014629,7480201,D01,6.4,,7.8,8.75,,,,,,,0
2028346,7340123,D01,7.0,,6.8,7.6,,,,,,,1
37012035,7340123,A00,,,,6.25,,,,6.75,7.0,,1
2009657,7340129,D01,7.6,,7.6,6.5,,,,,,,4
50000520,7340115,A00,,,,6.75,,,,8.25,7.8,,1
2088170,7340101,A01,,,8.6,8.4,,,,8.0,,,1
39005543,7340120,D01,7.0,,8.4,7.8,,,,,,,1
19014354,7340115,D01,7.2,,8.2,8.25,,,,,,,1
2045126,7540106,A01,,,9.0,8.0,,,,6.25,,,4
2045425,7480201,D01,6.8,,7.4,8.0,,,,,,,0
35009712,7340120,A01,,,8.6,8.4,,,,7.0,,,1
41002904,7480201,A01,,,8.4,8.0,,,,7.8,,,0
47009672,7510202,D01,6.25,,2.8,7.0,,,,,,,3
35010924,7510303,A00,,,,7.75,,,,6.75,7.4,,3
35004219,7510202,D01,5.5,,3.4,6.4,,,,,,,3
52009216,7340115,D01,7.2,,7.4,8.0,,,,,,,1
37004295,7540204,D01,6.25,,4.2,8.0,,,,,,,3
2063970,7510301,A00,,,,6.8,,,,5.5,6.25,,3
2044562,7220201,D01,6.8,,7.0,8.0,,,,,,,6
2047680,7340301,D01,7.75,,8.6,7.2,,,,,,,1
48018727,7340101,D01,6.0,,7.0,8.25,,,,,,,1
2065387,7480201,D07,,,7.6,8.2,,,,,7.25,,0
2071063,7480201,D07,,,9.2,7.2,,,,,7.75,,0
2082539,7340201,A00,,,,6.75,,,,7.5,7.6,,1
47008180,7340101,A00,,,,6.75,,,,7.5,8.0,,1
53014683,7340115,A00,,,,6.25,,,,8.0,8.0,,1
47009485,7540204,D01,6.0,,7.4,7.0,,,,,,,3
31002777,7540106,A00,,,,6.8,,,,7.25,6.75,,4
2044453,7510301,D07,,,7.0,7.25,,,,,7.2,,3
2031011,7540106,B00,,,,7.25,,,,,5.5,6.2,4
2057418,7810103,D15,7.5,7.6,6.0,,,,,,,,2
37012522,7340120,A00,,,,7.5,,,,8.25,8.2,,1
2020111,7480201,A01,,,8.0,7.25,,,,7.4,,,0
2008203,7340201,D01,6.75,,9.2,7.8,,,,,,,1
61009402,7340115,D01,7.4,,7.4,8.5,,,,,,,1
39002600,7340120,D01,7.8,,7.4,7.0,,,,,,,1
49003043,7540101,A00,,,,6.5,,,,7.25,8.4,,4
48001688,7810202,D01,6.2,,6.4,7.75,,,,,,,2
2067498,7510301,D01,6.5,,7.0,6.6,,,,,,,3
2068558,7540101,D07,,,8.6,8.6,,,,,8.0,,4
49015402,7420201,A00,,,,7.4,,,,6.75,7.75,,4
2071399,7510203,D01,3.5,,6.0,7.2,,,,,,,3
2005865,7480201,D01,7.0,,9.2,6.6,,,,,,,0
39010258,7510203,D01,4.0,,4.8,7.2,,,,,,,3
52011903,7510303,A00,,,,5.5,,,,6.0,7.6,,3
48001851,7480201,D07,,,7.2,7.5,,,,,7.8,,0
8004374,7340122,D01,7.2,,7.6,8.5,,,,,,,1
49010265,7340301,A00,,,,8.4,,,,7.5,8.25,,1
35004583,7540101,B00,,,,7.75,,,,,7.75,6.8,4
2084108,7340101,A01,,,9.2,7.8,,,,7.5,,,1
2009170,7520115,A00,,,,5.5,,,,5.5,6.6,,3
35009482,7540101,B00,,,,7.75,,,,,6.25,6.6,4
2068124,7540101,A01,,,9.2,7.4,,,,7.5,,,4
51014068,7340201,D01,7.4,,7.6,8.5,,,,,,,1
37004039,7340101,A00,,,,8.2,,,,7.75,7.75,,1
37001019,7340115,A00,,,,7.25,,,,9.25,7.4,,1
2036100,7480202,A01,,,8.6,7.5,,,,7.0,,,0
2063824,7380107,D01,7.4,,7.6,7.5,,,,,,,5
2071495,7340115,A01,,,9.2,8.4,,,,7.25,,,1
2021171,7480202,A00,,,,6.6,,,,5.0,6.75,,0
51000084,7480201,D01,6.75,,7.4,8.4,,,,,,,0
60001205,7510203,D01,6.0,,7.8,6.75,,,,,,,3
50002814,7510303,A01,,,6.8,6.5,,,,7.2,,,3
53003789,7480201,D01,9.0,,7.4,7.75,,,,,,,0
54013612,7340120,D01,7.5,,8.6,7.4,,,,,,,1
2012134,7510301,A00,,,,6.0,,,,4.25,7.0,,3
53003109,7810202,A00,,,,7.25,,,,7.0,7.8,,2
53014266,7340301,A00,,,,8.25,,,,8.5,7.6,,1
32001522,7510301,D01,7.5,,3.6,7.4,,,,,,,3
46007894,7810103,D01,8.0,,6.8,7.4,,,,,,,2
57006189,7480201,A00,,,,7.5,,,,8.0,7.8,,0
52011655,7340101,A00,,,,7.75,,,,7.5,6.6,,1
2020773,7510303,D07,,,7.4,7.25,,,,,7.2,,3
2074419,7380107,D01,5.6,,6.4,7.5,,,,,,,5
2035189,7480201,D01,8.8,,7.8,6.75,,,,,,,0
43000625,7480201,D01,7.0,,6.2,8.0,,,,,,,0
44005620,7510203,D01,7.2,,7.4,6.5,,,,,,,3
2089270,7810103,A00,,,,8.2,,,,8.0,8.0,,2
48011576,7340122,D01,7.8,,8.0,8.25,,,,,,,1
44008797,7540101,B00,,,,9.0,,,,,8.0,6.75,4
46009024,7340301,D01,8.5,,6.4,8.4,,,,,,,1
56000542,7480202,D01,5.0,,4.4,8.2,,,,,,,0
45002351,7510203,D01,3.4,,7.2,6.0,,,,,,,3
44011172,7340301,A00,,,,8.4,,,,7.0,7.5,,1
38001298,7340120,D01,7.0,,7.2,8.25,,,,,,,1
2075163,7510301,D01,3.6,,6.2,7.25,,,,,,,3
56004259,7510303,A00,,,,7.4,,,,6.5,4.0,,3
2062473,7540101,D07,,,7.6,6.75,,,,,7.6,,4
2047770,7420201,B00,,,,8.4,,,,,7.5,7.25,4
2022958,7520115,D01,6.25,,8.0,6.0,,,,,,,3
37013536,7340115,D01,7.4,,7.8,7.5,,,,,,,1
2040169,7480201,A00,,,,7.8,,,,6.75,8.0,,0
2039459,7340201,A00,,,,7.75,,,,7.5,7.2,,1
45000354,7340301,A00,,,,7.75,,,,7.0,7.8,,1
51009650,7540101,B00,,,,8.2,,,,,7.0,8.5,4
37009644,7340120,D01,7.0,,8.0,8.0,,,,,,,1
52002167,7510301,A01,,,8.0,8.0,,,,6.8,,,3
48010092,7420201,A00,,,,6.25,,,,7.5,7.2,,4
2043702,7340201,A00,,,,7.25,,,,8.25,7.6,,1
48008046,7540101,D07,,,7.4,8.75,,,,,7.8,,4
2043700,7340101,A01,,,7.8,7.75,,,,8.0,,,1
56007118,7340122,D01,7.0,,7.8,7.0,,,,,,,1
53002363,7510303,A00,,,,6.5,,,,7.25,7.4,,3
46001399,7540101,A00,,,,7.5,,,,7.25,7.8,,4
37004619,7480202,A00,,,,6.75,,,,8.0,7.2,,0
60004761,7540101,D07,,,8.0,8.2,,,,,7.25,,4
61003641,7480202,A01,,,7.6,7.25,,,,7.6,,,0
41010759,7340301,A00,,,,8.0,,,,7.75,8.2,,1
41001027,7480202,D01,7.8,,6.0,8.0,,,,,,,0
47012658,7220201,D09,,,7.8,7.75,,,8.0,,,,6
63005746,7480201,A00,,,,8.6,,,,7.25,7.5,,0
44000529,7220201,D01,7.75,,9.2,6.8,,,,,,,6
46007326,7340120,A00,,,,9.0,,,,6.25,8.0,,1
56006919,7340120,A00,,,,7.6,,,,8.0,7.5,,1
49007084,7510401,D07,,,5.6,7.4,,,,,8.0,,3
50013551,7510401,A00,,,,7.75,,,,6.0,6.6,,3
2024709,7340201,A00,,,,6.5,,,,6.75,8.4,,1
40008027,7480201,A01,,,7.6,8.5,,,,8.6,,,0
48032335,7220201,D01,8.4,,6.8,8.0,,,,,,,6
43005858,7220204,D01,6.5,,8.8,7.0,,,,,,,6
46007761,7540204,A00,,,,6.25,,,,7.25,7.4,,3
40007192,7340201,D01,4.8,,7.8,7.5,,,,,,,1
2039234,7220204,D01,8.2,,8.0,7.25,,,,,,,6
2039920,7819010,A00,,,,7.25,,,,6.0,8.4,,2
53014379,7480201,A00,,,,7.0,,,,8.25,8.4,,0
63003621,7340101,D01,6.6,,7.0,8.0,,,,,,,1
2001961,7810202,D01,5.8,,6.2,7.0,,,,,,,2
2064069,7480201,A01,,,8.4,7.75,,,,7.4,,,0
47000848,7340301,A00,,,,7.75,,,,8.25,7.4,,1
2035756,7340122,A00,,,,7.5,,,,6.75,8.2,,1
28003965,7510303,D01,7.0,,6.8,7.25,,,,,,,3
49005668,7810202,D01,7.75,,7.0,7.6,,,,,,,2
37012242,7510203,A00,,,,7.4,,,,7.0,6.25,,3
40013682,7480201,D01,6.8,,7.6,7.25,,,,,,,0
39010610,7540101,D07,,,8.0,8.6,,,,,8.0,,4
2064274,7340101,D01,7.6,,7.8,7.25,,,,,,,1
2007116,7380107,A00,,,,8.2,,,,6.5,7.5,,5
37012396,7510303,D01,7.25,,4.6,6.0,,,,,,,3
44011177,7340101,A00,,,,8.6,,,,6.75,8.0,,1
2068361,7850101,A00,,,,5.25,,,,5.75,6.0,,4
43007820,7380107,A01,,,7.0,6.5,,,,5.6,,,5
40016370,7480201,D07,,,7.8,6.5,,,,,8.6,,0
57004594,7810103,D15,6.5,5.0,6.75,,,,,,,,2
2079619,7340201,A00,,,,7.25,,,,7.75,8.0,,1
46007764,7810201,A00,,,,7.25,,,,7.25,8.0,,2
59005760,7810103,D01,5.4,,6.2,6.75,,,,,,,2
2068763,7540101,A01,,,7.4,7.5,,,,7.8,,,4
32006806,7340115,D01,6.4,,8.0,8.25,,,,,,,1
30006846,7510401,A00,,,,7.4,,,,7.0,8.75,,3
54011585,7480201,A01,,,7.8,8.25,,,,9.0,,,0
2067507,7480202,A00,,,,7.6,,,,7.0,6.75,,0
53003305,7540101,B00,,,,7.0,,,,,7.25,7.8,4
2029173,7340129,D01,6.8,,6.2,7.25,,,,,,,4
35009242,7540101,A00,,,,7.5,,,,8.5,7.6,,4
39006541,7340115,A00,,,,7.75,,,,7.75,8.2,,1
2032864,7510301,D01,5.0,,7.2,6.5,,,,,,,3
35008462,7480201,A00,,,,7.8,,,,8.0,7.75,,0
52008727,7510303,D01,5.4,,8.4,7.5,,,,,,,3
2070360,7520115,D07,,,6.8,7.25,,,,,5.8,,3
49001640,7340120,D01,6.4,,7.0,7.75,,,,,,,1
2037690,7510202,D01,4.8,,6.6,6.5,,,,,,,3
31007857,7380107,D15,7.75,4.0,8.5,,,,,,,,5
2079837,7340201,D01,6.5,,8.6,7.6,,,,,,,1
43009745,7340120,D01,7.0,,6.6,7.75,,,,,,,1
40011705,7340101,D01,8.2,,7.6,7.5,,,,,,,1
26001315,7510301,A00,,,,7.4,,,,5.75,6.75,,3
48031636,7480201,D01,8.0,,7.0,7.25,,,,,,,0
56000298,7810103,D15,7.75,8.4,6.5,,,,,,,,2
37004034,7220204,D01,6.8,,6.6,7.25,,,,,,,6
35010133,7340115,D01,6.4,,8.2,8.0,,,,,,,1
2007329,7340120,A00,,,,7.5,,,,7.5,7.4,,1
49009238,7510203,D01,3.8,,7.0,5.0,,,,,,,3
2045076,7540101,A01,,,6.6,7.5,,,,8.2,,,4
38010897,7340115,A00,,,,8.4,,,,6.75,8.5,,1
28026115,7480201,A00,,,,8.2,,,,7.0,8.0,,0
46001585,7340115,D01,8.5,,8.0,7.6,,,,,,,1
57003231,7340120,A00,,,,7.0,,,,7.25,7.0,,1
49008349,7540105,B00,,,,6.0,,,,,5.25,5.0,4
2078674,7480202,D01,7.0,,7.2,6.0,,,,,,,0
35009052,7340115,D01,6.8,,7.2,9.25,,,,,,,1
49010629,7510401,A00,,,,6.8,,,,6.0,7.75,,3
36000794,7340101,D01,6.4,,7.6,8.25,,,,,,,1
2080030,7510401,A00,,,,8.0,,,,7.5,8.4,,3
2077191,7540204,D01,5.8,,8.0,6.5,,,,,,,3
2052874,7380107,A01,,,7.2,7.0,,,,7.4,,,5
48027529,7480201,A00,,,,6.25,,,,7.25,8.4,,0
2028797,7380107,A00,,,,7.25,,,,5.5,6.4,,5
52012486,7480201,A00,,,,8.4,,,,6.75,8.25,,0
57004024,7340101,A01,,,8.6,8.2,,,,8.25,,,1
35006624,7810202,D01,6.4,,6.0,9.0,,,,,,,2
38001887,7810202,D01,8.0,,7.0,6.8,,,,,,,2
63003467,7340115,A01,,,7.6,6.75,,,,8.4,,,1
37005414,7510202,A00,,,,8.0,,,,7.5,6.0,,3
2019971,7420201,B00,,,,6.5,,,,,6.25,8.6,4
25019862,7810103,D01,6.4,,7.4,7.75,,,,,,,2
52001671,7480202,A01,,,8.0,7.0,,,,7.2,,,0
2014790,7540101,D07,,,7.6,9.25,,,,,7.8,,4
53006453,7340201,D01,7.5,,7.4,7.4,,,,,,,1
40006367,7480201,D07,,,7.4,7.25,,,,,6.0,,0
38001929,7340129,A00,,,,7.0,,,,6.5,7.6,,4
61000707,7340101,A00,,,,7.5,,,,7.25,8.6,,1
51013801,7480201,A00,,,,7.2,,,,8.0,8.0,,0
2008998,7480201,A01,,,9.0,8.2,,,,6.0,,,0
54002965,7340101,A01,,,8.4,8.2,,,,7.0,,,1
2045460,7480202,D01,6.4,,6.6,7.5,,,,,,,0
48000620,7340201,A00,,,,7.5,,,,7.75,7.4,,1
42012347,7480201,D01,7.0,,7.6,6.5,,,,,,,0
2047462,7340201,A01,,,8.8,8.0,,,,6.25,,,1
2073278,7220201,D01,6.75,,8.4,8.8,,,,,,,6
46001775,7480201,D01,7.4,,6.8,7.75,,,,,,,0
52003120,7510303,D01,6.6,,8.2,7.0,,,,,,,3
2017315,7340201,A01,,,7.2,7.75,,,,9.0,,,1
2027485,7480202,D01,7.6,,7.8,7.25,,,,,,,0
53001880,7480202,D01,8.25,,6.6,6.4,,,,,,,0
2061218,7380107,D01,6.0,,5.8,7.5,,,,,,,5
39005503,7340115,A01,,,7.6,7.75,,,,7.6,,,1
37008407,7540101,D07,,,8.2,8.0,,,,,8.0,,4
35012248,7340101,A00,,,,7.6,,,,8.0,8.0,,1
2027082,7340301,A00,,,,8.6,,,,7.25,7.5,,1
49010333,7340201,A00,,,,6.0,,,,7.5,7.4,,1
38002103,7380107,A00,,,,7.6,,,,7.0,7.25,,5
2062973,7420201,B00,,,,4.8,,,,,6.25,5.5,4
2002396,7340101,A00,,,,8.25,,,,7.75,7.0,,1
2023590,7220201,D01,8.2,,7.2,7.5,,,,,,,6
46007260,7220204,D01,8.5,,7.0,8.0,,,,,,,6
2083548,7340101,A01,,,7.8,8.25,,,,7.8,,,1
43004279,7340101,A00,,,,7.0,,,,7.5,7.2,,1
2017884,7220201,D09,,,6.8,7.5,,,7.8,,,,6
35008446,7510303,A00,,,,7.25,,,,6.5,7.8,,3
53000329,7340101,A00,,,,6.25,,,,7.5,7.2,,1
2018604,7810202,D01,6.5,,8.6,8.6,,,,,,,2
48010861,7510401,D07,,,7.4,6.75,,,,,7.2,,3
52001163,7810201,D01,7.25,,8.6,7.4,,,,,,,2
56008003,7480201,A01,,,7.8,8.4,,,,7.5,,,0
39004823,7340115,A00,,,,8.0,,,,8.0,7.4,,1
48023369,7480201,A00,,,,7.0,,,,7.5,7.4,,0
50009094,7220201,D01,7.0,,7.0,9.0,,,,,,,6
56009086,7540204,A00,,,,6.6,,,,7.0,7.75,,3
60003754,7340115,A00,,,,7.75,,,,8.25,7.8,,1
2006671,7380107,A00,,,,7.8,,,,6.25,8.25,,5
53008943,7510401,B00,,,,7.4,,,,,7.5,6.75,3
2046790,7340101,A00,,,,7.25,,,,8.25,8.2,,1
2044528,7480201,A01,,,8.2,7.6,,,,7.25,,,0
2044746,7340301,D01,7.6,,7.4,8.0,,,,,,,1
2018552,7819009,D07,,,6.4,6.5,,,,,6.0,,2
2065339,7480201,D07,,,7.4,9.0,,,,,7.8,,0
2065815,7480202,D01,5.75,,8.0,6.6,,,,,,,0
52007136,7480201,A00,,,,7.8,,,,6.75,7.75,,0
2016817,7340101,D01,7.2,,7.2,7.75,,,,,,,1
61002615,7510401,A00,,,,5.25,,,,5.75,6.8,,3
2062143,7819010,B00,,,,6.0,,,,,6.5,6.8,2
41012471,7340123,D01,5.2,,7.8,7.25,,,,,,,1
53014660,7220204,D01,7.75,,8.0,7.6,,,,,,,6
2006737,7480201,D07,,,7.2,7.25,,,,,8.0,,0
55006495,7510401,A00,,,,6.75,,,,7.75,8.4,,3
40005389,7340120,A00,,,,7.25,,,,8.5,6.8,,1
44009107,7380107,A00,,,,6.25,,,,7.5,7.2,,5
51015420,7480202,A00,,,,7.5,,,,7.5,7.6,,0
41008486,7340201,A01,,,8.6,8.0,,,,7.75,,,1
53011019,7480201,D01,7.75,,7.0,7.4,,,,,,,0
29017565,7340115,D01,7.25,,8.4,7.6,,,,,,,1
37007208,7510303,D01,5.25,,5.6,7.0,,,,,,,3
33005462,7340301,D01,7.5,,6.6,8.0,,,,,,,1
51004302,7340120,A00,,,,7.5,,,,8.25,7.6,,1
37000827,7480201,A00,,,,8.2,,,,7.25,8.25,,0
2040458,7340301,D01,8.0,,7.6,7.6,,,,,,,1
37017827,7810103,D15,6.75,5.8,8.0,,,,,,,,2
2009133,7340201,D01,8.4,,8.6,8.0,,,,,,,1
61004529,7340101,D01,7.4,,7.8,7.5,,,,,,,1
48007096,7340122,D01,6.6,,7.0,8.5,,,,,,,1
47005155,7510401,A00,,,,7.25,,,,7.5,7.4,,3
44010553,7819009,B00,,,,6.25,,,,,6.25,6.6,2
47005042,7340201,A00,,,,7.25,,,,8.0,7.6,,1
44012773,7480201,D01,7.0,,8.2,7.2,,,,,,,0
2056603,7420201,B00,,,,6.75,,,,,7.5,7.4,4
37002401,7810201,D01,7.2,,6.4,7.25,,,,,,,2
35011434,7380107,D01,9.0,,5.8,7.2,,,,,,,5
41004055,7340101,A00,,,,8.6,,,,7.5,7.25,,1
56010639,7340205,A00,,,,4.0,,,,7.75,6.8,,1
2002397,7340129,A00,,,,7.25,,,,7.25,6.4,,4
2038987,7380107,D01,6.5,,7.8,7.8,,,,,,,5
35007622,7540204,D01,7.75,,4.0,7.4,,,,,,,3
2038690,7340115,D01,7.75,,9.0,7.4,,,,,,,1
2014768,7480201,A00,,,,7.0,,,,8.0,8.0,,0
42003704,7340122,D01,5.8,,8.2,8.5,,,,,,,1
2034892,7340115,A00,,,,7.25,,,,7.75,8.6,,1
55003983,7480201,D01,8.0,,7.4,8.0,,,,,,,0
2045414,7510301,A00,,,,7.4,,,,5.75,6.25,,3
41001258,7340120,A00,,,,8.25,,,,7.25,8.2,,1
2020042,7810201,D01,8.0,,6.4,6.5,,,,,,,2
2072790,7340201,D01,7.0,,9.2,7.6,,,,,,,1
2063876,7220204,A01,,,7.2,7.5,,,,6.6,,,6
2035565,7480202,A00,,,,6.25,,,,6.25,7.2,,0
2045365,7340101,A00,,,,7.5,,,,8.5,6.0,,1
2041025,7480201,D01,7.0,,7.2,8.6,,,,,,,0
2064719,7510203,A01,,,7.4,7.25,,,,8.2,,,3
40000522,7340115,A00,,,,7.5,,,,8.25,7.6,,1
43005142,7340201,A00,,,,7.0,,,,8.75,7.8,,1
39010240,7340301,D01,6.75,,8.6,7.8,,,,,,,1
48014344,7340205,D01,4.8,,6.8,6.5,,,,,,,1
2023900,7540101,A00,,,,8.0,,,,6.75,7.4,,4
41009233,7510303,D01,6.4,,7.2,6.5,,,,,,,3
46002428,7340201,D01,8.5,,7.2,7.4,,,,,,,1
2053473,7810201,D01,7.25,,8.4,7.8,,,,,,,2
40014544,7380107,A01,,,7.6,8.25,,,,6.6,,,5
37008326,7460108,D07,,,7.6,8.0,,,,,6.0,,0
52008377,7510301,A00,,,,5.75,,,,7.25,7.6,,3
2048269,7480201,D01,9.0,,7.8,8.0,,,,,,,0
2042371,7380107,D15,7.5,4.4,7.5,,,,,,,,5
2063863,7510203,A01,,,8.8,5.25,,,,7.6,,,3
46009371,7380107,A01,,,8.4,7.4,,,,7.75,,,5
2017429,7810201,A00,,,,6.0,,,,7.5,7.4,,2
48004434,7340115,A00,,,,7.75,,,,8.0,7.4,,1
43001542,7340101,A00,,,,7.5,,,,6.75,8.0,,1
2033053,7810202,D01,7.25,,7.2,8.8,,,,,,,2
40012448,7510203,D01,5.2,,5.8,6.25,,,,,,,3
2088059,7480202,A01,,,7.2,7.2,,,,6.5,,,0
37012349,7340115,D01,7.2,,7.6,8.0,,,,,,,1
53003900,7810201,D01,6.8,,7.2,8.25,,,,,,,2
48003736,7510202,D01,5.0,,5.8,6.5,,,,,,,3
55011354,7510202,D01,6.6,,7.0,6.5,,,,,,,3
2054808,7340201,A00,,,,7.0,,,,6.75,8.2,,1
60000847,7340101,D01,7.0,,7.0,8.25,,,,,,,1
48025962,7540101,A00,,,,6.75,,,,8.25,7.6,,4
35010883,7220201,D01,8.75,,9.2,7.2,,,,,,,6
2073600,7340123,D01,7.8,,7.0,7.0,,,,,,,1
37014955,7380107,D01,7.5,,6.6,8.0,,,,,,,5
49006999,7540101,A00,,,,9.0,,,,8.25,7.75,,4
2012054,7480201,D07,,,7.4,7.75,,,,,9.0,,0
40004229,7810201,D01,8.0,,6.6,7.2,,,,,,,2
44009505,7850101,A00,,,,8.0,,,,7.5,7.75,,4
44012034,7540101,A00,,,,8.75,,,,8.0,7.0,,4
38008991,7810201,D15,6.75,4.4,7.0,,,,,,,,2
2043346,7850101,B00,,,,6.4,,,,,6.5,5.0,4
46005191,7340129,D01,5.2,,6.4,6.5,,,,,,,4
2083819,7810201,A00,,,,7.6,,,,7.0,7.75,,2
2064264,7340101,A01,,,8.4,8.8,,,,6.75,,,1
2039288,7480201,D01,7.6,,7.4,6.5,,,,,,,0
46008760,7340101,A00,,,,7.0,,,,8.0,7.4,,1
47007238,7380107,A00,,,,7.75,,,,8.0,7.2,,5
35012177,7220201,D01,8.5,,7.6,7.6,,,,,,,6
40000545,7520115,A00,,,,6.0,,,,5.0,6.2,,3
2040471,7340301,A00,,,,7.0,,,,8.25,8.0,,1
35009444,7510202,A00,,,,4.75,,,,4.75,7.6,,3
2003777,7340101,A00,,,,7.75,,,,7.75,8.0,,1
38010416,7480201,A00,,,,6.0,,,,6.75,8.2,,0
47000039,7340120,D01,7.4,,7.6,8.25,,,,,,,1
53003288,7540204,A01,,,5.8,7.8,,,,6.5,,,3
50004368,7480201,D01,9.4,,8.0,6.75,,,,,,,0
40018820,7340115,A00,,,,8.4,,,,7.25,8.0,,1
49001223,7510401,A00,,,,6.0,,,,7.75,7.4,,3
2042824,7340301,A00,,,,6.75,,,,8.75,7.2,,1
49012989,7510401,A00,,,,5.0,,,,6.5,5.6,,3
55003067,7819010,B00,,,,6.25,,,,,5.75,7.0,2
2020673,7340115,A00,,,,8.25,,,,8.25,7.0,,1
35006295,7510303,D01,5.0,,8.0,7.75,,,,,,,3
16004627,7220204,D09,,,6.8,9.0,,,5.4,,,,6
2036821,7340115,D01,7.8,,6.8,7.75,,,,,,,1
54005076,7380107,D01,7.75,,6.8,6.6,,,,,,,5
52008388,7340129,D01,4.8,,6.2,7.25,,,,,,,4
2040373,7340201,A01,,,8.4,7.8,,,,8.0,,,1
45003598,7340101,A01,,,9.0,8.0,,,,8.25,,,1
34009801,7380107,D15,7.0,7.8,7.0,,,,,,,,5
44010948,7340201,A00,,,,7.8,,,,7.5,8.0,,1
37014563,7510303,D01,6.25,,4.6,6.4,,,,,,,3
61004581,7480202,D01,6.0,,6.4,7.8,,,,,,,0
53011726,7220204,D01,9.0,,7.2,6.6,,,,,,,6
2039096,7540106,D07,,,7.0,7.6,,,,,7.5,,4
2035911,7819010,A00,,,,6.5,,,,7.5,8.2,,2
2028662,7510301,A01,,,7.6,8.0,,,,6.5,,,3
35005729,7340201,D01,8.5,,6.2,7.4,,,,,,,1
2034526,7540101,A00,,,,7.25,,,,8.0,7.2,,4
2043799,7540101,A00,,,,7.5,,,,8.0,8.0,,4
50005258,7540106,D07,,,7.4,6.5,,,,,7.0,,4
44000407,7510203,A00,,,,6.5,,,,7.5,6.6,,3
51014672,7340129,A00,,,,8.0,,,,7.75,7.6,,4
37012949,7810202,D01,6.25,,8.0,7.6,,,,,,,2
37005240,7220204,D01,7.75,,8.2,6.8,,,,,,,6
2026437,7810202,A00,,,,7.25,,,,7.75,7.8,,2
38005904,7810202,A00,,,,6.5,,,,7.5,8.0,,2
47003557,7510303,D01,6.75,,5.6,7.6,,,,,,,3
35002103,7340201,D01,8.5,,7.2,7.2,,,,,,,1
2064118,7340201,D01,7.5,,7.8,7.6,,,,,,,1
57008810,7540106,D07,,,6.0,7.8,,,,,7.25,,4
44006258,7340120,A01,,,8.2,8.5,,,,7.0,,,1
37010300,7460108,D01,6.4,,7.6,8.75,,,,,,,0
47000338,7340201,D01,7.75,,8.0,7.8,,,,,,,1
58003197,7340101,A00,,,,9.0,,,,6.75,8.25,,1
2030274,7340201,D01,8.0,,7.6,5.75,,,,,,,1
49011338,7340101,A00,,,,7.75,,,,7.5,7.0,,1
2030976,7510203,D07,,,7.0,7.5,,,,,6.4,,3
46000744,7810201,A01,,,7.8,6.75,,,,8.6,,,2
41009696,7340120,D01,7.4,,8.2,7.75,,,,,,,1
29013406,7480201,A01,,,6.8,7.6,,,,7.75,,,0
40010602,7540204,D01,4.8,,6.2,4.5,,,,,,,3
2007777,7510401,A00,,,,7.75,,,,7.5,8.2,,3
2017954,7520115,D01,5.4,,6.2,7.0,,,,,,,3
35009183,7340115,D01,7.8,,7.8,8.0,,,,,,,1
48011184,7340115,A00,,,,8.0,,,,8.0,7.4,,1
2036249,7340122,A00,,,,8.0,,,,7.75,7.4,,1
2035975,7340301,D01,6.6,,8.2,7.0,,,,,,,1
56009619,7340101,D01,8.75,,7.6,7.6,,,,,,,1
51016517,7540101,A00,,,,6.5,,,,7.25,7.4,,4
43006912,7540101,B00,,,,7.0,,,,,9.25,8.0,4
2079929,7220201,D09,,,5.6,8.25,,,7.8,,,,6
50005657,7480201,D07,,,7.0,7.75,,,,,6.6,,0
46003843,7340120,A00,,,,6.5,,,,7.75,7.6,,1
38001774,7540101,B00,,,,8.25,,,,,7.0,8.0,4
2019172,7810202,D01,7.25,,8.6,7.8,,,,,,,2
47000427,7480201,A00,,,,7.8,,,,7.0,7.5,,0
53015213,7540204,D01,7.5,,4.6,7.2,,,,,,,3
56005397,7340101,D01,8.25,,8.6,6.6,,,,,,,1
48001208,7340201,A01,,,8.0,6.5,,,,8.2,,,1
63002560,7340120,A00,,,,8.25,,,,7.25,7.8,,1
48001149,7340201,A00,,,,7.5,,,,7.75,7.8,,1
52008285,7340201,D01,7.75,,7.4,7.6,,,,,,,1
46003083,7380107,A00,,,,5.75,,,,6.0,7.2,,5
37008262,7340129,D01,6.5,,7.2,6.4,,,,,,,4
2034564,7480201,A01,,,8.2,7.25,,,,7.6,,,0
2012734,7480202,A00,,,,6.5,,,,7.0,7.0,,0
51004831,7460108,A00,,,,6.75,,,,6.75,6.2,,0
44008897,7510303,D07,,,8.0,7.5,,,,,8.0,,3
51002478,7420201,B00,,,,5.5,,,,,7.5,7.4,4
64006243,7340120,D01,7.2,,8.0,7.5,,,,,,,1
51015396,7340120,D01,8.25,,9.0,8.2,,,,,,,1
2003681,7340120,A00,,,,9.0,,,,8.75,7.6,,1
2043867,7480202,D01,6.2,,7.8,6.0,,,,,,,0
47009066,7480201,A00,,,,7.5,,,,6.5,8.2,,0
48030006,7510301,D01,6.5,,5.4,7.2,,,,,,,3
2007709,7340301,D01,8.4,,7.8,7.5,,,,,,,1
37006441,7480201,D07,,,7.2,8.0,,,,,5.6,,0
52004185,7340120,A01,,,6.6,6.25,,,,9.2,,,1
52005795,7340122,A00,,,,7.0,,,,7.75,7.2,,1
37000581,7340115,A00,,,,8.25,,,,8.25,7.6,,1
39010471,7480202,D01,7.4,,7.8,8.0,,,,,,,0
54009750,7810103,D15,5.5,5.4,7.0,,,,,,,,2
47008504,7819009,B00,,,,7.25,,,,,7.75,6.2,2
37005864,7480202,D01,5.5,,7.4,7.0,,,,,,,0
2026246,7340129,D01,6.0,,6.8,6.75,,,,,,,4
2041473,7340123,A01,,,7.8,7.5,,,,6.6,,,1
40001664,7340301,A00,,,,7.0,,,,7.5,8.0,,1
52009911,7220201,D01,7.4,,6.4,6.75,,,,,,,6
2028840,7340201,A01,,,7.6,8.6,,,,7.0,,,1
30009488,7340120,A00,,,,7.75,,,,8.0,7.6,,1
25013292,7810202,D15,7.0,6.8,7.25,,,,,,,,2
48032778,7480202,D07,,,5.6,6.5,,,,,5.6,,0
42013519,7340101,A00,,,,8.4,,,,8.0,7.0,,1
49010036,7510203,D07,,,6.2,7.2,,,,,7.0,,3
2022094,7540101,A00,,,,8.0,,,,7.75,8.5,,4
53015629,7540106,D07,,,6.8,7.0,,,,,7.75,,4
50011127,7540204,D01,7.5,,5.6,5.2,,,,,,,3
53003563,7340101,A00,,,,7.4,,,,8.25,8.0,,1
2078415,7340101,A01,,,8.0,7.75,,,,7.0,,,1
28030369,7380107,D15,7.0,6.2,8.5,,,,,,,,5
2022778,7340129,D01,8.0,,7.4,7.25,,,,,,,4
42007881,7340115,A00,,,,8.2,,,,8.0,7.75,,1
55002757,7340122,A00,,,,7.25,,,,7.75,7.4,,1
61001543,7340129,A00,,,,6.0,,,,8.5,7.6,,4
2007703,7510401,A00,,,,7.5,,,,7.25,7.0,,3
53006672,7510303,A00,,,,6.25,,,,7.5,8.2,,3
2080335,7510203,D01,4.2,,7.2,7.0,,,,,,,3
51007316,7480201,A00,,,,7.75,,,,7.5,8.0,,0
51003540,7340120,D01,8.5,,7.2,8.0,,,,,,,1
52004909,7340122,A00,,,,7.5,,,,8.25,6.6,,1
2036385,7340115,D01,7.6,,8.2,8.0,,,,,,,1
37011466,7420201,B00,,,,8.5,,,,,7.5,7.4,4
53008960,7340201,D01,7.75,,7.4,8.0,,,,,,,1
2079959,7340115,A00,,,,7.0,,,,8.5,7.4,,1
46006694,7340115,A01,,,7.8,8.25,,,,8.0,,,1
2021937,7340205,A00,,,,8.0,,,,7.75,9.0,,1
2005910,7480201,A00,,,,7.5,,,,7.5,7.4,,0
48017082,7340201,A01,,,9.0,7.8,,,,6.75,,,1
2084194,7340101,A00,,,,8.25,,,,8.25,8.8,,1
2072527,7480201,A00,,,,6.25,,,,8.25,7.2,,0
35006781,7340301,D01,8.0,,6.8,7.8,,,,,,,1
41008016,7380107,D01,6.4,,6.2,8.25,,,,,,,5
37005012,7520115,D01,4.0,,6.8,6.75,,,,,,,3
60000104,7340115,D01,7.2,,7.8,8.25,,,,,,,1
2040039,7340101,A00,,,,6.75,,,,7.75,8.2,,1
47010641,7510301,D01,7.5,,7.0,7.6,,,,,,,3
37006132,7340201,D01,7.5,,7.6,7.8,,,,,,,1
2034369,7340115,A00,,,,8.5,,,,7.0,7.2,,1
37015209,7340123,D01,4.8,,8.0,7.75,,,,,,,1
37010894,7340101,A01,,,7.4,7.25,,,,6.8,,,1
49010721,7480201,A00,,,,7.25,,,,8.0,8.0,,0
35001757,7380107,D01,8.25,,5.8,7.2,,,,,,,5
2035309,7510202,D01,6.25,,5.8,5.4,,,,,,,3
52009781,7220204,A01,,,8.0,7.75,,,,6.2,,,6
41014386,7480201,A01,,,6.6,7.6,,,,7.75,,,0
2009109,7480201,D01,7.0,,8.4,8.2,,,,,,,0
56011023,7420201,A01,,,8.0,6.75,,,,7.8,,,4
2048812,7480201,D01,6.75,,9.0,7.0,,,,,,,0
46001470,7810103,D01,7.4,,7.0,7.5,,,,,,,2
2051323,7480201,D01,6.6,,7.4,7.5,,,,,,,0
39002004,7340101,A00,,,,7.5,,,,7.25,8.4,,1
53003154,7510203,D01,7.5,,5.2,5.6,,,,,,,3
49000029,7540106,A00,,,,7.4,,,,7.5,6.0,,4
53014513,7540106,A00,,,,7.0,,,,7.0,6.6,,4
46006225,7220201,D01,9.0,,7.0,7.5,,,,,,,6
48005771,7540106,A00,,,,7.0,,,,7.25,8.0,,4
43006707,7340101,A00,,,,6.75,,,,7.25,6.6,,1
17005627,7510202,D01,7.2,,4.4,6.5,,,,,,,3
2045779,7340301,D01,7.0,,8.8,7.8,,,,,,,1
2021816,7480202,A01,,,6.2,8.0,,,,7.25,,,0
39005788,7810201,D01,7.5,,8.0,6.6,,,,,,,2
37013014,7480201,D01,6.0,,7.0,7.5,,,,,,,0
40008941,7810103,D01,5.8,,5.8,7.75,,,,,,,2
39005565,7340201,A00,,,,8.2,,,,7.75,7.75,,1
2066510,7220201,A01,,,9.0,7.8,,,,6.75,,,6
38014052,7810103,D01,6.2,,7.2,5.25,,,,,,,2
58006706,7340101,D01,7.75,,8.0,7.4,,,,,,,1
51013666,7340201,A00,,,,6.75,,,,7.0,7.2,,1
2088469,7540106,B00,,,,6.8,,,,,6.25,5.5,4
48027918,7540106,D07,,,9.4,8.2,,,,,7.25,,4
37012983,7540101,A00,,,,7.25,,,,6.5,7.6,,4
2032077,7480201,D01,6.6,,7.8,6.5,,,,,,,0
2044183,7480201,D07,,,8.8,8.25,,,,,7.6,,0
2009203,7420201,B00,,,,5.4,,,,,7.25,6.5,4
40010987,7340120,D01,7.5,,8.6,7.8,,,,,,,1
2051325,7810201,A01,,,9.0,6.8,,,,7.25,,,2
52006645,7420201,A00,,,,6.5,,,,7.0,7.2,,4
51012463,7340301,A00,,,,7.5,,,,8.25,6.8,,1
48021275,7340129,A00,,,,7.2,,,,6.5,7.5,,4
35010774,7340122,D01,7.4,,7.0,7.75,,,,,,,1
2010496,7810202,A01,,,8.6,7.2,,,,8.0,,,2
2059968,7340101,A01,,,8.6,8.0,,,,7.25,,,1
53001579,7850101,A00,,,,7.2,,,,4.75,4.75,,4
2042719,7510401,A00,,,,6.0,,,,7.75,7.0,,3
59001368,7810202,D01,8.25,,6.0,7.8,,,,,,,2
61001799,7340205,D07,,,6.8,8.25,,,,,7.0,,1
43000720,7480201,A00,,,,7.5,,,,8.25,7.0,,0
2039121,7340201,A00,,,,7.0,,,,7.75,7.2,,1
48003208,7220201,D01,7.75,,7.4,8.2,,,,,,,6
46003616,7340120,A00,,,,7.5,,,,8.0,8.6,,1
2072007,7480201,A01,,,7.6,6.75,,,,7.2,,,0
60001506,7340129,D01,7.2,,7.2,8.0,,,,,,,4
61005115,7540101,A00,,,,7.5,,,,8.5,7.4,,4
47003306,7340301,D01,7.25,,8.0,8.4,,,,,,,1
56000192,7810103,D01,7.0,,8.6,7.4,,,,,,,2
43007498,7340101,A00,,,,7.75,,,,7.0,7.8,,1
52012718,7340205,D01,6.0,,5.8,6.5,,,,,,,1
44008189,7540101,B00,,,,7.0,,,,,7.5,6.8,4
2010588,7510202,D01,5.6,,6.2,4.75,,,,,,,3
2040111,7510203,D01,6.5,,9.0,6.0,,,,,,,3
56006725,7810103,A00,,,,7.0,,,,8.25,7.75,,2
2039143,7220201,D01,8.8,,7.0,6.25,,,,,,,6
36003878,7380107,A00,,,,6.25,,,,8.0,8.0,,5
2084330,7340301,D01,6.8,,7.4,7.5,,,,,,,1
44004463,7480201,D01,8.4,,7.4,7.5,,,,,,,0
61008891,7540106,A01,,,7.8,8.25,,,,6.4,,,4
2083741,7540101,D07,,,7.2,8.25,,,,,8.6,,4
58003826,7340115,A00,,,,7.0,,,,8.25,8.4,,1
40003564,7340115,A00,,,,7.25,,,,7.0,7.8,,1
2068943,7480201,D01,8.2,,7.2,7.0,,,,,,,0
37009662,7480201,A01,,,8.0,8.0,,,,8.2,,,0
52008418,7340101,D01,6.4,,8.0,6.75,,,,,,,1
47006651,7480201,D01,6.4,,8.2,7.75,,,,,,,0
54011724,7340201,A01,,,8.6,8.0,,,,7.5,,,1
37016102,7540204,D01,5.75,,4.0,6.8,,,,,,,3
32005661,7810103,D01,8.25,,7.6,7.8,,,,,,,2
43002341,7340201,A00,,,,7.75,,,,7.0,7.4,,1
44009194,7480201,D01,7.8,,6.4,7.0,,,,,,,0
40012699,7480201,A01,,,7.0,7.8,,,,8.0,,,0
48031077,7540101,A00,,,,8.25,,,,7.25,8.0,,4
29032431,7540101,B00,,,,7.25,,,,,8.5,7.2,4
53005340,7480201,D01,7.8,,7.6,8.25,,,,,,,0
2026240,7480201,A01,,,8.4,8.0,,,,7.2,,,0
42008203,7810201,A00,,,,7.5,,,,7.0,7.4,,2
30014318,7510303,D07,,,7.0,7.5,,,,,6.0,,3
49006829,7540106,A00,,,,6.75,,,,6.5,7.8,,4
42008279,7340120,D01,7.4,,8.0,7.5,,,,,,,1
41014041,7340301,D01,8.8,,7.0,7.75,,,,,,,1
43001550,7220201,A01,,,9.2,6.8,,,,6.75,,,6
42012236,7380107,D15,8.0,7.6,8.25,,,,,,,,5
2019003,7810202,D01,8.25,,8.0,7.4,,,,,,,2
50010268,7340120,D01,8.0,,7.2,8.0,,,,,,,1
2077924,7480201,A01,,,8.2,7.25,,,,8.6,,,0
51000450,7340201,D01,8.25,,8.6,7.0,,,,,,,1
2018331,7480201,A01,,,7.8,8.0,,,,7.25,,,0
2045225,7340301,A00,,,,7.25,,,,8.25,8.0,,1
2043196,7810201,D01,7.8,,8.0,7.25,,,,,,,2
2010858,7510203,A00,,,,7.0,,,,7.25,5.25,,3
57006361,7810201,D01,6.8,,7.6,7.0,,,,,,,2
48003669,7340201,A00,,,,7.25,,,,7.0,7.0,,1
2043342,7220201,A01,,,8.2,6.25,,,,9.0,,,6
61000598,7340205,A00,,,,5.75,,,,6.25,7.6,,1
2043788,7220201,D01,8.0,,6.8,6.25,,,,,,,6
2001600,7480202,D01,7.75,,7.6,8.0,,,,,,,0
46006044,7480202,D01,4.6,,6.2,6.0,,,,,,,0
38013203,7540101,B00,,,,7.75,,,,,6.75,8.2,4
42000132,7540101,A00,,,,8.4,,,,7.0,8.25,,4
43004676,7510301,D01,4.2,,5.8,6.5,,,,,,,3
2068201,7510301,A00,,,,7.6,,,,6.25,7.75,,3
41014384,7540204,A00,,,,5.0,,,,7.0,7.0,,3
37017364,7810103,D01,7.2,,6.6,9.0,,,,,,,2
49005171,7340301,A00,,,,7.0,,,,7.5,8.6,,1
45001759,7340120,D01,7.6,,6.6,7.75,,,,,,,1
2049924,7340301,A01,,,8.4,7.8,,,,7.75,,,1
2006502,7850101,A00,,,,6.5,,,,7.0,8.0,,4
40016466,7480201,A01,,,8.6,8.2,,,,7.0,,,0
2018100,7480201,D07,,,7.8,6.8,,,,,8.75,,0
39000674,7340101,A01,,,8.6,8.0,,,,6.6,,,1
41003277,7340120,A00,,,,7.5,,,,8.0,8.0,,1
41010042,7510303,A00,,,,6.75,,,,6.5,8.6,,3
42012065,7340120,D01,8.2,,7.0,8.25,,,,,,,1
48000218,7540101,A00,,,,7.75,,,,7.75,8.2,,4
2037113,7480202,D07,,,8.4,8.5,,,,,7.6,,0
37007012,7510203,D01,5.25,,6.0,7.8,,,,,,,3
2033160,7810103,D01,5.0,,6.6,6.5,,,,,,,2
2073457,7510401,D07,,,8.0,7.4,,,,,8.0,,3
52003540,7510203,D01,6.25,,6.4,7.2,,,,,,,3
2065483,7480201,D07,,,7.6,7.75,,,,,7.6,,0
54012655,7340129,D01,6.2,,8.2,8.25,,,,,,,4
2018012,7480201,A01,,,8.0,7.5,,,,8.6,,,0
38003330,7220201,D01,6.6,,6.8,8.75,,,,,,,6
2039057,7510203,D01,7.6,,7.2,6.75,,,,,,,3
2066698,7810201,D01,6.2,,6.8,7.75,,,,,,,2
44009691,7520115,D01,4.0,,6.2,7.0,,,,,,,3
2008538,7510203,A00,,,,6.75,,,,6.5,8.2,,3
61010764,7480201,D01,7.0,,9.0,7.0,,,,,,,0
53000065,7340201,D01,7.6,,5.6,8.5,,,,,,,1
56011961,7510303,D01,5.5,,7.4,5.6,,,,,,,3
35009548,7810201,A00,,,,7.6,,,,6.5,8.25,,2
2060781,7480202,A00,,,,7.75,,,,7.25,8.0,,0
52007749,7220201,D01,8.0,,7.6,7.8,,,,,,,6
55000907,7510401,D07,,,7.4,7.8,,,,,7.75,,3
2062863,7510203,A01,,,7.2,7.75,,,,7.0,,,3
48020795,7819010,B00,,,,8.0,,,,,6.75,7.6,2
38013925,7340115,A00,,,,8.5,,,,8.25,7.4,,1
2018031,7810201,D01,5.6,,7.6,6.25,,,,,,,2
51000008,7510401,A00,,,,7.4,,,,7.5,7.5,,3
2022108,7540101,D07,,,8.0,7.25,,,,,8.8,,4
2034798,7420201,B00,,,,8.0,,,,,7.5,7.4,4
47007121,7540101,A01,,,7.8,8.8,,,,8.5,,,4
47009560,7480201,A00,,,,6.25,,,,7.0,7.8,,0
53010759,7220201,D01,9.0,,7.2,7.6,,,,,,,6
46002595,7340122,A01,,,7.6,8.25,,,,7.4,,,1
48030731,7480202,D01,7.0,,4.8,6.4,,,,,,,0
2067084,7510301,D01,5.5,,6.6,8.0,,,,,,,3
44003831,7480201,A01,,,7.8,7.25,,,,7.2,,,0
59004740,7510303,A00,,,,7.4,,,,7.0,7.5,,3
44009434,7220201,D01,7.75,,9.0,7.2,,,,,,,6
40002834,7340201,D01,7.5,,8.6,7.8,,,,,,,1
35002013,7340201,D01,9.25,,7.6,7.0,,,,,,,1
48021269,7510401,B00,,,,6.0,,,,,8.25,6.25,3
42013077,7340129,D01,7.6,,7.8,6.5,,,,,,,4
2070057,7540106,A00,,,,7.4,,,,7.25,7.0,,4
47008979,7510303,D01,7.0,,5.2,7.4,,,,,,,3
46007334,7340201,D01,7.75,,7.0,7.8,,,,,,,1
44004924,7540101,B00,,,,8.5,,,,,8.0,7.8,4
46003293,7220201,D01,7.25,,8.8,7.6,,,,,,,6
50007825,7510401,A01,,,6.0,5.75,,,,6.4,,,3
48026190,7340122,A00,,,,7.25,,,,7.0,7.4,,1
56007272,7810201,D15,7.25,5.8,7.0,,,,,,,,2
40017552,7810201,D01,7.6,,6.0,6.25,,,,,,,2
47011829,7810201,A00,,,,6.0,,,,6.75,7.4,,2
2016820,7340201,A00,,,,7.0,,,,7.5,7.4,,1
2017509,7340120,A00,,,,7.0,,,,8.0,8.0,,1
44004694,7540101,A00,,,,8.25,,,,7.5,7.8,,4
2040412,7340201,A01,,,8.2,7.6,,,,7.75,,,1
2051128,7340201,A00,,,,6.5,,,,7.0,7.6,,1
58008139,7480201,A00,,,,8.0,,,,7.75,8.0,,0
2043898,7340301,A00,,,,7.0,,,,7.25,7.6,,1
47000211,7480201,D01,8.8,,8.0,8.0,,,,,,,0
2008883,7420201,B00,,,,7.4,,,,,7.25,5.5,4
48029782,7540101,A00,,,,8.6,,,,7.75,8.0,,4
40004146,7340115,D01,7.0,,6.8,8.0,,,,,,,1
43008887,7340115,A00,,,,7.75,,,,8.0,7.6,,1
40006316,7340201,A00,,,,7.8,,,,7.5,7.75,,1
60002068,7510303,A00,,,,7.6,,,,4.5,6.0,,3
2023502,7480201,D01,7.0,,9.2,7.4,,,,,,,0
2054461,7380107,D01,7.75,,8.8,6.6,,,,,,,5
2002394,7510203,D01,4.5,,8.6,4.8,,,,,,,3
48022734,7220201,D01,7.75,,7.8,7.4,,,,,,,6
41011246,7480201,A00,,,,8.25,,,,7.5,7.6,,0
53010332,7480201,A01,,,7.8,8.0,,,,8.5,,,0
43004411,7340120,A01,,,7.8,7.5,,,,7.6,,,1
2064493,7480201,D01,6.5,,9.2,7.0,,,,,,,0
41003369,7810201,D01,6.2,,5.4,8.0,,,,,,,2
2071373,7380107,D01,7.5,,7.8,6.8,,,,,,,5
56012230,7810202,D01,7.75,,9.0,7.0,,,,,,,2
2070108,7340201,D01,7.5,,8.8,7.4,,,,,,,1
50009688,7510401,B00,,,,8.2,,,,,8.0,7.0,3
46001870,7810202,D01,6.6,,7.8,8.0,,,,,,,2
2081912,7510401,A00,,,,6.25,,,,7.75,6.6,,3
49002565,7220201,D01,8.0,,8.6,7.4,,,,,,,6
40009608,7510202,A00,,,,5.0,,,,6.5,6.0,,3
53008398,7810103,A01,,,7.8,7.25,,,,7.8,,,2
50007071,7480202,A01,,,7.4,7.0,,,,8.0,,,0
28033135,7340122,D01,5.0,,8.0,9.0,,,,,,,1
61006652,7510202,D01,5.2,,6.6,7.25,,,,,,,3
48010978,7480201,D01,7.75,,7.2,8.2,,,,,,,0
40019722,7340120,A00,,,,8.0,,,,7.5,7.6,,1
2002343,7810201,D01,7.4,,7.0,7.5,,,,,,,2
47004071,7340120,A00,,,,7.6,,,,8.0,7.25,,1
2034980,7340101,D01,7.6,,6.4,7.5,,,,,,,1
2034915,7540101,A00,,,,7.25,,,,7.5,7.8,,4
2068924,7510401,B00,,,,7.25,,,,,6.0,6.2,3
59005331,7540101,D07,,,6.6,8.6,,,,,8.25,,4
2045993,7510303,D01,7.6,,7.0,7.25,,,,,,,3
44010564,7540106,A01,,,6.6,7.4,,,,6.0,,,4
60000725,7510303,D01,6.5,,4.0,7.4,,,,,,,3
48009908,7220201,D01,7.5,,9.2,7.2,,,,,,,6
2043687,7480201,D07,,,9.0,7.0,,,,,8.25,,0
1048085,7340201,D01,6.6,,6.8,7.75,,,,,,,1
2051888,7540101,D07,,,7.2,7.5,,,,,8.4,,4
37003152,7380107,D01,6.6,,7.0,7.0,,,,,,,5
43006488,7340129,A00,,,,7.5,,,,7.5,5.4,,4
39007364,7480201,A01,,,8.0,7.75,,,,8.4,,,0
40007416,7480202,A01,,,7.4,5.8,,,,6.0,,,0
48019503,7810201,A00,,,,7.25,,,,6.5,7.8,,2
48029941,7340120,A01,,,8.2,8.4,,,,7.25,,,1
2018540,7810201,D15,6.0,4.6,7.5,,,,,,,,2
48008642,7510203,A00,,,,8.6,,,,7.0,8.0,,3
45003342,7220201,A01,,,9.0,8.2,,,,6.25,,,6
2035924,7480202,D01,6.25,,6.4,7.0,,,,,,,0
53007370,7480201,A00,,,,7.0,,,,8.0,8.4,,0
2077247,7510301,A00,,,,7.0,,,,6.25,7.6,,3
56002852,7480202,A00,,,,7.4,,,,6.0,7.0,,0
2062841,7480201,D01,7.5,,8.0,7.0,,,,,,,0
49008523,7510203,D01,5.2,,5.4,5.25,,,,,,,3
48030153,7420201,A00,,,,8.0,,,,6.75,5.0,,4
2023751,7520115,D01,5.8,,7.6,6.25,,,,,,,3
2031794,7480201,D07,,,7.8,7.25,,,,,7.4,,0
2031928,7540101,B00,,,,8.25,,,,,8.0,8.4,4
43000910,7480201,D01,7.6,,6.6,8.25,,,,,,,0
59007285,7810201,A01,,,7.6,7.2,,,,7.25,,,2
2024780,7480201,D01,6.2,,7.4,8.0,,,,,,,0
48027807,7340201,D01,5.8,,7.4,7.5,,,,,,,1
44002795,7810103,D01,5.6,,6.8,7.25,,,,,,,2
37005010,7340101,A00,,,,6.5,,,,7.25,6.8,,1
43007037,7380107,D15,7.0,7.0,6.75,,,,,,,,5
46000957,7380107,A00,,,,7.75,,,,7.25,8.0,,5
43010074,7340120,A00,,,,8.4,,,,7.5,7.25,,1
47009427,7510303,D01,6.5,,3.4,7.2,,,,,,,3
48014501,7540101,A00,,,,6.5,,,,8.25,7.0,,4
40013401,7480201,D01,8.25,,7.2,8.4,,,,,,,0
42011158,7340101,D01,6.75,,9.2,7.6,,,,,,,1
38009390,7510301,D01,5.75,,5.2,6.2,,,,,,,3
2076908,7850101,A00,,,,6.75,,,,8.5,6.6,,4
63004374,7480201,A00,,,,5.75,,,,7.25,7.8,,0
2084532,7340101,A00,,,,7.0,,,,7.25,7.8,,1
48011043,7510203,D01,6.2,,7.0,7.75,,,,,,,3
48008834,7510202,A00,,,,6.8,,,,7.25,6.75,,3
56010603,7510203,D01,6.5,,6.2,7.2,,,,,,,3
56012364,7340301,D01,7.0,,8.0,8.2,,,,,,,1
41007114,7510202,D01,7.4,,5.0,6.75,,,,,,,3
48017296,7510301,D01,6.5,,4.6,6.0,,,,,,,3
2044457,7819010,A00,,,,6.25,,,,5.25,6.4,,2
44006364,7540101,B00,,,,6.5,,,,,8.5,7.8,4
48021260,7340101,D01,6.4,,6.2,8.5,,,,,,,1
40009422,7340122,A00,,,,7.75,,,,7.0,8.4,,1
48025749,7340123,D01,5.0,,4.2,6.5,,,,,,,1
42001407,7340129,A00,,,,7.25,,,,7.5,7.6,,4
39003732,7220201,D09,,,6.8,7.25,,,7.0,,,,6
2008346,7510202,D07,,,7.8,7.4,,,,,6.75,,3
2077963,7810103,D01,5.4,,6.0,7.25,,,,,,,2
56011876,7540101,A01,,,8.6,8.0,,,,7.25,,,4
2044723,7480201,D01,8.4,,7.6,7.25,,,,,,,0
63001699,7340101,A00,,,,7.5,,,,8.0,7.6,,1
32005578,7340120,A00,,,,8.25,,,,7.5,7.4,,1
39003136,7380107,A00,,,,6.5,,,,7.75,8.2,,5
61002136,7510401,B00,,,,7.0,,,,,4.0,6.4,3
46000828,7810201,D01,8.25,,8.4,7.2,,,,,,,2
53014330,7540204,D01,5.2,,6.6,8.25,,,,,,,3
2008888,7420201,A01,,,7.6,7.4,,,,7.25,,,4
2080135,7540101,B00,,,,8.0,,,,,7.25,7.0,4
48015201,7810201,D01,5.2,,7.8,7.75,,,,,,,2
2011945,7510301,A00,,,,6.5,,,,7.5,7.2,,3
48017172,7810103,D01,7.25,,8.4,7.4,,,,,,,2
53006418,7810202,D15,6.5,5.8,8.25,,,,,,,,2
2063969,7520115,D01,4.0,,8.0,6.0,,,,,,,3
2039134,7480201,D07,,,8.4,7.6,,,,,8.25,,0
2045314,7480201,A00,,,,9.4,,,,7.75,7.25,,0
46009211,7380107,D01,7.5,,6.0,8.2,,,,,,,5
38004639,7340101,A00,,,,7.4,,,,8.5,7.5,,1
2057627,7340120,A00,,,,7.25,,,,8.5,8.0,,1
59000450,7540101,A00,,,,7.4,,,,8.25,7.75,,4
2045235,7540101,A00,,,,8.5,,,,8.25,8.0,,4
49014168,7340101,A00,,,,7.75,,,,7.25,7.8,,1
52005068,7340115,A01,,,8.0,7.0,,,,8.4,,,1
53009398,7540101,A00,,,,7.75,,,,8.0,7.6,,4
43006823,7510301,A01,,,6.8,8.0,,,,6.75,,,3
46008077,7480201,D01,7.25,,6.6,8.2,,,,,,,0
35006393,7510303,A00,,,,7.4,,,,7.0,6.75,,3
37008600,7810202,D01,5.8,,7.6,7.5,,,,,,,2
47008635,7340301,A01,,,8.2,7.8,,,,6.0,,,1
48027815,7540101,A00,,,,8.0,,,,7.5,8.2,,4
2084419,7340101,D01,7.4,,7.0,8.0,,,,,,,1
2056613,7480201,A00,,,,8.25,,,,8.0,8.0,,0
35002024,7510303,D01,3.4,,6.4,7.25,,,,,,,3
2014418,7340115,A01,,,8.4,8.4,,,,8.0,,,1
34009241,7340101,A00,,,,6.75,,,,7.25,7.4,,1
2015714,7340201,D01,7.6,,8.0,7.0,,,,,,,1
28030497,7480202,D01,4.2,,6.4,8.25,,,,,,,0
46000784,7520115,A00,,,,6.6,,,,4.25,5.75,,3
2039112,7420201,A00,,,,7.75,,,,6.0,7.8,,4
50008528,7540101,B00,,,,6.75,,,,,8.0,7.0,4
2086356,7480201,A00,,,,8.6,,,,8.0,7.75,,0
2061892,7810202,A00,,,,7.25,,,,6.5,6.6,,2
2022544,7380107,A01,,,8.8,7.6,,,,8.0,,,5
47010990,7480202,D01,6.5,,4.2,6.2,,,,,,,0
48014706,7420201,A01,,,7.8,7.0,,,,8.0,,,4
2045040,7380107,D01,5.4,,7.2,6.5,,,,,,,5
33001613,7340115,A00,,,,8.5,,,,7.5,8.6,,1
38013489,7220201,D01,8.25,,7.8,6.8,,,,,,,6
49008749,7480202,A00,,,,6.0,,,,4.25,5.5,,0
46007810,7220204,D01,5.6,,7.4,7.5,,,,,,,6
53011263,7540204,D01,7.75,,5.2,5.6,,,,,,,3
2061419,7420201,D07,,,6.0,7.25,,,,,8.2,,4
53015708,7810201,D01,7.25,,7.2,7.6,,,,,,,2
2050114,7540101,B00,,,,8.6,,,,,8.0,7.75,4
56002352,7510203,D01,7.0,,3.8,5.0,,,,,,,3
44010918,7340201,A00,,,,8.2,,,,6.75,7.75,,1
2037296,7340129,D01,7.2,,7.0,7.25,,,,,,,4
52006126,7340101,A00,,,,6.25,,,,7.25,7.4,,1
2003709,7340101,D01,7.8,,8.4,7.0,,,,,,,1
2079704,7510406,A00,,,,5.5,,,,6.0,6.0,,4
57004116,7810103,D01,6.6,,6.8,6.5,,,,,,,2
40006567,7220201,D01,8.5,,7.2,7.2,,,,,,,6
50005914,7220204,D09,,,6.8,7.75,,,6.8,,,,6
43002611,7340201,A00,,,,7.25,,,,7.0,7.8,,1
44004982,7340201,A00,,,,8.2,,,,7.0,7.5,,1
2076224,7380107,A00,,,,7.5,,,,7.25,7.2,,5
2055740,7810201,A00,,,,6.0,,,,7.5,6.6,,2
2011640,7340129,D01,7.6,,7.4,7.5,,,,,,,4
48001468,7510203,D01,6.25,,9.0,5.8,,,,,,,3
2049957,7480201,A01,,,8.2,8.2,,,,6.25,,,0
2070566,7340201,A01,,,8.2,6.25,,,,8.2,,,1
56006580,7340301,D01,7.5,,8.6,6.8,,,,,,,1
54007061,7380107,D15,7.75,5.4,6.75,,,,,,,,5
2078155,7480201,D07,,,7.2,7.75,,,,,7.8,,0
39009374,7480201,A01,,,9.0,7.4,,,,6.5,,,0
2068214,7380107,D01,7.75,,7.8,7.8,,,,,,,5
38000720,7380107,D15,7.25,7.2,7.5,,,,,,,,5
46008282,7220201,D01,8.25,,7.2,8.0,,,,,,,6
50002588,7340115,A00,,,,7.5,,,,8.0,7.2,,1
42010480,7480201,D01,6.75,,7.8,8.0,,,,,,,0
50012952,7380107,D01,7.4,,7.6,7.75,,,,,,,5
45002908,7340115,A00,,,,7.75,,,,8.5,8.8,,1
48000787,7510301,D01,6.75,,5.8,6.4,,,,,,,3
2072502,7220204,D01,8.4,,8.2,6.25,,,,,,,6
35009387,7810201,D01,4.2,,6.6,7.75,,,,,,,2
2034879,7340201,A01,,,7.4,6.75,,,,7.0,,,1
37004305,7340120,A00,,,,7.25,,,,7.25,6.8,,1
53012268,7480201,A01,,,7.8,7.25,,,,7.4,,,0
43004207,7340129,A01,,,6.0,8.2,,,,7.0,,,4
51010028,7540101,A01,,,8.4,8.4,,,,8.5,,,4
2012509,7510203,A00,,,,7.0,,,,6.0,6.25,,3
43002601,7340201,A00,,,,6.5,,,,7.5,7.6,,1
48015549,7340301,A00,,,,7.8,,,,7.75,8.5,,1
2038847,7510203,A00,,,,8.6,,,,6.75,6.75,,3
49012550,7540101,A00,,,,6.25,,,,7.75,8.6,,4
2034142,7340115,D01,8.0,,7.2,7.5,,,,,,,1
35000785,7810103,A00,,,,8.2,,,,6.75,8.25,,2
2069291,7340201,D01,7.0,,6.0,7.5,,,,,,,1
42011509,7420201,B00,,,,8.0,,,,,7.75,7.0,4
2065230,7540101,D07,,,9.0,8.4,,,,,8.25,,4
29000455,7420201,B00,,,,7.25,,,,,5.75,8.0,4
46001846,7480202,A01,,,7.8,7.0,,,,7.4,,,0
2034348,7480202,D01,7.0,,4.0,6.0,,,,,,,0
2045402,7340120,A01,,,9.2,8.2,,,,7.75,,,1
49006512,7540106,D07,,,7.8,7.0,,,,,7.5,,4
2067217,7340115,D01,8.2,,7.8,8.0,,,,,,,1
46005457,7480201,A00,,,,6.25,,,,7.0,7.8,,0
2051924,7420201,A00,,,,6.2,,,,6.75,6.75,,4
48031395,7340123,D01,4.4,,5.6,6.5,,,,,,,1
2020694,7220201,D01,8.0,,8.8,7.2,,,,,,,6
2011027,7480202,A01,,,6.6,7.6,,,,6.75,,,0
46006771,7380107,D01,7.5,,6.6,7.6,,,,,,,5
52005701,7340122,A00,,,,7.25,,,,7.5,7.6,,1
2038110,7510401,B00,,,,7.25,,,,,7.0,5.6,3
49009008,7340201,D01,6.4,,8.2,8.25,,,,,,,1
51011576,7510303,A00,,,,7.6,,,,6.25,6.5,,3
2086367,7480202,D01,5.75,,5.2,7.6,,,,,,,0
44013983,7340301,A00,,,,7.75,,,,7.75,7.0,,1
2071944,7340123,D01,6.5,,5.6,7.8,,,,,,,1
49007040,7480202,A00,,,,7.4,,,,6.5,7.5,,0
2021424,7340120,D01,7.75,,8.4,8.4,,,,,,,1
2008294,7810201,D01,5.0,,6.8,7.5,,,,,,,2
47003528,7480201,D07,,,8.0,8.2,,,,,7.75,,0
2044707,7510303,A00,,,,7.0,,,,6.5,6.8,,3
49003833,7540106,B00,,,,7.0,,,,,7.0,7.25,4
51008734,7510401,A00,,,,8.0,,,,6.25,6.5,,3
40016446,7340120,A01,,,9.0,8.2,,,,7.0,,,1
54011622,7480201,A00,,,,7.25,,,,6.75,6.4,,0
2043767,7340201,A00,,,,5.25,,,,7.25,7.8,,1
2044207,7510202,A00,,,,7.0,,,,7.0,5.8,,3
2034258,7480201,A01,,,8.4,6.5,,,,7.2,,,0
50012138,7480201,D01,8.5,,6.4,7.2,,,,,,,0
2016400,7380107,D15,7.25,5.2,7.25,,,,,,,,5
40005962,7340120,D01,8.0,,8.0,7.2,,,,,,,1
44005557,7340120,A00,,,,6.75,,,,7.0,8.0,,1
38006762,7380107,A00,,,,6.75,,,,6.25,6.8,,5
52003528,7340205,D07,,,7.0,6.75,,,,,8.4,,1
48007314,7540101,A00,,,,7.25,,,,7.25,8.0,,4
52003908,7340101,D01,6.8,,7.6,7.5,,,,,,,1
31003056,7810103,D15,7.25,6.2,8.25,,,,,,,,2
41012991,7340120,A00,,,,8.4,,,,7.0,8.5,,1
53001352,7520115,D01,5.8,,6.4,8.25,,,,,,,3
40002950,7540101,A00,,,,7.25,,,,7.5,8.4,,4
50007513,7480201,A00,,,,7.0,,,,7.75,7.6,,0
61001615,7480201,A01,,,8.0,7.0,,,,9.2,,,0
48007807,7540106,B00,,,,6.25,,,,,6.5,7.2,4
56004782,7480202,D01,6.25,,5.6,7.4,,,,,,,0
48028885,7480201,A00,,,,8.25,,,,7.75,8.4,,0
32006508,7220201,D01,7.25,,9.0,7.0,,,,,,,6
53010181,7520115,D01,7.4,,8.2,7.0,,,,,,,3
2036479,7810103,A00,,,,8.0,,,,7.75,7.4,,2
35002042,7480201,D01,5.8,,6.8,7.75,,,,,,,0
52003375,7340201,A00,,,,7.0,,,,7.5,7.2,,1
41012745,7220201,D01,7.0,,6.0,8.0,,,,,,,6
53004672,7480201,A00,,,,7.5,,,,8.0,8.2,,0
2023075,7380107,D01,6.8,,7.6,8.75,,,,,,,5
2008619,7540106,D07,,,8.6,8.0,,,,,7.25,,4
2054762,7340101,A00,,,,7.5,,,,6.25,7.8,,1
47005410,7340201,A01,,,7.4,7.25,,,,7.4,,,1
2047869,7480202,A01,,,7.4,7.2,,,,7.0,,,0
39006035,7510202,A00,,,,7.4,,,,7.0,6.25,,3
40008670,7480201,D01,8.0,,7.2,7.5,,,,,,,0
35009510,7220204,D01,5.2,,6.8,8.5,,,,,,,6
61009007,7540101,B00,,,,8.25,,,,,7.5,8.2,4
2068231,7810202,D15,6.0,6.8,6.25,,,,,,,,2
56009062,7810103,A00,,,,7.25,,,,7.5,7.4,,2
38010812,7340101,A00,,,,8.2,,,,7.75,8.0,,1
46003225,7480201,A01,,,7.2,8.2,,,,7.25,,,0
44008889,7480202,D01,6.6,,6.0,6.5,,,,,,,0
46008863,7340120,D01,8.0,,7.4,7.6,,,,,,,1
53007334,7340101,A00,,,,7.75,,,,8.0,7.8,,1
40018686,7540101,A01,,,8.4,7.5,,,,7.6,,,4
53012967,7810202,D01,8.5,,7.0,7.2,,,,,,,2
50001973,7340201,A00,,,,7.25,,,,7.0,7.6,,1
38001493,7340101,D01,8.5,,7.8,6.8,,,,,,,1
35006699,7540106,A00,,,,6.75,,,,5.75,7.6,,4
2067615,7340129,D01,6.8,,8.0,7.5,,,,,,,4
2040670,7510202,A00,,,,7.4,,,,6.75,7.25,,3
48023158,7510301,D01,5.75,,7.0,7.8,,,,,,,3
2061222,7340301,A00,,,,7.25,,,,6.5,7.0,,1
49003099,7340301,D01,7.5,,8.0,8.4,,,,,,,1
2048697,7510303,D01,7.25,,7.2,5.6,,,,,,,3
49004498,7480201,A00,,,,7.4,,,,7.25,8.25,,0
53009874,7540106,A00,,,,7.0,,,,6.25,7.4,,4
53000257,7340201,D01,7.2,,8.2,8.5,,,,,,,1
2045145,7340120,A01,,,7.2,6.75,,,,8.6,,,1
2037548,7340129,D01,6.6,,7.4,7.5,,,,,,,4
47009590,7540101,A00,,,,7.0,,,,7.75,7.4,,4
56012708,7540204,D01,6.92,,6.4,7.0,,,,,,,3
2064262,7510203,D01,5.8,,6.8,7.0,,,,,,,3
48013765,7540106,B00,,,,8.0,,,,,7.25,7.25,4
50006246,7420201,B00,,,,7.0,,,,,6.5,7.5,4
53012538,7810202,D01,8.0,,7.8,6.6,,,,,,,2
2064254,7340129,A01,,,7.8,7.0,,,,8.2,,,4
35008474,7380107,A00,,,,6.5,,,,8.75,7.6,,5
47004280,7340301,A00,,,,6.8,,,,7.5,8.25,,1
34015670,7340101,A00,,,,6.25,,,,7.5,7.2,,1
41009848,7480201,A00,,,,8.4,,,,7.5,7.75,,0
46003701,7810103,A00,,,,8.0,,,,8.25,6.4,,2
50006806,7510401,B00,,,,8.4,,,,,7.5,6.75,3
40017368,7810202,D15,8.0,4.0,6.5,,,,,,,,2
2038469,7510303,D01,8.8,,7.6,7.5,,,,,,,3
2059888,7420201,B00,,,,6.6,,,,,6.75,7.5,4
2036873,7480201,A00,,,,7.5,,,,7.25,7.4,,0
51008219,7540106,A00,,,,7.0,,,,7.75,6.0,,4
2011227,7380107,D01,6.0,,7.4,8.0,,,,,,,5
44000722,7480201,A00,,,,7.75,,,,8.0,8.4,,0
47005249,7340205,A01,,,7.0,6.25,,,,6.8,,,1
49008385,7480201,D01,7.25,,7.6,7.2,,,,,,,0
60003644,7810201,D15,6.75,5.8,8.25,,,,,,,,2
48011890,7380107,D01,9.2,,6.8,6.0,,,,,,,5
51006069,7340201,A00,,,,7.25,,,,7.75,7.8,,1
35007702,7340120,D01,6.25,,8.6,8.6,,,,,,,1
45000945,7340101,A00,,,,8.8,,,,7.75,8.25,,1
2084771,7540101,B00,,,,7.75,,,,,8.25,8.0,4
2017107,7810201,A01,,,7.8,6.75,,,,7.8,,,2
37013417,7540101,B00,,,,7.25,,,,,7.5,7.2,4
2023235,7220201,D01,7.25,,8.8,7.6,,,,,,,6
47001472,7510301,A00,,,,7.0,,,,7.0,6.5,,3
2035647,7540106,D07,,,6.8,7.2,,,,,7.0,,4
2041819,7380107,D01,7.5,,7.6,7.0,,,,,,,5
35012387,7340101,A00,,,,8.0,,,,6.75,7.6,,1
53012482,7480201,A00,,,,8.2,,,,7.0,7.75,,0
47000429,7220201,A01,,,7.2,6.5,,,,8.4,,,6
2011893,7510303,D01,7.0,,8.0,6.0,,,,,,,3
39005123,7510301,D01,5.25,,6.4,7.8,,,,,,,3
2040006,7480201,D01,6.75,,9.4,8.0,,,,,,,0
2056686,7819010,B00,,,,4.5,,,,,6.25,5.8,2
37017486,7340201,A00,,,,7.6,,,,6.75,8.25,,1
2070922,7420201,B00,,,,8.0,,,,,8.0,7.25,4
2070876,7340129,A00,,,,7.75,,,,7.25,6.2,,4
2055394,7480201,D07,,,8.6,7.4,,,,,7.75,,0
2011320,7340120,D01,8.6,,6.6,7.0,,,,,,,1
35011276,7340301,D01,8.0,,7.4,8.0,,,,,,,1
56011012,7510203,A00,,,,7.8,,,,4.75,6.0,,3
2006246,7810202,D01,6.8,,6.4,7.5,,,,,,,2
46009783,7340301,A00,,,,8.0,,,,7.0,7.2,,1
48005807,7510303,D01,8.4,,6.8,5.75,,,,,,,3
2067395,7420201,B00,,,,8.0,,,,,7.75,7.25,4
2014671,7540101,D07,,,7.2,8.25,,,,,9.2,,4
2052484,7480202,D01,5.6,,5.2,6.0,,,,,,,0
2087511,7540106,A00,,,,8.0,,,,6.75,7.25,,4
2006828,7340120,D01,7.6,,7.0,7.0,,,,,,,1
54007103,7220204,D09,,,8.2,7.8,,,8.75,,,,6
2056429,7510301,A00,,,,7.25,,,,7.0,7.4,,3
48015768,7510203,D01,4.0,,6.2,7.5,,,,,,,3
32006391,7480201,D01,7.2,,7.8,7.0,,,,,,,0
41011182,7540101,B00,,,,7.25,,,,,7.25,7.6,4
61007595,7340120,A01,,,7.8,7.75,,,,8.2,,,1
2069566,7510301,A00,,,,6.25,,,,7.0,6.8,,3
40005375,7340301,A01,,,8.0,7.0,,,,7.75,,,1
34011537,7510301,A00,,,,8.0,,,,6.0,8.0,,3
58001895,7340122,D01,5.8,,7.0,9.0,,,,,,,1
37007835,7540204,D01,6.0,,6.2,7.4,,,,,,,3
2083558,7340120,A00,,,,6.0,,,,7.0,8.6,,1
49012397,7510202,A00,,,,8.0,,,,4.75,6.25,,3
2066177,7480202,A00,,,,7.4,,,,6.25,7.75,,0
47005560,7340115,D01,8.0,,8.4,8.4,,,,,,,1
35008047,7340115,A00,,,,7.75,,,,7.5,8.6,,1
53010348,7510401,A00,,,,7.6,,,,6.0,6.75,,3
2075891,7810201,D01,7.0,,8.6,7.0,,,,,,,2
61005518,7340115,A00,,,,7.25,,,,8.25,7.4,,1
2045038,7340301,D01,6.8,,7.0,7.25,,,,,,,1
2057024,7819010,D07,,,7.4,7.5,,,,,6.8,,2
37017042,7340101,D01,8.25,,8.4,7.4,,,,,,,1
47006354,7340120,A00,,,,8.5,,,,7.5,7.8,,1
2045901,7340201,A01,,,8.2,7.8,,,,7.5,,,1
61004531,7540101,B00,,,,9.2,,,,,7.75,8.75,4
51002139,7510202,A00,,,,7.5,,,,6.75,7.2,,3
32006454,7810103,D01,7.4,,7.8,8.0,,,,,,,2
2044097,7510401,A00,,,,7.25,,,,8.25,7.6,,3
45003517,7810103,A00,,,,7.6,,,,7.0,8.25,,2
61008307,7340129,A01,,,8.8,7.75,,,,7.2,,,4
56000559,7340301,D01,7.0,,7.6,7.75,,,,,,,1
48002253,7420201,B00,,,,7.0,,,,,7.75,6.5,4
2039282,7810202,D01,8.0,,7.6,7.5,,,,,,,2
34013806,7480201,A00,,,,8.2,,,,6.5,8.25,,0
43008619,7340301,D01,7.0,,8.4,6.8,,,,,,,1
49002871,7220201,D01,8.4,,8.2,7.0,,,,,,,6
2002512,7340301,A00,,,,7.25,,,,7.75,7.6,,1
35003266,7480202,D01,4.8,,7.2,7.25,,,,,,,0
2081363,7420201,B00,,,,7.2,,,,,7.25,6.25,4
48001294,7480202,D07,,,7.2,8.25,,,,,7.4,,0
37005084,7340115,A00,,,,7.25,,,,8.5,7.6,,1
46007926,7810201,D15,6.75,7.0,8.0,,,,,,,,2
46004085,7340101,D01,6.4,,7.2,7.5,,,,,,,1
2080027,7850101,B00,,,,7.0,,,,,7.5,6.8,4
46009075,7480201,A00,,,,8.25,,,,7.5,7.6,,0
47000468,7340115,D01,7.4,,7.6,8.5,,,,,,,1
47005506,7460108,D01,5.8,,6.2,6.0,,,,,,,0
56010060,7340201,A00,,,,7.6,,,,6.75,8.0,,1
38001846,7340201,A00,,,,8.2,,,,9.0,6.75,,1
53001260,7510303,D01,4.6,,4.6,7.5,,,,,,,3
53013961,7340101,D01,9.25,,7.2,7.2,,,,,,,1
2083796,7480201,D01,8.2,,8.0,7.0,,,,,,,0
48019796,7340115,A00,,,,8.0,,,,7.5,8.0,,1
40007914,7340115,A00,,,,7.25,,,,8.0,7.6,,1
53011016,7220201,D01,8.75,,8.0,8.2,,,,,,,6
44005426,7460108,A00,,,,7.75,,,,7.75,7.4,,0
56008696,7810103,D01,8.0,,6.6,7.6,,,,,,,2
48000109,7380107,A01,,,6.6,7.0,,,,6.0,,,5
2006977,7380107,D01,7.2,,6.8,6.75,,,,,,,5
2083952,7340201,D01,7.75,,7.6,7.8,,,,,,,1
35005516,7510303,D01,8.5,,5.4,4.6,,,,,,,3
46002797,7340120,A00,,,,7.75,,,,8.75,8.2,,1
44006537,7540101,D07,,,8.0,8.0,,,,,7.6,,4
2008680,7340115,D01,8.2,,8.2,7.25,,,,,,,1
53004225,7220204,D01,6.0,,7.6,8.0,,,,,,,6
2072066,7540101,B00,,,,7.8,,,,,7.75,8.5,4
47009050,7340301,A00,,,,8.4,,,,6.75,7.5,,1
42005051,7540101,D07,,,7.2,7.4,,,,,8.75,,4
56005443,7380107,D01,8.0,,6.8,7.4,,,,,,,5
2036379,7540101,B00,,,,8.0,,,,,6.5,7.2,4
2039791,7220201,D01,7.0,,7.4,7.75,,,,,,,6
49013453,7340201,A00,,,,8.2,,,,7.75,7.0,,1
2017933,7540106,A01,,,7.4,5.75,,,,8.0,,,4
2006065,7510203,A01,,,6.8,6.25,,,,6.6,,,3
51011328,7480201,D07,,,7.0,8.5,,,,,7.4,,0
44013396,7340301,A00,,,,6.0,,,,7.0,7.4,,1
48023738,7340301,A00,,,,8.4,,,,6.5,7.25,,1
56011187,7340301,D01,7.4,,6.6,7.75,,,,,,,1
48028349,7380107,A00,,,,8.25,,,,6.5,7.2,,5
57004695,7810201,D15,7.0,6.8,6.0,,,,,,,,2
2030651,7510402,D07,,,7.8,6.6,,,,,5.25,,3
49010841,7540204,D01,6.0,,4.2,8.4,,,,,,,3
2040831,7510203,D01,6.0,,6.6,7.4,,,,,,,3
41001908,7510202,A00,,,,5.25,,,,7.0,5.8,,3
2067354,7510401,D07,,,4.6,6.5,,,,,7.8,,3
35006920,7480201,D01,7.8,,7.6,8.0,,,,,,,0
43000698,7510203,D01,6.0,,6.4,6.2,,,,,,,3
47006409,7510203,D01,6.5,,5.8,5.8,,,,,,,3
40012074,7340301,D01,8.2,,6.8,8.0,,,,,,,1
41000748,7340201,A00,,,,8.2,,,,7.5,8.75,,1
40007349,7340115,A01,,,8.6,8.0,,,,7.4,,,1
48004572,7220201,D01,7.75,,9.2,7.2,,,,,,,6
35006888,7480201,A00,,,,8.2,,,,8.25,7.75,,0
35010603,7540101,D07,,,8.6,7.75,,,,,8.2,,4
53008889,7340129,D01,7.0,,7.8,6.8,,,,,,,4
47002529,7510203,D01,3.8,,7.6,6.0,,,,,,,3
2041509,7810201,A00,,,,6.0,,,,7.0,7.8,,2
42012987,7810201,A01,,,6.0,7.0,,,,5.6,,,2
2054683,7510401,B00,,,,7.5,,,,,6.75,6.4,3
45005136,7340101,A00,,,,6.0,,,,7.75,7.8,,1
46006266,7540105,A00,,,,7.25,,,,4.0,7.4,,4
2036212,7340101,D01,6.2,,7.2,8.0,,,,,,,1
54001762,7810103,A00,,,,7.6,,,,6.5,8.0,,2
2020693,7819009,B00,,,,6.5,,,,,6.0,6.2,2
2025163,7340301,D01,8.0,,7.2,7.25,,,,,,,1
48017086,7340115,D01,7.8,,8.0,8.0,,,,,,,1
2037470,7510202,D01,4.0,,8.2,6.75,,,,,,,3
47008257,7480201,A00,,,,7.25,,,,5.75,8.0,,0
46001904,7340301,D01,6.4,,7.6,8.0,,,,,,,1
30008900,7340129,D01,5.0,,8.0,8.25,,,,,,,4
44005598,7340101,D01,7.0,,8.0,8.0,,,,,,,1
38005929,7510303,A00,,,,5.25,,,,6.75,8.0,,3
48020597,7540106,A00,,,,6.75,,,,6.0,8.2,,4
47002533,7510203,D01,5.75,,4.2,6.4,,,,,,,3
49002942,7340201,D01,8.5,,8.0,7.0,,,,,,,1
2060727,7510401,B00,,,,7.25,,,,,6.25,4.4,3
49012611,7380107,D01,5.6,,6.4,7.5,,,,,,,5
2079016,7510202,A00,,,,7.0,,,,6.25,7.75,,3
48009761,7510401,D07,,,7.4,7.5,,,,,7.8,,3
35006788,7340120,D01,7.4,,7.2,9.0,,,,,,,1
45004820,7540101,A00,,,,8.0,,,,8.25,8.6,,4
2073554,7340129,D01,6.8,,6.0,5.75,,,,,,,4
49007660,7540106,B00,,,,7.0,,,,,7.75,7.6,4
52001853,7340120,A01,,,8.0,8.25,,,,7.4,,,1
50006546,7420201,D07,,,8.2,6.4,,,,,7.25,,4
37004173,7540101,A00,,,,8.6,,,,6.75,8.75,,4
46004827,7340201,A00,,,,6.5,,,,7.5,6.8,,1
53013171,7340115,D01,8.75,,7.8,7.2,,,,,,,1
35006680,7340115,A00,,,,6.75,,,,8.25,8.6,,1
2024027,7340120,D01,8.6,,7.8,7.5,,,,,,,1
2003226,7510303,A01,,,8.4,7.2,,,,6.0,,,3
53013178,7380107,D15,8.5,6.4,8.75,,,,,,,,5
35000022,7540101,B00,,,,7.5,,,,,6.5,8.4,4
53010538,7510401,A00,,,,6.5,,,,7.5,7.6,,3
51000300,7480201,D01,7.6,,8.4,7.75,,,,,,,0
43006787,7340115,D01,8.6,,7.8,8.5,,,,,,,1
2044835,7340201,A00,,,,7.5,,,,8.5,7.8,,1
2055626,7340129,A00,,,,7.0,,,,8.0,7.8,,4
49015740,7340301,A00,,,,8.8,,,,7.25,8.0,,1
2044353,7480201,A00,,,,5.5,,,,7.5,8.0,,0
43004598,7220201,D09,,,6.2,9.0,,,6.6,,,,6
2032749,7480201,D07,,,8.0,7.8,,,,,7.75,,0
48008248,7540101,D07,,,8.4,8.2,,,,,7.75,,4
48007621,7540101,D07,,,8.2,9.0,,,,,6.75,,4
42010314,7810103,D15,7.0,6.8,6.75,,,,,,,,2
49003770,7510301,A00,,,,7.0,,,,6.75,6.8,,3
48026625,7810202,A00,,,,8.4,,,,6.75,7.25,,2
2062368,7460108,A00,,,,6.0,,,,6.75,7.8,,0
2081729,7340205,D07,,,7.2,6.5,,,,,7.0,,1
25011454,7340201,A00,,,,7.25,,,,6.75,7.2,,1
47007506,7510202,D01,6.0,,7.2,7.25,,,,,,,3
39005131,7380107,A00,,,,7.25,,,,5.5,7.6,,5
48001263,7540101,A00,,,,7.75,,,,7.75,7.4,,4
44008691,7340301,A00,,,,5.5,,,,7.0,7.6,,1
2023208,7480201,D01,7.0,,8.8,7.6,,,,,,,0
2027921,7380107,D01,7.5,,8.0,7.2,,,,,,,5
47001386,7420201,A00,,,,7.5,,,,7.75,7.2,,4
49012156,7510401,B00,,,,4.75,,,,,6.0,7.2,3
2022175,7810103,D15,7.5,7.2,7.75,,,,,,,,2
63005677,7340101,A00,,,,8.4,,,,8.0,6.75,,1
35010338,7480201,A00,,,,7.8,,,,7.25,7.0,,0
48032075,7510401,B00,,,,7.75,,,,,7.25,8.2,3
2026940,7810202,D01,6.75,,8.8,7.6,,,,,,,2
50009031,7520115,D01,4.4,,6.4,6.75,,,,,,,3
2040229,7340301,A00,,,,8.2,,,,7.5,7.25,,1
48028447,7540106,A00,,,,7.6,,,,5.0,6.5,,4
37009536,7220204,D01,7.0,,8.8,7.2,,,,,,,6
48024487,7340101,A00,,,,8.4,,,,8.0,7.25,,1
48030946,7480201,D01,6.6,,8.0,8.0,,,,,,,0
2052871,7380107,A00,,,,5.75,,,,8.25,7.8,,5
2079750,7340301,D01,5.4,,7.4,8.0,,,,,,,1
35010648,7480201,A00,,,,6.75,,,,7.75,7.8,,0
48002320,7540101,A00,,,,8.2,,,,8.5,7.75,,4
53011713,7220204,D01,7.75,,7.8,7.4,,,,,,,6
53011697,7340101,D01,9.0,,7.2,7.8,,,,,,,1
37011152,7340101,D01,5.4,,7.8,8.25,,,,,,,1
43008620,7220201,D01,8.5,,7.0,8.0,,,,,,,6
38000535,7510303,D01,7.5,,8.6,7.0,,,,,,,3
2069006,7510303,D01,6.25,,7.4,5.8,,,,,,,3
30002635,7510301,D01,6.8,,7.6,8.75,,,,,,,3
39010075,7480202,D01,3.8,,7.8,5.5,,,,,,,0
2002975,7380107,D01,6.75,,8.6,8.2,,,,,,,5
44011226,7340120,A00,,,,6.75,,,,7.25,8.2,,1
53014617,7810201,D01,5.8,,7.4,9.0,,,,,,,2
2021837,7510202,A01,,,6.4,7.0,,,,6.6,,,3
2076543,7420201,A00,,,,6.0,,,,4.75,6.25,,4
2037221,7340301,D01,7.8,,6.8,7.5,,,,,,,1
2021093,7480201,D07,,,8.0,6.8,,,,,8.25,,0
2040518,7510401,A00,,,,7.5,,,,7.5,7.2,,3
53013349,7510203,D01,5.6,,5.0,5.75,,,,,,,3
46006622,7220201,D01,8.0,,8.2,7.75,,,,,,,6
37007063,7340120,A00,,,,7.75,,,,7.0,7.2,,1
2031421,7480201,D07,,,7.6,8.0,,,,,8.6,,0
44005647,7810202,A00,,,,7.5,,,,6.25,6.8,,2
2065492,7510303,D01,6.4,,7.4,7.25,,,,,,,3
42004326,7510202,A00,,,,7.6,,,,6.0,6.25,,3
2030503,7480201,D07,,,9.2,7.0,,,,,7.25,,0
2046104,7510202,D01,6.0,,7.0,5.5,,,,,,,3
35010518,7510202,D01,7.0,,5.0,5.8,,,,,,,3
49012414,7340201,A00,,,,7.75,,,,8.0,7.6,,1
50009948,7480201,D07,,,8.0,7.25,,,,,8.0,,0
2044497,7540101,D07,,,7.6,7.25,,,,,7.2,,4
43002517,7340201,A00,,,,6.25,,,,6.5,7.0,,1
52010555,7510303,A00,,,,7.25,,,,7.0,8.2,,3
47003700,7220201,D01,8.25,,7.4,8.0,,,,,,,6
2078424,7220201,D01,7.25,,8.8,7.6,,,,,,,6
43010193,7340129,A00,,,,6.75,,,,6.5,8.2,,4
52012870,7340101,D01,8.4,,6.6,6.75,,,,,,,1
40002792,7510203,D01,7.0,,4.0,5.2,,,,,,,3
55007452,7540106,B00,,,,8.25,,,,,6.0,7.2,4
47006985,7810201,D01,7.0,,8.2,7.2,,,,,,,2
43008526,7480201,A00,,,,8.8,,,,7.0,8.0,,0
2071666,7850101,D07,,,8.0,7.0,,,,,5.25,,4
2039332,7380107,D01,6.5,,8.8,6.6,,,,,,,5
2002144,7340129,D01,5.4,,6.8,6.75,,,,,,,4
35007745,7810202,D01,7.75,,7.8,7.2,,,,,,,2
2057793,7340120,D01,7.8,,6.6,7.5,,,,,,,1
2035169,7420201,D07,,,7.6,7.75,,,,,8.8,,4
37008811,7340115,A00,,,,7.75,,,,7.75,8.2,,1
2034896,7510301,D01,7.8,,6.2,7.0,,,,,,,3
2045700,7420201,A00,,,,7.0,,,,8.0,7.4,,4
53007156,7540204,A01,,,6.6,7.8,,,,5.0,,,3
44002229,7480201,A00,,,,5.75,,,,8.0,7.2,,0
30000792,7510202,D01,7.0,,4.4,7.8,,,,,,,3
46005540,7810103,D01,8.25,,6.8,7.2,,,,,,,2
2015457,7480201,D07,,,7.6,7.25,,,,,6.4,,0
52005919,7340120,A00,,,,8.5,,,,7.5,7.6,,1
2058088,7819010,D07,,,6.6,4.75,,,,,7.2,,2
2056617,7480201,A00,,,,7.75,,,,6.25,7.4,,0
2080041,7340101,D01,7.8,,7.4,6.75,,,,,,,1
2066747,7540106,A00,,,,6.0,,,,6.5,7.25,,4
2028939,7510203,A00,,,,8.4,,,,6.75,7.0,,3
2005688,7480201,A00,,,,6.75,,,,9.25,8.2,,0
2022155,7480201,D07,,,7.8,7.0,,,,,7.6,,0
2039630,7480201,A00,,,,8.0,,,,6.75,8.25,,0
57004692,7340301,A00,,,,7.8,,,,7.0,7.75,,1
46002651,7340120,A00,,,,8.25,,,,7.75,7.2,,1
37003323,7340101,D01,6.6,,7.2,7.75,,,,,,,1
48012889,7340201,A00,,,,8.0,,,,7.0,7.5,,1
49005290,7510406,B00,,,,7.0,,,,,7.25,4.75,4
48007786,7480201,D01,6.75,,9.0,6.6,,,,,,,0
44011953,7340101,A00,,,,7.0,,,,8.25,8.2,,1
2070605,7380107,D01,6.8,,6.4,6.5,,,,,,,5
39010371,7340129,D01,7.5,,8.0,7.0,,,,,,,4
51011446,7810201,A00,,,,8.2,,,,6.5,8.0,,2
48008893,7480201,A00,,,,7.5,,,,7.5,8.0,,0
44006320,7340129,D01,5.6,,6.6,7.5,,,,,,,4
56008353,7480201,D01,6.75,,8.4,7.4,,,,,,,0
61004749,7340201,A00,,,,7.5,,,,8.0,7.8,,1
49009481,7340301,A00,,,,8.0,,,,6.5,7.2,,1
35005728,7540101,A00,,,,8.6,,,,8.0,7.0,,4
40002402,7510202,A00,,,,7.8,,,,6.75,6.5,,3
48026952,7510301,D01,4.5,,6.0,7.6,,,,,,,3
2041628,7540106,D07,,,7.8,7.6,,,,,7.5,,4
37006398,7510401,A00,,,,6.2,,,,3.75,6.0,,3
54010964,7340201,D01,8.0,,7.0,7.0,,,,,,,1
2042879,7340201,D01,6.4,,7.8,7.5,,,,,,,1
42001956,7819010,B00,,,,5.25,,,,,6.0,6.8,2
2083296,7510202,D01,7.25,,7.8,7.8,,,,,,,3
48024221,7420201,B00,,,,7.4,,,,,7.0,5.5,4
2008474,7220201,A01,,,8.6,8.0,,,,7.0,,,6
53003101,7480202,D01,4.8,,7.0,8.25,,,,,,,0
2021946,7340120,A00,,,,6.5,,,,8.5,6.8,,1
53001671,7340201,A01,,,8.8,8.4,,,,7.5,,,1
53011598,7819010,A00,,,,7.0,,,,7.75,7.4,,2
50008854,7540101,A00,,,,8.0,,,,7.25,8.25,,4
2075456,7480201,A00,,,,7.0,,,,7.75,7.6,,0
2077688,7480201,A00,,,,8.25,,,,7.25,6.6,,0
2017496,7540101,B00,,,,8.25,,,,,6.75,7.6,4
2016064,7340129,D01,7.6,,7.4,7.0,,,,,,,4
41001007,7480201,A01,,,8.0,6.5,,,,7.2,,,0
2025118,7510202,D01,6.5,,7.8,6.4,,,,,,,3
2002215,7810202,A01,,,8.8,7.8,,,,6.5,,,2
43006063,7810201,A00,,,,6.5,,,,5.0,7.0,,2
49008790,7340115,D01,8.4,,7.4,8.5,,,,,,,1
4006387,7380107,A00,,,,8.25,,,,7.25,8.0,,5
2042943,7510203,D01,5.6,,5.2,6.75,,,,,,,3
53008103,7810202,D01,6.4,,8.2,8.0,,,,,,,2
53008629,7340301,D01,4.6,,7.4,8.25,,,,,,,1
49000989,7340301,A00,,,,8.0,,,,7.25,8.2,,1
43006004,7340101,A00,,,,8.8,,,,8.0,7.5,,1
2074986,7810103,D01,5.2,,7.4,6.75,,,,,,,2
2067255,7340201,D01,7.0,,7.8,7.75,,,,,,,1
48025510,7510401,A00,,,,6.75,,,,7.75,7.4,,3
35009519,7510303,A00,,,,7.0,,,,6.75,4.75,,3
48014338,7220204,D01,7.5,,8.4,8.4,,,,,,,6
28006508,7480201,A00,,,,8.25,,,,7.25,8.2,,0
39000352,7380107,A00,,,,7.25,,,,7.75,8.2,,5
2052630,7540101,B00,,,,8.0,,,,,6.75,8.4,4
49014091,7340120,A01,,,7.4,7.75,,,,7.4,,,1
36003270,7510202,D01,4.2,,6.2,6.5,,,,,,,3
2066129,7810201,D01,7.0,,7.8,7.8,,,,,,,2
30007101,7340129,A00,,,,8.0,,,,6.0,6.75,,4
2016517,7340129,A00,,,,7.0,,,,7.5,7.8,,4
48016607,7510202,D01,4.6,,6.2,6.5,,,,,,,3
37016806,7480201,A00,,,,7.6,,,,7.5,7.0,,0
37013689,7340120,D01,7.6,,8.2,7.25,,,,,,,1
46005649,7340115,A00,,,,8.0,,,,8.25,8.0,,1
34015545,7340120,D01,7.25,,7.6,8.4,,,,,,,1
2039660,7540101,B00,,,,8.0,,,,,8.5,7.6,4
43006802,7340120,D01,7.0,,7.2,7.0,,,,,,,1
38006064,7540101,D07,,,8.6,8.75,,,,,7.0,,4
53013113,7810201,D01,6.25,,8.6,8.0,,,,,,,2
45003640,7340115,D01,8.0,,7.2,8.5,,,,,,,1
2043719,7480201,A00,,,,7.25,,,,7.0,6.8,,0
49010575,7540105,A00,,,,6.25,,,,6.5,7.2,,4
2050238,7510303,D01,7.5,,7.6,7.8,,,,,,,3
48005460,7340120,A00,,,,8.0,,,,7.5,7.75,,1
40014597,7480201,A00,,,,7.25,,,,6.75,8.0,,0
53005534,7340201,A00,,,,7.0,,,,7.5,8.25,,1
2043762,7510401,D07,,,7.2,7.0,,,,,4.4,,3
2038358,7340201,D01,8.4,,7.8,7.5,,,,,,,1
43006672,7340201,A00,,,,6.5,,,,7.75,7.0,,1
45002607,7510401,B00,,,,8.0,,,,,5.75,7.0,3
42006417,7420201,A00,,,,7.0,,,,5.5,5.0,,4
43000253,7510203,D01,4.4,,6.4,7.0,,,,,,,3
2025159,7340301,A00,,,,6.75,,,,6.75,7.6,,1
33000239,7340129,A00,,,,7.25,,,,6.5,8.4,,4
2068899,7340122,A01,,,8.0,6.75,,,,7.6,,,1
37002390,7380107,A00,,,,7.75,,,,7.0,7.2,,5
39007172,7480201,A00,,,,8.4,,,,6.25,8.0,,0
48017742,7810103,A00,,,,7.0,,,,8.75,7.6,,2
38003034,7480202,A00,,,,6.0,,,,6.25,8.0,,0
2026107,7540101,D07,,,8.0,7.25,,,,,8.4,,4
46006530,7340201,D01,5.8,,7.4,7.25,,,,,,,1
35009702,7340201,A00,,,,8.0,,,,7.5,8.75,,1
40000718,7480201,A01,,,7.6,7.25,,,,8.0,,,0
2023247,7380107,A01,,,8.4,8.0,,,,6.25,,,5
2017341,7480201,A01,,,7.8,7.75,,,,8.2,,,0
29018121,7340101,D01,9.4,,7.0,8.5,,,,,,,1
48003621,7810201,D01,8.0,,8.0,7.4,,,,,,,2
48018969,7340101,D01,7.4,,7.4,6.5,,,,,,,1
2020677,7510303,A00,,,,7.0,,,,4.75,6.75,,3
2075218,7340201,D01,6.6,,7.4,8.0,,,,,,,1
52011716,7510203,A00,,,,7.0,,,,3.5,5.5,,3
41005604,7340120,A01,,,9.0,7.8,,,,8.0,,,1
31010346,7340115,D01,7.6,,6.6,8.25,,,,,,,1
57005080,7420201,B00,,,,8.0,,,,,7.5,7.75,4
39008715,7220201,D01,6.8,,6.8,7.75,,,,,,,6
51013704,7480201,D01,5.4,,7.6,9.0,,,,,,,0
54008681,7380107,A00,,,,8.5,,,,7.0,7.8,,5
53015315,7510203,A00,,,,6.75,,,,5.25,6.6,,3
48011448,7340101,D01,7.2,,7.0,7.5,,,,,,,1
2066096,7420201,D07,,,8.0,7.8,,,,,6.5,,4
37006970,7540101,A00,,,,7.75,,,,8.5,7.8,,4
56001843,7510401,A00,,,,7.2,,,,6.25,7.5,,3
43010160,7380107,D15,7.75,5.4,7.25,,,,,,,,5
40018467,7510303,D01,4.4,,6.2,6.5,,,,,,,3
45002007,7220204,D01,7.4,,8.0,7.75,,,,,,,6
42012201,7340201,D01,7.6,,8.2,8.0,,,,,,,1
44005599,7340122,A00,,,,6.75,,,,7.75,7.8,,1
2041738,7480201,A00,,,,8.75,,,,7.75,8.6,,0
2000487,7540101,D07,,,7.4,8.0,,,,,6.6,,4
2002637,7810103,D15,7.75,6.0,7.75,,,,,,,,2
40011898,7340115,A00,,,,8.0,,,,8.0,7.4,,1
2083850,7220201,D01,7.0,,9.4,8.0,,,,,,,6
2018757,7510301,A01,,,7.2,6.5,,,,7.6,,,3
2044435,7340101,D01,6.8,,7.2,7.5,,,,,,,1
46009026,7380107,D01,6.0,,6.4,8.75,,,,,,,5
40009259,7540101,D07,,,7.4,7.25,,,,,7.6,,4
2029553,7819009,A00,,,,5.5,,,,6.25,5.6,,2
2039818,7340301,A00,,,,7.5,,,,7.75,7.8,,1
2075857,7510301,A00,,,,7.8,,,,6.5,6.75,,3
52009546,7340301,A00,,,,7.6,,,,7.0,8.25,,1
2054955,7540101,D07,,,7.6,8.75,,,,,8.2,,4
2048628,7380107,D01,7.25,,7.6,7.0,,,,,,,5
37016696,7540204,D01,8.5,,5.4,5.2,,,,,,,3
2040730,7340205,D01,7.2,,7.6,8.25,,,,,,,1
2003607,7340201,A00,,,,7.0,,,,8.75,8.4,,1
50005658,7819010,D07,,,7.4,6.75,,,,,6.6,,2
43008524,7810103,A01,,,7.4,7.2,,,,7.75,,,2
2073868,7510202,D01,4.2,,6.6,6.75,,,,,,,3
37009567,7380107,A01,,,8.0,8.0,,,,6.75,,,5
48002822,7220204,A01,,,8.0,7.4,,,,7.75,,,6
44008037,7340301,D01,6.4,,5.4,9.0,,,,,,,1
2056634,7480201,D01,7.5,,7.6,7.4,,,,,,,0
47004854,7340115,A00,,,,7.75,,,,8.5,7.6,,1
34005641,7810202,A00,,,,8.0,,,,7.0,7.25,,2
38004238,7480201,A00,,,,8.0,,,,7.5,8.2,,0
45003442,7340301,A00,,,,7.0,,,,7.5,6.8,,1
44009541,7510203,A01,,,7.4,7.75,,,,8.0,,,3
54009679,7340201,A01,,,7.8,7.5,,,,7.8,,,1
44009178,7540101,B00,,,,7.75,,,,,7.75,7.6,4
2046093,7510402,A01,,,8.8,8.0,,,,7.0,,,3
2036347,7340301,A00,,,,6.5,,,,8.25,8.2,,1
2055233,7340301,D01,6.8,,6.2,7.75,,,,,,,1
46002957,7510301,A00,,,,6.8,,,,7.0,5.0,,3
52007763,7510303,A00,,,,5.75,,,,7.25,8.2,,3
52007209,7510303,A01,,,7.2,7.5,,,,6.8,,,3
35006913,7340120,D01,7.0,,7.2,9.25,,,,,,,1
2039520,7340101,D01,7.6,,7.4,7.25,,,,,,,1
2066732,7340301,A00,,,,8.2,,,,7.75,8.0,,1
43010436,7540101,B00,,,,7.0,,,,,8.0,7.6,4
47005880,7540106,A00,,,,6.6,,,,6.5,5.25,,4
48007923,7340120,D01,7.75,,8.6,7.6,,,,,,,1
2033861,7340301,A01,,,7.2,8.2,,,,8.0,,,1
55000422,7510401,A00,,,,7.0,,,,6.75,6.5,,3
39009119,7480201,A01,,,8.0,7.75,,,,6.8,,,0
52010284,7340101,D01,8.25,,8.2,7.2,,,,,,,1
2072112,7510401,A00,,,,8.2,,,,6.75,8.25,,3
2027267,7340101,D01,7.0,,9.0,8.4,,,,,,,1
49009081,7480201,A00,,,,8.0,,,,7.5,7.25,,0
48007133,7340123,D01,4.6,,5.2,7.75,,,,,,,1
35010416,7510301,A00,,,,8.0,,,,5.5,6.0,,3
42011122,7340120,A00,,,,7.5,,,,7.25,8.0,,1
51007457,7340115,A00,,,,7.25,,,,8.25,8.2,,1
2035964,7340301,A01,,,7.8,7.6,,,,7.5,,,1
39006917,7420201,A00,,,,7.8,,,,5.75,5.75,,4
53015957,7340201,A00,,,,8.4,,,,7.5,8.25,,1
56010595,7510406,A00,,,,8.6,,,,7.75,6.75,,4
39005661,7810202,D01,7.0,,8.2,7.6,,,,,,,2
2006275,7340122,D01,7.4,,8.0,6.75,,,,,,,1
49007572,7340129,D01,6.6,,7.6,6.75,,,,,,,4
28005334,7340201,D01,6.0,,7.2,8.75,,,,,,,1
2034352,7810103,D01,7.4,,7.2,7.0,,,,,,,2
2070323,7340123,D01,6.2,,7.0,6.75,,,,,,,1
52000363,7340120,D01,8.2,,7.0,7.75,,,,,,,1
2047936,7850101,A00,,,,6.8,,,,6.25,6.25,,4
43008854,7340120,A00,,,,7.75,,,,6.5,7.0,,1
37011820,7510301,D01,6.25,,6.2,7.4,,,,,,,3
2040008,7480201,A01,,,8.6,7.8,,,,6.0,,,0
49003281,7340120,A00,,,,8.0,,,,6.25,9.0,,1
35011779,7810201,D15,6.5,6.8,7.5,,,,,,,,2
2033442,7810201,D01,6.0,,7.4,6.5,,,,,,,2
2024048,7480201,D01,6.2,,7.6,7.25,,,,,,,0
2018424,7480202,A01,,,7.4,7.5,,,,8.8,,,0
37005907,7540101,D07,,,8.4,7.6,,,,,8.0,,4
2043351,7510406,A00,,,,6.0,,,,5.75,6.2,,4
35002852,7480201,A00,,,,7.25,,,,8.0,7.6,,0
37009575,7340201,D01,7.25,,8.2,7.6,,,,,,,1
42012383,7510303,D01,6.0,,6.6,7.8,,,,,,,3
2084139,7340120,A00,,,,6.5,,,,8.25,7.0,,1
48008083,7380107,A01,,,8.4,7.25,,,,7.4,,,5
47006220,7480201,A00,,,,8.4,,,,7.75,7.5,,0
48003062,7380107,A00,,,,8.0,,,,7.75,7.2,,5
40000537,7220201,D01,7.25,,8.8,8.0,,,,,,,6
53006348,7520115,A00,,,,6.0,,,,5.75,6.2,,3
46000763,7850101,A01,,,6.8,7.75,,,,5.8,,,4
49006422,7480201,A00,,,,7.0,,,,8.5,7.6,,0
37011277,7510301,D01,6.25,,3.4,6.6,,,,,,,3
2025098,7340101,A01,,,7.6,7.25,,,,8.6,,,1
2034586,7220201,D01,7.2,,6.8,6.75,,,,,,,6
2072523,7510401,B00,,,,8.2,,,,,7.5,5.75,3
2007254,7340201,D01,7.75,,9.0,7.4,,,,,,,1
40011101,7510202,A00,,,,8.2,,,,6.0,7.0,,3
52007472,7340120,D01,6.8,,8.0,8.5,,,,,,,1
42001013,7340122,A00,,,,7.0,,,,6.75,8.0,,1
61001176,7540106,A00,,,,7.0,,,,7.25,7.6,,4
2085270,7380107,A00,,,,8.4,,,,6.75,7.5,,5
49003380,7380107,A00,,,,7.2,,,,7.5,7.25,,5
43004135,7810202,D15,7.5,5.0,8.25,,,,,,,,2
2036402,7340123,A01,,,7.4,7.0,,,,7.0,,,1
2045451,7510303,A00,,,,6.5,,,,6.5,7.6,,3
2021214,7420201,B00,,,,6.8,,,,,7.75,7.0,4
46005968,7810201,D01,6.5,,8.4,7.4,,,,,,,2
2047224,7510301,D01,6.0,,6.4,6.2,,,,,,,3
61003903,7480202,A00,,,,7.25,,,,7.5,7.8,,0
49012039,7810103,D01,7.5,,7.6,7.4,,,,,,,2
2030722,7510401,B00,,,,7.75,,,,,6.5,7.0,3
61001584,7520115,D01,5.2,,6.8,6.5,,,,,,,3
44007235,7480201,A00,,,,7.0,,,,6.5,7.4,,0
2080123,7380107,D01,6.2,,7.4,8.0,,,,,,,5
2043316,7850101,B00,,,,5.25,,,,,7.75,7.0,4
2023728,7540204,D01,4.8,,6.8,7.25,,,,,,,3
61007585,7510301,A00,,,,6.25,,,,7.25,7.2,,3
2057777,7540106,A00,,,,8.0,,,,6.0,7.0,,4
2038565,7540101,A00,,,,8.6,,,,8.25,8.25,,4
2056247,7340101,A00,,,,8.0,,,,8.0,8.25,,1
2030740,7510303,D01,8.2,,6.4,6.75,,,,,,,3
45004088,7420201,D07,,,7.2,7.6,,,,,7.5,,4
54009425,7480201,A01,,,7.4,7.75,,,,7.8,,,0
2018496,7480201,A01,,,7.4,6.75,,,,7.8,,,0
41001659,7340120,A00,,,,7.75,,,,7.75,8.0,,1
42010477,7220201,A01,,,7.8,8.5,,,,7.4,,,6
2077347,7510203,A00,,,,8.0,,,,7.75,7.4,,3
2040150,7220201,D01,7.75,,9.4,7.6,,,,,,,6
46005852,7220201,D01,8.8,,7.0,7.75,,,,,,,6
40008770,7340129,A00,,,,7.8,,,,6.75,6.25,,4
2071010,7340120,A00,,,,6.25,,,,7.5,8.0,,1
36002785,7810201,A00,,,,6.5,,,,6.0,7.0,,2
42009277,7340115,A00,,,,7.5,,,,8.75,8.0,,1
47000497,7380107,D01,7.25,,7.8,8.2,,,,,,,5
2038746,7340301,A01,,,8.2,8.2,,,,6.25,,,1
52003806,7480201,D01,7.6,,7.8,8.5,,,,,,,0
2066489,7480201,A00,,,,8.2,,,,6.25,8.25,,0
47000301,7480201,A00,,,,7.8,,,,7.25,8.0,,0
2044041,7510301,D01,7.2,,7.6,7.0,,,,,,,3
2084672,7480201,A01,,,7.6,8.2,,,,6.75,,,0
40004758,7480201,D07,,,7.4,7.5,,,,,7.4,,0
41008717,7510203,D01,7.8,,6.4,7.0,,,,,,,3
64002493,7220204,D01,7.4,,7.0,7.0,,,,,,,6
47000407,7340201,A01,,,7.4,8.0,,,,7.2,,,1
44010084,7510203,D01,7.4,,7.2,8.0,,,,,,,3
39007489,7380107,D15,8.0,4.6,7.25,,,,,,,,5
2044103,7510301,D07,,,7.6,6.5,,,,,8.4,,3
41010425,7340120,A01,,,8.4,8.2,,,,6.75,,,1
44010205,7510303,D01,6.0,,6.8,8.25,,,,,,,3
46001383,7340129,D01,7.4,,7.6,7.75,,,,,,,4
42001583,7460108,D07,,,7.0,7.25,,,,,6.2,,0
47006440,7480201,D01,8.0,,9.2,7.8,,,,,,,0
2020466,7540204,D01,7.0,,6.6,6.8,,,,,,,3
42005535,7340301,A00,,,,6.75,,,,8.25,8.2,,1
35007733,7340120,A00,,,,6.75,,,,9.0,8.0,,1
52010442,7340122,A00,,,,7.0,,,,8.0,7.2,,1
48001177,7220204,D01,8.0,,7.0,8.5,,,,,,,6
2046017,7520115,D01,6.4,,6.0,7.25,,,,,,,3
2067527,7510303,D01,6.8,,7.6,7.25,,,,,,,3
34009293,7340120,D01,8.8,,7.4,7.5,,,,,,,1
37010539,7340122,A01,,,8.2,7.0,,,,6.4,,,1
2077825,7480201,A00,,,,7.5,,,,8.0,7.8,,0
49011496,7540101,D07,,,7.0,7.25,,,,,7.2,,4
41014373,7540106,B00,,,,6.5,,,,,7.25,7.2,4
2014440,7540101,B00,,,,7.5,,,,,8.0,7.8,4
2012052,7810201,D01,5.8,,6.8,7.0,,,,,,,2
42009372,7540101,A01,,,8.0,8.2,,,,8.0,,,4
51011747,7220201,D01,7.25,,9.8,7.2,,,,,,,6
2059353,7340301,D01,7.25,,7.8,7.8,,,,,,,1
2079943,7340115,D01,7.75,,7.4,8.8,,,,,,,1
53011692,7220204,D01,8.5,,8.4,7.6,,,,,,,6
61007391,7540101,B00,,,,7.5,,,,,7.75,6.6,4
51004667,7540101,B00,,,,8.0,,,,,7.75,8.0,4
47001769,7220204,D01,5.6,,6.8,8.75,,,,,,,6
35006059,7810202,D01,8.5,,8.2,7.8,,,,,,,2
40016747,7510401,D07,,,7.2,7.5,,,,,6.0,,3
49013038,7510203,A00,,,,7.75,,,,8.0,7.6,,3
42008502,7810201,D01,6.8,,7.2,7.0,,,,,,,2
2029675,7340129,D01,8.5,,8.0,8.6,,,,,,,4
58003402,7340115,A01,,,8.2,7.5,,,,8.0,,,1
43006694,7540106,B00,,,,7.75,,,,,6.5,7.2,4
41008868,7380107,D15,7.5,5.6,8.0,,,,,,,,5
57003050,7480201,A00,,,,7.25,,,,8.0,8.0,,0
2066796,7810202,A00,,,,7.8,,,,7.25,7.5,,2
41009608,7340201,A01,,,7.2,8.0,,,,8.2,,,1
2043035,7510406,A00,,,,6.0,,,,6.25,7.2,,4
46000783,7340201,A00,,,,8.75,,,,7.25,7.4,,1
37010919,7340101,D01,6.4,,8.0,6.5,,,,,,,1
2036972,7340129,D01,4.8,,7.2,7.5,,,,,,,4
38002801,7340101,D01,8.0,,8.0,7.6,,,,,,,1
2026030,7540101,A01,,,8.2,7.5,,,,7.8,,,4
48006052,7220204,D09,,,7.4,9.0,,,7.4,,,,6
48024098,7510203,A00,,,,6.5,,,,6.5,7.8,,3
46003800,7420201,B00,,,,6.8,,,,,6.75,5.75,4
39005145,7380107,D01,7.0,,7.2,7.2,,,,,,,5
2058725,7819010,B00,,,,5.5,,,,,7.0,6.2,2
2037376,7540101,A00,,,,7.5,,,,8.25,8.2,,4
42005110,7480201,D01,6.8,,7.6,8.75,,,,,,,0
2019291,7340115,A01,,,7.8,8.0,,,,8.4,,,1
2048386,7510203,D01,5.25,,6.6,6.0,,,,,,,3
37008339,7810201,D15,7.5,6.4,7.25,,,,,,,,2
41006888,7540101,A01,,,7.4,7.5,,,,7.8,,,4
43000312,7340115,D01,7.2,,7.6,9.0,,,,,,,1
41002174,7380107,A00,,,,7.6,,,,7.0,7.5,,5
2067271,7819010,D07,,,7.0,6.25,,,,,5.6,,2
37002850,7810103,D01,5.8,,6.8,7.75,,,,,,,2
41011897,7220201,D01,7.8,,7.4,7.5,,,,,,,6
43006118,7340101,A00,,,,7.0,,,,7.5,8.6,,1
49009948,7540101,A01,,,7.4,7.75,,,,8.0,,,4
56011473,7220204,D09,,,7.4,8.5,,,5.8,,,,6
47008674,7340301,D01,5.6,,7.6,7.0,,,,,,,1
52009260,7460108,D07,,,6.8,6.5,,,,,5.8,,0
53001692,7480202,D01,6.5,,4.8,6.2,,,,,,,0
37012258,7510301,D01,6.75,,6.4,6.8,,,,,,,3
29005184,7510203,D01,7.75,,6.8,6.8,,,,,,,3
2031341,7480201,A00,,,,6.5,,,,7.75,8.0,,0
36002044,7340101,A00,,,,8.5,,,,7.5,7.6,,1
29002394,7340205,D01,6.2,,7.4,8.25,,,,,,,1
2017325,7510301,A00,,,,7.25,,,,6.0,8.4,,3
47000179,7340101,A00,,,,8.0,,,,6.0,7.6,,1
48025452,7340123,D01,7.8,,7.0,7.0,,,,,,,1
53014706,7540101,B00,,,,8.0,,,,,8.0,8.0,4
37010190,7380107,A01,,,7.0,8.25,,,,7.0,,,5
37002204,7480201,D07,,,7.2,7.75,,,,,7.8,,0
2036261,7520115,D01,6.0,,5.6,6.75,,,,,,,3
2037955,7540101,B00,,,,8.25,,,,,8.25,7.0,4
2001681,7520115,D01,6.2,,6.8,6.0,,,,,,,3
2031742,7480201,A00,,,,7.75,,,,8.25,7.4,,0
2014499,7340115,D01,7.4,,7.2,8.0,,,,,,,1
40004766,7340129,A00,,,,6.25,,,,7.25,7.6,,4
37016641,7510301,D01,5.5,,6.4,5.8,,,,,,,3
46005358,7480202,A01,,,6.2,7.6,,,,6.0,,,0
2040568,7819010,B00,,,,6.75,,,,,7.0,6.2,2
48015743,7510203,D01,6.4,,6.4,6.5,,,,,,,3
2031904,7340201,A00,,,,6.25,,,,7.0,7.4,,1
53009298,7480201,D01,7.75,,8.2,6.8,,,,,,,0
56010258,7510202,D01,5.2,,6.4,7.25,,,,,,,3
40020363,7340101,A00,,,,6.75,,,,8.25,7.8,,1
2045462,7480201,A00,,,,7.25,,,,6.75,7.2,,0
49013227,7340201,D01,9.0,,7.6,7.2,,,,,,,1
56000330,7380107,D15,8.0,5.4,6.0,,,,,,,,5
48015904,7340122,D01,8.0,,8.0,7.25,,,,,,,1
2054892,7510401,A00,,,,6.5,,,,7.0,7.4,,3
2064635,7480201,D07,,,8.0,8.0,,,,,7.0,,0
35002309,7340120,D01,6.4,,7.0,8.0,,,,,,,1
2043944,7540101,A00,,,,7.25,,,,7.75,8.2,,4
2018733,7510303,D01,7.2,,6.8,7.25,,,,,,,3
39009753,7510401,A00,,,,8.2,,,,6.5,7.5,,3
2018772,7220201,D01,6.0,,7.6,7.5,,,,,,,6
56010042,7510303,D01,6.4,,6.8,7.0,,,,,,,3
2030250,7520115,D01,5.0,,6.4,7.6,,,,,,,3
2006438,7810201,D01,6.4,,7.6,6.5,,,,,,,2
40012506,7510203,D01,5.75,,7.2,8.0,,,,,,,3
54008816,7340301,D01,5.0,,7.6,7.75,,,,,,,1
2012571,7850101,B00,,,,7.0,,,,,8.0,6.25,4
2019812,7340301,D01,8.2,,6.6,7.0,,,,,,,1
35009977,7510301,A00,,,,5.75,,,,6.75,8.0,,3
49012441,7340201,A00,,,,6.75,,,,7.25,6.4,,1
47008658,7340101,D01,8.25,,8.4,7.8,,,,,,,1
2006801,7480201,D01,7.5,,8.4,7.2,,,,,,,0
48015023,7480202,A00,,,,6.6,,,,5.0,6.5,,0
2083637,7340115,A00,,,,8.0,,,,8.5,7.6,,1
37005682,7340120,A01,,,8.0,7.75,,,,8.4,,,1
37015871,7340120,A01,,,7.8,8.5,,,,7.4,,,1
2076075,7480201,D01,7.2,,7.2,6.75,,,,,,,0
37003847,7340129,A01,,,7.0,7.8,,,,7.0,,,4
48024914,7420201,B00,,,,7.0,,,,,6.25,7.2,4
43001416,7480201,A00,,,,7.75,,,,7.75,8.6,,0
2061095,7810202,A01,,,7.2,5.25,,,,6.4,,,2
35010605,7340120,D01,6.6,,7.6,8.5,,,,,,,1
37011696,7340120,A00,,,,6.0,,,,7.0,8.0,,1
2070010,7480202,D01,6.75,,4.6,4.8,,,,,,,0
44010040,7480201,A00,,,,7.4,,,,7.5,8.25,,0
48008868,7480201,A01,,,8.6,8.2,,,,5.75,,,0
53012271,7510202,D01,3.2,,7.0,8.0,,,,,,,3
37012344,7480201,A01,,,6.6,6.5,,,,8.0,,,0
49014863,7340301,A00,,,,7.6,,,,7.5,7.75,,1
2082854,7510303,D01,6.0,,8.0,4.6,,,,,,,3
47003484,7819010,B00,,,,5.75,,,,,7.0,6.0,2
35002672,7510401,A00,,,,7.25,,,,8.5,8.4,,3
2034113,7510303,A00,,,,7.4,,,,5.75,6.5,,3
38001272,7380107,D01,5.8,,6.6,8.5,,,,,,,5
35005482,7510303,A00,,,,7.8,,,,6.0,5.75,,3
41001224,7510303,A00,,,,7.4,,,,5.25,4.75,,3
63006863,7480201,A01,,,7.8,6.5,,,,6.2,,,0
2047987,7510301,A00,,,,8.2,,,,6.25,6.75,,3
2046457,7420201,A01,,,6.6,8.25,,,,8.0,,,4
2036154,7340120,A00,,,,8.0,,,,7.5,8.0,,1
48017832,7480201,A01,,,7.8,8.0,,,,8.2,,,0
36003023,7510301,A00,,,,6.25,,,,7.5,7.4,,3
46005211,7380107,A00,,,,6.5,,,,6.75,8.0,,5
34013425,7340120,D01,8.5,,7.4,8.0,,,,,,,1
2016387,7480202,D01,6.8,,6.2,6.0,,,,,,,0
2075402,7340101,A00,,,,7.75,,,,7.75,8.4,,1
46006667,7810202,D01,8.0,,6.8,8.2,,,,,,,2
35008198,7480202,A00,,,,6.0,,,,7.75,7.0,,0
2020150,7510202,D01,6.6,,7.0,6.0,,,,,,,3
53008208,7340120,D01,8.2,,7.6,7.5,,,,,,,1
35008404,7340115,A00,,,,8.0,,,,7.75,7.8,,1
2045751,7510203,A00,,,,7.0,,,,7.5,7.8,,3
48005256,7220201,D01,8.0,,7.6,6.25,,,,,,,6
41004545,7340120,A00,,,,7.5,,,,7.25,7.2,,1
43009888,7340120,A01,,,7.8,8.0,,,,7.2,,,1
2055684,7810103,A00,,,,6.5,,,,7.25,6.6,,2
2038907,7540101,D07,,,8.6,8.0,,,,,8.25,,4
2021753,7810202,D01,7.5,,7.6,7.4,,,,,,,2
29033400,7480201,A01,,,7.2,7.5,,,,8.4,,,0
49008196,7510203,A00,,,,6.4,,,,5.5,5.0,,3
48000865,7510202,D01,5.0,,7.2,5.5,,,,,,,3
37002289,7510303,A00,,,,6.75,,,,6.75,7.6,,3
2040889,7480201,A01,,,7.4,8.25,,,,7.0,,,0
2034303,7480202,A01,,,7.4,8.25,,,,7.2,,,0
37017493,7340101,A00,,,,7.25,,,,7.0,8.6,,1
2023191,7340120,D01,8.0,,8.2,8.0,,,,,,,1
56003772,7340101,A00,,,,6.25,,,,8.0,6.4,,1
59005623,7220204,D01,6.2,,8.6,8.5,,,,,,,6
43009465,7340201,A00,,,,8.4,,,,7.5,8.25,,1
35005452,7480201,A00,,,,6.75,,,,6.75,7.6,,0
46007924,7480201,A00,,,,8.6,,,,7.25,8.0,,0
2062928,7480201,A00,,,,7.75,,,,7.25,7.6,,0
45003668,7340115,D01,8.6,,5.8,8.0,,,,,,,1
37003839,7480201,A00,,,,8.4,,,,6.75,8.25,,0
52005577,7340123,A00,,,,7.75,,,,4.75,7.2,,1
46006532,7810103,D01,7.25,,7.2,7.8,,,,,,,2
53003480,7340120,D01,9.25,,7.6,7.6,,,,,,,1
63005759,7540204,D01,3.4,,6.2,7.0,,,,,,,3
2066853,7340101,A00,,,,8.2,,,,7.75,8.75,,1
53016019,7540106,D07,,,7.6,6.8,,,,,7.25,,4
40000128,7340101,A00,,,,7.75,,,,8.0,8.0,,1
41010380,7480201,A01,,,8.4,7.0,,,,6.0,,,0
39005583,7220201,D01,7.25,,7.8,8.4,,,,,,,6
58004499,7520115,D01,5.2,,6.2,6.5,,,,,,,3
2023039,7420201,A01,,,5.4,7.4,,,,6.0,,,4
38003063,7340201,A00,,,,7.75,,,,7.75,7.8,,1
44000763,7510401,D07,,,7.4,5.6,,,,,7.25,,3
2069117,7819009,A01,,,6.8,5.25,,,,7.6,,,2
49008482,7480201,A00,,,,7.4,,,,7.25,8.75,,0
44001225,7540101,A00,,,,8.25,,,,8.75,8.2,,4
39005823,7340101,A00,,,,9.0,,,,6.75,7.5,,1
2076097,7540105,A00,,,,5.75,,,,6.5,4.8,,4
49007093,7540106,B00,,,,8.4,,,,,7.0,7.5,4
2044536,7380107,A01,,,8.4,6.5,,,,6.4,,,5
52010269,7510203,A01,,,7.4,7.25,,,,7.2,,,3
49010481,7340301,D01,8.0,,7.2,7.2,,,,,,,1
2018001,7480202,D07,,,7.8,6.0,,,,,6.0,,0
35000229,7510303,A00,,,,6.25,,,,6.0,8.6,,3
2014673,7340129,A01,,,6.2,7.5,,,,5.4,,,4
52012368,7480201,A00,,,,7.5,,,,7.75,7.8,,0
2015922,7460108,D07,,,7.2,6.75,,,,,6.4,,0
48024552,7810201,A00,,,,8.0,,,,7.5,7.8,,2
35011912,7510202,D01,6.75,,3.8,5.4,,,,,,,3
2047541,7540101,D07,,,8.2,7.5,,,,,8.4,,4
2083692,7380107,D01,6.5,,9.0,7.2,,,,,,,5
2035899,7810103,D01,7.0,,7.8,8.0,,,,,,,2
51000302,7510401,A00,,,,8.0,,,,6.75,7.5,,3
2087069,7340129,A00,,,,8.2,,,,6.75,7.25,,4
2031597,7510301,A00,,,,7.0,,,,6.0,7.8,,3
47010475,7340129,D01,3.6,,6.4,8.25,,,,,,,4
49008054,7510203,A00,,,,7.0,,,,4.5,4.5,,3
2080396,7480201,D01,6.5,,9.0,7.6,,,,,,,0
42009509,7420201,A00,,,,8.0,,,,7.0,7.8,,4
2038867,7480201,A01,,,8.4,7.8,,,,7.5,,,0
2075015,7340201,D01,6.0,,8.4,7.0,,,,,,,1
53015807,7220204,D01,8.5,,7.0,7.6,,,,,,,6
53006567,7480201,A00,,,,8.0,,,,6.5,7.6,,0
2042103,7510401,B00,,,,6.0,,,,,5.25,6.6,3
35001789,7510203,A00,,,,6.75,,,,7.25,6.8,,3
2068273,7220201,D09,,,8.0,7.0,,,9.0,,,,6
40018594,7510301,D01,8.0,,4.6,6.8,,,,,,,3
2039670,7340201,D01,7.75,,8.4,7.0,,,,,,,1
2039644,7380107,D15,6.5,6.2,8.0,,,,,,,,5
48030504,7540204,D01,3.2,,6.8,7.5,,,,,,,3
35005346,7510202,A00,,,,7.2,,,,4.0,7.0,,3
54009195,7380107,D01,7.5,,6.2,7.6,,,,,,,5
30008869,7340115,A00,,,,7.25,,,,7.75,8.0,,1
49009259,7340101,A00,,,,8.0,,,,8.0,7.6,,1
2020312,7480202,A01,,,6.8,6.5,,,,6.2,,,0
60003407,7480201,D01,7.25,,7.6,9.2,,,,,,,0
59007245,7220201,D01,7.75,,7.4,7.6,,,,,,,6
35007167,7540106,A00,,,,6.5,,,,8.5,7.0,,4
32001825,7340201,A00,,,,7.5,,,,8.0,8.6,,1
45003413,7510401,B00,,,,8.0,,,,,7.5,7.0,3
33004390,7420201,D07,,,7.2,9.0,,,,,6.8,,4
2073673,7510303,A00,,,,6.8,,,,4.75,7.25,,3
39009461,7540106,A00,,,,8.6,,,,7.0,8.25,,4
37005880,7340115,D01,6.2,,7.8,8.25,,,,,,,1
2067575,7540101,B00,,,,7.75,,,,,7.75,7.4,4
58008368,7510303,A00,,,,7.4,,,,6.75,7.25,,3
2026390,7480202,D01,6.5,,7.2,6.8,,,,,,,0
2083866,7480201,D01,6.75,,7.6,8.0,,,,,,,0
35002222,7340120,A00,,,,7.75,,,,8.0,7.6,,1
2073335,7810201,D01,7.0,,8.8,7.4,,,,,,,2
40003002,7340301,D01,6.6,,7.6,8.25,,,,,,,1
46004788,7850101,B00,,,,6.0,,,,,6.25,6.0,4
53006343,7340301,A00,,,,7.8,,,,7.25,7.25,,1
2023836,7460108,A00,,,,6.5,,,,5.25,6.2,,0
35007547,7340201,A01,,,6.8,8.2,,,,7.5,,,1
52002645,7220201,D09,,,7.8,7.0,,,6.6,,,,6
57002565,7810202,A01,,,8.0,7.6,,,,8.5,,,2
48010398,7220204,A01,,,8.4,6.8,,,,7.75,,,6
40003350,7340101,A00,,,,6.75,,,,7.25,6.8,,1
56007237,7340115,D01,8.4,,6.8,9.0,,,,,,,1
40017330,7340101,A00,,,,8.0,,,,7.25,7.75,,1
2017299,7340129,A00,,,,5.75,,,,7.75,6.2,,4
46007225,7220201,D01,7.25,,7.6,8.0,,,,,,,6
2038915,7220201,A01,,,9.6,8.8,,,,8.0,,,6
52004668,7510303,A00,,,,6.0,,,,7.25,7.6,,3
2066301,7220201,A01,,,9.2,8.6,,,,7.75,,,6
2050379,7480201,D07,,,7.8,7.6,,,,,8.25,,0
60003921,7540101,A00,,,,7.5,,,,6.0,7.0,,4
47006922,7810202,D01,6.6,,7.6,7.0,,,,,,,2
2020157,7480202,A01,,,7.4,5.75,,,,5.8,,,0
2074763,7510203,A00,,,,6.4,,,,5.75,5.0,,3
46008419,7520115,D01,3.6,,7.6,6.25,,,,,,,3
42014067,7420201,B00,,,,7.5,,,,,5.5,8.0,4
2003315,7819010,A00,,,,6.75,,,,8.5,6.0,,2
4008352,7540101,D07,,,7.8,8.5,,,,,8.4,,4
2035136,7340101,A00,,,,7.0,,,,7.75,8.2,,1
48017249,7340120,D01,8.25,,8.6,7.8,,,,,,,1
57009538,7540101,A00,,,,8.75,,,,7.0,7.4,,4
2044878,7480201,A00,,,,6.5,,,,6.75,8.0,,0
35001801,7380107,D01,5.75,,7.8,7.6,,,,,,,5
41001515,7480201,A00,,,,8.2,,,,7.5,7.5,,0
49006504,7340115,A00,,,,6.0,,,,8.5,7.6,,1
42009470,7340115,A00,,,,7.75,,,,8.0,8.4,,1
41011338,7510203,A00,,,,6.0,,,,8.75,7.6,,3
37005460,7340115,D01,7.2,,8.8,7.5,,,,,,,1
2027923,7220201,D01,7.5,,8.6,7.4,,,,,,,6
43006951,7340301,D01,5.4,,6.6,9.0,,,,,,,1
40013209,7340115,D01,7.8,,7.6,7.5,,,,,,,1
35003386,7480201,A00,,,,7.75,,,,7.5,8.2,,0
2058460,7480201,A01,,,9.0,8.2,,,,6.5,,,0
2016122,7340301,D01,5.6,,7.4,7.0,,,,,,,1
43010610,7810103,D15,6.5,7.0,7.5,,,,,,,,2
2020948,7510401,B00,,,,8.8,,,,,7.75,7.75,3
58005485,7510202,D01,3.4,,7.8,7.5,,,,,,,3
42000908,7340115,D01,8.0,,7.8,8.75,,,,,,,1
46010068,7340120,D01,6.6,,7.8,7.0,,,,,,,1
60001535,7340120,D01,7.0,,8.6,7.8,,,,,,,1
2067836,7540106,A00,,,,6.0,,,,6.75,7.25,,4
2089234,7810201,D01,7.25,,8.2,7.6,,,,,,,2
37006342,7340101,A01,,,7.6,8.8,,,,7.75,,,1
2043207,7380107,A00,,,,7.6,,,,6.75,7.5,,5
2013256,7510303,D01,5.8,,7.0,7.0,,,,,,,3
46003063,7340101,A01,,,8.6,7.4,,,,7.25,,,1
2044776,7380107,D01,7.0,,8.4,6.2,,,,,,,5
35003767,7480201,D01,7.2,,7.8,7.75,,,,,,,0
2037160,7480201,D01,6.8,,7.2,7.0,,,,,,,0
46006334,7540101,A00,,,,7.25,,,,7.5,8.8,,4
40009654,7340301,A00,,,,7.6,,,,6.75,8.5,,1
45000755,7540101,A00,,,,7.0,,,,6.5,6.8,,4
29009084,7340301,A00,,,,8.8,,,,7.5,8.25,,1
37006857,7340120,A01,,,9.6,7.6,,,,8.0,,,1
2058307,7340101,A01,,,7.6,6.75,,,,7.2,,,1
48004923,7540101,A00,,,,7.0,,,,7.75,7.8,,4
43002580,7340201,A00,,,,7.0,,,,7.75,8.2,,1
46004866,7380107,A00,,,,7.25,,,,7.0,7.2,,5
56010188,7480201,A00,,,,7.25,,,,7.5,8.2,,0
31004134,7540101,B00,,,,7.8,,,,,8.5,8.5,4
37013328,7480202,D01,6.5,,4.4,4.6,,,,,,,0
2082020,7540106,A00,,,,7.4,,,,6.25,6.25,,4
30004027,7510301,D01,5.5,,4.8,6.4,,,,,,,3
53001420,7510303,A00,,,,7.8,,,,7.0,7.0,,3
48006671,7420201,B00,,,,6.8,,,,,6.25,7.5,4
52007107,7480201,A01,,,7.6,7.6,,,,7.5,,,0
42006543,7510303,D01,6.75,,5.0,7.6,,,,,,,3
58008774,7510303,A01,,,7.8,6.5,,,,7.6,,,3
2040204,7380107,D01,7.25,,9.0,6.0,,,,,,,5
49005271,7340201,A01,,,7.6,6.25,,,,6.6,,,1
49001325,7220204,D01,8.5,,7.0,7.2,,,,,,,6
43000670,7340122,D01,6.0,,7.0,8.75,,,,,,,1
30011953,7480201,D01,7.75,,7.0,7.8,,,,,,,0
56013136,7540106,A00,,,,8.0,,,,5.0,6.75,,4
2034250,7340201,A00,,,,6.0,,,,8.5,7.8,,1
2066338,7540101,D07,,,9.0,8.6,,,,,7.25,,4
2007655,7810103,D01,6.0,,7.8,7.75,,,,,,,2
46005006,7480201,A00,,,,7.25,,,,6.5,7.8,,0
35002219,7340129,D01,8.5,,4.4,7.2,,,,,,,4
29016715,7420201,B00,,,,7.6,,,,,8.25,8.75,4
2036322,7340301,A00,,,,8.0,,,,7.25,8.0,,1
38009065,7340120,A01,,,8.2,7.8,,,,6.75,,,1
49008808,7480201,D07,,,7.4,8.25,,,,,7.0,,0
37012904,7380107,D01,7.75,,6.6,7.0,,,,,,,5
47003971,7540101,A00,,,,7.5,,,,8.25,8.6,,4
2044364,7340301,A00,,,,8.2,,,,6.5,8.25,,1
49001088,7340115,D01,7.6,,7.8,8.75,,,,,,,1
37000850,7340115,D01,7.6,,7.8,7.25,,,,,,,1
37012295,7340115,A00,,,,8.25,,,,7.25,7.4,,1
35008303,7340120,A00,,,,6.75,,,,7.5,7.0,,1
37005884,7540204,D01,5.6,,8.0,7.5,,,,,,,3
2017697,7480202,D01,6.0,,6.2,6.0,,,,,,,0
36001308,7220201,A01,,,7.8,8.5,,,,7.4,,,6
53013301,7340101,D01,6.0,,6.8,8.25,,,,,,,1
56007762,7340115,D01,7.0,,8.0,8.5,,,,,,,1
53006593,7340201,A00,,,,6.25,,,,7.75,7.4,,1
53011767,7340301,D01,9.0,,7.8,7.6,,,,,,,1
48024929,7510203,A00,,,,7.25,,,,7.5,7.4,,3
40006750,7420201,A00,,,,8.2,,,,5.5,6.25,,4
40016942,7380107,A00,,,,8.25,,,,7.75,8.0,,5
35009070,7340115,A00,,,,8.5,,,,8.0,7.8,,1
48006815,7540101,A00,,,,7.75,,,,7.25,7.4,,4
2023333,7510203,A01,,,8.6,6.8,,,,5.75,,,3
39003733,7340101,A00,,,,7.5,,,,7.25,8.2,,1
51016625,7340201,A00,,,,7.0,,,,7.5,7.4,,1
49008251,7540204,D01,6.5,,4.6,7.0,,,,,,,3
48028735,7460108,D01,9.2,,6.8,7.25,,,,,,,0
2081235,7480201,A00,,,,7.4,,,,7.75,7.25,,0
49013265,7380107,A00,,,,7.4,,,,7.0,7.25,,5
44011026,7540101,B00,,,,7.75,,,,,7.0,7.0,4
53003739,7340201,D01,8.75,,7.4,6.6,,,,,,,1
37007079,7220201,D01,7.5,,8.6,7.6,,,,,,,6
39010370,7340120,D01,7.4,,7.8,7.5,,,,,,,1
29014125,7220204,D01,8.0,,9.0,7.4,,,,,,,6
39004155,7480201,D07,,,6.6,6.75,,,,,8.0,,0
42007516,7540101,A00,,,,7.25,,,,7.5,7.6,,4
46003370,7510202,D01,4.6,,7.4,6.75,,,,,,,3
35009956,7540101,A00,,,,8.8,,,,7.75,7.25,,4
43006436,7540106,A00,,,,7.0,,,,6.75,7.0,,4
2044018,7480201,D01,7.8,,7.0,7.25,,,,,,,0
2035188,7480201,A00,,,,7.8,,,,7.5,7.5,,0
2062854,7510303,A00,,,,7.25,,,,6.75,7.2,,3
37016406,7340101,D01,6.8,,7.6,6.5,,,,,,,1
37006612,7340129,A00,,,,6.75,,,,7.5,7.6,,4
46006740,7380107,D01,7.4,,6.8,8.0,,,,,,,5
2069879,7480201,D01,8.0,,7.8,8.0,,,,,,,0
2009172,7380107,A00,,,,7.4,,,,6.25,8.0,,5
49010868,7340101,A01,,,6.8,8.25,,,,6.6,,,1
37010796,7510203,D01,6.0,,5.0,8.4,,,,,,,3
2084605,7850101,A00,,,,6.8,,,,6.25,6.5,,4
35009296,7340115,D01,7.2,,7.0,8.75,,,,,,,1
2068162,7340101,A00,,,,7.75,,,,7.25,7.2,,1
35006948,7480201,A00,,,,7.6,,,,8.25,7.75,,0
37013838,7340120,A01,,,8.0,7.4,,,,8.0,,,1
48020081,7340101,A01,,,8.8,8.4,,,,7.0,,,1
2045895,7480201,A00,,,,8.2,,,,7.0,7.75,,0
50000158,7810201,A00,,,,4.75,,,,6.75,7.0,,2
52008847,7340301,A00,,,,8.4,,,,6.5,7.75,,1
48025964,7480201,D07,,,8.2,6.75,,,,,6.2,,0
2014584,7340101,D01,7.2,,7.2,7.0,,,,,,,1
2036507,7340201,D01,6.8,,8.0,7.25,,,,,,,1
41011747,7420201,B00,,,,6.8,,,,,7.0,5.5,4
57000570,7540101,D07,,,9.2,8.0,,,,,8.25,,4
49014866,7340120,D01,8.0,,7.2,8.4,,,,,,,1
43010776,7810103,A00,,,,6.5,,,,6.0,7.2,,2
2007167,7340101,A00,,,,6.75,,,,7.5,7.0,,1
2074430,7340115,D01,9.0,,7.4,8.5,,,,,,,1
52012734,7540101,B00,,,,6.5,,,,,7.0,7.0,4
49011376,7540101,A00,,,,6.0,,,,8.75,7.2,,4
56010447,7810202,A00,,,,8.8,,,,6.0,7.5,,2
2040344,7480201,A00,,,,7.6,,,,7.25,7.5,,0
51015924,7340201,A01,,,7.2,8.2,,,,7.75,,,1
48009041,7510402,A00,,,,7.6,,,,6.75,7.5,,3
46002017,7510401,D07,,,7.2,8.0,,,,,7.4,,3
52003772,7510202,A01,,,6.2,6.0,,,,6.4,,,3
50007093,7340101,A00,,,,7.5,,,,7.25,8.2,,1
48002083,7480202,D01,5.6,,7.4,5.5,,,,,,,0
54011544,7340101,A00,,,,7.8,,,,7.75,8.0,,1
52011668,7540105,B00,,,,6.5,,,,,7.5,7.6,4
41009231,7340120,D01,7.6,,6.8,7.5,,,,,,,1
32004853,7340120,A00,,,,7.25,,,,8.25,7.8,,1
50011196,7340301,A01,,,8.2,7.4,,,,7.75,,,1
35007028,7420201,A00,,,,7.6,,,,7.25,8.0,,4
37014409,7340123,D01,7.4,,7.6,6.0,,,,,,,1
29033547,7480201,D01,8.75,,8.0,8.0,,,,,,,0
2081660,7510401,D07,,,9.0,8.2,,,,,7.5,,3
2057776,7540101,D07,,,7.8,7.8,,,,,8.75,,4
42007504,7340123,D01,4.4,,6.0,6.5,,,,,,,1
2064731,7540101,D07,,,6.8,8.25,,,,,7.6,,4
46002104,7510202,A01,,,4.6,6.4,,,,5.75,,,3
2083825,7480202,D01,6.25,,6.2,7.6,,,,,,,0
2071885,7220201,D01,7.8,,7.4,6.5,,,,,,,6
50002150,7460108,D01,6.0,,6.8,7.0,,,,,,,0
2026952,7540101,B00,,,,7.6,,,,,7.75,9.25,4
49001637,7480201,A00,,,,8.25,,,,8.25,7.4,,0
2021068,7340129,D01,8.0,,7.4,7.0,,,,,,,4
53013600,7510401,A00,,,,5.5,,,,7.25,6.6,,3
56005590,7510301,D01,5.8,,7.0,7.25,,,,,,,3
2043931,7480201,A00,,,,8.25,,,,7.25,8.4,,0
2056635,7810202,D15,6.75,7.0,6.0,,,,,,,,2
2042793,7340101,A00,,,,7.25,,,,8.25,7.8,,1
53012142,7380107,D01,6.2,,6.2,8.0,,,,,,,5
43005020,7480201,A00,,,,7.75,,,,6.5,7.4,,0
2064902,7380107,A01,,,8.8,6.8,,,,7.25,,,5
56009689,7340129,D01,5.75,,6.8,7.0,,,,,,,4
2066393,7220201,D01,7.5,,9.4,8.0,,,,,,,6
2043447,7510303,D01,7.5,,3.8,7.6,,,,,,,3
2029994,7540101,A01,,,9.0,8.4,,,,8.25,,,4
47005868,7540105,A00,,,,6.6,,,,6.5,5.75,,4
2036007,7340115,D01,8.2,,7.2,7.75,,,,,,,1
2007365,7480202,A01,,,6.6,6.6,,,,6.0,,,0
52002510,7340101,D01,7.0,,6.0,7.75,,,,,,,1
51014847,7810202,D01,5.8,,6.4,8.25,,,,,,,2
2008943,7510401,B00,,,,7.4,,,,,8.0,7.5,3
31009953,7340115,D01,7.5,,8.6,8.0,,,,,,,1
37002673,7220204,A01,,,8.4,7.6,,,,7.75,,,6
37017673,7480201,A00,,,,7.25,,,,6.5,7.2,,0
32006484,7340122,A01,,,7.6,7.25,,,,7.4,,,1
2063201,7819010,B00,,,,7.25,,,,,7.25,7.0,2
2045961,7340101,D01,7.4,,6.8,7.0,,,,,,,1
56006032,7340201,A00,,,,6.25,,,,7.0,7.0,,1
46006370,7340115,A00,,,,7.75,,,,7.25,7.6,,1
53007622,7380107,A00,,,,7.5,,,,7.75,7.8,,5
49014431,7510303,A00,,,,7.2,,,,5.5,6.5,,3
47000628,7340129,D01,6.0,,7.8,6.25,,,,,,,4
2005068,7810201,D01,6.75,,9.4,6.4,,,,,,,2
53000040,7340122,D01,7.6,,7.4,7.25,,,,,,,1
49008672,7480201,D07,,,8.2,7.4,,,,,8.5,,0
2021732,7810202,A00,,,,7.5,,,,6.75,7.6,,2
2065619,7340115,A00,,,,7.5,,,,7.75,7.8,,1
37010699,7510203,A00,,,,6.25,,,,6.75,7.8,,3
38002629,7340115,A00,,,,8.0,,,,7.25,8.75,,1
54012649,7540101,B00,,,,8.25,,,,,8.75,8.6,4
2074549,7220201,D01,8.0,,6.4,7.5,,,,,,,6
56007065,7510301,D01,5.0,,5.4,7.8,,,,,,,3
60005561,7540101,A00,,,,6.75,,,,7.5,7.2,,4
46000446,7340201,A00,,,,7.25,,,,8.25,8.2,,1
53008163,7220201,D01,6.4,,7.4,8.0,,,,,,,6
53014364,7340301,D01,8.5,,7.6,8.2,,,,,,,1
63006038,7340115,A00,,,,7.75,,,,7.5,8.4,,1
37014732,7510303,A00,,,,5.2,,,,6.25,6.25,,3
59003952,7340120,A00,,,,6.75,,,,7.0,7.4,,1
2043412,7510303,A01,,,9.0,8.2,,,,7.25,,,3
2045274,7340101,A00,,,,9.4,,,,7.25,8.0,,1
48030067,7510303,A01,,,7.6,5.75,,,,8.0,,,3
48002096,7340201,A01,,,8.0,8.2,,,,6.75,,,1
2039193,7510202,D01,6.25,,8.4,7.0,,,,,,,3
40012709,7340201,A00,,,,8.0,,,,7.0,8.2,,1
2068515,7420201,D07,,,8.0,7.75,,,,,7.2,,4
34012673,7380107,A00,,,,7.4,,,,7.0,7.25,,5
2075275,7480201,A00,,,,6.0,,,,7.75,8.0,,0
2010582,7540101,B00,,,,8.0,,,,,7.25,6.2,4
2017720,7340301,A00,,,,7.25,,,,9.25,7.6,,1
48010752,7540101,A00,,,,8.6,,,,7.75,8.25,,4
2069443,7220201,D01,6.6,,7.0,7.5,,,,,,,6
2012445,7540204,D01,6.5,,6.2,6.4,,,,,,,3
53006509,7850101,B00,,,,7.25,,,,,4.75,6.6,4
2022057,7540101,A00,,,,7.5,,,,8.25,7.2,,4
2028052,7340120,A00,,,,8.25,,,,8.25,7.2,,1
53002100,7340129,A00,,,,7.0,,,,7.75,8.0,,4
49006006,7340101,A00,,,,6.5,,,,8.25,8.4,,1
37011988,7810202,A01,,,7.6,7.8,,,,8.0,,,2
56001956,7510203,A00,,,,6.0,,,,8.0,7.0,,3
56001012,7540106,A00,,,,6.0,,,,6.0,5.5,,4
2007159,7340101,A01,,,7.4,6.0,,,,9.2,,,1
2047338,7540106,B00,,,,7.4,,,,,7.25,5.25,4
25011520,7480201,D01,6.2,,7.4,8.0,,,,,,,0
2050321,7420201,D07,,,7.2,6.8,,,,,6.5,,4
35002631,7480201,D07,,,7.6,8.0,,,,,6.8,,0
2006254,7520115,D01,5.8,,7.8,7.5,,,,,,,3
2013798,7510202,A00,,,,6.25,,,,5.75,5.4,,3
2064630,7510203,A01,,,8.6,6.0,,,,6.6,,,3
2062566,7819010,B00,,,,6.25,,,,,7.0,6.4,2
48005083,7340101,A00,,,,5.75,,,,7.5,7.8,,1
37007406,7340129,D01,3.4,,7.4,7.25,,,,,,,4
48016176,7340115,D01,8.0,,7.0,8.5,,,,,,,1
49012521,7340301,A01,,,6.8,6.25,,,,7.2,,,1
41003254,7540101,A00,,,,7.8,,,,7.25,8.75,,4
2064220,7480201,D07,,,7.6,6.5,,,,,9.0,,0
2045934,7340201,D01,8.75,,7.6,7.4,,,,,,,1
2077882,7340301,D01,7.0,,7.2,7.5,,,,,,,1
2008715,7540106,A00,,,,7.2,,,,5.75,6.5,,4
2039892,7340101,D01,7.5,,8.2,8.4,,,,,,,1
48023707,7510203,D01,7.6,,6.2,8.0,,,,,,,3
40014507,7510303,A00,,,,6.75,,,,5.5,8.0,,3
42007500,7480201,A00,,,,7.25,,,,7.5,6.8,,0
35001769,7480202,D01,8.5,,4.8,7.8,,,,,,,0
42012375,7340201,D01,7.0,,8.0,8.0,,,,,,,1
2044091,7480201,D01,7.2,,7.8,7.25,,,,,,,0
2034779,7540106,B00,,,,6.5,,,,,6.75,8.2,4
2069345,7810202,D01,7.0,,7.2,8.0,,,,,,,2
35010827,7480201,A00,,,,8.0,,,,7.75,7.6,,0
53000025,7220204,D01,8.25,,8.4,7.8,,,,,,,6
2082371,7380107,D01,6.4,,8.2,7.0,,,,,,,5
35010099,7480202,D01,6.0,,7.8,6.0,,,,,,,0
61002659,7480201,D01,7.25,,8.6,7.8,,,,,,,0
57005464,7540204,D01,6.75,,6.8,7.8,,,,,,,3
2014630,7540101,D07,,,7.8,6.5,,,,,9.0,,4
47004905,7510203,D01,4.8,,6.8,6.5,,,,,,,3
63006266,7340120,A00,,,,8.2,,,,7.0,8.75,,1
48024703,7340115,A01,,,8.6,8.4,,,,8.0,,,1
47001416,7340115,D01,7.6,,6.6,8.25,,,,,,,1
2069256,7810201,D01,7.6,,7.4,7.0,,,,,,,2
2037952,7540204,D01,7.0,,7.6,7.6,,,,,,,3
2047990,7220204,D01,7.5,,8.0,7.6,,,,,,,6
48028645,7220201,D01,8.0,,8.0,7.6,,,,,,,6
2067764,7810202,D01,7.5,,8.0,7.8,,,,,,,2
43000535,7340101,A00,,,,8.0,,,,7.5,7.75,,1
46003863,7380107,D01,8.5,,5.0,7.8,,,,,,,5
44005763,7340120,D01,7.6,,7.8,7.75,,,,,,,1
63000146,7340122,A00,,,,7.75,,,,8.0,7.4,,1
49006091,7420201,B00,,,,6.6,,,,,7.0,5.25,4
3021221,7540106,B00,,,,6.75,,,,,6.75,7.4,4
37013914,7480202,A00,,,,6.5,,,,6.75,7.2,,0
2074922,7520115,D01,5.8,,6.4,6.25,,,,,,,3
2062017,7340101,A00,,,,7.75,,,,7.75,8.0,,1
2040176,7510303,A01,,,8.8,7.4,,,,5.5,,,3
35000627,7340101,D01,6.8,,7.8,7.5,,,,,,,1
48023550,7480201,A00,,,,6.75,,,,8.0,7.4,,0
2035569,7510303,A00,,,,5.5,,,,7.75,6.8,,3
2000598,7480201,D01,6.75,,8.2,7.6,,,,,,,0
2083795,7810103,D01,7.5,,8.8,7.2,,,,,,,2
48015856,7480201,D01,6.6,,6.8,7.75,,,,,,,0
2044083,7810202,D01,7.4,,8.2,7.25,,,,,,,2
40012425,7340201,A00,,,,6.75,,,,6.75,8.0,,1
47006962,7480201,D07,,,9.0,8.0,,,,,7.75,,0
2036471,7540101,A00,,,,6.75,,,,8.25,8.0,,4
49004161,7420201,A00,,,,6.6,,,,6.25,6.25,,4
53007476,7340301,A00,,,,8.25,,,,7.75,8.2,,1
37013012,7810202,D01,6.2,,7.0,8.0,,,,,,,2
2008099,7340201,D01,7.0,,8.0,7.8,,,,,,,1
4006507,7540101,D07,,,8.4,8.75,,,,,8.0,,4
37004995,7510303,D01,7.0,,4.6,7.6,,,,,,,3
2080640,7810202,A01,,,7.4,9.0,,,,7.25,,,2
41003796,7510203,A00,,,,7.0,,,,6.5,7.75,,3
53001805,7810201,A00,,,,7.8,,,,7.5,7.75,,2
2024686,7340120,D01,8.0,,8.6,7.0,,,,,,,1
50012610,7540101,A00,,,,8.2,,,,7.25,8.25,,4
49006969,7340120,A00,,,,7.6,,,,7.5,8.0,,1
2036411,7340101,A00,,,,7.0,,,,7.25,7.4,,1
31009683,7810103,D01,6.8,,7.2,8.5,,,,,,,2
2066914,7340301,A01,,,7.8,8.6,,,,7.25,,,1
46001612,7340301,D01,9.0,,6.6,7.0,,,,,,,1
37008843,7340129,A00,,,,7.0,,,,6.75,7.6,,4
37015637,7810202,A00,,,,7.0,,,,7.5,7.2,,2
2035013,7540105,A00,,,,5.25,,,,4.25,6.6,,4
33011337,7460108,A00,,,,7.0,,,,5.5,7.0,,0
29000157,7220204,D09,,,7.8,9.5,,,6.8,,,,6
2045138,7480201,A01,,,8.2,7.6,,,,7.5,,,0
53003531,7340201,D01,7.5,,8.2,7.4,,,,,,,1
37002743,7510202,A00,,,,5.25,,,,7.5,6.2,,3
35006943,7540105,A00,,,,7.2,,,,5.25,8.5,,4
56001113,7460108,D07,,,7.2,8.5,,,,,7.8,,0
2040442,7480201,D07,,,7.4,7.0,,,,,7.2,,0
37012424,7380107,D01,5.6,,7.2,6.5,,,,,,,5
2064717,7480202,A00,,,,6.0,,,,5.0,7.4,,0
2083682,7510303,A01,,,7.4,7.0,,,,7.4,,,3
2079004,7340301,A00,,,,8.2,,,,7.0,7.5,,1
47009578,7340301,D01,7.0,,8.0,7.2,,,,,,,1
52007337,7510401,A00,,,,8.0,,,,6.75,7.75,,3
51011020,7510301,D01,4.6,,5.6,7.5,,,,,,,3
54014240,7460108,A00,,,,6.0,,,,7.5,6.4,,0
35009579,7480201,A00,,,,7.4,,,,7.5,7.75,,0
52009596,7340201,A00,,,,7.4,,,,7.25,8.25,,1
43009018,7340101,D01,8.5,,7.0,7.6,,,,,,,1
2067460,7340201,D01,7.5,,8.2,7.2,,,,,,,1
2023405,7850101,D07,,,6.8,4.75,,,,,5.0,,4
2060303,7510301,A00,,,,6.25,,,,4.25,7.4,,3
41001928,7340201,D01,7.6,,6.8,8.75,,,,,,,1
29016949,7340301,A00,,,,8.0,,,,8.0,7.6,,1
