ma_nganh,to_hop_thi,diem_Toan,diem_Ly,diem_Hoa,diem_Anh,diem_Van,diem_Su,diem_Sinh,diem_Dia,diem_Gdktpl,diem_Tin
7540101,B00,8.25,,8.25,,,,8.0,,,
7380107,A00,8.0,7.5,6.5,,,,,,,
7510202,D01,7.0,,,4.8,8.0,,,,,
7810202,D01,5.75,,,7.2,7.8,,,,,
7340201,A01,8.0,8.0,,7.6,,,,,,
7340101,A00,6.5,8.0,7.0,,,,,,,
7340115,A00,8.0,8.25,7.0,,,,,,,
7340301,A00,6.75,8.25,6.4,,,,,,,
7510303,D01,6.8,,,6.0,8.5,,,,,
7340301,D01,7.5,,,7.2,8.6,,,,,
7540204,D01,8.0,,,5.8,5.4,,,,,
7420201,B00,7.25,,6.75,,,,7.6,,,
7340201,A01,7.0,7.25,,8.8,,,,,,
7480201,A00,8.0,8.0,7.4,,,,,,,
7340201,A00,6.25,8.0,7.2,,,,,,,
7460108,D01,6.5,,,7.2,5.4,,,,,
7510303,A00,7.0,7.75,7.6,,,,,,,
7480202,D01,6.6,,,6.6,6.5,,,,,
7220204,D01,8.5,,,8.0,5.4,,,,,
7220204,D09,7.4,,,9.2,,7.0,,,,
7340122,A00,6.5,8.5,6.6,,,,,,,
7380107,D01,8.25,,,8.6,5.0,,,,,
7340101,D01,8.6,,,8.4,7.0,,,,,
7340201,D01,7.0,,,7.8,6.0,,,,,
7220201,D01,7.5,,,6.2,7.2,,,,,
7340120,D01,8.75,,,7.4,7.8,,,,,
7340101,A00,6.75,9.0,7.8,,,,,,,
7510303,A01,6.5,7.0,,7.8,,,,,,
7480201,A00,6.5,7.25,7.0,,,,,,,
7480201,D01,7.5,,,8.0,8.6,,,,,
7480201,A01,6.5,7.2,,7.2,,,,,,
7480201,A01,8.0,7.25,,8.2,,,,,,
7810201,D01,7.0,,,7.2,9.2,,,,,
7340101,A00,7.0,7.75,7.2,,,,,,,
7480201,D01,8.6,,,8.8,8.0,,,,,
7810202,D01,6.75,,,7.0,4.4,,,,,
7540101,A00,7.5,8.0,7.8,,,,,,,
7340120,D01,7.6,,,8.2,7.5,,,,,
7810201,A00,6.75,7.0,6.4,,,,,,,
7480201,A00,8.25,7.25,8.2,,,,,,,
7810103,D01,6.0,,,7.0,5.6,,,,,
7480201,A00,7.8,7.75,7.75,,,,,,,
7220201,A01,8.6,7.75,,8.6,,,,,,
7340115,D01,9.0,,,6.2,8.8,,,,,
7220201,A01,7.4,7.25,,9.2,,,,,,
7380107,D01,7.4,,,7.2,7.75,,,,,
7380107,A00,8.6,7.25,8.0,,,,,,,
7510401,A00,7.0,6.75,7.5,,,,,,,
7340101,D01,8.2,,,8.0,7.25,,,,,
7480201,A00,7.25,8.25,8.0,,,,,,,
7480201,D01,7.4,,,8.2,7.0,,,,,
7340101,D01,8.5,,,7.8,8.6,,,,,
7340120,A01,8.5,7.6,,7.6,,,,,,
7480202,D07,6.75,,8.4,7.8,,,,,,
7340301,A00,7.75,7.5,8.0,,,,,,,
7380107,A01,6.75,7.4,,8.0,,,,,,
7340129,D01,7.4,,,6.6,6.75,,,,,
7340115,A00,7.75,7.5,7.8,,,,,,,
7340201,A01,7.5,7.2,,7.2,,,,,,
7510303,A00,7.4,7.5,6.75,,,,,,,
7540204,D01,5.0,,,5.6,6.5,,,,,
7850101,D07,7.4,,4.25,6.2,,,,,,
7340115,A00,8.25,8.0,7.6,,,,,,,
7810103,D01,7.4,,,8.0,8.25,,,,,
7340115,A00,7.0,7.5,7.6,,,,,,,
7340115,D01,6.75,,,7.6,8.6,,,,,
7810103,A00,8.4,7.5,7.75,,,,,,,
7510406,A00,7.0,6.25,6.25,,,,,,,
7340101,A01,7.5,9.0,,7.4,,,,,,
7340122,D01,8.0,,,7.2,7.8,,,,,
7420201,A01,8.0,8.0,,8.0,,,,,,
7510203,D01,6.4,,,7.0,6.25,,,,,
7510401,A00,6.6,6.25,7.75,,,,,,,
7340115,A00,7.75,8.0,7.6,,,,,,,
7340115,A00,8.8,7.5,8.0,,,,,,,
7480202,D01,7.8,,,9.4,6.0,,,,,
7340301,A01,7.25,7.2,,8.0,,,,,,
7340101,A00,7.75,7.0,7.8,,,,,,,
7480201,A00,7.8,6.75,8.0,,,,,,,
7340301,A00,8.25,7.25,7.6,,,,,,,
7220204,D01,8.2,,,8.0,8.25,,,,,
7540106,D07,7.6,,7.5,7.6,,,,,,
7510303,A00,6.5,7.25,6.6,,,,,,,
7340115,D01,8.75,,,8.4,7.6,,,,,
7850101,A00,7.6,6.0,8.5,,,,,,,
7380107,D01,7.75,,,8.2,6.8,,,,,
7420201,A00,6.75,7.25,6.4,,,,,,,
7540101,D07,7.0,,8.2,6.8,,,,,,
7810201,A01,7.5,7.8,,7.0,,,,,,
7480201,D07,8.25,,8.6,8.2,,,,,,
7340101,A00,6.25,7.5,6.8,,,,,,,
7510203,D01,7.0,,,7.4,5.75,,,,,
7340129,A00,7.0,7.75,7.2,,,,,,,
7510303,A01,7.5,7.0,,7.4,,,,,,
7510301,D01,6.25,,,7.2,5.8,,,,,
7510401,A00,6.4,7.5,7.25,,,,,,,
7340101,A00,7.4,8.0,8.5,,,,,,,
7510202,A01,6.5,4.8,,7.8,,,,,,
7480202,D07,7.25,,8.2,7.0,,,,,,
7220201,D01,7.8,,,8.0,7.5,,,,,
7380107,D01,7.4,,,6.6,8.5,,,,,
7340205,A01,7.25,7.6,,7.4,,,,,,
7510401,A00,7.5,7.75,7.4,,,,,,,
7480202,A00,6.0,6.75,7.0,,,,,,,
7850101,A00,7.0,5.5,7.75,,,,,,,
7340101,A00,7.5,8.0,7.8,,,,,,,
7420201,A00,6.25,7.5,7.8,,,,,,,
7480201,A00,8.25,8.0,8.6,,,,,,,
7340115,D01,7.75,,,7.4,7.2,,,,,
7810202,D01,7.6,,,8.0,7.75,,,,,
7420201,D07,6.5,,7.6,5.8,,,,,,
7340201,A00,8.25,8.25,7.6,,,,,,,
7480201,A00,8.4,7.0,7.75,,,,,,,
7540101,A00,6.5,7.0,7.4,,,,,,,
7340120,D01,6.8,,,8.4,8.0,,,,,
7220201,D01,8.8,,,8.4,7.5,,,,,
7819010,B00,5.25,,6.5,,,,6.6,,,
7380107,D01,7.75,,,7.4,8.0,,,,,
7340101,D01,7.4,,,8.8,7.75,,,,,
7340101,A00,8.25,6.75,6.6,,,,,,,
7340101,D01,7.4,,,8.2,8.75,,,,,
7810201,D15,,,,8.5,6.5,,,6.0,,
7480202,A00,6.5,7.25,8.2,,,,,,,
7510301,D01,5.25,,,6.4,9.6,,,,,
7819010,D07,6.0,,6.8,6.6,,,,,,
7480201,A00,8.25,7.5,6.6,,,,,,,
7540204,D01,6.0,,,6.2,7.25,,,,,
7480201,D07,7.4,,7.75,7.8,,,,,,
7810201,A00,4.75,7.25,6.4,,,,,,,
7340101,D01,7.25,,,7.0,6.6,,,,,
7340201,D01,8.0,,,7.4,7.0,,,,,
7510202,D07,7.0,,5.8,7.4,,,,,,
7510202,A01,8.0,6.5,,7.0,,,,,,
7819009,D07,5.75,,6.8,6.2,,,,,,
7340101,A01,7.5,8.0,,7.6,,,,,,
7540106,D07,7.25,,6.8,7.4,,,,,,
7510301,A00,7.8,6.75,7.0,,,,,,,
7540101,A00,8.0,7.75,7.75,,,,,,,
7540101,D07,7.5,,8.2,7.4,,,,,,
7340120,A00,7.75,7.25,7.6,,,,,,,
7510303,A00,8.4,5.5,6.5,,,,,,,
7340120,D01,7.75,,,6.6,7.2,,,,,
7850101,A00,6.75,7.5,8.0,,,,,,,
7340301,A00,8.4,7.5,7.75,,,,,,,
7810103,D15,,,,7.0,7.0,,,7.4,,
7510202,A01,7.75,5.6,,8.6,,,,,,
7340129,A00,6.0,6.75,7.0,,,,,,,
7340301,A00,7.5,7.75,8.2,,,,,,,
7340122,A00,6.5,8.25,7.6,,,,,,,
7540101,D07,7.25,,7.0,7.8,,,,,,
7340115,D01,8.5,,,7.6,7.8,,,,,
7340129,D01,6.75,,,7.8,5.6,,,,,
7340129,D01,8.0,,,7.0,7.4,,,,,
7810201,D01,7.4,,,8.8,7.5,,,,,
7340101,D01,7.25,,,7.2,7.6,,,,,
7340122,A00,8.5,7.0,7.4,,,,,,,
7480201,D01,8.2,,,7.6,6.0,,,,,
7850101,A00,4.75,7.75,7.2,,,,,,,
7810201,A00,6.0,8.0,6.8,,,,,,,
7340115,A01,7.8,8.0,,8.4,,,,,,
7340301,A00,6.75,7.25,7.6,,,,,,,
7340115,D01,8.25,,,7.2,8.6,,,,,
7220204,D01,7.2,,,7.4,8.0,,,,,
7340201,D01,8.75,,,7.8,7.6,,,,,
7819010,A01,6.5,5.0,,7.6,,,,,,
7340115,D01,7.25,,,7.8,7.8,,,,,
7340115,A00,7.0,8.25,7.8,,,,,,,
7510203,D01,7.0,,,7.0,3.4,,,,,
7540106,B00,8.0,,5.5,,,,6.25,,,
7510401,A00,7.6,6.75,8.25,,,,,,,
7810202,D15,,,,6.0,6.5,,,6.4,,
7340205,A00,7.0,8.25,7.2,,,,,,,
7540106,A00,7.75,7.5,7.4,,,,,,,
7510301,D01,6.6,,,5.4,5.75,,,,,
7510203,A00,6.8,8.0,7.0,,,,,,,
7810201,A00,7.8,8.0,7.25,,,,,,,
7540101,A00,8.0,8.0,8.0,,,,,,,
7810202,D01,7.2,,,7.6,7.5,,,,,
7480202,A00,6.5,7.5,6.8,,,,,,,
7340115,D01,7.75,,,7.8,7.0,,,,,
7340205,A00,7.5,6.5,5.4,,,,,,,
7420201,D07,7.25,,6.6,7.2,,,,,,
7540204,D01,8.25,,,6.4,6.0,,,,,
7340101,A01,8.6,6.5,,8.6,,,,,,
7520115,A00,6.75,6.5,7.8,,,,,,,
7480201,A01,7.8,6.75,,8.2,,,,,,
7480201,A00,7.25,8.0,8.0,,,,,,,
7850101,A01,5.2,5.5,,7.4,,,,,,
7480201,A01,7.8,7.5,,9.0,,,,,,
7480201,A00,8.5,7.0,7.6,,,,,,,
7510203,A01,6.75,6.4,,7.8,,,,,,
7510301,A00,6.5,7.0,7.4,,,,,,,
7340120,A01,8.0,8.0,,8.6,,,,,,
7510303,A00,7.4,5.75,7.25,,,,,,,
7340115,D01,8.25,,,7.4,8.8,,,,,
7540101,A00,8.0,7.25,7.8,,,,,,,
7810201,D01,7.2,,,8.6,8.0,,,,,
7510301,A01,7.0,7.25,,6.0,,,,,,
7810201,D01,7.75,,,6.6,8.0,,,,,
7510203,A00,7.0,4.25,5.25,,,,,,,
7510303,D01,6.8,,,6.8,5.25,,,,,
7340129,D01,7.5,,,7.8,8.4,,,,,
7340101,A00,7.25,8.25,8.0,,,,,,,
7340301,A00,8.6,7.75,7.0,,,,,,,
7420201,A01,7.8,7.75,,7.4,,,,,,
7540101,A00,7.5,9.5,8.8,,,,,,,
7340201,A00,7.25,8.0,8.0,,,,,,,
7480202,D01,5.4,,,5.6,6.0,,,,,
7480201,D01,7.0,,,8.0,6.2,,,,,
7480201,A01,8.0,6.75,,8.6,,,,,,
7510303,A00,7.0,7.75,7.8,,,,,,,
7340301,D01,7.8,,,7.2,7.5,,,,,
7540101,B00,6.75,,7.25,,,,8.0,,,
7480201,D07,7.75,,7.2,8.2,,,,,,
7540101,B00,7.5,,5.5,,,,7.6,,,
7810202,A00,6.0,6.25,7.4,,,,,,,
7380107,D01,7.25,,,7.8,7.6,,,,,
7480201,A00,8.75,6.75,8.0,,,,,,,
7480201,A00,7.5,7.5,8.2,,,,,,,
7340115,D01,8.0,,,6.8,7.6,,,,,
7810201,A00,7.8,7.75,7.25,,,,,,,
7810201,D01,7.8,,,7.2,8.5,,,,,
7480201,D01,7.8,,,8.4,7.0,,,,,
7480202,D01,8.0,,,7.2,5.0,,,,,
7810201,A00,7.75,6.5,8.2,,,,,,,
7340129,D01,6.2,,,6.8,8.25,,,,,
7340101,A00,8.6,7.25,8.5,,,,,,,
7340101,A00,7.0,8.25,8.4,,,,,,,
7540101,B00,8.5,,8.0,,,,7.2,,,
7480201,A01,7.0,8.0,,7.2,,,,,,
7510203,A01,7.25,6.6,,7.8,,,,,,
7380107,D01,7.4,,,6.4,7.25,,,,,
7220201,D09,7.4,,,9.0,,6.75,,,,
7220201,D01,6.75,,,6.0,7.8,,,,,
7480201,D01,8.2,,,8.4,7.0,,,,,
7480201,D07,8.75,,7.4,8.6,,,,,,
7540101,D07,7.8,,8.75,8.4,,,,,,
7340120,A01,7.8,7.75,,7.2,,,,,,
7340301,A00,7.25,8.25,8.0,,,,,,,
7340201,A00,7.0,7.75,7.8,,,,,,,
7540101,B00,7.5,,7.25,,,,7.0,,,
7510203,D01,7.75,,,6.6,8.0,,,,,
7510401,B00,6.5,,8.75,,,,6.8,,,
7380107,D01,8.0,,,6.8,5.4,,,,,
7340301,A00,7.8,6.0,8.5,,,,,,,
7340301,A00,7.0,7.5,7.6,,,,,,,
7340120,A00,7.75,6.0,7.6,,,,,,,
7510303,A00,6.25,7.25,7.4,,,,,,,
7480201,D07,7.6,,7.75,9.0,,,,,,
7420201,B00,7.6,,6.5,,,,5.25,,,
7540105,A00,8.0,8.0,8.25,,,,,,,
7510301,D01,7.75,,,7.2,7.0,,,,,
7510202,A00,7.6,6.5,7.25,,,,,,,
7340201,A00,6.25,7.0,7.2,,,,,,,
7810202,D15,,,,8.0,7.25,,,7.8,,
7380107,A00,7.0,6.0,7.0,,,,,,,
7340301,A00,6.75,7.5,7.6,,,,,,,
7480202,A00,7.2,6.25,7.75,,,,,,,
7810103,A00,7.25,7.5,7.0,,,,,,,
7480201,D01,8.0,,,7.0,5.6,,,,,
7510203,A01,7.0,7.2,,7.8,,,,,,
7480201,A01,6.75,8.0,,7.0,,,,,,
7340101,D01,9.0,,,7.2,6.0,,,,,
7540101,A00,8.0,8.25,8.2,,,,,,,
7340101,D01,7.6,,,8.4,7.75,,,,,
7480201,A01,7.75,8.2,,8.2,,,,,,
7480201,D07,7.75,,6.8,7.6,,,,,,
7850101,D07,7.0,,5.25,5.4,,,,,,
7540101,A01,7.5,7.2,,7.8,,,,,,
7810202,D15,,,,8.75,7.75,,,5.4,,
7340201,D01,8.75,,,6.8,5.2,,,,,
7340120,D01,8.0,,,8.0,8.0,,,,,
7480201,D01,7.0,,,7.6,8.0,,,,,
7220204,D01,6.4,,,9.4,7.0,,,,,
7540101,A00,8.0,7.75,8.5,,,,,,,
7510303,A00,6.0,5.25,6.0,,,,,,,
7340120,D01,6.5,,,7.4,8.2,,,,,
7540204,A00,7.0,5.5,8.0,,,,,,,
7480201,A01,7.4,6.25,,8.8,,,,,,
7540101,D07,8.0,,7.4,8.6,,,,,,
7510203,D01,7.4,,,5.4,5.0,,,,,
7510303,D01,7.4,,,6.8,6.5,,,,,
7340201,D01,8.5,,,7.4,7.0,,,,,
7540101,B00,8.0,,6.75,,,,7.2,,,
7480201,D01,7.0,,,6.4,7.2,,,,,
7480201,D07,7.5,,6.6,7.0,,,,,,
7540101,D07,8.25,,7.4,7.4,,,,,,
7340120,A00,8.0,7.25,8.5,,,,,,,
7480202,A00,6.4,4.25,7.25,,,,,,,
7510301,D01,6.25,,,7.2,4.2,,,,,
7340129,D01,8.75,,,7.2,5.6,,,,,
7340115,D01,9.25,,,8.2,7.2,,,,,
7380107,A00,7.75,7.75,8.0,,,,,,,
7810202,A00,7.8,8.5,8.25,,,,,,,
7340115,A00,7.5,6.75,7.6,,,,,,,
7340101,D01,7.25,,,7.2,6.6,,,,,
7850101,A00,6.25,5.25,6.8,,,,,,,
7810103,D01,8.25,,,7.6,3.8,,,,,
7480202,A01,6.4,5.25,,8.8,,,,,,
7380107,A00,7.0,7.75,7.4,,,,,,,
7540106,A00,6.75,6.25,7.6,,,,,,,
7480201,A00,7.5,7.0,8.4,,,,,,,
7340101,A00,7.0,8.0,7.4,,,,,,,
7340301,D01,8.2,,,5.6,9.25,,,,,
7340120,D01,8.6,,,8.0,7.0,,,,,
7220201,D01,6.8,,,9.2,7.75,,,,,
7540101,B00,7.5,,7.0,,,,8.0,,,
7480202,A00,8.0,6.5,7.0,,,,,,,
7810201,A00,7.5,8.0,6.8,,,,,,,
7340129,A00,7.25,8.25,7.0,,,,,,,
7510203,A00,7.2,5.0,5.25,,,,,,,
7340201,D01,7.6,,,7.0,7.75,,,,,
7510303,A00,8.8,7.25,6.5,,,,,,,
7810202,D01,8.25,,,6.8,7.0,,,,,
7510402,A00,7.0,4.25,5.25,,,,,,,
7380107,D01,6.5,,,8.0,6.2,,,,,
7510301,A01,6.5,6.0,,7.2,,,,,,
7850101,A00,5.25,5.25,7.8,,,,,,,
7810201,D15,,,,7.75,7.0,,,4.8,,
7510301,A01,7.0,6.5,,8.4,,,,,,
7340120,D01,7.0,,,6.8,8.4,,,,,
7340101,D01,7.25,,,7.6,6.8,,,,,
7340115,A00,7.5,7.0,8.2,,,,,,,
7340115,D01,8.0,,,8.0,7.4,,,,,
7220201,D01,7.0,,,10.0,7.0,,,,,
7340115,A00,8.5,7.75,7.4,,,,,,,
7480202,D01,6.8,,,5.6,4.25,,,,,
7340129,D01,7.5,,,7.0,6.4,,,,,
7480201,D07,6.75,,8.2,8.0,,,,,,
7850101,A00,6.0,7.25,7.0,,,,,,,
7340201,A00,7.5,7.5,8.6,,,,,,,
7480202,D01,6.6,,,7.2,5.75,,,,,
7480202,A00,5.75,4.0,7.4,,,,,,,
7510401,A00,7.8,7.0,6.75,,,,,,,
7340115,A01,7.5,7.8,,8.4,,,,,,
7480201,D07,8.0,,8.0,7.2,,,,,,
7340115,D01,7.2,,,8.4,8.25,,,,,
7340120,D01,7.75,,,8.6,8.0,,,,,
7510202,A00,8.0,7.25,7.4,,,,,,,
7220201,D01,7.5,,,8.2,7.2,,,,,
7480201,A00,8.0,5.75,8.5,,,,,,,
7810202,A01,7.25,6.2,,8.4,,,,,,
7380107,A01,7.5,8.0,,7.4,,,,,,
7340201,A00,7.8,7.25,7.0,,,,,,,
7480202,A00,7.4,6.5,6.0,,,,,,,
7540101,D07,7.75,,7.0,6.8,,,,,,
7510401,D07,7.6,,4.75,5.0,,,,,,
7340101,D01,8.25,,,7.4,5.0,,,,,
7480201,A00,8.25,7.5,7.2,,,,,,,
7340122,A00,7.5,7.75,8.0,,,,,,,
7340201,D01,8.2,,,7.8,6.5,,,,,
7850101,A00,7.8,6.75,7.75,,,,,,,
7380107,D01,7.0,,,5.8,8.25,,,,,
7340115,D01,7.25,,,7.2,8.0,,,,,
7540101,A01,8.25,8.0,,8.2,,,,,,
7520115,D01,6.75,,,7.8,5.6,,,,,
7340101,A00,7.0,7.0,7.0,,,,,,,
7810202,D01,7.25,,,8.0,6.0,,,,,
7340122,D01,7.25,,,8.4,6.8,,,,,
7810103,D01,7.25,,,6.8,4.4,,,,,
7380107,A00,7.25,7.5,7.6,,,,,,,
7480201,D01,7.75,,,7.0,6.8,,,,,
7540101,A00,7.25,7.25,6.4,,,,,,,
7510401,A00,6.8,6.0,6.25,,,,,,,
7480202,A00,4.5,7.0,6.8,,,,,,,
7510301,D01,7.2,,,7.0,7.0,,,,,
7380107,A00,7.75,7.5,7.0,,,,,,,
7510202,D01,5.75,,,7.2,6.4,,,,,
7340301,A00,6.25,7.0,6.6,,,,,,,
7480201,A00,8.4,7.5,7.75,,,,,,,
7340201,A00,8.4,7.5,7.0,,,,,,,
7480201,D01,7.0,,,6.4,9.2,,,,,
7810201,A00,8.6,6.75,7.75,,,,,,,
7340115,D01,8.75,,,7.6,7.2,,,,,
7480201,A01,8.25,7.4,,8.2,,,,,,
7340122,A00,7.0,7.25,7.4,,,,,,,
7220204,D01,8.0,,,7.6,8.2,,,,,
7340101,D01,8.0,,,8.0,8.5,,,,,
7480201,D07,7.75,,8.6,7.0,,,,,,
7810201,D01,7.4,,,7.2,7.75,,,,,
7220204,D01,7.4,,,7.4,7.75,,,,,
7340201,D01,6.75,,,7.8,8.0,,,,,
7480201,D07,7.25,,8.0,8.2,,,,,,
7480201,D07,8.0,,7.4,7.4,,,,,,
7340115,D01,8.0,,,7.8,8.6,,,,,
7480202,A01,8.2,7.0,,7.6,,,,,,
7340129,D01,5.6,,,7.8,7.5,,,,,
7510303,A00,7.0,7.25,6.8,,,,,,,
7340115,A00,7.25,7.25,8.6,,,,,,,
7510406,A00,6.5,5.75,7.4,,,,,,,
7340301,D01,7.2,,,7.6,8.25,,,,,
7480201,D01,7.5,,,7.0,6.6,,,,,
7220204,D01,8.6,,,7.4,7.0,,,,,
7510303,A00,6.0,8.0,7.0,,,,,,,
7540106,B00,6.6,,6.25,,,,5.5,,,
7540101,B00,7.5,,8.25,,,,7.0,,,
7340101,A00,7.75,7.0,7.6,,,,,,,
7340101,A00,7.0,7.75,6.6,,,,,,,
7220204,D09,9.25,,,7.8,,7.0,,,,
7810201,A00,7.5,6.0,6.8,,,,,,,
7540101,D07,8.0,,8.0,8.8,,,,,,
7220201,D09,8.75,,,7.6,,7.2,,,,
7540101,B00,7.75,,8.0,,,,7.6,,,
7340120,D01,8.2,,,8.6,7.5,,,,,
7380107,D01,7.0,,,6.0,7.4,,,,,
7480201,A01,7.8,6.5,,8.4,,,,,,
7819009,A00,4.75,5.75,6.8,,,,,,,
7340115,D01,8.75,,,7.8,6.8,,,,,
7340301,D01,8.2,,,6.8,7.75,,,,,
7340120,D01,9.0,,,6.8,7.2,,,,,
7380107,D01,7.75,,,7.0,7.2,,,,,
7480202,D01,6.75,,,6.4,3.8,,,,,
7220201,D01,6.8,,,8.4,8.0,,,,,
7540101,D07,7.8,,7.5,8.8,,,,,,
7540101,B00,8.4,,7.75,,,,7.5,,,
7810201,D01,6.0,,,6.8,6.6,,,,,
7810201,A00,7.75,7.5,7.6,,,,,,,
7340120,A00,8.0,8.25,7.8,,,,,,,
7480201,A00,6.5,8.25,7.4,,,,,,,
7510203,A00,7.25,6.75,7.6,,,,,,,
7340301,A00,6.25,5.75,7.6,,,,,,,
7540101,B00,8.6,,8.25,,,,7.75,,,
7340301,D01,8.0,,,6.6,8.0,,,,,
7380107,D01,8.2,,,6.6,7.0,,,,,
7540101,D07,6.75,,8.2,8.6,,,,,,
7340101,A00,7.6,7.25,8.25,,,,,,,
7510203,D01,7.5,,,7.0,5.4,,,,,
7480201,A00,8.0,7.25,7.2,,,,,,,
7850101,A00,6.6,6.5,6.5,,,,,,,
7340101,A00,7.25,7.5,7.4,,,,,,,
7510203,A00,7.2,6.25,7.5,,,,,,,
7850101,A00,8.0,5.5,6.25,,,,,,,
7810201,D01,8.2,,,6.8,7.75,,,,,
7540204,A00,8.4,5.25,7.75,,,,,,,
7420201,A01,6.0,5.4,,7.4,,,,,,
7510301,A01,6.75,6.0,,6.4,,,,,,
7540101,B00,7.0,,8.25,,,,7.2,,,
7510301,A00,7.6,6.75,7.25,,,,,,,
7340101,D01,8.5,,,7.8,7.0,,,,,
7340201,A00,7.25,7.75,7.2,,,,,,,
7510303,D01,6.0,,,6.4,6.0,,,,,
7480201,D01,5.75,,,7.6,7.8,,,,,
7380107,A00,7.75,8.0,7.4,,,,,,,
7540204,A00,7.0,4.5,7.75,,,,,,,
7819010,A00,5.5,5.75,7.0,,,,,,,
7480201,D01,7.5,,,8.0,8.2,,,,,
7340201,A01,7.5,7.0,,7.0,,,,,,
7340101,D01,7.75,,,7.8,7.4,,,,,
7480202,A00,5.5,6.0,8.0,,,,,,,
7340122,D01,7.25,,,7.2,9.0,,,,,
7340122,A01,7.75,7.6,,8.0,,,,,,
7340101,A00,8.25,7.25,7.6,,,,,,,
7340120,A00,6.5,8.0,8.4,,,,,,,
7340201,D01,8.2,,,7.4,7.25,,,,,
7819009,B00,6.0,,6.25,,,,6.8,,,
7340301,D01,7.6,,,7.8,7.25,,,,,
7480201,D01,7.75,,,6.4,7.0,,,,,
7340205,A01,7.0,6.6,,7.0,,,,,,
7340123,A00,6.75,6.0,7.4,,,,,,,
7810103,D01,6.5,,,5.2,7.0,,,,,
7819009,B00,6.0,,5.5,,,,6.0,,,
7340115,D01,8.0,,,7.4,7.4,,,,,
7340115,D01,8.5,,,8.2,6.8,,,,,
7340120,A01,8.5,7.4,,7.4,,,,,,
7420201,B00,4.75,,6.5,,,,5.8,,,
7340120,A01,7.75,8.8,,7.8,,,,,,
7340201,A00,8.0,7.25,8.2,,,,,,,
7540204,D01,6.8,,,6.0,5.75,,,,,
7510301,D01,8.0,,,6.8,6.75,,,,,
7819010,A00,7.5,6.5,8.0,,,,,,,
7810201,D01,6.75,,,7.4,6.8,,,,,
7340122,D01,7.5,,,8.4,8.2,,,,,
7540101,B00,8.0,,8.25,,,,7.4,,,
7340115,D01,7.75,,,8.0,7.8,,,,,
7340120,D01,9.25,,,8.0,6.2,,,,,
7510203,A00,8.6,6.25,6.75,,,,,,,
7420201,D07,7.25,,7.8,6.6,,,,,,
7810103,D15,,,,7.75,6.75,,,8.0,,
7810202,A00,7.8,7.5,7.0,,,,,,,
7480201,D07,8.0,,8.25,8.2,,,,,,
7340301,A01,8.0,7.0,,8.2,,,,,,
7340122,A00,8.25,7.75,7.6,,,,,,,
7340301,D01,7.2,,,8.8,7.0,,,,,
7340101,A00,6.5,7.75,7.6,,,,,,,
7220201,D09,7.25,,,8.0,,7.6,,,,
7340205,A01,6.5,6.2,,7.0,,,,,,
7340301,A00,8.2,7.0,8.25,,,,,,,
7340115,A01,8.6,7.75,,8.2,,,,,,
7340101,D01,8.5,,,7.0,5.8,,,,,
7480201,A00,7.25,7.75,7.6,,,,,,,
7340101,A01,7.6,6.25,,9.2,,,,,,
7340115,D01,8.25,,,7.2,7.0,,,,,
7340301,A00,6.25,6.75,7.8,,,,,,,
7810201,D01,6.5,,,7.8,7.6,,,,,
7420201,B00,7.5,,6.25,,,,6.4,,,
7480201,A00,7.75,7.5,7.6,,,,,,,
7510202,D01,6.8,,,5.4,6.0,,,,,
7220201,D01,6.5,,,8.2,8.2,,,,,
7340201,A01,8.0,7.25,,9.0,,,,,,
7340201,D01,7.25,,,6.6,7.6,,,,,
7380107,D01,7.25,,,6.4,5.4,,,,,
7540106,D07,5.75,,6.6,7.4,,,,,,
7520115,D01,7.25,,,8.4,4.2,,,,,
7810103,D01,6.75,,,7.6,7.4,,,,,
7220204,D01,8.25,,,6.4,7.0,,,,,
7510303,D01,7.0,,,6.8,7.8,,,,,
7480201,D01,7.5,,,7.4,6.0,,,,,
7510303,A00,8.0,6.25,6.75,,,,,,,
7340120,D01,8.5,,,7.0,6.2,,,,,
7220204,A01,7.0,5.4,,8.6,,,,,,
7540101,A01,7.75,8.0,,7.8,,,,,,
7340101,A01,8.2,6.25,,9.2,,,,,,
7480201,A00,8.0,7.0,7.8,,,,,,,
7480201,D01,7.2,,,8.0,7.75,,,,,
7520115,D01,6.75,,,6.0,4.4,,,,,
7340120,A00,8.25,8.0,8.2,,,,,,,
7380107,A00,7.0,8.5,7.6,,,,,,,
7810201,D01,8.75,,,5.8,7.6,,,,,
7340120,A00,8.0,7.75,9.0,,,,,,,
7340115,A00,8.0,7.75,8.2,,,,,,,
7540204,D01,8.2,,,7.4,6.25,,,,,
7480202,D07,6.5,,8.2,8.4,,,,,,
7510303,A00,7.5,7.5,8.6,,,,,,,
7819010,B00,5.25,,5.75,,,,5.8,,,
7810202,D15,,,,8.5,6.0,,,5.0,,
7510202,D01,7.0,,,7.0,6.5,,,,,
7380107,D01,8.0,,,7.0,3.8,,,,,
7510303,A00,7.25,7.0,7.0,,,,,,,
7480201,D07,7.6,,7.75,8.4,,,,,,
7340120,A00,7.0,7.5,8.0,,,,,,,
7510303,D01,8.75,,,6.2,4.0,,,,,
7510402,A00,6.5,4.0,7.8,,,,,,,
7540106,B00,6.25,,6.75,,,,7.4,,,
7480201,A01,6.5,9.2,,8.2,,,,,,
7380107,A01,7.5,7.0,,8.0,,,,,,
7480201,D07,9.0,,8.6,8.2,,,,,,
7220204,D01,8.25,,,8.2,6.0,,,,,
7480201,A00,7.5,8.25,7.4,,,,,,,
7340120,D01,7.5,,,8.2,6.4,,,,,
7480201,D01,7.25,,,7.8,5.8,,,,,
7510203,A00,7.6,7.25,8.25,,,,,,,
7220201,D01,8.0,,,7.8,8.0,,,,,
7340301,D01,6.6,,,8.0,8.5,,,,,
7340101,A00,7.5,7.5,8.6,,,,,,,
7850101,A00,6.8,5.5,5.5,,,,,,,
7810202,A00,8.4,7.25,6.25,,,,,,,
7510401,A00,7.5,8.0,7.2,,,,,,,
7540204,D01,6.6,,,8.0,6.66,,,,,
7510401,A00,6.25,7.25,6.8,,,,,,,
7420201,B00,6.6,,7.0,,,,6.75,,,
7510301,A00,4.75,5.75,7.6,,,,,,,
7340205,D07,8.0,,7.4,8.2,,,,,,
7340129,A00,7.0,7.0,7.8,,,,,,,
7540101,A01,8.2,7.25,,8.6,,,,,,
7340201,D01,8.0,,,8.6,6.25,,,,,
7340301,A00,5.25,7.75,7.0,,,,,,,
7540101,B00,7.5,,7.25,,,,6.4,,,
7540204,D01,8.25,,,7.2,4.8,,,,,
7340120,D01,7.5,,,7.6,6.6,,,,,
7340201,A01,8.2,7.75,,7.0,,,,,,
7340101,A00,6.25,8.0,7.6,,,,,,,
7220204,D01,8.25,,,6.6,7.4,,,,,
7810103,D01,7.0,,,7.8,7.0,,,,,
7510303,D07,8.5,,7.2,7.6,,,,,,
7340120,D01,8.0,,,7.4,8.6,,,,,
7810103,D01,6.75,,,6.4,6.4,,,,,
7810103,A00,7.4,7.5,7.5,,,,,,,
7480201,A00,7.0,8.5,7.6,,,,,,,
7340301,D01,8.0,,,8.4,6.75,,,,,
7340205,A00,7.5,8.0,7.2,,,,,,,
7480201,D01,7.75,,,8.2,5.4,,,,,
7340120,D01,7.75,,,8.4,7.2,,,,,
7340301,A01,8.0,8.0,,6.8,,,,,,
7540105,A00,5.6,5.0,5.5,,,,,,,
7480202,A01,7.5,6.4,,8.2,,,,,,
7220201,D01,7.2,,,7.8,8.0,,,,,
7480201,A00,7.2,8.0,7.25,,,,,,,
7220204,D01,8.0,,,7.0,7.6,,,,,
7480201,D01,7.8,,,7.6,7.25,,,,,
7510303,A00,7.2,5.75,5.75,,,,,,,
7850101,A01,7.0,4.4,,6.2,,,,,,
7810202,D01,6.5,,,6.8,7.6,,,,,
7810201,A00,5.75,7.75,7.0,,,,,,,
7510303,A01,6.75,8.2,,7.0,,,,,,
7480201,A00,7.75,7.75,8.2,,,,,,,
7340115,A00,7.25,7.0,7.8,,,,,,,
7540101,B00,8.2,,8.25,,,,7.5,,,
7480201,A00,7.75,7.75,8.4,,,,,,,
7220204,D01,7.8,,,8.4,7.5,,,,,
7340101,D01,7.5,,,7.4,7.4,,,,,
7340301,D01,7.5,,,8.0,6.2,,,,,
7510203,D01,7.5,,,5.0,6.2,,,,,
7380107,D15,,,,8.0,7.25,,,4.2,,
7340205,D01,6.25,,,6.2,7.4,,,,,
7340115,D01,8.25,,,7.2,7.8,,,,,
7340101,D01,7.5,,,7.4,7.0,,,,,
7510303,A00,7.8,7.75,6.5,,,,,,,
7420201,A00,8.4,5.5,4.75,,,,,,,
7220201,D01,7.0,,,8.8,8.25,,,,,
7460108,D01,6.5,,,6.0,4.6,,,,,
7220201,D01,7.8,,,9.0,8.0,,,,,
7540101,A01,7.5,7.8,,7.2,,,,,,
7520115,D01,6.5,,,7.4,4.2,,,,,
7510203,D07,7.0,,4.6,6.6,,,,,,
7340301,A00,8.4,8.0,7.5,,,,,,,
7510203,D01,6.75,,,4.4,7.4,,,,,
7340201,D01,8.0,,,7.8,8.2,,,,,
7510203,D01,5.5,,,7.8,3.2,,,,,
7340201,A00,7.25,7.0,7.6,,,,,,,
7540101,B00,7.5,,8.25,,,,7.0,,,
7480201,A00,8.0,7.5,8.0,,,,,,,
7510303,D01,5.2,,,4.0,8.25,,,,,
7810201,A00,5.25,8.0,7.2,,,,,,,
7480202,D07,7.75,,6.6,7.0,,,,,,
7810103,D01,8.75,,,7.6,6.4,,,,,
7340101,A00,8.8,7.75,8.0,,,,,,,
7340201,D01,7.8,,,8.2,7.25,,,,,
7480202,D01,6.25,,,7.2,6.0,,,,,
7480201,D07,8.2,,6.25,8.2,,,,,,
7340115,A00,7.0,7.5,8.0,,,,,,,
7810202,A01,7.2,7.5,,9.2,,,,,,
7480202,D07,6.2,,8.25,7.8,,,,,,
7540101,B00,6.75,,7.75,,,,7.4,,,
7480202,A00,8.2,7.0,7.5,,,,,,,
7340115,D01,8.25,,,7.2,6.6,,,,,
7220201,D01,8.0,,,8.6,7.5,,,,,
7480202,D01,7.5,,,6.6,6.2,,,,,
7540101,A00,6.75,8.5,7.8,,,,,,,
7420201,B00,6.0,,6.25,,,,5.8,,,
7480201,A00,8.25,7.25,7.8,,,,,,,
7380107,A01,8.8,8.0,,8.6,,,,,,
7340123,A00,8.4,7.0,6.25,,,,,,,
7819010,A00,7.0,7.25,7.8,,,,,,,
7510303,A00,6.5,7.25,7.4,,,,,,,
7340115,D01,8.25,,,7.2,6.8,,,,,
7520115,D01,6.25,,,7.4,4.8,,,,,
7510202,A01,6.8,5.75,,6.8,,,,,,
7510303,A01,8.75,8.4,,8.2,,,,,,
7340120,D01,7.5,,,7.4,7.2,,,,,
7340201,D01,7.8,,,8.6,6.75,,,,,
7810103,A00,8.0,7.75,8.0,,,,,,,
7420201,D07,8.75,,7.4,8.2,,,,,,
7540106,B00,7.4,,7.5,,,,7.25,,,
7340301,A00,6.75,7.75,8.2,,,,,,,
7340301,D01,8.0,,,7.8,6.0,,,,,
7510401,D07,6.2,,5.5,7.4,,,,,,
7340123,D01,7.25,,,6.0,7.8,,,,,
7810103,D01,6.6,,,7.4,7.75,,,,,
7220201,A01,8.2,8.0,,8.2,,,,,,
7380107,D01,5.0,,,7.2,7.0,,,,,
7340201,D01,9.0,,,6.8,6.0,,,,,
7510301,A00,6.0,7.0,8.0,,,,,,,
7220204,A01,8.0,7.25,,8.2,,,,,,
7340201,D01,6.8,,,7.4,8.5,,,,,
7810201,D15,,,,8.25,6.25,,,5.8,,
7220201,D01,7.6,,,8.2,7.25,,,,,
7810201,D01,6.5,,,6.2,6.4,,,,,
7340201,D01,8.5,,,7.8,4.6,,,,,
7480201,D07,7.0,,9.2,6.6,,,,,,
7510301,A00,6.6,7.25,7.75,,,,,,,
7340120,A00,8.2,7.0,8.25,,,,,,,
7220201,D09,9.25,,,7.6,,7.0,,,,
7340101,D01,7.8,,,8.0,8.0,,,,,
7540101,A00,7.75,7.5,6.8,,,,,,,
7220201,D09,8.0,,,6.6,,7.6,,,,
7510301,D01,6.4,,,8.4,6.25,,,,,
7380107,D15,,,,8.5,6.5,,,5.6,,
7420201,A00,6.75,7.75,7.6,,,,,,,
7340129,D01,7.0,,,7.4,7.2,,,,,
7340101,A00,7.6,7.25,8.25,,,,,,,
7480201,D01,8.4,,,9.2,7.25,,,,,
7340101,D01,8.5,,,7.0,7.4,,,,,
7810202,A00,8.2,6.75,8.0,,,,,,,
7810201,D01,5.5,,,7.0,7.0,,,,,
7420201,B00,8.0,,6.5,,,,7.0,,,
7510401,B00,6.75,,6.75,,,,5.8,,,
7810202,A01,7.4,7.5,,8.6,,,,,,
7340115,A00,7.75,8.0,8.4,,,,,,,
7510301,D01,7.0,,,5.8,8.25,,,,,
7480201,D01,7.0,,,7.8,7.8,,,,,
7480201,D01,8.2,,,6.8,7.25,,,,,
7810103,D15,,,,6.75,8.0,,,6.0,,
7220201,D01,7.2,,,8.6,8.5,,,,,
7340201,A01,8.4,7.25,,8.8,,,,,,
7340101,A00,6.25,7.5,7.4,,,,,,,
7480201,D01,7.75,,,8.2,7.4,,,,,
7480202,D01,8.0,,,7.0,6.5,,,,,
7510301,D01,7.0,,,7.6,5.8,,,,,
7540101,A00,7.4,8.25,8.0,,,,,,,
7340201,A00,7.25,7.0,7.0,,,,,,,
7480201,A00,8.25,6.75,7.6,,,,,,,
7340101,A00,7.6,7.25,8.5,,,,,,,
7380107,D01,8.0,,,5.0,7.2,,,,,
7510303,D01,6.2,,,7.8,7.5,,,,,
7340120,A00,7.25,7.75,8.8,,,,,,,
7480201,A01,7.8,7.0,,8.6,,,,,,
7380107,D01,7.6,,,7.6,6.25,,,,,
7540105,D07,7.0,,5.8,7.6,,,,,,
7540204,D01,6.8,,,7.0,8.25,,,,,
7340123,A00,7.2,6.25,6.5,,,,,,,
7540105,A00,6.25,6.25,7.0,,,,,,,
7340122,A00,7.75,8.75,7.4,,,,,,,
7480201,D01,8.0,,,6.8,8.2,,,,,
7480202,D01,7.4,,,7.4,6.75,,,,,
7510301,A00,7.0,4.75,7.25,,,,,,,
7340120,A00,7.5,7.5,7.8,,,,,,,
7340120,A00,8.0,7.5,8.0,,,,,,,
7480201,A00,7.5,7.75,8.0,,,,,,,
7810103,A00,7.6,8.25,6.5,,,,,,,
7340115,D01,8.25,,,7.6,8.4,,,,,
7540101,D07,8.2,,7.75,8.0,,,,,,
7510401,A00,7.0,6.75,8.6,,,,,,,
7510202,A01,6.25,7.6,,6.6,,,,,,
7220201,A01,5.5,8.4,,7.2,,,,,,
7340123,D01,7.75,,,7.0,4.8,,,,,
7220201,D01,8.25,,,5.8,6.6,,,,,
7510202,D07,7.0,,6.0,8.0,,,,,,
7340301,A00,7.5,7.25,7.4,,,,,,,
7340120,A00,8.25,7.25,7.2,,,,,,,
7810103,A00,7.5,7.25,8.0,,,,,,,
7340101,A01,7.6,7.5,,9.4,,,,,,
7510303,D01,7.8,,,5.6,6.25,,,,,
7480201,D01,7.5,,,8.2,5.4,,,,,
7340122,A01,8.25,7.2,,7.8,,,,,,
7340201,D01,7.0,,,7.0,6.6,,,,,
7540204,D01,6.6,,,5.8,6.75,,,,,
7340301,D01,7.4,,,8.2,8.25,,,,,
7340201,D01,8.75,,,7.2,5.0,,,,,
7540106,D07,7.0,,7.25,8.0,,,,,,
7340201,A00,6.75,7.25,8.6,,,,,,,
7340301,D01,8.0,,,6.6,8.8,,,,,
7510202,A00,4.75,6.75,5.4,,,,,,,
7220204,D01,7.6,,,8.0,8.75,,,,,
7540204,D01,7.6,,,7.8,8.0,,,,,
7510402,B00,7.0,,7.0,,,,6.0,,,
7510301,D01,6.25,,,6.2,6.0,,,,,
7510202,D01,6.5,,,6.4,5.4,,,,,
7810201,A00,7.75,8.0,7.2,,,,,,,
7850101,A00,6.6,5.0,5.75,,,,,,,
7510301,D01,6.4,,,6.8,6.25,,,,,
7340301,A00,8.5,6.0,8.4,,,,,,,
7340120,A00,8.0,7.25,8.0,,,,,,,
7810201,A00,6.0,8.0,6.2,,,,,,,
7380107,D01,8.0,,,7.4,5.8,,,,,
7340115,D01,7.0,,,7.8,7.6,,,,,
7340129,D01,7.0,,,6.8,7.8,,,,,
7420201,A00,6.8,5.75,7.0,,,,,,,
7340301,D01,6.2,,,8.8,8.0,,,,,
7220201,A01,8.2,6.25,,9.4,,,,,,
7380107,A00,8.2,6.75,7.5,,,,,,,
7480201,D01,8.6,,,8.8,6.5,,,,,
7340115,D01,6.75,,,8.0,7.6,,,,,
7380107,D01,7.75,,,6.4,6.6,,,,,
7340101,D01,7.75,,,7.0,6.4,,,,,
7810103,D01,7.8,,,7.8,7.75,,,,,
7380107,D15,,,,7.5,7.5,,,6.0,,
7480201,A01,7.8,7.75,,7.6,,,,,,
7810201,D15,,,,8.5,7.0,,,6.0,,
7380107,D01,6.5,,,7.2,6.4,,,,,
7220204,D01,6.75,,,6.0,7.6,,,,,
7420201,B00,7.2,,7.0,,,,4.5,,,
7810201,D15,,,,7.5,7.25,,,6.4,,
7819009,A00,5.75,5.25,6.4,,,,,,,
7340101,A00,8.0,8.25,7.8,,,,,,,
7340101,A00,7.5,8.0,7.6,,,,,,,
7540204,D01,6.2,,,4.6,7.5,,,,,
7480201,D07,8.4,,7.5,9.4,,,,,,
7340122,D01,6.75,,,7.8,7.6,,,,,
7340120,D01,7.75,,,7.2,8.2,,,,,
7380107,D01,7.5,,,6.8,7.0,,,,,
7510202,D01,7.5,,,6.0,5.6,,,,,
7480202,D01,6.5,,,7.0,6.2,,,,,
7340301,D01,6.75,,,7.4,6.0,,,,,
7340301,A00,7.8,7.5,7.75,,,,,,,
7819010,D07,6.0,,5.4,6.8,,,,,,
7340120,D01,7.4,,,6.2,9.5,,,,,
7340101,A00,7.5,8.0,8.0,,,,,,,
7540101,B00,7.0,,7.5,,,,7.0,,,
7540101,D07,8.0,,7.75,9.6,,,,,,
7540101,A00,8.5,5.75,7.8,,,,,,,
7480201,D01,7.75,,,7.4,5.6,,,,,
7340301,D01,8.0,,,8.2,7.5,,,,,
7340201,A00,7.25,7.25,7.2,,,,,,,
7220201,D01,7.0,,,9.0,7.8,,,,,
7540101,B00,8.0,,7.75,,,,8.5,,,
7540101,A00,7.25,6.75,7.2,,,,,,,
7510202,D01,7.5,,,6.0,4.6,,,,,
7340122,D01,8.75,,,7.4,8.2,,,,,
7540106,A00,7.0,7.75,7.0,,,,,,,
7220201,D01,7.5,,,6.4,7.8,,,,,
7480202,A01,7.25,7.8,,7.0,,,,,,
7510303,D01,6.5,,,7.6,7.2,,,,,
7340115,D01,7.75,,,7.8,9.4,,,,,
7810202,A00,6.5,6.25,6.4,,,,,,,
7480202,A01,6.25,7.8,,7.8,,,,,,
7510301,A00,6.75,6.25,8.4,,,,,,,
7340122,A00,6.0,8.5,8.6,,,,,,,
7340120,A01,8.4,7.75,,9.4,,,,,,
7340120,A01,7.5,8.6,,8.0,,,,,,
7340101,A01,7.5,6.8,,8.2,,,,,,
7540101,A01,8.0,8.2,,7.8,,,,,,
7850101,D07,7.4,,6.75,5.2,,,,,,
7480201,A00,7.5,7.25,7.4,,,,,,,
7340129,A00,5.25,7.0,7.4,,,,,,,
7340101,A00,6.5,7.5,8.2,,,,,,,
7340301,A00,8.25,7.0,7.2,,,,,,,
7810202,D01,7.75,,,7.4,5.4,,,,,
7340123,D01,7.0,,,6.4,8.0,,,,,
7340101,D01,8.0,,,9.2,6.5,,,,,
7540204,D01,8.0,,,5.0,6.75,,,,,
7340101,D01,7.6,,,8.8,7.5,,,,,
7220204,D01,8.75,,,7.6,7.0,,,,,
7510203,A00,6.25,7.5,6.8,,,,,,,
7540106,A00,6.8,6.0,6.0,,,,,,,
7340120,A00,8.5,7.75,7.8,,,,,,,
7340101,D01,7.8,,,7.2,8.25,,,,,
7420201,B00,7.0,,7.0,,,,6.25,,,
7420201,A01,7.4,7.0,,7.8,,,,,,
7340201,A01,7.75,8.0,,8.0,,,,,,
7480201,D07,8.0,,6.6,7.8,,,,,,
7340101,A01,7.8,7.75,,8.4,,,,,,
7850101,A00,7.0,7.0,5.75,,,,,,,
7850101,B00,7.75,,7.25,,,,8.4,,,
7340301,D01,8.0,,,7.8,5.6,,,,,
7540101,B00,7.0,,6.75,,,,7.6,,,
7510202,A00,8.2,7.5,7.5,,,,,,,
7810201,D01,7.8,,,8.4,6.75,,,,,
7380107,D01,7.5,,,5.2,5.8,,,,,
7460108,D01,5.25,,,6.2,5.8,,,,,
7220201,D01,8.4,,,9.0,7.5,,,,,
7480201,D01,7.5,,,7.8,7.6,,,,,
7340101,A01,8.0,7.6,,7.6,,,,,,
7540101,B00,7.75,,8.25,,,,8.0,,,
7480201,D01,7.2,,,7.8,7.25,,,,,
7480201,A00,7.75,7.5,7.8,,,,,,,
7340115,A00,8.5,6.5,7.6,,,,,,,
7340201,D01,9.0,,,5.4,6.0,,,,,
7510202,D01,8.2,,,4.6,5.5,,,,,
7340120,A00,7.75,8.25,8.0,,,,,,,
7340129,D01,6.75,,,8.0,7.4,,,,,
7819010,A00,6.0,5.5,5.4,,,,,,,
7420201,B00,7.4,,6.25,,,,5.75,,,
7810201,A00,5.5,7.5,6.6,,,,,,,
7380107,D15,,,,7.25,7.5,,,9.2,,
7480202,D01,7.2,,,7.2,7.0,,,,,
7510301,A00,6.0,7.75,6.8,,,,,,,
7340120,A01,7.8,7.25,,8.4,,,,,,
7340201,D01,7.0,,,8.2,7.25,,,,,
7819009,A00,5.5,6.25,8.2,,,,,,,
7480201,A00,7.0,7.0,7.8,,,,,,,
7340129,A00,6.75,8.0,7.8,,,,,,,
7340301,A00,7.8,7.25,7.75,,,,,,,
7420201,B00,8.0,,7.5,,,,7.75,,,
7420201,A01,7.8,7.0,,7.2,,,,,,
7340301,D01,7.25,,,8.4,4.4,,,,,
7540204,A00,7.2,7.25,8.0,,,,,,,
7850101,A00,8.0,6.25,6.5,,,,,,,
7510303,D01,7.6,,,3.8,6.0,,,,,
7510203,A00,7.6,6.25,7.75,,,,,,,
7340101,A01,6.75,9.0,,7.8,,,,,,
7510401,A01,4.5,7.8,,7.4,,,,,,
7510303,D01,6.4,,,8.8,6.25,,,,,
7340129,D01,6.25,,,8.2,7.6,,,,,
7380107,D01,8.2,,,8.6,6.75,,,,,
7510303,A00,6.5,6.25,7.6,,,,,,,
7340301,D01,8.2,,,7.4,7.5,,,,,
7510202,D01,6.75,,,8.2,6.2,,,,,
7480201,A00,7.0,8.0,7.4,,,,,,,
7540204,D01,6.4,,,9.4,8.5,,,,,
7340301,A00,7.75,7.5,8.4,,,,,,,
7819010,B00,6.75,,6.5,,,,6.2,,,
7340115,D01,8.0,,,9.0,7.2,,,,,
7340115,D01,8.75,,,7.6,6.4,,,,,
7220201,D01,7.2,,,8.8,8.25,,,,,
7540101,A01,8.0,7.75,,8.6,,,,,,
7340301,A00,8.4,7.25,8.0,,,,,,,
7810103,D01,7.4,,,7.6,8.0,,,,,
7340301,D01,6.75,,,7.0,6.8,,,,,
7480201,A00,7.8,6.75,8.25,,,,,,,
7380107,D01,8.5,,,7.8,5.2,,,,,
7480201,D01,7.25,,,8.0,8.0,,,,,
7810201,A01,7.4,7.5,,7.8,,,,,,
7480201,D01,7.75,,,7.2,7.6,,,,,
7480201,D07,7.4,,7.25,8.0,,,,,,
7340301,D01,7.0,,,7.2,6.2,,,,,
7340122,A00,7.0,8.0,8.2,,,,,,,
7220201,A01,7.8,7.25,,8.4,,,,,,
7480202,A00,6.75,7.25,7.4,,,,,,,
7340201,D01,7.25,,,6.6,7.0,,,,,
7810103,D01,7.75,,,5.0,5.8,,,,,
7480201,A00,7.75,7.75,8.2,,,,,,,
7340115,D01,7.8,,,8.0,8.5,,,,,
7480202,A01,6.5,9.0,,7.4,,,,,,
7220204,D01,8.0,,,6.0,6.6,,,,,
7380107,D01,6.5,,,7.6,7.0,,,,,
7810201,D01,7.75,,,7.6,7.4,,,,,
7480201,D07,8.25,,6.0,7.4,,,,,,
7220204,A01,8.6,7.25,,8.6,,,,,,
7340101,A00,7.0,7.5,7.8,,,,,,,
7480201,D01,7.25,,,7.2,7.4,,,,,
7340129,A00,5.25,7.75,7.4,,,,,,,
7220204,D01,8.8,,,7.0,7.25,,,,,
7340301,A00,7.0,6.75,7.4,,,,,,,
7340101,A00,6.75,8.0,8.0,,,,,,,
7480201,D01,7.8,,,9.2,7.25,,,,,
7340101,A00,6.5,8.0,7.0,,,,,,,
7540101,B00,7.0,,6.0,,,,7.8,,,
7480201,A00,8.2,7.25,8.5,,,,,,,
7810201,A01,7.0,6.5,,9.0,,,,,,
7340101,A00,8.6,7.0,7.75,,,,,,,
7510301,A00,5.8,5.75,5.5,,,,,,,
7340120,A01,7.25,8.6,,7.6,,,,,,
7380107,D01,7.5,,,7.2,5.8,,,,,
7510301,D01,7.0,,,4.2,5.75,,,,,
7340122,D01,8.41,,,7.0,7.0,,,,,
7510301,A00,6.6,7.25,7.25,,,,,,,
7480201,D01,7.8,,,7.4,7.0,,,,,
7380107,D01,8.5,,,8.0,6.6,,,,,
7340301,A00,8.0,8.0,7.8,,,,,,,
7810201,D15,,,,7.25,6.75,,,6.0,,
7510202,A00,6.0,4.25,5.5,,,,,,,
7340120,D01,9.0,,,7.6,5.6,,,,,
7220204,D01,8.4,,,8.6,7.0,,,,,
7380107,D01,8.0,,,7.6,4.2,,,,,
7340115,D01,9.25,,,6.4,6.6,,,,,
7220201,A01,9.0,7.75,,8.4,,,,,,
7510203,D07,6.5,,5.8,7.8,,,,,,
7819009,A00,6.25,6.75,6.8,,,,,,,
7510401,A00,6.8,4.5,4.5,,,,,,,
7340129,D01,7.5,,,6.4,7.2,,,,,
7510301,D01,6.0,,,5.4,7.5,,,,,
7340115,A00,7.25,8.75,7.4,,,,,,,
7220204,D01,7.2,,,7.6,8.25,,,,,
7819010,A01,7.25,7.6,,7.8,,,,,,
7220201,D09,8.0,,,6.8,,6.2,,,,
7340120,D01,8.5,,,6.6,8.0,,,,,
7810202,D01,7.4,,,8.8,7.5,,,,,
7480201,A01,8.25,8.4,,7.6,,,,,,
7480202,D01,6.2,,,6.6,6.25,,,,,
7540106,A00,7.25,6.0,8.2,,,,,,,
7340101,A00,7.0,7.75,8.2,,,,,,,
7340201,D01,7.8,,,7.8,7.5,,,,,
7340201,A00,7.6,8.0,7.25,,,,,,,
7819009,D07,8.0,,7.6,7.2,,,,,,
7510303,A01,6.4,6.5,,6.4,,,,,,
7220204,D01,8.0,,,7.0,6.4,,,,,
7340115,A01,8.0,8.25,,8.2,,,,,,
7510303,A00,8.5,8.0,7.8,,,,,,,
7540204,D01,9.25,,,7.6,4.2,,,,,
7540101,B00,8.75,,7.0,,,,7.6,,,
7480201,D07,8.4,,8.0,6.0,,,,,,
7340201,A00,8.0,7.25,8.0,,,,,,,
7810201,D15,,,,7.75,7.0,,,5.0,,
7540204,A00,7.0,7.25,7.8,,,,,,,
7510203,A00,6.6,7.0,6.5,,,,,,,
7520115,D01,7.0,,,5.6,4.8,,,,,
7340101,A00,8.0,8.0,8.6,,,,,,,
7340115,A00,8.5,8.25,8.4,,,,,,,
7340120,D01,7.75,,,7.6,7.2,,,,,
7340120,D01,7.6,,,8.4,7.75,,,,,
7340120,D01,8.2,,,8.2,7.5,,,,,
7480201,A00,7.75,8.0,7.0,,,,,,,
7540101,D07,8.2,,7.5,8.4,,,,,,
7340115,D01,9.25,,,6.8,6.8,,,,,
7540101,A00,8.0,7.25,8.4,,,,,,,
7340120,D01,7.5,,,7.8,8.4,,,,,
7220204,D01,7.75,,,6.8,7.4,,,,,
7340115,A00,8.4,8.0,8.0,,,,,,,
7480202,D01,6.0,,,8.0,8.2,,,,,
7340301,A00,7.5,7.0,7.6,,,,,,,
7510303,D01,6.6,,,7.6,4.75,,,,,
7480201,D01,6.25,,,7.0,8.0,,,,,
7510303,D01,7.75,,,6.8,7.2,,,,,
7480202,D01,6.75,,,6.8,5.6,,,,,
7510301,A00,6.0,4.5,6.0,,,,,,,
7510303,D01,6.4,,,4.6,5.5,,,,,
7510303,A00,6.6,6.5,7.5,,,,,,,
7220201,D01,8.4,,,7.6,8.0,,,,,
7510303,A00,5.0,7.0,6.4,,,,,,,
7540101,B00,7.0,,7.25,,,,8.2,,,
7540101,D07,6.25,,7.8,8.2,,,,,,
7380107,D01,7.75,,,8.0,7.2,,,,,
7480201,A00,7.25,7.75,7.0,,,,,,,
7340101,D01,6.8,,,8.8,8.25,,,,,
7810103,D01,7.75,,,5.4,7.0,,,,,
7510303,A00,8.2,7.0,7.5,,,,,,,
7810201,A00,7.8,7.5,7.0,,,,,,,
7510202,A00,5.5,7.0,7.2,,,,,,,
7340201,D01,8.25,,,7.4,7.2,,,,,
7340120,A00,7.8,7.25,7.75,,,,,,,
7540101,A01,8.6,7.25,,8.4,,,,,,
7220201,D01,8.75,,,6.6,6.0,,,,,
7810201,D15,,,,8.0,6.5,,,5.6,,
7340101,A00,7.25,8.5,7.4,,,,,,,
7510303,D01,7.25,,,8.6,7.4,,,,,
7220201,D09,7.2,,,8.2,,7.5,,,,
7480201,A00,8.0,7.75,8.0,,,,,,,
7480202,A00,7.8,5.5,7.25,,,,,,,
7380107,D01,7.0,,,7.0,7.75,,,,,
7460108,D01,7.0,,,7.8,5.4,,,,,
7380107,D01,7.25,,,7.2,6.0,,,,,
7340301,D01,7.0,,,7.2,7.6,,,,,
7540204,A00,7.25,6.5,7.6,,,,,,,
7510401,B00,7.4,,7.5,,,,6.25,,,
7510203,A00,5.75,7.5,6.0,,,,,,,
7480201,A00,7.5,8.0,8.8,,,,,,,
7340101,D01,8.75,,,7.4,4.8,,,,,
7480202,D07,7.4,,7.0,7.2,,,,,,
7480201,D01,6.5,,,7.4,7.8,,,,,
7510301,A00,7.5,7.75,7.2,,,,,,,
7340115,A00,7.5,8.25,8.8,,,,,,,
7220201,D01,7.25,,,6.0,7.4,,,,,
7510301,D01,8.2,,,4.0,6.0,,,,,
7340301,D01,7.5,,,7.6,8.2,,,,,
7220204,D01,7.4,,,6.0,9.25,,,,,
7460108,D01,7.25,,,3.6,7.6,,,,,
7819009,B00,6.75,,6.75,,,,7.2,,,
7480201,D01,7.4,,,7.8,7.25,,,,,
7340301,D01,8.25,,,7.2,6.4,,,,,
7510301,A00,8.2,6.75,7.0,,,,,,,
7420201,D07,7.75,,7.6,7.0,,,,,,
7510401,D07,6.75,,6.4,6.6,,,,,,
7510301,D01,8.0,,,8.6,5.6,,,,,
7340115,A00,7.0,7.75,7.6,,,,,,,
7819010,D07,6.75,,6.4,5.6,,,,,,
7510401,B00,8.25,,6.25,,,,8.2,,,
7340129,A01,6.75,7.6,,7.2,,,,,,
7340122,D01,7.75,,,6.6,7.4,,,,,
7510303,D01,7.5,,,6.4,3.4,,,,,
7340101,A00,7.25,8.0,7.6,,,,,,,
7380107,D01,8.0,,,8.4,8.0,,,,,
7340101,A00,8.0,8.25,8.2,,,,,,,
7340120,A00,6.75,8.25,8.0,,,,,,,
7220201,D01,8.25,,,5.6,7.2,,,,,
7220201,D01,7.8,,,9.0,6.75,,,,,
7480201,A00,7.6,7.5,7.25,,,,,,,
7540101,A01,7.5,6.4,,7.6,,,,,,
7340101,D01,8.25,,,7.4,6.8,,,,,
7340101,D01,8.0,,,8.8,7.5,,,,,
7480201,A00,7.5,7.25,7.8,,,,,,,
7380107,A00,7.4,6.75,8.25,,,,,,,
7480201,D01,7.25,,,7.4,8.6,,,,,
7340201,D01,5.75,,,7.2,8.0,,,,,
7810201,A00,6.75,7.0,8.2,,,,,,,
7220204,D01,8.0,,,8.0,6.4,,,,,
7480201,A00,8.2,7.25,8.25,,,,,,,
7810202,D15,,,,8.25,8.0,,,5.6,,
7540101,D07,7.6,,8.25,8.4,,,,,,
7540101,D07,6.75,,7.2,7.2,,,,,,
7340120,A00,7.5,7.5,8.0,,,,,,,
7480201,D07,8.25,,8.4,8.2,,,,,,
7420201,B00,7.8,,7.0,,,,6.5,,,
7850101,B00,5.75,,5.25,,,,6.4,,,
7340115,D01,8.0,,,8.0,8.8,,,,,
7420201,A00,6.6,6.25,7.0,,,,,,,
7540101,A01,8.75,8.4,,9.0,,,,,,
7220204,D01,8.0,,,8.0,7.8,,,,,
7380107,D01,6.5,,,8.6,6.4,,,,,
7540204,D01,7.0,,,4.8,7.25,,,,,
7540101,A00,8.0,8.25,7.8,,,,,,,
7480201,A00,6.75,6.25,7.4,,,,,,,
7380107,D15,,,,7.25,7.75,,,5.8,,
7510301,A01,7.6,7.5,,8.2,,,,,,
7480201,D01,7.5,,,8.6,5.6,,,,,
7340115,A00,7.0,8.5,8.0,,,,,,,
7480202,A01,8.5,7.8,,8.0,,,,,,
7510203,D01,7.6,,,5.2,4.0,,,,,
7340201,D01,8.2,,,8.6,7.25,,,,,
7480201,A00,8.6,7.5,7.25,,,,,,,
7340301,A00,8.0,7.5,7.75,,,,,,,
7340101,A00,7.75,7.5,7.4,,,,,,,
7480201,A01,7.25,8.8,,6.8,,,,,,
7340101,A00,8.0,7.25,7.8,,,,,,,
7340115,A00,7.8,8.5,8.5,,,,,,,
7480201,A00,6.25,8.0,7.6,,,,,,,
7810202,A00,8.6,7.0,7.5,,,,,,,
7220201,D01,6.0,,,9.2,8.75,,,,,
7510401,A00,7.0,8.0,8.4,,,,,,,
7480201,A01,6.75,7.6,,6.2,,,,,,
7480201,D07,7.5,,8.0,7.2,,,,,,
7420201,B00,7.8,,8.25,,,,8.0,,,
7480201,A00,7.25,8.25,8.0,,,,,,,
7340122,A00,6.75,7.75,7.6,,,,,,,
7480201,D01,7.8,,,7.0,7.5,,,,,
7850101,A00,6.6,6.5,5.75,,,,,,,
7340115,A01,8.0,8.2,,7.4,,,,,,
7340115,A00,8.25,7.75,7.6,,,,,,,
7540204,D01,6.0,,,6.0,7.25,,,,,
7480201,D07,6.4,,6.5,9.0,,,,,,
7340129,D01,7.5,,,6.4,7.0,,,,,
7520115,D01,6.0,,,7.2,5.6,,,,,
7540101,A00,7.0,7.5,7.0,,,,,,,
7480202,D01,6.8,,,6.6,6.75,,,,,
7340101,A00,7.75,8.25,7.6,,,,,,,
7340115,A00,7.25,9.0,8.0,,,,,,,
7510301,A00,7.2,4.75,5.75,,,,,,,
7340115,D01,7.75,,,8.8,8.0,,,,,
7480201,A00,7.8,6.75,7.5,,,,,,,
7340301,A00,7.0,8.75,7.4,,,,,,,
7540101,D07,7.8,,8.25,7.8,,,,,,
7540106,B00,7.4,,7.0,,,,8.25,,,
7480201,D01,6.5,,,8.0,7.4,,,,,
7340201,D01,6.6,,,7.6,8.0,,,,,
7480201,D07,8.0,,8.4,6.8,,,,,,
7480201,D01,8.4,,,7.0,7.0,,,,,
7340301,A00,7.5,7.5,8.4,,,,,,,
7850101,A00,5.5,6.0,7.6,,,,,,,
7480201,A00,6.75,8.0,7.6,,,,,,,
7340115,A00,8.6,7.25,7.75,,,,,,,
7540101,A00,8.4,6.75,8.75,,,,,,,
7380107,D01,7.0,,,7.6,6.2,,,,,
7340120,D01,8.0,,,7.2,6.6,,,,,
7810201,A00,6.75,6.5,7.0,,,,,,,
7340301,A00,6.75,7.5,8.4,,,,,,,
7420201,D07,7.0,,8.4,7.4,,,,,,
7480201,D01,6.8,,,8.2,7.25,,,,,
7480201,A00,6.0,8.0,8.2,,,,,,,
7380107,D01,7.5,,,7.2,6.8,,,,,
7340120,A00,8.6,7.75,8.25,,,,,,,
7510401,A00,7.8,6.75,7.25,,,,,,,
7340301,A00,6.5,7.0,7.2,,,,,,,
7340120,D01,7.2,,,7.4,9.0,,,,,
7480202,D01,5.75,,,7.0,6.0,,,,,
7510301,A00,6.8,6.75,6.75,,,,,,,
7340101,A00,7.25,6.75,8.0,,,,,,,
7850101,D07,7.4,,7.25,7.0,,,,,,
7480201,A00,7.4,7.0,7.75,,,,,,,
7510203,D01,6.0,,,5.2,6.2,,,,,
7510303,A00,7.8,5.25,8.25,,,,,,,
7340120,A00,7.75,7.5,8.2,,,,,,,
7340115,D01,7.75,,,6.2,8.6,,,,,
7510303,D01,6.75,,,7.0,5.8,,,,,
7819009,A00,4.75,5.5,6.4,,,,,,,
7480202,A00,7.0,8.5,6.6,,,,,,,
7510203,A00,5.6,4.5,7.25,,,,,,,
7480202,D07,8.0,,7.5,6.4,,,,,,
7340120,D01,6.75,,,8.2,7.8,,,,,
7540106,B00,7.2,,6.25,,,,6.75,,,
7340115,D01,8.0,,,8.6,6.6,,,,,
7340301,D01,6.75,,,7.8,6.2,,,,,
7340120,A01,7.0,8.2,,7.4,,,,,,
7810202,D01,6.75,,,6.8,6.2,,,,,
7510301,A00,6.0,6.5,7.4,,,,,,,
7340101,A01,7.5,8.0,,8.0,,,,,,
7540101,A01,8.75,6.0,,7.6,,,,,,
7220201,A01,7.0,7.2,,7.0,,,,,,
7340115,A00,8.25,7.75,8.0,,,,,,,
7480201,A01,7.0,7.6,,7.0,,,,,,
7540204,A00,5.75,7.0,7.0,,,,,,,
7420201,D07,6.5,,6.8,7.8,,,,,,
7340120,A00,7.8,7.75,8.75,,,,,,,
7520115,D07,6.5,,7.0,5.6,,,,,,
7810202,D01,8.6,,,6.4,7.5,,,,,
7340123,D01,7.0,,,3.2,6.25,,,,,
7340201,A00,7.0,8.0,7.6,,,,,,,
7480202,D01,7.5,,,7.6,7.8,,,,,
7220204,A01,8.0,7.8,,8.2,,,,,,
7540101,B00,7.5,,7.25,,,,8.2,,,
7220201,D01,6.75,,,6.8,7.2,,,,,
7380107,D01,7.5,,,7.2,7.2,,,,,
7480201,A00,6.5,6.75,7.6,,,,,,,
7340129,A00,7.0,5.75,7.5,,,,,,,
7380107,D01,7.6,,,7.8,7.0,,,,,
7340115,A00,7.75,7.5,7.8,,,,,,,
7340301,A00,7.25,8.25,8.0,,,,,,,
7380107,D01,5.5,,,6.8,6.2,,,,,
7850101,A00,6.25,6.25,7.4,,,,,,,
7510303,D01,6.0,,,7.2,5.4,,,,,
7340201,A00,7.5,7.5,7.2,,,,,,,
7540101,B00,8.25,,8.5,,,,7.0,,,
7480201,A01,7.8,8.5,,8.8,,,,,,
7340301,A01,8.2,7.5,,6.8,,,,,,
7510203,D01,7.75,,,7.0,5.0,,,,,
7510406,B00,7.2,,4.5,,,,5.5,,,
7340120,A01,7.75,7.6,,7.0,,,,,,
7510303,D07,7.5,,5.4,7.8,,,,,,
7480201,A00,7.25,8.0,7.8,,,,,,,
7220204,D01,8.0,,,7.4,8.25,,,,,
7810103,D01,7.75,,,7.0,6.2,,,,,
7340120,A00,7.5,8.5,8.2,,,,,,,
7540101,A01,7.25,6.4,,7.4,,,,,,
7810103,A00,8.0,8.25,8.6,,,,,,,
7510303,A00,7.6,6.0,5.5,,,,,,,
7380107,A00,7.75,8.0,7.8,,,,,,,
7340115,A01,8.25,8.0,,7.4,,,,,,
7340115,D01,8.25,,,6.6,7.8,,,,,
7480202,D01,6.4,,,8.0,5.0,,,,,
7220201,D09,8.0,,,7.4,,8.4,,,,
7340301,A00,7.8,7.5,8.0,,,,,,,
7420201,D07,7.8,,7.0,8.0,,,,,,
7480201,A01,8.0,6.6,,7.2,,,,,,
7220201,D01,7.6,,,7.8,7.75,,,,,
7340101,A00,7.5,6.75,7.2,,,,,,,
7810103,A01,8.0,8.0,,8.2,,,,,,
7540106,A00,6.6,6.5,5.5,,,,,,,
7340115,D01,8.25,,,8.2,7.2,,,,,
7810103,D15,,,,8.0,6.75,,,6.4,,
7810103,D01,6.5,,,7.0,6.8,,,,,
7480201,A00,7.0,8.25,8.2,,,,,,,
7510301,A00,7.8,6.75,6.0,,,,,,,
7340120,A00,8.4,6.5,8.0,,,,,,,
7340201,D01,7.25,,,7.4,7.2,,,,,
7819010,D07,5.75,,5.2,6.2,,,,,,
7540101,A00,9.0,7.25,8.5,,,,,,,
7340201,A01,8.4,6.5,,7.6,,,,,,
7480201,A00,6.0,7.0,8.0,,,,,,,
7220201,D01,7.0,,,9.0,7.0,,,,,
7480201,A00,7.5,8.0,7.4,,,,,,,
7340301,A00,7.0,7.0,8.2,,,,,,,
7340301,D01,7.25,,,7.2,6.6,,,,,
7540101,B00,7.75,,8.0,,,,8.2,,,
7810103,D01,7.6,,,6.8,7.75,,,,,
7340115,A01,7.75,9.2,,7.4,,,,,,
7480201,A01,7.4,7.5,,7.2,,,,,,
7340201,D01,7.8,,,8.8,7.75,,,,,
7340129,A01,7.4,6.75,,7.0,,,,,,
7540101,B00,7.5,,8.0,,,,8.2,,,
7819010,B00,7.0,,6.25,,,,7.2,,,
7510301,A01,7.75,7.0,,8.0,,,,,,
7340101,D01,7.25,,,7.4,7.6,,,,,
7480201,A00,8.0,7.0,7.75,,,,,,,
7340201,A01,7.75,8.4,,6.8,,,,,,
7340101,D01,8.0,,,8.6,7.5,,,,,
7510203,D01,6.0,,,8.0,5.6,,,,,
7540101,A00,7.75,7.75,8.2,,,,,,,
7810103,D01,7.25,,,7.0,6.6,,,,,
7510203,A00,7.6,6.0,7.0,,,,,,,
7340129,A00,7.5,7.5,7.4,,,,,,,
7510303,A00,7.4,5.75,7.5,,,,,,,
7460108,D07,7.75,,8.2,7.4,,,,,,
7220201,D09,7.75,,,7.6,,9.2,,,,
7510401,A00,7.25,7.0,7.2,,,,,,,
7510303,A00,7.6,5.0,5.75,,,,,,,
7510203,A00,6.75,6.5,8.2,,,,,,,
7480201,D01,8.4,,,7.8,7.5,,,,,
7510202,D01,7.5,,,7.4,3.8,,,,,
7810202,A00,7.75,7.75,7.6,,,,,,,
7480202,D01,7.6,,,7.2,6.0,,,,,
7340101,D01,8.0,,,8.0,7.75,,,,,
7220201,D09,7.5,,,8.0,,8.6,,,,
7510203,D01,6.8,,,8.4,6.0,,,,,
7340115,A00,8.2,7.5,8.0,,,,,,,
7510303,D01,7.4,,,4.4,5.0,,,,,
7340101,A00,8.4,7.0,8.25,,,,,,,
7380107,D01,6.0,,,6.8,7.0,,,,,
7540101,B00,8.0,,8.0,,,,7.4,,,
7340129,D01,7.5,,,7.4,6.8,,,,,
7850101,A00,8.2,6.75,7.25,,,,,,,
7480201,A00,8.25,6.75,7.4,,,,,,,
7810103,D01,7.75,,,6.6,4.6,,,,,
7340129,D01,7.6,,,6.8,6.5,,,,,
7220204,D01,8.0,,,7.8,7.4,,,,,
7340101,A00,8.25,7.5,6.8,,,,,,,
7220204,D01,6.4,,,9.0,7.25,,,,,
7480201,A00,8.25,7.0,8.4,,,,,,,
7480201,A00,7.75,8.5,8.2,,,,,,,
7420201,A00,7.2,5.75,5.5,,,,,,,
7220204,D01,7.75,,,8.4,8.2,,,,,
7340101,D01,6.5,,,8.0,6.8,,,,,
7540105,B00,7.4,,5.75,,,,6.5,,,
7220201,D01,8.0,,,7.6,7.6,,,,,
7510301,A00,7.5,7.25,8.0,,,,,,,
7510401,D07,7.0,,4.8,6.8,,,,,,
7480201,D01,6.5,,,8.6,6.2,,,,,
7340123,A00,6.0,7.25,7.0,,,,,,,
7510303,A00,5.25,8.0,7.2,,,,,,,
7810201,D15,,,,8.5,6.0,,,3.8,,
7380107,A00,8.5,7.75,7.6,,,,,,,
7380107,D01,8.25,,,8.0,6.4,,,,,
7340201,A01,6.25,7.6,,8.2,,,,,,
7810103,D01,7.5,,,6.8,7.2,,,,,
7480202,A00,7.0,5.0,5.5,,,,,,,
7340301,A00,5.0,8.25,7.6,,,,,,,
7819010,A00,7.25,6.0,8.2,,,,,,,
7340101,D01,8.25,,,6.8,6.4,,,,,
7220201,D01,7.4,,,8.4,7.25,,,,,
7380107,A00,8.2,7.5,7.0,,,,,,,
7340120,A01,7.25,7.6,,8.2,,,,,,
7480201,D01,7.5,,,6.6,9.4,,,,,
7510301,D01,8.0,,,7.2,7.0,,,,,
7340201,A00,7.6,7.75,8.25,,,,,,,
7510301,A00,7.75,7.25,7.4,,,,,,,
7819010,A00,8.0,6.75,6.8,,,,,,,
7340101,A00,7.8,8.75,7.75,,,,,,,
7480201,D01,7.75,,,7.8,7.6,,,,,
7340101,D01,7.0,,,7.0,7.2,,,,,
7340129,D01,6.5,,,7.6,7.2,,,,,
7340101,D01,7.25,,,7.8,6.6,,,,,
7380107,D01,8.0,,,8.0,7.4,,,,,
7340301,A00,8.25,7.75,7.4,,,,,,,
7340201,A00,7.5,8.25,8.2,,,,,,,
7819010,A00,4.25,6.25,7.2,,,,,,,
7510203,D01,5.5,,,7.0,6.2,,,,,
7810201,D01,8.0,,,7.6,7.5,,,,,
7510203,D01,6.4,,,4.2,5.75,,,,,
7380107,D01,7.5,,,6.8,8.6,,,,,
7480201,D07,7.6,,7.5,8.4,,,,,,
7340115,A00,7.25,8.0,7.8,,,,,,,
7540101,A00,7.25,8.0,6.4,,,,,,,
7340201,A00,7.8,7.75,7.75,,,,,,,
7510303,A00,7.25,6.25,7.6,,,,,,,
7380107,D01,6.2,,,9.2,6.75,,,,,
7340101,A00,8.2,7.5,8.25,,,,,,,
7510303,D01,7.75,,,7.6,4.8,,,,,
7340101,A00,7.25,8.0,8.0,,,,,,,
7340301,D01,8.0,,,7.6,7.0,,,,,
7540106,D07,7.4,,7.75,7.0,,,,,,
7480201,A00,7.6,7.75,7.25,,,,,,,
7510202,D01,6.25,,,7.0,6.2,,,,,
7420201,D07,7.6,,5.75,8.2,,,,,,
7340101,D01,8.25,,,7.4,6.8,,,,,
7810103,D01,7.25,,,7.2,5.6,,,,,
7480201,A00,8.2,7.5,7.25,,,,,,,
7220201,D09,9.25,,,6.6,,8.6,,,,
7380107,D15,,,,6.25,7.75,,,5.4,,
7380107,D01,7.0,,,7.2,8.25,,,,,
7340129,A00,7.5,7.0,7.4,,,,,,,
7340101,A00,8.2,8.25,7.75,,,,,,,
7340101,D01,9.5,,,7.8,7.0,,,,,
7480201,D01,8.0,,,8.2,6.75,,,,,
7540204,D01,6.8,,,6.8,7.25,,,,,
7340301,A00,7.5,8.25,7.4,,,,,,,
7340120,D01,7.75,,,8.2,7.0,,,,,
7220204,D01,8.25,,,7.8,8.8,,,,,
7480201,A00,6.25,7.5,7.4,,,,,,,
7480202,A00,7.0,7.25,6.2,,,,,,,
7480202,A00,5.75,7.0,7.4,,,,,,,
7480201,D07,8.0,,8.0,8.2,,,,,,
7220201,A01,8.5,7.0,,8.2,,,,,,
7340115,D01,7.75,,,8.2,7.8,,,,,
7340201,D01,7.6,,,8.0,7.25,,,,,
7540204,D01,4.8,,,6.0,7.0,,,,,
7340101,D01,7.0,,,7.8,6.4,,,,,
7480201,A01,8.0,7.25,,8.6,,,,,,
7340101,A00,6.0,7.75,8.0,,,,,,,
7480201,A00,6.75,7.5,6.6,,,,,,,
7480201,D01,8.2,,,8.2,7.25,,,,,
7540204,D01,7.75,,,6.6,6.8,,,,,
7480201,D01,8.0,,,8.4,7.5,,,,,
7340129,D01,7.5,,,7.0,4.8,,,,,
7340101,D01,8.25,,,6.6,6.8,,,,,
7810201,D01,6.8,,,7.0,8.75,,,,,
7340120,D01,8.0,,,8.0,7.25,,,,,
7340201,A00,8.0,7.0,8.0,,,,,,,
7540101,D07,7.75,,7.6,7.8,,,,,,
7220204,A01,7.8,6.75,,8.0,,,,,,
7810103,A00,7.5,5.75,7.0,,,,,,,
7480202,A01,8.0,7.2,,7.0,,,,,,
7340101,A00,8.8,7.5,7.75,,,,,,,
7340301,D01,8.4,,,8.0,6.5,,,,,
7540101,D07,7.25,,7.2,7.0,,,,,,
7510303,A00,7.4,7.25,5.25,,,,,,,
7340120,D01,8.0,,,7.0,7.2,,,,,
7540101,B00,7.0,,7.75,,,,7.6,,,
7340122,A00,8.0,7.25,7.2,,,,,,,
7510203,A00,7.2,5.75,8.0,,,,,,,
7380107,D15,,,,8.0,7.0,,,7.0,,
7340201,A00,7.25,7.75,7.4,,,,,,,
7480201,D07,8.0,,8.25,7.8,,,,,,
7340205,A00,6.5,7.5,5.0,,,,,,,
7380107,D01,8.0,,,7.2,6.0,,,,,
7510303,A00,7.6,6.5,7.75,,,,,,,
7340101,A01,7.75,7.8,,7.2,,,,,,
7480201,A00,8.6,6.0,7.5,,,,,,,
7420201,B00,7.25,,7.0,,,,7.2,,,
7340201,A00,8.2,7.25,8.5,,,,,,,
7220201,D01,7.6,,,8.6,7.75,,,,,
7340301,A01,6.5,7.6,,7.2,,,,,,
7340201,A01,7.5,7.2,,7.0,,,,,,
7510202,D01,7.2,,,7.4,7.0,,,,,
7480202,A01,7.4,6.75,,6.4,,,,,,
7540101,B00,8.2,,7.75,,,,8.25,,,
7480201,A01,7.0,6.6,,8.4,,,,,,
7510401,A00,7.6,6.25,7.0,,,,,,,
7380107,A00,8.0,7.0,8.2,,,,,,,
7510401,A00,5.0,6.25,7.2,,,,,,,
7540106,A00,6.75,7.25,7.2,,,,,,,
7340101,D01,7.75,,,5.6,7.8,,,,,
7480201,A00,7.25,7.75,7.2,,,,,,,
7480201,A01,7.4,7.25,,7.8,,,,,,
7480201,D01,9.0,,,7.2,5.8,,,,,
7480201,A01,8.0,8.0,,8.0,,,,,,
7540101,B00,6.25,,7.5,,,,7.0,,,
7380107,D01,7.25,,,8.4,5.8,,,,,
7480201,D01,7.25,,,6.2,8.0,,,,,
7340301,A00,5.5,7.75,7.4,,,,,,,
7480201,A00,7.25,7.25,7.2,,,,,,,
7480201,D01,8.0,,,8.2,6.5,,,,,
7340129,A01,6.75,7.6,,7.4,,,,,,
7480201,A00,7.5,7.5,7.6,,,,,,,
7380107,A00,6.0,6.25,7.2,,,,,,,
7340201,A00,7.5,9.0,7.6,,,,,,,
7540204,D01,7.4,,,6.8,6.75,,,,,
7340301,D01,8.2,,,7.8,6.75,,,,,
7520115,D01,5.0,,,7.8,5.25,,,,,
7340120,A01,7.0,8.0,,7.4,,,,,,
7540101,A00,6.5,8.5,6.8,,,,,,,
7540106,B00,6.8,,8.0,,,,6.25,,,
7380107,D01,8.5,,,7.0,6.4,,,,,
7340129,A00,7.5,7.5,7.4,,,,,,,
7540105,B00,7.4,,6.75,,,,6.75,,,
7340120,D01,8.0,,,8.2,7.0,,,,,
7340120,A00,7.0,7.75,7.6,,,,,,,
7510401,A00,5.75,6.25,7.6,,,,,,,
7540101,A00,7.0,7.0,7.8,,,,,,,
7340122,A00,7.25,8.0,6.8,,,,,,,
7220204,D01,8.0,,,7.2,8.25,,,,,
7510203,A00,8.0,5.75,6.75,,,,,,,
7340201,A00,5.75,7.25,7.6,,,,,,,
7510203,D01,8.0,,,6.2,5.0,,,,,
7510202,D01,5.75,,,4.4,7.6,,,,,
7340120,D01,7.25,,,7.8,7.8,,,,,
7510203,D01,5.5,,,8.0,7.6,,,,,
7480201,D01,6.75,,,7.4,8.0,,,,,
7340115,D01,8.5,,,8.2,7.0,,,,,
7340120,A00,8.0,7.5,7.6,,,,,,,
7420201,B00,6.75,,7.75,,,,7.8,,,
7340115,A00,6.5,7.25,8.4,,,,,,,
7850101,A00,8.25,7.0,8.4,,,,,,,
7340201,A00,7.25,8.0,7.6,,,,,,,
7340201,A01,7.75,7.6,,7.4,,,,,,
7850101,B00,6.75,,5.75,,,,6.2,,,
7850101,A00,5.0,4.5,6.2,,,,,,,
7510301,D01,7.25,,,5.4,3.8,,,,,
7510406,A00,6.5,6.75,6.2,,,,,,,
7340301,A00,7.25,7.25,8.0,,,,,,,
7340101,A00,8.0,7.5,7.5,,,,,,,
7810103,A00,4.25,7.25,6.6,,,,,,,
7540101,B00,8.5,,8.0,,,,7.6,,,
7810202,D01,6.75,,,6.6,7.4,,,,,
7480201,D01,7.0,,,7.8,8.6,,,,,
7340120,D01,8.75,,,7.4,7.0,,,,,
7510202,A01,6.5,7.0,,5.8,,,,,,
7340115,D01,7.75,,,6.8,8.6,,,,,
7340301,A00,6.25,7.75,7.6,,,,,,,
7220204,D09,8.0,,,6.6,,7.0,,,,
7480201,D01,6.25,,,6.0,8.4,,,,,
7480201,D01,7.75,,,8.8,7.6,,,,,
7220201,D01,6.8,,,8.6,8.0,,,,,
7540101,A00,7.5,6.25,8.0,,,,,,,
7340101,A01,8.25,7.8,,7.6,,,,,,
7540101,A00,8.5,7.5,7.2,,,,,,,
7810103,D01,6.5,,,6.6,7.6,,,,,
7540105,A00,7.25,5.75,6.6,,,,,,,
7480202,D01,5.6,,,4.6,7.0,,,,,
7420201,D07,7.4,,7.75,8.0,,,,,,
7510401,D07,8.2,,7.75,7.4,,,,,,
7510202,D01,6.25,,,5.8,4.0,,,,,
7340115,A01,7.25,6.8,,8.2,,,,,,
7480201,D07,7.75,,8.4,8.0,,,,,,
7810103,A01,6.0,7.2,,8.2,,,,,,
7340115,D01,8.5,,,6.6,7.4,,,,,
7480201,A00,8.0,7.75,7.0,,,,,,,
7340115,A01,8.0,7.75,,9.4,,,,,,
7540101,D07,8.25,,7.4,7.2,,,,,,
7420201,A00,6.4,5.75,7.75,,,,,,,
7510303,A01,7.25,8.0,,8.2,,,,,,
7480202,A00,6.6,3.75,8.25,,,,,,,
7510303,A00,7.4,6.75,6.5,,,,,,,
7340120,D01,8.0,,,8.0,7.0,,,,,
7510401,A00,6.25,6.25,6.6,,,,,,,
7510401,A00,5.5,7.75,6.8,,,,,,,
7340120,A00,6.5,7.75,7.8,,,,,,,
7340115,D01,8.5,,,7.6,8.2,,,,,
7340201,A01,8.6,6.0,,7.4,,,,,,
7340301,A00,6.0,7.75,6.8,,,,,,,
7220201,D01,6.0,,,6.8,8.2,,,,,
7510401,A00,8.0,6.5,7.75,,,,,,,
7340201,A00,7.25,8.5,8.2,,,,,,,
7540204,D01,7.8,,,4.8,8.0,,,,,
7340301,D01,6.5,,,6.4,7.4,,,,,
7340120,D01,7.75,,,8.2,8.0,,,,,
7480201,A00,7.5,8.75,8.8,,,,,,,
7340115,A00,8.75,7.75,7.6,,,,,,,
7480201,A00,7.75,8.0,6.4,,,,,,,
7540101,D07,6.75,,7.8,7.8,,,,,,
7510301,D01,6.0,,,6.0,4.4,,,,,
7220201,D01,7.4,,,9.0,7.5,,,,,
7340115,D01,9.25,,,8.4,6.8,,,,,
7540204,D01,8.0,,,7.6,6.4,,,,,
7510301,D01,7.0,,,7.6,6.4,,,,,
7340129,A00,6.5,8.25,7.4,,,,,,,
7510202,A00,6.0,6.0,7.0,,,,,,,
7420201,A00,7.2,6.5,5.75,,,,,,,
7220204,D01,6.75,,,7.6,7.0,,,,,
7540101,A00,7.0,7.5,7.2,,,,,,,
7480201,A00,6.0,8.0,7.0,,,,,,,
7480202,D01,6.6,,,5.0,7.5,,,,,
7540101,A01,7.5,9.4,,7.6,,,,,,
7340115,A01,8.25,7.4,,7.8,,,,,,
7510303,D01,5.5,,,6.8,7.8,,,,,
7480201,A01,7.75,8.2,,8.4,,,,,,
7340115,D01,7.5,,,8.0,7.0,,,,,
7540106,D07,6.0,,7.0,7.8,,,,,,
7480202,A00,7.6,5.0,8.0,,,,,,,
7340122,A00,6.75,9.5,7.8,,,,,,,
7340201,D01,6.75,,,7.8,6.6,,,,,
7340120,A01,7.25,7.6,,8.4,,,,,,
7340201,D01,7.2,,,7.8,8.0,,,,,
7340120,D01,7.5,,,8.0,6.0,,,,,
7420201,B00,6.75,,8.0,,,,7.4,,,
7480202,D01,6.0,,,4.2,7.0,,,,,
7340120,A00,8.4,8.25,7.5,,,,,,,
7340101,A00,7.0,7.25,8.2,,,,,,,
7480201,A00,6.0,8.0,7.8,,,,,,,
7810202,A00,8.0,6.25,8.0,,,,,,,
7220201,A01,5.75,7.8,,7.6,,,,,,
7420201,B00,6.5,,6.0,,,,6.4,,,
7510203,D01,6.5,,,7.4,7.2,,,,,
7480201,A00,8.0,7.5,7.2,,,,,,,
7510401,B00,7.0,,5.5,,,,6.8,,,
7340301,D01,7.2,,,7.0,8.0,,,,,
7819010,A00,7.0,6.5,7.0,,,,,,,
7540204,D01,7.25,,,7.8,6.8,,,,,
7850101,A00,6.25,6.5,6.6,,,,,,,
7480202,A01,7.25,5.8,,7.4,,,,,,
7340205,D01,7.5,,,7.2,6.6,,,,,
7340129,D01,7.5,,,7.2,6.6,,,,,
7340101,D01,7.4,,,8.2,9.0,,,,,
7220201,A01,7.5,8.4,,8.0,,,,,,
7340101,D01,8.0,,,7.2,7.4,,,,,
7340101,A00,6.75,8.25,8.2,,,,,,,
7480201,A00,6.75,7.25,7.2,,,,,,,
7480201,D01,6.5,,,7.2,8.4,,,,,
7380107,A00,8.0,8.0,7.6,,,,,,,
7540101,D07,7.6,,7.75,8.2,,,,,,
7380107,A01,7.75,7.4,,8.2,,,,,,
7460108,D01,7.0,,,5.6,4.0,,,,,
7510303,A00,5.5,8.0,7.8,,,,,,,
7540204,D01,6.75,,,7.0,3.4,,,,,
7510301,A00,8.2,5.75,4.0,,,,,,,
7340129,D01,7.25,,,5.4,7.0,,,,,
7520115,A00,6.75,5.25,6.8,,,,,,,
7510202,A00,5.75,7.75,7.4,,,,,,,
7340129,A00,8.4,7.25,8.0,,,,,,,
7340301,A00,7.25,7.25,8.2,,,,,,,
7340301,D01,7.4,,,7.4,8.25,,,,,
7220204,D09,8.5,,,8.4,,7.8,,,,
7540101,A01,7.25,6.2,,7.8,,,,,,
7810103,A01,7.4,7.0,,7.4,,,,,,
7340301,A00,7.8,7.25,8.25,,,,,,,
7510202,A00,6.75,7.75,7.0,,,,,,,
7480201,A00,7.25,8.0,7.2,,,,,,,
7510203,D01,7.33,,,7.2,6.2,,,,,
7340120,D01,8.0,,,7.6,7.0,,,,,
7340115,D01,7.0,,,7.8,8.0,,,,,
7340301,D01,6.8,,,7.0,8.25,,,,,
7340101,A00,8.0,8.5,7.75,,,,,,,
7540204,D01,6.75,,,5.6,6.0,,,,,
7810103,D15,,,,7.75,6.5,,,4.0,,
7810202,A00,7.8,6.25,8.25,,,,,,,
7819010,B00,6.25,,6.0,,,,5.4,,,
7510401,B00,7.25,,7.0,,,,6.8,,,
7480201,A00,7.5,8.75,8.0,,,,,,,
7340101,D01,8.0,,,7.6,8.25,,,,,
7510303,D01,6.0,,,7.2,4.6,,,,,
7220201,D01,7.8,,,9.4,6.75,,,,,
7380107,D01,7.5,,,6.6,6.4,,,,,
7340129,A00,7.6,7.5,7.25,,,,,,,
7220201,D01,7.25,,,8.2,7.8,,,,,
7340201,A00,6.75,6.75,7.2,,,,,,,
7340201,A00,6.5,7.5,8.0,,,,,,,
7480201,A00,8.25,6.75,8.4,,,,,,,
7340122,D01,7.75,,,7.2,6.6,,,,,
7510301,A00,6.5,6.0,7.8,,,,,,,
7380107,D01,8.0,,,6.8,5.8,,,,,
7480201,A00,7.0,8.5,8.0,,,,,,,
7810202,A01,7.8,6.0,,9.0,,,,,,
7220204,D01,7.0,,,8.4,7.5,,,,,
7380107,A00,6.25,8.0,8.2,,,,,,,
7819010,A00,5.75,7.0,7.0,,,,,,,
7340301,D01,7.25,,,6.0,7.0,,,,,
7510303,A00,7.0,6.25,6.6,,,,,,,
7510203,D01,6.75,,,6.4,5.4,,,,,
7340115,A00,8.0,7.75,7.6,,,,,,,
7340201,A00,7.5,7.5,8.2,,,,,,,
7540101,B00,8.4,,7.75,,,,8.25,,,
7540101,A00,8.0,8.0,7.5,,,,,,,
7480202,A01,7.5,7.2,,7.4,,,,,,
7340201,D01,7.75,,,7.6,6.2,,,,,
7340101,A00,8.0,7.75,6.8,,,,,,,
7480201,A00,7.0,8.0,7.6,,,,,,,
7220204,A01,8.2,8.0,,7.6,,,,,,
7340120,D01,7.8,,,6.8,9.5,,,,,
7340301,D01,6.75,,,7.2,8.6,,,,,
7340201,D01,6.5,,,6.0,8.4,,,,,
7510303,A01,7.0,6.6,,6.6,,,,,,
7810202,D01,7.75,,,8.0,7.0,,,,,
7510401,A01,6.0,6.2,,6.4,,,,,,
7340120,A01,7.25,8.8,,7.8,,,,,,
7540101,A00,7.0,8.25,7.4,,,,,,,
7420201,B00,8.0,,5.75,,,,7.8,,,
7340120,A00,7.8,8.0,7.25,,,,,,,
7380107,D01,8.0,,,8.6,6.75,,,,,
7340201,D01,9.0,,,7.6,6.4,,,,,
7510303,A00,7.2,6.25,6.75,,,,,,,
7540106,A00,7.8,4.5,7.0,,,,,,,
7340201,D01,8.0,,,7.2,7.8,,,,,
7510303,A00,6.8,7.5,6.75,,,,,,,
7340301,A00,6.25,7.75,7.4,,,,,,,
7510203,D01,6.5,,,6.6,7.6,,,,,
7340129,A00,7.4,6.75,6.5,,,,,,,
7480201,A00,8.4,7.75,7.75,,,,,,,
7340115,D01,7.25,,,7.6,8.4,,,,,
7340301,A01,7.6,7.75,,7.8,,,,,,
7520115,D01,7.0,,,6.8,4.8,,,,,
7420201,B00,7.8,,7.75,,,,5.75,,,
7340301,A00,6.75,8.0,7.0,,,,,,,
7540106,A00,7.4,7.0,7.5,,,,,,,
7510401,D07,6.75,,6.6,6.8,,,,,,
7510301,D01,6.25,,,7.4,5.0,,,,,
7480202,D01,6.2,,,3.4,5.75,,,,,
7340120,A00,7.8,7.75,7.5,,,,,,,
7510303,A00,6.8,5.75,7.75,,,,,,,
7810201,D15,,,,6.0,7.0,,,5.0,,
7480201,D01,6.6,,,9.4,7.5,,,,,
7510301,A00,6.0,5.25,7.2,,,,,,,
7480201,A01,7.4,7.5,,7.2,,,,,,
7510401,B00,6.75,,6.25,,,,7.2,,,
7510303,D01,6.25,,,4.8,7.6,,,,,
7340301,A00,7.4,7.0,8.0,,,,,,,
7540106,A00,6.8,5.5,6.5,,,,,,,
7340301,A00,7.25,8.25,8.2,,,,,,,
7480201,D01,7.4,,,9.0,6.5,,,,,
7810201,D01,5.5,,,5.2,8.6,,,,,
7340101,A00,8.2,7.75,8.0,,,,,,,
7220201,D01,7.4,,,9.0,7.5,,,,,
7510203,A00,4.75,7.75,6.0,,,,,,,
7380107,D15,,,,7.5,7.0,,,6.0,,
7510202,A00,6.8,5.5,6.5,,,,,,,
7510202,A00,7.6,7.5,7.5,,,,,,,
7510401,B00,8.4,,6.75,,,,7.5,,,
7540204,D01,6.4,,,6.2,7.0,,,,,
7810202,A00,6.5,7.0,6.6,,,,,,,
7220204,D01,9.0,,,7.8,6.0,,,,,
7380107,D01,7.0,,,7.8,7.6,,,,,
7819009,B00,6.25,,5.0,,,,6.2,,,
7510303,A00,7.6,5.75,7.25,,,,,,,
7460108,A00,6.5,7.5,7.4,,,,,,,
7340301,D01,6.75,,,7.4,7.2,,,,,
7480201,D01,7.25,,,7.8,7.4,,,,,
7340101,A00,6.75,7.25,7.6,,,,,,,
7340201,D01,7.8,,,8.6,6.75,,,,,
7540101,A01,7.25,8.2,,7.4,,,,,,
7510301,A00,8.4,7.25,6.25,,,,,,,
7480201,A00,7.0,7.5,7.4,,,,,,,
7340101,A00,7.6,8.25,8.0,,,,,,,
7340205,D01,7.5,,,8.0,5.2,,,,,
7340120,A01,8.0,8.2,,7.4,,,,,,
7810202,A01,7.6,7.25,,7.4,,,,,,
7480201,A00,8.0,7.5,8.0,,,,,,,
7510202,D01,7.0,,,6.4,4.2,,,,,
7340205,D01,6.5,,,7.4,7.2,,,,,
7420201,B00,6.25,,7.25,,,,5.2,,,
7510301,D01,6.4,,,4.6,6.5,,,,,
7540106,A00,7.5,8.0,8.4,,,,,,,
7380107,D01,8.5,,,7.8,6.6,,,,,
7540101,A00,7.75,6.75,8.0,,,,,,,
7340101,A00,7.25,7.75,7.8,,,,,,,
7810201,D15,,,,6.5,7.0,,,6.2,,
7540204,D01,5.5,,,6.8,6.0,,,,,
7220204,D09,7.5,,,7.0,,6.8,,,,
7510203,D07,6.75,,7.4,7.2,,,,,,
7380107,D01,7.75,,,7.2,7.4,,,,,
7510303,A00,6.5,6.0,7.8,,,,,,,
7510301,A01,7.8,7.0,,8.0,,,,,,
7420201,D07,7.2,,5.0,7.4,,,,,,
7510303,A00,7.25,6.75,7.4,,,,,,,
7340115,A00,7.75,7.25,8.0,,,,,,,
7480201,D01,8.5,,,7.4,5.2,,,,,
7340101,D01,7.75,,,7.6,6.2,,,,,
7420201,B00,7.8,,7.0,,,,7.75,,,
7810202,D01,8.6,,,7.8,8.25,,,,,
7480201,D01,7.6,,,7.4,7.0,,,,,
7480202,D07,7.2,,7.0,8.2,,,,,,
7340122,A00,7.75,8.0,7.4,,,,,,,
7340115,D01,8.75,,,7.6,8.4,,,,,
7340120,A00,7.5,7.5,8.2,,,,,,,
7510401,D07,7.0,,5.0,8.6,,,,,,
7850101,A00,6.25,5.75,7.2,,,,,,,
7810201,A01,8.4,6.75,,7.6,,,,,,
7810201,D01,8.0,,,7.0,7.0,,,,,
7220204,D01,7.75,,,8.4,7.2,,,,,
7340115,D01,8.25,,,8.2,7.6,,,,,
7810103,A00,6.75,7.75,8.2,,,,,,,
7540101,B00,8.2,,8.0,,,,8.0,,,
7510303,D01,7.5,,,6.4,3.8,,,,,
7510202,D01,5.25,,,7.2,5.6,,,,,
7510401,A00,8.0,8.25,7.0,,,,,,,
7510202,D01,7.25,,,7.6,4.2,,,,,
7510303,D01,8.0,,,6.4,6.6,,,,,
7520115,D01,5.25,,,5.6,7.4,,,,,
7850101,B00,5.75,,6.5,,,,6.6,,,
7480201,A00,6.25,7.5,8.0,,,,,,,
7510203,D07,8.6,,7.75,6.8,,,,,,
7420201,B00,5.8,,6.5,,,,8.0,,,
7480201,A01,7.4,7.5,,9.2,,,,,,
7340201,D01,7.0,,,8.4,7.75,,,,,
7540106,D07,7.6,,7.25,6.6,,,,,,
7380107,D15,,,,6.5,6.25,,,6.4,,
7510203,A00,6.75,7.0,7.0,,,,,,,
7819010,A00,6.5,6.25,6.2,,,,,,,
7340201,D01,7.75,,,7.0,6.4,,,,,
7340120,A00,8.0,7.25,7.6,,,,,,,
7510401,D07,6.75,,6.8,7.8,,,,,,
7220201,D01,7.25,,,7.8,8.4,,,,,
7340115,A00,7.25,8.0,8.2,,,,,,,
7480201,D01,7.75,,,7.6,6.8,,,,,
7810202,A01,8.75,7.8,,8.4,,,,,,
7220201,D01,7.0,,,7.0,9.0,,,,,
7510202,A00,5.8,5.0,6.0,,,,,,,
7340120,A01,6.25,8.2,,7.6,,,,,,
7340101,D01,7.5,,,7.6,6.8,,,,,
7380107,D01,7.2,,,6.6,7.75,,,,,
7480201,D01,8.0,,,9.4,6.4,,,,,
7810201,D01,7.6,,,7.4,8.0,,,,,
7480201,A00,7.5,7.75,7.8,,,,,,,
7340101,D01,7.5,,,7.0,8.6,,,,,
7810103,D01,7.0,,,7.4,6.4,,,,,
7340120,D01,7.6,,,9.0,7.08,,,,,
7480201,A01,7.6,6.75,,9.0,,,,,,
7480201,A01,7.6,7.0,,8.4,,,,,,
7220201,D01,7.8,,,9.4,6.25,,,,,
7340115,A00,7.5,8.25,8.0,,,,,,,
7510303,D01,7.6,,,3.4,7.75,,,,,
7540101,B00,8.0,,8.25,,,,7.0,,,
7480201,A01,8.0,7.6,,7.8,,,,,,
7340122,D01,8.5,,,7.0,8.0,,,,,
7480201,D07,7.0,,8.0,8.2,,,,,,
7340301,A00,7.0,7.5,8.0,,,,,,,
7540101,B00,7.25,,7.5,,,,7.6,,,
7340101,A00,8.2,7.5,7.5,,,,,,,
7340201,A00,8.2,7.0,8.0,,,,,,,
7810202,A01,8.4,7.75,,8.8,,,,,,
7340101,D01,8.0,,,7.2,8.2,,,,,
7220201,D09,7.5,,,7.6,,7.8,,,,
7340201,A00,7.75,6.0,7.4,,,,,,,
7340120,A00,6.25,7.75,7.6,,,,,,,
7510202,D01,7.0,,,6.0,6.5,,,,,
7510401,B00,7.2,,7.0,,,,6.5,,,
7340101,A00,7.75,6.5,8.4,,,,,,,
7540204,A00,7.4,6.5,5.5,,,,,,,
7540106,A00,8.0,7.5,8.0,,,,,,,
7520115,D01,4.8,,,8.6,6.0,,,,,
7510301,A00,8.2,6.25,4.0,,,,,,,
7510203,D01,6.0,,,4.6,5.25,,,,,
7340201,D01,7.75,,,6.4,6.6,,,,,
7340301,D01,6.5,,,6.8,6.4,,,,,
7340123,D01,7.75,,,7.4,6.6,,,,,
7510401,D07,8.0,,8.25,8.0,,,,,,
7540106,B00,7.0,,6.75,,,,5.75,,,
7340301,A00,7.0,7.0,8.0,,,,,,,
7340201,A00,7.25,7.75,7.2,,,,,,,
7340115,A00,7.75,8.25,7.6,,,,,,,
7340205,D01,8.0,,,5.6,5.0,,,,,
7480201,D01,5.75,,,7.6,7.4,,,,,
7540106,A00,7.0,6.25,6.4,,,,,,,
7480201,A00,6.25,7.0,7.0,,,,,,,
7340120,D01,8.25,,,7.2,7.0,,,,,
7480201,A00,7.5,7.75,7.4,,,,,,,
7340115,A00,7.0,8.25,8.0,,,,,,,
7480202,A00,6.25,6.5,7.2,,,,,,,
7340115,A00,8.2,7.25,8.0,,,,,,,
7480201,A00,7.5,6.75,7.4,,,,,,,
7810202,A00,7.8,7.75,7.75,,,,,,,
7340129,A00,7.5,8.0,6.8,,,,,,,
7420201,D07,7.6,,8.25,6.8,,,,,,
7480201,A00,7.0,6.25,7.0,,,,,,,
7340122,D01,9.0,,,8.2,6.6,,,,,
7480201,A00,8.4,7.75,6.25,,,,,,,
7220204,D01,7.2,,,8.0,7.75,,,,,
7480202,A00,5.8,5.0,5.75,,,,,,,
7819009,A01,6.75,7.2,,7.0,,,,,,
7340101,A00,6.75,7.75,7.8,,,,,,,
7480202,D01,8.5,,,8.2,5.2,,,,,
7510301,A00,5.75,6.5,6.8,,,,,,,
7340120,A01,8.0,6.75,,8.6,,,,,,
7510203,D01,6.8,,,4.6,7.25,,,,,
7540101,D07,8.0,,7.8,6.8,,,,,,
7540101,B00,8.8,,7.75,,,,9.5,,,
7510203,D01,7.2,,,6.6,4.92,,,,,
7510301,D01,6.0,,,6.4,7.2,,,,,
7540101,D07,7.6,,7.75,8.0,,,,,,
7510301,A00,7.2,6.25,6.75,,,,,,,
7340201,D01,7.6,,,7.4,7.5,,,,,
7380107,A00,6.25,8.5,8.0,,,,,,,
7380107,D01,7.2,,,7.8,7.0,,,,,
7810103,D01,6.0,,,7.2,4.8,,,,,
7220201,A01,7.75,8.0,,7.8,,,,,,
7340129,A00,6.25,8.0,7.4,,,,,,,
7510301,A00,6.0,7.25,7.4,,,,,,,
7340120,A00,8.8,8.0,7.5,,,,,,,
7850101,A01,6.4,6.75,,8.4,,,,,,
7510202,D01,7.0,,,7.0,6.6,,,,,
7380107,D01,8.0,,,8.8,6.0,,,,,
7340101,A00,7.0,9.0,8.2,,,,,,,
7510202,A00,4.75,5.75,7.2,,,,,,,
7340120,A00,8.0,7.75,7.4,,,,,,,
7340115,A00,7.25,8.5,8.4,,,,,,,
7510202,D01,7.75,,,6.4,7.8,,,,,
7340201,A01,7.6,7.0,,8.2,,,,,,
7340101,A01,8.0,7.2,,7.8,,,,,,
7520115,D01,5.4,,,7.0,6.25,,,,,
7480201,A00,8.0,7.5,7.6,,,,,,,
7480201,D01,8.0,,,7.6,7.0,,,,,
7340115,A00,7.25,7.5,8.2,,,,,,,
7340205,D01,6.5,,,6.6,5.8,,,,,
7340120,D01,8.5,,,6.8,7.8,,,,,
7340120,A00,8.25,7.75,7.4,,,,,,,
7510303,D01,6.0,,,6.4,5.0,,,,,
7340301,D01,7.25,,,7.0,6.0,,,,,
7340301,A00,7.0,7.5,6.4,,,,,,,
7480201,A01,9.2,7.25,,7.8,,,,,,
7340301,A00,8.2,7.5,8.25,,,,,,,
7380107,D01,7.2,,,7.8,6.75,,,,,
7540101,B00,6.5,,8.0,,,,7.8,,,
7540105,B00,6.6,,7.25,,,,5.75,,,
7540101,A00,7.0,7.5,6.8,,,,,,,
7810202,D01,7.4,,,6.8,8.0,,,,,
7480201,A00,8.0,8.25,6.75,,,,,,,
7420201,B00,8.5,,9.5,,,,7.6,,,
7540106,B00,6.5,,6.5,,,,6.8,,,
7540204,D01,6.25,,,6.4,4.4,,,,,
7340201,A00,8.4,6.5,7.5,,,,,,,
7540101,A00,6.25,7.75,7.2,,,,,,,
7540101,D07,6.75,,9.0,6.0,,,,,,
7340115,D01,8.0,,,7.8,7.8,,,,,
7510303,D01,8.0,,,7.6,7.0,,,,,
7340201,D01,7.0,,,6.8,6.6,,,,,
7810201,A00,6.25,6.5,7.2,,,,,,,
7340120,D01,7.2,,,8.8,8.75,,,,,
7380107,D01,8.6,,,8.4,6.5,,,,,
7340301,D01,8.0,,,7.4,5.0,,,,,
7340115,D01,7.25,,,8.2,8.2,,,,,
7540204,D01,6.8,,,5.8,6.0,,,,,
7480201,D01,7.42,,,7.6,7.6,,,,,
7510303,A00,7.6,6.25,7.25,,,,,,,
7540204,D01,5.0,,,5.6,6.5,,,,,
7340301,A00,6.25,8.5,7.2,,,,,,,
7810201,A00,8.2,6.5,7.5,,,,,,,
7510401,B00,7.75,,7.0,,,,7.0,,,
7340301,D01,7.25,,,7.0,7.8,,,,,
7340120,A00,8.4,7.25,7.25,,,,,,,
7510301,A00,6.4,7.0,4.75,,,,,,,
7340122,D01,9.0,,,5.2,7.6,,,,,
7340122,D01,9.25,,,7.6,7.6,,,,,
7540101,D07,6.0,,8.4,7.6,,,,,,
7510203,A00,4.75,6.5,7.0,,,,,,,
7819010,D07,5.5,,5.0,7.0,,,,,,
7380107,D01,8.0,,,7.2,6.0,,,,,
7540101,D07,8.6,,8.5,9.0,,,,,,
7540204,D01,7.6,,,7.0,7.5,,,,,
7540101,A01,8.5,6.8,,7.6,,,,,,
7510401,A00,7.4,5.25,8.25,,,,,,,
7510203,D01,7.0,,,7.0,6.75,,,,,
7460108,D01,8.0,,,5.6,5.4,,,,,
7340201,D01,7.6,,,7.2,8.0,,,,,
7340101,D01,6.0,,,8.0,7.2,,,,,
7810201,A00,6.5,7.5,5.0,,,,,,,
7480202,A00,8.25,6.5,7.2,,,,,,,
7340120,A00,8.8,8.5,7.25,,,,,,,
7220201,D01,7.4,,,8.2,7.25,,,,,
7340120,A01,7.6,7.0,,8.2,,,,,,
7510303,D01,6.75,,,6.0,4.6,,,,,
7480201,D01,8.25,,,6.0,6.6,,,,,
7340301,D01,8.0,,,8.0,7.0,,,,,
7510202,A00,5.5,7.0,5.8,,,,,,,
7540101,B00,8.8,,8.0,,,,8.25,,,
7810201,A00,8.0,6.5,7.5,,,,,,,
7340301,D01,8.5,,,7.0,5.8,,,,,
7340201,A01,7.2,7.25,,8.2,,,,,,
7510401,A00,6.6,6.75,6.0,,,,,,,
7480201,A00,8.2,7.0,7.25,,,,,,,
7480202,D01,7.4,,,5.2,6.0,,,,,
7540101,A01,8.0,7.0,,9.0,,,,,,
7510202,D01,6.5,,,7.0,6.6,,,,,
7510401,A00,7.0,6.75,7.75,,,,,,,
7510301,D01,7.0,,,6.2,5.0,,,,,
7340122,A00,7.5,8.0,7.8,,,,,,,
7510202,A00,7.6,6.25,8.0,,,,,,,
7510303,A00,5.75,7.75,7.8,,,,,,,
7340115,D01,7.75,,,7.8,7.8,,,,,
7510203,A00,6.25,7.25,7.6,,,,,,,
7340301,A00,6.25,8.25,6.0,,,,,,,
7480202,D07,7.25,,6.2,7.2,,,,,,
7480201,A01,7.5,7.2,,8.6,,,,,,
7540204,D01,7.0,,,6.8,2.8,,,,,
7510202,D01,5.75,,,7.6,6.0,,,,,
7340115,A01,7.8,8.25,,8.4,,,,,,
7340101,D01,8.5,,,7.8,7.0,,,,,
7810103,D01,8.4,,,6.6,7.25,,,,,
7480201,A01,7.75,6.8,,6.8,,,,,,
7510203,D01,6.25,,,7.6,4.2,,,,,
7510303,D01,7.25,,,7.4,6.4,,,,,
7810201,A00,7.25,7.5,7.4,,,,,,,
7510202,D07,7.2,,5.75,5.8,,,,,,
7340115,D01,9.0,,,7.4,7.6,,,,,
7340201,D01,7.75,,,7.2,8.0,,,,,
7340101,A01,7.5,7.2,,8.0,,,,,,
7340101,A00,7.25,7.5,7.6,,,,,,,
7540106,A00,6.25,7.0,7.0,,,,,,,
7480201,D01,7.5,,,7.4,7.2,,,,,
7540101,A00,7.5,7.5,7.8,,,,,,,
7520115,A00,7.75,7.0,5.8,,,,,,,
7480201,A00,7.75,8.0,7.8,,,,,,,
7340123,A00,6.0,7.5,6.6,,,,,,,
7340101,D01,7.4,,,9.2,7.75,,,,,
7510401,A00,7.4,5.5,6.5,,,,,,,
7810103,D01,8.75,,,5.8,3.6,,,,,
7480201,A01,7.4,6.0,,9.4,,,,,,
7340115,A00,7.5,7.5,7.6,,,,,,,
7540101,B00,8.6,,7.25,,,,8.0,,,
7540101,A00,8.25,7.5,8.0,,,,,,,
7340120,D01,7.25,,,7.4,7.4,,,,,
7380107,D01,6.8,,,8.0,7.5,,,,,
7510202,A00,4.75,5.5,6.2,,,,,,,
7340120,D01,8.25,,,7.4,5.8,,,,,
7510401,B00,8.0,,8.25,,,,7.5,,,
7810201,A00,6.5,7.0,6.0,,,,,,,
7380107,D15,,,,8.25,8.0,,,8.0,,
7510203,A00,7.5,7.25,7.6,,,,,,,
7340205,D01,6.75,,,5.6,6.4,,,,,
7510401,A00,8.5,8.75,7.8,,,,,,,
7480201,A00,6.5,6.75,7.6,,,,,,,
7340101,D01,7.8,,,8.2,8.0,,,,,
7220204,D01,7.8,,,8.2,7.25,,,,,
7819010,A01,6.75,6.6,,7.4,,,,,,
7510401,A01,7.25,6.4,,7.8,,,,,,
7540101,D07,8.75,,7.4,8.6,,,,,,
7340201,A00,6.75,6.75,7.0,,,,,,,
7340301,A00,8.0,7.0,7.5,,,,,,,
7540101,D07,7.8,,7.5,9.2,,,,,,
7540101,A00,7.25,8.25,7.8,,,,,,,
7810202,D01,7.0,,,6.6,6.0,,,,,
7340201,A01,7.25,7.4,,8.4,,,,,,
7340301,A00,7.5,8.5,8.0,,,,,,,
7810201,A00,7.8,6.0,8.5,,,,,,,
7810201,D01,7.5,,,6.6,4.6,,,,,
7340115,A01,8.25,7.6,,7.6,,,,,,
7540106,A00,6.25,7.5,6.8,,,,,,,
7340101,A01,8.75,6.6,,8.0,,,,,,
7510202,D01,7.0,,,4.6,7.0,,,,,
7480201,A00,9.4,8.0,6.75,,,,,,,
7480201,A00,7.5,7.75,8.2,,,,,,,
7420201,A00,6.0,5.25,7.5,,,,,,,
7420201,B00,7.4,,8.0,,,,7.5,,,
7220204,D01,7.2,,,9.0,7.5,,,,,
7480202,D01,5.8,,,4.8,7.25,,,,,
7520115,D01,6.0,,,7.4,8.0,,,,,
7340201,D01,8.0,,,6.8,6.2,,,,,
7480201,D01,8.25,,,8.4,7.4,,,,,
7220204,D01,7.8,,,7.2,9.5,,,,,
7810202,A00,5.75,7.5,7.0,,,,,,,
7340205,D01,6.0,,,6.8,6.6,,,,,
7540101,B00,7.5,,7.0,,,,7.2,,,
7220201,D01,8.0,,,7.4,7.4,,,,,
7340205,A00,7.75,6.25,7.4,,,,,,,
7220204,D01,8.0,,,7.4,5.6,,,,,
7340122,D01,8.25,,,7.6,6.8,,,,,
7480201,D01,8.5,,,7.0,7.2,,,,,
7420201,B00,6.5,,5.75,,,,6.8,,,
7340115,A00,8.25,7.5,7.4,,,,,,,
7480201,D07,8.75,,8.2,7.8,,,,,,
7380107,A00,6.0,6.5,6.4,,,,,,,
7480201,D07,6.75,,8.4,7.4,,,,,,
7810202,A00,8.0,6.5,7.25,,,,,,,
7340101,D01,7.2,,,7.8,8.5,,,,,
7220201,D01,8.0,,,6.0,8.2,,,,,
7420201,D07,7.75,,7.2,7.0,,,,,,
7480201,D01,7.0,,,7.6,6.4,,,,,
7340101,D01,6.8,,,8.8,8.5,,,,,
7510303,A00,7.0,6.75,8.6,,,,,,,
7340101,A00,7.25,8.25,8.0,,,,,,,
7810201,A00,7.25,7.5,7.4,,,,,,,
7340115,A00,8.0,9.0,8.0,,,,,,,
7510202,D01,4.75,,,7.4,6.0,,,,,
7850101,B00,6.6,,4.5,,,,5.75,,,
7819010,A00,6.25,7.75,7.8,,,,,,,
7380107,D01,6.0,,,8.6,7.5,,,,,
7510202,D01,7.0,,,6.8,6.25,,,,,
7480201,A01,7.6,7.75,,8.0,,,,,,
7480201,A00,8.2,7.75,7.25,,,,,,,
7340201,A00,8.8,7.75,6.25,,,,,,,
7510406,A01,6.75,6.8,,6.8,,,,,,
7220201,D01,7.75,,,7.0,6.4,,,,,
7510301,D01,7.6,,,5.8,6.25,,,,,
7540101,B00,8.75,,7.25,,,,8.0,,,
7510401,A01,6.5,7.0,,8.0,,,,,,
7340201,D01,7.6,,,7.4,7.25,,,,,
7340120,D01,7.2,,,8.8,8.75,,,,,
7480201,D01,6.5,,,7.8,7.6,,,,,
7340115,D01,7.6,,,8.6,8.5,,,,,
7340201,A00,8.8,7.75,8.5,,,,,,,
7220204,D01,7.5,,,6.0,8.4,,,,,
7340101,D01,7.8,,,7.0,8.25,,,,,
7480201,A01,7.5,8.6,,7.4,,,,,,
7380107,A00,6.8,7.5,7.25,,,,,,,
7540101,B00,8.6,,7.75,,,,7.75,,,
7510303,D01,7.0,,,7.0,7.6,,,,,
7480201,A00,7.25,7.75,7.2,,,,,,,
7340301,D01,8.5,,,7.8,6.8,,,,,
7340101,A00,7.2,8.25,8.5,,,,,,,
7340101,A01,8.2,7.75,,9.0,,,,,,
7540204,A00,7.6,7.25,7.5,,,,,,,
7340301,A00,7.0,7.25,6.8,,,,,,,
7510406,A00,6.75,5.5,6.2,,,,,,,
7340201,D01,8.2,,,7.8,7.0,,,,,
7810103,A00,6.25,7.75,8.0,,,,,,,
7340123,D01,7.25,,,6.8,5.0,,,,,
7480201,A00,8.0,8.25,8.0,,,,,,,
7340301,A00,5.25,7.25,8.2,,,,,,,
7480201,D07,7.0,,8.4,7.4,,,,,,
7480201,D07,8.5,,7.6,8.4,,,,,,
7480202,A00,7.0,7.5,7.4,,,,,,,
7520115,D01,6.25,,,5.4,7.2,,,,,
7819010,D07,7.0,,7.2,7.2,,,,,,
7340129,A01,7.5,7.4,,8.4,,,,,,
7810201,D01,7.5,,,7.4,7.2,,,,,
7340101,A00,8.4,7.75,8.25,,,,,,,
7480201,A01,8.2,7.25,,7.6,,,,,,
7480201,A00,8.0,7.25,7.25,,,,,,,
7480202,A00,8.0,8.25,7.2,,,,,,,
7540106,A00,6.4,5.25,6.5,,,,,,,
7510202,D01,4.25,,,7.2,7.6,,,,,
7850101,A00,7.5,8.0,6.4,,,,,,,
7380107,D01,7.0,,,7.6,6.25,,,,,
7540204,A00,7.25,7.0,6.8,,,,,,,
7420201,A00,6.8,7.0,5.25,,,,,,,
7340101,D01,7.5,,,6.4,8.2,,,,,
7340201,A00,8.0,7.75,7.0,,,,,,,
7510303,D01,5.8,,,5.8,6.0,,,,,
7420201,A00,8.0,5.25,7.75,,,,,,,
7340101,D01,7.6,,,8.0,8.25,,,,,
7340101,A01,6.75,8.0,,7.6,,,,,,
7810202,A00,7.4,7.0,7.75,,,,,,,
7340201,D01,6.75,,,8.6,6.2,,,,,
7480202,D01,7.0,,,6.8,7.5,,,,,
7340115,D01,8.5,,,7.4,7.0,,,,,
7510401,A00,6.0,5.5,7.6,,,,,,,
7340123,D01,7.4,,,5.6,5.5,,,,,
7510202,A00,6.25,7.25,8.0,,,,,,,
7540101,A00,8.6,7.25,7.75,,,,,,,
7340120,A00,7.5,7.75,8.0,,,,,,,
7810103,D01,6.0,,,6.6,7.0,,,,,
7340115,D01,7.75,,,8.2,7.8,,,,,
7480201,A00,7.0,7.75,8.0,,,,,,,
7810202,D01,8.6,,,6.8,8.25,,,,,
7380107,D01,5.5,,,6.2,7.4,,,,,
7220201,D01,7.8,,,7.4,8.0,,,,,
7220201,D09,8.75,,,8.2,,6.8,,,,
7480202,D01,6.4,,,8.0,6.0,,,,,
7810103,D01,8.6,,,8.6,8.25,,,,,
7480202,D01,7.0,,,6.6,5.0,,,,,
7510303,D01,6.0,,,6.0,5.5,,,,,
7510401,A00,8.4,6.0,7.75,,,,,,,
7510202,A01,7.4,7.0,,6.8,,,,,,
7340101,A00,6.5,8.0,8.0,,,,,,,
7420201,A01,7.2,7.5,,8.8,,,,,,
7510301,A00,7.2,4.75,7.25,,,,,,,
7510401,A00,7.0,7.5,7.6,,,,,,,
7340123,D01,6.8,,,6.2,5.75,,,,,
7540106,A00,8.2,7.5,7.5,,,,,,,
7220204,D01,8.0,,,7.4,8.0,,,,,
7520115,A00,6.75,6.0,7.6,,,,,,,
7480201,D01,8.2,,,7.0,7.75,,,,,
7380107,A00,7.75,7.5,8.2,,,,,,,
7340120,D01,8.0,,,7.4,6.2,,,,,
7340201,D01,8.75,,,6.0,7.4,,,,,
7340129,D01,7.0,,,8.2,6.6,,,,,
7340120,D01,6.5,,,7.4,7.8,,,,,
7340101,A01,8.2,7.0,,8.2,,,,,,
7340301,A00,6.75,7.25,8.0,,,,,,,
7810201,D01,7.25,,,8.0,6.0,,,,,
7340120,A00,8.2,7.75,8.0,,,,,,,
7380107,A01,8.0,6.5,,7.0,,,,,,
7810103,D15,,,,7.25,6.25,,,5.4,,
7460108,D07,7.0,,7.4,6.0,,,,,,
7340205,D01,8.0,,,6.2,4.8,,,,,
7510303,D01,8.2,,,6.8,6.75,,,,,
7340129,D01,7.6,,,7.0,7.5,,,,,
7850101,A00,7.0,7.0,7.2,,,,,,,
7340101,D01,8.0,,,7.4,6.4,,,,,
7340101,D01,6.75,,,7.2,8.0,,,,,
7510406,A00,8.2,5.5,5.75,,,,,,,
7340201,D01,8.0,,,7.2,8.0,,,,,
7380107,A01,7.0,8.2,,7.4,,,,,,
7340301,A01,8.2,7.0,,7.4,,,,,,
7810201,D01,7.4,,,7.8,7.5,,,,,
7220201,D09,7.75,,,6.2,,7.6,,,,
7340115,A00,7.75,7.75,7.2,,,,,,,
7340129,A00,6.8,7.5,7.0,,,,,,,
7810103,D01,7.8,,,6.6,8.5,,,,,
7810202,D01,8.0,,,7.0,8.0,,,,,
7510401,A00,8.2,7.5,7.5,,,,,,,
7340201,D01,8.0,,,6.0,8.6,,,,,
7540204,A00,7.4,6.25,8.0,,,,,,,
7340101,A00,8.0,8.0,8.2,,,,,,,
7220204,D01,7.6,,,7.0,8.25,,,,,
7380107,D15,,,,6.5,7.75,,,7.4,,
7480201,A01,7.8,7.75,,7.8,,,,,,
7340301,A01,7.4,7.5,,8.0,,,,,,
7480201,A00,6.0,7.25,7.6,,,,,,,
7480201,A00,7.25,7.25,8.2,,,,,,,
7540101,D07,8.6,,8.25,7.6,,,,,,
7340129,D01,6.6,,,6.6,7.5,,,,,
7850101,B00,6.0,,5.75,,,,7.6,,,
7380107,D01,7.2,,,7.0,7.5,,,,,
7540204,A01,7.6,5.5,,8.6,,,,,,
7850101,A00,7.8,6.25,5.25,,,,,,,
7340301,A00,8.0,7.25,8.0,,,,,,,
7480201,A01,7.75,7.0,,8.2,,,,,,
7480201,A00,8.2,6.5,8.0,,,,,,,
7810202,D01,8.0,,,7.8,7.0,,,,,
7480201,D07,7.25,,7.8,5.8,,,,,,
7340301,A00,7.4,8.0,8.75,,,,,,,
7340201,D01,6.25,,,7.4,6.6,,,,,
7480201,A01,7.0,7.6,,6.4,,,,,,
7340120,A00,7.5,8.0,7.8,,,,,,,
7810201,D15,,,,7.75,6.0,,,4.2,,
7340115,A01,7.0,8.0,,8.0,,,,,,
7480201,A01,7.25,8.6,,7.8,,,,,,
7220204,A01,7.4,8.0,,7.4,,,,,,
7480202,A01,7.75,7.6,,8.4,,,,,,
7380107,D01,8.5,,,8.0,7.0,,,,,
7510203,A01,7.4,6.75,,6.2,,,,,,
7340122,A00,6.75,7.0,8.0,,,,,,,
7540101,B00,7.0,,8.25,,,,8.25,,,
7510301,A00,6.25,7.5,7.6,,,,,,,
7340201,A00,7.0,6.25,7.6,,,,,,,
7380107,D01,7.2,,,8.0,7.25,,,,,
7340101,D01,7.6,,,9.4,7.0,,,,,
7220201,D01,7.0,,,8.4,8.0,,,,,
7510301,D01,8.0,,,8.0,4.75,,,,,
7480202,A00,6.5,7.75,8.0,,,,,,,
7540101,A01,7.0,7.8,,7.6,,,,,,
7480202,D01,6.75,,,7.8,5.4,,,,,
7340201,D01,8.0,,,6.8,7.5,,,,,
7540204,D01,7.25,,,7.4,5.8,,,,,
7340129,D01,6.8,,,5.0,8.0,,,,,
7510202,A00,6.8,6.0,6.75,,,,,,,
7810201,D01,7.25,,,7.2,5.0,,,,,
7340301,D01,7.5,,,7.4,8.6,,,,,
7510401,A00,4.75,4.5,7.4,,,,,,,
7510303,A00,5.5,7.0,6.6,,,,,,,
7540101,D07,8.0,,8.4,7.4,,,,,,
7510401,B00,7.75,,7.0,,,,6.6,,,
7810103,D01,7.0,,,7.8,7.5,,,,,
7340129,D01,6.75,,,8.0,7.2,,,,,
7340120,D01,8.6,,,9.0,6.75,,,,,
7540101,B00,7.75,,7.0,,,,6.6,,,
7510301,D01,6.25,,,6.0,5.6,,,,,
7510203,A00,6.25,6.75,7.0,,,,,,,
7540101,B00,7.25,,6.5,,,,7.4,,,
7540101,D07,8.5,,8.2,7.6,,,,,,
7510301,A00,6.8,7.25,7.25,,,,,,,
7810201,A00,7.6,7.5,7.25,,,,,,,
7340201,A00,8.4,6.75,8.25,,,,,,,
7380107,D01,7.0,,,6.6,7.6,,,,,
7540101,B00,7.75,,9.0,,,,7.0,,,
7540105,A00,7.0,6.0,7.0,,,,,,,
7340120,A01,6.75,8.2,,7.4,,,,,,
7510301,A00,7.0,6.5,5.5,,,,,,,
7340201,A00,7.8,7.0,8.0,,,,,,,
7810201,A01,7.0,7.75,,8.4,,,,,,
7340201,A00,6.25,7.25,7.6,,,,,,,
7510203,A00,8.4,7.5,7.5,,,,,,,
7340115,D01,8.75,,,8.0,7.8,,,,,
7540101,B00,7.25,,6.75,,,,7.4,,,
7510303,D01,6.4,,,7.0,7.25,,,,,
7460108,A00,6.5,7.0,7.4,,,,,,,
7480201,A00,7.0,8.75,7.4,,,,,,,
7340301,D01,7.75,,,6.4,7.2,,,,,
7810202,A00,8.0,7.0,7.5,,,,,,,
7340101,D01,8.25,,,7.8,6.6,,,,,
7810202,A00,8.2,7.0,7.25,,,,,,,
7819010,D07,6.25,,3.8,7.2,,,,,,
7480202,A00,7.4,6.25,6.25,,,,,,,
7540106,D07,7.2,,5.0,5.8,,,,,,
7510202,D01,7.6,,,6.8,7.0,,,,,
7380107,D01,7.25,,,7.8,5.0,,,,,
7510401,D07,6.25,,6.2,7.4,,,,,,
7340115,A01,8.5,7.4,,7.0,,,,,,
7850101,A00,8.2,5.75,8.0,,,,,,,
7220201,D01,8.0,,,6.2,6.6,,,,,
7510203,A01,6.0,5.8,,6.8,,,,,,
7220204,D01,7.75,,,7.4,6.4,,,,,
7540101,A00,7.5,7.5,8.2,,,,,,,
7340101,D01,8.5,,,7.2,7.0,,,,,
7340101,D01,7.25,,,7.2,6.6,,,,,
7480201,A00,8.25,7.75,7.8,,,,,,,
7480202,D01,4.6,,,6.6,5.5,,,,,
7340101,A00,8.0,7.5,8.75,,,,,,,
7540106,A00,6.8,6.5,7.0,,,,,,,
7340115,D01,7.5,,,7.8,8.6,,,,,
7340301,A00,6.75,7.5,7.4,,,,,,,
7340115,D01,8.2,,,8.8,7.25,,,,,
7510301,D01,7.0,,,6.2,7.25,,,,,
7810201,D01,8.25,,,7.8,6.0,,,,,
7480201,D01,7.2,,,9.0,6.75,,,,,
7340120,A00,6.5,7.25,7.6,,,,,,,
7540204,D01,8.75,,,5.6,6.4,,,,,
7810201,A00,7.5,8.0,7.2,,,,,,,
7340115,A00,8.25,7.75,7.8,,,,,,,
7510303,A01,8.0,6.75,,7.4,,,,,,
7480201,D01,7.5,,,7.0,6.8,,,,,
7340301,A00,7.0,7.5,8.25,,,,,,,
7510301,A00,6.4,6.0,5.25,,,,,,,
7480201,A01,7.2,6.5,,8.8,,,,,,
7380107,D15,,,,7.75,7.75,,,6.0,,
7540204,A01,6.5,6.2,,7.0,,,,,,
7540101,A00,9.0,7.75,8.75,,,,,,,
7540101,D07,8.2,,8.0,8.4,,,,,,
7480201,D01,7.8,,,7.2,8.25,,,,,
7510406,A01,5.0,5.2,,5.8,,,,,,
7340123,D01,8.25,,,6.6,7.0,,,,,
7480201,A00,8.0,5.75,8.0,,,,,,,
7340115,D01,7.6,,,8.2,8.0,,,,,
7340120,A00,8.8,7.0,7.5,,,,,,,
7480201,D01,8.0,,,6.6,7.75,,,,,
7510203,A01,5.25,8.6,,8.2,,,,,,
7480202,D01,7.0,,,6.4,6.25,,,,,
7819009,A00,6.0,5.0,7.0,,,,,,,
7540101,A00,7.8,7.25,8.5,,,,,,,
7510301,A00,7.2,5.75,7.5,,,,,,,
7340201,A00,7.4,7.75,7.75,,,,,,,
7340101,A00,7.25,7.0,7.6,,,,,,,
7380107,D01,7.5,,,7.4,7.4,,,,,
7340101,A00,8.8,6.75,8.5,,,,,,,
7540204,D01,6.4,,,4.2,8.0,,,,,
7340301,D01,7.0,,,7.8,8.0,,,,,
7810202,A00,8.0,7.5,6.75,,,,,,,
7810201,D15,,,,8.25,5.25,,,6.2,,
7480202,A00,7.8,7.0,7.0,,,,,,,
7340115,D01,8.5,,,6.8,7.6,,,,,
7540101,A00,5.75,8.0,7.6,,,,,,,
7480202,D01,6.0,,,4.2,7.6,,,,,
7819009,A01,6.25,7.2,,6.0,,,,,,
7810201,D01,7.75,,,7.2,4.6,,,,,
7480201,D07,7.0,,7.75,9.2,,,,,,
7480201,A00,8.0,7.75,8.5,,,,,,,
7540106,D07,5.75,,7.2,7.0,,,,,,
7540106,A00,6.8,6.0,8.75,,,,,,,
7480201,A01,7.8,7.25,,8.2,,,,,,
7460108,D01,6.75,,,6.8,3.4,,,,,
7510202,A00,7.0,6.0,7.0,,,,,,,
7540101,A00,7.5,7.25,8.0,,,,,,,
7819009,A00,7.0,6.75,7.0,,,,,,,
7340301,A00,7.0,7.75,8.25,,,,,,,
7340101,A00,9.2,8.25,7.75,,,,,,,
7340115,A01,7.5,8.0,,8.2,,,,,,
7380107,D15,,,,8.5,7.75,,,5.0,,
7220201,D01,7.6,,,9.4,6.5,,,,,
7340101,D01,8.0,,,7.4,7.75,,,,,
7510406,A00,6.5,6.25,7.4,,,,,,,
7340120,A01,7.0,7.8,,7.2,,,,,,
7340101,D01,9.0,,,7.8,4.8,,,,,
7340101,A00,6.25,7.75,7.4,,,,,,,
7220201,D01,7.75,,,6.2,8.2,,,,,
7510303,A00,7.0,7.25,6.4,,,,,,,
7480201,A00,7.5,6.75,7.4,,,,,,,
7340120,D01,9.25,,,7.6,6.6,,,,,
7510303,D01,7.5,,,7.6,6.8,,,,,
7340301,A00,8.25,8.0,7.0,,,,,,,
7480201,D07,8.75,,7.8,8.6,,,,,,
7220201,D09,9.25,,,7.4,,6.8,,,,
7220201,D01,7.2,,,7.8,8.25,,,,,
7480201,D01,8.0,,,5.8,8.75,,,,,
7480202,A00,8.0,8.25,8.25,,,,,,,
7480202,D01,6.4,,,5.4,6.25,,,,,
7420201,B00,6.2,,7.75,,,,7.0,,,
7340120,A00,7.5,8.25,8.0,,,,,,,
7510203,D07,7.5,,7.2,7.2,,,,,,
7340101,A00,8.0,7.5,7.75,,,,,,,
7220201,D01,8.5,,,7.2,6.8,,,,,
7340101,D01,7.25,,,7.0,8.8,,,,,
7340129,D01,7.75,,,8.0,6.4,,,,,
7340301,A00,8.5,7.0,8.4,,,,,,,
7510303,A00,6.25,6.0,5.6,,,,,,,
7510203,D01,7.4,,,4.2,5.5,,,,,
7540106,D07,8.0,,8.0,8.4,,,,,,
7480201,A00,8.5,7.75,8.2,,,,,,,
7220201,D01,8.2,,,7.4,8.0,,,,,
7340122,A00,7.0,6.75,7.8,,,,,,,
7340120,D01,8.5,,,7.4,6.6,,,,,
7540101,B00,7.75,,7.25,,,,7.0,,,
7340120,D01,8.75,,,7.4,6.4,,,,,
7480201,D01,7.6,,,7.4,8.0,,,,,
7510401,B00,7.25,,7.5,,,,7.8,,,
7480201,A01,7.5,8.0,,7.6,,,,,,
7340205,D07,7.25,,6.4,6.4,,,,,,
7340201,A00,7.25,8.0,8.8,,,,,,,
7340301,A00,7.0,7.5,7.75,,,,,,,
7810202,A00,7.0,8.0,7.6,,,,,,,
7850101,A00,6.0,5.25,6.2,,,,,,,
7340129,A00,7.25,7.0,7.8,,,,,,,
7340301,A01,7.6,8.25,,8.2,,,,,,
7220201,D01,7.5,,,8.0,8.6,,,,,
7510401,B00,7.75,,5.5,,,,7.4,,,
7340101,A00,7.5,7.25,6.8,,,,,,,
7340201,D01,7.4,,,8.8,7.0,,,,,
7480202,D01,5.0,,,5.4,6.0,,,,,
7220204,D01,7.5,,,6.6,8.4,,,,,
7510303,D01,6.0,,,7.0,5.2,,,,,
7340115,D01,8.0,,,8.2,7.6,,,,,
7540204,A00,7.6,7.5,6.0,,,,,,,
7340101,D01,8.5,,,7.2,6.2,,,,,
7480201,D01,7.8,,,8.6,6.5,,,,,
7480201,A00,8.0,8.75,8.6,,,,,,,
7340120,D01,8.25,,,8.0,7.0,,,,,
7340201,D01,7.5,,,7.0,7.2,,,,,
7220201,D01,7.75,,,7.2,6.8,,,,,
7510203,D01,5.75,,,5.0,5.2,,,,,
7540101,A01,7.5,7.0,,8.0,,,,,,
7340120,D01,7.0,,,7.4,8.6,,,,,
7540105,B00,5.2,,6.75,,,,5.75,,,
7380107,D01,8.2,,,8.4,7.5,,,,,
7510202,D01,7.25,,,6.2,5.2,,,,,
7380107,D15,,,,6.25,7.0,,,7.0,,
7810201,D15,,,,7.0,7.5,,,6.8,,
7220201,D01,7.5,,,6.2,8.2,,,,,
7340101,A01,7.25,7.2,,8.8,,,,,,
7340120,D01,8.0,,,8.4,7.0,,,,,
7340120,D01,7.25,,,7.8,8.0,,,,,
7340115,D01,8.25,,,7.6,7.2,,,,,
7220201,D01,7.6,,,9.0,7.25,,,,,
7540101,B00,5.75,,6.75,,,,8.4,,,
7540101,D07,7.75,,7.8,8.2,,,,,,
7340301,A00,8.5,7.0,8.0,,,,,,,
7810103,D01,7.0,,,6.8,8.0,,,,,
7340201,D01,6.8,,,9.0,7.25,,,,,
7819010,B00,6.25,,5.75,,,,6.0,,,
7340301,D01,7.75,,,7.6,7.4,,,,,
7510303,A00,7.5,7.75,8.4,,,,,,,
7380107,A00,7.4,5.75,8.25,,,,,,,
7810202,D15,,,,6.5,7.0,,,5.8,,
7220201,D01,7.0,,,7.0,8.8,,,,,
7480202,D01,7.5,,,7.6,5.0,,,,,
7810202,A00,7.4,7.75,7.75,,,,,,,
7220201,D01,8.0,,,7.6,7.6,,,,,
7340115,A00,6.75,7.75,7.6,,,,,,,
7480201,A00,8.2,7.75,8.0,,,,,,,
7380107,D01,7.4,,,7.4,7.0,,,,,
7340120,D01,8.75,,,7.6,7.0,,,,,
7480201,D07,8.2,,8.0,8.8,,,,,,
7340201,A00,5.75,8.0,7.8,,,,,,,
7340201,D01,7.75,,,7.6,7.2,,,,,
7340129,A00,6.75,8.0,8.6,,,,,,,
7510203,A00,7.4,6.75,7.75,,,,,,,
7220204,D01,8.0,,,7.2,6.2,,,,,
7510301,A00,7.25,6.0,7.8,,,,,,,
7420201,D07,6.25,,7.6,7.6,,,,,,
7510301,D07,6.8,,7.75,7.8,,,,,,
7340201,A00,8.0,6.75,7.6,,,,,,,
7340120,D01,8.8,,,8.6,6.75,,,,,
7850101,A00,7.2,5.5,6.0,,,,,,,
7340115,D01,7.5,,,8.6,8.6,,,,,
7340201,D01,7.6,,,7.0,8.5,,,,,
7540101,B00,7.75,,7.75,,,,7.2,,,
7340201,D01,8.2,,,7.2,8.0,,,,,
7220201,D01,8.0,,,7.4,8.0,,,,,
7540204,D01,7.5,,,7.8,4.8,,,,,
7540101,A00,8.5,7.0,7.8,,,,,,,
7480201,D01,6.8,,,8.6,7.0,,,,,
7810201,D15,,,,7.25,6.5,,,6.6,,
7380107,A00,8.0,8.0,7.0,,,,,,,
7340115,D01,8.25,,,7.2,8.0,,,,,
7480202,A00,7.5,8.0,8.2,,,,,,,
7510303,A00,6.5,6.75,7.8,,,,,,,
7220204,D01,6.8,,,8.4,8.25,,,,,
7480201,A00,8.6,6.5,7.25,,,,,,,
7340101,A00,7.8,7.75,8.0,,,,,,,
7340301,D01,7.6,,,8.6,7.0,,,,,
7510401,B00,8.0,,8.5,,,,6.5,,,
7340101,D01,7.75,,,8.2,7.6,,,,,
7340120,A00,8.0,6.75,8.4,,,,,,,
7540101,D07,7.25,,7.0,6.8,,,,,,
7480201,A00,7.25,7.75,8.4,,,,,,,
7540106,A00,6.5,7.75,6.8,,,,,,,
7340201,D01,8.5,,,7.0,7.4,,,,,
7810201,D01,6.75,,,6.0,4.6,,,,,
7340101,A00,7.25,8.0,7.2,,,,,,,
7340115,A00,8.0,7.25,8.0,,,,,,,
7220201,D09,8.75,,,6.6,,9.8,,,,
7340101,A00,7.5,8.25,7.4,,,,,,,
7540101,B00,7.75,,7.0,,,,7.6,,,
7220201,D09,8.5,,,7.4,,7.0,,,,
7460108,D07,5.75,,7.8,6.8,,,,,,
7510301,D01,7.5,,,7.2,7.4,,,,,
7810201,A00,6.0,8.25,6.6,,,,,,,
7340201,A00,7.25,8.0,8.0,,,,,,,
7480202,A01,8.0,6.5,,6.8,,,,,,
7220204,D01,7.8,,,9.6,6.75,,,,,
7510303,D01,6.25,,,7.0,5.4,,,,,
7340101,D01,7.0,,,8.8,7.75,,,,,
7810202,A00,7.6,7.75,7.5,,,,,,,
7480201,A00,7.8,6.75,7.25,,,,,,,
7340120,D01,8.0,,,7.4,8.2,,,,,
7480201,A01,7.0,6.6,,8.0,,,,,,
7380107,D01,5.75,,,8.2,8.8,,,,,
7420201,B00,6.25,,6.5,,,,6.6,,,
7810201,D01,7.8,,,7.8,7.0,,,,,
7220204,D01,7.5,,,7.0,8.4,,,,,
7480201,D07,8.0,,7.8,7.6,,,,,,
7510401,A00,6.8,5.5,6.25,,,,,,,
7340120,D01,8.75,,,6.8,7.8,,,,,
7480201,A01,7.8,7.5,,8.0,,,,,,
7340122,D01,6.5,,,7.6,9.0,,,,,
7220204,D01,7.75,,,7.6,8.8,,,,,
7340101,A00,7.5,8.0,7.6,,,,,,,
7810103,D15,,,,7.25,6.75,,,6.8,,
7520115,D01,6.5,,,6.0,5.0,,,,,
7340129,A00,7.4,6.0,6.75,,,,,,,
7380107,A00,7.4,5.75,7.75,,,,,,,
7480201,A00,6.25,7.5,7.0,,,,,,,
7340101,D01,8.25,,,8.2,6.4,,,,,
7810201,D01,7.6,,,7.8,8.0,,,,,
7340120,A00,8.4,9.0,7.0,,,,,,,
7810103,D15,,,,8.25,6.25,,,3.4,,
7510303,A00,6.8,4.75,6.75,,,,,,,
7540106,B00,7.25,,8.25,,,,7.0,,,
7510303,D07,8.6,,8.0,7.6,,,,,,
7510401,A00,7.2,7.25,7.25,,,,,,,
7340201,A00,7.75,7.0,7.4,,,,,,,
7340115,A00,7.0,8.25,7.6,,,,,,,
7340120,A00,6.75,7.75,7.6,,,,,,,
7340201,A00,8.75,7.0,7.6,,,,,,,
7819010,D07,6.25,,6.4,5.8,,,,,,
7220201,A01,8.0,7.0,,8.8,,,,,,
7510303,A00,8.2,7.75,7.25,,,,,,,
7510301,A00,6.6,7.5,7.25,,,,,,,
7340115,A01,6.5,8.0,,7.8,,,,,,
7510303,A01,5.5,7.6,,7.2,,,,,,
7510203,A01,8.4,6.25,,6.8,,,,,,
7220204,D01,8.0,,,8.0,6.8,,,,,
7340115,D01,8.25,,,8.0,7.4,,,,,
7540101,A01,6.75,6.6,,8.0,,,,,,
7480202,D01,7.0,,,6.8,7.0,,,,,
7340122,D01,9.0,,,6.8,6.6,,,,,
7340201,A00,7.0,6.75,6.4,,,,,,,
7480201,A00,8.0,7.25,7.75,,,,,,,
7340115,D01,9.5,,,7.4,7.6,,,,,
7810103,A00,6.75,6.0,5.4,,,,,,,
7340123,A00,4.25,6.25,7.2,,,,,,,
7510301,A00,8.0,5.5,5.5,,,,,,,
7510301,D01,7.2,,,5.8,6.25,,,,,
7340201,D01,6.8,,,8.2,7.75,,,,,
7810202,D01,8.25,,,7.2,6.0,,,,,
7520115,D01,7.5,,,4.4,4.2,,,,,
7340301,A00,7.25,6.5,6.4,,,,,,,
7850101,A00,7.0,5.75,4.0,,,,,,,
7540101,D07,8.5,,8.2,8.2,,,,,,
7220201,D01,7.0,,,8.8,7.5,,,,,
7810201,D01,8.25,,,7.6,6.0,,,,,
7540101,B00,8.25,,6.0,,,,8.2,,,
7480201,A00,8.6,6.75,7.75,,,,,,,
7340101,A00,7.75,8.0,8.2,,,,,,,
7340101,D01,7.5,,,7.4,6.8,,,,,
7480201,A00,8.4,7.75,8.0,,,,,,,
7340301,D01,8.0,,,7.2,6.6,,,,,
7510203,A01,6.8,5.0,,8.0,,,,,,
7480201,D07,7.75,,7.4,7.8,,,,,,
7810201,D15,,,,6.0,7.75,,,5.2,,
7340115,A00,9.2,7.5,7.75,,,,,,,
7850101,A00,5.75,5.0,6.2,,,,,,,
7340101,A00,8.0,7.75,8.0,,,,,,,
7220201,D09,9.5,,,7.6,,7.2,,,,
7510303,A00,5.25,6.75,6.8,,,,,,,
7340115,A01,7.25,7.6,,7.8,,,,,,
7480201,D01,7.0,,,7.4,8.2,,,,,
7340201,A00,8.4,7.5,7.0,,,,,,,
7340301,D01,7.0,,,6.2,6.8,,,,,
7340122,D01,7.75,,,6.8,7.6,,,,,
7510203,D01,5.8,,,5.2,6.0,,,,,
7340201,D01,7.25,,,6.4,7.8,,,,,
7480201,D01,8.2,,,7.6,7.0,,,,,
7340201,D01,8.0,,,6.8,6.4,,,,,
7340115,A01,8.25,7.0,,8.6,,,,,,
7480201,A01,8.25,7.0,,8.0,,,,,,
7810103,A00,7.8,7.5,6.75,,,,,,,
7340201,D01,7.25,,,7.4,5.6,,,,,
7510203,D01,7.8,,,5.0,6.75,,,,,
7340115,D01,7.25,,,7.6,9.2,,,,,
7480202,A00,7.2,5.75,7.5,,,,,,,
7510303,D01,7.2,,,6.8,7.5,,,,,
7480201,A00,7.8,7.25,6.75,,,,,,,
7340301,D01,7.75,,,6.8,6.8,,,,,
7340120,D01,7.75,,,6.6,8.2,,,,,
7220204,D01,7.4,,,8.2,7.25,,,,,
7480201,D01,6.8,,,8.0,7.25,,,,,
7510203,D01,6.75,,,6.2,6.4,,,,,
7380107,A01,6.5,8.8,,7.4,,,,,,
7540101,B00,7.5,,7.25,,,,7.0,,,
7810103,D01,7.0,,,6.8,5.8,,,,,
7340120,D01,7.5,,,7.8,7.6,,,,,
7380107,D01,7.4,,,8.4,8.0,,,,,
7810103,A00,8.0,7.5,7.2,,,,,,,
7340201,A00,7.25,7.5,8.4,,,,,,,
7510202,D01,6.5,,,6.0,4.0,,,,,
7480201,D01,6.75,,,7.6,7.4,,,,,
7380107,D01,7.25,,,8.2,6.6,,,,,
7380107,D01,7.0,,,7.0,5.8,,,,,
7810103,D01,7.5,,,6.6,5.2,,,,,
7340101,D01,7.5,,,8.2,8.2,,,,,
7819009,B00,6.0,,6.5,,,,6.8,,,
7480201,A00,8.6,7.0,7.5,,,,,,,
7819009,B00,6.75,,5.5,,,,6.8,,,
7460108,D01,6.0,,,6.0,5.4,,,,,
7810201,A00,5.75,8.25,7.6,,,,,,,
7520115,A00,6.0,6.0,7.2,,,,,,,
7340120,D01,7.0,,,7.0,8.2,,,,,
7340120,D01,7.6,,,8.2,7.75,,,,,
7340301,A00,7.0,7.5,7.6,,,,,,,
7480201,A00,8.0,7.75,7.2,,,,,,,
7510303,A00,8.6,6.75,7.25,,,,,,,
7340120,D01,7.6,,,9.0,7.5,,,,,
7850101,D07,6.8,,6.75,5.0,,,,,,
7510303,D01,7.5,,,7.6,5.8,,,,,
7340201,D01,7.8,,,7.6,7.5,,,,,
7540101,D07,7.75,,7.8,7.2,,,,,,
7810103,A00,8.25,7.5,7.6,,,,,,,
7480201,D07,8.0,,8.0,8.8,,,,,,
7340115,D01,8.0,,,8.0,8.0,,,,,
7520115,D01,6.0,,,7.4,5.2,,,,,
7510301,D01,6.4,,,5.4,6.75,,,,,
7380107,D01,7.75,,,8.2,6.0,,,,,
7510401,A00,6.25,7.5,7.2,,,,,,,
7340201,A01,8.2,7.5,,8.8,,,,,,
7510203,D01,6.0,,,6.4,4.0,,,,,
7480202,D07,6.75,,8.4,6.4,,,,,,
7510301,D01,7.6,,,7.6,6.25,,,,,
7480201,D01,6.25,,,7.4,7.6,,,,,
7480201,D01,8.25,,,8.4,5.0,,,,,
7220204,D01,7.8,,,6.6,8.25,,,,,
7340101,D01,7.8,,,7.6,8.0,,,,,
7819010,A00,5.5,7.5,5.8,,,,,,,
7340101,A00,8.2,7.0,8.0,,,,,,,
7520115,D01,6.25,,,6.6,4.8,,,,,
7220201,D01,8.4,,,9.4,6.5,,,,,
7340120,D01,8.0,,,6.8,6.6,,,,,
7480202,A00,8.0,6.0,7.6,,,,,,,
7420201,B00,7.4,,6.0,,,,6.25,,,
7540101,A00,8.0,8.5,7.2,,,,,,,
7340115,D01,7.25,,,7.6,7.6,,,,,
7480202,A00,7.75,6.25,8.6,,,,,,,
7510401,A00,5.75,7.25,7.8,,,,,,,
7340115,D01,8.4,,,7.6,8.0,,,,,
7810201,D01,7.75,,,7.4,7.8,,,,,
7540106,B00,7.75,,6.75,,,,5.8,,,
7340301,A00,6.75,6.5,8.6,,,,,,,
7810202,D01,8.5,,,7.6,6.8,,,,,
7510401,B00,6.75,,4.5,,,,7.0,,,
7510303,A00,7.0,7.25,7.2,,,,,,,
7380107,D01,8.0,,,7.2,6.8,,,,,
7340129,D01,7.25,,,8.0,7.0,,,,,
7220204,D01,7.5,,,7.8,8.0,,,,,
7340120,A00,7.75,7.5,7.4,,,,,,,
7340129,A00,7.0,6.75,8.0,,,,,,,
7540105,A00,6.2,7.0,7.0,,,,,,,
7340301,A00,7.25,7.25,7.4,,,,,,,
7540101,A00,6.5,7.75,7.8,,,,,,,
7810202,D15,,,,7.5,6.5,,,5.2,,
7340129,D01,8.0,,,7.0,6.8,,,,,
7340201,A00,7.0,6.75,7.2,,,,,,,
7510203,D01,7.6,,,7.0,7.0,,,,,
7340101,A00,7.5,7.5,7.6,,,,,,,
7819010,A00,7.0,6.25,6.6,,,,,,,
7480201,D01,8.5,,,7.4,7.4,,,,,
7340122,A00,7.75,8.0,7.8,,,,,,,
7480201,D07,8.0,,7.8,7.0,,,,,,
7420201,B00,7.75,,6.5,,,,7.6,,,
7380107,D01,6.0,,,8.4,7.5,,,,,
7340115,A00,6.75,9.0,7.0,,,,,,,
7480202,A01,7.5,7.8,,7.8,,,,,,
7510203,A00,7.4,7.75,6.0,,,,,,,
7480201,D01,5.25,,,7.8,8.4,,,,,
7340201,A00,5.75,7.25,7.0,,,,,,,
7510401,D07,6.25,,6.2,8.6,,,,,,
7510301,A00,8.0,6.25,7.25,,,,,,,
7480201,A00,8.0,7.75,7.6,,,,,,,
7810201,D01,6.75,,,6.8,5.8,,,,,
7340301,A01,7.5,6.6,,6.8,,,,,,
7510202,A00,6.5,7.5,6.8,,,,,,,
7340201,A00,7.5,7.5,7.2,,,,,,,
7480201,A01,7.6,6.75,,8.4,,,,,,
7340201,A00,7.75,7.5,8.0,,,,,,,
7220201,D01,9.0,,,7.4,7.2,,,,,
7340115,A00,7.75,7.75,8.6,,,,,,,
7480201,A01,8.2,6.5,,9.0,,,,,,
7510301,A00,7.5,7.0,8.2,,,,,,,
7540105,A00,8.2,4.75,7.5,,,,,,,
7420201,D07,6.75,,7.0,6.6,,,,,,
7510203,D01,6.0,,,4.2,6.0,,,,,
7340115,A01,7.5,8.6,,8.6,,,,,,
7340201,A00,8.25,7.0,6.6,,,,,,,
7810201,D01,7.0,,,7.2,7.6,,,,,
7480201,D01,7.25,,,7.8,6.2,,,,,
7480201,D01,6.4,,,8.4,7.75,,,,,
7340101,D01,8.75,,,7.8,6.0,,,,,
7540204,A00,6.6,5.5,7.25,,,,,,,
7220201,D01,8.25,,,7.8,8.2,,,,,
7510203,D01,8.0,,,6.4,6.5,,,,,
7819009,A00,5.75,6.5,6.0,,,,,,,
7540106,A00,7.8,5.5,6.5,,,,,,,
7340115,D01,9.5,,,8.4,6.6,,,,,
7420201,B00,6.0,,7.75,,,,7.0,,,
7510301,D01,4.6,,,8.8,5.75,,,,,
7510303,A00,6.5,7.25,8.4,,,,,,,
7480202,D01,7.0,,,7.0,6.0,,,,,
7340301,A01,7.0,7.4,,7.6,,,,,,
7540101,A00,7.0,7.25,7.4,,,,,,,
7480201,D01,7.5,,,7.6,6.4,,,,,
7340115,D01,8.0,,,7.0,8.6,,,,,
7340115,D01,9.0,,,7.2,6.0,,,,,
7380107,A00,7.5,7.5,6.6,,,,,,,
7540106,D07,6.5,,5.0,7.4,,,,,,
7220204,D01,8.25,,,7.6,7.6,,,,,
7510203,A00,7.0,5.75,8.5,,,,,,,
7340122,A00,7.0,7.25,7.8,,,,,,,
7340101,D01,7.0,,,7.2,8.4,,,,,
7510303,A00,7.2,6.75,6.75,,,,,,,
7510303,A00,7.8,6.5,6.25,,,,,,,
7340120,D01,7.75,,,7.2,7.0,,,,,
7460108,D01,8.0,,,5.8,4.8,,,,,
7220204,D01,8.4,,,8.0,8.0,,,,,
7340301,A01,7.75,7.4,,7.6,,,,,,
7540101,A00,7.75,8.5,7.8,,,,,,,
7380107,D01,7.5,,,8.8,6.8,,,,,
7340201,A00,8.8,7.75,8.25,,,,,,,
7480201,D01,7.25,,,7.6,7.4,,,,,
7510301,D01,7.75,,,7.6,6.0,,,,,
7480201,D01,7.8,,,8.8,6.75,,,,,
7810202,A00,8.25,7.25,6.4,,,,,,,
7510203,D01,4.25,,,6.6,7.4,,,,,
7510301,D01,8.5,,,7.0,6.4,,,,,
7340201,D01,8.0,,,7.6,8.25,,,,,
7540101,D07,7.8,,8.0,9.0,,,,,,
7480202,A00,6.75,8.25,8.4,,,,,,,
7340115,A00,8.5,8.75,7.8,,,,,,,
7540101,B00,7.25,,7.25,,,,7.6,,,
7420201,B00,8.0,,7.5,,,,7.25,,,
7340120,A01,7.75,8.0,,7.6,,,,,,
7340101,A00,8.0,6.0,8.6,,,,,,,
7540101,A01,7.4,8.25,,9.0,,,,,,
7340201,D01,8.0,,,6.0,6.0,,,,,
7510203,A00,6.8,6.0,7.0,,,,,,,
7510401,D07,7.0,,6.4,7.2,,,,,,
7480201,A01,9.25,8.6,,8.0,,,,,,
7480201,D01,8.0,,,8.6,6.75,,,,,
7480201,D07,8.0,,7.2,7.8,,,,,,
7540101,A00,7.25,7.0,6.8,,,,,,,
7510203,A01,7.25,7.6,,7.2,,,,,,
7340120,A00,8.25,7.75,8.2,,,,,,,
7480201,A01,7.0,7.25,,9.4,,,,,,
7380107,D01,9.25,,,6.8,5.8,,,,,
7480202,A01,6.8,6.75,,6.0,,,,,,
7810202,D01,8.2,,,7.0,7.0,,,,,
7540204,D01,7.0,,,7.0,4.6,,,,,
7510303,D01,8.4,,,3.4,6.25,,,,,
7540106,B00,6.0,,6.5,,,,6.6,,,
7540101,A00,7.0,7.0,6.8,,,,,,,
7380107,D01,7.4,,,7.0,7.5,,,,,
7340129,A00,7.5,7.0,7.8,,,,,,,
7340301,A00,7.0,7.25,7.4,,,,,,,
7340129,A00,7.5,8.0,7.4,,,,,,,
7420201,B00,5.5,,7.0,,,,6.6,,,
7340301,D01,8.2,,,7.8,7.0,,,,,
7340120,D01,7.8,,,6.8,9.0,,,,,
7340201,D01,6.75,,,7.2,6.8,,,,,
7420201,B00,7.6,,7.5,,,,6.25,,,
7340101,D01,9.0,,,7.8,6.2,,,,,
7340301,D01,6.5,,,6.8,7.4,,,,,
7340301,D01,6.5,,,7.4,6.8,,,,,
7220204,D01,6.6,,,7.4,8.75,,,,,
7810201,D01,8.0,,,8.6,6.0,,,,,
7810201,D01,7.0,,,6.8,4.6,,,,,
7220201,D09,7.75,,,6.6,,6.8,,,,
7480202,A00,8.25,7.25,7.0,,,,,,,
7340301,D01,7.8,,,8.8,6.75,,,,,
7510202,D01,6.8,,,5.6,5.5,,,,,
7340101,A00,7.8,7.0,8.5,,,,,,,
7340129,A00,7.25,8.25,8.2,,,,,,,
7340101,A00,7.75,7.5,8.4,,,,,,,
7340129,D01,6.8,,,5.8,7.75,,,,,
7810103,A01,8.4,6.5,,8.0,,,,,,
7819010,B00,4.5,,7.0,,,,5.8,,,
7540101,A00,7.25,8.0,6.8,,,,,,,
7510202,D01,7.5,,,7.0,6.2,,,,,
7540101,B00,8.25,,7.5,,,,7.4,,,
7810202,A00,6.5,5.5,7.4,,,,,,,
7480201,A00,7.4,7.25,7.5,,,,,,,
7340115,D01,8.75,,,8.0,7.2,,,,,
7540204,D07,8.0,,6.0,6.6,,,,,,
7520115,D01,7.0,,,6.0,5.2,,,,,
7340101,D01,8.25,,,7.0,6.6,,,,,
7340205,A00,7.5,7.25,7.2,,,,,,,
7510203,D01,5.6,,,4.8,5.75,,,,,
7480201,A01,7.4,7.75,,8.4,,,,,,
7810103,A01,8.0,6.75,,8.0,,,,,,
7510401,B00,7.4,,7.0,,,,6.25,,,
7480201,D01,8.5,,,7.8,7.4,,,,,
7480202,D01,5.6,,,6.4,6.0,,,,,
7480201,A01,7.6,8.0,,8.0,,,,,,
7340120,A00,7.5,7.75,7.6,,,,,,,
7340201,A00,7.6,7.25,8.0,,,,,,,
7220201,A01,7.8,6.5,,8.8,,,,,,
7340129,D01,8.25,,,6.6,6.2,,,,,
7480201,D01,9.0,,,8.8,5.6,,,,,
7480202,A00,7.2,6.25,6.25,,,,,,,
7510202,A01,8.0,6.0,,7.6,,,,,,
7380107,A00,6.25,7.25,6.6,,,,,,,
7340120,A00,7.75,9.0,7.4,,,,,,,
7340205,A01,6.5,8.6,,7.8,,,,,,
7510303,A00,7.0,5.25,4.75,,,,,,,
7540101,A01,6.5,8.2,,7.0,,,,,,
7340122,A00,8.0,8.0,6.6,,,,,,,
7340301,D01,8.0,,,7.8,7.25,,,,,
7480201,D01,8.75,,,8.0,7.2,,,,,
7220204,D01,8.25,,,7.8,6.4,,,,,
7340201,A00,6.25,7.25,7.2,,,,,,,
7340129,D01,7.4,,,7.4,7.0,,,,,
7510301,A00,6.8,6.0,8.0,,,,,,,
7510203,A00,6.25,6.25,7.4,,,,,,,
7510202,A01,7.2,5.75,,8.4,,,,,,
7480201,A00,8.5,8.25,7.2,,,,,,,
7510303,D01,7.4,,,3.8,6.75,,,,,
7810201,D01,7.5,,,7.4,6.8,,,,,
7510202,D01,7.0,,,6.0,3.2,,,,,
7480201,A00,7.25,8.25,7.6,,,,,,,
7540101,A01,6.5,8.4,,7.4,,,,,,
7480201,A00,6.5,7.25,8.0,,,,,,,
7220204,D01,7.25,,,7.0,7.8,,,,,
7220204,D01,7.4,,,8.0,7.5,,,,,
7810202,D01,8.2,,,6.4,7.5,,,,,
7540101,A00,8.0,7.5,7.6,,,,,,,
7420201,B00,6.6,,5.75,,,,5.5,,,
7340301,D01,7.2,,,7.6,7.5,,,,,
7540101,B00,7.0,,7.5,,,,7.6,,,
7340115,A00,7.0,7.25,9.0,,,,,,,
7340115,D01,8.75,,,8.2,6.8,,,,,
7340120,A00,6.5,7.25,8.0,,,,,,,
7220204,D09,8.5,,,6.6,,5.8,,,,
7420201,B00,7.75,,7.0,,,,6.8,,,
7819010,B00,7.75,,7.5,,,,7.8,,,
7819009,A00,6.0,7.0,6.0,,,,,,,
7480202,A00,7.5,6.0,6.8,,,,,,,
7220204,D01,7.5,,,7.0,7.2,,,,,
7510301,D01,6.4,,,4.8,6.25,,,,,
7340201,A01,8.6,7.25,,6.8,,,,,,
7380107,D01,6.0,,,7.8,8.2,,,,,
7810201,D01,6.25,,,7.0,5.4,,,,,
7480201,D01,8.0,,,7.2,6.6,,,,,
7480201,A00,8.0,7.5,7.0,,,,,,,
7420201,D07,6.75,,8.0,7.6,,,,,,
7340101,A01,8.6,8.0,,8.4,,,,,,
7380107,A00,8.2,7.0,7.75,,,,,,,
7540106,D07,7.0,,7.5,7.0,,,,,,
7340120,D01,8.75,,,8.0,7.2,,,,,
7340101,D01,7.0,,,7.8,7.0,,,,,
7480202,D01,7.5,,,8.0,4.8,,,,,
7340301,A00,7.25,7.0,7.8,,,,,,,
7540101,B00,8.5,,9.25,,,,8.2,,,
7340122,D01,7.25,,,7.6,8.4,,,,,
7480201,D07,8.0,,7.5,8.2,,,,,,
7480201,A01,8.5,8.8,,8.2,,,,,,
7540101,D07,7.0,,7.6,7.2,,,,,,
7480202,A00,7.0,6.75,7.0,,,,,,,
7480202,D01,6.5,,,6.0,7.2,,,,,
7220204,D01,8.5,,,6.4,7.4,,,,,
7520115,D01,9.0,,,6.6,5.2,,,,,
7540101,A00,7.25,7.25,7.4,,,,,,,
7340301,D01,9.0,,,7.6,7.4,,,,,
7540204,D01,6.8,,,4.0,7.25,,,,,
7540101,D07,6.5,,8.4,6.8,,,,,,
7540101,A01,7.0,7.2,,7.2,,,,,,
7340301,A00,7.4,7.5,7.5,,,,,,,
7480201,D01,7.5,,,7.8,8.0,,,,,
7340301,A00,7.25,7.75,7.4,,,,,,,
7220201,D01,7.2,,,8.8,8.0,,,,,
7480201,A00,8.4,7.5,8.0,,,,,,,
7340301,A00,8.4,8.5,8.0,,,,,,,
7220201,A01,8.5,8.0,,8.2,,,,,,
7510303,A00,8.5,8.0,7.6,,,,,,,
7810202,A00,7.8,6.5,7.75,,,,,,,
7340101,D01,9.0,,,7.6,7.0,,,,,
7220201,D01,7.5,,,8.0,8.2,,,,,
7340301,A00,6.25,7.75,7.8,,,,,,,
7340120,D01,8.0,,,7.4,8.0,,,,,
7340120,D01,8.0,,,7.4,6.4,,,,,
7510303,A00,7.0,6.5,7.8,,,,,,,
7480201,A01,7.6,6.5,,8.4,,,,,,
7810103,D01,8.0,,,7.0,5.2,,,,,
7810201,A00,7.0,7.0,7.8,,,,,,,
7810103,D01,7.0,,,7.2,7.0,,,,,
7540101,A01,7.5,7.0,,7.0,,,,,,
7380107,D01,7.6,,,8.4,6.0,,,,,
7380107,D01,6.75,,,7.2,6.2,,,,,
7220201,D01,8.0,,,7.4,6.6,,,,,
7480202,D01,4.8,,,8.2,6.0,,,,,
7510301,A01,6.4,6.25,,8.0,,,,,,
7340101,D01,7.25,,,6.4,8.0,,,,,
7480202,A01,6.75,8.2,,7.6,,,,,,
7480201,A00,8.6,7.75,7.5,,,,,,,
7480201,D01,8.2,,,7.4,7.5,,,,,
7340301,A00,8.2,7.25,7.75,,,,,,,
7340101,A00,8.4,7.0,8.75,,,,,,,
7480201,A00,7.8,6.75,7.75,,,,,,,
7220201,A01,8.75,8.8,,7.2,,,,,,
7510401,B00,6.75,,6.25,,,,7.2,,,
7340201,A00,8.75,7.25,7.8,,,,,,,
7380107,D01,7.0,,,9.0,6.75,,,,,
7340122,A00,7.75,6.75,7.6,,,,,,,
7480201,D07,8.0,,7.2,7.2,,,,,,
7510202,A00,5.25,6.0,6.6,,,,,,,
7810103,D01,8.5,,,6.6,5.2,,,,,
7380107,D15,,,,5.25,6.75,,,7.6,,
7520115,D01,6.5,,,7.0,4.6,,,,,
7810201,D15,,,,7.5,7.0,,,6.8,,
7340120,A00,7.75,7.5,8.0,,,,,,,
7340301,A00,8.0,6.25,8.75,,,,,,,
7420201,B00,6.6,,5.5,,,,5.75,,,
7340115,A00,8.0,7.75,8.2,,,,,,,
7340123,D01,6.25,,,6.4,6.2,,,,,
7420201,B00,5.6,,5.75,,,,6.25,,,
7520115,A00,6.25,7.25,7.6,,,,,,,
7810201,D01,8.4,,,7.8,7.75,,,,,
7340101,D01,8.75,,,6.8,6.0,,,,,
7340120,A00,7.0,6.75,7.8,,,,,,,
7420201,B00,7.75,,7.25,,,,6.6,,,
7810201,D01,7.2,,,7.6,8.5,,,,,
7340123,A00,6.25,4.5,7.6,,,,,,,
7340101,A00,6.25,6.75,7.8,,,,,,,
7220201,D01,8.0,,,8.4,9.0,,,,,
7540106,A00,8.0,6.25,7.25,,,,,,,
7510203,A00,8.4,6.75,6.75,,,,,,,
7510203,D07,7.5,,7.8,6.2,,,,,,
7480201,A00,7.6,7.25,7.75,,,,,,,
7340120,A00,7.5,7.5,8.8,,,,,,,
7340115,A01,7.5,7.6,,7.8,,,,,,
7220204,D09,9.0,,,7.4,,5.0,,,,
7340201,D01,7.6,,,7.2,7.25,,,,,
7810201,D01,6.75,,,6.2,8.6,,,,,
7340101,A01,7.8,7.5,,7.8,,,,,,
7510301,A01,4.2,5.75,,8.0,,,,,,
7510203,A00,7.2,7.75,6.5,,,,,,,
7420201,A00,7.0,6.5,8.0,,,,,,,
7510303,A00,6.75,7.75,7.4,,,,,,,
7340201,A00,8.0,7.0,7.5,,,,,,,
7340301,A01,8.0,8.0,,7.4,,,,,,
7510303,A00,6.25,5.5,5.0,,,,,,,
7810103,D15,,,,6.75,7.5,,,5.0,,
7510401,A00,7.4,6.0,7.5,,,,,,,
7480201,D07,7.5,,8.2,7.6,,,,,,
7340115,D01,8.5,,,7.2,7.8,,,,,
7510202,D01,5.25,,,6.0,7.2,,,,,
7340101,A00,8.25,8.0,7.8,,,,,,,
7220201,D01,7.5,,,7.2,9.0,,,,,
7380107,A00,7.25,6.25,8.2,,,,,,,
7420201,A01,6.6,6.25,,5.0,,,,,,
7510303,D01,6.5,,,6.8,6.2,,,,,
7810202,A00,7.8,6.75,8.25,,,,,,,
7520115,A00,6.25,5.75,7.6,,,,,,,
7480201,A00,7.5,8.0,8.0,,,,,,,
7480201,A01,6.8,6.5,,9.0,,,,,,
7540204,D01,8.0,,,6.6,8.0,,,,,
7540101,A00,7.75,7.0,8.0,,,,,,,
7810103,D15,,,,8.75,7.0,,,5.8,,
7480201,A01,7.6,7.25,,8.0,,,,,,
7340205,A00,6.75,6.5,8.2,,,,,,,
7480201,A01,8.0,7.8,,7.8,,,,,,
7340201,D01,8.0,,,7.8,7.5,,,,,
7810201,A01,8.0,6.2,,7.0,,,,,,
7480202,D01,6.75,,,6.4,6.6,,,,,
7220201,D01,6.6,,,8.6,8.25,,,,,
7340120,A01,7.75,9.0,,7.6,,,,,,
7480201,D07,7.75,,6.6,8.4,,,,,,
7220201,A01,7.8,6.5,,9.0,,,,,,
7380107,A01,7.5,7.6,,8.2,,,,,,
7340201,D01,7.75,,,7.2,5.2,,,,,
7220204,D01,7.8,,,8.4,7.5,,,,,
7340205,A00,8.25,7.75,7.6,,,,,,,
7220204,D01,7.4,,,8.6,6.5,,,,,
7340120,A01,6.5,8.2,,7.8,,,,,,
7540106,A00,6.75,7.5,6.2,,,,,,,
7540106,A00,7.4,5.25,8.75,,,,,,,
7510301,A00,6.75,7.5,7.4,,,,,,,
7510301,D01,7.8,,,3.2,5.5,,,,,
7510203,D01,6.75,,,7.6,6.8,,,,,
7480201,A00,8.4,6.5,7.0,,,,,,,
7340205,A00,6.25,7.25,7.2,,,,,,,
7540101,B00,8.25,,6.25,,,,8.0,,,
7510202,A00,7.2,6.25,6.25,,,,,,,
7340101,A01,8.4,7.75,,7.8,,,,,,
7480201,A00,6.75,7.75,7.4,,,,,,,
7810103,A00,7.0,7.75,7.2,,,,,,,
7520115,D01,7.0,,,7.0,5.2,,,,,
7540101,A00,7.5,7.0,8.6,,,,,,,
7510202,D01,7.6,,,4.0,6.75,,,,,
7220201,D09,9.25,,,7.0,,8.4,,,,
7340115,A00,7.25,8.0,7.4,,,,,,,
7510202,D01,6.6,,,4.2,6.25,,,,,
7819010,A01,5.75,6.8,,7.2,,,,,,
7480201,A00,8.8,7.0,6.75,,,,,,,
7810202,D01,7.6,,,7.4,8.25,,,,,
7340201,D01,8.5,,,7.4,7.8,,,,,
7340115,D01,7.5,,,9.0,7.6,,,,,
7819009,A00,5.5,6.0,6.0,,,,,,,
7480201,D01,6.5,,,8.6,8.2,,,,,
7340201,D01,7.8,,,7.4,7.5,,,,,
7340301,D01,8.75,,,8.4,6.0,,,,,
7850101,B00,4.25,,6.5,,,,7.4,,,
7480202,A00,8.25,8.0,8.4,,,,,,,
7510202,D01,8.25,,,5.8,4.6,,,,,
7540101,A00,7.5,8.25,8.0,,,,,,,
7420201,B00,6.0,,7.0,,,,8.4,,,
7340201,D01,8.0,,,7.8,6.6,,,,,
7510202,D01,6.0,,,7.2,4.6,,,,,
7340201,A00,8.0,7.75,6.6,,,,,,,
7540101,A00,7.8,7.75,8.25,,,,,,,
7810202,A00,8.4,6.75,7.5,,,,,,,
7480201,A00,8.0,8.0,8.6,,,,,,,
7480201,A00,6.5,7.25,7.8,,,,,,,
7340115,D01,9.0,,,8.0,7.0,,,,,
7340201,A00,8.0,6.25,7.0,,,,,,,
7819009,D07,6.0,,6.2,7.0,,,,,,
7340201,A00,8.2,7.0,7.25,,,,,,,
7520115,D01,7.5,,,6.0,5.2,,,,,
7510301,D01,6.4,,,5.2,5.75,,,,,
7340301,A01,8.6,8.25,,6.8,,,,,,
7380107,D01,7.2,,,7.8,7.75,,,,,
7480201,A00,7.25,7.25,7.4,,,,,,,
7420201,B00,6.6,,7.0,,,,7.75,,,
7540204,A01,7.0,6.0,,6.0,,,,,,
7510401,B00,7.0,,7.0,,,,7.0,,,
7510401,A00,7.25,6.75,7.6,,,,,,,
7220204,D01,7.75,,,7.0,7.0,,,,,
7480201,D01,6.8,,,8.0,7.5,,,,,
7850101,A00,5.75,5.0,6.0,,,,,,,
7510202,D01,6.8,,,8.0,6.5,,,,,
7810202,D01,7.6,,,8.0,7.5,,,,,
7510303,D01,7.8,,,8.4,6.25,,,,,
7340101,A00,7.0,7.75,8.4,,,,,,,
7510301,D01,7.2,,,6.0,6.25,,,,,
7480201,D07,6.8,,8.25,8.4,,,,,,
7340201,A00,6.75,6.5,8.4,,,,,,,
7540101,A00,7.25,7.25,7.2,,,,,,,
7510303,A00,6.8,4.75,6.5,,,,,,,
7340120,A00,6.75,8.0,7.0,,,,,,,
7540106,A00,6.0,5.25,7.25,,,,,,,
7220204,D01,7.8,,,6.2,8.75,,,,,
7380107,D01,7.2,,,8.6,7.25,,,,,
7510303,D01,6.8,,,6.4,6.0,,,,,
7480201,D01,7.5,,,7.8,6.6,,,,,
7480201,A01,7.0,7.8,,7.2,,,,,,
7220204,A01,7.6,7.25,,8.0,,,,,,
7510301,A00,7.0,7.5,7.0,,,,,,,
7510303,A00,7.0,7.5,7.6,,,,,,,
7540106,D07,6.25,,7.4,6.6,,,,,,
7340123,D01,7.8,,,7.8,6.25,,,,,
7340201,A01,7.25,7.2,,6.8,,,,,,
7510303,D01,6.6,,,6.6,7.0,,,,,
7810201,D01,7.25,,,6.4,5.0,,,,,
7220201,D01,7.8,,,8.8,6.5,,,,,
7340101,A00,7.8,8.25,7.75,,,,,,,
7340120,A01,8.0,8.2,,7.6,,,,,,
7340123,D01,8.5,,,7.4,5.0,,,,,
7520115,A00,7.0,6.75,7.2,,,,,,,
7340120,D01,7.25,,,7.4,6.4,,,,,
7340120,A00,8.4,6.25,8.5,,,,,,,
7510301,A00,8.4,5.5,5.75,,,,,,,
7340101,A01,8.4,7.5,,7.8,,,,,,
7510303,A00,6.25,8.0,8.2,,,,,,,
7340101,D01,7.75,,,7.2,7.6,,,,,
7460108,D01,7.0,,,6.4,8.4,,,,,
7340201,A00,8.2,6.75,8.0,,,,,,,
7480201,D01,8.75,,,8.4,7.0,,,,,
7480201,D01,7.75,,,7.4,6.0,,,,,
7340301,D01,7.5,,,7.0,7.6,,,,,
7510303,A01,7.4,6.0,,4.6,,,,,,
7340101,D01,7.25,,,7.8,8.4,,,,,
7420201,A01,5.25,8.6,,5.6,,,,,,
7510301,D01,6.75,,,7.6,7.2,,,,,
7340101,A01,8.2,7.5,,8.6,,,,,,
7460108,A00,6.75,6.25,7.0,,,,,,,
7540101,D07,7.4,,8.5,8.6,,,,,,
7340201,A00,8.2,7.0,8.75,,,,,,,
7220201,A01,7.5,8.2,,7.8,,,,,,
7340201,D01,8.5,,,7.2,7.6,,,,,
7510203,A00,5.8,5.5,4.75,,,,,,,
7340122,A00,7.5,6.5,7.8,,,,,,,
7480201,D01,6.4,,,8.8,7.25,,,,,
7540101,D07,8.25,,8.4,8.4,,,,,,
7540101,B00,7.6,,7.5,,,,9.0,,,
7340101,A00,7.5,7.0,8.0,,,,,,,
7810202,D01,7.6,,,8.4,7.5,,,,,
7220204,D01,8.0,,,8.2,7.6,,,,,
7340115,A00,8.0,7.0,7.4,,,,,,,
7810201,A00,6.75,8.0,7.8,,,,,,,
7540106,D07,6.8,,6.0,6.4,,,,,,
7340120,D01,8.5,,,6.6,7.0,,,,,
7540204,A00,6.4,5.0,6.75,,,,,,,
7540204,A00,6.2,4.75,7.75,,,,,,,
7420201,B00,7.0,,7.75,,,,7.5,,,
7340101,D01,7.0,,,7.4,6.6,,,,,
7540204,D01,6.8,,,8.6,6.5,,,,,
7380107,D01,7.75,,,7.8,5.8,,,,,
7220204,D01,8.2,,,8.2,7.5,,,,,
7340120,A00,7.75,8.5,7.6,,,,,,,
7819010,A00,6.0,7.25,6.2,,,,,,,
7340115,A00,7.5,7.75,8.2,,,,,,,
7540106,B00,7.2,,7.0,,,,5.25,,,
7220201,D01,7.25,,,8.2,9.6,,,,,
7510301,D01,6.5,,,7.2,5.0,,,,,
7220201,D09,8.75,,,7.0,,8.4,,,,
7340301,A00,7.5,8.0,8.2,,,,,,,
7540106,A00,6.2,5.75,8.0,,,,,,,
7510303,D07,7.25,,9.0,7.0,,,,,,
7510401,A00,8.4,7.5,7.5,,,,,,,
7510401,A00,6.5,6.75,6.6,,,,,,,
7480201,A00,8.2,7.0,7.75,,,,,,,
7520115,D01,5.5,,,7.2,6.4,,,,,
7510401,B00,7.0,,6.5,,,,7.0,,,
7480202,D01,7.0,,,6.2,4.6,,,,,
7510301,D01,7.75,,,7.4,5.8,,,,,
7340201,A00,7.0,8.0,7.6,,,,,,,
7810202,D01,8.25,,,7.0,6.4,,,,,
7540101,A00,8.2,8.5,7.75,,,,,,,
7340120,A01,8.0,6.8,,8.2,,,,,,
7480201,A00,6.5,7.5,7.4,,,,,,,
7340201,D01,8.0,,,6.0,8.25,,,,,
7380107,A00,7.4,8.0,7.25,,,,,,,
7420201,A00,7.4,6.0,5.25,,,,,,,
7810202,A00,7.6,7.25,8.25,,,,,,,
7480202,A00,7.8,6.25,5.0,,,,,,,
7480201,A01,7.5,8.0,,7.2,,,,,,
7340120,A00,7.75,7.75,7.6,,,,,,,
7540101,D07,8.0,,7.8,8.0,,,,,,
7340120,A01,7.5,7.6,,7.4,,,,,,
7220201,D09,8.75,,,8.0,,8.8,,,,
7340201,D01,8.25,,,8.2,6.4,,,,,
7540204,A01,7.0,7.2,,6.6,,,,,,
7340115,D01,9.0,,,8.0,6.0,,,,,
7510301,D01,7.6,,,7.6,8.0,,,,,
7810202,D01,7.0,,,8.0,8.0,,,,,
7340115,D01,9.25,,,7.4,7.0,,,,,
7380107,D01,7.75,,,6.8,6.0,,,,,
7340101,A00,8.0,8.0,7.5,,,,,,,
7380107,D15,,,,7.75,6.25,,,7.0,,
7819010,A00,7.0,7.5,8.0,,,,,,,
7540106,A00,6.2,5.75,6.5,,,,,,,
7810201,A00,8.0,8.0,8.2,,,,,,,
7510202,D01,7.25,,,7.4,6.2,,,,,
7340120,A01,8.6,7.0,,9.0,,,,,,
7850101,D07,7.0,,5.5,4.8,,,,,,
7540106,B00,5.75,,6.5,,,,7.2,,,
7220204,D01,8.75,,,7.8,7.6,,,,,
7340101,D01,8.0,,,7.4,8.0,,,,,
7480201,A00,8.4,7.5,7.5,,,,,,,
7810201,D01,6.5,,,7.2,6.6,,,,,
7480201,A01,7.6,7.0,,9.0,,,,,,
7340120,D01,9.0,,,7.6,6.8,,,,,
7340205,D01,6.75,,,6.4,6.8,,,,,
7340201,D01,7.0,,,7.8,8.25,,,,,
7340120,D01,9.25,,,7.0,6.6,,,,,
7480201,A00,7.0,6.25,7.8,,,,,,,
7340201,A00,8.25,6.75,7.6,,,,,,,
7340101,A01,6.75,7.6,,8.0,,,,,,
7460108,D07,6.5,,5.6,6.4,,,,,,
7420201,B00,9.0,,6.25,,,,8.4,,,
7340101,A00,8.2,7.5,8.0,,,,,,,
7540204,D07,8.25,,6.6,7.8,,,,,,
7220204,D01,8.25,,,6.8,6.0,,,,,
7810202,A00,8.4,7.0,7.5,,,,,,,
7380107,D01,8.25,,,7.4,5.8,,,,,
7810103,D15,,,,8.0,6.5,,,4.2,,
7380107,D01,7.6,,,8.0,7.5,,,,,
7540101,A00,7.75,7.5,6.6,,,,,,,
7540101,B00,8.0,,6.5,,,,7.8,,,
7340123,D01,8.5,,,7.6,6.6,,,,,
7340201,D01,8.5,,,6.8,7.4,,,,,
7340120,D01,7.5,,,7.8,7.2,,,,,
7810202,D15,,,,8.5,7.25,,,5.4,,
7480202,A00,7.25,7.75,7.6,,,,,,,
7480201,A01,9.2,7.5,,8.6,,,,,,
7220204,D01,8.2,,,6.8,7.25,,,,,
7340115,A00,6.75,8.25,7.0,,,,,,,
7340120,D01,7.5,,,7.4,8.2,,,,,
7810103,D01,8.5,,,7.8,8.4,,,,,
7340201,A01,7.8,7.25,,7.2,,,,,,
7480201,D01,7.6,,,8.8,7.0,,,,,
7340115,A01,8.2,8.25,,8.2,,,,,,
7480201,A01,8.5,8.6,,8.0,,,,,,
7480201,A01,8.0,7.25,,8.8,,,,,,
7480201,D07,7.25,,7.2,7.6,,,,,,
7460108,A00,6.25,6.25,6.8,,,,,,,
7340301,D01,7.6,,,8.6,7.25,,,,,
7340129,D01,6.75,,,8.0,7.0,,,,,
7810103,D01,8.5,,,8.0,6.0,,,,,
7510303,D01,7.6,,,7.8,7.25,,,,,
7340101,A00,7.5,7.5,8.0,,,,,,,
7510202,A00,7.0,6.75,6.8,,,,,,,
7340115,D01,8.5,,,7.2,8.6,,,,,
7420201,B00,8.6,,7.5,,,,6.5,,,
7510203,A01,6.25,7.8,,6.8,,,,,,
7340122,A00,7.0,8.0,6.6,,,,,,,
7540204,D01,6.4,,,7.0,5.5,,,,,
7540101,B00,8.0,,7.0,,,,8.2,,,
7540101,B00,7.5,,6.25,,,,7.0,,,
7340101,D01,8.25,,,6.4,6.0,,,,,
7340123,D01,7.8,,,6.8,5.75,,,,,
7420201,B00,7.6,,6.75,,,,7.25,,,
7340120,A00,7.25,8.75,7.0,,,,,,,
7510301,D01,6.2,,,7.0,7.0,,,,,
7810202,A01,7.2,7.0,,8.8,,,,,,
7340120,A00,8.4,7.75,7.5,,,,,,,
7510203,A00,7.75,6.5,7.2,,,,,,,
7340301,A00,8.25,8.5,7.6,,,,,,,
7540101,D07,7.4,,7.75,9.0,,,,,,
7220201,D01,8.0,,,7.8,7.75,,,,,
7340101,A00,7.5,7.0,7.0,,,,,,,
7540101,A00,7.0,7.25,7.8,,,,,,,
7340115,A00,8.0,8.0,8.0,,,,,,,
7340123,D01,7.0,,,7.6,5.4,,,,,
7340115,D01,8.25,,,8.6,7.6,,,,,
7340101,A00,8.6,7.5,7.5,,,,,,,
7480201,D01,7.4,,,8.2,7.0,,,,,
7340120,A00,7.75,6.0,7.4,,,,,,,
7540101,B00,8.5,,6.0,,,,8.4,,,
7510203,D01,7.0,,,4.2,5.75,,,,,
7810201,D01,8.0,,,8.8,6.5,,,,,
7510401,A00,7.6,6.75,7.75,,,,,,,
7340201,D01,6.6,,,9.4,7.0,,,,,
7340201,D01,8.75,,,6.2,5.6,,,,,
7340123,A00,8.0,7.25,7.6,,,,,,,
7480201,D01,6.75,,,7.4,7.2,,,,,
7220201,D01,8.4,,,7.6,8.25,,,,,
7510203,D01,5.75,,,7.6,5.4,,,,,
7340201,A00,8.8,7.75,7.5,,,,,,,
7220204,D01,8.0,,,8.2,8.5,,,,,
7380107,A00,5.75,8.25,7.4,,,,,,,
7340301,D01,7.4,,,6.8,8.25,,,,,
7380107,A00,8.0,7.5,6.8,,,,,,,
7340201,A00,6.5,6.75,7.4,,,,,,,
7850101,A00,5.4,5.5,7.75,,,,,,,
7480201,A00,7.6,7.5,8.5,,,,,,,
7340120,A00,7.25,8.5,8.4,,,,,,,
7540106,D07,7.0,,7.75,8.4,,,,,,
7340120,A01,7.5,7.4,,7.4,,,,,,
7510401,A00,8.0,6.75,6.75,,,,,,,
7340129,A00,5.75,7.5,9.2,,,,,,,
7380107,D01,7.25,,,7.0,5.8,,,,,
7380107,D01,7.0,,,7.8,8.0,,,,,
7510203,A00,6.5,4.0,6.8,,,,,,,
7220201,D01,7.75,,,7.6,7.6,,,,,
7340101,A00,8.0,7.75,8.0,,,,,,,
7510401,A00,6.25,6.75,5.6,,,,,,,
7540101,B00,7.25,,7.75,,,,7.6,,,
7340120,A00,7.25,7.75,8.2,,,,,,,
7220201,D01,7.8,,,7.4,8.0,,,,,
7480201,A01,7.0,9.0,,6.4,,,,,,
7220201,A01,8.2,7.5,,7.6,,,,,,
7480201,D01,6.75,,,6.6,8.0,,,,,
7340205,D01,6.25,,,7.0,6.8,,,,,
7340205,A00,8.0,8.0,7.8,,,,,,,
7340120,A00,7.25,6.75,7.4,,,,,,,
7850101,D07,7.4,,7.5,7.2,,,,,,
7340201,A00,7.6,7.5,7.75,,,,,,,
7340115,A00,6.75,8.0,8.0,,,,,,,
7510401,A00,7.0,4.0,5.25,,,,,,,
7340115,D01,8.75,,,8.0,6.6,,,,,
7480202,A01,7.5,7.2,,8.2,,,,,,
7340205,A00,6.25,6.0,6.0,,,,,,,
7340120,A01,8.6,7.5,,8.2,,,,,,
7510202,D01,6.25,,,5.8,4.0,,,,,
7340301,A00,7.25,8.0,7.8,,,,,,,
7480202,A00,7.25,8.0,6.8,,,,,,,
7340201,D01,7.6,,,8.6,7.0,,,,,
7340120,A00,8.0,7.25,8.0,,,,,,,
7340101,D01,8.0,,,7.8,7.25,,,,,
7510301,A01,7.0,7.2,,7.4,,,,,,
7340122,D01,8.75,,,8.2,7.4,,,,,
7220201,D01,7.5,,,8.0,8.0,,,,,
7340115,D01,7.25,,,8.0,8.0,,,,,
7340120,A00,7.5,6.5,7.4,,,,,,,
7819009,D07,3.75,,7.0,6.2,,,,,,
7510203,D01,6.2,,,6.8,6.5,,,,,
7510303,A01,7.2,7.25,,6.6,,,,,,
7540106,A00,6.25,7.25,7.2,,,,,,,
7510203,D01,7.4,,,8.8,7.5,,,,,
7340101,D01,7.6,,,6.6,9.25,,,,,
7340201,D01,9.0,,,5.8,5.8,,,,,
7540101,A00,7.75,7.0,7.8,,,,,,,
7340122,D01,8.25,,,7.2,8.4,,,,,
7420201,A00,6.2,5.5,6.25,,,,,,,
7810201,D01,7.6,,,7.0,7.75,,,,,
7340101,A01,8.0,6.6,,8.6,,,,,,
7340101,D01,9.0,,,6.2,5.6,,,,,
7340120,D01,7.4,,,8.0,8.75,,,,,
7510303,D01,6.6,,,6.8,6.0,,,,,
7380107,D01,7.4,,,8.8,7.75,,,,,
7340129,D01,7.0,,,7.6,6.2,,,,,
7819009,A01,5.5,5.0,,6.2,,,,,,
7810201,D15,,,,7.5,8.5,,,6.4,,
7510202,A00,6.8,4.25,4.5,,,,,,,
7220204,D01,7.8,,,8.4,7.0,,,,,
7480201,D01,8.0,,,7.4,7.2,,,,,
7480201,D01,8.0,,,7.8,6.0,,,,,
7220201,D01,6.5,,,6.4,8.4,,,,,
7340101,D01,7.75,,,6.4,7.0,,,,,
7810202,A00,8.0,6.75,7.5,,,,,,,
7340101,D01,8.0,,,8.2,7.75,,,,,
7540101,A00,7.25,8.75,7.6,,,,,,,
7510203,D01,6.4,,,6.0,5.25,,,,,
7480202,D07,7.25,,6.6,7.2,,,,,,
7380107,A00,7.25,8.25,8.4,,,,,,,
7510202,D01,7.0,,,6.4,5.2,,,,,
7540101,A01,7.25,6.4,,7.0,,,,,,
7340129,D01,8.25,,,6.2,7.2,,,,,
7480201,D07,7.2,,8.5,7.6,,,,,,
7480201,D01,7.8,,,9.6,7.0,,,,,
7480201,D01,7.25,,,8.2,7.6,,,,,
7340120,D01,7.8,,,8.4,7.75,,,,,
7220201,D09,9.25,,,7.6,,6.8,,,,
7340201,A00,6.5,6.5,7.4,,,,,,,
7420201,B00,7.5,,7.5,,,,8.8,,,
7340129,A01,7.0,6.8,,8.2,,,,,,
7540101,B00,7.25,,7.75,,,,7.8,,,
7480202,D01,8.0,,,8.4,5.6,,,,,
7480201,A00,7.0,7.0,8.75,,,,,,,
7340301,A00,5.5,7.5,7.8,,,,,,,
7480201,D01,8.6,,,8.0,7.0,,,,,
7480201,A00,8.0,7.75,8.25,,,,,,,
7340101,A00,6.25,7.0,8.0,,,,,,,
7340101,A00,8.4,7.0,8.75,,,,,,,
7340123,D01,8.25,,,7.0,6.0,,,,,
7340120,A00,7.75,8.25,7.6,,,,,,,
7480201,A01,6.0,9.4,,6.6,,,,,,
7220201,D01,6.25,,,6.4,8.4,,,,,
7340301,A01,7.0,7.6,,6.2,,,,,,
7340201,A01,7.75,8.2,,7.6,,,,,,
7380107,D01,7.6,,,9.0,6.75,,,,,
7380107,A00,7.0,7.5,7.4,,,,,,,
7480201,A01,8.2,7.75,,6.0,,,,,,
7510303,A00,8.0,6.5,7.5,,,,,,,
7810201,A00,6.5,6.25,6.6,,,,,,,
7420201,B00,8.6,,8.0,,,,6.75,,,
7810201,D01,8.0,,,6.4,7.8,,,,,
7480201,A00,8.5,8.0,8.0,,,,,,,
7340120,D01,8.0,,,9.0,7.25,,,,,
7220204,A01,7.4,7.0,,8.4,,,,,,
7540204,A00,7.2,7.25,7.25,,,,,,,
7480202,D07,6.25,,6.8,6.0,,,,,,
7480201,D01,6.8,,,9.0,7.0,,,,,
7810103,A01,7.6,7.75,,7.6,,,,,,
7340301,D01,8.75,,,7.2,6.0,,,,,
7220201,D01,6.25,,,6.4,9.0,,,,,
7340120,A00,7.4,7.5,8.25,,,,,,,
7340101,A00,6.5,7.25,7.8,,,,,,,
7340201,D01,6.75,,,7.2,7.8,,,,,
7510301,D01,6.4,,,5.2,6.0,,,,,
7540101,D07,8.4,,9.0,8.4,,,,,,
7220201,D01,6.0,,,6.8,8.4,,,,,
7480201,D01,7.2,,,7.8,7.25,,,,,
7810201,D01,8.25,,,6.4,5.0,,,,,
7340129,A00,7.0,7.25,7.6,,,,,,,
7220204,D09,8.5,,,7.2,,6.0,,,,
7340201,D01,7.4,,,6.6,8.5,,,,,
7480201,D01,7.0,,,7.8,8.4,,,,,
7340201,A00,8.4,6.5,7.75,,,,,,,
7810201,A00,8.4,7.0,7.5,,,,,,,
7420201,B00,3.75,,6.25,,,,6.4,,,
7340101,D01,8.0,,,6.4,7.0,,,,,
7340101,D01,8.25,,,7.4,6.8,,,,,
7510301,D01,7.0,,,7.6,6.8,,,,,
7340115,D01,7.6,,,8.0,8.25,,,,,
7380107,D01,6.8,,,7.6,7.5,,,,,
7340201,D01,7.6,,,8.2,7.0,,,,,
7340301,A00,7.0,7.0,7.8,,,,,,,
7220204,D01,7.6,,,8.2,7.5,,,,,
7819010,B00,4.5,,7.75,,,,7.2,,,
7340129,A01,8.25,5.4,,6.8,,,,,,
7220201,D01,8.0,,,8.6,7.0,,,,,
7540101,A01,8.25,7.6,,7.0,,,,,,
7340301,A00,8.0,6.5,8.25,,,,,,,
7340115,D01,7.4,,,9.6,7.25,,,,,
7220204,D01,7.5,,,7.0,6.2,,,,,
7810201,D01,7.75,,,8.2,5.8,,,,,
7510301,A00,7.25,7.25,7.8,,,,,,,
7510203,A00,6.25,6.0,7.0,,,,,,,
7220201,D01,8.5,,,5.8,7.4,,,,,
7220204,D01,8.0,,,8.8,6.5,,,,,
7340120,A00,8.25,7.75,6.8,,,,,,,
7510203,D01,5.5,,,6.8,5.4,,,,,
7510301,D07,6.25,,5.4,6.8,,,,,,
7420201,A00,8.2,6.0,6.75,,,,,,,
7510202,D01,5.4,,,4.8,6.0,,,,,
7540106,B00,7.4,,8.0,,,,6.75,,,
7540204,D01,5.8,,,6.4,7.08,,,,,
7540101,A01,7.0,8.0,,7.4,,,,,,
7480201,A00,7.5,8.25,8.2,,,,,,,
7480202,A00,7.2,7.75,8.0,,,,,,,
7810202,D01,7.25,,,6.8,7.4,,,,,
7510303,A00,6.75,6.75,6.8,,,,,,,
7480201,D07,8.0,,7.75,7.6,,,,,,
7480201,A00,6.0,8.75,7.2,,,,,,,
7340301,D01,7.8,,,8.0,7.25,,,,,
7340115,D01,9.0,,,8.0,5.6,,,,,
7220201,A01,5.25,9.4,,7.2,,,,,,
7340101,A00,8.6,7.5,7.5,,,,,,,
7220201,D01,7.25,,,6.8,8.0,,,,,
7340120,D01,7.8,,,7.8,7.5,,,,,
7510202,A00,7.4,7.0,5.25,,,,,,,
7340101,D01,7.5,,,7.6,7.2,,,,,
7340123,A00,5.0,6.5,6.2,,,,,,,
7540101,A01,7.4,8.75,,8.8,,,,,,
7480201,D01,8.0,,,8.2,7.2,,,,,
7520115,D01,7.0,,,6.0,4.6,,,,,
7220201,D09,8.75,,,8.2,,7.6,,,,
7540101,A00,8.5,7.75,8.6,,,,,,,
7810103,D15,,,,7.75,7.25,,,5.0,,
7510303,A00,7.8,7.0,7.5,,,,,,,
7340301,D01,8.5,,,7.4,6.4,,,,,
7540106,A00,7.5,7.25,7.2,,,,,,,
7480201,D01,6.75,,,8.0,7.4,,,,,
7540106,A00,7.4,6.0,6.0,,,,,,,
7220204,A01,8.2,7.25,,8.0,,,,,,
7480201,D01,7.25,,,7.4,9.2,,,,,
7340120,D01,7.25,,,7.8,7.2,,,,,
7510303,A01,6.6,5.5,,8.8,,,,,,
7510202,A01,6.5,7.4,,7.6,,,,,,
7220201,D01,7.5,,,7.4,6.8,,,,,
7819010,B00,7.75,,5.25,,,,5.2,,,
7340120,D01,6.25,,,7.8,8.6,,,,,
7340301,A00,7.25,6.75,7.8,,,,,,,
7420201,D07,7.6,,7.0,7.8,,,,,,
7340201,D01,8.0,,,8.2,7.25,,,,,
7340120,A01,7.4,8.25,,9.2,,,,,,
7810202,D01,6.75,,,6.8,6.2,,,,,
7340120,D01,7.75,,,7.0,7.0,,,,,
7819009,A00,7.0,8.0,8.0,,,,,,,
7480201,D01,8.2,,,7.4,7.0,,,,,
7480201,A00,7.5,8.0,7.2,,,,,,,
7510202,A00,6.0,4.25,7.0,,,,,,,
7810103,D01,8.0,,,7.6,6.8,,,,,
7340205,D01,7.5,,,6.8,6.2,,,,,
7420201,A01,7.0,6.25,,8.2,,,,,,
7540101,A00,8.4,8.0,8.25,,,,,,,
7510202,D01,6.5,,,7.2,4.6,,,,,
7340301,A00,7.8,7.5,8.25,,,,,,,
7340101,D01,7.0,,,7.6,6.6,,,,,
7340201,D01,7.5,,,7.4,5.6,,,,,
7510301,D01,7.4,,,8.2,6.25,,,,,
7540105,B00,6.4,,8.0,,,,6.5,,,
7480202,D01,6.5,,,8.4,7.4,,,,,
7819010,A00,5.0,5.0,7.0,,,,,,,
7340120,D01,7.0,,,8.4,8.4,,,,,
7340120,A01,8.4,7.0,,8.2,,,,,,
7850101,B00,5.25,,6.75,,,,6.2,,,
7480201,A00,7.75,8.0,8.6,,,,,,,
7480202,D01,5.6,,,4.4,7.25,,,,,
7340120,D01,7.75,,,6.6,8.6,,,,,
7340301,D01,7.6,,,6.8,8.5,,,,,
7480202,A01,6.5,7.6,,8.2,,,,,,
7340301,A00,6.75,7.0,8.4,,,,,,,
7540101,A00,8.2,7.0,8.25,,,,,,,
7340129,D01,8.5,,,7.8,5.0,,,,,
7340101,D01,9.0,,,7.2,6.0,,,,,
7510301,A00,6.75,7.25,7.6,,,,,,,
7810103,D01,7.5,,,7.2,8.6,,,,,
7819009,A01,6.75,5.4,,7.8,,,,,,
7810201,D15,,,,7.0,5.5,,,6.4,,
7340115,D01,9.0,,,7.6,6.0,,,,,
7480201,D01,8.0,,,7.8,8.0,,,,,
7340301,A00,7.25,8.25,7.6,,,,,,,
7340101,D01,7.75,,,7.2,7.2,,,,,
7340201,A00,6.25,7.25,8.2,,,,,,,
7510303,D07,6.75,,7.2,6.8,,,,,,
7380107,D01,7.2,,,6.8,7.25,,,,,
7480202,D01,5.0,,,4.6,7.0,,,,,
7340201,A00,7.75,7.25,6.8,,,,,,,
7540101,B00,7.0,,7.0,,,,7.4,,,
7540101,A00,7.25,7.75,7.8,,,,,,,
7520115,D01,7.0,,,7.6,5.0,,,,,
7480201,A00,6.75,7.0,8.2,,,,,,,
7810201,D15,,,,7.75,6.75,,,7.6,,
7340301,D01,8.0,,,8.8,6.25,,,,,
7480201,A01,7.75,8.6,,7.2,,,,,,
7510301,D01,7.0,,,6.2,6.4,,,,,
7480201,D01,8.0,,,7.2,7.0,,,,,
7380107,D01,8.75,,,8.0,6.4,,,,,
7510303,D01,8.25,,,5.8,7.6,,,,,
7340123,A00,6.5,7.25,7.2,,,,,,,
7810202,A00,6.75,7.5,8.4,,,,,,,
7340129,A00,7.75,6.5,8.4,,,,,,,
7340115,D01,8.5,,,7.8,7.8,,,,,
7510301,D01,7.5,,,7.8,5.6,,,,,
7340115,A00,7.0,7.5,7.6,,,,,,,
7480201,D01,7.75,,,7.6,7.2,,,,,
7480202,A00,8.4,7.0,7.0,,,,,,,
7480201,A00,8.0,7.25,7.0,,,,,,,
7480201,D01,6.8,,,7.2,8.25,,,,,
7540101,D07,8.4,,6.75,9.2,,,,,,
7480201,A00,6.75,8.25,6.0,,,,,,,
7340115,A00,7.25,8.0,8.2,,,,,,,
7340201,A00,7.25,8.25,6.8,,,,,,,
7480201,A00,7.5,8.75,7.2,,,,,,,
7340301,A00,8.6,6.75,7.75,,,,,,,
7340201,D01,7.25,,,8.4,6.4,,,,,
7540204,A00,7.0,7.25,5.6,,,,,,,
7510401,D07,7.0,,7.8,7.0,,,,,,
7540101,A00,7.25,7.75,8.4,,,,,,,
7810201,A00,5.5,7.25,6.6,,,,,,,
7540101,D07,8.0,,8.8,7.6,,,,,,
7380107,D01,8.67,,,7.0,5.0,,,,,
7340201,A00,7.5,8.0,8.4,,,,,,,
7810202,A00,7.5,7.75,7.8,,,,,,,
7810201,D01,6.75,,,6.6,7.8,,,,,
7480201,A01,7.75,7.2,,6.8,,,,,,
7340301,A01,8.2,7.0,,7.8,,,,,,
7340301,D01,8.2,,,8.2,8.25,,,,,
7340101,D01,7.5,,,7.4,7.0,,,,,
7510203,D01,6.0,,,5.8,9.2,,,,,
7380107,A00,8.2,6.5,6.75,,,,,,,
7420201,B00,6.0,,6.0,,,,5.25,,,
7819010,A00,7.0,6.0,5.8,,,,,,,
7480202,D01,6.75,,,6.8,5.8,,,,,
7340101,A00,8.0,8.0,8.25,,,,,,,
7819010,A00,7.25,3.0,6.4,,,,,,,
7510203,D01,5.6,,,5.2,6.25,,,,,
7480201,D01,8.0,,,7.4,7.75,,,,,
7340122,A00,7.25,6.5,7.8,,,,,,,
7510301,D01,6.6,,,6.4,7.0,,,,,
7340201,D01,7.0,,,7.2,6.2,,,,,
7340301,A00,7.75,7.25,7.8,,,,,,,
7220201,D01,6.75,,,6.8,7.4,,,,,
7510301,A00,6.8,5.0,6.75,,,,,,,
7540101,A00,7.25,7.25,7.6,,,,,,,
7510301,A00,7.8,7.5,6.0,,,,,,,
7340129,D01,7.5,,,7.0,4.2,,,,,
7480202,D01,6.0,,,6.6,7.5,,,,,
7340129,A00,7.0,6.25,7.0,,,,,,,
7510301,D01,6.2,,,6.0,7.75,,,,,
7340115,A00,8.0,7.25,8.2,,,,,,,
7510203,D01,6.2,,,3.2,6.5,,,,,
7810103,D01,5.75,,,7.8,6.0,,,,,
7340101,A01,8.6,8.25,,7.6,,,,,,
7480201,D01,7.5,,,8.4,7.4,,,,,
7340120,A01,8.4,7.0,,8.6,,,,,,
7380107,D15,,,,9.25,6.75,,,6.4,,
7480201,A00,8.5,6.5,8.4,,,,,,,
7340115,D01,8.0,,,7.4,8.0,,,,,
7480201,D01,7.0,,,8.2,5.8,,,,,
7340101,A00,8.0,7.25,8.25,,,,,,,
7220201,D01,8.0,,,9.4,7.25,,,,,
7810103,A00,7.5,7.25,8.2,,,,,,,
7340101,A00,7.0,7.5,7.0,,,,,,,
7510401,A00,6.8,6.25,5.75,,,,,,,
7340115,D01,7.6,,,8.4,9.0,,,,,
7819009,B00,6.5,,7.0,,,,7.2,,,
7510203,D01,6.6,,,4.6,5.5,,,,,
7340115,A01,7.5,7.4,,8.6,,,,,,
7340120,D01,9.0,,,7.2,6.6,,,,,
7380107,D01,8.0,,,8.0,7.25,,,,,
7340201,A01,8.0,8.5,,6.8,,,,,,
7480201,A01,7.5,7.2,,8.4,,,,,,
7340120,D01,7.25,,,7.0,7.4,,,,,
7520115,A00,7.0,6.5,5.0,,,,,,,
7510303,A00,5.6,6.0,5.75,,,,,,,
7819010,B00,6.25,,7.5,,,,6.6,,,
7340115,D01,7.75,,,8.0,7.6,,,,,
7340115,D01,8.5,,,7.6,7.4,,,,,
7480202,A01,7.4,5.75,,7.2,,,,,,
7340201,D01,7.5,,,8.2,7.6,,,,,
7340201,A01,8.0,7.6,,7.4,,,,,,
7340129,D01,7.0,,,6.4,6.75,,,,,
7340115,D01,8.75,,,6.8,6.6,,,,,
7540101,A01,7.5,7.8,,8.0,,,,,,
7510303,A00,7.0,7.75,6.2,,,,,,,
7340120,D01,8.75,,,7.4,6.0,,,,,
7480201,A00,8.25,7.0,7.2,,,,,,,
7340115,D01,8.0,,,7.8,7.6,,,,,
7810202,D01,7.75,,,8.2,5.8,,,,,
7480201,D07,8.5,,7.8,8.0,,,,,,
7220204,D01,8.5,,,7.8,7.2,,,,,
7510202,D01,7.5,,,5.8,5.2,,,,,
7480202,D07,7.4,,8.25,6.8,,,,,,
7510202,A00,6.75,5.5,7.8,,,,,,,
7220201,D01,8.6,,,8.0,7.25,,,,,
7380107,A00,7.5,7.5,7.8,,,,,,,
7480201,A00,8.0,7.75,7.5,,,,,,,
7220201,A01,8.0,8.0,,8.4,,,,,,
7220201,D01,7.5,,,5.6,7.8,,,,,
7810202,D01,7.0,,,6.8,5.8,,,,,
7540101,B00,7.5,,7.25,,,,7.8,,,
7380107,D01,7.2,,,7.2,7.25,,,,,
7340115,D01,9.0,,,6.6,6.4,,,,,
7480201,A00,8.2,6.75,7.75,,,,,,,
7220201,D01,8.5,,,6.6,8.6,,,,,
7340122,A00,7.5,6.75,8.4,,,,,,,
7340301,A01,7.6,7.25,,8.2,,,,,,
7420201,A00,7.25,8.0,7.2,,,,,,,
7540106,A00,7.0,6.5,7.0,,,,,,,
7340101,D01,8.0,,,8.2,8.25,,,,,
7850101,B00,6.75,,6.0,,,,6.2,,,
7420201,B00,8.2,,7.5,,,,7.5,,,
7380107,D01,8.2,,,5.8,7.0,,,,,
7540101,B00,8.0,,8.5,,,,7.75,,,
7480201,A00,8.2,7.5,7.5,,,,,,,
7540101,D07,8.2,,8.25,9.4,,,,,,
7510303,A00,7.8,7.25,7.0,,,,,,,
7540101,A00,8.0,8.0,8.0,,,,,,,
7220201,D01,7.8,,,8.8,8.25,,,,,
7510303,A00,7.25,7.5,8.0,,,,,,,
7220201,A01,7.75,7.0,,7.4,,,,,,
7810202,D15,,,,7.25,7.0,,,5.4,,
7510303,A00,7.2,5.5,7.0,,,,,,,
7510303,A00,7.2,6.0,7.5,,,,,,,
7540101,B00,6.8,,8.75,,,,8.25,,,
7380107,D01,7.0,,,7.0,7.5,,,,,
7850101,A00,8.0,5.75,8.25,,,,,,,
7540101,D07,8.2,,8.25,8.4,,,,,,
7340301,A00,8.2,7.25,7.5,,,,,,,
7340205,D07,7.25,,7.0,7.4,,,,,,
7340120,A00,7.8,7.75,7.75,,,,,,,
7340120,A00,7.75,7.75,7.2,,,,,,,
7810202,D01,6.0,,,6.0,6.4,,,,,
7340120,D01,8.4,,,8.8,7.0,,,,,
7340115,A00,7.25,8.25,8.0,,,,,,,
7340101,D01,8.0,,,6.8,7.2,,,,,
7810202,A01,5.75,8.4,,7.6,,,,,,
7480201,A00,8.0,8.5,8.6,,,,,,,
7340115,D01,8.0,,,7.8,7.2,,,,,
7340301,A01,7.0,6.6,,8.4,,,,,,
7380107,D01,7.6,,,7.6,8.0,,,,,
7510301,D01,6.0,,,7.0,4.0,,,,,
7340115,D01,8.2,,,7.8,9.25,,,,,
7540101,A00,8.2,8.0,7.25,,,,,,,
7510303,A00,8.2,7.25,6.5,,,,,,,
7819009,A01,7.5,7.8,,7.6,,,,,,
7340301,A00,8.4,7.5,7.75,,,,,,,
7480201,D01,7.0,,,7.6,8.4,,,,,
7480201,D01,7.5,,,8.0,7.8,,,,,
7340115,A00,7.25,8.25,8.0,,,,,,,
7540101,D07,8.0,,7.0,6.6,,,,,,
7540204,D01,7.0,,,7.2,7.25,,,,,
7340101,A01,7.0,7.2,,8.2,,,,,,
7340301,A00,8.0,7.75,7.8,,,,,,,
7480202,D01,7.75,,,6.8,6.6,,,,,
7220201,A01,7.4,6.5,,9.4,,,,,,
7460108,D01,6.25,,,7.0,5.6,,,,,
7510202,A00,4.5,5.5,8.8,,,,,,,
7340115,A01,7.0,8.8,,8.0,,,,,,
7220204,D01,8.75,,,6.8,5.0,,,,,
7510303,D01,6.8,,,3.2,7.75,,,,,
7480202,D01,8.75,,,8.2,5.4,,,,,
7540106,D07,7.6,,6.5,8.8,,,,,,
7340101,A00,7.75,7.0,8.0,,,,,,,
7340120,D01,8.0,,,7.4,7.2,,,,,
7540101,A00,7.5,6.75,7.6,,,,,,,
7850101,A01,7.25,8.0,,7.6,,,,,,
7540204,A00,6.5,7.5,6.4,,,,,,,
7340101,D01,7.25,,,7.4,7.8,,,,,
7540101,A00,8.0,7.75,7.4,,,,,,,
7810201,A00,5.5,6.75,6.6,,,,,,,
7540106,A00,7.6,5.0,7.5,,,,,,,
7340205,D07,6.25,,6.2,6.8,,,,,,
7810202,D01,6.2,,,9.4,7.75,,,,,
7480202,A00,7.6,4.75,6.0,,,,,,,
7340101,D01,7.5,,,8.0,7.6,,,,,
7510401,D07,6.25,,5.8,6.4,,,,,,
7420201,D07,7.0,,6.75,7.8,,,,,,
7510303,D01,7.6,,,8.0,6.75,,,,,
7340120,A00,9.0,7.0,7.25,,,,,,,
7810103,D01,6.25,,,6.8,6.2,,,,,
7819010,A00,6.0,6.75,7.2,,,,,,,
7510401,B00,6.5,,7.75,,,,6.2,,,
7220201,D01,6.4,,,9.2,8.5,,,,,
7510401,A00,7.5,7.0,7.2,,,,,,,
7340115,A01,7.75,7.6,,6.6,,,,,,
7520115,A00,7.25,6.5,7.8,,,,,,,
7540101,D07,7.8,,9.0,8.4,,,,,,
7810103,A01,8.25,6.8,,7.8,,,,,,
7810103,D01,5.0,,,6.6,6.4,,,,,
7480202,D07,6.75,,5.8,6.8,,,,,,
7480201,A00,6.25,7.25,8.0,,,,,,,
7480201,A01,7.25,7.2,,8.4,,,,,,
7810202,A00,8.4,8.25,7.0,,,,,,,
7480201,D01,7.2,,,7.6,8.25,,,,,
7510303,A00,6.0,6.5,7.4,,,,,,,
7540101,D07,8.25,,7.8,7.6,,,,,,
7340101,A01,8.2,8.5,,8.4,,,,,,
7340301,A00,7.5,7.5,8.4,,,,,,,
7480201,D01,8.2,,,7.4,8.25,,,,,
7810202,A00,8.2,7.5,7.5,,,,,,,
7220201,D01,8.25,,,7.2,6.6,,,,,
7510301,D01,7.4,,,7.0,6.0,,,,,
7340101,A00,6.5,8.0,8.0,,,,,,,
7540101,D07,8.0,,7.75,9.0,,,,,,
7510303,A00,6.0,6.75,7.2,,,,,,,
7810202,A01,5.5,7.0,,6.6,,,,,,
7340201,A01,8.4,6.25,,8.8,,,,,,
7480201,A01,8.25,7.0,,8.2,,,,,,
7510301,D07,8.0,,7.25,6.6,,,,,,
7340120,D01,8.0,,,7.6,8.0,,,,,
7340129,A01,8.0,6.25,,6.8,,,,,,
7510303,D07,6.5,,7.4,7.6,,,,,,
7480201,A00,8.5,8.25,8.2,,,,,,,
7540204,D01,6.6,,,4.6,6.5,,,,,
7340115,D01,7.5,,,7.0,8.6,,,,,
7340201,A00,6.0,8.0,7.8,,,,,,,
7340101,D01,7.5,,,7.4,7.6,,,,,
7340115,D01,8.5,,,6.8,7.4,,,,,
7340301,D01,7.25,,,7.0,6.4,,,,,
7480201,D01,7.0,,,7.6,7.6,,,,,
7510303,D01,7.25,,,5.8,6.0,,,,,
7340115,D01,8.0,,,8.6,7.25,,,,,
7340120,D01,7.75,,,7.0,7.0,,,,,
7510401,A00,6.0,7.0,6.6,,,,,,,
7340101,D01,8.0,,,6.6,7.4,,,,,
7810103,D15,,,,5.75,9.0,,,7.4,,
7540101,B00,7.25,,8.0,,,,8.2,,,
7340129,D01,6.75,,,6.0,7.6,,,,,
7340101,D01,8.0,,,7.8,7.2,,,,,
7819010,B00,6.25,,6.75,,,,6.0,,,
7340201,A00,7.0,7.0,7.0,,,,,,,
7510401,A00,8.0,8.5,7.6,,,,,,,
7340301,D01,7.2,,,9.4,6.0,,,,,
7510401,B00,7.6,,8.0,,,,8.0,,,
7540106,D07,7.0,,6.4,7.4,,,,,,
7220201,D01,6.8,,,8.4,8.25,,,,,
7819010,D07,6.25,,7.2,6.8,,,,,,
7510401,A00,7.4,6.0,8.5,,,,,,,
7480201,D07,8.25,,8.8,7.2,,,,,,
7340120,D01,7.75,,,7.2,7.8,,,,,
7540204,A00,7.25,6.0,6.8,,,,,,,
7480201,A00,7.25,8.0,7.8,,,,,,,
7480201,A00,7.5,7.75,8.2,,,,,,,
7480202,D01,6.2,,,8.0,7.25,,,,,
7420201,A00,6.6,5.75,6.0,,,,,,,
7340101,A00,6.75,6.75,7.8,,,,,,,
7340129,D01,8.0,,,6.8,6.5,,,,,
7340201,A00,8.25,7.0,8.0,,,,,,,
7340101,A01,6.25,7.4,,7.2,,,,,,
7340122,A00,7.25,7.25,7.4,,,,,,,
7340201,A01,7.75,6.8,,7.4,,,,,,
7340201,A00,7.0,7.0,8.4,,,,,,,
7340101,A00,7.25,6.75,7.8,,,,,,,
7510401,A00,7.8,6.75,7.0,,,,,,,
7220201,D01,8.6,,,8.8,8.0,,,,,
7540101,D07,7.75,,8.4,8.2,,,,,,
7540204,D01,7.0,,,5.8,6.0,,,,,
7340201,A01,5.75,7.6,,8.2,,,,,,
7340122,A01,8.0,7.6,,8.2,,,,,,
7340122,A01,7.0,8.8,,6.2,,,,,,
7340129,D01,7.0,,,7.2,4.4,,,,,
7480201,A00,8.5,8.25,7.0,,,,,,,
7340301,A00,7.0,7.25,8.2,,,,,,,
7380107,A00,8.2,8.5,7.0,,,,,,,
7510303,D01,7.25,,,7.0,6.6,,,,,
7340301,A00,7.75,8.0,7.8,,,,,,,
7340201,A00,8.0,7.5,8.0,,,,,,,
7480201,A00,7.75,7.0,7.2,,,,,,,
7340301,A00,7.75,8.0,8.2,,,,,,,
7510202,A00,5.5,4.75,7.0,,,,,,,
7480202,D01,7.6,,,8.6,5.75,,,,,
7480201,A00,7.75,8.0,7.8,,,,,,,
7480201,A01,7.4,6.25,,9.0,,,,,,
7810103,D15,,,,7.0,7.75,,,7.6,,
7340101,A00,8.0,8.25,8.2,,,,,,,
7540101,A01,8.75,8.0,,7.8,,,,,,
7540101,B00,8.0,,7.5,,,,6.8,,,
7340201,A00,6.5,7.25,7.6,,,,,,,
7340101,A00,8.4,8.25,8.25,,,,,,,
7540101,D07,8.2,,8.0,7.8,,,,,,
7340301,A00,7.0,7.0,7.8,,,,,,,
7510203,D01,7.75,,,8.6,5.2,,,,,
7220201,D01,7.8,,,9.2,7.75,,,,,
7340115,D01,7.25,,,7.6,8.4,,,,,
7810202,D01,7.0,,,7.2,6.0,,,,,
7480202,D01,6.6,,,8.2,7.0,,,,,
7510301,D01,6.0,,,5.4,6.0,,,,,
7340115,D01,7.75,,,6.6,8.2,,,,,
7340301,A00,8.2,6.75,8.25,,,,,,,
7220201,D09,7.0,,,7.0,,8.4,,,,
7420201,B00,7.75,,8.25,,,,8.6,,,
7540101,A01,8.4,7.75,,8.0,,,,,,
7510406,A01,6.25,8.2,,7.0,,,,,,
7810103,D01,7.8,,,7.2,8.0,,,,,
7510301,A00,7.0,6.0,6.75,,,,,,,
7540101,D07,8.75,,7.4,8.0,,,,,,
7480201,D01,7.5,,,8.6,8.0,,,,,
7340115,D01,8.25,,,8.2,7.6,,,,,
7340115,D01,8.75,,,7.2,7.2,,,,,
7380107,D01,6.5,,,6.4,6.8,,,,,
7510301,A00,7.2,6.0,7.0,,,,,,,
7810103,D15,,,,7.75,7.75,,,7.4,,
7220201,A01,6.5,7.8,,7.2,,,,,,
7510303,A01,8.0,7.0,,8.8,,,,,,
7340120,A01,7.5,8.2,,7.2,,,,,,
7460108,D01,6.5,,,6.2,4.8,,,,,
7810201,D01,8.75,,,8.0,6.6,,,,,
7510301,D01,7.2,,,6.8,6.5,,,,,
7480202,D01,7.0,,,5.4,6.75,,,,,
7510203,D01,5.8,,,4.0,6.5,,,,,
7340201,D01,7.8,,,7.8,6.5,,,,,
7220204,D01,7.2,,,8.2,8.0,,,,,
7340115,A01,8.5,7.2,,8.8,,,,,,
7480201,A00,8.0,7.5,7.5,,,,,,,
7540101,D07,7.0,,6.8,8.0,,,,,,
7340115,A01,7.0,8.8,,6.8,,,,,,
7340101,A00,8.2,7.0,8.5,,,,,,,
7340301,D01,7.0,,,7.2,7.0,,,,,
7340120,A01,7.5,7.6,,7.0,,,,,,
7340101,A00,6.75,8.0,6.6,,,,,,,
7340120,A00,8.0,7.5,8.6,,,,,,,
7340101,A00,7.5,7.75,8.0,,,,,,,
7420201,B00,7.75,,8.25,,,,8.4,,,
7510303,D01,7.6,,,4.2,6.0,,,,,
7340301,D01,8.0,,,7.2,5.6,,,,,
7480202,A00,7.2,7.25,7.0,,,,,,,
7480201,A00,7.5,7.5,8.0,,,,,,,
7510401,A00,7.4,6.25,6.25,,,,,,,
7340201,A00,6.25,6.75,7.2,,,,,,,
7340201,D01,7.8,,,8.4,8.25,,,,,
7520115,D01,7.5,,,7.0,6.2,,,,,
7480201,A00,7.5,8.0,7.8,,,,,,,
7480201,D01,7.5,,,6.8,7.2,,,,,
7340201,D01,8.2,,,7.6,7.0,,,,,
7480202,D01,4.8,,,4.0,7.25,,,,,
7810103,D01,6.0,,,6.6,6.0,,,,,
7340115,A00,8.2,7.5,8.0,,,,,,,
7540101,A00,7.5,7.25,7.4,,,,,,,
7510203,A01,8.6,4.0,,8.8,,,,,,
7340301,A01,7.8,6.5,,9.6,,,,,,
7340301,D01,7.0,,,7.6,6.2,,,,,
7510301,D01,8.0,,,5.0,6.0,,,,,
7810201,A00,6.75,5.25,7.4,,,,,,,
7540106,A00,6.5,8.0,7.0,,,,,,,
7540101,A00,7.5,6.5,8.4,,,,,,,
7340101,A01,8.0,7.2,,7.6,,,,,,
7540101,B00,8.25,,7.25,,,,7.4,,,
7460108,D01,5.5,,,6.4,7.6,,,,,
7380107,A00,7.8,6.5,8.25,,,,,,,
7380107,A00,8.25,7.25,7.6,,,,,,,
7850101,B00,6.75,,6.75,,,,7.0,,,
7340201,A00,8.0,7.25,7.25,,,,,,,
7480201,A01,7.4,7.5,,9.0,,,,,,
7480201,D07,8.2,,8.25,7.4,,,,,,
7340301,D01,7.0,,,7.8,6.6,,,,,
7340115,D01,8.0,,,7.2,8.4,,,,,
7510203,D01,6.5,,,5.6,5.8,,,,,
7340101,A01,7.2,7.75,,9.0,,,,,,
7340115,A00,8.0,8.25,7.6,,,,,,,
7480201,D01,7.25,,,7.0,7.4,,,,,
7810202,D01,8.75,,,7.0,6.2,,,,,
7480201,D01,7.2,,,8.4,7.25,,,,,
7480202,A00,6.8,6.25,6.25,,,,,,,
7380107,D01,7.4,,,6.6,7.75,,,,,
7520115,D01,6.4,,,6.0,6.25,,,,,
7340301,A01,6.0,6.4,,7.8,,,,,,
7480201,D01,5.75,,,7.0,8.2,,,,,
7340129,D01,9.0,,,7.4,6.2,,,,,
7340115,A00,7.5,8.25,7.2,,,,,,,
7480201,D01,6.25,,,6.4,9.0,,,,,
7340120,D01,8.0,,,8.0,8.8,,,,,
7340129,D01,7.25,,,7.2,7.4,,,,,
7540101,B00,8.6,,8.0,,,,8.75,,,
7340123,D01,6.8,,,5.0,7.5,,,,,
7340120,A01,7.4,7.75,,8.4,,,,,,
7540101,D07,7.0,,6.4,7.6,,,,,,
7480201,D01,8.75,,,6.8,6.8,,,,,
7340301,A00,7.5,8.0,7.4,,,,,,,
7510303,D01,8.0,,,6.8,8.25,,,,,
7420201,B00,5.0,,6.25,,,,5.0,,,
7340120,A01,8.0,7.25,,9.0,,,,,,
7810202,D01,8.5,,,7.0,6.8,,,,,
7460108,A00,7.25,7.75,7.2,,,,,,,
7220201,D01,7.8,,,8.6,6.75,,,,,
7510301,D01,4.75,,,6.4,5.2,,,,,
7480201,A01,7.75,8.2,,7.6,,,,,,
7510202,D01,7.25,,,6.6,5.0,,,,,
7220201,D01,7.5,,,7.2,7.0,,,,,
7380107,D01,7.0,,,6.6,5.4,,,,,
7540101,B00,8.25,,8.0,,,,7.2,,,
7510303,D01,7.5,,,7.6,3.2,,,,,
7480201,D07,7.0,,7.2,8.0,,,,,,
7380107,D01,8.75,,,7.6,6.2,,,,,
7510202,D01,7.4,,,5.0,6.25,,,,,
7380107,D01,7.75,,,7.8,6.8,,,,,
7540101,B00,8.75,,8.75,,,,8.4,,,
7480201,A01,8.0,7.8,,7.8,,,,,,
7510301,D01,6.0,,,6.2,6.75,,,,,
7220201,D01,7.0,,,6.8,8.4,,,,,
7810201,A01,7.75,7.2,,7.6,,,,,,
7460108,D01,5.75,,,6.8,6.8,,,,,
7480201,A00,9.0,8.25,7.4,,,,,,,
7340301,D01,7.6,,,8.8,7.5,,,,,
7480201,A01,7.75,7.6,,7.2,,,,,,
7510301,A00,6.5,6.25,6.8,,,,,,,
7480202,D01,6.5,,,7.8,7.2,,,,,
7540204,D01,8.0,,,6.6,6.0,,,,,
7480201,A00,7.75,9.25,7.8,,,,,,,
7810103,D01,7.4,,,7.6,8.0,,,,,
7520115,D01,7.0,,,3.8,5.75,,,,,
7819010,B00,6.75,,6.25,,,,6.6,,,
7340301,A00,8.0,7.75,8.25,,,,,,,
7480201,D07,8.0,,8.0,6.8,,,,,,
7420201,A00,7.6,5.0,4.0,,,,,,,
7540204,D01,6.6,,,5.0,6.0,,,,,
7510202,A00,6.8,5.25,5.0,,,,,,,
7340301,A00,8.0,6.75,7.5,,,,,,,
7510203,A00,7.4,6.5,6.25,,,,,,,
7540101,A01,7.5,8.4,,8.2,,,,,,
7340201,A01,7.75,7.0,,7.6,,,,,,
7220204,A01,8.0,7.75,,7.8,,,,,,
7510303,A00,5.5,5.75,6.8,,,,,,,
7420201,B00,7.25,,6.5,,,,7.0,,,
7510303,D01,7.2,,,6.4,5.5,,,,,
7340301,A00,7.6,6.75,8.5,,,,,,,
7340201,A00,7.5,6.5,8.0,,,,,,,
7510301,A00,7.6,6.0,8.0,,,,,,,
7480201,A00,7.8,6.75,8.0,,,,,,,
7220201,A01,7.6,7.25,,8.8,,,,,,
7510401,B00,6.75,,5.25,,,,6.2,,,
7810103,A01,7.6,6.75,,8.0,,,,,,
7510303,A00,7.5,7.25,7.0,,,,,,,
7340115,A00,7.5,7.75,7.6,,,,,,,
7510303,A00,7.2,6.25,7.25,,,,,,,
7480202,D01,5.6,,,6.8,4.5,,,,,
7510203,A00,4.25,6.0,6.0,,,,,,,
7540101,A00,8.6,7.25,7.5,,,,,,,
7340115,D01,8.0,,,6.6,7.2,,,,,
7340101,A00,7.0,8.5,7.6,,,,,,,
7220201,A01,6.75,7.6,,8.2,,,,,,
7340129,D01,6.6,,,5.6,7.25,,,,,
7510203,D01,7.25,,,8.0,4.6,,,,,
7340101,A00,7.75,7.75,7.8,,,,,,,
7810103,D15,,,,7.25,7.5,,,6.2,,
7340301,A00,8.8,6.75,7.5,,,,,,,
7510402,A00,7.0,5.5,7.8,,,,,,,
7480201,A01,7.75,6.8,,7.4,,,,,,
7480202,D01,6.75,,,7.2,5.4,,,,,
7480201,A00,8.4,7.75,6.75,,,,,,,
7480201,A01,7.25,7.6,,7.8,,,,,,
7340301,A00,7.6,7.5,8.0,,,,,,,
7340201,A00,7.6,6.75,8.75,,,,,,,
7480201,D07,8.2,,8.0,8.4,,,,,,
7819010,A01,5.0,3.8,,7.8,,,,,,
7810103,A01,7.8,6.75,,8.0,,,,,,
7340301,A00,8.2,7.75,8.5,,,,,,,
7480202,A00,7.0,7.0,7.8,,,,,,,
7810103,D01,7.5,,,6.8,3.8,,,,,
7340129,D01,7.0,,,8.0,6.25,,,,,
7340301,A00,8.2,6.0,8.25,,,,,,,
7510203,A01,6.5,8.2,,7.4,,,,,,
7480201,A00,7.4,7.5,7.75,,,,,,,
7510203,D01,7.6,,,6.4,7.0,,,,,
7340101,A00,8.4,7.5,8.0,,,,,,,
7220201,D01,7.8,,,8.6,7.0,,,,,
7220201,D09,8.5,,,7.8,,7.4,,,,
7380107,D15,,,,7.25,7.25,,,5.4,,
7510301,A00,7.4,4.25,5.75,,,,,,,
7340201,A00,6.75,8.0,8.0,,,,,,,
7510401,B00,5.75,,6.5,,,,6.0,,,
7810202,D15,,,,7.25,5.5,,,4.8,,
7420201,B00,8.8,,7.75,,,,7.25,,,
7340201,A00,8.6,7.75,7.75,,,,,,,
7510401,D07,7.4,,8.5,6.4,,,,,,
7220201,D01,8.25,,,7.4,7.8,,,,,
7380107,D01,6.75,,,7.0,7.0,,,,,
7380107,D15,,,,9.25,7.25,,,7.6,,
7510203,D01,7.25,,,6.4,5.0,,,,,
7380107,D01,7.75,,,7.0,6.8,,,,,
7810201,D01,8.25,,,7.8,7.4,,,,,
7480201,D07,8.0,,7.75,7.6,,,,,,
7510406,D07,8.0,,7.0,8.6,,,,,,
7810201,D01,9.5,,,7.8,5.8,,,,,
7480201,D01,7.0,,,7.2,9.0,,,,,
7510202,D01,6.75,,,6.2,4.8,,,,,
7340101,A00,6.25,8.5,7.8,,,,,,,
7480201,A00,7.5,8.25,7.4,,,,,,,
7510303,D07,7.75,,7.0,7.0,,,,,,
7340201,A01,8.25,7.0,,7.6,,,,,,
7510202,D01,6.0,,,6.6,5.0,,,,,
7819010,A00,7.0,7.0,6.8,,,,,,,
7540204,D01,8.0,,,7.0,5.8,,,,,
7220201,D01,7.75,,,7.0,6.2,,,,,
7480201,D07,7.25,,6.2,8.0,,,,,,
7810202,A00,8.4,7.0,8.0,,,,,,,
7340101,A00,7.25,7.5,7.8,,,,,,,
7380107,D01,7.0,,,6.8,7.2,,,,,
7480202,A00,6.0,7.0,6.6,,,,,,,
7420201,D07,7.5,,7.4,5.6,,,,,,
7340120,D01,8.25,,,8.4,6.2,,,,,
7340120,D01,7.6,,,9.2,7.25,,,,,
7340120,A00,7.0,7.5,8.8,,,,,,,
7510202,D01,7.2,,,4.6,6.25,,,,,
7420201,B00,6.5,,6.25,,,,8.0,,,
7810201,D01,6.75,,,6.8,6.2,,,,,
7819010,A00,7.25,5.25,7.4,,,,,,,
7220201,D01,7.5,,,7.6,7.4,,,,,
7340201,D01,6.25,,,8.0,7.6,,,,,
7510203,A01,6.5,5.8,,6.2,,,,,,
7340122,A01,8.0,8.4,,7.8,,,,,,
7510203,A00,5.6,7.0,5.0,,,,,,,
7510303,A00,7.2,5.25,6.75,,,,,,,
7510202,D01,6.5,,,6.4,5.6,,,,,
7340201,D01,7.25,,,6.8,6.2,,,,,
7510303,A00,8.75,7.0,7.8,,,,,,,
7220201,A01,7.75,7.6,,7.6,,,,,,
7340120,D01,7.8,,,8.4,8.25,,,,,
7380107,D15,,,,7.5,7.25,,,7.2,,
7510303,D01,6.4,,,8.0,7.75,,,,,
7340129,A00,7.6,6.75,6.75,,,,,,,
7340101,D01,8.0,,,7.4,7.4,,,,,
7810202,A00,6.25,6.75,6.8,,,,,,,
7480202,A00,7.5,8.0,7.8,,,,,,,
7340101,D01,8.25,,,5.8,7.2,,,,,
7510401,A00,6.5,7.75,7.8,,,,,,,
7340115,A00,8.25,7.25,8.0,,,,,,,
7340115,D01,7.0,,,8.0,7.8,,,,,
7510301,A00,7.6,5.0,5.5,,,,,,,
7510203,D01,7.25,,,7.4,7.4,,,,,
7510406,A01,8.0,6.8,,7.0,,,,,,
7510402,A01,7.0,6.5,,7.4,,,,,,
7810202,A01,7.8,7.75,,7.0,,,,,,
7340301,A00,7.0,7.25,6.8,,,,,,,
7340120,A01,7.8,6.75,,8.8,,,,,,
7540101,D07,7.6,,8.25,8.8,,,,,,
7810103,A00,5.0,8.0,7.4,,,,,,,
7340201,D01,8.6,,,8.0,6.75,,,,,
7480201,A01,7.6,7.0,,8.0,,,,,,
7510303,D01,6.5,,,7.6,8.0,,,,,
7480201,A00,5.75,8.5,7.6,,,,,,,
7340101,A00,7.8,7.5,8.5,,,,,,,
7510401,A00,6.0,7.0,7.75,,,,,,,
7340301,A00,7.8,6.5,8.5,,,,,,,
7810202,D01,7.75,,,7.6,7.0,,,,,
7810202,D15,,,,7.0,6.75,,,9.2,,
7220204,D09,7.25,,,7.0,,7.4,,,,
7510301,D01,7.5,,,8.4,6.8,,,,,
7810103,D01,7.5,,,6.2,6.4,,,,,
7380107,D15,,,,7.75,7.5,,,5.6,,
7540101,A00,7.25,7.5,8.2,,,,,,,
7340120,A00,7.25,7.25,8.2,,,,,,,
7480202,A00,7.25,7.0,6.8,,,,,,,
7480201,A00,7.6,7.0,7.75,,,,,,,
7340101,A01,6.5,7.0,,8.2,,,,,,
7480202,A00,6.2,7.75,6.5,,,,,,,
7810202,D01,8.5,,,7.0,5.0,,,,,
7480201,A00,7.75,8.0,8.2,,,,,,,
7510203,A00,6.2,6.5,4.25,,,,,,,
7810201,D01,8.6,,,7.2,6.75,,,,,
7510303,A00,7.0,6.25,7.6,,,,,,,
7480202,D01,6.6,,,4.8,6.75,,,,,
7810202,D01,6.4,,,8.4,8.0,,,,,
7340120,A00,8.0,7.5,6.2,,,,,,,
7810202,D01,6.0,,,7.2,6.0,,,,,
7520115,D01,6.25,,,7.0,6.2,,,,,
7480201,D01,7.6,,,8.8,6.0,,,,,
7380107,A00,8.0,7.75,7.0,,,,,,,
7340101,D01,7.6,,,9.4,6.5,,,,,
7340120,D01,7.75,,,8.0,7.2,,,,,
7510202,A00,5.75,5.5,7.2,,,,,,,
7340101,A00,7.0,7.75,8.0,,,,,,,
7510401,A00,7.4,7.0,6.5,,,,,,,
7380107,A00,7.5,7.5,7.2,,,,,,,
7340120,D01,8.0,,,7.0,6.8,,,,,
7540101,D07,8.4,,7.5,7.8,,,,,,
7380107,D01,6.5,,,7.4,8.4,,,,,
7340120,A00,7.25,7.75,7.4,,,,,,,
7480201,D07,7.25,,8.8,7.8,,,,,,
7340101,A00,7.25,7.25,7.4,,,,,,,
7340115,A00,8.0,7.5,7.0,,,,,,,
7480201,A01,7.0,6.2,,8.2,,,,,,
7810103,A00,5.0,7.25,8.2,,,,,,,
7540101,D07,8.4,,7.75,8.0,,,,,,
7810201,D01,7.4,,,8.8,5.75,,,,,
7380107,D15,,,,7.25,6.75,,,5.6,,
7340205,A00,6.75,8.5,7.2,,,,,,,
7340115,D01,8.25,,,7.6,7.6,,,,,
7810202,A00,7.6,7.5,9.0,,,,,,,
7480201,A01,7.0,8.4,,6.8,,,,,,
7480201,D07,8.5,,7.0,8.2,,,,,,
7510303,D01,7.5,,,7.6,6.6,,,,,
7340201,D01,7.75,,,6.6,8.2,,,,,
7510301,A00,6.25,5.75,7.4,,,,,,,
7510203,A00,6.0,6.75,7.8,,,,,,,
7340101,A01,8.2,7.5,,9.2,,,,,,
7340115,D01,8.25,,,7.4,8.8,,,,,
7340115,A01,6.75,9.0,,8.4,,,,,,
7510303,D01,7.0,,,7.0,4.0,,,,,
7510203,D01,7.0,,,7.2,5.0,,,,,
7540204,D01,7.2,,,5.0,5.0,,,,,
7480202,A01,8.0,7.8,,8.0,,,,,,
7340122,D01,8.5,,,7.4,5.6,,,,,
7340301,A00,8.6,6.5,7.25,,,,,,,
7510303,A00,7.4,7.0,7.0,,,,,,,
7340120,A01,7.25,7.8,,8.4,,,,,,
7340101,A01,7.8,6.75,,8.6,,,,,,
7480201,D01,7.75,,,7.4,7.8,,,,,
7810201,D01,6.0,,,7.2,5.6,,,,,
7340115,A00,8.25,7.5,8.0,,,,,,,
7460108,A00,6.0,6.0,6.8,,,,,,,
7340201,D01,7.0,,,7.2,6.8,,,,,
7340201,D01,8.0,,,6.2,6.6,,,,,
7340120,D01,8.75,,,7.6,7.0,,,,,
7340123,D01,8.25,,,7.8,6.6,,,,,
7420201,B00,6.4,,6.75,,,,5.5,,,
7480201,D07,8.25,,8.2,7.8,,,,,,
7220204,D01,7.4,,,7.6,8.0,,,,,
7810201,A00,7.6,8.75,7.25,,,,,,,
7510303,D07,6.8,,6.25,7.8,,,,,,
7340301,D01,8.2,,,8.0,8.75,,,,,
7540101,A00,8.0,7.75,7.0,,,,,,,
7480202,D01,7.75,,,8.2,6.4,,,,,
7480201,D07,8.4,,7.25,7.8,,,,,,
7819010,D07,8.0,,6.8,7.6,,,,,,
7340115,D01,8.0,,,7.4,7.4,,,,,
7340301,A01,7.75,8.4,,8.0,,,,,,
7540204,A00,8.0,6.5,5.0,,,,,,,
7810103,D01,7.0,,,6.8,6.0,,,,,
7480201,D01,7.2,,,9.0,7.75,,,,,
7510301,D01,9.25,,,6.6,5.6,,,,,
7340122,A00,7.0,7.75,8.2,,,,,,,
7540204,D01,6.6,,,8.6,7.75,,,,,
7810201,A00,6.75,8.75,7.2,,,,,,,
7340120,D01,7.2,,,8.4,7.75,,,,,
7340120,D01,7.5,,,7.2,8.0,,,,,
7510303,A01,7.0,6.4,,8.6,,,,,,
7850101,B00,7.2,,7.0,,,,6.0,,,
7480201,A01,7.25,9.2,,7.4,,,,,,
7340120,A01,7.25,7.8,,7.8,,,,,,
7340201,A01,8.6,6.75,,7.6,,,,,,
7510202,D01,7.0,,,5.6,7.0,,,,,
7380107,D01,8.25,,,7.0,7.0,,,,,
7480201,D07,7.8,,7.25,7.2,,,,,,
7540204,A00,6.6,5.75,6.5,,,,,,,
7540105,A00,7.6,6.75,6.75,,,,,,,
7540101,A00,8.0,8.25,8.0,,,,,,,
7480201,A00,8.8,8.25,7.0,,,,,,,
7810202,A00,7.75,6.75,7.6,,,,,,,
7420201,D07,6.5,,7.2,7.0,,,,,,
7340101,A00,7.75,7.75,8.0,,,,,,,
7220204,D09,9.25,,,7.8,,6.0,,,,
7220201,D01,9.0,,,6.2,6.2,,,,,
7480201,A01,5.5,8.6,,8.0,,,,,,
7480201,A01,6.5,7.8,,8.4,,,,,,
7220201,A01,8.0,7.5,,7.8,,,,,,
7510301,A00,7.25,7.75,8.0,,,,,,,
7340120,D01,8.4,,,9.0,6.25,,,,,
7340115,D01,8.5,,,7.6,6.4,,,,,
7540101,A00,8.4,8.0,8.0,,,,,,,
7540106,D07,6.8,,7.75,7.8,,,,,,
7510401,D07,7.8,,8.0,7.8,,,,,,
7220201,A01,8.0,7.25,,9.0,,,,,,
7480201,D07,7.0,,7.2,7.4,,,,,,
7510301,D01,6.25,,,7.2,9.0,,,,,
7220204,D01,7.4,,,8.4,7.25,,,,,
7540101,A00,7.75,7.25,7.2,,,,,,,
7510301,D01,6.25,,,7.6,9.0,,,,,
7510303,A01,6.75,7.4,,7.0,,,,,,
7510303,A00,7.8,6.75,6.0,,,,,,,
7380107,D01,9.0,,,7.0,4.6,,,,,
7810202,A00,8.4,7.25,7.5,,,,,,,
7819009,D07,7.25,,6.6,7.0,,,,,,
7480202,D01,7.5,,,7.2,6.6,,,,,
7340201,D01,8.4,,,8.0,7.25,,,,,
7340101,A00,6.5,8.0,7.8,,,,,,,
7510202,D01,6.75,,,6.0,4.2,,,,,
7510301,A00,5.75,5.75,6.0,,,,,,,
7340115,D01,8.25,,,7.4,6.6,,,,,
7340205,D01,6.5,,,6.2,7.8,,,,,
7520115,A00,6.5,6.0,7.6,,,,,,,
7340129,D01,6.6,,,7.0,7.0,,,,,
7420201,A01,6.75,7.6,,6.0,,,,,,
7340301,A00,6.25,7.0,6.8,,,,,,,
7340115,A00,7.5,8.0,7.2,,,,,,,
7340120,D01,7.75,,,7.6,8.0,,,,,
7510202,D01,6.75,,,7.2,5.4,,,,,
7340120,D01,7.5,,,7.6,8.4,,,,,
7340122,A00,8.0,8.75,7.2,,,,,,,
7220204,D01,8.25,,,7.0,7.2,,,,,
7480201,A00,7.8,7.5,7.75,,,,,,,
7810201,D15,,,,5.5,6.5,,,6.4,,
7850101,A00,7.5,6.75,7.2,,,,,,,
7340101,D01,8.0,,,8.8,8.5,,,,,
7850101,A00,7.6,6.25,5.5,,,,,,,
7340101,A00,9.2,7.75,7.0,,,,,,,
7510401,A00,7.2,6.0,7.25,,,,,,,
7340301,D01,7.5,,,7.6,7.8,,,,,
7480201,A00,6.25,7.25,8.0,,,,,,,
7510303,A00,8.6,5.5,7.25,,,,,,,
7220204,D01,8.0,,,7.0,7.0,,,,,
7460108,A00,6.5,7.0,6.4,,,,,,,
7420201,B00,8.5,,8.25,,,,8.0,,,
7340301,A00,7.75,7.5,8.0,,,,,,,
7510301,D01,7.0,,,7.4,6.0,,,,,
7480201,D01,7.0,,,8.4,7.75,,,,,
7420201,B00,5.0,,6.5,,,,6.6,,,
7220204,D01,8.0,,,6.8,8.25,,,,,
7380107,A00,6.25,8.0,8.0,,,,,,,
7480201,A00,7.6,6.25,8.75,,,,,,,
7510303,A00,7.6,5.5,6.75,,,,,,,
7810202,D15,,,,8.5,7.5,,,5.4,,
7340301,A00,8.0,7.75,7.6,,,,,,,
7340115,A00,7.5,7.5,8.6,,,,,,,
7810103,D01,8.4,,,9.2,6.25,,,,,
7220201,D09,8.5,,,6.8,,6.4,,,,
7340101,D01,7.0,,,7.8,7.2,,,,,
7510203,A00,8.8,7.75,4.25,,,,,,,
7540204,D01,7.0,,,8.4,7.0,,,,,
7510301,A01,7.0,6.0,,8.0,,,,,,
7340101,A00,8.2,7.25,8.25,,,,,,,
7480202,A00,7.8,6.75,7.0,,,,,,,
7850101,A01,6.25,6.6,,6.8,,,,,,
7540101,B00,7.5,,7.0,,,,8.2,,,
7510203,A00,7.5,6.0,7.0,,,,,,,
7510303,D01,5.0,,,5.8,5.75,,,,,
7480201,A00,7.75,7.5,8.4,,,,,,,
7810202,D01,6.0,,,7.8,8.2,,,,,
7420201,D07,5.6,,7.0,7.0,,,,,,
7340122,D01,8.5,,,7.6,7.2,,,,,
7340115,A00,7.25,7.0,7.8,,,,,,,
7340101,A00,8.2,7.25,8.25,,,,,,,
7340122,D01,9.0,,,7.4,5.4,,,,,
7480201,A00,7.25,8.0,8.0,,,,,,,
7380107,A00,7.5,7.5,7.4,,,,,,,
7340120,A00,6.75,7.5,6.8,,,,,,,
7480201,D07,7.5,,8.4,8.2,,,,,,
7480201,A00,7.5,8.25,7.2,,,,,,,
7220204,D01,8.6,,,7.2,8.5,,,,,
7480201,D07,8.0,,8.0,7.8,,,,,,
7340115,A01,8.0,8.8,,7.8,,,,,,
7340122,D01,7.0,,,7.0,7.6,,,,,
7340115,A01,7.5,8.8,,7.8,,,,,,
7480201,D01,7.5,,,7.4,6.6,,,,,
7810201,D01,7.4,,,8.2,7.0,,,,,
7340201,A00,7.8,7.25,8.25,,,,,,,
7220204,D09,9.25,,,6.2,,6.6,,,,
7340101,A00,8.25,7.25,8.0,,,,,,,
7520115,A00,6.5,6.75,6.0,,,,,,,
7480202,D01,6.0,,,6.6,6.6,,,,,
7810103,D01,7.0,,,7.6,7.5,,,,,
7819010,A00,8.25,7.25,7.6,,,,,,,
7810202,D01,7.8,,,8.0,8.25,,,,,
7510301,D01,6.0,,,7.0,3.6,,,,,
7460108,A00,6.75,7.75,8.0,,,,,,,
7510401,B00,7.2,,9.0,,,,9.25,,,
7540101,A00,7.25,7.0,7.4,,,,,,,
7340101,D01,8.0,,,8.2,6.8,,,,,
7510202,D01,6.8,,,3.8,5.5,,,,,
7220204,D09,9.25,,,7.4,,5.6,,,,
7340115,A00,8.25,7.75,7.6,,,,,,,
7480201,A00,8.0,7.25,7.5,,,,,,,
7380107,A00,7.6,5.25,8.0,,,,,,,
7380107,D01,7.4,,,7.4,7.0,,,,,
7510303,A00,7.8,8.5,9.0,,,,,,,
7510301,A00,5.75,7.0,7.8,,,,,,,
7460108,D07,7.25,,5.6,7.6,,,,,,
7510301,D01,6.5,,,5.4,6.6,,,,,
7810201,D01,5.75,,,6.6,7.8,,,,,
7340201,A00,8.25,8.75,7.6,,,,,,,
7510401,B00,6.5,,7.0,,,,6.4,,,
7810201,A00,8.0,7.25,7.75,,,,,,,
7810202,A01,8.4,6.75,,8.8,,,,,,
7340301,D01,8.5,,,7.0,8.0,,,,,
7340123,D01,5.75,,,7.4,7.2,,,,,
7380107,A00,6.8,7.0,7.75,,,,,,,
7540105,B00,8.2,,4.5,,,,5.25,,,
7340301,A00,6.75,7.0,7.8,,,,,,,
7340129,A01,8.0,8.4,,8.2,,,,,,
7340122,A00,8.0,7.0,7.8,,,,,,,
7340301,D01,8.2,,,6.2,8.25,,,,,
7480201,A00,8.6,7.5,7.75,,,,,,,
7340201,D01,7.75,,,6.8,7.2,,,,,
7510303,A01,5.8,5.5,,8.8,,,,,,
7380107,A00,6.0,7.5,7.8,,,,,,,
7340115,A00,8.5,6.75,9.2,,,,,,,
7340129,A00,7.0,7.25,8.0,,,,,,,
7340120,D01,8.25,,,7.2,6.4,,,,,
7480201,A00,7.5,7.5,8.2,,,,,,,
7510401,D07,7.0,,8.0,8.4,,,,,,
7480201,A01,7.5,7.8,,6.8,,,,,,
7340301,D01,8.25,,,7.0,6.4,,,,,
7340301,A00,7.4,7.5,8.0,,,,,,,
7510303,D07,7.5,,4.4,6.0,,,,,,
7480201,A00,8.8,7.0,7.75,,,,,,,
7340201,D01,6.8,,,8.0,8.25,,,,,
7510301,A00,6.0,6.0,7.0,,,,,,,
7510301,D07,6.8,,6.0,8.4,,,,,,
7510401,A01,7.6,6.25,,8.2,,,,,,
7540101,A00,7.25,8.25,8.0,,,,,,,
7420201,A00,6.75,5.0,8.2,,,,,,,
7340120,A00,6.5,7.25,8.0,,,,,,,
7340201,A00,7.5,7.5,8.2,,,,,,,
7340201,A00,7.6,7.75,7.25,,,,,,,
7540101,B00,7.75,,6.5,,,,8.2,,,
7380107,D01,8.5,,,5.6,5.0,,,,,
7510303,D01,6.5,,,6.8,7.6,,,,,
7380107,D01,8.25,,,7.4,5.4,,,,,
7510401,D07,7.0,,6.75,6.8,,,,,,
7510202,D01,5.6,,,6.2,6.5,,,,,
7540101,A00,7.8,8.0,8.0,,,,,,,
7420201,B00,7.6,,8.75,,,,6.5,,,
7420201,B00,6.5,,7.0,,,,6.8,,,
7540101,B00,8.25,,8.0,,,,8.2,,,
7460108,A00,6.75,7.5,7.2,,,,,,,
7380107,A00,6.5,7.5,7.0,,,,,,,
7480202,A01,6.25,7.0,,6.6,,,,,,
7540101,A00,8.2,8.25,7.75,,,,,,,
7540101,D07,7.25,,7.6,8.0,,,,,,
7510202,A00,7.0,7.25,7.2,,,,,,,
7819010,D07,5.5,,7.8,6.4,,,,,,
7540106,B00,6.8,,7.0,,,,6.25,,,
7510301,D07,6.4,,7.5,6.0,,,,,,
7460108,D01,6.0,,,7.2,6.6,,,,,
7340101,D01,7.5,,,7.2,7.2,,,,,
7340101,A00,8.2,7.75,7.5,,,,,,,
7340201,D01,8.25,,,6.2,7.2,,,,,
7510203,D01,7.6,,,5.6,6.75,,,,,
7340120,A00,8.2,8.5,8.0,,,,,,,
7510303,D01,6.6,,,6.0,6.75,,,,,
7510401,A00,7.2,7.0,8.0,,,,,,,
7340201,D01,7.6,,,8.8,7.0,,,,,
7480201,A01,7.8,7.75,,7.6,,,,,,
7340101,A00,7.25,7.0,7.6,,,,,,,
7220204,D01,7.6,,,9.0,7.75,,,,,
7340129,D01,8.2,,,6.8,7.25,,,,,
7480201,A00,7.8,8.0,7.0,,,,,,,
7540204,A00,7.2,5.75,6.75,,,,,,,
7340120,D01,8.4,,,7.6,7.0,,,,,
7340301,D01,7.25,,,7.6,6.8,,,,,
7340123,D01,5.4,,,4.2,7.25,,,,,
7510203,A00,6.75,8.0,6.8,,,,,,,
7420201,A00,6.75,7.75,7.2,,,,,,,
7480201,D07,7.75,,7.6,8.4,,,,,,
7510203,D01,7.0,,,6.4,4.6,,,,,
7480202,A00,6.25,7.0,7.2,,,,,,,
7810202,D01,8.25,,,5.4,4.6,,,,,
7340129,D01,7.0,,,7.8,7.0,,,,,
7340120,D01,6.75,,,7.4,7.0,,,,,
7810201,A01,7.75,7.6,,7.2,,,,,,
7480201,A00,8.2,7.0,7.5,,,,,,,
7510301,D01,7.0,,,4.0,6.25,,,,,
7510303,A00,7.25,6.25,8.2,,,,,,,
7340115,D01,7.75,,,7.2,8.4,,,,,
7510301,A00,6.5,5.5,6.6,,,,,,,
7540101,B00,7.75,,8.75,,,,7.8,,,
7340101,A00,7.5,7.5,7.4,,,,,,,
7340122,D01,8.0,,,6.6,7.4,,,,,
7340201,A00,5.25,8.25,8.0,,,,,,,
7540101,A01,8.2,7.75,,8.8,,,,,,
7340301,D01,8.25,,,7.2,5.2,,,,,
7819009,A01,7.75,7.8,,7.2,,,,,,
7480201,D01,6.25,,,8.2,7.2,,,,,
7380107,D01,7.4,,,7.2,8.75,,,,,
7340201,A00,7.6,8.25,6.75,,,,,,,
7520115,A01,6.5,6.6,,7.2,,,,,,
7510401,A00,7.5,7.25,7.0,,,,,,,
7810103,D15,,,,8.5,7.5,,,6.2,,
7510202,A00,6.8,6.5,7.25,,,,,,,
7510301,D01,7.4,,,4.8,5.25,,,,,
7340120,A01,8.2,7.0,,8.8,,,,,,
7340115,A00,7.75,8.0,8.0,,,,,,,
7340115,D01,8.25,,,7.6,7.8,,,,,
7220204,D01,8.0,,,8.2,7.5,,,,,
7510202,A01,6.75,7.2,,7.4,,,,,,
7510303,D01,5.25,,,7.2,6.0,,,,,
7480201,D01,8.2,,,6.6,7.25,,,,,
7480201,A01,8.6,7.0,,7.4,,,,,,
7510301,A00,7.4,5.75,5.25,,,,,,,
7420201,D07,7.0,,5.8,7.2,,,,,,
7540106,A00,7.6,6.0,7.5,,,,,,,
7480201,D01,7.92,,,7.4,7.8,,,,,
7520115,D07,6.25,,6.8,5.8,,,,,,
7510203,D01,6.25,,,6.6,7.2,,,,,
7340101,A00,7.75,7.75,7.6,,,,,,,
7480201,A01,8.2,6.5,,9.0,,,,,,
7480201,D07,8.25,,9.4,8.2,,,,,,
7819010,B00,6.0,,5.0,,,,6.6,,,
7819010,B00,6.75,,7.5,,,,6.8,,,
7340115,D01,8.5,,,7.2,8.4,,,,,
7540101,A00,7.75,7.5,8.2,,,,,,,
7540101,B00,8.0,,6.75,,,,7.8,,,
7340101,D01,8.0,,,7.4,8.0,,,,,
7850101,B00,7.2,,5.25,,,,4.25,,,
7510301,D01,7.2,,,7.6,5.0,,,,,
7480201,A01,8.8,6.5,,7.6,,,,,,
7380107,D01,8.2,,,7.6,7.0,,,,,
7540101,B00,8.5,,8.25,,,,7.4,,,
7220204,D01,8.0,,,7.6,8.25,,,,,
7819009,A01,6.25,6.0,,6.8,,,,,,
7340101,A00,7.8,8.0,8.5,,,,,,,
7510202,D01,5.5,,,5.2,7.8,,,,,
7540101,D07,7.6,,7.75,9.0,,,,,,
7380107,D01,7.4,,,5.6,8.75,,,,,
7510301,A00,8.0,6.5,6.5,,,,,,,
7340201,D01,7.0,,,9.0,7.5,,,,,
7510303,A00,6.5,5.5,6.8,,,,,,,
7510303,A00,7.0,5.0,5.5,,,,,,,
7340120,D01,7.0,,,7.8,6.4,,,,,
7540101,B00,8.0,,8.5,,,,8.75,,,
7510401,A01,6.0,5.6,,7.8,,,,,,
7220204,D01,7.25,,,7.4,6.4,,,,,
7340120,D01,6.8,,,8.4,9.0,,,,,
7480201,A00,7.25,7.75,7.4,,,,,,,
7480202,A00,6.75,5.0,6.6,,,,,,,
7540101,B00,8.5,,6.5,,,,8.2,,,
7340115,A00,8.0,6.5,8.0,,,,,,,
7340115,A00,7.75,8.5,7.8,,,,,,,
7340115,A00,8.0,7.75,8.2,,,,,,,
7340129,D01,7.0,,,7.4,7.5,,,,,
7510303,D01,8.6,,,6.6,7.0,,,,,
7340301,A00,6.75,6.0,7.4,,,,,,,
7510303,D07,6.0,,6.6,6.8,,,,,,
7340120,D01,7.6,,,8.6,6.75,,,,,
7340115,D01,8.0,,,7.4,8.5,,,,,
7540101,A01,6.25,7.2,,7.8,,,,,,
7810103,D01,7.8,,,7.6,7.5,,,,,
7810201,D01,7.0,,,7.2,4.8,,,,,
7340115,D01,8.25,,,8.4,6.8,,,,,
7340120,A00,8.0,8.5,8.4,,,,,,,
7810201,A00,6.75,6.75,7.6,,,,,,,
7510301,A00,7.8,6.25,6.25,,,,,,,
7340122,A00,7.75,7.0,7.6,,,,,,,
7480201,D01,7.75,,,6.4,8.0,,,,,
7340120,D01,7.25,,,7.4,8.0,,,,,
7220201,D01,8.2,,,8.8,7.75,,,,,
7540101,A00,9.2,7.0,8.25,,,,,,,
7810202,A00,7.0,6.0,6.8,,,,,,,
7340123,A01,7.8,7.5,,9.2,,,,,,
7480202,D07,8.5,,8.6,8.0,,,,,,
7810201,A00,7.5,7.5,7.6,,,,,,,
7810201,D01,7.0,,,9.0,7.25,,,,,
7810103,D01,7.0,,,7.0,5.6,,,,,
7340120,A01,7.6,7.0,,8.6,,,,,,
7540106,A00,7.2,6.0,6.75,,,,,,,
7340301,D01,7.25,,,7.0,7.0,,,,,
7420201,B00,7.2,,6.25,,,,6.0,,,
7540204,A00,8.0,6.25,6.75,,,,,,,
7480201,D01,7.0,,,8.2,8.0,,,,,
7480201,A00,8.6,7.0,6.5,,,,,,,
7810202,A00,7.5,8.25,8.2,,,,,,,
7510303,D01,8.25,,,6.6,6.0,,,,,
7810201,D01,7.25,,,6.8,4.4,,,,,
7540204,D01,7.6,,,5.2,7.25,,,,,
7420201,B00,6.25,,5.75,,,,5.6,,,
7810202,A00,8.4,7.75,7.25,,,,,,,
7480201,A00,7.8,6.75,8.0,,,,,,,
7540101,B00,8.75,,7.25,,,,8.2,,,
7340115,D01,8.5,,,7.0,7.2,,,,,
7340101,A01,8.0,7.4,,6.4,,,,,,
7380107,D15,,,,7.5,6.25,,,7.0,,
7480201,D07,7.25,,6.6,7.2,,,,,,
7220201,D01,8.5,,,8.0,6.6,,,,,
7340101,A01,8.0,6.8,,8.2,,,,,,
7220201,D09,7.2,,,8.2,,8.25,,,,
7810103,D01,6.5,,,7.8,8.2,,,,,
7810201,D01,7.2,,,8.6,7.0,,,,,
7380107,D01,7.5,,,8.4,7.2,,,,,
7540204,D01,5.75,,,6.6,7.4,,,,,
7340101,A00,8.4,7.5,8.5,,,,,,,
7340201,D01,8.25,,,7.0,5.4,,,,,
7510401,B00,7.2,,7.75,,,,8.25,,,
7510203,D07,8.25,,9.4,7.8,,,,,,
7340115,D01,8.5,,,7.0,7.2,,,,,
7480201,A00,7.0,8.25,7.8,,,,,,,
7810201,D01,8.25,,,6.6,7.4,,,,,
7340101,A00,8.25,7.5,8.2,,,,,,,
7540106,A00,7.2,6.25,7.5,,,,,,,
7340115,D01,8.0,,,8.0,7.8,,,,,
7819010,D07,4.5,,7.6,6.4,,,,,,
7480202,A00,7.2,5.5,4.75,,,,,,,
7340115,D01,8.75,,,7.8,6.2,,,,,
7480201,D01,8.75,,,8.2,7.4,,,,,
7340120,D01,8.25,,,7.4,7.0,,,,,
7220204,D09,9.0,,,6.8,,8.0,,,,
7819010,B00,7.0,,6.75,,,,7.0,,,
7340101,D01,7.5,,,7.0,9.2,,,,,
7510202,D01,6.0,,,6.6,6.8,,,,,
7340115,A00,7.5,8.25,8.6,,,,,,,
7540101,A00,8.0,8.0,6.6,,,,,,,
7480201,D01,8.5,,,7.8,6.8,,,,,
7420201,D07,7.6,,7.5,8.8,,,,,,
7480201,A00,8.0,7.25,7.75,,,,,,,
7810201,D15,,,,8.0,7.75,,,5.0,,
7480201,A01,7.5,7.6,,8.4,,,,,,
7220201,D01,7.25,,,7.0,6.8,,,,,
7540101,A00,8.4,8.25,7.5,,,,,,,
7220204,D01,7.8,,,7.6,7.5,,,,,
7340201,A01,8.6,7.75,,10.0,,,,,,
7340101,D01,7.25,,,6.6,7.2,,,,,
7810103,A00,7.4,7.0,8.5,,,,,,,
7540101,A01,8.0,7.0,,8.6,,,,,,
7340301,A00,8.0,7.75,8.0,,,,,,,
7220201,D01,7.0,,,6.2,9.0,,,,,
7340301,D01,8.5,,,6.4,6.2,,,,,
7420201,B00,7.6,,6.0,,,,6.5,,,
7510202,A00,7.25,6.75,5.6,,,,,,,
7220201,D01,7.5,,,8.6,7.2,,,,,
7380107,D01,7.4,,,7.0,8.5,,,,,
7220201,D01,8.2,,,9.4,8.0,,,,,
7480201,D01,8.6,,,6.8,8.0,,,,,
7510303,D07,7.25,,6.6,5.4,,,,,,
7510203,A00,5.25,4.75,6.4,,,,,,,
7480201,A01,8.0,7.0,,7.6,,,,,,
7340115,D01,7.75,,,7.4,7.2,,,,,
7510303,D01,7.25,,,7.6,6.4,,,,,
7420201,A00,7.0,6.0,6.75,,,,,,,
7340101,A00,8.0,8.0,7.0,,,,,,,
7340115,A00,7.75,6.5,7.8,,,,,,,
7810202,D01,7.0,,,7.2,8.0,,,,,
7220201,D01,6.4,,,8.6,8.25,,,,,
7340101,A00,7.5,7.5,7.6,,,,,,,
7480202,A00,7.5,6.0,7.4,,,,,,,
7510401,A00,7.6,7.75,8.25,,,,,,,
7340115,D01,7.75,,,7.4,7.0,,,,,
7480201,A00,8.75,8.5,8.2,,,,,,,
7420201,A00,7.5,7.25,7.8,,,,,,,
7810201,D15,,,,6.75,6.5,,,6.6,,
7810103,D01,7.0,,,7.0,7.4,,,,,
7480202,D01,7.75,,,7.4,7.2,,,,,
7850101,B00,6.75,,6.5,,,,6.6,,,
7480201,A01,7.5,7.8,,8.4,,,,,,
7220201,D01,7.8,,,9.2,7.25,,,,,
7810202,A00,7.6,7.25,7.5,,,,,,,
7510401,A00,7.0,7.75,8.2,,,,,,,
7810103,A01,7.2,6.75,,8.6,,,,,,
7810103,A01,6.75,6.8,,5.6,,,,,,
7480202,D01,6.0,,,5.4,6.2,,,,,
7340120,D01,7.4,,,8.4,7.25,,,,,
7510301,A00,6.4,5.5,6.25,,,,,,,
7540204,D01,8.25,,,7.8,6.6,,,,,
7340120,D01,8.75,,,6.8,8.0,,,,,
7480202,D07,7.5,,7.6,7.2,,,,,,
7480201,A00,7.8,7.25,7.5,,,,,,,
7480201,A00,8.2,6.75,8.0,,,,,,,
7340101,A01,8.2,8.0,,8.4,,,,,,
7480201,D01,7.75,,,6.8,7.8,,,,,
7340122,A01,7.5,7.8,,8.2,,,,,,
7380107,D01,7.75,,,6.8,7.2,,,,,
7340301,D01,7.5,,,7.2,6.0,,,,,
7510301,D01,7.5,,,6.6,7.4,,,,,
7510406,A00,5.5,5.25,5.6,,,,,,,
7540101,A00,7.0,7.75,8.0,,,,,,,
7340201,D01,8.75,,,8.6,6.6,,,,,
7340301,A00,7.4,8.5,7.0,,,,,,,
7510401,A00,8.0,7.5,7.75,,,,,,,
7480202,A00,6.75,7.25,7.8,,,,,,,
7420201,B00,6.0,,4.75,,,,6.75,,,
7510202,A00,5.25,5.75,6.8,,,,,,,
7340101,D01,8.0,,,7.4,7.0,,,,,
7510303,D01,5.8,,,7.4,5.25,,,,,
7220204,D01,8.5,,,7.6,8.2,,,,,
7810201,D15,,,,6.5,6.25,,,5.4,,
7340120,D01,8.75,,,6.2,7.6,,,,,
7540101,A00,7.25,8.0,7.6,,,,,,,
7819010,A01,5.75,9.2,,5.8,,,,,,
7480201,A01,8.25,8.6,,7.0,,,,,,
7340115,A00,6.75,8.25,7.6,,,,,,,
7810201,A01,7.6,6.0,,9.0,,,,,,
7520115,D01,7.0,,,7.8,7.6,,,,,
7810103,A00,7.4,7.75,7.75,,,,,,,
7340201,A00,7.8,7.25,8.25,,,,,,,
7480201,A00,8.25,7.5,8.4,,,,,,,
7480201,D07,7.25,,7.8,7.8,,,,,,
7480201,A00,7.5,7.0,6.8,,,,,,,
7480201,D01,8.0,,,8.8,7.25,,,,,
7540204,D01,4.2,,,8.8,6.0,,,,,
7510202,D01,6.2,,,6.0,7.25,,,,,
7540101,A00,7.75,8.0,7.8,,,,,,,
7480201,A01,8.0,6.75,,8.8,,,,,,
7480201,A00,8.25,7.5,7.6,,,,,,,
7340301,D01,7.2,,,8.8,7.5,,,,,
7480202,D01,6.8,,,5.0,6.0,,,,,
7540204,A01,7.75,6.8,,8.2,,,,,,
7540101,A01,7.5,6.4,,8.8,,,,,,
7340201,A01,6.5,7.2,,7.2,,,,,,
7510303,D01,6.0,,,4.2,7.0,,,,,
7340101,A00,7.6,7.75,8.25,,,,,,,
7540101,B00,7.5,,7.25,,,,8.2,,,
7340115,D01,8.0,,,7.4,7.0,,,,,
7510301,A00,6.75,8.0,7.4,,,,,,,
7510303,A00,7.0,6.0,6.0,,,,,,,
7340115,D01,8.0,,,8.8,8.0,,,,,
7340120,A00,8.5,8.0,7.6,,,,,,,
7480202,D01,5.4,,,5.8,7.25,,,,,
7510303,A00,7.0,6.25,5.25,,,,,,,
7540101,A00,7.0,8.25,7.8,,,,,,,
7220201,D01,9.0,,,7.2,7.6,,,,,
7480201,D01,7.5,,,7.8,7.8,,,,,
7340120,D01,6.25,,,7.8,8.2,,,,,
7480202,A01,7.5,6.8,,7.8,,,,,,
7380107,A01,8.0,7.0,,8.0,,,,,,
7340301,D01,9.25,,,7.4,5.8,,,,,
7810202,D01,7.2,,,8.8,7.5,,,,,
7340101,A01,9.0,7.75,,8.6,,,,,,
7480202,A00,8.0,8.5,7.8,,,,,,,
7340201,A00,8.2,6.5,8.25,,,,,,,
7480201,A01,8.0,8.0,,8.4,,,,,,
7340205,D07,7.25,,6.4,6.2,,,,,,
7810201,A00,8.2,7.25,7.75,,,,,,,
7340120,A00,7.8,8.0,8.5,,,,,,,
7340301,A00,5.75,7.0,8.0,,,,,,,
7340120,D01,7.5,,,7.6,8.0,,,,,
7540101,A00,8.5,7.25,7.8,,,,,,,
7340120,A01,7.75,7.2,,8.4,,,,,,
7510203,D01,5.75,,,5.6,7.8,,,,,
7480201,A01,7.75,6.0,,8.0,,,,,,
7340101,D01,7.4,,,8.8,7.75,,,,,
7340115,A00,7.25,8.75,8.0,,,,,,,
7340301,A01,6.5,7.6,,8.0,,,,,,
7380107,D01,6.5,,,6.8,6.8,,,,,
7540101,B00,7.5,,7.75,,,,8.2,,,
7340129,A00,6.25,7.75,7.4,,,,,,,
7510301,A00,7.0,5.0,7.5,,,,,,,
7510303,D01,6.25,,,6.6,4.8,,,,,
7420201,A00,7.6,7.0,7.0,,,,,,,
7510202,D01,6.75,,,6.4,5.2,,,,,
7340201,A00,7.0,8.0,8.6,,,,,,,
7480202,A00,7.5,5.5,7.4,,,,,,,
7340123,D01,6.8,,,5.6,6.5,,,,,
7510203,A00,4.25,8.5,6.0,,,,,,,
7540101,B00,8.0,,8.75,,,,7.4,,,
7480201,A01,7.25,7.8,,8.4,,,,,,
7340201,A00,7.25,7.5,7.4,,,,,,,
7340301,A00,7.4,7.75,7.5,,,,,,,
7480201,D07,8.2,,7.0,8.6,,,,,,
7480201,D07,8.2,,8.25,8.4,,,,,,
7340301,A00,6.75,7.75,7.4,,,,,,,
7380107,A00,7.8,7.25,6.75,,,,,,,
7510401,B00,8.5,,7.0,,,,7.6,,,
7540106,A00,7.2,5.0,7.25,,,,,,,
7340101,A00,8.2,7.75,8.75,,,,,,,
7510301,D01,6.6,,,6.6,7.0,,,,,
7380107,D01,8.5,,,7.6,5.4,,,,,
7340201,D01,7.25,,,7.4,5.8,,,,,
7340123,D01,8.0,,,5.6,4.2,,,,,
7510303,A00,7.75,7.5,8.0,,,,,,,
7480201,D01,8.2,,,7.2,7.5,,,,,
7510203,D01,7.0,,,4.0,6.75,,,,,
7510401,A00,7.0,7.25,6.0,,,,,,,
7510301,D01,7.0,,,7.6,6.0,,,,,
7340301,D01,7.0,,,7.4,5.8,,,,,
7340120,D01,8.5,,,7.4,6.6,,,,,
7480202,D01,7.25,,,7.2,9.2,,,,,
7480201,A00,7.25,7.0,8.0,,,,,,,
7380107,D01,6.5,,,7.0,6.2,,,,,
7340129,A00,7.0,7.25,8.0,,,,,,,
7510301,A00,7.2,5.75,6.75,,,,,,,
7340115,A01,7.25,7.2,,8.4,,,,,,
7340129,D01,7.5,,,8.0,6.0,,,,,
7340101,D01,8.5,,,6.6,6.2,,,,,
7340201,A00,7.5,6.0,7.0,,,,,,,
7340115,A00,7.6,8.75,8.5,,,,,,,
7340101,A01,8.0,7.4,,6.8,,,,,,
7340101,A01,8.2,7.0,,8.6,,,,,,
7420201,B00,5.25,,7.0,,,,7.0,,,
7340115,A01,8.6,7.25,,9.2,,,,,,
7540101,A00,7.5,7.75,6.6,,,,,,,
7340201,A00,7.75,8.5,7.0,,,,,,,
7340301,D01,7.5,,,8.0,7.4,,,,,
7220204,D01,7.8,,,7.8,7.75,,,,,
7220201,D01,7.5,,,7.0,7.8,,,,,
7340301,D01,6.8,,,7.8,8.5,,,,,
7510202,A00,6.25,7.25,7.2,,,,,,,
7810202,A00,8.0,6.0,8.25,,,,,,,
7810201,D01,6.25,,,7.4,6.8,,,,,
7810202,D01,6.75,,,8.2,6.0,,,,,
7220201,A01,6.75,8.0,,7.2,,,,,,
7510303,A01,7.0,8.6,,6.8,,,,,,
7340101,A00,7.0,7.5,7.8,,,,,,,
7340122,A00,6.75,7.25,7.8,,,,,,,
7340205,A00,5.0,6.0,7.0,,,,,,,
7340301,D01,7.4,,,7.2,7.75,,,,,
7510301,D01,6.6,,,4.6,5.5,,,,,
7480201,A01,8.0,7.75,,8.8,,,,,,
7510401,A00,7.75,7.75,7.6,,,,,,,
7810103,D15,,,,7.5,6.75,,,8.8,,
7340101,D01,8.25,,,6.8,6.6,,,,,
7340201,A00,7.0,6.75,7.4,,,,,,,
7480201,A00,7.8,7.25,7.0,,,,,,,
7340115,D01,7.75,,,6.8,8.0,,,,,
7340123,D01,7.0,,,6.6,7.0,,,,,
7340129,A00,7.25,7.75,8.2,,,,,,,
7510202,D01,7.25,,,6.6,7.4,,,,,
7340120,D01,8.2,,,8.8,7.5,,,,,
7810202,D01,7.4,,,8.4,7.75,,,,,
7540106,B00,6.8,,6.5,,,,7.25,,,
7220201,D01,8.4,,,7.4,7.75,,,,,
7510203,A00,7.0,6.0,8.0,,,,,,,
7480201,D07,8.25,,9.4,7.2,,,,,,
7810201,D01,7.25,,,7.4,5.4,,,,,
7510203,A00,7.4,7.25,7.25,,,,,,,
7340301,A00,8.0,7.0,7.5,,,,,,,
7480202,A01,8.4,6.5,,7.2,,,,,,
7480201,A00,8.0,6.75,8.25,,,,,,,
7340201,A01,6.75,7.2,,7.2,,,,,,
7220204,D01,6.5,,,7.2,8.6,,,,,
7810202,A00,7.6,7.0,7.75,,,,,,,
7340301,D01,7.0,,,7.2,8.8,,,,,
7340301,D01,7.75,,,7.6,6.2,,,,,
7510303,D01,8.25,,,7.2,3.8,,,,,
7340120,D01,8.25,,,7.0,8.2,,,,,
7480202,A00,6.4,6.75,7.0,,,,,,,
7380107,A00,8.0,7.75,5.5,,,,,,,
7340301,A00,6.5,6.75,7.2,,,,,,,
7810103,A01,7.5,7.2,,7.8,,,,,,
7340201,D01,8.0,,,8.2,7.5,,,,,
7480202,A01,7.5,8.6,,7.8,,,,,,
7819009,A01,7.25,4.8,,7.0,,,,,,
7380107,D01,7.75,,,8.2,3.0,,,,,
7510301,D07,8.25,,6.2,6.6,,,,,,
7220201,D01,8.25,,,8.2,8.2,,,,,
7540204,D01,7.5,,,7.2,5.2,,,,,
7510401,D07,7.6,,6.5,8.4,,,,,,
7510303,A00,6.75,7.75,6.6,,,,,,,
7340120,D01,9.0,,,6.8,6.4,,,,,
7340120,A00,8.75,7.0,7.6,,,,,,,
7420201,B00,7.4,,6.75,,,,5.5,,,
7340205,A00,6.25,6.0,7.6,,,,,,,
7380107,D01,7.8,,,5.0,8.5,,,,,
7340301,A00,7.0,7.75,7.6,,,,,,,
7340115,A00,7.0,7.5,7.8,,,,,,,
7480201,A00,7.5,8.25,7.8,,,,,,,
7340120,A00,7.25,8.75,7.2,,,,,,,
7380107,A00,5.5,6.5,7.4,,,,,,,
7340201,D01,8.2,,,9.2,5.75,,,,,
7810201,D15,,,,7.25,6.75,,,4.8,,
7220204,D01,8.0,,,8.2,7.5,,,,,
7540101,B00,8.5,,6.75,,,,8.6,,,
7480201,D01,6.0,,,7.6,8.8,,,,,
7810202,A00,7.0,7.5,7.6,,,,,,,
7340301,A00,7.5,8.5,7.4,,,,,,,
7510301,A00,7.0,5.75,5.25,,,,,,,
7380107,D01,6.75,,,7.4,6.2,,,,,
7480201,A00,7.25,6.5,7.2,,,,,,,
7340120,A01,8.0,7.75,,8.2,,,,,,
7380107,A00,6.75,7.75,7.6,,,,,,,
7220201,D01,7.0,,,7.2,7.2,,,,,
7480201,D01,8.0,,,8.4,6.25,,,,,
7480202,A01,8.5,9.6,,7.6,,,,,,
7220204,D01,7.25,,,7.4,6.6,,,,,
7480201,D01,7.25,,,7.0,7.6,,,,,
7480201,D01,7.0,,,8.2,7.4,,,,,
7510401,B00,7.25,,7.25,,,,8.6,,,
7340101,A01,8.6,7.25,,8.0,,,,,,
7340201,D01,7.0,,,8.2,7.5,,,,,
7340120,D01,7.5,,,6.8,7.0,,,,,
7380107,D01,7.0,,,7.8,7.5,,,,,
7540101,B00,8.5,,7.25,,,,8.2,,,
7380107,D01,8.25,,,8.0,7.0,,,,,
7340301,A00,7.75,7.0,8.2,,,,,,,
7480202,D01,7.0,,,7.4,5.6,,,,,
7340301,A00,8.2,7.0,8.0,,,,,,,
7340115,A01,7.5,7.8,,8.8,,,,,,
7540101,B00,8.0,,6.25,,,,7.0,,,
7810201,D01,6.8,,,7.8,8.5,,,,,
7540204,A00,7.0,6.25,6.0,,,,,,,
7220204,D01,8.5,,,7.0,6.4,,,,,
7220201,D01,8.0,,,7.0,8.0,,,,,
7520115,A00,5.75,7.5,6.0,,,,,,,
7480201,A01,7.5,8.8,,7.6,,,,,,
7340201,A00,7.6,7.75,7.75,,,,,,,
7340101,D01,6.75,,,8.4,5.8,,,,,
7340115,D01,7.75,,,7.8,7.2,,,,,
7510202,D01,6.8,,,3.4,6.0,,,,,
7220201,D01,8.0,,,6.8,8.0,,,,,
7340120,A00,7.0,7.75,7.8,,,,,,,
7340120,A00,8.6,6.75,7.75,,,,,,,
7540106,A00,8.0,6.5,5.25,,,,,,,
7480202,D01,5.8,,,6.8,6.5,,,,,
7510301,D01,7.25,,,5.4,3.4,,,,,
7480201,D07,7.5,,8.6,7.0,,,,,,
7540101,D07,7.6,,8.0,8.4,,,,,,
7340101,A01,7.5,8.0,,8.0,,,,,,
7380107,D01,7.75,,,7.0,6.4,,,,,
7540101,D07,8.0,,7.5,8.0,,,,,,
7340129,A00,7.0,7.75,7.6,,,,,,,
7220201,A01,8.2,7.25,,7.8,,,,,,
7810202,D15,,,,8.5,8.0,,,7.6,,
7510203,D01,7.6,,,5.4,7.0,,,,,
7340129,D01,6.25,,,6.2,6.8,,,,,
7340201,A01,8.6,7.25,,8.0,,,,,,
7340201,A01,7.25,8.6,,7.8,,,,,,
7810201,D15,,,,6.0,7.0,,,5.8,,
7340120,A01,7.0,7.6,,8.4,,,,,,
7340115,D01,9.0,,,7.6,5.2,,,,,
7510203,D01,7.6,,,6.8,7.0,,,,,
7510202,D01,6.75,,,5.6,4.0,,,,,
7340120,D01,8.0,,,8.4,8.0,,,,,
7480202,D01,5.8,,,3.6,6.25,,,,,
7340101,D01,7.4,,,8.2,7.75,,,,,
7220201,D01,7.5,,,7.6,7.0,,,,,
7380107,D01,7.0,,,7.2,6.2,,,,,
7510301,A00,7.5,7.75,7.6,,,,,,,
7510401,A00,7.6,6.25,7.5,,,,,,,
7480201,D01,8.0,,,7.8,8.0,,,,,
7540101,A00,8.25,7.75,8.0,,,,,,,
7480201,A00,7.25,7.25,8.0,,,,,,,
7340201,A00,8.2,7.5,7.5,,,,,,,
7340122,D01,8.25,,,7.4,8.8,,,,,
7380107,D01,7.25,,,7.6,6.4,,,,,
7510202,A00,8.0,5.25,7.0,,,,,,,
7810103,D01,8.25,,,7.6,8.6,,,,,
7380107,A00,7.0,8.25,8.2,,,,,,,
7810201,D01,8.0,,,6.0,8.5,,,,,
7510203,A00,6.0,4.25,7.0,,,,,,,
7340101,A00,7.25,7.75,7.6,,,,,,,
7540105,B00,4.25,,6.0,,,,5.8,,,
7540204,D01,7.0,,,5.6,7.0,,,,,
7340101,D01,6.0,,,7.4,7.8,,,,,
7480201,A01,8.4,7.75,,7.4,,,,,,
7380107,D01,8.0,,,7.2,5.0,,,,,
7480201,A00,8.6,6.5,7.5,,,,,,,
7510401,A00,6.6,5.75,8.0,,,,,,,
7510303,D07,6.5,,7.6,8.0,,,,,,
7340120,A00,8.5,6.25,7.8,,,,,,,
7340201,D01,8.0,,,9.0,6.25,,,,,
7220201,D01,7.8,,,7.0,8.25,,,,,
7510202,A00,6.6,6.0,6.25,,,,,,,
7340129,A01,7.25,7.6,,8.0,,,,,,
7520115,A00,6.0,4.25,7.4,,,,,,,
7540101,D07,8.6,,8.0,9.6,,,,,,
7380107,A00,6.0,7.75,6.6,,,,,,,
7340129,A00,6.5,6.25,8.4,,,,,,,
7510202,D01,7.25,,,5.4,5.6,,,,,
7480201,A00,7.8,7.75,7.25,,,,,,,
7540101,D07,8.2,,8.75,7.6,,,,,,
7480201,D01,7.8,,,8.2,7.0,,,,,
7340201,D01,8.5,,,7.0,6.6,,,,,
7540101,B00,7.0,,7.0,,,,6.8,,,
7480202,D01,8.25,,,8.0,6.2,,,,,
7380107,A00,7.8,7.5,7.25,,,,,,,
7810103,A00,7.4,7.0,8.0,,,,,,,
7340120,A00,7.0,8.25,7.0,,,,,,,
7340101,D01,7.8,,,7.8,7.75,,,,,
7480201,D01,8.0,,,8.8,5.75,,,,,
7220201,D01,8.4,,,8.8,7.0,,,,,
7540101,A01,7.0,6.6,,8.2,,,,,,
7340129,D01,7.0,,,9.2,7.0,,,,,
7340301,A00,6.75,7.5,7.6,,,,,,,
7810201,A00,6.75,8.0,7.2,,,,,,,
7340122,D01,7.0,,,6.8,8.6,,,,,
7420201,A00,7.2,6.5,6.5,,,,,,,
7480201,A00,7.25,8.0,8.0,,,,,,,
7540101,B00,7.5,,7.5,,,,7.8,,,
7340129,D01,6.75,,,6.6,4.6,,,,,
7340122,D01,8.75,,,7.6,6.8,,,,,
7540106,A00,6.75,6.75,8.4,,,,,,,
7340101,D01,7.0,,,6.6,7.4,,,,,
7340101,A00,7.25,7.75,7.6,,,,,,,
7540105,A00,5.5,6.25,8.2,,,,,,,
7510303,A00,6.6,5.75,5.75,,,,,,,
7510401,A00,6.4,7.0,8.75,,,,,,,
7340101,D01,7.5,,,6.8,7.0,,,,,
7340301,D01,7.6,,,9.2,6.75,,,,,
7540101,D07,8.0,,7.0,8.0,,,,,,
7540204,D01,6.8,,,4.2,6.25,,,,,
7380107,A00,7.8,6.75,8.0,,,,,,,
7480202,A00,6.4,5.75,5.0,,,,,,,
7340120,D01,7.25,,,8.0,6.2,,,,,
7340120,A00,6.75,7.5,7.0,,,,,,,
7340115,D01,7.5,,,7.8,8.4,,,,,
7220201,D01,7.4,,,9.0,7.75,,,,,
7340301,A00,8.25,6.5,8.6,,,,,,,
7850101,A00,8.6,5.75,6.0,,,,,,,
7810201,D01,7.25,,,6.4,6.6,,,,,
7510203,D07,6.25,,5.6,6.2,,,,,,
7480201,A00,7.0,7.75,7.6,,,,,,,
7510401,A00,7.8,7.5,7.75,,,,,,,
7540204,D01,6.75,,,8.2,6.8,,,,,
7340101,A00,8.0,7.75,8.25,,,,,,,
7340201,A00,7.0,7.75,8.2,,,,,,,
7340301,D01,6.75,,,7.2,8.8,,,,,
7340201,A01,7.8,7.25,,7.8,,,,,,
7340120,D01,8.25,,,6.6,8.0,,,,,
7340115,A01,7.75,7.8,,7.4,,,,,,
7340301,A00,7.25,8.5,8.0,,,,,,,
7340129,D01,6.5,,,8.0,7.8,,,,,
7340115,A00,8.5,6.75,8.6,,,,,,,
7340129,D01,7.4,,,6.6,6.5,,,,,
7420201,A00,7.2,7.0,7.25,,,,,,,
7340201,A00,7.25,7.75,7.6,,,,,,,
7810202,D01,7.8,,,8.8,6.5,,,,,
7480202,D01,7.25,,,7.2,5.8,,,,,
7510301,A00,7.8,6.75,7.25,,,,,,,
7420201,A00,5.75,8.25,7.2,,,,,,,
7420201,B00,6.75,,6.75,,,,6.8,,,
7540101,B00,8.0,,8.0,,,,7.6,,,
7340201,D01,7.75,,,6.8,7.0,,,,,
7480201,A00,6.5,8.25,8.6,,,,,,,
7480202,D01,7.4,,,6.8,5.25,,,,,
7340120,D01,8.5,,,6.2,8.6,,,,,
7510303,A00,7.5,7.25,7.6,,,,,,,
7540105,D07,6.6,,6.75,7.2,,,,,,
7340301,A00,8.2,7.0,7.75,,,,,,,
7520115,D01,5.75,,,6.8,7.4,,,,,
7510303,D01,6.75,,,7.2,7.2,,,,,
7340120,D01,8.5,,,6.8,6.4,,,,,
7540101,B00,7.25,,6.5,,,,6.8,,,
7540101,A00,7.5,8.5,6.8,,,,,,,
7380107,D01,9.2,,,7.6,6.5,,,,,
7819010,A00,6.5,6.0,6.0,,,,,,,
7340115,D01,8.25,,,7.2,8.2,,,,,
7340201,A00,8.5,7.0,6.4,,,,,,,
7340120,A00,8.0,8.25,7.6,,,,,,,
7540101,D07,8.75,,7.2,6.6,,,,,,
7340123,D01,7.0,,,5.8,6.5,,,,,
7810103,D15,,,,7.0,7.5,,,7.8,,
7810202,D01,7.4,,,8.8,7.75,,,,,
7340120,D01,8.0,,,5.4,8.0,,,,,
7480202,A00,5.75,6.75,6.8,,,,,,,
7810201,D01,7.0,,,7.6,6.4,,,,,
7340101,D01,8.2,,,8.0,8.17,,,,,
7510203,D01,6.0,,,7.0,5.6,,,,,
7810202,D01,6.6,,,8.4,7.0,,,,,
7480201,A01,7.75,6.8,,8.4,,,,,,
7220204,D09,7.75,,,6.8,,6.2,,,,
7340201,A00,7.25,7.75,8.4,,,,,,,
7340115,D01,9.0,,,7.2,5.8,,,,,
7510303,A00,7.0,6.75,6.5,,,,,,,
7810103,D01,7.6,,,6.8,8.0,,,,,
7220204,D01,7.8,,,8.6,7.0,,,,,
7340115,D01,7.75,,,8.0,9.2,,,,,
7510301,D01,5.0,,,5.2,6.75,,,,,
7220204,A01,7.4,7.0,,8.6,,,,,,
7340120,A01,6.75,8.4,,6.8,,,,,,
7480201,A01,6.25,8.0,,8.0,,,,,,
7340115,D01,8.25,,,7.4,8.2,,,,,
7480201,A00,8.0,7.75,8.25,,,,,,,
7480201,A01,7.4,6.75,,8.2,,,,,,
7540204,D01,6.8,,,5.8,7.25,,,,,
7340201,D01,8.75,,,7.2,6.0,,,,,
7480201,D07,7.0,,8.4,8.2,,,,,,
7420201,A00,7.6,7.25,6.5,,,,,,,
7810201,D01,8.0,,,7.6,4.6,,,,,
7520115,D01,7.25,,,6.6,6.8,,,,,
7510202,A00,8.2,8.25,7.0,,,,,,,
7340120,D01,7.4,,,7.6,8.0,,,,,
7380107,D01,8.75,,,7.0,7.2,,,,,
7380107,D01,7.6,,,8.4,7.0,,,,,
7810202,A00,8.0,7.5,8.0,,,,,,,
7480201,D01,8.25,,,7.6,7.0,,,,,
7510301,D01,6.75,,,7.2,6.8,,,,,
7480201,A00,7.25,8.0,8.0,,,,,,,
7540101,D07,8.2,,8.25,8.4,,,,,,
7380107,D01,7.75,,,7.2,7.2,,,,,
7340120,D01,7.75,,,8.6,7.0,,,,,
7819010,A01,7.25,5.8,,7.8,,,,,,
7510202,A00,7.0,6.0,7.8,,,,,,,
7420201,D07,7.5,,5.8,7.4,,,,,,
7340120,D01,8.5,,,7.2,5.4,,,,,
7480201,D07,7.75,,9.2,7.2,,,,,,
7480201,D07,7.25,,6.4,7.8,,,,,,
7510303,D01,6.4,,,5.8,8.25,,,,,
7520115,D07,6.25,,4.8,6.2,,,,,,
7220201,D01,6.25,,,7.0,8.2,,,,,
7340101,A00,7.75,8.25,8.0,,,,,,,
7510202,D01,5.6,,,4.8,5.75,,,,,
7340115,D01,8.25,,,7.6,8.2,,,,,
7510203,A00,6.25,7.75,7.4,,,,,,,
7819010,B00,4.75,,7.25,,,,6.0,,,
7480202,A00,7.0,6.5,6.25,,,,,,,
7220201,D01,9.0,,,7.0,7.2,,,,,
7340129,A00,6.6,6.75,7.75,,,,,,,
7340101,D01,8.6,,,8.0,7.75,,,,,
7480201,A01,8.0,8.4,,7.0,,,,,,
7540106,A00,7.4,6.25,8.5,,,,,,,
7810201,D01,5.5,,,7.2,5.8,,,,,
7540101,B00,8.4,,7.75,,,,8.25,,,
7540105,B00,7.6,,6.75,,,,6.25,,,
7810201,A00,7.8,6.75,7.5,,,,,,,
7480202,A00,8.0,7.5,7.4,,,,,,,
7340301,A00,8.25,7.75,7.4,,,,,,,
7340201,D01,7.0,,,7.4,6.6,,,,,
7340301,A00,8.2,6.75,7.75,,,,,,,
7480201,A01,6.5,8.0,,7.4,,,,,,
7480201,A00,6.75,8.25,7.6,,,,,,,
7540101,B00,7.5,,7.0,,,,7.8,,,
7380107,A00,7.8,5.0,8.0,,,,,,,
7380107,A01,7.4,7.5,,7.8,,,,,,
7480202,A00,6.2,5.5,7.5,,,,,,,
7340115,D01,7.6,,,9.0,7.5,,,,,
7480201,A00,8.5,8.0,7.8,,,,,,,
7480201,D01,6.5,,,5.8,8.8,,,,,
7540101,A00,8.4,8.0,7.5,,,,,,,
7340301,D01,7.6,,,6.4,8.25,,,,,
7540106,A00,7.8,7.25,6.0,,,,,,,
7810202,D01,8.0,,,6.6,5.8,,,,,
7380107,A00,8.8,6.75,6.0,,,,,,,
7480201,A00,7.0,7.0,7.2,,,,,,,
7340120,A00,8.2,8.0,8.25,,,,,,,
7510203,D01,6.75,,,7.4,6.8,,,,,
7850101,A01,8.8,7.75,,8.6,,,,,,
7810202,A00,7.25,8.25,6.6,,,,,,,
7340115,D01,7.75,,,8.0,6.8,,,,,
7340301,A00,8.0,6.5,7.5,,,,,,,
7340101,A00,7.25,7.0,6.8,,,,,,,
7460108,D07,7.75,,7.4,7.4,,,,,,
7480202,A00,6.8,7.5,6.5,,,,,,,
7480201,A00,7.75,7.75,7.0,,,,,,,
7810201,D01,7.8,,,8.0,7.75,,,,,
7380107,D01,7.6,,,8.0,6.0,,,,,
7510202,D01,7.4,,,4.2,5.25,,,,,
7340120,D01,8.5,,,7.6,8.0,,,,,
7510401,A00,7.5,8.75,8.2,,,,,,,
7340301,A00,8.2,6.75,7.75,,,,,,,
7340101,A00,6.0,7.5,7.8,,,,,,,
7810201,D01,7.0,,,7.0,6.4,,,,,
7480201,D01,7.25,,,7.2,8.2,,,,,
7510203,D01,7.5,,,7.4,6.0,,,,,
7340201,A00,7.8,6.75,7.75,,,,,,,
7510406,A00,5.0,5.25,6.4,,,,,,,
7510401,B00,7.0,,7.75,,,,5.0,,,
7480201,A00,6.75,8.0,6.4,,,,,,,
7810202,D15,,,,9.0,6.25,,,4.0,,
7480201,A00,8.75,6.75,8.4,,,,,,,
7340201,A01,8.2,7.75,,7.6,,,,,,
7510401,D07,6.75,,6.8,7.0,,,,,,
7540101,A01,9.0,8.2,,8.0,,,,,,
7540101,A01,7.0,7.6,,7.6,,,,,,
7540101,A01,7.25,8.2,,6.6,,,,,,
7520115,D01,7.4,,,3.8,5.0,,,,,
7340115,A00,8.5,7.75,7.2,,,,,,,
7510303,A00,8.0,8.0,8.0,,,,,,,
7480201,D07,7.75,,7.2,7.8,,,,,,
7810201,D01,6.5,,,6.6,5.4,,,,,
7510303,D01,7.5,,,7.0,5.6,,,,,
7340122,A00,7.5,8.0,7.2,,,,,,,
7340115,D01,7.25,,,8.0,6.8,,,,,
7340101,A00,7.75,6.75,7.4,,,,,,,
7340301,D01,7.4,,,8.6,7.5,,,,,
7810202,D01,6.6,,,7.8,8.5,,,,,
7340101,D01,7.25,,,6.6,7.0,,,,,
7510401,A01,4.75,5.0,,6.2,,,,,,
7540101,D07,8.0,,8.0,6.8,,,,,,
7340101,A00,6.5,7.5,7.8,,,,,,,
7480201,A00,6.25,8.25,8.0,,,,,,,
7340201,D01,7.5,,,7.8,6.4,,,,,
7540101,B00,7.75,,6.75,,,,8.8,,,
7420201,B00,6.2,,6.75,,,,6.5,,,
7220204,D09,8.5,,,7.6,,5.2,,,,
7340120,A00,8.25,8.0,8.4,,,,,,,
7540101,B00,7.5,,7.0,,,,8.0,,,
7480201,A01,8.25,7.6,,7.2,,,,,,
7340115,A00,7.25,8.0,8.6,,,,,,,
7340129,D01,8.0,,,6.6,7.2,,,,,
7420201,B00,7.8,,7.0,,,,5.75,,,
7540101,D07,7.5,,7.4,7.8,,,,,,
7340301,A00,8.0,7.75,8.0,,,,,,,
7340122,A00,6.75,7.0,8.0,,,,,,,
7220204,D01,8.75,,,7.4,7.6,,,,,
7810202,D01,7.4,,,9.0,6.75,,,,,
7220201,D01,6.75,,,7.0,7.8,,,,,
7480201,A01,8.0,7.8,,8.4,,,,,,
7540106,B00,6.75,,6.75,,,,6.2,,,
7810202,D01,6.75,,,8.2,6.6,,,,,
7540101,D07,8.4,,8.25,7.6,,,,,,
7340120,D01,8.0,,,7.8,8.0,,,,,
7380107,A00,7.4,7.0,7.5,,,,,,,
7810202,D01,7.0,,,8.0,7.8,,,,,
7340115,A00,7.0,8.0,7.8,,,,,,,
7340120,D01,7.75,,,7.6,8.8,,,,,
7380107,A00,7.2,7.5,7.0,,,,,,,
7340101,D01,8.0,,,7.0,7.0,,,,,
7340201,D01,8.0,,,7.2,7.4,,,,,
7510301,D01,7.0,,,7.4,7.4,,,,,
7340115,D01,8.75,,,7.0,6.6,,,,,
7480201,A00,7.6,7.25,7.75,,,,,,,
7480201,A01,7.0,8.8,,6.4,,,,,,
7540204,D01,7.0,,,5.8,7.0,,,,,
7480202,D01,7.0,,,3.2,5.5,,,,,
7340123,D01,7.25,,,6.4,4.2,,,,,
7340115,D01,7.5,,,7.8,7.8,,,,,
7480202,D01,5.8,,,6.0,7.0,,,,,
7340115,A00,8.0,8.5,7.4,,,,,,,
7819010,A00,7.75,4.75,6.2,,,,,,,
7510401,B00,7.5,,8.75,,,,7.6,,,
7510401,D07,8.4,,6.25,7.8,,,,,,
7340115,A01,8.0,8.2,,8.4,,,,,,
7340115,D01,8.4,,,8.4,8.25,,,,,
7510401,A00,8.2,6.75,8.0,,,,,,,
7819010,B00,6.25,,6.75,,,,5.4,,,
7340120,A00,7.5,7.25,7.6,,,,,,,
7340301,D01,8.0,,,7.8,8.8,,,,,
7480201,D01,7.0,,,9.6,7.75,,,,,
7340129,D01,7.25,,,7.8,7.0,,,,,
7480201,A00,7.25,7.25,7.6,,,,,,,
7340123,A00,6.6,6.75,7.75,,,,,,,
7810201,A01,8.4,7.75,,7.0,,,,,,
7480201,A01,7.75,8.0,,6.8,,,,,,
7520115,A00,6.5,7.25,7.0,,,,,,,
7810103,D01,7.4,,,7.4,7.5,,,,,
7540204,D01,7.4,,,5.2,5.25,,,,,
7420201,A01,6.5,8.0,,8.0,,,,,,
7480201,A01,8.0,7.6,,8.2,,,,,,
7510202,D01,5.25,,,6.6,5.4,,,,,
7380107,A00,7.0,7.5,7.8,,,,,,,
7510203,A00,7.2,4.75,4.5,,,,,,,
7340101,A01,8.0,6.8,,7.8,,,,,,
7540101,B00,8.5,,8.0,,,,8.2,,,
7810103,D01,7.25,,,7.2,4.6,,,,,
7220201,D01,6.8,,,9.4,7.5,,,,,
7510202,D01,7.0,,,6.0,4.4,,,,,
7340115,D01,7.5,,,8.0,8.0,,,,,
7340101,A00,7.0,8.0,8.0,,,,,,,
7340115,D01,8.5,,,7.6,7.4,,,,,
7340101,A00,7.75,7.0,7.4,,,,,,,
7540105,A00,6.4,5.25,6.25,,,,,,,
7510202,D01,7.0,,,8.2,2.8,,,,,
7540204,D01,7.6,,,7.6,7.0,,,,,
7810103,D15,,,,7.5,7.75,,,5.8,,
7510301,A00,5.8,5.25,6.75,,,,,,,
7340301,D01,7.0,,,6.2,6.6,,,,,
7540101,D07,8.6,,7.5,8.0,,,,,,
7340201,D01,7.6,,,8.8,7.25,,,,,
7810202,D15,,,,6.42,8.0,,,5.2,,
7540101,A00,9.0,6.25,8.8,,,,,,,
7380107,A01,6.8,7.5,,9.0,,,,,,
7340301,D01,7.5,,,6.6,6.6,,,,,
7480202,D01,6.0,,,5.4,6.6,,,,,
7510401,B00,7.6,,8.25,,,,5.75,,,
7340115,A00,7.75,8.0,8.6,,,,,,,
7340115,D01,8.75,,,6.8,6.8,,,,,
7340129,D01,7.0,,,7.6,6.8,,,,,
7340115,A00,8.75,6.75,8.0,,,,,,,
7510203,D01,6.2,,,7.6,6.75,,,,,
7510401,D07,8.0,,7.0,9.2,,,,,,
7220201,D01,7.4,,,8.2,7.75,,,,,
7480201,D07,7.8,,8.5,6.4,,,,,,
7510202,D01,6.8,,,3.8,6.5,,,,,
7540106,B00,7.0,,6.5,,,,7.4,,,
7340301,D01,7.6,,,8.8,8.25,,,,,
7510301,D01,9.0,,,5.0,7.0,,,,,
7340123,D01,6.2,,,4.4,7.0,,,,,
7540106,A00,7.2,7.0,7.0,,,,,,,
7340301,D01,7.4,,,6.6,8.25,,,,,
7220204,D01,7.8,,,7.0,7.75,,,,,
7340129,D01,8.0,,,6.0,7.6,,,,,
7220204,D09,7.75,,,7.6,,6.8,,,,
7540204,D01,7.0,,,7.2,8.0,,,,,
7340120,D01,8.75,,,7.0,7.0,,,,,
7340120,A01,8.4,7.5,,7.6,,,,,,
7340120,D01,8.25,,,6.8,7.4,,,,,
7340201,A00,7.5,7.75,8.4,,,,,,,
7340301,A00,6.25,8.75,8.6,,,,,,,
7340201,A00,6.5,7.5,7.4,,,,,,,
7340120,D01,8.75,,,7.6,7.8,,,,,
7380107,A01,7.8,6.75,,8.4,,,,,,
7520115,D01,7.75,,,6.2,5.6,,,,,
7340115,A00,7.0,7.5,8.0,,,,,,,
7380107,D01,9.0,,,9.0,6.5,,,,,
7340115,A01,7.5,8.8,,7.4,,,,,,
7340201,A00,5.75,7.75,7.6,,,,,,,
7220201,D01,7.75,,,5.8,8.6,,,,,
7540106,A00,8.0,7.25,6.75,,,,,,,
7510202,A00,7.4,6.75,5.25,,,,,,,
7340115,A00,8.0,7.5,7.8,,,,,,,
7340101,A01,8.0,7.5,,8.6,,,,,,
7340129,D01,8.0,,,8.2,7.2,,,,,
7220201,D01,7.6,,,8.8,7.0,,,,,
7480201,A00,7.5,6.5,7.2,,,,,,,
7420201,B00,6.4,,6.0,,,,4.75,,,
7340101,D01,9.5,,,7.6,5.6,,,,,
7810202,A01,7.4,7.0,,9.0,,,,,,
7420201,D07,8.5,,6.8,7.6,,,,,,
7220201,D01,7.6,,,8.4,6.75,,,,,
7480201,D01,7.25,,,7.6,8.2,,,,,
7340120,A00,8.25,8.0,9.0,,,,,,,
7340120,D01,8.75,,,6.8,8.0,,,,,
7380107,D01,7.25,,,6.8,6.8,,,,,
7420201,B00,7.2,,6.5,,,,7.25,,,
7340101,A00,6.5,7.0,7.0,,,,,,,
7340129,A01,6.5,6.6,,6.6,,,,,,
7510301,A00,6.0,6.25,6.75,,,,,,,
7480202,A00,6.0,7.5,7.8,,,,,,,
7510301,A00,8.4,6.75,7.0,,,,,,,
7220201,D01,8.5,,,7.8,6.8,,,,,
7340120,A01,8.25,8.0,,8.2,,,,,,
7340120,D01,7.25,,,7.8,7.0,,,,,
7810103,A01,7.2,6.5,,8.6,,,,,,
7380107,D01,7.0,,,7.4,5.6,,,,,
7340129,A00,6.0,6.25,7.6,,,,,,,
7340115,D01,8.5,,,7.0,7.8,,,,,
7340129,D01,6.5,,,8.2,7.2,,,,,
7340120,A00,7.8,8.0,8.25,,,,,,,
7420201,B00,7.25,,6.75,,,,7.2,,,
7380107,D01,7.75,,,8.4,6.2,,,,,
7810202,D01,6.75,,,8.0,7.8,,,,,
7340205,D01,8.0,,,7.2,7.6,,,,,
7340101,A00,7.5,8.25,7.6,,,,,,,
7510301,D01,8.4,,,5.0,7.75,,,,,
7540106,A00,7.8,7.5,8.5,,,,,,,
7850101,A00,6.75,6.25,7.0,,,,,,,
7510301,A00,6.25,6.0,6.8,,,,,,,
7540101,B00,7.75,,7.5,,,,7.8,,,
7340205,D01,6.25,,,5.6,8.0,,,,,
7510303,D01,6.25,,,7.6,6.2,,,,,
7510401,D07,6.75,,5.0,7.4,,,,,,
7340201,A00,7.5,8.0,7.4,,,,,,,
7340101,D01,8.0,,,8.0,5.4,,,,,
7520115,D01,7.8,,,6.6,7.5,,,,,
7810202,D01,8.5,,,7.6,6.4,,,,,
7480201,A01,6.25,7.2,,7.6,,,,,,
7540204,D01,8.0,,,5.6,7.25,,,,,
7220204,D01,8.2,,,9.2,6.75,,,,,
7340101,A00,7.75,7.5,7.2,,,,,,,
7340115,D01,7.75,,,7.4,7.0,,,,,
7510401,D07,7.75,,7.0,7.6,,,,,,
7220201,D01,7.6,,,8.8,7.0,,,,,
7810202,D01,7.0,,,7.4,7.6,,,,,
7380107,D01,7.8,,,6.6,7.25,,,,,
7220201,D01,7.2,,,8.6,8.0,,,,,
7340101,D01,8.25,,,6.4,7.8,,,,,
7480202,A00,8.6,6.5,7.0,,,,,,,
7480201,A00,8.2,8.25,8.0,,,,,,,
7340301,A01,7.2,8.0,,7.4,,,,,,
7380107,D01,6.25,,,6.2,7.4,,,,,
7480201,A00,7.75,7.25,8.4,,,,,,,
7510301,A01,6.25,7.4,,7.6,,,,,,
7510401,D07,8.25,,6.8,7.2,,,,,,
7819009,A00,6.0,6.25,6.2,,,,,,,
7340301,D01,7.8,,,7.6,7.0,,,,,
7810202,D01,7.25,,,7.0,5.6,,,,,
7340120,A00,8.0,7.25,8.75,,,,,,,
7810202,D15,,,,7.25,8.25,,,4.0,,
7540101,A00,8.6,7.5,8.5,,,,,,,
7340201,A00,8.2,6.75,8.0,,,,,,,
7480201,D07,7.2,,7.5,8.2,,,,,,
7340201,A00,8.25,8.25,8.0,,,,,,,
7340115,D01,8.25,,,8.0,6.8,,,,,
7340120,D01,8.5,,,7.0,6.8,,,,,
7340120,A00,6.75,8.5,7.8,,,,,,,
7510303,A00,4.75,5.25,7.4,,,,,,,
7380107,A01,7.75,8.0,,7.4,,,,,,
7340201,A00,8.0,6.5,8.0,,,,,,,
7510402,A00,6.75,6.5,6.6,,,,,,,
7340201,A00,6.75,7.5,7.2,,,,,,,
7810103,D01,6.75,,,7.0,8.4,,,,,
7340201,D01,6.5,,,6.0,7.8,,,,,
7510202,D01,4.8,,,7.0,5.25,,,,,
7510203,D07,7.0,,6.8,6.4,,,,,,
7340120,A00,7.8,7.5,8.5,,,,,,,
7340201,A00,7.0,7.75,7.4,,,,,,,
7480201,A01,8.5,8.0,,7.0,,,,,,
7480201,D01,7.25,,,8.2,8.6,,,,,
7340201,A00,7.25,7.75,8.6,,,,,,,
7340120,D01,9.0,,,8.0,7.4,,,,,
7480202,D01,5.4,,,5.4,6.5,,,,,
7480201,D01,8.0,,,8.0,6.5,,,,,
7510401,B00,6.0,,7.0,,,,7.2,,,
7380107,D01,8.5,,,7.0,5.0,,,,,
7340301,D01,7.2,,,7.4,8.0,,,,,
7380107,A01,6.75,8.0,,8.0,,,,,,
7510301,A00,6.4,5.75,5.5,,,,,,,
7340201,A01,7.0,8.0,,6.0,,,,,,
7340115,A00,8.5,6.5,7.8,,,,,,,
7480201,D01,8.25,,,7.0,8.4,,,,,
7340201,A00,8.8,7.0,7.5,,,,,,,
7340101,A01,8.4,6.75,,8.8,,,,,,
7480202,D01,6.25,,,7.6,7.6,,,,,
7340120,A01,8.0,7.5,,8.2,,,,,,
7480201,A00,7.25,7.75,7.8,,,,,,,
7340101,A00,7.25,7.75,7.6,,,,,,,
7340101,A00,7.0,6.75,6.8,,,,,,,
7340301,D01,7.6,,,7.8,7.25,,,,,
7810201,D01,7.5,,,7.2,7.4,,,,,
7810201,D01,8.0,,,7.2,6.0,,,,,
7480201,D01,7.75,,,8.0,6.6,,,,,
7340115,D01,8.25,,,7.6,7.4,,,,,
7510301,A00,6.25,5.75,6.4,,,,,,,
7380107,D01,7.5,,,7.8,7.4,,,,,
7220201,D01,7.6,,,8.6,7.25,,,,,
7220201,D01,7.2,,,8.8,8.0,,,,,
7540101,A00,7.5,7.5,8.0,,,,,,,
7480202,A00,6.5,6.75,6.6,,,,,,,
7340120,D01,7.0,,,6.8,8.0,,,,,
7340201,D01,7.75,,,7.2,7.0,,,,,
7480201,A00,6.5,7.75,7.8,,,,,,,
7810202,D01,8.5,,,7.2,6.8,,,,,
7850101,B00,6.8,,7.75,,,,6.25,,,
7510202,D01,5.5,,,7.6,8.0,,,,,
7810201,D01,8.25,,,8.8,6.4,,,,,
7340201,D01,7.8,,,8.6,7.0,,,,,
7380107,A01,7.8,6.0,,8.2,,,,,,
7810201,D01,6.25,,,6.8,8.0,,,,,
7340115,D01,8.2,,,7.4,8.25,,,,,
7510401,B00,7.6,,7.0,,,,7.25,,,
7340101,A00,7.0,7.5,7.4,,,,,,,
7380107,A00,7.8,7.25,8.75,,,,,,,
7220201,A01,7.4,7.5,,9.2,,,,,,
7810202,D01,7.4,,,7.6,7.0,,,,,
7510303,A00,8.4,7.0,7.5,,,,,,,
7510303,D01,8.25,,,7.2,7.0,,,,,
7220201,D01,6.8,,,9.2,7.5,,,,,
7340120,D01,8.25,,,7.8,7.8,,,,,
7380107,D01,6.8,,,7.6,7.5,,,,,
7480201,A00,6.25,7.75,7.8,,,,,,,
7480201,A00,7.4,7.0,8.0,,,,,,,
7420201,B00,8.0,,7.25,,,,5.75,,,
7520115,A00,5.75,5.25,8.0,,,,,,,
7810103,A00,5.75,7.75,6.2,,,,,,,
7340301,D01,9.0,,,7.0,5.4,,,,,
7480201,D01,7.0,,,8.2,8.0,,,,,
7540204,A00,7.6,6.0,4.75,,,,,,,
7810201,A01,7.8,6.5,,8.2,,,,,,
7480201,A00,7.75,7.5,7.4,,,,,,,
7340101,D01,7.2,,,8.8,7.0,,,,,
7340115,D01,8.75,,,7.2,7.2,,,,,
7540101,B00,7.75,,8.0,,,,7.0,,,
7340123,A00,6.5,6.75,8.0,,,,,,,
7340115,D01,8.0,,,6.8,7.8,,,,,
7810103,D01,7.0,,,7.8,7.75,,,,,
7480201,D07,7.0,,7.2,7.0,,,,,,
7510203,A00,6.5,7.0,7.6,,,,,,,
7340301,A00,8.0,7.5,7.5,,,,,,,
7510303,D07,7.0,,7.6,7.8,,,,,,
7810202,A00,6.5,6.75,7.6,,,,,,,
7480202,A01,8.2,7.5,,8.2,,,,,,
7510303,A00,6.25,6.25,9.0,,,,,,,
7340201,A00,6.75,7.75,6.6,,,,,,,
7380107,D15,,,,7.25,6.75,,,6.4,,
7340123,D01,6.4,,,8.0,6.75,,,,,
7380107,A00,7.6,6.75,7.25,,,,,,,
7340115,D01,8.75,,,7.6,7.2,,,,,
7340115,A00,8.25,8.75,7.6,,,,,,,
7540101,B00,7.0,,7.25,,,,8.2,,,
7510303,D01,7.5,,,8.2,6.8,,,,,
7480201,A00,8.6,8.0,6.75,,,,,,,
7480201,A00,8.6,6.75,8.0,,,,,,,
7480201,A00,7.0,8.25,8.2,,,,,,,
7340205,A01,6.25,5.8,,7.8,,,,,,
7540204,D01,6.5,,,7.4,4.6,,,,,
7220204,D01,8.0,,,6.2,8.5,,,,,
7540101,B00,9.0,,8.25,,,,8.0,,,
7340101,D01,8.0,,,6.6,7.8,,,,,
7480201,D01,7.5,,,6.8,9.2,,,,,
7340201,D01,8.0,,,8.0,8.4,,,,,
7480202,A00,7.25,7.5,8.0,,,,,,,
7340301,A00,7.75,8.25,7.0,,,,,,,
7340101,A00,8.2,7.5,8.25,,,,,,,
7340129,D01,7.5,,,7.0,6.2,,,,,
7340301,D01,7.25,,,7.8,6.4,,,,,
7540101,B00,8.0,,7.5,,,,7.4,,,
7510303,D01,6.2,,,7.6,6.25,,,,,
7340115,D01,7.75,,,8.0,7.4,,,,,
7480202,D01,5.75,,,5.8,6.2,,,,,
7220201,A01,7.5,8.0,,8.4,,,,,,
7380107,D01,8.25,,,7.4,7.0,,,,,
7540204,D01,5.2,,,6.4,6.5,,,,,
7340115,A00,8.0,8.25,8.4,,,,,,,
7340129,D01,6.75,,,7.4,4.8,,,,,
7340201,D01,7.0,,,7.8,5.2,,,,,
7340120,A00,8.25,8.0,8.0,,,,,,,
7340120,A00,7.5,8.5,7.8,,,,,,,
7510202,D01,8.0,,,7.0,7.2,,,,,
7480201,D01,8.25,,,8.4,6.2,,,,,
7380107,A00,8.6,7.25,7.0,,,,,,,
7850101,B00,7.6,,5.0,,,,6.5,,,
7220201,A01,8.4,7.5,,8.2,,,,,,
7340120,D01,8.0,,,7.2,7.2,,,,,
7220204,D01,7.2,,,7.8,7.75,,,,,
7480201,A01,7.25,7.6,,8.4,,,,,,
7340205,A01,7.5,7.6,,7.4,,,,,,
7380107,D01,7.25,,,8.0,7.6,,,,,
7480201,A00,6.5,9.0,7.4,,,,,,,
7340201,D01,7.25,,,6.8,6.6,,,,,
7480201,A01,7.5,9.2,,7.2,,,,,,
7510301,D01,6.4,,,7.4,6.5,,,,,
7220201,D01,7.4,,,9.0,7.5,,,,,
7510301,D01,6.4,,,5.8,5.75,,,,,
7520115,A01,6.0,5.4,,7.0,,,,,,
7340120,D01,7.5,,,8.4,7.4,,,,,
7510303,D01,6.6,,,6.4,5.75,,,,,
7480201,A01,7.2,7.5,,8.4,,,,,,
7510203,D01,5.4,,,6.2,6.25,,,,,
7340101,A00,7.5,6.5,7.4,,,,,,,
7340201,A00,7.0,7.25,6.2,,,,,,,
7540106,D07,6.5,,7.0,7.4,,,,,,
7340201,A01,7.0,7.4,,8.2,,,,,,
7480201,A00,7.25,8.25,8.4,,,,,,,
7340101,A00,8.25,7.75,7.8,,,,,,,
7340101,D01,7.0,,,9.0,8.75,,,,,
7510202,D01,6.25,,,5.0,5.8,,,,,
7340115,A00,8.25,8.5,8.0,,,,,,,
7380107,D01,7.4,,,7.0,7.5,,,,,
7340201,D01,7.25,,,6.4,7.8,,,,,
7340122,D01,8.25,,,7.4,7.2,,,,,
7220201,D09,7.75,,,7.8,,6.8,,,,
7510203,D01,6.75,,,7.0,4.6,,,,,
7340201,A00,6.5,7.0,7.2,,,,,,,
7340122,D01,8.75,,,7.8,6.4,,,,,
7510202,D01,6.6,,,4.2,7.75,,,,,
7220201,D01,8.0,,,7.4,6.8,,,,,
7340201,D01,7.2,,,8.4,8.75,,,,,
7510401,B00,8.25,,7.75,,,,8.0,,,
7340120,A00,7.25,7.25,8.6,,,,,,,
7510301,D07,7.0,,7.4,6.6,,,,,,
7220201,D01,8.75,,,8.0,6.6,,,,,
7510301,D01,7.8,,,5.8,5.75,,,,,
7810201,A00,5.0,6.25,7.0,,,,,,,
7220201,A01,7.8,7.25,,8.2,,,,,,
7220201,D01,8.5,,,7.4,7.8,,,,,
7340301,D01,8.6,,,6.2,7.5,,,,,
7340301,A00,7.4,7.0,8.25,,,,,,,
7510202,D01,7.2,,,4.6,6.5,,,,,
7340301,D01,8.6,,,6.2,8.0,,,,,
7480202,D01,6.4,,,6.4,8.0,,,,,
7480201,D01,7.4,,,7.4,7.25,,,,,
7380107,D01,7.8,,,8.2,6.5,,,,,
7220204,D01,8.75,,,6.2,5.8,,,,,
7340101,A00,7.75,8.0,7.4,,,,,,,
7340120,A01,7.75,8.6,,7.6,,,,,,
7340120,D01,8.75,,,8.0,6.4,,,,,
7480202,D07,7.6,,7.25,9.0,,,,,,
7340301,A01,8.4,7.75,,7.2,,,,,,
7340122,D01,8.0,,,7.4,7.0,,,,,
7220201,D01,7.5,,,7.0,8.6,,,,,
7510203,A00,5.75,6.75,7.0,,,,,,,
7340301,D01,8.2,,,5.8,8.75,,,,,
7220204,D01,8.5,,,5.6,6.8,,,,,
7480201,D01,7.2,,,8.2,7.5,,,,,
7510202,D01,6.25,,,7.6,6.4,,,,,
7480201,A01,7.75,7.8,,7.2,,,,,,
7510303,A00,6.8,5.0,7.5,,,,,,,
7220201,D01,6.5,,,7.4,8.8,,,,,
7340205,D01,7.5,,,6.8,5.0,,,,,
7540101,B00,8.25,,7.0,,,,7.6,,,
7380107,A00,7.75,7.25,8.4,,,,,,,
7540101,A00,7.6,7.25,8.5,,,,,,,
7810202,D01,6.6,,,9.0,7.5,,,,,
7340129,D01,8.0,,,7.4,7.0,,,,,
7850101,B00,7.6,,7.0,,,,6.75,,,
7510301,A00,8.25,7.0,7.0,,,,,,,
7340301,D01,7.0,,,7.6,6.4,,,,,
7480201,D01,6.75,,,8.0,8.2,,,,,
7340101,A00,6.5,7.75,8.0,,,,,,,
7510401,A00,7.0,6.0,6.75,,,,,,,
7340301,A00,7.5,7.5,8.2,,,,,,,
7480201,A01,7.5,7.8,,8.6,,,,,,
7480201,A00,8.6,7.25,7.25,,,,,,,
7510203,A00,6.4,5.25,4.5,,,,,,,
7340301,A00,6.75,6.25,7.2,,,,,,,
7220204,D01,7.75,,,6.0,7.2,,,,,
7540105,A00,6.75,6.75,7.2,,,,,,,
7380107,D01,6.75,,,7.0,7.2,,,,,
7510202,D01,5.2,,,5.8,6.0,,,,,
7340301,A00,7.2,7.75,9.0,,,,,,,
7340120,D01,7.25,,,7.2,6.8,,,,,
7340201,A01,7.8,8.0,,7.6,,,,,,
7510202,D01,7.5,,,7.6,6.6,,,,,
7340201,D01,7.5,,,6.6,7.4,,,,,
7480201,D01,6.8,,,9.2,7.0,,,,,
7510202,D01,6.5,,,7.0,3.4,,,,,
7340115,D01,8.75,,,7.2,7.8,,,,,
7220201,D01,7.4,,,9.6,6.75,,,,,
7810103,D15,,,,7.25,5.75,,,5.6,,
7340301,A00,7.6,8.25,7.25,,,,,,,
7380107,A00,7.8,6.75,7.5,,,,,,,
7220204,D01,8.0,,,7.8,7.2,,,,,
7540101,A00,6.75,7.75,8.2,,,,,,,
7340123,A01,7.5,6.0,,7.6,,,,,,
7220201,D01,6.75,,,7.2,7.8,,,,,
7340115,D01,7.75,,,8.2,7.4,,,,,
7220201,D01,7.8,,,8.8,7.0,,,,,
7340120,A00,8.0,6.5,8.2,,,,,,,
7480201,A00,8.0,7.75,7.4,,,,,,,
7510401,A00,7.5,8.5,7.6,,,,,,,
7480202,D01,7.75,,,6.6,4.4,,,,,
7540101,A00,7.0,6.25,7.4,,,,,,,
7540101,B00,8.2,,8.5,,,,8.25,,,
7340201,D01,6.75,,,7.8,6.6,,,,,
7340115,D01,7.5,,,8.2,8.4,,,,,
7540204,D01,6.5,,,7.2,3.0,,,,,
7540204,D01,7.4,,,4.4,6.5,,,,,
7220201,D01,7.5,,,6.0,7.6,,,,,
7340201,D01,7.6,,,8.2,8.5,,,,,
7340115,A01,8.25,7.8,,8.6,,,,,,
7340120,A00,7.25,8.0,7.2,,,,,,,
7540204,D01,6.6,,,9.6,7.5,,,,,
7340123,D01,6.4,,,4.8,7.5,,,,,
7340301,D01,7.75,,,7.6,6.2,,,,,
7340115,A00,8.0,8.0,8.2,,,,,,,
7510301,D01,5.2,,,5.4,6.75,,,,,
7340120,A01,7.8,7.0,,9.2,,,,,,
7380107,A01,8.2,7.5,,6.0,,,,,,
7540105,A00,7.2,7.0,7.75,,,,,,,
7380107,D01,7.0,,,6.6,7.25,,,,,
7480202,D01,8.2,,,8.0,7.25,,,,,
7340120,A00,6.75,7.5,7.8,,,,,,,
7540101,B00,7.75,,7.75,,,,7.8,,,
7380107,D01,8.0,,,7.2,6.5,,,,,
7480201,A01,6.5,7.2,,7.4,,,,,,
7510301,D01,7.25,,,7.4,7.2,,,,,
7340201,A00,8.6,7.25,7.25,,,,,,,
7220201,D01,7.6,,,8.0,8.5,,,,,
7420201,B00,4.75,,6.25,,,,6.2,,,
7340101,A00,8.4,8.0,8.0,,,,,,,
7850101,B00,7.0,,5.5,,,,5.5,,,
7340120,A01,8.2,8.0,,9.0,,,,,,
7340122,A00,7.75,7.25,7.0,,,,,,,
7540106,A00,6.5,7.0,7.4,,,,,,,
7540204,D01,7.4,,,8.4,7.5,,,,,
7340101,A00,7.25,6.25,8.4,,,,,,,
7220204,D01,8.25,,,7.2,6.0,,,,,
7340201,D01,7.0,,,7.2,8.4,,,,,
7220201,D01,7.4,,,8.6,7.75,,,,,
7540101,A00,8.0,7.25,7.4,,,,,,,
7810201,D01,6.75,,,6.6,5.6,,,,,
7420201,A01,7.5,8.4,,7.4,,,,,,
7340120,A00,8.6,7.25,7.75,,,,,,,
7480202,A00,6.25,8.0,8.6,,,,,,,
7480201,D01,6.0,,,8.2,6.6,,,,,
7810103,D01,6.75,,,4.8,8.0,,,,,
7340120,A00,7.4,7.5,8.25,,,,,,,
7480201,A00,7.75,7.5,8.0,,,,,,,
7520115,A00,6.25,5.25,7.4,,,,,,,
7220201,D01,7.25,,,8.0,8.2,,,,,
7380107,A00,7.6,6.75,7.5,,,,,,,
7540204,D01,6.4,,,5.4,7.75,,,,,
7340129,A00,5.75,5.5,7.0,,,,,,,
7510303,A00,7.0,7.25,9.0,,,,,,,
7220204,D01,8.0,,,8.4,7.5,,,,,
7340115,A00,8.25,7.75,7.4,,,,,,,
7510202,A01,6.25,5.8,,6.8,,,,,,
7340101,A00,7.0,7.75,7.4,,,,,,,
7340120,A00,8.0,8.5,7.6,,,,,,,
7340101,D01,7.2,,,8.4,8.25,,,,,
7810201,D01,8.0,,,8.0,7.5,,,,,
7510401,B00,6.6,,6.75,,,,3.5,,,
7220204,D01,7.75,,,6.8,6.4,,,,,
7340120,A00,8.2,7.25,8.0,,,,,,,
7540106,D07,7.2,,7.25,7.0,,,,,,
7480201,D01,7.0,,,7.4,7.75,,,,,
7340101,D01,7.25,,,7.0,6.8,,,,,
7220201,A01,7.5,8.4,,7.8,,,,,,
7460108,D01,6.5,,,7.2,6.6,,,,,
7340205,D01,7.0,,,6.6,6.4,,,,,
7480201,A00,8.0,7.75,8.0,,,,,,,
7810201,D01,7.8,,,7.0,8.0,,,,,
7480202,A00,7.75,6.5,8.2,,,,,,,
7510203,D01,8.0,,,5.6,7.0,,,,,
7480201,A01,8.0,7.5,,8.0,,,,,,
7540101,B00,8.5,,6.25,,,,7.4,,,
7810103,A01,7.0,8.0,,8.2,,,,,,
7340101,D01,8.4,,,8.4,6.75,,,,,
7510303,D01,7.5,,,7.0,7.0,,,,,
7340201,D01,7.0,,,9.6,7.25,,,,,
7480201,A00,6.75,7.5,6.8,,,,,,,
7220204,D01,7.0,,,8.8,7.25,,,,,
7340101,A00,6.25,8.25,8.6,,,,,,,
7380107,D01,7.5,,,8.4,7.6,,,,,
7480201,A00,7.0,7.75,7.6,,,,,,,
7480201,A00,7.0,8.5,7.8,,,,,,,
7540101,A00,8.5,7.5,8.2,,,,,,,
7540106,A00,8.4,6.75,8.25,,,,,,,
7340201,A01,8.2,7.25,,8.4,,,,,,
7480202,A00,7.2,6.5,6.5,,,,,,,
7810202,D15,,,,8.25,6.75,,,6.4,,
7540105,D07,5.75,,7.0,7.0,,,,,,
7480201,A01,6.8,6.5,,8.8,,,,,,
7510202,A00,7.6,7.25,7.5,,,,,,,
7480201,A00,8.2,6.75,7.5,,,,,,,
7540106,A00,7.0,6.5,6.75,,,,,,,
7340115,A01,7.0,7.8,,7.8,,,,,,
7340115,A00,8.8,7.5,8.0,,,,,,,
7340115,D01,8.75,,,7.8,7.0,,,,,
7510202,D01,7.5,,,4.8,4.4,,,,,
7480201,A00,7.4,7.75,7.75,,,,,,,
7340101,A00,7.5,7.5,8.2,,,,,,,
7340201,D01,7.0,,,7.0,8.0,,,,,
7480201,A01,7.75,7.4,,8.4,,,,,,
7480201,A01,5.75,7.6,,8.8,,,,,,
7340201,A00,6.25,7.5,7.6,,,,,,,
7220204,D01,8.25,,,7.4,7.6,,,,,
7480202,A00,8.2,7.25,7.75,,,,,,,
7340120,A00,7.5,7.75,6.6,,,,,,,
7520115,D01,7.25,,,6.6,3.6,,,,,
7480201,D01,7.25,,,7.8,6.4,,,,,
7510203,D01,7.4,,,5.4,6.5,,,,,
7810202,D01,8.0,,,8.2,6.75,,,,,
7340115,A01,8.25,9.0,,6.8,,,,,,
7480201,A01,6.25,8.0,,8.2,,,,,,
7220201,A01,7.2,7.0,,9.4,,,,,,
7340101,D01,8.25,,,7.4,6.6,,,,,
7480201,A00,8.6,6.25,7.5,,,,,,,
7340101,A00,7.75,6.75,8.8,,,,,,,
7850101,B00,6.5,,5.75,,,,6.2,,,
7510303,D01,5.4,,,4.2,7.5,,,,,
7220201,D01,7.4,,,7.8,8.5,,,,,
7510203,D01,7.25,,,6.2,5.8,,,,,
7380107,D01,8.0,,,7.4,7.2,,,,,
7340101,A00,8.2,8.5,7.25,,,,,,,
7340201,A00,7.25,7.75,6.8,,,,,,,
7510303,D01,5.4,,,7.0,7.0,,,,,
7480202,D01,8.2,,,3.8,6.0,,,,,
7340129,D01,7.0,,,6.8,8.0,,,,,
7540101,A00,8.4,8.0,8.75,,,,,,,
7220201,D01,7.8,,,9.6,8.25,,,,,
7340101,D01,8.25,,,7.6,6.2,,,,,
7460108,D01,7.0,,,6.2,5.6,,,,,
7810201,D01,7.25,,,7.4,4.0,,,,,
7510303,A00,7.2,6.75,4.25,,,,,,,
7480201,A01,7.8,7.0,,7.4,,,,,,
7810201,D01,8.0,,,7.8,6.6,,,,,
7510202,A00,7.0,6.5,7.5,,,,,,,
7520115,D01,7.0,,,7.2,5.2,,,,,
7340122,A00,7.5,6.75,7.6,,,,,,,
7480201,D07,7.25,,8.0,6.4,,,,,,
7380107,D01,7.25,,,7.6,7.4,,,,,
7340115,A00,7.5,8.25,8.0,,,,,,,
7220201,D01,7.2,,,7.8,8.25,,,,,
7340101,A01,7.25,8.8,,7.6,,,,,,
7220201,D01,8.2,,,9.0,7.5,,,,,
7340115,D01,7.25,,,7.8,8.4,,,,,
7810201,D01,6.5,,,7.8,6.8,,,,,
7480201,A00,8.4,7.75,7.25,,,,,,,
7810201,D01,7.75,,,7.0,8.6,,,,,
7850101,A00,7.6,7.5,7.75,,,,,,,
7220204,A01,7.25,6.4,,8.0,,,,,,
7810103,A00,7.0,7.75,7.4,,,,,,,
7340120,A01,6.75,8.2,,7.4,,,,,,
7340122,D01,7.25,,,7.4,8.0,,,,,
7540105,A00,7.75,7.5,7.2,,,,,,,
7340129,D01,7.5,,,6.0,6.2,,,,,
7480202,A00,7.25,7.0,7.2,,,,,,,
7380107,A00,8.0,8.5,7.5,,,,,,,
7220201,D01,7.8,,,8.4,8.0,,,,,
7520115,D01,7.25,,,6.4,7.6,,,,,
7480201,A00,7.75,7.5,7.6,,,,,,,
7340301,A00,8.0,7.5,7.75,,,,,,,
7420201,B00,7.8,,6.5,,,,6.75,,,
7340101,A00,7.5,6.25,8.4,,,,,,,
7540204,D01,6.8,,,5.8,6.75,,,,,
7340115,D01,8.5,,,6.8,7.6,,,,,
7380107,A00,6.0,6.75,6.6,,,,,,,
7510301,D01,7.5,,,7.2,6.8,,,,,
7340101,A01,7.25,8.6,,8.4,,,,,,
7540105,B00,7.6,,7.75,,,,7.0,,,
7480201,D01,7.8,,,8.8,6.5,,,,,
7540101,D07,8.0,,6.8,8.6,,,,,,
7480201,D01,7.75,,,7.6,7.6,,,,,
7340301,A00,6.75,7.25,7.6,,,,,,,
7510301,A00,6.5,6.75,8.0,,,,,,,
7220204,D09,8.0,,,8.6,,7.75,,,,
7340120,D01,8.0,,,7.8,8.5,,,,,
7540101,B00,7.25,,8.0,,,,7.0,,,
7480201,D07,7.5,,8.0,7.6,,,,,,
7510301,D01,8.0,,,7.2,7.0,,,,,
7340301,A00,7.25,8.25,7.8,,,,,,,
7480201,A00,6.5,8.25,7.8,,,,,,,
7220201,D01,7.2,,,9.2,7.5,,,,,
7380107,A01,6.6,7.0,,8.6,,,,,,
7480201,A00,7.0,7.75,7.5,,,,,,,
7480201,D07,7.25,,7.2,7.4,,,,,,
7510401,A00,7.8,5.75,6.0,,,,,,,
7540106,A00,7.2,7.75,7.5,,,,,,,
7480201,A00,7.8,8.25,7.5,,,,,,,
7480201,A00,7.0,7.25,7.8,,,,,,,
7220201,D01,8.0,,,5.6,7.6,,,,,
7340101,A00,7.75,7.75,8.4,,,,,,,
7510203,D01,7.0,,,7.0,7.6,,,,,
7510202,D01,7.5,,,6.6,3.8,,,,,
7340123,D01,7.0,,,4.4,7.0,,,,,
7340129,A00,7.6,7.0,7.0,,,,,,,
7340101,D01,8.0,,,6.8,8.6,,,,,
7340129,D01,7.25,,,7.2,7.2,,,,,
7340101,D01,8.25,,,8.0,8.4,,,,,
7220201,D01,8.0,,,8.6,7.75,,,,,
7220204,D01,7.2,,,8.8,7.75,,,,,
7480201,A00,8.25,8.0,7.2,,,,,,,
7340201,A00,8.2,8.0,7.0,,,,,,,
7340101,A01,7.75,7.6,,7.4,,,,,,
7340115,D01,8.0,,,6.8,7.6,,,,,
7480201,A00,8.2,6.75,7.75,,,,,,,
7540101,B00,8.5,,7.5,,,,7.6,,,
7480201,A01,8.0,7.0,,8.0,,,,,,
7380107,D01,7.75,,,7.8,7.6,,,,,
7480201,D01,7.25,,,7.4,6.4,,,,,
7380107,D01,7.2,,,8.6,6.0,,,,,
7220201,D09,8.25,,,6.4,,7.6,,,,
7510303,D01,7.0,,,6.6,7.4,,,,,
7540101,A00,8.0,8.5,8.2,,,,,,,
7480201,A00,6.75,7.0,7.8,,,,,,,
7520115,A00,7.0,7.25,6.75,,,,,,,
7480202,D01,6.5,,,6.2,8.0,,,,,
7340201,A00,7.0,7.5,7.6,,,,,,,
7510301,D01,7.75,,,7.2,7.4,,,,,
7510203,D01,6.0,,,5.4,6.25,,,,,
7220201,A01,7.0,8.8,,7.8,,,,,,
7380107,D01,8.25,,,6.6,7.0,,,,,
7510202,A00,7.8,7.0,7.0,,,,,,,
7480201,D01,7.75,,,7.2,6.8,,,,,
7819009,A01,6.0,5.4,,7.4,,,,,,
7480201,D07,8.2,,8.25,6.6,,,,,,
7510202,D01,6.75,,,8.0,3.4,,,,,
7340120,D01,8.0,,,7.8,6.2,,,,,
7480201,A00,7.5,8.0,7.6,,,,,,,
7480202,D01,6.4,,,6.4,6.0,,,,,
7480201,A01,7.75,8.2,,7.6,,,,,,
7340201,A00,6.5,7.5,7.2,,,,,,,
7480201,A00,8.0,8.0,7.75,,,,,,,
7340301,D01,8.0,,,7.4,7.75,,,,,
7510401,A00,6.0,7.5,7.4,,,,,,,
7510303,D01,7.8,,,6.0,7.25,,,,,
7340101,A00,7.8,8.25,7.75,,,,,,,
7540105,A00,7.6,7.25,7.25,,,,,,,
7810202,D01,7.5,,,7.2,7.8,,,,,
7340201,D01,6.75,,,7.0,7.2,,,,,
7540101,B00,7.5,,7.5,,,,8.6,,,
7510202,D01,6.0,,,6.8,5.8,,,,,
7380107,A00,8.25,7.0,8.6,,,,,,,
7480201,A00,8.25,8.75,7.8,,,,,,,
7340101,A01,8.4,7.75,,9.2,,,,,,
7810201,D01,7.5,,,7.0,5.2,,,,,
7340201,A00,8.2,7.25,7.5,,,,,,,
7810201,D01,7.0,,,6.8,6.2,,,,,
7540101,D07,6.5,,8.6,7.0,,,,,,
7510406,A01,5.0,4.6,,7.0,,,,,,
7480201,D07,8.4,,8.25,8.0,,,,,,
7810202,A00,8.25,6.5,6.8,,,,,,,
7340120,D01,7.4,,,8.8,8.5,,,,,
7810201,A00,7.25,7.0,7.0,,,,,,,
7810202,A00,7.25,7.75,7.8,,,,,,,
7340101,D01,7.0,,,7.0,7.6,,,,,
7340129,D01,8.25,,,7.8,5.4,,,,,
7220201,D01,7.75,,,7.4,8.6,,,,,
7340101,A00,8.0,7.75,7.5,,,,,,,
7510203,A00,7.25,7.75,8.2,,,,,,,
7510303,A00,7.8,7.25,7.5,,,,,,,
7380107,D15,,,,7.25,7.75,,,6.8,,
7510203,A00,7.5,6.25,7.8,,,,,,,
7340201,A00,8.5,6.75,8.2,,,,,,,
7340201,A00,6.5,6.0,8.2,,,,,,,
7380107,A00,8.8,6.75,8.25,,,,,,,
7340201,A01,8.0,7.0,,6.8,,,,,,
7380107,A00,8.2,6.75,7.5,,,,,,,
7510202,A00,7.8,5.5,7.0,,,,,,,
7510401,B00,7.25,,6.25,,,,6.4,,,
7810202,D15,,,,6.0,6.75,,,5.8,,
7480201,A00,7.5,8.0,7.8,,,,,,,
7510202,A00,6.0,4.75,5.75,,,,,,,
7340301,D01,7.8,,,8.6,5.75,,,,,
7540101,A00,9.2,7.25,8.0,,,,,,,
7810103,A01,7.4,7.0,,8.0,,,,,,
7810103,D01,7.6,,,8.4,7.0,,,,,
7340101,A00,8.0,7.25,8.5,,,,,,,
7220204,D01,9.25,,,7.6,7.0,,,,,
7340201,A00,8.0,6.25,7.4,,,,,,,
7380107,D01,8.0,,,7.2,5.0,,,,,
7340129,D01,7.5,,,7.8,6.8,,,,,
7480201,A00,8.0,7.25,8.4,,,,,,,
7819009,B00,4.75,,6.5,,,,5.0,,,
7340201,A00,7.6,8.5,8.5,,,,,,,
7810202,D01,6.75,,,8.4,4.8,,,,,
7480202,A00,7.6,5.5,5.75,,,,,,,
7480201,A01,6.5,7.8,,7.4,,,,,,
7380107,A00,7.6,7.75,7.5,,,,,,,
7340115,D01,7.0,,,7.2,8.2,,,,,
7220201,D01,7.25,,,7.0,8.4,,,,,
7480201,D01,7.75,,,7.8,5.2,,,,,
7510203,D01,5.0,,,4.6,8.25,,,,,
7340201,A00,8.2,7.75,7.25,,,,,,,
7420201,B00,8.25,,7.0,,,,6.6,,,
7220201,A01,7.0,6.8,,7.4,,,,,,
7340129,D01,7.0,,,6.8,5.2,,,,,
7540101,A00,6.75,7.25,8.4,,,,,,,
7480201,A01,8.0,8.4,,7.8,,,,,,
7380107,D01,6.6,,,8.4,7.25,,,,,
7340201,A01,8.25,6.8,,8.0,,,,,,
7380107,A00,7.0,7.0,8.0,,,,,,,
7510303,D01,7.0,,,7.2,5.8,,,,,
7510401,A00,7.0,7.5,7.2,,,,,,,
7510301,A00,7.25,6.75,7.2,,,,,,,
7340120,D01,8.0,,,7.2,7.6,,,,,
7510301,A00,5.0,7.75,7.0,,,,,,,
7380107,D01,7.5,,,7.6,4.4,,,,,
7340120,A01,7.5,6.8,,7.4,,,,,,
7480201,D07,8.25,,8.6,8.4,,,,,,
7810201,D15,,,,6.5,7.75,,,7.2,,
7480201,A00,7.75,6.5,8.8,,,,,,,
7340201,D01,7.75,,,8.0,7.2,,,,,
7340115,A00,7.75,7.75,8.4,,,,,,,
7340120,D01,7.8,,,8.0,7.5,,,,,
7480202,A01,7.0,6.4,,7.2,,,,,,
7540101,A00,6.75,7.0,6.8,,,,,,,
7340115,D01,7.8,,,8.8,8.25,,,,,
7340120,D01,7.6,,,8.2,7.5,,,,,
7810201,A00,7.25,8.0,7.4,,,,,,,
7540101,B00,8.2,,7.75,,,,8.0,,,
7480201,D01,7.2,,,9.0,6.75,,,,,
7220204,D01,8.25,,,6.2,6.6,,,,,
7480201,A00,6.75,7.25,7.2,,,,,,,
7510303,A00,7.8,6.0,8.0,,,,,,,
7340201,A00,6.5,7.0,8.2,,,,,,,
7380107,D01,6.0,,,7.8,9.4,,,,,
7420201,B00,8.0,,7.75,,,,7.2,,,
7220204,D01,7.6,,,8.4,8.25,,,,,
7340115,A00,8.0,8.25,7.4,,,,,,,
7340101,D01,8.0,,,7.4,6.8,,,,,
7340115,A00,8.25,7.25,8.0,,,,,,,
7810202,D01,6.8,,,7.0,8.25,,,,,
7340101,A00,7.75,8.75,8.0,,,,,,,
7480201,A00,7.8,6.75,8.0,,,,,,,
7340201,D01,7.0,,,8.2,7.75,,,,,
7480202,D01,6.5,,,8.0,7.4,,,,,
7340120,A00,7.0,7.5,8.0,,,,,,,
7810202,D01,8.0,,,7.8,7.0,,,,,
7340301,D01,8.0,,,6.6,8.0,,,,,
7510301,D01,6.8,,,3.6,7.5,,,,,
7380107,D15,,,,8.0,6.0,,,6.4,,
7480202,D01,7.2,,,7.0,6.25,,,,,
7340120,D01,7.4,,,8.8,8.25,,,,,
7480201,A00,7.25,7.25,7.4,,,,,,,
7340205,D01,7.0,,,7.2,6.0,,,,,
7340301,A00,6.8,7.5,8.0,,,,,,,
7520115,A00,5.25,5.75,6.8,,,,,,,
7850101,A00,7.0,5.75,6.5,,,,,,,
7480201,D07,6.8,,7.0,8.8,,,,,,
7340101,A00,8.2,8.25,8.75,,,,,,,
7480202,A00,7.0,7.0,6.8,,,,,,,
7540101,A00,9.0,8.75,8.75,,,,,,,
7520115,D01,5.75,,,5.8,5.4,,,,,
7220201,A01,7.75,7.6,,7.2,,,,,,
7220201,D01,7.5,,,6.6,7.8,,,,,
7340120,A00,7.0,7.5,8.4,,,,,,,
7480201,A00,8.2,7.5,8.0,,,,,,,
7810103,D01,5.75,,,7.2,8.2,,,,,
7480201,D01,8.5,,,8.6,7.2,,,,,
7540204,D01,5.6,,,5.2,5.75,,,,,
7510203,D01,6.8,,,6.0,6.5,,,,,
7380107,A00,7.4,7.25,7.0,,,,,,,
7340129,D01,6.5,,,7.8,8.4,,,,,
7340129,D01,6.4,,,7.2,7.0,,,,,
7510301,A00,7.5,7.5,7.6,,,,,,,
7340120,D01,7.75,,,7.6,6.6,,,,,
7510202,A00,7.2,5.5,5.25,,,,,,,
7220204,D01,7.6,,,8.8,7.5,,,,,
7480201,D01,6.5,,,8.4,7.6,,,,,
7520115,D01,8.0,,,5.4,7.0,,,,,
7340123,A00,6.25,8.0,8.0,,,,,,,
7810201,D01,6.25,,,7.6,5.6,,,,,
7510203,A00,7.8,7.0,8.25,,,,,,,
7380107,A00,7.2,6.5,8.25,,,,,,,
7340122,A00,8.25,6.75,7.8,,,,,,,
7510202,D01,9.0,,,7.0,4.4,,,,,
7220201,D01,8.4,,,9.0,7.25,,,,,
7510401,B00,6.2,,7.0,,,,5.0,,,
7220204,A01,8.0,8.6,,8.0,,,,,,
7850101,A01,6.4,5.75,,5.2,,,,,,
7510203,D07,7.5,,6.4,8.6,,,,,,
7420201,B00,8.0,,7.0,,,,7.0,,,
7340101,D01,6.0,,,6.6,8.4,,,,,
7340201,D01,8.0,,,8.4,6.4,,,,,
7510303,D07,6.75,,7.6,7.6,,,,,,
7220201,D09,8.75,,,6.2,,7.6,,,,
7340115,A01,8.0,8.0,,7.6,,,,,,
7480201,A01,6.75,8.0,,7.4,,,,,,
7420201,A00,7.2,6.0,5.0,,,,,,,
7340201,A00,7.0,7.5,7.8,,,,,,,
7340201,A00,8.2,8.25,7.0,,,,,,,
7340120,D01,6.8,,,9.0,7.5,,,,,
7480201,A00,7.5,7.25,7.2,,,,,,,
7220201,A01,7.25,9.0,,7.0,,,,,,
7540101,A00,7.0,7.5,6.8,,,,,,,
7480201,D01,8.5,,,8.0,6.2,,,,,
7540101,D07,8.25,,6.8,7.6,,,,,,
7540204,D01,6.0,,,6.6,7.25,,,,,
7380107,D01,7.0,,,7.6,8.75,,,,,
7480201,A00,7.0,7.25,7.4,,,,,,,
7510202,D01,6.5,,,7.6,6.0,,,,,
7420201,A00,7.25,7.5,7.4,,,,,,,
7510301,A00,7.8,5.5,8.0,,,,,,,
7340101,A00,6.5,7.75,7.8,,,,,,,
7510203,D01,4.5,,,5.6,5.4,,,,,
7510301,A01,7.4,6.5,,6.8,,,,,,
7340201,A00,6.25,7.25,7.6,,,,,,,
7510202,A00,7.25,7.25,6.0,,,,,,,
7220201,D01,7.75,,,7.2,6.6,,,,,
7220201,D01,8.75,,,6.8,8.4,,,,,
7380107,A00,5.0,7.0,7.2,,,,,,,
7340120,A00,8.0,8.0,8.75,,,,,,,
7510401,D07,7.5,,7.2,8.0,,,,,,
7510202,A00,8.0,4.75,7.25,,,,,,,
7850101,B00,7.5,,6.0,,,,6.8,,,
7340101,A00,7.25,8.0,7.6,,,,,,,
7510203,A00,5.2,6.75,4.25,,,,,,,
7810103,D01,8.25,,,6.4,6.0,,,,,
7510202,A01,8.2,6.25,,4.2,,,,,,
7850101,A00,5.8,4.5,6.5,,,,,,,
7340101,A00,8.0,7.0,8.2,,,,,,,
7420201,B00,8.0,,8.5,,,,7.6,,,
7420201,B00,6.5,,7.75,,,,6.8,,,
7510301,A01,6.6,4.75,,8.4,,,,,,
7220201,A01,6.0,9.2,,6.2,,,,,,
7540101,A00,7.75,7.75,7.2,,,,,,,
7480201,A00,6.5,7.25,7.6,,,,,,,
7510303,D01,7.5,,,7.2,6.2,,,,,
7510301,D01,7.25,,,6.2,6.2,,,,,
7510202,A00,8.2,6.75,6.75,,,,,,,
7540106,A00,7.0,7.5,7.25,,,,,,,
7340115,D01,9.0,,,7.8,5.8,,,,,
7810202,D01,7.6,,,8.6,7.0,,,,,
7340101,D01,7.8,,,8.6,7.0,,,,,
7340301,D01,7.5,,,7.8,6.4,,,,,
7220201,A01,7.5,8.2,,8.0,,,,,,
7340129,D01,7.5,,,7.0,6.2,,,,,
7340301,A00,8.2,7.5,8.0,,,,,,,
7480201,A01,8.0,7.0,,8.2,,,,,,
7340120,D01,7.75,,,8.4,7.4,,,,,
7819010,A00,5.5,5.75,8.0,,,,,,,
7340123,D01,7.0,,,6.8,5.2,,,,,
7510203,D01,6.0,,,6.4,4.2,,,,,
7460108,A00,6.25,6.25,7.6,,,,,,,
7480201,A00,7.8,6.75,7.5,,,,,,,
7540106,A00,7.0,7.25,7.0,,,,,,,
7480201,A00,8.25,7.5,7.6,,,,,,,
7810201,A00,8.0,7.25,8.25,,,,,,,
7340120,D01,8.25,,,6.4,6.6,,,,,
7510303,A00,7.6,6.5,6.25,,,,,,,
7220201,A01,6.25,8.8,,6.0,,,,,,
7480201,A00,7.5,6.5,7.4,,,,,,,
7220204,D01,8.2,,,8.2,7.0,,,,,
7510301,A00,7.6,5.0,6.25,,,,,,,
7540204,D01,7.6,,,5.2,6.5,,,,,
7810103,A00,7.75,7.0,8.2,,,,,,,
7540106,A00,7.6,5.75,4.75,,,,,,,
7540101,D07,7.8,,7.75,8.6,,,,,,
7340101,A00,7.75,7.75,8.0,,,,,,,
7540106,A00,8.2,6.5,6.5,,,,,,,
7480201,D01,7.0,,,8.8,7.0,,,,,
7340120,A00,6.5,8.25,7.8,,,,,,,
7480201,A00,7.8,7.0,7.25,,,,,,,
7510406,D07,6.5,,6.8,6.2,,,,,,
7480202,D07,7.8,,6.75,7.2,,,,,,
7510301,D01,7.6,,,7.6,7.0,,,,,
7380107,A00,7.25,7.5,8.0,,,,,,,
7340115,D01,7.75,,,8.4,7.4,,,,,
7510401,A00,7.2,6.75,8.25,,,,,,,
7340122,D01,6.5,,,7.6,7.8,,,,,
7340122,D01,8.25,,,7.2,6.4,,,,,
7340115,A00,6.75,8.25,8.4,,,,,,,
7220204,D01,8.0,,,9.4,7.25,,,,,
7340115,A01,8.75,7.4,,8.4,,,,,,
7340101,A00,8.6,7.0,8.25,,,,,,,
7340129,A00,6.75,7.25,8.0,,,,,,,
7810201,D01,7.6,,,6.2,8.0,,,,,
7540101,A00,7.75,7.0,6.6,,,,,,,
7540204,D01,7.8,,,5.6,8.0,,,,,
7520115,D01,6.25,,,6.4,5.8,,,,,
7340115,D01,9.0,,,7.8,7.4,,,,,
7540101,A00,7.0,8.25,8.2,,,,,,,
7810202,A00,7.6,7.25,7.5,,,,,,,
7810201,D01,7.4,,,7.2,9.0,,,,,
7480201,D01,8.5,,,7.2,7.8,,,,,
7380107,D01,8.2,,,8.4,5.75,,,,,
7480201,A00,7.4,6.5,8.0,,,,,,,
7810202,D01,7.6,,,8.8,7.25,,,,,
7510301,A00,7.6,5.75,6.5,,,,,,,
7540101,D07,8.25,,8.4,8.2,,,,,,
7810201,D15,,,,7.0,7.5,,,7.0,,
7340120,A00,8.25,7.5,7.8,,,,,,,
7340115,D01,8.25,,,8.0,8.0,,,,,
7510202,D01,6.5,,,5.6,6.4,,,,,
7220201,D01,7.4,,,8.2,7.5,,,,,
7340101,D01,8.0,,,8.4,6.4,,,,,
7510303,A00,7.4,7.0,8.0,,,,,,,
7510401,B00,7.5,,6.5,,,,6.2,,,
7340129,A00,6.5,8.25,7.6,,,,,,,
7220201,D01,6.6,,,8.2,8.0,,,,,
7540204,A00,6.8,5.75,6.25,,,,,,,
7510202,D01,6.5,,,7.4,6.2,,,,,
7480201,D01,7.4,,,7.4,8.25,,,,,
7810201,D01,6.5,,,5.4,6.0,,,,,
7480202,A01,7.6,7.75,,8.8,,,,,,
7340101,A01,7.8,8.75,,7.8,,,,,,
7510301,D01,6.2,,,5.0,8.0,,,,,
7340120,D01,8.25,,,7.6,8.0,,,,,
7810201,A00,5.25,6.0,7.2,,,,,,,
7480201,A01,6.6,8.0,,8.4,,,,,,
7340115,A00,7.25,8.25,8.4,,,,,,,
7540204,D01,7.0,,,6.4,5.75,,,,,
7340115,A00,8.25,7.75,7.8,,,,,,,
7340101,D01,7.6,,,7.6,8.25,,,,,
7340101,D01,8.0,,,7.4,6.4,,,,,
7340201,A01,8.8,7.0,,8.4,,,,,,
7510203,A00,6.8,6.5,5.25,,,,,,,
7220201,A01,8.4,6.25,,9.4,,,,,,
7819009,A00,5.75,4.5,7.2,,,,,,,
7340201,D01,8.5,,,7.4,6.6,,,,,
7340201,A00,7.25,7.75,8.8,,,,,,,
7460108,D01,5.5,,,5.8,8.4,,,,,
7220201,D01,7.5,,,7.4,7.6,,,,,
7540101,A00,7.75,7.75,7.4,,,,,,,
7340101,A00,7.5,6.75,8.2,,,,,,,
7220201,D01,7.75,,,8.2,8.4,,,,,
7340115,A00,7.5,8.5,8.4,,,,,,,
7480202,D01,6.2,,,2.8,7.0,,,,,
7510202,D01,5.6,,,7.2,6.5,,,,,
7340201,A00,7.5,8.0,8.4,,,,,,,
7540106,A00,5.6,6.0,6.75,,,,,,,
7340120,A00,8.0,7.5,8.0,,,,,,,
7480202,A01,6.6,6.5,,6.8,,,,,,
7340120,A01,7.75,7.8,,7.4,,,,,,
7510202,D01,7.8,,,6.4,5.5,,,,,
7510203,A01,8.0,7.0,,9.0,,,,,,
7510202,D01,7.4,,,3.6,5.0,,,,,
7480201,A00,8.0,8.0,7.0,,,,,,,
7510303,D01,6.75,,,5.8,7.2,,,,,
7420201,B00,6.8,,7.0,,,,6.5,,,
7510406,A00,4.5,6.0,7.0,,,,,,,
7480201,A01,6.75,6.6,,7.8,,,,,,
7480202,A00,7.4,6.0,8.25,,,,,,,
7340115,A00,7.25,8.0,7.6,,,,,,,
7340115,A00,7.25,6.5,8.4,,,,,,,
7340115,D01,9.25,,,7.2,7.6,,,,,
7340115,D01,8.25,,,8.4,8.2,,,,,
7540101,B00,7.25,,7.5,,,,7.8,,,
7380107,A00,6.75,7.5,7.4,,,,,,,
7510301,D01,6.6,,,5.6,6.25,,,,,
7480202,D01,7.75,,,6.6,8.0,,,,,
7480202,A00,6.75,5.75,7.8,,,,,,,
7340301,D01,7.5,,,6.4,6.4,,,,,
7540101,D07,6.5,,8.4,6.4,,,,,,
7480201,D01,6.75,,,8.0,6.2,,,,,
7810103,D01,8.0,,,7.0,7.8,,,,,
7510203,D01,6.2,,,8.4,6.5,,,,,
7540204,D01,6.75,,,8.0,7.8,,,,,
7340201,A00,8.4,7.5,7.25,,,,,,,
7810201,D01,7.0,,,8.4,8.5,,,,,
7510303,A01,6.6,7.75,,7.4,,,,,,
7810201,D01,7.4,,,7.0,8.25,,,,,
7510301,D01,5.8,,,6.6,4.0,,,,,
7340201,A00,8.25,7.75,8.2,,,,,,,
7380107,D15,,,,7.5,8.0,,,5.0,,
7510203,D01,6.6,,,6.6,6.25,,,,,
7340122,A00,8.0,8.25,6.4,,,,,,,
7510303,A01,7.5,7.0,,7.0,,,,,,
7340201,D01,7.5,,,7.8,7.6,,,,,
7480201,A00,7.75,8.25,6.2,,,,,,,
7510301,D01,6.6,,,4.2,5.75,,,,,
7340101,A00,8.4,7.75,8.0,,,,,,,
7540101,B00,8.0,,7.75,,,,7.8,,,
7420201,B00,7.6,,7.0,,,,6.0,,,
7480201,A01,6.75,7.6,,7.8,,,,,,
7420201,A00,6.5,7.25,7.8,,,,,,,
7220201,D01,8.0,,,8.2,8.0,,,,,
7850101,A01,5.0,4.6,,7.2,,,,,,
7480201,A00,8.4,6.75,7.5,,,,,,,
7540101,D07,8.0,,6.4,8.2,,,,,,
7420201,D07,6.8,,6.0,6.6,,,,,,
7340201,A00,7.4,7.0,8.75,,,,,,,
7380107,A00,8.4,8.0,6.25,,,,,,,
7380107,D01,7.5,,,6.4,5.8,,,,,
7810201,D15,,,,6.75,7.25,,,7.6,,
7510202,D01,7.5,,,6.2,4.0,,,,,
7340115,D01,8.0,,,8.4,7.4,,,,,
7340115,A00,7.0,8.75,7.8,,,,,,,
7540101,A00,8.2,8.0,8.5,,,,,,,
7340115,A00,8.6,7.5,8.0,,,,,,,
7510202,A00,5.25,6.25,7.0,,,,,,,
7810103,D15,,,,7.0,7.0,,,4.2,,
7340301,A00,5.75,6.75,7.4,,,,,,,
7850101,A00,5.75,5.75,6.2,,,,,,,
7220201,A01,7.6,7.75,,8.2,,,,,,
7810202,D15,,,,6.25,6.5,,,5.8,,
7340101,A00,7.0,7.5,8.0,,,,,,,
7480201,D07,7.0,,7.5,9.2,,,,,,
7810103,A01,6.25,7.4,,7.4,,,,,,
7340301,A00,8.0,5.25,7.2,,,,,,,
7340120,A01,7.0,7.6,,8.0,,,,,,
7340101,A00,6.5,7.75,7.4,,,,,,,
7220204,D09,8.5,,,7.4,,7.0,,,,
7340301,D01,7.25,,,6.2,6.4,,,,,
7340201,A00,7.8,7.0,8.25,,,,,,,
7480201,D01,6.75,,,7.6,9.0,,,,,
7340120,D01,7.75,,,8.2,8.2,,,,,
7420201,D07,6.0,,5.4,7.2,,,,,,
7340120,D01,8.2,,,9.2,7.5,,,,,
7540101,A00,7.5,8.0,8.0,,,,,,,
7340201,A00,7.5,8.0,7.2,,,,,,,
7420201,B00,6.6,,6.25,,,,6.25,,,
7340301,D01,6.25,,,7.8,5.8,,,,,
7480202,D07,6.75,,6.4,7.0,,,,,,
7510203,D01,5.2,,,7.2,8.75,,,,,
7510203,A00,7.5,7.0,8.2,,,,,,,
7340115,A01,7.5,8.6,,7.6,,,,,,
7810202,A00,6.5,8.25,7.8,,,,,,,
7340101,D01,7.0,,,8.4,8.0,,,,,
7340201,A00,7.75,8.0,7.6,,,,,,,
7340201,D01,7.25,,,7.6,6.4,,,,,
7340129,D01,8.0,,,6.0,4.2,,,,,
7810201,D01,7.0,,,7.2,6.2,,,,,
7510203,A00,6.8,6.0,6.5,,,,,,,
7340101,A01,6.75,7.4,,7.4,,,,,,
7340201,D01,6.25,,,8.2,7.6,,,,,
7510401,D07,7.0,,6.8,5.8,,,,,,
7460108,A00,7.75,7.0,6.6,,,,,,,
7810201,D01,7.0,,,7.6,5.4,,,,,
7340301,A01,7.6,7.75,,8.4,,,,,,
7480202,A01,7.2,5.5,,7.4,,,,,,
7340101,D01,7.2,,,8.2,8.25,,,,,
7340101,D01,7.75,,,7.4,6.8,,,,,
7340301,A00,7.5,7.5,6.2,,,,,,,
7540106,D07,7.6,,7.5,7.2,,,,,,
7540204,A00,6.6,6.25,6.75,,,,,,,
7220204,D01,8.25,,,7.0,5.4,,,,,
7340301,D01,8.75,,,6.4,6.0,,,,,
7220201,D01,8.2,,,9.0,7.25,,,,,
7380107,D01,6.8,,,6.2,8.0,,,,,
7220201,D01,6.5,,,7.0,8.4,,,,,
7540204,D01,6.75,,,6.4,7.6,,,,,
7480201,A00,7.75,7.5,7.2,,,,,,,
7340201,D01,8.0,,,8.6,6.75,,,,,
7819010,A00,6.25,6.25,6.0,,,,,,,
7480201,A00,7.75,8.25,7.4,,,,,,,
7480201,A01,7.5,6.8,,7.0,,,,,,
7340201,A01,6.0,6.8,,7.6,,,,,,
7220201,D01,7.8,,,8.2,7.0,,,,,
7340101,A00,7.25,8.25,8.2,,,,,,,
7340120,D01,7.8,,,8.4,7.25,,,,,
7340101,A00,6.75,7.5,6.8,,,,,,,
7340115,A00,8.0,8.25,7.8,,,,,,,
7819009,A01,6.0,5.2,,7.2,,,,,,
7810202,A01,5.75,7.0,,7.2,,,,,,
7340301,D01,7.25,,,7.6,6.6,,,,,
7420201,A00,7.75,8.0,8.0,,,,,,,
7480202,D01,7.0,,,7.6,5.6,,,,,
7810201,D01,7.6,,,6.6,7.75,,,,,
7810201,D01,8.0,,,6.8,7.4,,,,,
7540101,A00,7.25,6.75,7.4,,,,,,,
7810202,A00,7.0,8.75,7.2,,,,,,,
7810202,A00,6.5,7.0,6.8,,,,,,,
7340120,A00,7.5,8.25,8.2,,,,,,,
7340201,A01,7.25,6.8,,7.6,,,,,,
7340201,A00,7.8,7.0,8.5,,,,,,,
7340120,D01,8.5,,,7.8,8.8,,,,,
7220204,D09,8.5,,,7.0,,7.2,,,,
7480201,A01,7.6,6.75,,7.8,,,,,,
7480202,A00,4.75,7.5,5.6,,,,,,,
7510303,D07,7.0,,7.75,6.8,,,,,,
7810103,A00,7.25,7.25,7.4,,,,,,,
7480202,D01,6.2,,,5.6,5.25,,,,,
7340123,A00,8.5,7.0,7.4,,,,,,,
7220201,D01,6.75,,,7.6,7.4,,,,,
7510301,A00,6.8,5.0,5.75,,,,,,,
7540106,A00,7.6,5.75,6.5,,,,,,,
7340201,D01,7.5,,,6.8,6.0,,,,,
7510303,D01,6.6,,,5.2,6.0,,,,,
7340201,A00,8.4,6.75,8.75,,,,,,,
7340301,A00,7.0,7.5,8.2,,,,,,,
7340115,A00,7.75,8.25,8.0,,,,,,,
7340201,A00,6.75,7.25,6.8,,,,,,,
7540204,A00,7.4,7.5,8.25,,,,,,,
7510303,D01,7.0,,,4.8,7.5,,,,,
7510203,D01,8.6,,,8.6,6.0,,,,,
7480202,D07,7.4,,6.75,8.2,,,,,,
7340115,A00,6.75,8.5,8.2,,,,,,,
7340101,A00,6.25,7.75,6.6,,,,,,,
7220201,D01,8.4,,,7.2,7.25,,,,,
7540204,D01,8.0,,,8.0,7.25,,,,,
7810103,D01,8.5,,,7.2,4.0,,,,,
7340120,A01,7.5,8.0,,7.8,,,,,,
7480201,A00,8.4,7.75,7.75,,,,,,,
7810201,A00,8.0,7.25,7.25,,,,,,,
7340201,A00,8.2,8.0,8.25,,,,,,,
7340301,A00,7.8,7.0,7.75,,,,,,,
7540101,D07,8.2,,7.5,9.4,,,,,,
7220204,D01,8.75,,,7.6,7.0,,,,,
7340201,D01,8.4,,,7.2,7.25,,,,,
7810201,D01,7.8,,,6.6,7.75,,,,,
7480201,A01,7.25,6.4,,8.6,,,,,,
7340301,A01,6.0,9.0,,6.6,,,,,,
7340101,D01,7.8,,,9.0,7.0,,,,,
7810201,D01,6.5,,,7.0,4.0,,,,,
7420201,A00,6.75,6.5,7.2,,,,,,,
7810103,D01,7.0,,,6.6,5.6,,,,,
7480201,A00,8.8,7.0,7.0,,,,,,,
7340120,D01,8.2,,,8.4,7.5,,,,,
7340120,A01,8.0,7.8,,7.8,,,,,,
7850101,D07,7.8,,8.25,6.8,,,,,,
7510401,A00,7.0,6.5,7.75,,,,,,,
7819009,B00,7.0,,7.25,,,,6.6,,,
7480201,D07,6.25,,9.2,7.4,,,,,,
7340201,D01,6.8,,,7.4,8.25,,,,,
7340201,A00,6.75,7.75,8.0,,,,,,,
7480201,A00,8.75,6.75,7.6,,,,,,,
7540101,A00,6.5,6.75,8.8,,,,,,,
7540101,D07,7.25,,7.6,8.2,,,,,,
7220204,D01,9.5,,,7.0,6.6,,,,,
7340205,D01,7.0,,,7.6,5.8,,,,,
7380107,A01,8.2,7.0,,7.6,,,,,,
7510303,A00,6.6,6.5,4.5,,,,,,,
7540101,A00,8.2,7.75,7.75,,,,,,,
7810201,D01,5.75,,,6.0,6.4,,,,,
7340101,A00,6.5,6.25,7.8,,,,,,,
7540204,D01,8.0,,,6.0,7.75,,,,,
7220204,D01,7.2,,,9.2,6.58,,,,,
7420201,A00,7.8,6.25,5.0,,,,,,,
7510203,A00,7.25,7.0,7.2,,,,,,,
7340115,A00,7.5,8.0,7.2,,,,,,,
7480201,D01,7.5,,,6.6,7.2,,,,,
7480201,A00,8.0,7.0,7.2,,,,,,,
7510303,A00,7.75,8.75,8.0,,,,,,,
7340201,D01,7.0,,,7.0,5.8,,,,,
7510401,A00,8.4,7.0,7.5,,,,,,,
7380107,D01,7.4,,,7.8,7.0,,,,,
7220201,A01,7.25,8.0,,6.4,,,,,,
7420201,B00,5.0,,7.0,,,,3.8,,,
7810202,D01,7.75,,,7.2,6.6,,,,,
7810103,D01,7.25,,,6.2,7.0,,,,,
7220204,D01,7.4,,,8.2,8.0,,,,,
7420201,B00,6.5,,7.25,,,,7.0,,,
7540204,D01,6.75,,,7.4,7.6,,,,,
7480201,D01,6.5,,,8.4,7.8,,,,,
7480201,A00,8.0,6.25,8.5,,,,,,,
7340129,D01,7.25,,,7.4,7.2,,,,,
7340115,A01,8.25,7.6,,8.4,,,,,,
7510202,A00,7.4,4.5,7.25,,,,,,,
7340201,D01,8.0,,,8.6,6.0,,,,,
7510401,A00,7.0,5.0,6.2,,,,,,,
7340120,A00,6.5,8.0,7.0,,,,,,,
7340301,A01,7.6,7.0,,9.4,,,,,,
7540101,A00,7.2,7.75,9.0,,,,,,,
7540204,D01,7.2,,,4.2,7.5,,,,,
7480201,D01,8.0,,,7.6,8.6,,,,,
7340301,A00,7.0,6.5,7.0,,,,,,,
7340101,A00,6.75,7.75,7.2,,,,,,,
7340201,A00,7.5,8.25,7.8,,,,,,,
7850101,A00,7.6,5.5,5.75,,,,,,,
7480201,A01,6.5,7.2,,7.4,,,,,,
7220204,D01,7.75,,,7.6,5.6,,,,,
7340101,D01,9.25,,,6.8,7.0,,,,,
7480201,A00,7.5,8.0,7.0,,,,,,,
7380107,A01,7.8,7.25,,8.4,,,,,,
7340205,A00,7.0,7.0,8.0,,,,,,,
7380107,A00,6.5,7.25,7.6,,,,,,,
7810201,D01,7.0,,,8.2,7.25,,,,,
7810202,D01,7.6,,,6.4,8.75,,,,,
7340101,A01,8.0,7.25,,8.0,,,,,,
7220204,D01,8.5,,,7.6,7.0,,,,,
7819009,A00,5.75,7.0,7.6,,,,,,,
7540101,B00,7.5,,8.5,,,,8.6,,,
7340301,D01,7.6,,,6.4,8.75,,,,,
7340101,A00,7.8,8.25,8.0,,,,,,,
7480201,D01,7.0,,,8.0,7.4,,,,,
7480201,D07,8.2,,7.75,7.0,,,,,,
7480201,A00,8.5,8.0,8.2,,,,,,,
7510202,D01,6.08,,,7.8,4.2,,,,,
7340301,A00,7.75,7.75,8.2,,,,,,,
7480201,D01,7.75,,,7.8,6.2,,,,,
7510301,D01,7.2,,,7.2,6.75,,,,,
7810202,A00,7.6,7.75,8.0,,,,,,,
7810201,D01,6.75,,,6.4,8.4,,,,,
7340123,A01,7.5,8.2,,7.2,,,,,,
7340201,D01,7.25,,,6.6,7.8,,,,,
7340101,A01,8.0,7.25,,8.8,,,,,,
7510406,A00,8.4,7.5,5.0,,,,,,,
7340301,D01,8.0,,,6.8,8.5,,,,,
7380107,D01,6.75,,,7.0,6.2,,,,,
7340201,A00,7.5,7.25,7.4,,,,,,,
7480202,D07,7.25,,7.6,6.6,,,,,,
7510301,D01,7.0,,,7.4,6.0,,,,,
7340120,D01,7.0,,,7.8,8.6,,,,,
7340115,D01,8.5,,,7.4,6.8,,,,,
7810202,D01,8.6,,,7.2,7.25,,,,,
7340120,D01,7.5,,,7.4,7.2,,,,,
7510301,D01,5.0,,,6.8,4.4,,,,,
7340122,A01,7.25,7.6,,8.2,,,,,,
7340120,D01,7.0,,,8.4,7.75,,,,,
7510401,D07,7.0,,7.75,8.2,,,,,,
7340115,A00,7.25,7.0,8.2,,,,,,,
7340115,D01,9.0,,,6.4,8.4,,,,,
7340123,D01,8.0,,,7.2,5.0,,,,,
7850101,A00,7.0,6.75,7.4,,,,,,,
7540101,A01,8.4,8.5,,8.8,,,,,,
7480202,A01,8.0,6.75,,6.8,,,,,,
7340115,D01,6.25,,,8.2,8.0,,,,,
7819010,B00,6.75,,6.5,,,,8.2,,,
7480201,D07,7.8,,7.75,6.8,,,,,,
7510303,A01,8.0,6.6,,6.2,,,,,,
7340101,D01,8.0,,,7.6,6.8,,,,,
7480201,A01,8.2,7.0,,8.4,,,,,,
7340101,A00,7.75,7.5,7.8,,,,,,,
7510203,A00,7.75,7.75,7.8,,,,,,,
7340101,D01,7.5,,,7.6,7.4,,,,,
7480202,D01,6.5,,,7.8,6.8,,,,,
7340115,A00,6.5,8.0,7.6,,,,,,,
7540105,D07,8.0,,6.0,6.2,,,,,,
7510401,A00,8.0,7.75,7.5,,,,,,,
7510303,A00,6.6,5.25,8.0,,,,,,,
7340120,A01,7.75,6.6,,7.6,,,,,,
7510301,A00,8.25,6.5,8.2,,,,,,,
7480201,D01,6.6,,,8.4,7.5,,,,,
7340201,A00,7.4,8.0,7.75,,,,,,,
7340101,A01,8.4,7.25,,9.4,,,,,,
7340123,A00,6.75,7.5,6.6,,,,,,,
7340101,D01,7.6,,,8.2,7.75,,,,,
7510301,A00,7.25,8.25,7.0,,,,,,,
7380107,D01,7.6,,,7.4,7.75,,,,,
7380107,D01,8.25,,,6.4,7.2,,,,,
7340101,A00,8.4,7.75,8.25,,,,,,,
7480201,A01,7.5,8.0,,7.6,,,,,,
7510401,A00,7.25,6.5,6.4,,,,,,,
7510202,D01,7.25,,,6.2,4.4,,,,,
7340201,D01,8.0,,,7.0,5.4,,,,,
7850101,A01,7.6,6.25,,4.8,,,,,,
7510401,A00,8.2,7.0,7.75,,,,,,,
7340101,D01,8.5,,,7.0,5.8,,,,,
7480201,D01,7.75,,,6.2,7.0,,,,,
7340115,D01,7.75,,,8.2,7.2,,,,,
7510203,A00,6.6,4.75,6.25,,,,,,,
7810103,D01,7.2,,,7.6,7.75,,,,,
7480201,A00,8.0,8.0,7.4,,,,,,,
7510301,D01,6.6,,,5.2,6.0,,,,,
7340115,D01,9.0,,,8.2,5.8,,,,,
7510203,D01,7.0,,,4.6,7.25,,,,,
7510203,D01,8.0,,,8.2,7.0,,,,,
7480201,A00,8.25,8.5,8.4,,,,,,,
7480201,D07,7.25,,6.4,7.2,,,,,,
7340120,A01,7.75,8.2,,8.4,,,,,,
7520115,A00,4.75,6.25,6.8,,,,,,,
7220201,D01,7.6,,,9.4,6.25,,,,,
7220201,A01,7.75,8.2,,7.2,,,,,,
7340301,A00,7.0,8.0,7.2,,,,,,,
7510202,A00,6.4,4.5,5.0,,,,,,,
7480201,D01,7.25,,,6.8,7.2,,,,,
7480202,A00,7.75,7.5,7.4,,,,,,,
7340205,A00,6.5,8.5,6.4,,,,,,,
7540101,A00,8.25,8.0,7.4,,,,,,,
7380107,A00,8.25,7.5,7.6,,,,,,,
7480202,D01,7.75,,,7.4,9.0,,,,,
7510203,D01,7.0,,,8.0,6.0,,,,,
7480201,A00,7.0,6.75,7.6,,,,,,,
7340101,A01,6.75,8.8,,7.2,,,,,,
7540105,A00,7.6,6.75,7.25,,,,,,,
7340129,D01,7.75,,,7.6,6.6,,,,,
7540101,B00,6.75,,6.75,,,,8.0,,,
7340101,A00,8.4,7.5,8.0,,,,,,,
7340120,A00,8.0,8.75,7.4,,,,,,,
7810103,D15,,,,8.25,7.75,,,8.6,,
7340301,A00,5.75,6.75,8.4,,,,,,,
7340301,A00,8.6,7.75,7.75,,,,,,,
7510401,A00,6.5,7.0,6.4,,,,,,,
7510301,D01,6.5,,,5.4,5.6,,,,,
7510303,A00,7.4,5.5,6.5,,,,,,,
7220204,D01,7.75,,,7.2,6.2,,,,,
7480201,D01,8.0,,,6.8,7.0,,,,,
7340205,D01,8.25,,,7.0,5.8,,,,,
7810201,A00,5.75,6.25,6.4,,,,,,,
7510202,A00,7.0,5.25,6.0,,,,,,,
7340201,A00,6.5,7.5,6.8,,,,,,,
7420201,D07,7.75,,6.2,7.4,,,,,,
7480201,D01,7.4,,,8.6,7.75,,,,,
7510303,A00,5.75,6.75,8.0,,,,,,,
7220204,D01,7.0,,,7.8,8.0,,,,,
7340301,A00,7.25,8.0,7.2,,,,,,,
7510203,A00,6.5,6.75,7.0,,,,,,,
7510202,D01,6.0,,,7.2,5.4,,,,,
7510303,D01,7.8,,,4.4,7.0,,,,,
7340101,D01,7.8,,,8.6,7.0,,,,,
7380107,A00,7.5,7.25,7.8,,,,,,,
7540101,B00,8.0,,7.25,,,,8.0,,,
7340205,D01,7.0,,,6.8,4.6,,,,,
7540204,D01,5.4,,,5.2,7.0,,,,,
7510303,D01,5.5,,,7.0,5.8,,,,,
7540204,D01,8.0,,,7.4,4.8,,,,,
7510303,A01,7.75,7.0,,8.0,,,,,,
7480201,A00,7.5,7.5,7.0,,,,,,,
7220204,D09,6.4,,,8.2,,8.5,,,,
7810103,A00,7.25,7.25,8.4,,,,,,,
7340115,A00,7.75,8.5,7.6,,,,,,,
7340201,D01,7.6,,,8.0,7.0,,,,,
7480201,A01,6.75,6.6,,7.4,,,,,,
7340115,D01,8.75,,,7.0,6.6,,,,,
7340205,A00,6.5,6.75,7.0,,,,,,,
7540101,B00,6.5,,8.5,,,,6.8,,,
7220204,D09,7.8,,,7.2,,8.5,,,,
7340101,A00,7.5,8.0,7.6,,,,,,,
7480202,D01,6.0,,,6.8,6.75,,,,,
7340129,D01,8.25,,,6.4,7.0,,,,,
7510303,A00,8.2,6.75,7.25,,,,,,,
7510301,D01,5.2,,,4.2,8.5,,,,,
7340120,D01,7.2,,,8.4,8.5,,,,,
7340301,D01,6.0,,,6.0,8.0,,,,,
7810201,A00,6.5,6.75,7.4,,,,,,,
7810201,D01,5.75,,,7.2,6.6,,,,,
7810202,D15,,,,7.25,6.5,,,6.4,,
7540204,D01,7.0,,,4.4,7.0,,,,,
7480201,A00,6.75,6.25,7.6,,,,,,,
7480202,A01,5.5,6.4,,6.4,,,,,,
7540101,A00,8.0,8.5,7.6,,,,,,,
7340129,D01,7.5,,,7.4,5.0,,,,,
7510301,A00,7.0,6.5,6.0,,,,,,,
7480201,A00,6.5,7.75,7.2,,,,,,,
7340101,D01,9.0,,,6.8,7.6,,,,,
7220201,D01,7.6,,,7.2,8.25,,,,,
7220201,D01,7.8,,,9.2,6.75,,,,,
7819010,A00,6.75,7.25,8.0,,,,,,,
7810202,D01,8.2,,,8.8,7.0,,,,,
7340123,A00,7.0,7.5,7.0,,,,,,,
7480201,A00,8.6,7.75,8.25,,,,,,,
7510401,B00,6.4,,5.0,,,,4.25,,,
7810201,D15,,,,5.75,8.25,,,6.8,,
7380107,D01,8.5,,,7.2,6.8,,,,,
7340301,D01,9.0,,,7.2,7.4,,,,,
7510301,D01,7.5,,,7.2,7.0,,,,,
7540101,A00,8.2,7.5,8.75,,,,,,,
7340201,A00,8.0,6.75,8.0,,,,,,,
7340301,D01,7.2,,,8.4,6.75,,,,,
7510202,D01,6.6,,,8.4,6.5,,,,,
7380107,D01,6.75,,,7.8,7.8,,,,,
7220204,D01,8.5,,,7.0,7.2,,,,,
7340101,D01,6.75,,,7.4,6.4,,,,,
7220201,D01,8.2,,,8.2,7.75,,,,,
7380107,D01,6.4,,,7.4,7.5,,,,,
7480202,D07,7.25,,8.6,7.6,,,,,,
7340301,A01,8.2,7.0,,7.8,,,,,,
7220201,D01,8.0,,,7.2,8.5,,,,,
7480201,A01,7.2,7.5,,8.2,,,,,,
7510303,A00,7.5,7.25,8.0,,,,,,,
7819009,B00,4.5,,6.25,,,,7.2,,,
7540101,A00,6.75,7.5,8.0,,,,,,,
7810202,D01,6.4,,,7.6,8.25,,,,,
7340115,A00,8.0,7.75,8.5,,,,,,,
7510202,D01,6.6,,,3.6,6.5,,,,,
7340120,A01,8.0,8.6,,8.0,,,,,,
7540101,A01,7.25,7.6,,7.0,,,,,,
7510401,A00,6.0,6.25,7.8,,,,,,,
7810201,A00,6.5,7.5,8.0,,,,,,,
7340115,A01,8.25,8.0,,8.2,,,,,,
7340123,D01,7.25,,,6.8,5.6,,,,,
7220204,D01,7.8,,,7.4,7.5,,,,,
7340301,D01,7.5,,,7.2,6.2,,,,,
7380107,A00,7.2,6.25,8.5,,,,,,,
7510203,D01,6.0,,,4.8,6.5,,,,,
7380107,D01,8.25,,,6.8,6.2,,,,,
7480201,A00,7.6,7.0,7.75,,,,,,,
7220201,D01,8.0,,,7.8,6.6,,,,,
7340115,D01,7.5,,,7.4,9.2,,,,,
7540204,A00,7.0,6.25,5.25,,,,,,,
7480201,A01,7.8,7.25,,7.6,,,,,,
7510203,D01,7.25,,,5.2,5.0,,,,,
7220204,D01,8.75,,,7.8,7.2,,,,,
7220201,A01,8.4,6.75,,9.0,,,,,,
7340301,A00,8.4,8.25,7.75,,,,,,,
7510303,D01,7.8,,,6.6,7.0,,,,,
7340120,A00,7.0,7.75,7.6,,,,,,,
7340101,A00,6.5,8.0,8.4,,,,,,,
7810202,A01,7.0,7.2,,7.0,,,,,,
7510401,A00,6.5,7.5,8.0,,,,,,,
7510301,D01,7.0,,,4.0,6.0,,,,,
7340201,A00,7.0,8.25,7.8,,,,,,,
7220204,D01,8.6,,,8.0,7.5,,,,,
7480201,D01,7.0,,,7.2,7.0,,,,,
7540101,D07,7.5,,8.6,7.2,,,,,,
7540204,D01,7.0,,,5.2,8.5,,,,,
7340115,D01,8.25,,,7.6,7.6,,,,,
7420201,B00,7.5,,8.0,,,,5.4,,,
7480202,D01,6.8,,,6.2,7.0,,,,,
7340301,A01,7.5,8.0,,8.4,,,,,,
7380107,D01,7.0,,,8.0,5.8,,,,,
7340101,A00,8.4,7.75,7.75,,,,,,,
7340120,A00,6.0,8.5,7.0,,,,,,,
7810103,D15,,,,7.5,7.0,,,3.8,,
7480202,A00,6.5,6.25,6.4,,,,,,,
7810202,D01,7.0,,,8.2,8.0,,,,,
7480201,A01,6.25,7.4,,7.6,,,,,,
7510303,A00,7.0,4.5,6.25,,,,,,,
7810201,A00,7.0,7.75,8.6,,,,,,,
7540101,A00,8.4,8.0,8.0,,,,,,,
7340101,D01,8.0,,,7.0,6.0,,,,,
7380107,D01,8.0,,,6.4,8.0,,,,,
7220204,A01,7.25,8.0,,8.2,,,,,,
7220204,D01,7.0,,,10.0,7.5,,,,,
7340101,A00,7.8,8.5,7.25,,,,,,,
7510203,A00,6.4,3.75,6.5,,,,,,,
7220201,D01,7.6,,,7.4,8.5,,,,,
7480201,D01,8.0,,,8.8,7.5,,,,,
7340201,A00,5.75,7.75,7.0,,,,,,,
7340129,D01,7.5,,,5.8,5.8,,,,,
7810202,A00,8.4,7.0,7.25,,,,,,,
7480201,D07,8.2,,7.25,8.6,,,,,,
7340201,D01,8.5,,,8.0,6.0,,,,,
7340120,A00,8.0,7.0,7.75,,,,,,,
7480201,A00,7.4,7.75,8.5,,,,,,,
7510203,A00,6.25,6.25,6.0,,,,,,,
7340129,A01,7.4,8.0,,8.6,,,,,,
7340201,A00,7.75,8.5,7.2,,,,,,,
7340301,D01,6.75,,,6.4,7.6,,,,,
7340101,A00,8.0,8.5,7.8,,,,,,,
7540204,D01,6.5,,,8.4,4.4,,,,,
7220204,D01,8.4,,,8.2,8.25,,,,,
7480201,A01,8.8,6.25,,7.8,,,,,,
7480201,D01,7.6,,,9.0,6.75,,,,,
7510301,D01,7.0,,,5.6,6.5,,,,,
7220204,D01,7.0,,,7.8,8.25,,,,,
7540101,A00,7.0,7.25,8.6,,,,,,,
7220204,D01,7.4,,,7.2,9.0,,,,,
7819010,A01,6.75,5.8,,5.8,,,,,,
7380107,D15,,,,7.5,6.5,,,6.4,,
7540101,A00,7.0,6.75,7.0,,,,,,,
7340101,A00,8.25,7.0,7.2,,,,,,,
7480201,D01,8.0,,,7.0,8.4,,,,,
7510401,A00,6.25,4.5,7.0,,,,,,,
7220201,D01,6.25,,,8.0,9.4,,,,,
7480201,A00,7.5,7.75,8.0,,,,,,,
7540101,A00,8.8,7.5,8.5,,,,,,,
7510303,D01,7.0,,,6.4,6.2,,,,,
7480201,A00,8.2,7.75,8.0,,,,,,,
7340120,D01,6.25,,,7.2,8.2,,,,,
7380107,D01,7.25,,,6.2,5.8,,,,,
7340101,D01,7.25,,,6.8,8.4,,,,,
7380107,A00,7.8,7.25,7.75,,,,,,,
7420201,B00,4.5,,6.25,,,,5.8,,,
7810103,D15,,,,7.0,7.0,,,6.6,,
7810202,D01,7.4,,,7.6,8.5,,,,,
7340120,A00,7.5,7.5,8.2,,,,,,,
7340120,A01,7.8,7.5,,8.2,,,,,,
7510401,B00,7.8,,7.75,,,,6.75,,,
7480201,A01,8.0,7.25,,7.2,,,,,,
7810201,A00,8.2,7.25,7.75,,,,,,,
7380107,A00,7.0,7.0,6.8,,,,,,,
7340101,A01,7.0,8.0,,8.8,,,,,,
7420201,B00,6.8,,6.75,,,,6.25,,,
7510203,D01,7.8,,,7.4,6.5,,,,,
7510406,A00,5.0,6.0,5.6,,,,,,,
7480202,D01,7.2,,,6.0,5.75,,,,,
7380107,A00,8.2,7.25,6.75,,,,,,,
7540101,B00,8.0,,7.5,,,,7.8,,,
7340120,A01,7.75,8.4,,8.0,,,,,,
7340101,D01,7.75,,,6.8,7.2,,,,,
7819010,A00,6.75,6.0,6.8,,,,,,,
7340201,A00,8.4,7.0,7.25,,,,,,,
7480201,A00,8.8,6.75,7.75,,,,,,,
7810202,D01,7.5,,,7.4,5.0,,,,,
7220201,D01,7.0,,,7.8,6.6,,,,,
7510303,A00,6.75,6.25,8.0,,,,,,,
7380107,A01,7.25,7.2,,8.4,,,,,,
7340301,A01,7.2,8.0,,9.0,,,,,,
7340101,D01,7.5,,,8.2,5.8,,,,,
7810202,D01,8.0,,,7.0,5.8,,,,,
7340301,A00,7.75,8.0,8.4,,,,,,,
7380107,D01,7.2,,,6.8,8.5,,,,,
7340201,D01,7.5,,,6.0,7.8,,,,,
7340120,D01,7.25,,,7.8,7.2,,,,,
7420201,B00,6.25,,7.25,,,,6.0,,,
7510203,A01,6.0,4.75,,5.8,,,,,,
7810201,D01,6.25,,,6.6,7.0,,,,,
7340301,D01,7.8,,,8.6,7.0,,,,,
7380107,D01,7.4,,,7.8,7.0,,,,,
7810201,D01,7.6,,,7.8,7.5,,,,,
7340201,A00,8.6,6.75,7.5,,,,,,,
7340123,A00,5.0,7.5,6.6,,,,,,,
7810103,D01,4.5,,,7.4,6.2,,,,,
7340101,A01,7.5,7.0,,6.8,,,,,,
7480201,A00,7.75,7.25,7.6,,,,,,,
7810202,D01,7.0,,,7.4,7.2,,,,,
7420201,D07,6.4,,6.0,7.6,,,,,,
7340120,A00,7.75,7.75,8.4,,,,,,,
7340115,D01,8.75,,,7.6,8.4,,,,,
7340301,A00,7.75,8.25,8.2,,,,,,,
7540204,A00,8.2,6.0,8.25,,,,,,,
7340301,D01,6.75,,,7.0,6.8,,,,,
7510203,D01,8.25,,,7.4,6.0,,,,,
7510303,A00,7.0,6.5,6.8,,,,,,,
7810103,D01,7.0,,,6.6,6.4,,,,,
7510301,A00,6.75,6.25,7.6,,,,,,,
7340301,D01,7.0,,,7.0,6.8,,,,,
7540101,B00,7.8,,7.75,,,,8.25,,,
7340115,A00,7.75,8.25,8.4,,,,,,,
7340115,A01,8.25,7.6,,7.8,,,,,,
7340115,D01,8.0,,,7.8,6.4,,,,,
7510202,D01,6.5,,,7.4,4.8,,,,,
7480202,A01,6.75,5.4,,7.4,,,,,,
7220201,D01,7.75,,,7.0,7.4,,,,,
7810201,A01,6.25,5.8,,8.4,,,,,,
7340201,D01,7.8,,,8.8,7.5,,,,,
7540101,D07,7.25,,7.4,7.4,,,,,,
7810202,D01,6.75,,,7.6,8.2,,,,,
7380107,D01,8.8,,,8.0,7.75,,,,,
7340129,D01,7.0,,,7.4,7.0,,,,,
7340123,A00,5.75,8.0,7.4,,,,,,,
7340301,D01,8.5,,,7.8,5.4,,,,,
7340129,D01,6.4,,,7.8,6.25,,,,,
7510401,A00,5.75,7.75,7.2,,,,,,,
7480201,D07,7.75,,7.8,8.4,,,,,,
7220204,D01,7.4,,,7.4,7.75,,,,,
7480201,A00,7.75,7.75,7.0,,,,,,,
7420201,B00,7.0,,7.75,,,,7.2,,,
7510303,D01,6.6,,,5.6,5.75,,,,,
7220201,D09,8.5,,,5.4,,7.6,,,,
7510303,D01,6.6,,,3.6,7.0,,,,,
7810202,D01,7.6,,,6.6,8.75,,,,,
7220201,D01,8.0,,,8.6,7.0,,,,,
7340123,D01,7.25,,,6.2,6.8,,,,,
7340301,A00,8.6,7.0,8.0,,,,,,,
7819010,A00,7.75,6.75,6.6,,,,,,,
7340301,A00,8.4,6.75,7.75,,,,,,,
7340201,A00,8.2,7.0,8.25,,,,,,,
7480202,D01,6.5,,,7.8,7.8,,,,,
7510401,A00,7.6,6.25,8.0,,,,,,,
7810201,A00,8.2,7.75,7.5,,,,,,,
7340129,D01,7.5,,,6.8,5.8,,,,,
7340101,D01,7.25,,,8.0,6.8,,,,,
7810202,D01,7.0,,,7.2,7.4,,,,,
7480202,D01,8.0,,,5.6,5.25,,,,,
7340201,D01,8.75,,,7.2,5.6,,,,,
7220201,A01,8.0,8.5,,8.6,,,,,,
7340301,D01,7.8,,,8.0,7.5,,,,,
7220201,D01,8.0,,,7.4,8.0,,,,,
7420201,D07,7.75,,7.4,7.8,,,,,,
7510203,A01,7.6,7.0,,7.8,,,,,,
7340301,D01,6.25,,,6.8,8.0,,,,,
7510301,D07,6.8,,5.75,5.4,,,,,,
7540101,A00,7.25,6.75,7.4,,,,,,,
7510203,D07,6.6,,6.75,7.2,,,,,,
7340301,A00,7.5,8.25,7.8,,,,,,,
7850101,A00,6.6,6.5,5.0,,,,,,,
7340122,D01,7.0,,,7.6,7.4,,,,,
7340129,D01,5.2,,,7.6,7.75,,,,,
7480201,D01,8.5,,,5.8,6.8,,,,,
7850101,A00,6.8,5.0,5.25,,,,,,,
7819010,A00,7.5,7.0,7.2,,,,,,,
7340115,A00,7.5,7.25,7.6,,,,,,,
7340301,D01,8.25,,,7.4,6.0,,,,,
7340120,D01,7.5,,,7.8,8.0,,,,,
7540101,A00,7.25,8.0,7.6,,,,,,,
7540101,B00,8.25,,7.5,,,,8.4,,,
7480201,D01,7.2,,,8.2,7.0,,,,,
7380107,A01,8.0,8.0,,7.6,,,,,,
7340301,A00,7.6,7.25,8.0,,,,,,,
7340301,D01,7.8,,,7.6,7.75,,,,,
7340101,D01,6.16,,,7.8,6.6,,,,,
7340301,A00,8.5,6.0,7.8,,,,,,,
7340120,A00,8.0,7.0,8.0,,,,,,,
7340201,D01,6.8,,,8.4,8.0,,,,,
7340201,A01,6.5,8.2,,8.0,,,,,,
7510401,D07,6.6,,8.25,7.6,,,,,,
7510301,A00,6.0,4.25,6.8,,,,,,,
7340201,A01,8.2,7.0,,8.2,,,,,,
7480201,D07,7.75,,8.2,7.4,,,,,,
7420201,B00,5.75,,7.0,,,,5.8,,,
7420201,B00,6.75,,8.0,,,,6.2,,,
7340201,A00,8.0,6.25,8.75,,,,,,,
7340101,D01,7.8,,,8.4,8.25,,,,,
7220201,D01,7.0,,,7.2,8.8,,,,,
7340129,A00,8.2,6.0,7.5,,,,,,,
7340120,A01,7.75,7.6,,7.4,,,,,,
7540106,A00,7.2,7.5,3.75,,,,,,,
7340101,D01,8.75,,,7.2,5.2,,,,,
7380107,D01,6.6,,,7.2,8.25,,,,,
7480202,A00,7.75,6.5,7.6,,,,,,,
7340115,D01,7.0,,,7.8,8.4,,,,,
7220201,D09,9.25,,,7.0,,8.0,,,,
7810201,A00,8.0,8.25,7.2,,,,,,,
7420201,B00,7.0,,7.0,,,,7.75,,,
7340129,A00,7.0,5.75,8.0,,,,,,,
7340120,D01,7.25,,,7.4,7.2,,,,,
7540101,A00,9.2,7.75,7.75,,,,,,,
7810202,A01,8.4,7.5,,8.4,,,,,,
7810103,D01,7.5,,,5.6,5.0,,,,,
7340115,A00,8.25,6.75,7.6,,,,,,,
7810202,D01,7.8,,,8.6,6.5,,,,,
7819010,A00,6.0,6.5,8.4,,,,,,,
7810103,D01,7.5,,,7.6,8.4,,,,,
7510202,A00,5.75,7.0,6.0,,,,,,,
7810103,D01,7.0,,,8.0,8.0,,,,,
7480201,A00,7.6,6.25,8.25,,,,,,,
7340301,A00,7.6,7.25,7.25,,,,,,,
7340129,D01,7.6,,,6.8,6.5,,,,,
7420201,B00,7.5,,8.25,,,,8.0,,,
7420201,A00,6.6,5.25,6.5,,,,,,,
7340101,D01,8.25,,,7.4,6.6,,,,,
7380107,D01,7.8,,,6.4,8.0,,,,,
7510301,A00,7.0,5.0,6.25,,,,,,,
7380107,D15,,,,8.25,6.0,,,6.4,,
7510301,D01,5.6,,,4.4,8.0,,,,,
7340101,A00,7.25,7.5,8.4,,,,,,,
7510301,A00,7.8,4.75,6.5,,,,,,,
7810201,D15,,,,6.0,7.5,,,6.2,,
7340120,D01,9.25,,,7.4,4.6,,,,,
7540204,D01,6.2,,,5.4,8.0,,,,,
7510202,D01,7.5,,,7.0,6.2,,,,,
7510303,A00,5.75,6.0,6.4,,,,,,,
7510303,A01,7.2,6.5,,7.0,,,,,,
7340122,D01,7.75,,,7.2,6.8,,,,,
7220204,D01,7.6,,,7.0,8.0,,,,,
7510303,D01,6.4,,,5.6,6.75,,,,,
7510303,D01,6.4,,,6.0,6.0,,,,,
7540101,A00,7.75,7.25,7.6,,,,,,,
7480201,A00,6.0,8.5,8.4,,,,,,,
7480201,D01,7.25,,,7.2,9.0,,,,,
7340301,D01,7.6,,,8.2,7.5,,,,,
7340120,A00,8.0,7.75,7.8,,,,,,,
7510203,D01,7.75,,,7.8,4.6,,,,,
7480201,D01,7.5,,,6.4,7.8,,,,,
7480202,D01,7.5,,,5.6,4.8,,,,,
7380107,A00,7.4,8.25,7.25,,,,,,,
7340120,A00,7.75,8.0,7.6,,,,,,,
7340120,D01,8.25,,,7.6,6.8,,,,,
7480201,D01,6.5,,,8.0,7.2,,,,,
7340120,D01,8.4,,,9.0,6.25,,,,,
7420201,B00,8.25,,8.0,,,,7.8,,,
7340101,A00,7.75,7.25,7.0,,,,,,,
7220201,D01,7.8,,,8.4,8.25,,,,,
7540101,A00,7.25,8.5,6.8,,,,,,,
7540106,B00,6.5,,8.0,,,,6.6,,,
7340101,A00,7.25,8.25,7.4,,,,,,,
7510303,D01,6.25,,,6.8,3.8,,,,,
7340201,D01,7.8,,,7.2,8.0,,,,,
7340301,D01,8.0,,,7.2,4.8,,,,,
7819010,D07,5.25,,5.2,7.6,,,,,,
7340120,D01,8.5,,,7.0,6.6,,,,,
7540204,A00,6.4,6.5,7.75,,,,,,,
7340101,D01,8.75,,,7.2,5.2,,,,,
7819010,A00,5.0,5.75,7.2,,,,,,,
7340101,A01,8.25,6.8,,8.0,,,,,,
7340101,D01,7.5,,,6.2,7.2,,,,,
7340101,D01,8.6,,,8.0,8.5,,,,,
7340115,A00,8.25,8.25,8.0,,,,,,,
7340201,A00,8.2,7.25,8.0,,,,,,,
7380107,D15,,,,7.0,7.0,,,4.8,,
7480201,A01,8.5,7.6,,6.8,,,,,,
7540101,A00,7.0,6.25,7.8,,,,,,,
7220201,D01,7.2,,,9.0,7.58,,,,,
7480201,A00,5.75,7.0,8.4,,,,,,,
7810202,A00,7.8,6.5,8.5,,,,,,,
7220204,D01,7.6,,,7.2,7.5,,,,,
7340120,A00,8.6,8.0,8.25,,,,,,,
7510303,A00,6.5,7.0,7.4,,,,,,,
7480202,D01,6.6,,,5.2,5.0,,,,,
7510203,A00,7.5,7.25,7.8,,,,,,,
7480201,D01,7.5,,,7.4,6.8,,,,,
7340201,A00,8.0,7.5,7.8,,,,,,,
7340120,A01,8.25,6.8,,8.2,,,,,,
7480202,D01,8.0,,,5.6,5.4,,,,,
7220204,D09,8.5,,,6.4,,6.4,,,,
7340101,A00,7.25,8.0,8.2,,,,,,,
7340301,A00,8.25,7.5,8.4,,,,,,,
7340129,A00,6.5,7.5,7.0,,,,,,,
7340115,D01,8.25,,,8.4,7.6,,,,,
7340101,A01,7.5,8.4,,7.8,,,,,,
7510202,D01,6.0,,,7.6,5.4,,,,,
7340115,A00,7.5,7.75,7.8,,,,,,,
7480202,D01,5.6,,,6.8,6.75,,,,,
7810201,D01,7.0,,,7.2,9.25,,,,,
7510303,A00,5.75,6.5,6.2,,,,,,,
7540101,A00,8.8,7.75,7.75,,,,,,,
7420201,A00,6.75,7.25,6.4,,,,,,,
7340120,D01,8.25,,,8.4,6.8,,,,,
7540101,B00,6.5,,7.0,,,,7.0,,,
7810103,A00,8.0,6.25,8.25,,,,,,,
7510401,A00,6.75,7.0,7.6,,,,,,,
7220204,D01,7.75,,,7.2,6.6,,,,,
7340115,D01,7.5,,,6.6,9.2,,,,,
7340115,A00,8.0,7.5,9.0,,,,,,,
7340120,A01,6.0,8.6,,7.4,,,,,,
7340101,A00,7.0,8.0,6.8,,,,,,,
7340101,A00,7.75,6.25,7.4,,,,,,,
7540101,B00,8.75,,8.0,,,,8.8,,,
7380107,A00,6.25,6.75,7.0,,,,,,,
7540204,A00,7.6,7.25,6.75,,,,,,,
7340120,D01,7.0,,,9.0,8.0,,,,,
7510203,D01,7.0,,,5.4,6.8,,,,,
7340101,A01,8.0,7.0,,8.8,,,,,,
7510202,A00,8.4,6.25,7.75,,,,,,,
7340301,A00,8.8,8.0,5.75,,,,,,,
7340120,A00,8.0,8.0,8.0,,,,,,,
7510401,A00,6.5,6.75,7.2,,,,,,,
7220204,D01,8.0,,,7.6,7.8,,,,,
7540101,B00,7.5,,7.5,,,,6.8,,,
7220201,D09,6.75,,,6.6,,7.6,,,,
7510401,A00,7.0,7.75,7.8,,,,,,,
7510401,B00,7.75,,7.0,,,,7.8,,,
7340301,D01,7.25,,,7.4,5.4,,,,,
7380107,D01,7.2,,,9.8,7.0,,,,,
7340120,A01,8.25,8.2,,7.2,,,,,,
7510202,A00,6.5,6.75,5.2,,,,,,,
7380107,D15,,,,6.5,6.5,,,5.8,,
7340122,A01,7.5,7.8,,8.2,,,,,,
7850101,B00,7.25,,7.5,,,,6.8,,,
7340120,A00,6.25,7.25,8.2,,,,,,,
7340120,D01,8.2,,,8.6,7.25,,,,,
7510202,A00,7.4,6.25,7.25,,,,,,,
7510401,A00,6.75,5.75,6.8,,,,,,,
7480201,A01,8.0,7.25,,8.2,,,,,,
7540101,B00,8.0,,7.75,,,,7.0,,,
7340115,A00,7.25,8.0,7.8,,,,,,,
7480201,A00,6.75,7.25,7.8,,,,,,,
7340201,A01,7.4,6.0,,8.8,,,,,,
7420201,B00,6.75,,7.0,,,,7.2,,,
7340101,A00,8.0,7.75,8.0,,,,,,,
7340123,A00,7.25,6.25,7.6,,,,,,,
7810103,D01,7.4,,,9.0,8.0,,,,,
7810201,A00,7.25,7.25,6.0,,,,,,,
7480201,A00,8.0,7.25,7.8,,,,,,,
7480201,A01,6.25,9.2,,7.4,,,,,,
7340301,A00,7.8,7.0,7.75,,,,,,,
7340301,D01,8.2,,,6.6,7.25,,,,,
7340115,D01,7.8,,,8.2,7.5,,,,,
7480202,A00,7.0,8.0,7.8,,,,,,,
7220201,D01,7.6,,,9.2,7.25,,,,,
7340120,D01,7.8,,,8.6,7.5,,,,,
7480201,D01,8.25,,,7.2,8.4,,,,,
7810103,D01,7.0,,,7.8,8.2,,,,,
7340101,A00,7.0,6.0,7.8,,,,,,,
7810201,D01,7.0,,,7.0,4.0,,,,,
7480201,A01,7.75,6.8,,7.6,,,,,,
7480202,A00,7.0,7.5,7.6,,,,,,,
7510301,D01,8.5,,,7.0,6.6,,,,,
7340101,A01,8.0,8.0,,7.0,,,,,,
7340301,D01,7.25,,,7.2,8.0,,,,,
7540106,D07,7.4,,5.5,6.4,,,,,,
7510303,D01,7.8,,,4.6,7.0,,,,,
7510406,B00,5.5,,4.25,,,,7.4,,,
7510401,B00,7.0,,6.0,,,,4.8,,,
7380107,D01,9.5,,,7.4,6.2,,,,,
7819009,B00,7.75,,7.0,,,,7.0,,,
7220201,D01,8.0,,,9.4,7.75,,,,,
7340101,A00,7.25,7.75,7.8,,,,,,,
7810103,D01,5.5,,,8.2,3.8,,,,,
7340120,D01,7.25,,,6.8,7.0,,,,,
7850101,A00,5.75,6.75,7.0,,,,,,,
7850101,D07,6.25,,7.0,5.2,,,,,,
7340101,D01,8.5,,,5.8,7.2,,,,,
7510203,A00,6.75,7.5,7.0,,,,,,,
7540204,A00,7.0,7.0,6.8,,,,,,,
7340122,D01,7.5,,,7.2,8.2,,,,,
7480201,A00,7.8,7.0,7.25,,,,,,,
7220201,D01,8.8,,,8.0,8.75,,,,,
7510401,B00,7.0,,6.25,,,,7.0,,,
7810202,D01,7.2,,,6.6,8.0,,,,,
7340115,A01,8.5,7.0,,8.6,,,,,,
7220204,D01,7.4,,,8.4,7.25,,,,,
7480201,D01,8.25,,,7.4,7.8,,,,,
7810201,D01,7.5,,,6.4,7.6,,,,,
7810202,A00,8.0,6.5,7.75,,,,,,,
7510203,D01,7.6,,,6.8,6.75,,,,,
7510301,A00,6.4,5.5,7.25,,,,,,,
7510202,A00,6.25,4.25,7.8,,,,,,,
7340101,A01,7.6,7.75,,8.0,,,,,,
7480202,D01,7.25,,,5.8,4.2,,,,,
7480201,A01,7.8,7.0,,8.8,,,,,,
7340101,A01,7.6,7.5,,8.2,,,,,,
7340129,A00,7.25,7.75,7.6,,,,,,,
7340101,D01,7.75,,,7.6,5.4,,,,,
7480201,D07,8.4,,6.5,7.2,,,,,,
7340101,D01,7.0,,,7.6,8.4,,,,,
7340120,D01,7.0,,,7.8,8.2,,,,,
7380107,A00,8.2,5.5,8.0,,,,,,,
7810201,D01,7.8,,,7.4,7.5,,,,,
7819010,A00,7.25,7.0,7.2,,,,,,,
7340301,A00,6.25,7.25,8.2,,,,,,,
7510202,A00,8.0,8.5,8.0,,,,,,,
7810202,A00,9.0,6.5,8.0,,,,,,,
7510203,A00,6.8,7.75,7.0,,,,,,,
7510202,D07,6.5,,5.8,7.4,,,,,,
7480201,D01,7.8,,,9.2,6.25,,,,,
7340205,A00,6.5,7.0,6.2,,,,,,,
7480201,D07,7.2,,7.5,7.8,,,,,,
7480201,A01,6.75,6.4,,8.4,,,,,,
7540106,B00,8.0,,7.5,,,,7.0,,,
7540204,D07,7.2,,7.5,7.6,,,,,,
7819010,B00,7.25,,6.75,,,,5.4,,,
7480201,A00,7.0,8.0,8.0,,,,,,,
7340301,A00,8.0,7.5,7.5,,,,,,,
7340123,D01,7.0,,,6.2,4.6,,,,,
7810201,D01,7.6,,,8.2,6.75,,,,,
7480202,D01,6.75,,,6.6,7.4,,,,,
7340115,D01,8.75,,,7.6,6.6,,,,,
7510303,D01,7.2,,,4.0,5.75,,,,,
7850101,A00,5.5,6.0,6.8,,,,,,,
7540106,A00,7.6,5.75,7.25,,,,,,,
7480202,D01,5.6,,,6.4,7.5,,,,,
7510401,D07,7.5,,7.4,7.8,,,,,,
7340301,A01,7.75,8.4,,7.6,,,,,,
7480201,D07,7.4,,7.0,8.8,,,,,,
7510303,D01,7.75,,,6.6,4.2,,,,,
7480202,D07,7.75,,7.2,6.6,,,,,,
7480201,D07,6.75,,7.4,8.4,,,,,,
7480202,D01,9.0,,,7.0,6.8,,,,,
7810201,A00,7.25,6.75,7.6,,,,,,,
7810202,D01,6.8,,,8.4,8.25,,,,,
7480201,A01,8.4,7.5,,8.4,,,,,,
7340115,A00,7.5,8.25,7.6,,,,,,,
7340301,A00,6.5,6.5,8.0,,,,,,,
7340201,A01,7.8,8.0,,9.0,,,,,,
7340201,A00,8.0,7.25,8.25,,,,,,,
7340129,D01,8.0,,,6.4,6.0,,,,,
7340201,A01,6.75,8.4,,6.8,,,,,,
7810103,D01,6.25,,,6.6,8.0,,,,,
7480201,D01,9.5,,,7.2,4.0,,,,,
7810201,D15,,,,7.75,6.75,,,6.2,,
7480201,A00,6.5,7.5,7.2,,,,,,,
7340115,D01,8.0,,,6.6,8.4,,,,,
7480201,A00,7.8,7.0,7.25,,,,,,,
7220201,D01,7.75,,,8.4,7.0,,,,,
7340129,A00,8.4,5.5,8.5,,,,,,,
7480202,D01,7.8,,,6.4,6.5,,,,,
7510303,D01,8.0,,,7.2,5.8,,,,,
7340301,A01,8.0,8.0,,8.6,,,,,,
7520115,A01,6.25,6.6,,7.2,,,,,,
7540101,A00,7.0,7.75,8.0,,,,,,,
7340129,A00,8.0,6.25,7.4,,,,,,,
7340301,A00,7.6,7.0,7.75,,,,,,,
7480202,A01,6.75,6.6,,7.2,,,,,,
7340120,D01,8.2,,,8.0,9.0,,,,,
7340101,A00,7.5,6.5,8.4,,,,,,,
7380107,D01,7.5,,,7.6,8.0,,,,,
7340115,A00,8.2,7.5,8.0,,,,,,,
7480201,D01,6.0,,,7.4,8.4,,,,,
7480201,A01,7.8,8.0,,8.6,,,,,,
7540204,D01,7.2,,,7.4,6.0,,,,,
7340301,D01,7.0,,,7.0,6.6,,,,,
7340129,A00,7.4,7.5,6.75,,,,,,,
7220201,D01,7.75,,,7.0,8.6,,,,,
7340120,A00,6.0,7.5,7.6,,,,,,,
7480201,D01,7.75,,,7.8,8.2,,,,,
7340301,D01,8.0,,,8.4,7.25,,,,,
7380107,D01,7.2,,,8.0,7.0,,,,,
7340101,D01,8.25,,,8.6,6.0,,,,,
7340120,D01,7.0,,,8.0,7.8,,,,,
7510401,D07,6.25,,8.8,6.6,,,,,,
7540101,D07,8.0,,7.0,7.8,,,,,,
7510202,D01,7.0,,,6.4,6.4,,,,,
7480201,D01,6.75,,,7.4,7.2,,,,,
7380107,A01,5.0,7.2,,7.4,,,,,,
7810103,D01,6.75,,,7.8,8.2,,,,,
7510303,A00,7.0,6.0,7.0,,,,,,,
7340129,A00,6.25,7.75,8.2,,,,,,,
7340101,A00,7.8,7.25,8.0,,,,,,,
7510202,D01,6.6,,,4.0,5.5,,,,,
7340122,A00,7.5,7.0,7.6,,,,,,,
7340101,D01,7.25,,,7.6,6.2,,,,,
7810103,D01,7.5,,,6.6,8.2,,,,,
7340129,D01,6.8,,,8.0,7.75,,,,,
7480201,A00,7.8,7.0,7.5,,,,,,,
7480201,D01,6.25,,,7.0,8.4,,,,,
7340301,A00,7.0,7.5,7.6,,,,,,,
7540101,D07,8.0,,7.75,8.2,,,,,,
7340123,A00,5.5,8.25,7.8,,,,,,,
7540204,D01,8.0,,,6.6,5.2,,,,,
7420201,B00,6.0,,6.75,,,,4.75,,,
7340201,A00,7.6,7.25,7.5,,,,,,,
7850101,A01,6.0,9.0,,6.6,,,,,,
7480202,D01,7.6,,,7.0,5.5,,,,,
7510203,A01,7.25,8.8,,7.0,,,,,,
7480201,A01,8.4,6.5,,8.0,,,,,,
7510203,D01,8.0,,,7.2,4.6,,,,,
7540106,B00,7.2,,5.75,,,,6.0,,,
7510301,D01,7.2,,,5.4,7.25,,,,,
7480201,A00,7.25,8.0,7.8,,,,,,,
7480201,A00,8.0,6.75,7.75,,,,,,,
7340205,D01,7.25,,,6.4,6.4,,,,,
7340120,A00,8.25,7.75,7.4,,,,,,,
7510202,D01,5.0,,,6.8,5.4,,,,,
7480201,A00,6.75,7.5,6.8,,,,,,,
7340201,D01,7.25,,,7.6,5.8,,,,,
7340101,D01,8.0,,,9.2,6.75,,,,,
7340301,A00,7.5,8.0,7.2,,,,,,,
7480202,D01,7.2,,,6.6,5.75,,,,,
7510202,A00,6.75,7.5,7.0,,,,,,,
7220204,D01,8.25,,,7.2,7.6,,,,,
7480201,A00,8.0,8.25,7.4,,,,,,,
7480202,D01,8.25,,,7.8,6.2,,,,,
7810103,D01,7.75,,,7.0,7.8,,,,,
7480202,A00,7.25,7.75,8.4,,,,,,,
7510401,A00,7.0,7.25,7.6,,,,,,,
7340101,A00,7.75,7.75,6.8,,,,,,,
7220204,D01,7.6,,,8.2,7.5,,,,,
7340101,A01,7.25,8.6,,8.4,,,,,,
7510202,D01,7.5,,,6.8,7.2,,,,,
7480201,D07,6.6,,7.0,8.6,,,,,,
7510301,A00,7.2,7.25,6.75,,,,,,,
7510203,A00,6.75,5.25,6.4,,,,,,,
7810202,A00,6.0,7.5,6.6,,,,,,,
7510401,A00,6.0,6.5,6.8,,,,,,,
7810202,A00,6.0,7.5,5.8,,,,,,,
7480202,D01,5.25,,,6.8,7.2,,,,,
7340301,D01,7.5,,,7.0,6.4,,,,,
7480201,D01,8.2,,,7.2,6.75,,,,,
7520115,D01,5.75,,,7.2,5.6,,,,,
7480201,D01,7.8,,,8.2,7.25,,,,,
7380107,D01,7.0,,,7.6,7.5,,,,,
7850101,B00,5.0,,5.25,,,,7.0,,,
7340120,D01,7.5,,,7.8,5.8,,,,,
7340120,A00,8.0,8.0,7.8,,,,,,,
7480201,D01,7.4,,,8.2,7.0,,,,,
7510301,D01,6.75,,,6.8,6.8,,,,,
7380107,A00,6.75,8.0,8.6,,,,,,,
7480202,A00,8.0,6.75,7.6,,,,,,,
7340301,D01,8.4,,,6.6,8.25,,,,,
7340120,A01,8.0,7.8,,7.4,,,,,,
7480201,A01,7.4,7.0,,8.8,,,,,,
7340115,A00,7.75,8.0,8.2,,,,,,,
7340101,A00,8.2,7.5,8.0,,,,,,,
7540101,D07,8.2,,7.25,8.4,,,,,,
7340201,D01,8.0,,,6.6,8.25,,,,,
7340301,D01,7.5,,,8.0,8.2,,,,,
7510303,A00,7.0,5.75,7.6,,,,,,,
7340201,A00,7.75,7.75,7.8,,,,,,,
7480201,A01,7.8,7.25,,7.6,,,,,,
7510203,A00,6.25,6.0,7.4,,,,,,,
7510301,A00,7.0,6.75,7.6,,,,,,,
7540105,A01,6.0,5.2,,7.6,,,,,,
7510303,D01,6.25,,,6.4,6.6,,,,,
7540106,B00,6.75,,6.5,,,,7.8,,,
7480202,A00,6.75,6.75,6.0,,,,,,,
7340301,D01,8.5,,,8.4,7.0,,,,,
7480201,D01,6.5,,,7.4,7.2,,,,,
7510401,A00,7.25,6.5,6.0,,,,,,,
7480201,A01,7.0,7.8,,8.2,,,,,,
7510202,D01,5.0,,,6.8,6.8,,,,,
7340123,D01,8.0,,,7.8,7.0,,,,,
7520115,D01,5.5,,,6.8,8.0,,,,,
7480201,D07,7.0,,7.4,7.0,,,,,,
7340201,A00,8.8,6.0,8.0,,,,,,,
7340301,D01,8.0,,,9.0,6.5,,,,,
7480201,D01,8.0,,,7.6,6.75,,,,,
7510401,A01,7.2,6.25,,6.8,,,,,,
7480202,A00,7.5,7.5,7.6,,,,,,,
7340301,D01,7.75,,,7.6,6.6,,,,,
7340205,A00,6.75,6.0,7.4,,,,,,,
7540106,A00,7.2,6.25,5.25,,,,,,,
7340115,A00,7.0,8.75,8.2,,,,,,,
7340101,D01,7.4,,,8.2,8.75,,,,,
7540106,D07,7.6,,7.0,8.4,,,,,,
7810201,D01,6.75,,,7.2,6.2,,,,,
7810201,D15,,,,6.75,6.25,,,5.6,,
7510303,D01,6.5,,,7.0,8.0,,,,,
7340201,A00,8.25,8.25,7.0,,,,,,,
7340201,D01,8.0,,,8.0,7.5,,,,,
7480201,A00,7.25,8.75,7.8,,,,,,,
7340205,D07,7.25,,6.0,6.6,,,,,,
7220204,D01,8.0,,,7.8,7.6,,,,,
7510401,A00,7.0,6.25,7.75,,,,,,,
7480202,A00,4.75,6.5,7.2,,,,,,,
7420201,B00,7.5,,7.25,,,,6.6,,,
7540106,B00,6.75,,6.75,,,,6.6,,,
7540106,A00,6.2,4.75,6.75,,,,,,,
7510303,D01,6.0,,,4.4,7.5,,,,,
7540106,A00,8.0,6.75,7.8,,,,,,,
7220201,A01,7.2,7.25,,9.0,,,,,,
7540101,B00,7.5,,7.75,,,,7.8,,,
7540101,D07,7.5,,7.8,7.6,,,,,,
7510401,B00,6.75,,6.5,,,,7.0,,,
7380107,A00,7.5,7.75,7.0,,,,,,,
7480201,D07,8.25,,9.2,7.4,,,,,,
7340101,A00,7.25,7.0,7.8,,,,,,,
7510202,D01,7.25,,,5.2,4.2,,,,,
7540101,A00,7.0,7.25,7.8,,,,,,,
7340201,A01,8.25,7.8,,7.4,,,,,,
7340115,A00,8.0,7.5,7.6,,,,,,,
7460108,A01,5.25,6.2,,5.6,,,,,,
7340101,A01,7.25,8.2,,8.0,,,,,,
7340115,A00,8.0,6.25,7.8,,,,,,,
7380107,D01,6.5,,,6.8,8.6,,,,,
7340205,A00,7.25,7.25,8.0,,,,,,,
7510303,A01,6.75,6.0,,7.6,,,,,,
7540101,B00,8.5,,7.75,,,,7.6,,,
7340101,A00,7.25,7.75,7.0,,,,,,,
7340120,D01,8.0,,,7.0,7.0,,,,,
7340122,D01,6.75,,,7.8,8.2,,,,,
7510301,A00,6.0,8.25,7.6,,,,,,,
7540101,B00,8.0,,7.25,,,,7.0,,,
7510203,D01,7.0,,,7.4,5.75,,,,,
7340101,A00,7.75,8.75,7.4,,,,,,,
7340120,A00,8.4,8.25,8.25,,,,,,,
7380107,D01,8.25,,,7.2,5.4,,,,,
7380107,D01,7.2,,,7.6,7.0,,,,,
7510401,B00,6.4,,8.0,,,,4.75,,,
7819010,A01,7.0,6.8,,6.4,,,,,,
7340115,D01,8.25,,,7.4,7.8,,,,,
7340201,A01,7.6,7.5,,9.0,,,,,,
7510301,D01,6.0,,,7.4,4.6,,,,,
7480201,D01,7.6,,,8.2,7.25,,,,,
7510301,D01,7.2,,,7.6,6.5,,,,,
7480201,D01,6.75,,,8.0,6.4,,,,,
7510202,A00,8.0,6.5,7.5,,,,,,,
7340301,D01,8.2,,,8.2,7.75,,,,,
7220201,D01,7.0,,,6.8,7.0,,,,,
7510202,A00,5.75,6.5,7.2,,,,,,,
7340301,A00,6.75,8.75,7.8,,,,,,,
7810202,D01,8.75,,,6.2,6.2,,,,,
7340120,A00,7.8,8.0,7.25,,,,,,,
7510202,A00,6.8,5.25,4.0,,,,,,,
7850101,A00,5.6,5.5,6.25,,,,,,,
7340301,D01,8.0,,,7.8,7.25,,,,,
7340201,A00,7.25,7.25,8.2,,,,,,,
7810201,D01,7.0,,,6.6,6.0,,,,,
7510202,A01,5.75,5.2,,7.0,,,,,,
7480201,A00,7.5,7.0,7.6,,,,,,,
7540101,B00,7.25,,7.5,,,,6.4,,,
7510203,D01,7.0,,,7.2,6.25,,,,,
7380107,A00,8.0,7.5,7.2,,,,,,,
7480202,A00,7.75,6.75,8.4,,,,,,,
7510303,D01,7.25,,,7.2,7.6,,,,,
7340101,A00,8.8,7.5,8.25,,,,,,,
7340301,A00,6.5,7.25,7.4,,,,,,,
7480201,A01,6.5,8.0,,7.2,,,,,,
7340201,A00,7.0,7.75,7.2,,,,,,,
7340201,D01,7.0,,,7.8,8.5,,,,,
7480201,D01,8.5,,,7.2,6.0,,,,,
7480202,D01,6.75,,,6.2,7.0,,,,,
7810103,D01,6.6,,,8.8,6.75,,,,,
7340101,A00,7.75,7.0,7.2,,,,,,,
7510202,D01,6.6,,,6.0,6.0,,,,,
7480201,D01,6.75,,,8.2,8.0,,,,,
7340301,A00,7.4,7.25,8.25,,,,,,,
7340101,A00,7.5,7.75,8.0,,,,,,,
7540106,A00,8.0,6.5,6.5,,,,,,,
7540101,A00,8.0,7.75,8.0,,,,,,,
7540101,B00,8.0,,7.0,,,,6.4,,,
7480201,D07,7.2,,7.5,8.0,,,,,,
7380107,A00,7.6,6.75,7.75,,,,,,,
7340120,A00,8.6,7.5,8.5,,,,,,,
7810201,D01,7.8,,,7.8,8.0,,,,,
7510301,A00,7.8,5.5,5.5,,,,,,,
7380107,A00,7.4,7.75,7.75,,,,,,,
7340120,A00,6.5,7.5,7.4,,,,,,,
7480201,A01,8.0,7.0,,8.6,,,,,,
7220204,D01,8.25,,,6.2,6.8,,,,,
7510202,A00,5.0,6.5,7.2,,,,,,,
7340115,D01,9.0,,,7.0,6.6,,,,,
7810202,D01,6.25,,,7.6,6.4,,,,,
7540106,B00,6.4,,5.75,,,,6.5,,,
7819010,B00,6.0,,7.0,,,,5.8,,,
7510202,A00,8.0,6.25,7.25,,,,,,,
7340201,A01,7.8,6.5,,8.0,,,,,,
7340101,D01,7.5,,,7.8,6.2,,,,,
7340101,D01,7.25,,,6.8,6.6,,,,,
7340115,A00,7.25,8.25,8.6,,,,,,,
7340120,A00,6.5,8.25,8.4,,,,,,,
7220204,D01,8.4,,,8.2,7.08,,,,,
7340201,A00,8.0,6.5,8.5,,,,,,,
7510401,A00,8.25,8.75,8.0,,,,,,,
7340120,A01,7.4,7.0,,9.2,,,,,,
7340115,A00,7.75,7.75,7.8,,,,,,,
7220204,D01,9.25,,,7.6,6.2,,,,,
7340120,A00,6.5,8.25,7.0,,,,,,,
7520115,A00,6.75,6.25,8.4,,,,,,,
7480202,A00,5.5,7.25,7.6,,,,,,,
7340115,A01,6.5,8.6,,7.4,,,,,,
7510301,A00,6.75,8.25,6.8,,,,,,,
7340115,A01,7.75,7.6,,8.4,,,,,,
7810103,A01,6.6,7.25,,8.8,,,,,,
7480202,A00,7.8,6.5,7.5,,,,,,,
7340201,A00,7.5,8.75,7.6,,,,,,,
7540204,A00,6.0,6.75,6.8,,,,,,,
7480201,A00,8.8,7.5,6.75,,,,,,,
7340129,A00,6.25,8.0,7.8,,,,,,,
7480201,A00,8.6,6.5,7.5,,,,,,,
7480201,D01,9.25,,,8.6,6.6,,,,,
7340101,D01,8.25,,,7.4,7.0,,,,,
7460108,D01,6.5,,,6.2,5.6,,,,,
7340115,D01,8.25,,,6.6,8.6,,,,,
7480201,D01,6.0,,,7.8,8.6,,,,,
7510202,A00,6.6,7.0,7.5,,,,,,,
7480201,A00,8.25,7.75,8.4,,,,,,,
7380107,D15,,,,8.25,8.0,,,6.4,,
7340101,A01,7.6,6.75,,9.2,,,,,,
7340201,D01,8.0,,,7.2,6.8,,,,,
7480201,A00,7.5,7.25,8.0,,,,,,,
7520115,A00,5.5,5.75,5.8,,,,,,,
7220204,D01,8.2,,,7.2,8.25,,,,,
7340301,D01,8.0,,,8.4,7.0,,,,,
7510202,D01,7.0,,,3.8,7.25,,,,,
7340129,D01,8.0,,,7.6,6.4,,,,,
7380107,D01,8.5,,,6.6,6.0,,,,,
7340115,A00,8.75,8.25,7.0,,,,,,,
7340101,A00,7.4,8.25,7.75,,,,,,,
7480201,D01,8.0,,,7.8,7.4,,,,,
7340120,A01,8.4,6.75,,8.6,,,,,,
7510203,D01,6.2,,,5.4,4.75,,,,,
7510401,A00,6.0,6.25,6.6,,,,,,,
7540204,D07,7.6,,5.5,5.8,,,,,,
7340115,A00,7.5,8.25,8.0,,,,,,,
7480201,D01,7.75,,,7.8,6.0,,,,,
7340101,D01,7.5,,,7.6,7.6,,,,,
7340301,A00,7.5,7.0,8.6,,,,,,,
7340301,A00,8.0,6.5,7.6,,,,,,,
7480201,A00,7.4,7.5,7.5,,,,,,,
7340205,D01,6.5,,,7.6,5.0,,,,,
7540101,A00,7.8,8.25,8.0,,,,,,,
7810202,A00,7.4,7.75,7.5,,,,,,,
7540101,A00,8.4,8.0,8.5,,,,,,,
7480201,A00,7.8,7.0,7.25,,,,,,,
7480201,A00,7.0,8.25,7.4,,,,,,,
7340301,D01,7.4,,,8.6,7.25,,,,,
7220204,D01,7.75,,,7.0,6.6,,,,,
7540101,B00,8.25,,7.75,,,,8.2,,,
7480202,A01,6.75,8.4,,7.6,,,,,,
7380107,A01,7.5,7.6,,8.6,,,,,,
7810103,D01,8.25,,,7.6,7.6,,,,,
7510202,A00,6.5,7.0,7.0,,,,,,,
7540101,A00,7.5,8.5,7.2,,,,,,,
7480201,A00,7.5,7.5,8.4,,,,,,,
7420201,A00,7.0,5.0,5.75,,,,,,,
7340120,D01,7.5,,,7.4,6.8,,,,,
7340201,A00,7.6,7.75,7.5,,,,,,,
7540106,B00,8.2,,6.0,,,,4.25,,,
7340201,A00,7.25,8.25,7.4,,,,,,,
7540204,D01,7.2,,,4.0,7.5,,,,,
7540101,A00,7.25,7.25,6.8,,,,,,,
7340101,A00,8.8,8.25,7.5,,,,,,,
7810201,D01,6.25,,,6.4,6.6,,,,,
7510203,D07,6.5,,7.2,7.4,,,,,,
7510203,D01,6.25,,,6.0,3.6,,,,,
7340120,D01,8.5,,,6.8,6.6,,,,,
7380107,D01,7.4,,,6.2,8.75,,,,,
7340101,A00,7.5,6.75,7.2,,,,,,,
7380107,A00,7.0,7.75,6.25,,,,,,,
7340120,A00,6.75,7.5,8.0,,,,,,,
7480201,A00,7.25,8.0,7.8,,,,,,,
7510301,A00,6.8,6.75,6.5,,,,,,,
7340120,D01,8.0,,,7.8,7.8,,,,,
7340115,D01,8.0,,,7.6,8.8,,,,,
7220204,D09,8.25,,,6.4,,6.6,,,,
7340101,A00,7.5,8.0,7.8,,,,,,,
7340115,A00,7.75,7.75,7.4,,,,,,,
7540106,A00,6.2,7.0,6.5,,,,,,,
7380107,A01,7.0,7.75,,9.0,,,,,,
7480201,A00,7.5,7.5,8.0,,,,,,,
7480202,D01,6.8,,,5.8,6.0,,,,,
7510203,A00,4.75,5.25,6.8,,,,,,,
7340201,A00,7.6,7.75,8.0,,,,,,,
7380107,A01,7.5,6.8,,6.4,,,,,,
7540106,A00,6.25,7.25,6.4,,,,,,,
7340201,A00,8.0,6.75,8.0,,,,,,,
7340205,D01,6.75,,,7.2,5.2,,,,,
7810103,D01,7.6,,,8.0,7.25,,,,,
7220204,A01,8.0,7.6,,7.4,,,,,,
7810202,D01,7.2,,,8.8,7.0,,,,,
7510301,D01,5.5,,,6.2,4.4,,,,,
7340301,A00,6.75,6.5,8.0,,,,,,,
7540101,A00,7.0,8.0,8.0,,,,,,,
7340301,A01,7.0,9.0,,8.6,,,,,,
7220204,D09,7.0,,,8.6,,7.6,,,,
7340201,A00,9.0,8.0,7.5,,,,,,,
7810201,A00,6.75,7.5,7.2,,,,,,,
7510303,A00,7.25,7.5,7.4,,,,,,,
7340120,A00,7.25,7.5,7.8,,,,,,,
7480201,A01,7.5,6.6,,8.0,,,,,,
7480202,D01,6.6,,,6.2,5.75,,,,,
7810201,D15,,,,8.25,7.5,,,4.4,,
7340201,A00,5.5,7.25,8.0,,,,,,,
7340201,D01,7.4,,,8.2,7.25,,,,,
7340301,D01,8.0,,,6.4,6.0,,,,,
7340205,D01,7.25,,,6.2,6.6,,,,,
7340115,D01,8.25,,,8.0,7.0,,,,,
7340120,A00,8.0,7.5,8.0,,,,,,,
7420201,B00,8.2,,7.25,,,,7.75,,,
7480201,D01,7.0,,,6.8,8.25,,,,,
7510203,A00,7.0,7.75,7.0,,,,,,,
7480202,A00,6.6,5.5,6.25,,,,,,,
7380107,A01,7.8,6.0,,7.6,,,,,,
7540101,A00,7.5,8.25,7.4,,,,,,,
7510203,A00,6.6,4.0,6.5,,,,,,,
7420201,B00,8.4,,8.25,,,,7.25,,,
7810202,D15,,,,7.5,6.75,,,4.2,,
7340301,A00,8.0,7.0,7.2,,,,,,,
7510301,D01,4.8,,,4.0,8.0,,,,,
7540101,A01,7.5,7.6,,8.4,,,,,,
7480201,D07,7.75,,8.2,7.2,,,,,,
7810202,D01,5.5,,,5.4,8.2,,,,,
7510301,A00,6.8,5.5,4.75,,,,,,,
7480201,A00,7.6,7.25,8.5,,,,,,,
7380107,D01,7.0,,,8.4,7.25,,,,,
7340120,D01,8.5,,,7.6,6.6,,,,,
7420201,B00,8.0,,8.25,,,,7.6,,,
7540101,A00,7.5,8.25,7.2,,,,,,,
7220204,D01,8.5,,,7.0,6.6,,,,,
7540106,A00,7.8,6.5,7.0,,,,,,,
7480201,A01,6.25,6.4,,8.2,,,,,,
7810202,D01,7.0,,,9.0,6.5,,,,,
7340129,A00,5.75,8.0,8.0,,,,,,,
7340201,A00,7.8,7.75,7.0,,,,,,,
7480201,A00,7.5,7.75,8.0,,,,,,,
7220204,D09,8.0,,,7.0,,7.4,,,,
7480201,A01,7.75,7.2,,7.2,,,,,,
7340101,A00,7.75,7.5,7.8,,,,,,,
7540204,D01,5.4,,,4.4,7.25,,,,,
7480202,D01,7.75,,,6.6,7.8,,,,,
7340201,D01,6.5,,,7.4,7.2,,,,,
7480201,A00,7.5,7.75,8.0,,,,,,,
7520115,A00,5.25,6.5,6.8,,,,,,,
7480201,A00,8.4,5.75,8.25,,,,,,,
7540204,A00,5.5,6.25,5.8,,,,,,,
7510401,A00,8.0,5.75,4.75,,,,,,,
7340301,A01,7.0,7.75,,8.4,,,,,,
7340301,A00,8.6,7.25,7.25,,,,,,,
7510202,D01,6.0,,,7.4,4.2,,,,,
7340115,D01,8.75,,,7.2,6.2,,,,,
7510303,A00,8.25,8.0,7.4,,,,,,,
7220201,A01,7.0,6.75,,9.2,,,,,,
7420201,D07,6.75,,7.8,8.4,,,,,,
7420201,B00,8.2,,8.0,,,,6.25,,,
7340129,D01,7.0,,,6.6,8.0,,,,,
7810202,A00,7.25,7.5,8.2,,,,,,,
7540101,A00,8.4,7.75,8.0,,,,,,,
7480201,A00,7.25,7.75,7.8,,,,,,,
7480202,D01,7.8,,,7.4,7.25,,,,,
7380107,D01,7.2,,,6.6,8.0,,,,,
7810201,A00,7.5,7.75,8.2,,,,,,,
7340120,A01,8.0,7.75,,8.2,,,,,,
7480201,D01,7.75,,,8.2,8.4,,,,,
7340115,D01,7.0,,,7.0,8.6,,,,,
7480201,D07,8.25,,7.0,8.4,,,,,,
7340123,D01,7.0,,,6.8,5.6,,,,,
7340120,A00,8.0,7.0,8.5,,,,,,,
7480201,A00,7.25,6.5,7.4,,,,,,,
7380107,D01,8.0,,,5.4,6.2,,,,,
7480201,A00,7.0,8.25,7.4,,,,,,,
7540106,A00,7.2,5.5,7.5,,,,,,,
7340201,D01,8.5,,,8.4,6.8,,,,,
7340201,A01,7.25,7.4,,7.4,,,,,,
7510301,D01,6.4,,,6.2,7.25,,,,,
7510301,D01,8.25,,,7.6,7.2,,,,,
7480202,D07,6.75,,8.4,8.6,,,,,,
7420201,B00,6.0,,5.5,,,,6.25,,,
7220201,D01,8.25,,,7.6,7.2,,,,,
7480202,A01,7.8,5.75,,8.8,,,,,,
7480201,A01,6.0,8.6,,8.4,,,,,,
7340120,A01,8.0,6.4,,8.2,,,,,,
7510202,A01,6.5,5.6,,7.8,,,,,,
7340115,A00,8.5,7.5,7.6,,,,,,,
7340101,D01,6.8,,,9.8,7.0,,,,,
7480202,D07,6.6,,6.5,8.8,,,,,,
7220201,A01,7.75,7.4,,8.0,,,,,,
7540101,D07,8.0,,7.6,7.8,,,,,,
7340101,A01,7.8,7.25,,8.8,,,,,,
7340120,A00,8.0,7.25,7.75,,,,,,,
7340120,D01,7.4,,,9.4,6.75,,,,,
7220204,D01,9.0,,,6.2,5.6,,,,,
7340120,A00,8.8,8.25,8.25,,,,,,,
7220204,D01,6.8,,,8.2,8.25,,,,,
7819009,B00,6.25,,5.5,,,,7.2,,,
7540106,A00,6.6,7.25,7.0,,,,,,,
7220204,D01,7.6,,,7.6,8.0,,,,,
7510202,D01,5.5,,,7.0,5.4,,,,,
7540106,A00,7.5,6.75,6.0,,,,,,,
7540105,A00,5.25,6.75,5.8,,,,,,,
7340123,D01,7.5,,,6.8,5.4,,,,,
7540101,B00,6.5,,7.75,,,,7.6,,,
7340101,A01,7.8,7.25,,8.8,,,,,,
7510303,D01,9.0,,,5.6,4.4,,,,,
7480202,D01,7.8,,,7.6,6.75,,,,,
7340115,A00,6.75,7.5,8.0,,,,,,,
7340115,A00,7.75,8.25,7.6,,,,,,,
7340301,A00,8.6,7.25,8.0,,,,,,,
7480201,D01,8.0,,,8.2,6.75,,,,,
7480201,A00,6.5,7.5,8.0,,,,,,,
7220204,D09,6.6,,,8.4,,8.0,,,,
7510202,D01,6.2,,,5.6,5.5,,,,,
7220201,D01,8.4,,,8.0,7.75,,,,,
7340115,D01,8.25,,,8.4,8.0,,,,,
7520115,D01,7.75,,,7.4,3.0,,,,,
7420201,A00,6.5,7.75,7.4,,,,,,,
7340101,A00,8.2,7.25,8.0,,,,,,,
7510301,A00,6.75,7.5,7.2,,,,,,,
7810202,A00,7.2,7.25,8.0,,,,,,,
7480201,D01,8.75,,,8.0,6.2,,,,,
7480202,D01,8.0,,,3.2,7.0,,,,,
7480202,D01,7.0,,,6.0,5.5,,,,,
7480202,D01,6.5,,,8.0,8.2,,,,,
7340101,A00,6.5,7.25,7.2,,,,,,,
7340129,D01,7.5,,,7.4,6.4,,,,,
7520115,D01,7.0,,,8.4,7.0,,,,,
7480201,D01,8.2,,,8.0,7.5,,,,,
7340101,A00,7.5,7.25,8.0,,,,,,,
7810201,D01,7.0,,,8.0,5.2,,,,,
7480202,D01,7.75,,,7.4,6.4,,,,,
7510301,D01,6.0,,,7.6,7.8,,,,,
7540101,D07,6.5,,8.8,8.2,,,,,,
7380107,D15,,,,6.5,7.75,,,5.8,,
7510301,A00,7.4,5.5,5.75,,,,,,,
7810202,D15,,,,7.5,6.25,,,6.6,,
7220201,D01,7.75,,,9.0,8.0,,,,,
7510301,D01,5.6,,,7.6,6.0,,,,,
7340115,A00,8.0,7.5,6.6,,,,,,,
7340301,A00,8.0,7.5,8.4,,,,,,,
7510303,D01,7.4,,,5.4,6.75,,,,,
7220201,D09,7.75,,,7.8,,9.0,,,,
7340120,D01,9.25,,,7.2,5.6,,,,,
7340115,A00,7.5,8.25,8.2,,,,,,,
7510203,A00,6.6,4.75,5.0,,,,,,,
7340201,D01,7.0,,,7.6,7.8,,,,,
7340120,A00,7.75,7.0,7.4,,,,,,,
7340301,D01,8.0,,,6.8,8.2,,,,,
7510301,A00,7.6,4.5,6.0,,,,,,,
7510301,D01,5.6,,,4.8,6.0,,,,,
7340101,A00,6.75,7.5,7.0,,,,,,,
7340301,D01,8.25,,,7.6,5.4,,,,,
7420201,A00,7.25,7.5,7.8,,,,,,,
7420201,B00,6.75,,7.0,,,,7.0,,,
7480201,A00,8.25,8.25,7.6,,,,,,,
7480201,D01,8.0,,,8.6,7.75,,,,,
7340129,A01,7.6,7.0,,8.6,,,,,,
7480201,A00,8.0,7.0,8.0,,,,,,,
7480202,A00,8.0,6.75,6.5,,,,,,,
7340201,A00,6.0,7.5,8.2,,,,,,,
7510202,A00,7.25,6.5,7.6,,,,,,,
7340122,D01,6.75,,,7.8,7.0,,,,,
7510303,A00,7.8,6.25,5.75,,,,,,,
7510202,D01,7.0,,,7.6,6.2,,,,,
7340301,D01,8.0,,,6.8,5.8,,,,,
7340201,A00,7.25,7.0,7.0,,,,,,,
7340129,D01,7.6,,,7.8,7.0,,,,,
7520115,A00,5.5,6.75,6.8,,,,,,,
7480202,A00,6.75,7.75,8.8,,,,,,,
7510202,D01,7.0,,,6.4,7.2,,,,,
7340301,A01,8.0,6.8,,7.2,,,,,,
7510303,D01,6.6,,,7.0,6.75,,,,,
7340201,A01,6.5,8.6,,6.4,,,,,,
7540106,A00,6.75,6.25,6.4,,,,,,,
7340201,A00,8.4,6.25,7.75,,,,,,,
7340120,D01,8.75,,,6.2,8.6,,,,,
7510301,A00,8.0,7.25,8.2,,,,,,,
7510303,A00,7.0,6.25,6.0,,,,,,,
7510303,A00,7.0,7.0,8.2,,,,,,,
7340201,D01,6.5,,,8.0,7.4,,,,,
7340301,A00,7.5,8.75,7.2,,,,,,,
7340101,D01,8.5,,,7.2,5.2,,,,,
7810202,D01,7.25,,,7.2,9.0,,,,,
7540204,D01,6.5,,,7.0,5.0,,,,,
7380107,D15,,,,6.0,5.5,,,8.0,,
7540101,A00,8.25,6.75,8.4,,,,,,,
7810201,D01,8.2,,,8.6,7.25,,,,,
7380107,D01,7.5,,,8.2,7.2,,,,,
7510401,B00,8.5,,6.75,,,,8.0,,,
7340115,D01,8.2,,,8.6,7.25,,,,,
7510303,A00,7.0,8.25,7.2,,,,,,,
7540101,D07,8.4,,8.75,7.2,,,,,,
7380107,D01,7.2,,,6.0,8.25,,,,,
7480202,D01,5.75,,,6.4,7.2,,,,,
7340301,A01,8.0,7.0,,7.8,,,,,,
7340205,D01,6.25,,,6.2,7.8,,,,,
7480201,A00,7.4,7.0,7.5,,,,,,,
7510303,A00,8.2,6.25,6.75,,,,,,,
7340115,A00,7.75,8.5,8.4,,,,,,,
7480202,D01,6.2,,,8.8,5.5,,,,,
7340201,D01,8.25,,,7.4,7.0,,,,,
7220201,D01,7.6,,,8.4,7.75,,,,,
7340201,A00,7.5,8.0,8.4,,,,,,,
7220201,D01,7.8,,,9.0,7.25,,,,,
7340301,D01,8.5,,,7.4,7.0,,,,,
7340301,A00,6.0,7.25,6.4,,,,,,,
7340101,D01,6.75,,,7.6,6.8,,,,,
7420201,B00,6.5,,8.0,,,,7.2,,,
7340120,D01,7.5,,,7.0,8.4,,,,,
7220204,D01,8.4,,,7.0,9.0,,,,,
7380107,D01,7.75,,,5.0,7.8,,,,,
7810103,D01,8.75,,,6.6,4.2,,,,,
7540204,A00,6.0,5.0,6.5,,,,,,,
7340301,D01,7.2,,,8.0,8.0,,,,,
7480201,D01,7.0,,,7.2,7.2,,,,,
7340115,A00,8.5,8.5,7.8,,,,,,,
7480201,A00,8.0,7.75,7.8,,,,,,,
7540106,A00,7.2,8.0,7.0,,,,,,,
7810201,D01,6.0,,,6.6,6.2,,,,,
7510401,A00,7.75,7.5,7.4,,,,,,,
7340115,A01,8.0,8.8,,7.6,,,,,,
7510401,A00,7.6,5.25,8.75,,,,,,,
7510202,D01,6.75,,,7.2,6.6,,,,,
7810103,D01,7.6,,,7.0,8.25,,,,,
7510203,D01,5.0,,,4.8,7.0,,,,,
7540101,A01,8.4,6.5,,8.8,,,,,,
7540101,A00,7.0,7.5,6.8,,,,,,,
7220204,D01,6.8,,,9.0,7.25,,,,,
7510301,A00,7.2,7.25,6.25,,,,,,,
7480201,A01,8.8,6.0,,8.0,,,,,,
7810202,D01,6.25,,,8.0,7.6,,,,,
7340201,A00,8.0,6.75,7.8,,,,,,,
7819010,A00,6.25,5.75,6.8,,,,,,,
7480201,A00,7.5,7.5,8.8,,,,,,,
7340201,D01,8.4,,,7.8,7.0,,,,,
7220204,A01,8.4,8.0,,7.6,,,,,,
7540105,A00,7.8,6.75,6.25,,,,,,,
7540101,A00,7.75,7.25,6.8,,,,,,,
7480202,D07,6.5,,7.0,6.8,,,,,,
7480201,D01,7.0,,,8.0,7.0,,,,,
7340115,A00,7.5,8.0,8.2,,,,,,,
7810202,D01,7.6,,,7.2,8.5,,,,,
7340301,D01,8.5,,,7.4,7.2,,,,,
7340101,D01,7.4,,,8.2,7.75,,,,,
7510303,A00,5.5,4.5,6.6,,,,,,,
7540101,A00,7.0,7.25,6.8,,,,,,,
7340115,D01,8.5,,,7.8,6.0,,,,,
7540101,B00,8.5,,6.5,,,,7.8,,,
7340120,A00,7.75,7.75,8.0,,,,,,,
7480201,D01,8.75,,,6.8,7.0,,,,,
7340201,D01,8.25,,,7.8,5.2,,,,,
7480201,D07,7.75,,8.4,7.2,,,,,,
7540101,B00,8.0,,7.75,,,,7.5,,,
7380107,D01,8.75,,,6.8,7.0,,,,,
7380107,D01,7.5,,,6.8,7.8,,,,,
7510301,D01,7.6,,,6.0,7.25,,,,,
7340120,D01,7.5,,,6.8,7.0,,,,,
7340120,D01,9.25,,,7.6,7.2,,,,,
7540101,A00,8.4,8.0,8.0,,,,,,,
7460108,D07,5.25,,6.0,6.8,,,,,,
7220201,D01,8.2,,,8.8,7.75,,,,,
7340201,A00,7.5,8.5,7.6,,,,,,,
7540101,B00,7.0,,7.5,,,,7.6,,,
7510301,D01,6.5,,,6.8,4.0,,,,,
7520115,D01,6.25,,,5.0,7.4,,,,,
7340301,D01,8.0,,,6.6,6.4,,,,,
7340115,D01,8.5,,,7.8,7.4,,,,,
7340115,D01,9.25,,,7.0,5.8,,,,,
7480201,A00,7.25,8.75,8.4,,,,,,,
7340115,D01,7.5,,,7.4,7.8,,,,,
7540105,A00,7.2,6.5,6.5,,,,,,,
7510202,D01,6.5,,,6.2,4.2,,,,,
7220201,D09,8.0,,,7.2,,8.4,,,,
7810202,D01,7.2,,,8.4,7.0,,,,,
7819009,A00,7.75,6.5,6.6,,,,,,,
7480201,A00,7.6,7.5,8.75,,,,,,,
7340120,D01,7.75,,,7.2,7.8,,,,,
7340115,A00,7.0,7.75,7.8,,,,,,,
7340120,A00,7.0,8.25,8.0,,,,,,,
7420201,B00,7.25,,6.5,,,,7.8,,,
7810201,D01,7.5,,,7.4,6.0,,,,,
7520115,A00,8.25,7.0,7.8,,,,,,,
7340123,A00,7.5,6.25,6.6,,,,,,,
7480201,A01,7.0,8.0,,6.8,,,,,,
7340205,A00,6.5,6.5,7.8,,,,,,,
7340201,D01,7.8,,,7.8,7.5,,,,,
7420201,B00,7.2,,7.0,,,,6.0,,,
7540204,D01,7.0,,,7.4,5.2,,,,,
7340101,D01,6.75,,,7.8,7.0,,,,,
7480201,A00,8.2,7.75,7.5,,,,,,,
7380107,A00,8.2,7.0,6.75,,,,,,,
7340201,D01,7.0,,,7.6,7.0,,,,,
7819010,A00,7.25,6.5,7.6,,,,,,,
7380107,A00,7.6,7.0,7.0,,,,,,,
7340129,D01,8.75,,,7.4,4.6,,,,,
7220201,D09,8.0,,,6.2,,7.8,,,,
7510203,D01,7.0,,,7.8,5.2,,,,,
7340201,A00,7.25,8.75,7.6,,,,,,,
7340301,D01,7.5,,,7.8,4.8,,,,,
7220204,D09,8.75,,,8.0,,7.6,,,,
7510202,A00,5.75,7.0,7.0,,,,,,,
7340120,D01,7.0,,,8.0,8.6,,,,,
7810201,D01,8.25,,,7.0,5.2,,,,,
7380107,A00,8.2,6.0,7.5,,,,,,,
7340115,D01,8.6,,,8.6,7.75,,,,,
7340120,A01,7.8,7.25,,8.0,,,,,,
7220204,D01,8.2,,,7.2,8.75,,,,,
7510401,B00,7.5,,7.75,,,,7.2,,,
7480201,A00,7.5,8.25,8.6,,,,,,,
7340115,A00,8.0,8.0,7.6,,,,,,,
7380107,D01,7.4,,,8.0,7.5,,,,,
7220204,D01,7.6,,,9.0,6.25,,,,,
7510203,A00,7.2,7.75,6.25,,,,,,,
7340201,D01,8.5,,,9.0,8.4,,,,,
7340120,A00,7.75,8.25,8.0,,,,,,,
7510303,D07,7.5,,7.6,7.8,,,,,,
7480201,A00,8.0,7.0,7.5,,,,,,,
7850101,B00,6.4,,8.5,,,,6.75,,,
7510303,D01,8.0,,,5.0,6.0,,,,,
7480201,A00,6.5,7.5,8.2,,,,,,,
7340115,A01,6.5,8.6,,8.2,,,,,,
7480201,A00,7.25,6.0,7.8,,,,,,,
7380107,D01,7.6,,,6.4,8.25,,,,,
7340201,D01,7.6,,,8.6,6.5,,,,,
7810202,D01,7.4,,,8.8,7.5,,,,,
7420201,A01,5.8,5.5,,4.8,,,,,,
7510202,D01,7.0,,,6.2,7.0,,,,,
7510303,A00,7.0,7.25,6.8,,,,,,,
7340301,D01,7.5,,,7.2,7.0,,,,,
7340301,A00,7.0,7.75,6.6,,,,,,,
7340201,D01,7.4,,,7.0,7.75,,,,,
7340301,A00,8.25,8.0,7.2,,,,,,,
7480201,D01,8.6,,,5.6,8.0,,,,,
7340101,A00,7.5,6.5,7.2,,,,,,,
7340123,D01,5.4,,,7.4,7.75,,,,,
7420201,B00,7.8,,6.5,,,,7.0,,,
7380107,D15,,,,7.25,7.75,,,5.6,,
7220201,A01,6.5,6.8,,7.8,,,,,,
7510303,A00,5.25,7.25,7.2,,,,,,,
7340120,A00,8.0,8.0,7.6,,,,,,,
7540106,B00,7.25,,7.0,,,,7.2,,,
7340301,D01,7.6,,,7.6,7.0,,,,,
7480201,A01,7.2,7.25,,9.0,,,,,,
7480201,D01,8.0,,,8.6,6.25,,,,,
7340115,D01,8.0,,,7.0,9.0,,,,,
7340101,D01,9.25,,,7.6,6.0,,,,,
7540204,D01,6.0,,,5.8,5.75,,,,,
7340301,A00,6.0,6.75,7.8,,,,,,,
7510301,D01,5.67,,,7.4,3.8,,,,,
7810202,D01,6.75,,,7.8,7.6,,,,,
7380107,D15,,,,8.0,7.0,,,7.6,,
7480202,A00,6.0,5.5,7.8,,,,,,,
7810201,A00,6.75,8.25,8.2,,,,,,,
7540101,B00,7.25,,7.0,,,,8.2,,,
7510303,A00,6.5,6.25,6.0,,,,,,,
7340115,A00,8.0,7.75,7.4,,,,,,,
7510303,D01,6.8,,,6.6,7.5,,,,,
7510301,A00,7.8,3.75,5.25,,,,,,,
7540101,D07,7.25,,6.8,7.4,,,,,,
7540106,D07,7.75,,6.8,7.4,,,,,,
7220204,D01,7.25,,,6.4,7.2,,,,,
7340115,A01,7.25,8.4,,9.0,,,,,,
7810201,D15,,,,5.25,7.0,,,6.6,,
7540101,A00,7.5,8.0,8.2,,,,,,,
7340101,D01,7.75,,,7.2,6.6,,,,,
7420201,A00,5.4,6.75,5.5,,,,,,,
7510303,D01,5.0,,,5.0,7.25,,,,,
7540106,B00,7.2,,8.0,,,,7.0,,,
7340115,D01,9.0,,,7.6,8.8,,,,,
7819010,A01,7.0,8.0,,8.2,,,,,,
7340129,D01,7.25,,,6.4,8.4,,,,,
7510301,D01,5.83,,,7.6,8.4,,,,,
7340129,D01,7.2,,,6.8,7.25,,,,,
7480202,D01,6.2,,,4.6,7.5,,,,,
7819009,B00,5.75,,7.0,,,,6.6,,,
7220201,D01,8.5,,,8.2,8.0,,,,,
7340201,A01,8.2,7.75,,7.4,,,,,,
7819010,A00,7.0,6.5,6.4,,,,,,,
7340101,D01,8.25,,,7.4,5.8,,,,,
7510301,D01,7.0,,,5.4,6.0,,,,,
7810201,D01,7.2,,,7.4,7.5,,,,,
7480202,A01,7.75,4.2,,7.2,,,,,,
7220201,D01,6.25,,,8.0,8.6,,,,,
7220204,A01,8.4,7.75,,8.2,,,,,,
7420201,B00,7.0,,6.0,,,,6.2,,,
7810202,A01,7.0,7.6,,8.6,,,,,,
7340301,A01,6.75,8.0,,7.8,,,,,,
7340115,A01,6.75,9.0,,8.4,,,,,,
7420201,A00,7.0,5.5,7.5,,,,,,,
7480201,A00,8.2,6.5,7.5,,,,,,,
7540105,A00,8.0,7.0,5.75,,,,,,,
7520115,D07,5.75,,6.4,7.8,,,,,,
7380107,D15,,,,7.5,7.5,,,5.2,,
7520115,A00,5.25,6.5,5.4,,,,,,,
7340301,D01,7.2,,,8.6,7.5,,,,,
7340101,A00,7.25,8.5,8.0,,,,,,,
7510303,A01,7.5,5.4,,8.0,,,,,,
7480201,D01,6.6,,,8.8,7.0,,,,,
7510303,D07,7.8,,7.25,7.0,,,,,,
7380107,D15,,,,8.0,7.25,,,5.0,,
7850101,A00,6.0,6.0,6.0,,,,,,,
7220201,D01,7.8,,,8.2,7.42,,,,,
7810103,D01,7.0,,,7.4,5.6,,,,,
7340301,A00,7.5,5.75,8.0,,,,,,,
7819010,B00,6.75,,6.25,,,,7.4,,,
7380107,A00,8.25,6.75,7.6,,,,,,,
7510301,A01,6.75,6.4,,7.8,,,,,,
7510202,D01,7.4,,,6.0,6.0,,,,,
7510303,A00,6.75,6.75,7.6,,,,,,,
7480201,A00,7.0,8.75,7.6,,,,,,,
7340129,D01,7.25,,,5.8,7.0,,,,,
7810103,A01,7.8,7.0,,7.4,,,,,,
7540106,A00,6.8,6.0,5.5,,,,,,,
7480202,D01,5.75,,,7.4,7.6,,,,,
7340120,D01,7.25,,,7.0,7.4,,,,,
7340201,D01,7.25,,,6.8,6.2,,,,,
7810201,D01,7.0,,,8.0,7.0,,,,,
7540105,D07,5.75,,7.4,7.0,,,,,,
7420201,D07,6.2,,5.75,8.2,,,,,,
7480201,A00,7.75,8.5,7.4,,,,,,,
7480201,A00,6.5,8.25,7.0,,,,,,,
7340205,A00,5.5,5.75,7.0,,,,,,,
7340129,A00,5.25,6.25,7.6,,,,,,,
7510202,A00,8.0,5.75,7.5,,,,,,,
7340301,D01,7.0,,,6.4,8.0,,,,,
7340201,A00,6.0,8.0,8.0,,,,,,,
7340101,A00,7.75,7.0,7.6,,,,,,,
7810201,D01,7.25,,,5.8,6.4,,,,,
7220204,D01,8.75,,,8.2,7.0,,,,,
7480201,A00,7.25,7.75,8.0,,,,,,,
7380107,D01,7.5,,,7.0,6.8,,,,,
7480202,A00,7.0,7.75,8.2,,,,,,,
7480202,D01,8.0,,,5.6,6.75,,,,,
7510303,A00,6.8,6.5,5.75,,,,,,,
7510303,D01,6.5,,,6.8,4.4,,,,,
7480202,A00,7.5,7.25,7.4,,,,,,,
7510301,A00,6.4,6.5,7.25,,,,,,,
7340301,D01,7.6,,,8.6,7.25,,,,,
7420201,B00,8.5,,8.0,,,,7.6,,,
7510203,A00,8.0,8.25,7.8,,,,,,,
7540101,D07,8.2,,7.75,8.6,,,,,,
7480201,D01,5.75,,,7.6,7.4,,,,,
7810201,D01,7.4,,,8.0,7.0,,,,,
7380107,A01,7.5,8.0,,7.4,,,,,,
7340101,A01,8.2,7.0,,8.4,,,,,,
7510303,A00,6.5,6.25,6.6,,,,,,,
7340201,A01,7.8,7.25,,9.0,,,,,,
7480201,A01,8.5,8.4,,7.4,,,,,,
7340201,A01,8.4,6.75,,9.2,,,,,,
7340120,A00,7.5,8.0,8.2,,,,,,,
7220201,A01,7.75,8.8,,8.8,,,,,,
7540101,B00,7.8,,8.25,,,,7.75,,,
7510303,D01,6.0,,,7.2,6.2,,,,,
7810202,D01,8.0,,,6.0,6.2,,,,,
7340120,D01,7.8,,,7.4,8.0,,,,,
7810103,D01,8.75,,,5.0,6.0,,,,,
7540101,D07,7.0,,7.6,8.2,,,,,,
7819009,A01,5.25,5.0,,6.0,,,,,,
7480201,A01,7.5,8.4,,8.0,,,,,,
7340301,D01,7.5,,,6.8,9.0,,,,,
7340101,A01,7.0,6.4,,7.4,,,,,,
7480201,D01,7.5,,,5.6,8.6,,,,,
7220201,A01,7.5,7.6,,8.2,,,,,,
7510303,A01,7.6,7.25,,8.6,,,,,,
7380107,D01,7.2,,,8.2,7.25,,,,,
7810103,D01,9.25,,,6.2,6.2,,,,,
7340301,A00,7.25,8.0,8.0,,,,,,,
7520115,D01,6.25,,,6.6,5.6,,,,,
7340120,A00,7.75,7.25,8.2,,,,,,,
7340101,A00,7.0,7.75,8.0,,,,,,,
7340301,D01,8.0,,,7.0,7.2,,,,,
7810103,A00,7.0,7.75,7.0,,,,,,,
7220204,D01,7.75,,,6.6,6.2,,,,,
7340205,D01,7.5,,,7.4,6.2,,,,,
7480201,D01,7.2,,,8.6,7.5,,,,,
7340115,D01,7.75,,,7.2,8.8,,,,,
7340301,A00,8.25,6.25,7.0,,,,,,,
7480201,A00,8.4,7.25,8.0,,,,,,,
7480201,A01,7.0,6.8,,7.4,,,,,,
7480201,A00,8.2,6.5,8.25,,,,,,,
7510203,A00,7.5,7.75,7.6,,,,,,,
7340129,D01,7.0,,,6.4,6.75,,,,,
7540106,D07,7.5,,7.2,6.8,,,,,,
7510203,A00,6.8,5.75,5.5,,,,,,,
7380107,A00,6.25,8.5,7.8,,,,,,,
7510202,D01,5.75,,,8.0,4.4,,,,,
7510203,A01,6.0,4.25,,6.4,,,,,,
7510303,A00,6.2,6.0,5.0,,,,,,,
7810103,A00,6.5,7.75,7.8,,,,,,,
7540106,A00,7.25,7.25,7.4,,,,,,,
7220201,A01,6.75,8.8,,6.6,,,,,,
7480201,D01,6.25,,,7.8,8.4,,,,,
7540101,A00,7.75,8.0,8.4,,,,,,,
7810202,D15,,,,8.5,7.0,,,6.2,,
7340120,D01,8.2,,,8.4,7.0,,,,,
7340101,A00,8.2,7.25,7.75,,,,,,,
7510301,A01,6.0,8.2,,7.6,,,,,,
7220201,D09,8.5,,,6.8,,7.6,,,,
7510202,D01,4.6,,,6.2,6.0,,,,,
7480201,A00,7.0,6.75,7.4,,,,,,,
7340201,D01,7.5,,,7.2,6.4,,,,,
7810201,A01,8.0,5.75,,9.4,,,,,,
7340115,D01,8.75,,,8.2,7.6,,,,,
7480201,D01,7.5,,,7.8,5.2,,,,,
7340301,A00,7.25,6.25,7.2,,,,,,,
7480201,D01,7.6,,,7.4,7.5,,,,,
7340120,A00,7.25,7.0,7.2,,,,,,,
7340115,D01,8.0,,,9.0,7.25,,,,,
7810202,D15,,,,8.0,6.75,,,4.2,,
7340201,D01,7.0,,,7.0,7.6,,,,,
7340120,D01,8.0,,,7.4,8.2,,,,,
7510203,A00,8.8,6.5,7.75,,,,,,,
7480201,D01,8.5,,,7.2,5.0,,,,,
7340115,D01,7.75,,,7.0,7.8,,,,,
7340120,A01,8.0,8.25,,8.0,,,,,,
7540106,A00,6.5,7.75,7.2,,,,,,,
7810103,A00,6.0,6.25,6.6,,,,,,,
7480201,A00,7.0,7.0,7.6,,,,,,,
7510202,D01,5.2,,,3.0,8.5,,,,,
7340101,D01,8.0,,,9.0,7.0,,,,,
7340201,A00,8.2,8.0,8.0,,,,,,,
7340101,A01,7.25,7.2,,7.6,,,,,,
7819010,D07,6.5,,4.4,6.6,,,,,,
7380107,A01,7.2,7.5,,8.6,,,,,,
7380107,A00,7.5,7.5,7.4,,,,,,,
7340115,A00,7.5,8.5,7.8,,,,,,,
7480201,A01,7.6,6.5,,9.0,,,,,,
7340120,D01,7.75,,,7.8,6.6,,,,,
7380107,D01,7.5,,,6.4,6.2,,,,,
7340101,D01,8.5,,,8.4,6.4,,,,,
7510303,A01,6.4,3.5,,7.8,,,,,,
7510303,A00,7.75,6.5,7.0,,,,,,,
7340101,D01,8.4,,,9.0,6.75,,,,,
7810201,D01,6.0,,,7.8,8.0,,,,,
7480201,A00,7.0,6.75,7.2,,,,,,,
7540101,A00,7.25,6.0,7.8,,,,,,,
7340120,A01,8.0,7.25,,8.6,,,,,,
7510303,A01,6.75,3.6,,7.6,,,,,,
7340101,A00,7.5,7.25,8.0,,,,,,,
7480201,A00,7.5,6.25,7.4,,,,,,,
7510303,A00,6.6,5.25,5.75,,,,,,,
7220204,D01,7.8,,,7.4,8.25,,,,,
7340120,A00,7.25,7.5,8.2,,,,,,,
7510203,D07,7.75,,6.6,7.2,,,,,,
7850101,A00,7.6,5.25,8.25,,,,,,,
7340115,D01,7.75,,,7.4,8.4,,,,,
7540106,B00,6.5,,6.5,,,,7.2,,,
7340301,A00,7.6,7.0,8.0,,,,,,,
7220201,D01,7.25,,,6.4,8.0,,,,,
7420201,B00,7.0,,5.5,,,,5.0,,,
7510303,A00,6.5,7.75,7.8,,,,,,,
7510401,B00,7.5,,7.5,,,,7.8,,,
7540105,A00,8.2,6.25,5.75,,,,,,,
7380107,D01,7.25,,,5.8,6.2,,,,,
7540106,A00,6.6,5.0,6.75,,,,,,,
7540101,A00,8.6,7.75,8.25,,,,,,,
7510203,D07,7.0,,5.6,7.4,,,,,,
7540101,D07,8.2,,8.0,9.0,,,,,,
7380107,A00,7.6,6.5,8.0,,,,,,,
7810103,D01,7.4,,,7.6,8.25,,,,,
7480201,D01,7.8,,,8.0,8.0,,,,,
7510203,A00,6.5,7.5,7.0,,,,,,,
7340101,D01,7.75,,,6.8,7.2,,,,,
7340115,D01,7.67,,,8.2,8.2,,,,,
7480202,D01,7.0,,,8.2,7.8,,,,,
7420201,B00,7.0,,5.25,,,,6.25,,,
7340120,D01,8.25,,,8.4,6.4,,,,,
7340129,A00,8.2,7.0,7.0,,,,,,,
7340101,D01,7.6,,,8.4,7.75,,,,,
7340115,D01,9.25,,,7.4,7.0,,,,,
7340301,A00,7.75,8.5,8.0,,,,,,,
7340201,A00,6.5,8.5,8.2,,,,,,,
7510303,A01,6.75,7.6,,7.6,,,,,,
7819010,B00,4.75,,6.0,,,,6.0,,,
7480201,D01,8.0,,,6.8,7.5,,,,,
7340101,A00,7.25,8.25,7.6,,,,,,,
7480201,A00,7.25,8.25,8.2,,,,,,,
7220201,D01,6.75,,,5.8,8.4,,,,,
7420201,A00,6.75,6.75,7.6,,,,,,,
7520115,D01,6.0,,,7.0,5.2,,,,,
7540106,B00,6.4,,6.75,,,,6.25,,,
7340120,D01,8.25,,,8.0,6.8,,,,,
7510203,D01,6.6,,,5.2,6.5,,,,,
7340101,A01,8.0,7.2,,6.6,,,,,,
7340101,A00,7.25,7.5,7.8,,,,,,,
7480201,A00,9.0,8.25,7.25,,,,,,,
7480201,D01,8.2,,,6.6,7.75,,,,,
7510303,D01,7.2,,,5.4,5.5,,,,,
7510202,A01,6.25,4.4,,7.0,,,,,,
7340101,A00,7.25,7.5,9.0,,,,,,,
7380107,D01,7.25,,,7.0,4.8,,,,,
7340201,A00,7.75,6.5,7.2,,,,,,,
7340115,A00,8.5,8.0,8.4,,,,,,,
7340129,D01,8.75,,,7.2,6.2,,,,,
7510301,A00,7.8,5.75,6.0,,,,,,,
7480201,A00,8.5,7.75,7.2,,,,,,,
7340115,A00,8.5,7.25,8.0,,,,,,,
7520115,A00,6.0,6.5,6.6,,,,,,,
7340201,A00,9.0,8.25,8.0,,,,,,,
7340115,A00,7.75,8.25,8.0,,,,,,,
7510303,A00,8.0,6.5,6.0,,,,,,,
7420201,B00,8.0,,8.0,,,,7.5,,,
7340201,A01,8.4,8.0,,6.6,,,,,,
7220201,A01,7.0,8.6,,8.2,,,,,,
7510202,D01,6.2,,,7.4,6.08,,,,,
7340301,A00,7.5,8.0,8.2,,,,,,,
7540101,A00,7.5,9.0,8.0,,,,,,,
7510303,D07,6.75,,4.2,6.6,,,,,,
7220204,D01,7.5,,,7.4,8.0,,,,,
7510301,A00,6.5,6.75,8.0,,,,,,,
7480202,A00,6.75,8.25,8.0,,,,,,,
7520115,A01,6.75,6.2,,4.6,,,,,,
7510203,A00,6.75,7.0,8.0,,,,,,,
7340205,A00,6.5,8.0,5.6,,,,,,,
7520115,D01,6.25,,,7.2,5.2,,,,,
7380107,D15,,,,8.75,7.0,,,7.0,,
7510202,A00,6.75,5.5,6.4,,,,,,,
7510301,A00,6.4,6.0,4.75,,,,,,,
7480202,A00,6.25,7.25,7.6,,,,,,,
7340120,A00,6.25,7.5,7.4,,,,,,,
7340123,D01,7.0,,,7.4,6.2,,,,,
7480201,D07,7.25,,7.6,8.4,,,,,,
7520115,A00,5.75,6.5,5.4,,,,,,,
7220201,D01,7.2,,,8.8,8.75,,,,,
7420201,B00,7.75,,7.75,,,,8.0,,,
7340201,D01,7.2,,,8.6,7.75,,,,,
7340129,A00,6.0,7.5,6.6,,,,,,,
7510303,A00,8.4,7.75,7.25,,,,,,,
7340115,D01,8.0,,,7.6,8.0,,,,,
7340122,D01,8.0,,,7.0,7.8,,,,,
7480201,A01,7.25,7.8,,8.6,,,,,,
7480201,A00,6.5,7.25,8.4,,,,,,,
7220201,D01,7.4,,,8.8,9.0,,,,,
7340123,D01,7.0,,,5.4,6.2,,,,,
7540204,D01,7.0,,,4.4,5.0,,,,,
7819009,B00,6.0,,6.5,,,,7.2,,,
7340201,D01,8.2,,,7.4,7.25,,,,,
7220201,D01,8.0,,,8.8,7.0,,,,,
7340122,A01,7.5,7.2,,7.6,,,,,,
7810202,D01,8.2,,,6.6,7.5,,,,,
7540101,B00,7.0,,7.0,,,,8.2,,,
7340101,D01,7.5,,,8.2,6.6,,,,,
7420201,A01,6.75,7.2,,8.0,,,,,,
7340120,A00,7.5,8.0,7.6,,,,,,,
7480201,A00,7.5,7.5,8.0,,,,,,,
7510303,A00,6.6,5.75,5.5,,,,,,,
7480201,D07,8.6,,7.5,9.0,,,,,,
7480201,A00,7.0,8.5,8.6,,,,,,,
7510303,A00,6.5,5.75,7.2,,,,,,,
7510406,D07,5.0,,7.0,7.8,,,,,,
7340129,D01,6.8,,,6.2,7.25,,,,,
7480201,A01,7.5,6.4,,8.0,,,,,,
7340115,A01,6.25,8.6,,7.6,,,,,,
7810201,A00,7.8,7.75,7.75,,,,,,,
7480201,D07,8.4,,7.75,6.6,,,,,,
7480202,D07,7.25,,6.6,8.0,,,,,,
7380107,A01,6.25,6.2,,7.6,,,,,,
7380107,D01,6.5,,,7.4,7.8,,,,,
7340301,A00,7.25,8.25,7.6,,,,,,,
7340120,D01,8.5,,,6.8,7.0,,,,,
7220201,A01,8.25,7.6,,7.8,,,,,,
7540101,D07,8.2,,9.0,7.8,,,,,,
7540101,B00,8.25,,7.5,,,,7.6,,,
7810202,A01,8.0,8.0,,7.4,,,,,,
7480201,A01,8.4,6.75,,7.8,,,,,,
7340120,A00,8.4,7.75,7.25,,,,,,,
7480201,A00,7.0,8.25,7.4,,,,,,,
7850101,A01,5.25,4.8,,6.8,,,,,,
7480201,D07,8.5,,7.6,7.8,,,,,,
7340120,A01,8.6,7.25,,9.2,,,,,,
7340201,A00,6.75,8.0,8.2,,,,,,,
7380107,A00,7.75,7.25,8.2,,,,,,,
7380107,A01,8.4,8.75,,6.6,,,,,,
7340101,D01,7.25,,,6.6,8.2,,,,,
7340101,A00,8.6,7.25,8.5,,,,,,,
7340123,D01,6.0,,,5.6,4.4,,,,,
7510401,A00,5.0,7.75,7.0,,,,,,,
7340101,A00,7.25,7.25,7.2,,,,,,,
7510406,A00,4.75,6.25,5.8,,,,,,,
7380107,D01,7.2,,,7.6,8.0,,,,,
7420201,A01,7.25,8.4,,7.8,,,,,,
7510202,A00,6.25,6.25,7.2,,,,,,,
7480202,A00,4.75,6.5,7.6,,,,,,,
7340301,A00,7.0,6.75,8.2,,,,,,,
7540101,D07,6.5,,8.2,7.2,,,,,,
7220201,A01,7.25,8.2,,7.0,,,,,,
7340201,A01,8.6,7.0,,7.6,,,,,,
7480201,A01,7.5,7.8,,8.0,,,,,,
7810201,A00,8.0,7.25,8.25,,,,,,,
7510303,A00,7.0,7.5,7.2,,,,,,,
7340301,A00,8.0,7.5,6.75,,,,,,,
7810202,D01,8.2,,,6.4,8.0,,,,,
7340120,A01,8.0,8.0,,8.8,,,,,,
7810202,D01,7.8,,,7.2,7.75,,,,,
7510303,A01,8.2,8.25,,4.2,,,,,,
7340301,D01,8.25,,,6.2,5.6,,,,,
7340129,A00,5.25,6.5,7.0,,,,,,,
7380107,A00,7.6,7.0,7.25,,,,,,,
7340115,A00,8.0,8.5,7.4,,,,,,,
7340115,A00,8.8,6.5,8.5,,,,,,,
7510301,A01,6.25,7.6,,7.0,,,,,,
7340101,D01,8.0,,,6.8,8.2,,,,,
7340122,D01,7.75,,,7.8,7.0,,,,,
7510202,D01,5.75,,,7.2,6.6,,,,,
7810201,D01,7.75,,,6.6,6.0,,,,,
7540106,D07,9.0,,6.8,7.4,,,,,,
7510401,A00,5.5,6.25,6.6,,,,,,,
7810201,A01,8.2,6.75,,8.6,,,,,,
7850101,A00,5.75,5.5,7.0,,,,,,,
7340123,D01,7.0,,,6.4,5.6,,,,,
7340101,D01,7.6,,,8.0,8.0,,,,,
7420201,A00,7.5,6.75,7.8,,,,,,,
7420201,B00,6.0,,8.0,,,,5.75,,,
7480201,A01,8.0,7.25,,9.2,,,,,,
7480201,D01,7.0,,,8.2,6.0,,,,,
7510401,A00,5.0,6.5,6.8,,,,,,,
7480202,D01,8.25,,,7.4,6.2,,,,,
7540101,B00,8.2,,7.75,,,,8.25,,,
7510303,A00,5.5,7.0,7.0,,,,,,,
7340115,A01,7.25,7.2,,7.6,,,,,,
7340201,D01,6.8,,,8.6,7.75,,,,,
7420201,D07,8.25,,7.0,8.2,,,,,,
7340115,A00,7.75,7.75,8.0,,,,,,,
7340122,D01,7.75,,,6.4,8.0,,,,,
7480201,A00,8.2,7.5,7.5,,,,,,,
7510303,A01,6.75,7.8,,7.4,,,,,,
7510301,D01,7.2,,,5.8,7.25,,,,,
7220201,A01,6.0,7.4,,7.8,,,,,,
7220201,D01,8.0,,,6.4,7.4,,,,,
7340123,A00,7.5,6.75,7.8,,,,,,,
7480201,A00,9.2,7.5,8.0,,,,,,,
7480201,A00,8.25,7.75,7.8,,,,,,,
7510203,A00,6.0,7.75,8.2,,,,,,,
7540204,D01,7.5,,,4.8,3.6,,,,,
7480201,A01,7.8,6.75,,8.2,,,,,,
7340120,A00,6.5,7.25,7.6,,,,,,,
7340120,D01,8.75,,,7.2,7.6,,,,,
7480201,A00,8.6,6.5,7.0,,,,,,,
7340129,A00,6.75,7.0,7.6,,,,,,,
7540106,A00,6.4,3.75,7.75,,,,,,,
7380107,D01,7.5,,,6.2,7.0,,,,,
7340115,A01,8.4,7.75,,8.8,,,,,,
7480201,A01,8.4,7.75,,7.6,,,,,,
7340115,A00,7.8,7.25,8.5,,,,,,,
7520115,A00,7.25,7.5,7.2,,,,,,,
7480201,A01,8.75,7.6,,8.2,,,,,,
7340129,A00,7.2,6.5,6.5,,,,,,,
7340115,D01,8.75,,,7.6,7.6,,,,,
7340201,A00,7.75,7.25,7.8,,,,,,,
7340201,D01,7.2,,,7.8,8.25,,,,,
7510401,A00,8.6,5.25,7.0,,,,,,,
7510401,B00,6.0,,5.75,,,,7.6,,,
7380107,D01,7.5,,,7.4,7.4,,,,,
7340122,A00,8.25,7.5,8.2,,,,,,,
7420201,B00,7.6,,7.25,,,,7.25,,,
7480202,A00,7.5,7.25,8.0,,,,,,,
7340101,D01,7.5,,,7.6,8.4,,,,,
7380107,A00,5.75,7.25,7.0,,,,,,,
7480201,A00,7.0,8.25,7.2,,,,,,,
7480201,A00,7.5,7.0,7.0,,,,,,,
7510401,B00,7.0,,8.0,,,,7.5,,,
7810103,D01,5.75,,,6.8,7.6,,,,,
7480201,D07,7.6,,8.0,8.6,,,,,,
7340120,A00,8.75,7.5,7.8,,,,,,,
7819010,A00,7.25,7.25,7.2,,,,,,,
7220201,D01,7.25,,,7.2,8.0,,,,,
7810103,D15,,,,7.5,7.25,,,7.2,,
7540105,A00,7.5,6.0,8.0,,,,,,,
7340301,A00,7.6,7.25,8.25,,,,,,,
7510303,A00,7.0,6.0,5.0,,,,,,,
7340129,A00,8.0,8.25,6.6,,,,,,,
7810202,D01,6.6,,,8.2,8.25,,,,,
7510301,A01,6.5,5.6,,7.6,,,,,,
7340115,D01,8.25,,,7.6,6.6,,,,,
7340201,A01,8.4,7.5,,8.4,,,,,,
7540105,A01,5.6,5.75,,5.6,,,,,,
7340201,A00,7.6,8.0,8.0,,,,,,,
7220201,A01,8.2,7.0,,9.0,,,,,,
7540204,D01,7.4,,,6.8,6.75,,,,,
7340201,A00,6.5,8.5,7.6,,,,,,,
7340101,A01,7.8,8.25,,8.2,,,,,,
7510303,D07,6.75,,6.8,7.0,,,,,,
7510203,D01,5.6,,,4.8,5.25,,,,,
7810201,D01,8.0,,,5.8,7.6,,,,,
7340101,D01,6.0,,,7.4,8.4,,,,,
7340115,A01,7.0,8.2,,6.8,,,,,,
7340129,D01,8.0,,,6.4,5.6,,,,,
7220201,A01,7.25,8.6,,7.6,,,,,,
7480201,A00,8.6,7.75,7.25,,,,,,,
7540105,A00,8.4,8.25,8.25,,,,,,,
7480201,D01,8.5,,,8.0,5.4,,,,,
7340101,A00,7.5,8.0,6.8,,,,,,,
7380107,D01,7.4,,,6.4,7.0,,,,,
7340120,A00,8.0,7.75,7.6,,,,,,,
7340122,A00,7.0,7.5,7.8,,,,,,,
7340101,A00,8.2,8.0,7.75,,,,,,,
7480201,D01,7.5,,,5.6,8.0,,,,,
7540106,A00,6.6,7.0,7.5,,,,,,,
7340201,A01,7.5,6.2,,8.0,,,,,,
7380107,A00,7.75,7.0,7.8,,,,,,,
7810201,A01,7.5,7.4,,7.6,,,,,,
7420201,B00,6.6,,5.25,,,,5.25,,,
7340101,D01,8.25,,,7.4,6.2,,,,,
7340101,A01,7.5,7.8,,7.4,,,,,,
7340129,A00,6.8,7.5,7.5,,,,,,,
7510202,A00,6.5,7.5,6.6,,,,,,,
7340129,A00,7.25,6.75,8.0,,,,,,,
7340120,A01,7.75,8.2,,8.0,,,,,,
7340115,D01,8.5,,,8.2,7.4,,,,,
7380107,D01,8.0,,,6.4,7.5,,,,,
7540101,A00,6.75,7.75,7.4,,,,,,,
7420201,A00,6.75,7.5,7.2,,,,,,,
7540101,D07,7.4,,8.0,9.0,,,,,,
7480201,D07,8.5,,7.0,8.2,,,,,,
7510303,A01,6.5,7.4,,7.8,,,,,,
7380107,D01,6.75,,,7.0,7.2,,,,,
7810201,A01,8.0,7.75,,7.4,,,,,,
7480202,A00,6.25,9.0,8.0,,,,,,,
7380107,D15,,,,6.75,7.5,,,5.6,,
7380107,D01,7.8,,,8.0,6.25,,,,,
7540101,A00,8.6,7.75,7.25,,,,,,,
7510301,D01,6.4,,,6.0,7.0,,,,,
7510203,A00,6.6,5.75,5.75,,,,,,,
7340201,A00,8.0,8.0,7.8,,,,,,,
7340201,A00,8.8,7.75,8.75,,,,,,,
7380107,D15,,,,6.25,6.0,,,7.8,,
7510202,A00,7.4,6.75,7.25,,,,,,,
7340201,D01,8.4,,,8.2,7.5,,,,,
7819009,A01,6.25,6.8,,6.0,,,,,,
7340115,D01,8.2,,,9.2,7.25,,,,,
7340301,A00,7.5,8.25,7.8,,,,,,,
7819010,A00,6.0,7.25,7.6,,,,,,,
7340115,D01,9.0,,,7.0,6.2,,,,,
7340301,A00,7.75,8.0,7.8,,,,,,,
7810201,D01,7.0,,,7.0,5.2,,,,,
7340115,D01,8.0,,,8.6,7.8,,,,,
7340123,D01,7.6,,,4.4,8.0,,,,,
7540101,A00,7.25,7.75,7.6,,,,,,,
7340101,A00,7.5,7.0,7.0,,,,,,,
7380107,D01,8.25,,,6.8,6.2,,,,,
7540105,B00,6.0,,6.75,,,,6.4,,,
7510303,D01,6.2,,,7.8,4.5,,,,,
7480201,D07,7.5,,7.8,8.4,,,,,,
7340301,A00,7.6,7.0,8.0,,,,,,,
7380107,D01,7.8,,,7.6,6.5,,,,,
7340201,A00,8.0,6.25,6.8,,,,,,,
7460108,D01,8.5,,,7.4,6.6,,,,,
7420201,B00,6.75,,6.5,,,,6.2,,,
7340301,A00,6.75,5.75,8.0,,,,,,,
7810201,D01,6.8,,,7.8,8.0,,,,,
7340205,A00,7.25,7.75,6.6,,,,,,,
7510202,A00,5.75,7.75,7.2,,,,,,,
7340122,A00,7.25,8.25,8.0,,,,,,,
7340129,A00,7.25,7.75,7.0,,,,,,,
7540101,B00,8.5,,8.0,,,,7.4,,,
7480201,A00,7.25,8.0,9.2,,,,,,,
7340301,D01,9.0,,,6.8,4.8,,,,,
7340115,A01,7.8,8.25,,8.0,,,,,,
7480202,D01,7.2,,,4.4,6.5,,,,,
7510303,A00,8.0,6.25,7.25,,,,,,,
7480202,A00,7.5,8.25,7.2,,,,,,,
7810202,D15,,,,7.25,7.0,,,4.2,,
7340201,A00,7.2,8.25,8.25,,,,,,,
7480201,D01,7.6,,,8.0,6.25,,,,,
7340301,D01,6.8,,,7.8,7.5,,,,,
7510202,A00,6.2,4.5,6.25,,,,,,,
7220201,D01,7.25,,,6.8,7.2,,,,,
7340205,D01,6.5,,,5.6,6.6,,,,,
7340301,A00,6.0,7.25,7.4,,,,,,,
7810103,D15,,,,6.5,6.75,,,7.4,,
7340120,A01,7.75,7.8,,7.6,,,,,,
7540101,A01,8.0,6.6,,7.8,,,,,,
7480201,D01,8.2,,,9.0,6.5,,,,,
7510301,D01,6.6,,,4.6,6.0,,,,,
7510303,A00,6.75,4.25,6.8,,,,,,,
7340115,D01,7.4,,,8.4,7.75,,,,,
7510202,D01,6.0,,,4.6,6.25,,,,,
7510202,D01,6.2,,,6.4,7.25,,,,,
7540204,D01,7.0,,,5.6,5.75,,,,,
7380107,D01,7.0,,,7.8,8.0,,,,,
7810103,D15,,,,8.0,6.75,,,7.8,,
7380107,A00,8.25,6.75,8.0,,,,,,,
7540101,A00,7.0,7.0,8.2,,,,,,,
7340115,D01,8.25,,,7.8,8.0,,,,,
7420201,B00,8.0,,7.75,,,,6.25,,,
7480201,A00,8.2,6.5,7.75,,,,,,,
7480201,D01,7.8,,,8.8,7.25,,,,,
7340101,A00,6.75,8.5,6.6,,,,,,,
7810201,D01,7.0,,,7.6,4.8,,,,,
7480201,A01,7.5,6.8,,8.0,,,,,,
7340301,A00,8.25,7.5,7.8,,,,,,,
7480201,A01,7.8,8.0,,7.6,,,,,,
7480201,D07,7.0,,7.5,8.0,,,,,,
7540204,D01,6.75,,,4.4,4.4,,,,,
7510203,D01,7.0,,,3.6,5.0,,,,,
7220201,D09,7.75,,,7.0,,6.6,,,,
7340115,A00,8.0,8.0,7.5,,,,,,,
7340201,A00,7.6,6.25,8.75,,,,,,,
7220201,D01,7.6,,,9.0,7.5,,,,,
7340205,D01,6.5,,,6.2,7.2,,,,,
7340201,A00,7.8,6.0,8.5,,,,,,,
7810201,D01,6.0,,,6.4,5.6,,,,,
7420201,B00,7.4,,7.75,,,,6.75,,,
7480201,A01,7.0,7.25,,9.4,,,,,,
7340101,A00,6.75,6.75,7.6,,,,,,,
7460108,A00,6.5,6.25,7.2,,,,,,,
7340115,A00,8.5,7.5,7.8,,,,,,,
7340201,A01,7.25,8.8,,7.2,,,,,,
7220201,D01,8.0,,,6.4,8.2,,,,,
7340101,A01,8.4,7.75,,8.2,,,,,,
7540204,D01,6.0,,,7.4,7.0,,,,,
7810103,D01,7.0,,,5.6,6.6,,,,,
7340301,A00,7.8,6.75,7.5,,,,,,,
7340301,D01,7.0,,,6.4,6.8,,,,,
7810202,D01,7.75,,,7.6,7.8,,,,,
7540204,D01,7.5,,,7.4,6.8,,,,,
7480201,D01,6.5,,,6.8,8.2,,,,,
7810202,A00,8.0,8.25,8.0,,,,,,,
7460108,A00,6.5,6.5,7.0,,,,,,,
7540204,D01,6.0,,,7.0,8.75,,,,,
7340301,A00,7.2,7.25,8.0,,,,,,,
7220204,D01,8.5,,,7.6,6.8,,,,,
7480202,D01,6.25,,,7.4,5.8,,,,,
7480201,D07,7.5,,6.4,7.4,,,,,,
7340115,A00,8.0,8.25,8.2,,,,,,,
7510301,A00,7.4,6.5,5.5,,,,,,,
7340201,A01,8.0,6.5,,8.8,,,,,,
7510202,A00,5.0,7.75,7.2,,,,,,,
7340120,A00,6.5,7.75,7.2,,,,,,,
7510401,D07,7.0,,7.75,7.8,,,,,,
7540106,B00,7.6,,6.5,,,,7.5,,,
7380107,D01,7.6,,,6.6,7.5,,,,,
7510301,A00,5.25,7.5,6.2,,,,,,,
7340301,A01,7.5,8.0,,8.4,,,,,,
7540105,A00,6.2,6.25,5.5,,,,,,,
7420201,B00,7.0,,7.5,,,,7.8,,,
7510202,A01,6.6,4.5,,8.0,,,,,,
7480201,A00,7.8,7.0,8.25,,,,,,,
7850101,A00,6.4,5.25,6.75,,,,,,,
7380107,D01,7.0,,,5.6,8.75,,,,,
7540101,A01,8.6,7.25,,7.8,,,,,,
7340120,D01,8.2,,,8.4,7.0,,,,,
7480201,A00,7.0,7.25,7.4,,,,,,,
7510203,D01,5.6,,,4.4,6.5,,,,,
7510202,A00,8.2,5.5,7.25,,,,,,,
7510301,D01,7.0,,,7.4,6.4,,,,,
7340120,A00,6.75,8.5,8.4,,,,,,,
7540101,A00,8.0,8.0,8.25,,,,,,,
7340301,A00,8.0,8.0,7.4,,,,,,,
7810202,D15,,,,7.75,6.5,,,5.0,,
7340129,D01,7.0,,,8.4,7.2,,,,,
7810201,A00,7.25,7.0,7.4,,,,,,,
7220201,D01,7.5,,,5.4,8.8,,,,,
7510401,D07,7.5,,6.4,7.2,,,,,,
7340120,A00,6.5,7.25,7.6,,,,,,,
7480201,D07,8.25,,8.2,6.2,,,,,,
7220204,D01,7.8,,,8.0,6.75,,,,,
7380107,D15,,,,7.0,6.5,,,6.6,,
7480201,D07,8.2,,7.5,8.2,,,,,,
7480201,A00,6.75,6.25,8.4,,,,,,,
7510401,A00,8.0,6.0,8.25,,,,,,,
7810103,A00,7.5,8.0,7.4,,,,,,,
7810202,D01,7.8,,,8.6,7.5,,,,,
7480201,A00,7.25,8.75,8.2,,,,,,,
7480202,D01,5.5,,,7.0,4.2,,,,,
7510203,A00,8.2,6.5,6.25,,,,,,,
7340101,A00,7.25,8.0,8.2,,,,,,,
7510202,D01,8.0,,,6.8,4.0,,,,,
7540101,B00,8.5,,7.0,,,,8.0,,,
7220201,D01,7.8,,,9.0,6.75,,,,,
7340201,D01,6.75,,,7.2,7.4,,,,,
7480201,D01,8.0,,,7.8,7.0,,,,,
7340120,A01,8.5,8.2,,7.8,,,,,,
7380107,A00,5.0,6.5,6.8,,,,,,,
7340101,D01,7.0,,,7.0,7.8,,,,,
7819010,A00,6.0,5.0,7.6,,,,,,,
7540101,D07,7.8,,8.75,9.6,,,,,,
7340129,A00,8.2,6.5,7.25,,,,,,,
7380107,A01,7.6,6.75,,7.8,,,,,,
7340122,A00,8.0,7.0,8.2,,,,,,,
7810202,D01,6.5,,,6.6,5.0,,,,,
7810201,A00,8.75,8.0,7.6,,,,,,,
7380107,A00,7.25,7.5,8.2,,,,,,,
7819010,D07,5.5,,6.2,8.4,,,,,,
7480202,D01,7.0,,,3.2,6.25,,,,,
7340101,D01,6.5,,,7.4,7.2,,,,,
7480201,A00,7.5,7.0,7.6,,,,,,,
7810202,D01,6.75,,,6.8,6.8,,,,,
7540101,A00,7.25,8.0,8.0,,,,,,,
7340101,A00,6.75,7.5,8.0,,,,,,,
7340201,A00,7.75,6.5,6.6,,,,,,,
7480202,A00,7.75,7.0,6.8,,,,,,,
7480201,A00,8.0,8.25,7.25,,,,,,,
7510303,D01,6.75,,,7.2,7.4,,,,,
7340115,A01,7.75,8.0,,8.4,,,,,,
7340201,A00,8.6,8.0,7.5,,,,,,,
7220201,D01,7.4,,,8.6,7.5,,,,,
7340101,D01,8.2,,,8.6,7.5,,,,,
7540101,D07,6.75,,9.0,7.8,,,,,,
7810202,A01,5.25,8.6,,7.0,,,,,,
7520115,A00,7.0,7.25,8.8,,,,,,,
7380107,D01,7.75,,,8.2,6.6,,,,,
7810103,D01,8.25,,,6.8,7.2,,,,,
7510303,D07,6.75,,6.4,7.2,,,,,,
7540204,D01,7.75,,,6.8,5.0,,,,,
7340201,D01,6.5,,,8.0,6.8,,,,,
7510202,D01,7.25,,,7.0,7.0,,,,,
7220201,D01,7.8,,,8.0,7.75,,,,,
7340115,D01,8.0,,,7.8,8.4,,,,,
7480201,A00,7.75,8.0,8.2,,,,,,,
7810201,A01,4.5,7.4,,7.0,,,,,,
7520115,D01,5.75,,,7.6,6.2,,,,,
7810201,D01,8.5,,,8.2,6.0,,,,,
7340129,D01,6.8,,,5.2,8.75,,,,,
7540101,A01,8.4,7.25,,8.4,,,,,,
7340115,A01,7.5,8.0,,8.4,,,,,,
7340129,A00,7.5,5.5,8.4,,,,,,,
7380107,D01,7.4,,,8.4,6.75,,,,,
7380107,D01,8.2,,,7.2,7.75,,,,,
7340101,A00,7.0,7.5,6.6,,,,,,,
7340201,A01,8.4,7.5,,7.2,,,,,,
7220204,D09,7.5,,,7.0,,7.8,,,,
7510401,A00,8.4,6.75,7.75,,,,,,,
7340122,D01,8.25,,,8.0,6.2,,,,,
7850101,B00,7.4,,7.75,,,,7.25,,,
7810103,A00,8.6,7.25,6.75,,,,,,,
7340201,A01,7.4,7.25,,7.6,,,,,,
7810103,D01,7.4,,,8.2,6.25,,,,,
7480201,D07,7.75,,8.6,7.6,,,,,,
7220201,D01,7.8,,,9.4,6.5,,,,,
7510401,A00,4.0,5.75,5.8,,,,,,,
7460108,D01,6.75,,,8.0,4.8,,,,,
7380107,D01,6.2,,,7.4,7.5,,,,,
7540101,D07,7.8,,7.5,9.0,,,,,,
7340101,A00,5.75,7.5,7.8,,,,,,,
7340123,A00,7.25,7.25,7.2,,,,,,,
7480202,A01,6.25,6.4,,7.2,,,,,,
7540101,B00,6.5,,7.75,,,,7.8,,,
7340115,A00,7.0,8.5,7.2,,,,,,,
7480201,D01,7.75,,,8.0,7.8,,,,,
7340120,D01,8.75,,,8.2,5.6,,,,,
7340201,A01,8.25,7.8,,8.0,,,,,,
7340120,A01,8.4,7.25,,8.6,,,,,,
7340205,D01,5.5,,,7.0,9.0,,,,,
7510202,D01,7.0,,,4.2,6.0,,,,,
7340301,A00,8.0,6.5,7.75,,,,,,,
7340101,A00,7.25,8.5,8.2,,,,,,,
7810202,A00,8.6,7.75,6.25,,,,,,,
7340120,A00,7.75,7.25,8.0,,,,,,,
7460108,D01,8.5,,,7.2,9.0,,,,,
7540105,A00,7.75,7.25,6.6,,,,,,,
7480201,D07,8.5,,8.6,7.6,,,,,,
7220201,A01,7.25,9.4,,7.8,,,,,,
7340120,A00,7.6,8.0,7.5,,,,,,,
7510203,D01,5.8,,,4.4,6.25,,,,,
7340205,D01,6.0,,,7.8,5.8,,,,,
7510202,D01,8.2,,,5.8,6.0,,,,,
7510303,D01,6.0,,,8.0,7.25,,,,,
7540101,D07,8.25,,8.6,8.4,,,,,,
7810103,A00,7.6,7.75,7.5,,,,,,,
7480201,D01,8.0,,,7.6,6.6,,,,,
7480201,D01,6.0,,,7.2,8.6,,,,,
7420201,B00,7.75,,8.75,,,,7.6,,,
7340101,A00,8.0,7.25,7.0,,,,,,,
7220204,D01,7.4,,,8.2,9.25,,,,,
7340120,D01,7.75,,,6.8,7.0,,,,,
7340301,A00,8.0,6.75,7.25,,,,,,,
7480201,A00,7.25,6.75,7.4,,,,,,,
7340201,A00,8.0,6.5,7.75,,,,,,,
7510301,D01,7.0,,,5.6,6.75,,,,,
7540204,A00,7.25,6.5,7.8,,,,,,,
7340129,A00,6.75,7.5,7.0,,,,,,,
7340120,A00,7.5,8.75,8.6,,,,,,,
7380107,D01,7.0,,,7.0,7.75,,,,,
7510303,D01,8.0,,,6.0,4.75,,,,,
7850101,B00,6.8,,7.75,,,,6.25,,,
7480201,A00,8.2,6.75,8.0,,,,,,,
7540101,B00,8.75,,8.25,,,,7.2,,,
7340129,D01,7.0,,,7.2,7.8,,,,,
7810201,D01,6.75,,,7.8,5.2,,,,,
7340101,D01,7.25,,,7.0,7.6,,,,,
7540204,D01,7.6,,,5.4,4.5,,,,,
7220201,D01,7.6,,,7.8,8.0,,,,,
7340301,A00,8.4,7.25,7.75,,,,,,,
7480202,A00,7.4,7.5,7.25,,,,,,,
7510401,B00,7.25,,6.5,,,,6.8,,,
7380107,D15,,,,7.0,6.0,,,7.0,,
7540101,D07,8.0,,7.6,7.0,,,,,,
7340115,A00,8.0,8.0,8.2,,,,,,,
7480201,D07,8.5,,6.8,7.6,,,,,,
7540105,B00,7.8,,6.25,,,,6.75,,,
7340122,A01,6.75,8.0,,8.0,,,,,,
7510401,B00,7.8,,7.0,,,,6.25,,,
7480201,A00,7.8,7.5,7.5,,,,,,,
7510303,D01,6.0,,,6.4,7.8,,,,,
7480201,D01,7.25,,,7.4,8.2,,,,,
7480201,A00,6.75,6.75,7.4,,,,,,,
7480201,A00,7.25,8.0,8.0,,,,,,,
7340115,A00,8.25,8.0,7.6,,,,,,,
7340301,A00,8.2,8.0,7.5,,,,,,,
7420201,B00,5.0,,6.0,,,,6.2,,,
7340129,A00,7.75,7.0,7.8,,,,,,,
7340201,A00,7.8,8.25,7.5,,,,,,,
7480201,D01,7.8,,,8.8,6.5,,,,,
7480202,A00,6.6,7.75,7.25,,,,,,,
7340301,A00,7.5,8.0,7.8,,,,,,,
7540101,A00,7.5,9.0,8.6,,,,,,,
7810201,A00,8.25,7.75,7.4,,,,,,,
7540106,D07,7.0,,6.0,6.4,,,,,,
7540204,D01,7.25,,,7.0,5.6,,,,,
7480201,A00,8.2,7.75,6.75,,,,,,,
7220201,D01,8.25,,,6.6,7.6,,,,,
7340201,A00,8.4,7.75,6.0,,,,,,,
7340301,A01,8.0,6.75,,9.2,,,,,,
7340115,D01,7.5,,,7.8,8.2,,,,,
7460108,D01,6.25,,,7.6,5.2,,,,,
7380107,A00,7.5,7.25,7.6,,,,,,,
7340101,D01,8.75,,,7.8,6.6,,,,,
7340115,A01,7.75,8.4,,7.4,,,,,,
7340115,A00,8.25,7.5,9.0,,,,,,,
7540204,D01,7.4,,,2.2,7.0,,,,,
7340122,D01,6.25,,,8.6,7.4,,,,,
7340129,D01,7.5,,,6.8,7.4,,,,,
7340115,A01,6.75,8.2,,8.0,,,,,,
7480201,A00,7.0,7.75,8.0,,,,,,,
7340115,A01,8.0,7.8,,8.0,,,,,,
7480201,D01,8.4,,,8.8,7.5,,,,,
7510203,A00,7.8,7.5,7.0,,,,,,,
7480201,A00,8.2,7.25,7.75,,,,,,,
7819010,D07,6.0,,6.2,8.0,,,,,,
7340101,A01,7.8,7.0,,8.6,,,,,,
7510303,A01,6.75,7.6,,7.2,,,,,,
7340115,A00,8.25,8.0,7.8,,,,,,,
7510303,D07,7.25,,6.8,7.4,,,,,,
7380107,A00,7.75,7.75,7.8,,,,,,,
7480201,D01,8.2,,,7.6,7.5,,,,,
7460108,D01,8.25,,,6.8,5.4,,,,,
7810202,A01,8.6,7.5,,7.6,,,,,,
7340201,A00,7.8,7.0,8.0,,,,,,,
7420201,B00,6.4,,7.0,,,,5.0,,,
7810202,D01,8.75,,,8.4,6.2,,,,,
7380107,A00,7.75,8.0,6.8,,,,,,,
7340101,D01,7.8,,,8.6,7.75,,,,,
7480201,A00,7.8,6.5,7.5,,,,,,,
7340129,D01,6.4,,,7.8,7.0,,,,,
7510202,A01,7.6,6.5,,7.4,,,,,,
7810202,D01,7.4,,,6.4,8.5,,,,,
7340115,A00,8.0,8.25,8.5,,,,,,,
7510303,A00,6.25,4.75,7.4,,,,,,,
7340129,A00,6.0,7.75,6.6,,,,,,,
7540101,D07,8.75,,7.2,8.6,,,,,,
7380107,D01,7.5,,,6.6,4.8,,,,,
7480202,D01,8.0,,,7.2,6.75,,,,,
7340115,D01,8.5,,,8.0,8.0,,,,,
7340129,D01,7.2,,,7.8,7.25,,,,,
7340115,A01,7.0,9.2,,8.6,,,,,,
7340101,A00,7.75,7.25,7.2,,,,,,,
7510301,D01,7.4,,,4.6,6.25,,,,,
7810201,A00,7.25,8.25,7.6,,,,,,,
7380107,D01,8.25,,,7.6,6.4,,,,,
7340120,A00,7.75,7.5,7.6,,,,,,,
7340120,D01,8.75,,,8.0,6.6,,,,,
7480201,A00,8.0,8.0,8.6,,,,,,,
7480202,A01,7.2,4.5,,7.8,,,,,,
7540101,A00,7.25,8.25,7.6,,,,,,,
7340101,A00,7.75,8.25,7.6,,,,,,,
7340101,A01,8.4,7.0,,8.6,,,,,,
7380107,D01,7.8,,,7.2,7.0,,,,,
7480201,A00,7.0,7.75,8.2,,,,,,,
7810201,A00,6.5,7.0,6.8,,,,,,,
7380107,D01,7.2,,,7.2,8.0,,,,,
7220204,D09,8.4,,,8.0,,7.75,,,,
7340120,D01,8.25,,,7.6,8.0,,,,,
7340115,A00,7.25,7.25,8.0,,,,,,,
7380107,D01,8.2,,,6.4,7.5,,,,,
7810201,D01,6.75,,,6.2,5.8,,,,,
7340301,A00,8.0,8.0,8.0,,,,,,,
7510301,D01,7.25,,,7.0,7.6,,,,,
7540101,D07,8.5,,7.8,7.6,,,,,,
7340301,A01,8.0,6.5,,8.4,,,,,,
7340201,D01,6.75,,,6.8,8.2,,,,,
7810202,D15,,,,6.75,7.75,,,7.2,,
7380107,A00,7.6,6.5,8.5,,,,,,,
7340301,D01,7.4,,,7.8,7.75,,,,,
7340301,D01,7.6,,,8.4,7.25,,,,,
7510203,A00,8.6,5.5,7.0,,,,,,,
7480201,D07,8.5,,7.6,8.0,,,,,,
7420201,B00,7.5,,7.5,,,,7.8,,,
7340115,D01,7.25,,,8.4,7.6,,,,,
7220204,D01,7.25,,,7.4,8.2,,,,,
7340115,A01,7.5,7.2,,8.8,,,,,,
7540101,A00,8.2,8.0,8.25,,,,,,,
7480201,D01,8.0,,,7.4,8.2,,,,,
7810202,D01,7.25,,,7.4,7.0,,,,,
7510401,D07,7.0,,7.6,7.2,,,,,,
7340115,A01,7.25,6.6,,8.2,,,,,,
7340205,D01,7.5,,,8.2,4.6,,,,,
7380107,A00,7.0,7.0,7.8,,,,,,,
7480201,A00,7.75,7.5,8.2,,,,,,,
7480202,D07,8.0,,7.8,7.4,,,,,,
7810202,D15,,,,6.5,7.0,,,5.6,,
7540101,A01,8.25,7.4,,7.6,,,,,,
7819010,D07,7.0,,7.6,7.2,,,,,,
7810103,A00,8.0,7.5,7.25,,,,,,,
7510406,A00,6.5,4.75,6.6,,,,,,,
7340115,D01,8.2,,,8.6,7.5,,,,,
7340101,D01,8.8,,,7.8,7.25,,,,,
7540101,A00,8.8,7.25,8.25,,,,,,,
7810201,D15,,,,7.5,7.5,,,7.2,,
7340115,A01,8.25,7.2,,8.8,,,,,,
7340301,A01,8.0,7.25,,8.0,,,,,,
7340101,D01,7.25,,,7.6,6.2,,,,,
7510406,B00,5.5,,6.25,,,,6.4,,,
7510303,A00,7.0,7.0,6.5,,,,,,,
7380107,A01,8.2,7.25,,8.2,,,,,,
7340201,A00,7.0,7.25,7.4,,,,,,,
7810201,A00,7.25,8.25,7.0,,,,,,,
7340301,D01,9.0,,,7.6,7.8,,,,,
7810202,A01,6.75,6.2,,7.0,,,,,,
7380107,A00,8.0,7.25,8.0,,,,,,,
7220201,D01,7.8,,,9.2,7.0,,,,,
7819010,B00,6.75,,7.0,,,,7.2,,,
7340120,D01,8.0,,,6.6,8.6,,,,,
7480201,A00,7.25,7.0,7.8,,,,,,,
7510203,A00,5.75,4.5,6.4,,,,,,,
7220204,D01,7.8,,,8.0,7.0,,,,,
7810103,D01,6.5,,,6.8,5.6,,,,,
7540101,A00,8.5,8.25,8.6,,,,,,,
7540101,A00,6.75,7.0,7.2,,,,,,,
7480201,D01,8.0,,,8.2,6.2,,,,,
7340201,D01,8.2,,,8.0,7.25,,,,,
7540101,D07,7.5,,7.2,7.6,,,,,,
7480202,D01,5.75,,,7.4,6.0,,,,,
7540101,A00,8.4,7.0,8.25,,,,,,,
7510202,D01,7.5,,,7.8,7.2,,,,,
7420201,B00,6.75,,6.5,,,,7.6,,,
7340201,A00,8.0,8.0,7.5,,,,,,,
7480202,A00,7.0,4.5,5.75,,,,,,,
7340120,D01,8.2,,,8.4,7.25,,,,,
7510203,A00,8.0,5.75,8.6,,,,,,,
7540101,A01,7.4,8.25,,8.6,,,,,,
7510401,D07,6.4,,8.25,6.4,,,,,,
7340120,A01,8.25,7.0,,7.8,,,,,,
7540101,D07,7.25,,6.2,8.0,,,,,,
7480201,A01,7.5,7.6,,7.4,,,,,,
7340201,D01,8.0,,,6.6,6.8,,,,,
7510202,D01,6.25,,,6.2,4.8,,,,,
7810202,A00,7.5,7.5,7.6,,,,,,,
7340101,A00,7.75,7.75,7.8,,,,,,,
7340101,D01,8.75,,,6.6,5.0,,,,,
7510301,D01,5.0,,,7.6,6.8,,,,,
7540101,A00,7.25,8.25,8.0,,,,,,,
7810201,D01,7.8,,,7.0,8.0,,,,,
7340123,D01,7.25,,,7.4,6.6,,,,,
7340101,D01,8.75,,,5.6,6.4,,,,,
7340129,D01,5.2,,,8.6,6.5,,,,,
7510202,D01,5.4,,,8.2,6.25,,,,,
7340115,D01,7.4,,,9.2,8.0,,,,,
7340115,D01,8.0,,,7.2,8.0,,,,,
7340301,A00,8.0,8.0,6.25,,,,,,,
7510202,D01,6.25,,,6.8,6.6,,,,,
7380107,D01,7.2,,,9.2,6.75,,,,,
7340301,A00,6.75,6.25,8.2,,,,,,,
7340115,A00,8.0,8.5,7.75,,,,,,,
7340115,A00,8.4,7.5,8.25,,,,,,,
7510303,D01,7.42,,,6.2,7.2,,,,,
7340301,D01,7.4,,,7.0,8.0,,,,,
7510303,A00,6.25,6.75,6.8,,,,,,,
7480201,D01,8.0,,,6.2,7.75,,,,,
7340101,D01,7.25,,,7.6,7.8,,,,,
7480201,A01,8.25,7.6,,7.8,,,,,,
7340129,D01,7.2,,,5.0,8.0,,,,,
7340115,A00,7.25,8.0,7.6,,,,,,,
7510301,A00,7.0,5.75,8.0,,,,,,,
7510202,D01,6.8,,,6.0,5.75,,,,,
7340115,A00,7.25,8.0,8.4,,,,,,,
7810103,A00,6.75,7.25,8.6,,,,,,,
7340301,D01,8.5,,,7.0,6.8,,,,,
7540101,A00,7.75,7.75,7.4,,,,,,,
7380107,A00,7.5,7.5,7.4,,,,,,,
7420201,A00,7.8,6.0,6.5,,,,,,,
7510301,D01,6.8,,,7.4,7.25,,,,,
7540204,D01,6.0,,,7.6,7.25,,,,,
7510301,A00,6.0,4.0,7.5,,,,,,,
7480201,D07,7.4,,7.75,8.2,,,,,,
7380107,D01,8.0,,,6.0,6.0,,,,,
7480202,A01,7.0,5.5,,6.8,,,,,,
7340101,A01,7.2,8.0,,8.4,,,,,,
7510401,A00,6.0,7.5,7.4,,,,,,,
7480201,A00,8.0,7.25,7.5,,,,,,,
7340115,D01,7.25,,,7.6,8.2,,,,,
7340120,A01,6.75,7.6,,7.6,,,,,,
7540204,D01,7.0,,,5.8,7.4,,,,,
7340120,A01,8.2,8.0,,8.2,,,,,,
7340120,D01,8.0,,,9.0,7.25,,,,,
7480201,A00,7.75,7.5,8.2,,,,,,,
7420201,B00,6.4,,6.5,,,,7.25,,,
7340301,A00,7.25,8.25,8.8,,,,,,,
7480201,D01,8.0,,,8.0,6.25,,,,,
7810202,D01,8.0,,,8.0,6.2,,,,,
7540101,B00,8.4,,7.75,,,,8.0,,,
7510303,D01,7.6,,,7.8,6.5,,,,,
7340115,A00,7.75,8.75,7.2,,,,,,,
7220204,D01,7.0,,,8.0,8.0,,,,,
7380107,D01,7.25,,,8.4,5.2,,,,,
7340115,A01,8.0,7.2,,8.2,,,,,,
7540101,A00,7.5,8.0,8.4,,,,,,,
7540204,D01,7.0,,,6.0,7.4,,,,,
7810201,D15,,,,8.0,8.0,,,6.8,,
7340101,A00,6.75,7.75,6.8,,,,,,,
7340201,D01,8.5,,,8.0,5.6,,,,,
7340205,D01,7.25,,,6.6,6.8,,,,,
7480201,A01,7.8,6.75,,8.2,,,,,,
7819010,D07,7.5,,6.2,6.8,,,,,,
7540101,D07,8.2,,7.75,7.8,,,,,,
7340101,A00,8.0,7.25,8.0,,,,,,,
7810201,A00,7.5,6.75,7.6,,,,,,,
7480202,A00,7.8,6.5,7.75,,,,,,,
7510301,D01,7.25,,,6.6,6.0,,,,,
7810103,A00,4.75,6.75,7.2,,,,,,,
7340201,A00,7.0,6.25,6.8,,,,,,,
7340301,D01,7.4,,,7.4,7.5,,,,,
7510301,A01,7.25,8.0,,8.0,,,,,,
7480201,A00,8.8,7.25,7.75,,,,,,,
7810202,D15,,,,7.0,6.75,,,7.0,,
7850101,A00,6.0,6.5,7.2,,,,,,,
7340115,A00,7.75,7.0,7.4,,,,,,,
7340101,D01,7.5,,,7.0,8.0,,,,,
7810201,D01,7.0,,,9.2,7.75,,,,,
7340120,D01,7.75,,,7.4,6.8,,,,,
7480202,D01,7.4,,,6.0,5.25,,,,,
7510401,A00,8.0,6.5,7.75,,,,,,,
7340120,D01,9.0,,,7.6,6.6,,,,,
7380107,D01,7.6,,,5.4,8.0,,,,,
7540106,A00,7.0,7.75,7.25,,,,,,,
7340301,A00,8.0,6.75,7.5,,,,,,,
7340122,A01,6.75,7.6,,8.0,,,,,,
7340201,A00,8.0,6.75,8.25,,,,,,,
7340129,A00,6.25,7.75,8.2,,,,,,,
7520115,D01,5.0,,,8.0,5.8,,,,,
7380107,D01,7.0,,,6.8,6.6,,,,,
7480201,A00,7.4,7.25,7.25,,,,,,,
7510202,D01,7.2,,,4.2,6.5,,,,,
7340115,D01,8.0,,,7.6,8.4,,,,,
7810201,D01,7.75,,,7.4,7.6,,,,,
7810201,D01,7.0,,,7.4,6.8,,,,,
7220201,D01,8.25,,,8.2,6.6,,,,,
7810202,D01,5.5,,,7.0,7.4,,,,,
7340101,A00,6.0,7.75,8.0,,,,,,,
7220201,A01,6.75,8.4,,6.8,,,,,,
7540204,D01,7.6,,,4.0,6.0,,,,,
7480202,D01,5.25,,,8.0,4.8,,,,,
7340115,D01,7.4,,,7.4,8.5,,,,,
7340201,A01,7.8,7.5,,8.0,,,,,,
7510301,D01,4.8,,,6.8,6.0,,,,,
7510203,D01,8.25,,,6.2,4.2,,,,,
7340115,A00,7.0,8.25,7.8,,,,,,,
7340201,D01,7.5,,,7.6,5.2,,,,,
7420201,B00,6.75,,8.0,,,,7.6,,,
7510203,D01,6.4,,,6.6,7.5,,,,,
7220201,D01,8.0,,,8.0,8.5,,,,,
7340201,A01,6.75,6.0,,8.6,,,,,,
7340101,A00,8.0,7.75,7.75,,,,,,,
7810201,A00,5.75,7.75,6.8,,,,,,,
7510303,A00,7.6,6.25,6.75,,,,,,,
7340115,A00,6.5,7.75,8.2,,,,,,,
7510303,A00,7.0,6.25,7.75,,,,,,,
7340201,A00,8.0,6.5,8.0,,,,,,,
7340101,D01,8.0,,,8.2,7.0,,,,,
7340115,A01,7.25,8.6,,7.2,,,,,,
7220204,D09,7.25,,,7.0,,7.4,,,,
7340122,D01,7.25,,,7.4,9.2,,,,,
7540101,A00,6.75,7.75,8.6,,,,,,,
7540101,A00,7.75,7.5,7.8,,,,,,,
7340101,A00,6.25,8.0,7.2,,,,,,,
7510301,D01,5.8,,,5.8,7.0,,,,,
7340101,A00,8.0,7.75,7.4,,,,,,,
7220201,D01,8.0,,,7.6,7.8,,,,,
7340101,A00,6.75,6.75,7.2,,,,,,,
7480201,A00,8.0,8.5,8.2,,,,,,,
7340201,A00,6.75,7.5,7.4,,,,,,,
7810103,D15,,,,5.75,6.75,,,6.2,,
7480201,A01,8.0,8.2,,7.2,,,,,,
7510301,D01,7.0,,,7.2,3.8,,,,,
7480202,A00,6.4,6.25,7.5,,,,,,,
7340301,D01,6.4,,,8.2,8.5,,,,,
7480202,D01,7.0,,,7.4,7.4,,,,,
7340115,D01,8.25,,,8.4,7.0,,,,,
7340205,D01,8.25,,,8.0,6.0,,,,,
7480201,A00,7.75,8.0,7.6,,,,,,,
7340201,A00,5.5,8.0,8.2,,,,,,,
7850101,A00,6.8,5.25,7.0,,,,,,,
7340201,D01,7.2,,,8.2,8.5,,,,,
7510401,A00,6.5,7.25,8.0,,,,,,,
7540106,B00,7.75,,6.25,,,,5.8,,,
7510301,A01,6.25,6.4,,8.0,,,,,,
7340201,A00,8.4,7.75,8.0,,,,,,,
7480201,A00,6.8,8.5,7.25,,,,,,,
7810103,D01,6.6,,,8.6,8.0,,,,,
7220201,D01,7.0,,,7.6,6.8,,,,,
7540101,B00,7.5,,7.5,,,,7.4,,,
7380107,D01,6.8,,,7.4,8.75,,,,,
7850101,A00,5.25,7.25,6.6,,,,,,,
7340122,D01,8.25,,,8.2,7.6,,,,,
7510303,D07,7.4,,7.0,7.2,,,,,,
7220201,D01,7.75,,,7.0,8.8,,,,,
7480202,D01,4.8,,,4.2,7.0,,,,,
7380107,D01,7.8,,,6.2,8.0,,,,,
7480201,A01,7.75,7.6,,7.8,,,,,,
7420201,B00,6.5,,6.25,,,,7.2,,,
7380107,A01,8.6,8.0,,8.8,,,,,,
7510303,D01,7.0,,,7.4,7.0,,,,,
7510303,D01,6.6,,,8.0,6.5,,,,,
7340122,A00,8.0,8.25,8.4,,,,,,,
7480202,D01,7.4,,,6.6,6.25,,,,,
7340115,A00,8.0,8.25,7.4,,,,,,,
7810103,D01,7.2,,,8.6,6.5,,,,,
7810201,A00,7.25,6.75,8.4,,,,,,,
7340120,D01,9.0,,,7.0,7.4,,,,,
7340129,A00,4.5,7.25,6.4,,,,,,,
7220204,D01,6.75,,,8.0,6.2,,,,,
7480202,D01,5.6,,,5.8,6.5,,,,,
7540106,A00,8.2,8.25,8.0,,,,,,,
7510202,D01,6.0,,,5.8,5.2,,,,,
7340201,A01,6.5,7.2,,7.2,,,,,,
7340205,A00,7.25,6.5,6.0,,,,,,,
7480201,A00,8.0,7.0,7.75,,,,,,,
7810202,D01,7.2,,,9.0,6.25,,,,,
7520115,D01,6.25,,,5.6,5.2,,,,,
7340115,A00,7.0,8.0,8.4,,,,,,,
7540106,A00,6.75,8.0,7.4,,,,,,,
7810201,D01,7.5,,,6.8,5.6,,,,,
7480201,A00,8.2,8.0,7.75,,,,,,,
7510303,A00,6.5,7.0,7.4,,,,,,,
7810201,D01,7.5,,,6.8,7.0,,,,,
7340115,D01,7.5,,,7.2,7.8,,,,,
7340205,A00,7.5,7.0,7.2,,,,,,,
7810201,D01,7.0,,,6.4,6.8,,,,,
7340101,D01,8.25,,,7.0,5.4,,,,,
7810202,A00,7.25,8.0,7.6,,,,,,,
7460108,D01,6.25,,,7.4,6.2,,,,,
7460108,A00,6.75,6.25,7.6,,,,,,,
7810202,D15,,,,7.25,6.0,,,7.2,,
7810201,D01,7.0,,,6.0,5.4,,,,,
7340120,D01,6.75,,,8.0,8.2,,,,,
7340101,A01,6.25,8.0,,8.8,,,,,,
7510301,D01,6.8,,,6.0,6.75,,,,,
7340201,A00,7.5,8.5,7.2,,,,,,,
7380107,A00,6.75,7.5,8.0,,,,,,,
7510301,D01,6.25,,,5.8,5.0,,,,,
7510203,D01,4.25,,,5.8,5.8,,,,,
7480201,A00,7.5,8.25,8.0,,,,,,,
7380107,D01,7.6,,,7.4,7.25,,,,,
7420201,B00,7.0,,7.5,,,,7.0,,,
7510202,D01,6.6,,,4.0,7.0,,,,,
7340101,A00,7.75,7.75,7.6,,,,,,,
7220201,D01,8.2,,,8.8,6.0,,,,,
7340301,A00,8.2,6.0,8.5,,,,,,,
7480201,D01,8.0,,,6.0,9.4,,,,,
7810201,A00,8.0,7.0,6.75,,,,,,,
7340301,D01,7.75,,,7.2,7.6,,,,,
7220204,D01,8.0,,,8.2,7.6,,,,,
7540106,A00,7.2,5.5,6.25,,,,,,,
7510303,D01,8.2,,,7.0,7.5,,,,,
7340301,A00,7.8,7.5,7.5,,,,,,,
7340129,D01,6.75,,,7.8,5.2,,,,,
7340115,A01,7.75,7.8,,8.2,,,,,,
7340101,A00,7.25,7.5,7.2,,,,,,,
7510303,D01,8.0,,,7.8,5.4,,,,,
7220201,D09,8.25,,,7.6,,8.0,,,,
7340101,A00,6.0,8.0,6.8,,,,,,,
7540101,D07,8.2,,7.75,9.4,,,,,,
7810202,D01,7.0,,,9.2,7.5,,,,,
7540101,B00,8.0,,8.0,,,,7.4,,,
7340122,A00,7.0,8.25,8.4,,,,,,,
7220204,D01,7.2,,,9.4,6.5,,,,,
7340301,A00,7.0,8.0,8.0,,,,,,,
7480201,A00,7.8,7.0,7.75,,,,,,,
7810202,D01,7.8,,,8.4,7.0,,,,,
7380107,D01,7.25,,,5.8,7.2,,,,,
7510401,A01,6.5,7.6,,7.2,,,,,,
7810103,D01,7.8,,,7.8,6.25,,,,,
7540105,A00,7.6,6.25,6.25,,,,,,,
7510203,D01,7.0,,,8.2,9.0,,,,,
7380107,A00,7.6,7.0,7.0,,,,,,,
7480201,A01,7.4,7.25,,8.4,,,,,,
7340301,A01,7.5,8.0,,7.4,,,,,,
7510203,A01,6.25,6.2,,8.2,,,,,,
7540106,B00,8.0,,7.25,,,,7.0,,,
7510303,A00,6.25,7.5,7.4,,,,,,,
7480201,A00,7.0,7.25,7.4,,,,,,,
7540101,A00,7.8,8.25,8.75,,,,,,,
7510301,A00,6.0,6.0,6.8,,,,,,,
7380107,D01,8.0,,,7.2,7.2,,,,,
7220204,D01,8.75,,,7.8,7.4,,,,,
7340301,D01,6.5,,,7.2,7.4,,,,,
7520115,D07,7.4,,7.0,5.0,,,,,,
7340301,A00,7.75,8.5,8.2,,,,,,,
7340129,A00,6.75,8.0,8.0,,,,,,,
7340201,A00,7.8,7.5,6.75,,,,,,,
7480202,A00,6.0,8.25,7.4,,,,,,,
7510301,A00,6.75,6.5,7.4,,,,,,,
7420201,B00,7.4,,6.0,,,,7.25,,,
7520115,A00,4.0,7.5,6.0,,,,,,,
7340101,A00,8.2,8.75,7.0,,,,,,,
7340101,A00,6.25,7.75,7.8,,,,,,,
7340115,A01,8.25,7.6,,8.2,,,,,,
7540204,D01,5.6,,,5.6,6.25,,,,,
7340129,D01,8.25,,,7.8,6.2,,,,,
7510202,D01,7.0,,,7.8,5.4,,,,,
7510301,A00,6.75,7.5,7.4,,,,,,,
7510301,D01,7.0,,,4.6,6.5,,,,,
7540204,D01,7.5,,,7.0,5.2,,,,,
7480202,D01,7.25,,,7.6,7.6,,,,,
7480202,D01,6.5,,,8.2,7.8,,,,,
7480201,D07,7.8,,7.25,9.0,,,,,,
7480201,D01,6.75,,,8.0,8.0,,,,,
7480202,A00,6.75,6.75,7.0,,,,,,,
7480202,A00,7.8,7.25,7.0,,,,,,,
7540101,A00,7.0,7.5,6.8,,,,,,,
7340101,A01,8.0,7.0,,9.0,,,,,,
7340129,A01,7.8,7.25,,7.6,,,,,,
7520115,A00,5.0,6.5,7.4,,,,,,,
7540106,D07,7.8,,7.25,7.6,,,,,,
7819009,A00,7.5,7.5,7.6,,,,,,,
7380107,A00,8.6,6.5,8.25,,,,,,,
7510303,D01,7.0,,,6.2,4.4,,,,,
7340129,A01,7.25,7.8,,7.8,,,,,,
7540101,A00,8.6,7.5,8.5,,,,,,,
7510203,A00,7.2,5.75,6.5,,,,,,,
7480201,D07,7.5,,6.2,7.2,,,,,,
7540204,D01,6.8,,,4.0,8.25,,,,,
7340201,A00,6.0,8.5,7.6,,,,,,,
7480202,D01,6.8,,,7.0,7.75,,,,,
7520115,D01,6.0,,,5.6,6.75,,,,,
7510301,A01,7.0,6.0,,7.0,,,,,,
7810202,A00,8.0,6.75,7.6,,,,,,,
7510301,D01,7.0,,,3.8,6.0,,,,,
7510401,A00,8.75,7.75,7.0,,,,,,,
7510401,A00,7.75,8.25,7.4,,,,,,,
7340120,A00,8.0,8.25,8.25,,,,,,,
7340301,A00,8.0,7.25,7.25,,,,,,,
7340301,A00,8.4,7.25,7.25,,,,,,,
7810201,D01,7.0,,,8.0,6.75,,,,,
7480201,A00,7.4,7.5,8.0,,,,,,,
7510303,A00,7.6,7.5,6.5,,,,,,,
7340201,D01,7.4,,,8.0,7.75,,,,,
7340201,D01,8.2,,,7.8,7.25,,,,,
7340115,A00,8.2,8.0,8.25,,,,,,,
7340120,D01,8.0,,,8.2,7.5,,,,,
7510303,A00,7.0,7.75,8.2,,,,,,,
7810201,D01,7.25,,,7.6,7.8,,,,,
7220201,D01,7.5,,,7.0,6.8,,,,,
7480201,A00,8.25,7.5,7.4,,,,,,,
7480201,A00,7.25,8.0,8.2,,,,,,,
7510401,A00,6.75,7.0,7.6,,,,,,,
7340115,D01,8.5,,,7.2,7.8,,,,,
7510303,A00,6.5,7.75,6.4,,,,,,,
7340201,D01,8.0,,,7.4,6.0,,,,,
7340201,D01,7.6,,,8.8,6.5,,,,,
7460108,A00,6.25,6.5,6.8,,,,,,,
7340205,A00,7.25,5.75,6.6,,,,,,,
7480201,D07,7.5,,8.0,8.8,,,,,,
7540101,D07,9.0,,9.0,8.0,,,,,,
7510401,B00,7.4,,6.75,,,,5.5,,,
7540101,A01,7.6,7.75,,8.6,,,,,,
7540101,D07,8.5,,9.2,7.8,,,,,,
7480201,D07,7.75,,7.6,8.2,,,,,,
7810201,D01,8.0,,,7.6,7.2,,,,,
7540101,D07,8.8,,8.0,7.2,,,,,,
7340101,D01,6.75,,,5.2,8.8,,,,,
7340120,D01,7.0,,,7.4,8.6,,,,,
7540101,B00,7.75,,6.75,,,,7.4,,,
7510402,A00,5.0,6.5,7.0,,,,,,,
7340129,D01,8.25,,,8.0,5.2,,,,,
7480201,A00,7.75,8.0,7.8,,,,,,,
7480201,D01,6.0,,,8.8,8.8,,,,,
7380107,A01,7.25,6.4,,6.6,,,,,,
7510203,D01,4.8,,,4.4,6.25,,,,,
7220201,D01,6.8,,,7.4,9.0,,,,,
7480202,D01,7.2,,,8.6,6.25,,,,,
7540101,D07,7.75,,6.4,6.8,,,,,,
7340301,D01,7.0,,,7.4,5.8,,,,,
7340301,D01,9.0,,,7.6,4.4,,,,,
7540106,B00,5.25,,6.0,,,,7.6,,,
7340101,D01,7.5,,,8.0,7.6,,,,,
7340101,D01,7.8,,,8.8,8.0,,,,,
7340101,D01,7.25,,,8.0,6.2,,,,,
7510203,A00,7.6,7.0,6.25,,,,,,,
7340120,D01,8.0,,,7.2,7.4,,,,,
7340115,A00,8.25,8.0,8.0,,,,,,,
7340115,A00,7.25,8.5,6.8,,,,,,,
7819009,D07,6.5,,6.8,7.4,,,,,,
7510203,A00,7.0,7.5,7.6,,,,,,,
7340205,A01,5.25,7.0,,7.2,,,,,,
7540204,D01,7.5,,,5.6,6.0,,,,,
7480201,D07,7.5,,6.6,7.0,,,,,,
7480201,D01,7.2,,,7.4,7.75,,,,,
7380107,A00,7.2,6.25,8.25,,,,,,,
7480201,A00,7.5,7.75,8.4,,,,,,,
7340301,A00,8.0,7.75,7.75,,,,,,,
7510203,D01,6.75,,,7.8,6.4,,,,,
7340120,A01,8.25,7.6,,7.6,,,,,,
7510301,A00,5.25,6.0,6.6,,,,,,,
7340301,A00,7.0,7.25,7.8,,,,,,,
7510303,D01,6.4,,,4.2,6.25,,,,,
7540106,B00,8.25,,6.5,,,,6.8,,,
7340101,A00,7.75,7.25,8.0,,,,,,,
7480201,D01,8.5,,,6.8,7.2,,,,,
7810202,D01,7.0,,,7.0,3.4,,,,,
7510301,D01,8.0,,,5.4,6.0,,,,,
7380107,D01,6.5,,,7.0,6.6,,,,,
7220201,D09,7.0,,,6.8,,7.6,,,,
7819009,A00,6.5,5.75,6.8,,,,,,,
7340101,A01,8.0,6.0,,9.4,,,,,,
7220201,D01,7.25,,,7.8,8.4,,,,,
7540204,D01,6.2,,,4.8,6.75,,,,,
7340115,A01,8.0,8.6,,8.0,,,,,,
7810201,A00,6.75,7.25,8.0,,,,,,,
7480201,D01,7.25,,,7.4,7.0,,,,,
7340122,A00,7.5,7.75,7.8,,,,,,,
7480201,D01,7.25,,,7.4,8.6,,,,,
7480201,A00,7.8,7.5,7.5,,,,,,,
7380107,A00,7.6,6.25,7.25,,,,,,,
7510202,D01,5.75,,,5.6,6.0,,,,,
7480202,D01,7.4,,,4.6,6.0,,,,,
7540106,A00,7.0,6.0,7.25,,,,,,,
7340120,A00,9.0,7.25,8.0,,,,,,,
7480201,A00,7.25,7.5,7.6,,,,,,,
7340201,D01,7.2,,,7.4,8.0,,,,,
7340129,A00,6.6,6.25,6.5,,,,,,,
7510301,A01,7.0,5.5,,8.6,,,,,,
7480202,D01,6.75,,,6.8,5.0,,,,,
7540101,B00,8.75,,7.25,,,,7.8,,,
7540204,D01,7.5,,,7.0,5.4,,,,,
7510202,A00,8.0,6.75,7.25,,,,,,,
7380107,D01,7.0,,,6.6,7.75,,,,,
7510202,A00,7.5,6.5,7.0,,,,,,,
7510401,A00,7.0,6.5,7.8,,,,,,,
7340301,A00,7.5,8.25,8.0,,,,,,,
7480201,D07,8.0,,8.0,7.4,,,,,,
7480202,D01,8.5,,,8.2,7.2,,,,,
7510203,D01,7.75,,,6.0,4.2,,,,,
7850101,A00,6.25,7.75,7.6,,,,,,,
7480201,A00,7.0,7.75,8.4,,,,,,,
7340120,D01,8.25,,,7.4,7.8,,,,,
7340129,A00,7.5,6.25,8.0,,,,,,,
7540106,B00,5.75,,6.25,,,,8.0,,,
7480201,D07,6.75,,6.8,7.4,,,,,,
7340120,A01,6.25,7.6,,8.0,,,,,,
7460108,D01,8.0,,,7.2,4.8,,,,,
7810202,D01,7.2,,,8.4,8.0,,,,,
7340101,A00,8.0,7.5,7.4,,,,,,,
7340101,A00,8.0,8.0,7.2,,,,,,,
7540101,B00,7.5,,8.25,,,,7.4,,,
7340123,A01,7.25,6.8,,7.8,,,,,,
7340120,A00,8.5,7.75,7.6,,,,,,,
7380107,A00,7.75,6.75,8.0,,,,,,,
7510303,D01,7.6,,,6.4,7.25,,,,,
7510303,D01,6.0,,,4.4,6.5,,,,,
7480201,A01,7.0,7.8,,7.8,,,,,,
7480201,A00,7.75,7.0,7.4,,,,,,,
7340301,D01,8.0,,,7.4,6.4,,,,,
7220201,D01,8.0,,,6.6,8.2,,,,,
7810201,A00,8.4,8.0,6.25,,,,,,,
7480201,A00,7.8,7.75,7.25,,,,,,,
7420201,A00,8.0,5.75,7.25,,,,,,,
7510202,D01,6.5,,,4.8,7.0,,,,,
7510401,A00,7.8,7.0,6.25,,,,,,,
7220201,A01,7.2,7.5,,9.6,,,,,,
7510301,D01,8.0,,,7.0,6.8,,,,,
7540101,B00,6.25,,9.25,,,,7.8,,,
7220201,D01,8.5,,,6.8,8.6,,,,,
7340201,A01,8.0,6.4,,8.6,,,,,,
7480202,D01,6.5,,,5.8,5.6,,,,,
7510202,D01,7.25,,,6.6,2.8,,,,,
7510203,A00,7.8,6.25,6.25,,,,,,,
7380107,A00,6.0,6.5,6.8,,,,,,,
7810202,D01,7.0,,,7.2,7.2,,,,,
7510303,D01,7.25,,,6.2,6.8,,,,,
7510303,A00,5.75,4.75,7.4,,,,,,,
7480201,D01,7.5,,,7.8,9.0,,,,,
7510202,A00,7.6,5.75,6.25,,,,,,,
7510303,D01,8.0,,,7.6,6.75,,,,,
7510303,D01,8.0,,,6.4,5.5,,,,,
7810201,A00,7.25,6.0,7.6,,,,,,,
7540101,A00,7.5,6.5,7.6,,,,,,,
7340301,D01,7.5,,,7.0,6.8,,,,,
7340101,D01,7.75,,,7.0,7.0,,,,,
7340129,A00,6.5,7.25,7.8,,,,,,,
7810201,A00,7.75,6.75,8.0,,,,,,,
7340201,A00,7.5,6.75,7.8,,,,,,,
7340201,D01,8.2,,,8.8,7.5,,,,,
7480201,A00,7.5,8.25,7.6,,,,,,,
7340115,D01,8.0,,,8.0,7.4,,,,,
7510301,D01,7.6,,,6.4,7.75,,,,,
7220201,D01,7.8,,,8.0,7.5,,,,,
7340101,A00,8.0,7.75,8.25,,,,,,,
7340120,A00,6.5,8.0,8.8,,,,,,,
7480201,D01,7.6,,,8.8,6.5,,,,,
7480202,D01,5.2,,,5.6,7.25,,,,,
7340120,A00,8.25,8.0,7.8,,,,,,,
7340120,A00,7.25,8.25,7.6,,,,,,,
7480201,D07,8.0,,8.25,8.0,,,,,,
7810103,D01,8.0,,,6.2,5.0,,,,,
7340122,D01,8.25,,,7.2,7.0,,,,,
7810202,D15,,,,7.25,8.25,,,7.0,,
7220201,D01,7.5,,,6.2,7.2,,,,,
7850101,A00,5.0,6.75,6.8,,,,,,,
7340115,A00,7.0,8.25,8.4,,,,,,,
7480201,D07,9.0,,6.2,7.4,,,,,,
7510301,A00,6.4,6.5,4.25,,,,,,,
7340301,A00,7.75,7.5,7.8,,,,,,,
7510303,A00,8.0,7.5,7.8,,,,,,,
7480201,A00,7.8,8.0,7.25,,,,,,,
7510303,D01,7.0,,,7.2,6.8,,,,,
7340115,A00,8.25,7.5,7.8,,,,,,,
7510202,A00,7.6,5.75,7.75,,,,,,,
7380107,D15,,,,7.5,7.75,,,6.0,,
7420201,A00,8.4,6.0,8.25,,,,,,,
7460108,D01,7.0,,,7.4,5.2,,,,,
7540101,B00,6.5,,7.75,,,,7.0,,,
7540204,D01,6.6,,,5.0,7.0,,,,,
7220201,D01,7.4,,,9.6,7.0,,,,,
7340120,D01,7.4,,,8.4,7.5,,,,,
7520115,A00,6.5,7.0,7.0,,,,,,,
7520115,A00,7.0,4.0,5.25,,,,,,,
7480201,D01,7.25,,,7.0,7.6,,,,,
7480202,D01,8.0,,,8.4,7.6,,,,,
7850101,B00,6.75,,6.5,,,,6.0,,,
7810103,A01,8.2,6.0,,9.0,,,,,,
7340101,A00,7.0,7.0,8.8,,,,,,,
7340205,D01,6.25,,,6.4,8.2,,,,,
7540204,D01,6.2,,,4.4,7.5,,,,,
7510401,D07,8.0,,6.5,8.8,,,,,,
7819010,A01,5.75,5.6,,7.2,,,,,,
7480202,A00,7.0,7.25,7.0,,,,,,,
7340101,D01,8.25,,,7.6,5.2,,,,,
7510203,D01,6.5,,,6.6,7.2,,,,,
7540204,A00,7.2,7.5,7.5,,,,,,,
7510202,D01,6.5,,,6.8,5.2,,,,,
7340201,A00,7.75,5.75,8.4,,,,,,,
7510301,A00,7.2,4.75,5.5,,,,,,,
7340115,A01,7.0,8.0,,8.0,,,,,,
7220204,D01,7.4,,,6.8,9.25,,,,,
7810103,A00,7.5,7.5,7.8,,,,,,,
7480201,A00,9.0,6.5,8.2,,,,,,,
7810103,D01,7.5,,,7.0,5.6,,,,,
7510301,A00,6.75,7.5,7.6,,,,,,,
7480201,D01,7.25,,,9.0,8.4,,,,,
7340101,D01,7.75,,,7.0,6.6,,,,,
7480201,A01,8.4,7.25,,7.8,,,,,,
7510303,A01,7.5,7.0,,6.8,,,,,,
7510303,A01,7.25,6.8,,7.0,,,,,,
7340115,D01,7.25,,,7.6,7.8,,,,,
7480201,A00,8.4,7.75,8.0,,,,,,,
7819009,A00,5.75,7.5,6.4,,,,,,,
7510203,A00,8.25,7.5,7.2,,,,,,,
7340201,D01,8.5,,,6.8,6.6,,,,,
7340101,A00,6.0,7.25,7.6,,,,,,,
7480201,A00,6.25,7.75,7.4,,,,,,,
7540101,B00,8.2,,7.75,,,,8.25,,,
7340201,D01,8.25,,,7.0,7.4,,,,,
7510401,A00,7.25,7.5,8.0,,,,,,,
7340301,D01,6.5,,,5.6,8.0,,,,,
7340201,A00,6.5,7.75,7.0,,,,,,,
7819010,A00,6.0,6.25,6.6,,,,,,,
7220201,A01,7.6,7.75,,8.6,,,,,,
7220201,D09,9.0,,,7.4,,8.2,,,,
7380107,D01,7.2,,,8.4,7.25,,,,,
7810201,A00,7.25,7.5,7.4,,,,,,,
7340120,A01,7.0,7.8,,7.2,,,,,,
7380107,D01,8.0,,,5.0,6.6,,,,,
7510202,D01,6.8,,,7.6,8.0,,,,,
7810201,A01,8.2,7.25,,8.2,,,,,,
7480202,A00,6.0,8.25,8.0,,,,,,,
7810103,D15,,,,6.75,6.75,,,5.4,,
7340115,D01,8.25,,,7.6,7.6,,,,,
7540106,B00,6.5,,7.0,,,,7.4,,,
7340201,D01,7.0,,,9.2,7.0,,,,,
7520115,D01,6.75,,,6.0,6.2,,,,,
7480202,A01,7.25,7.0,,8.2,,,,,,
7340201,A01,8.0,8.0,,8.6,,,,,,
7340201,D01,7.25,,,7.0,7.2,,,,,
7540101,A00,7.0,8.25,7.6,,,,,,,
7540101,A00,8.0,8.5,8.0,,,,,,,
7510401,A00,7.0,8.0,7.0,,,,,,,
7540101,B00,6.5,,7.25,,,,7.6,,,
7340129,D01,7.6,,,6.2,7.5,,,,,
7810202,D01,7.75,,,6.6,5.2,,,,,
7220201,D01,7.25,,,7.0,7.6,,,,,
7340201,A00,7.75,7.0,7.0,,,,,,,
7340115,D01,8.0,,,7.2,6.8,,,,,
7340101,D01,7.25,,,8.2,5.2,,,,,
7340115,D01,7.4,,,9.2,7.5,,,,,
7340129,A00,7.0,7.25,7.8,,,,,,,
7340120,A00,8.0,7.25,8.6,,,,,,,
7540101,B00,8.5,,8.5,,,,8.4,,,
7810201,A00,7.0,8.0,7.25,,,,,,,
7340201,D01,8.0,,,8.0,7.25,,,,,
7480201,D07,7.6,,7.75,8.6,,,,,,
7340301,D01,8.0,,,8.4,7.25,,,,,
7510301,A00,5.75,7.75,8.6,,,,,,,
7850101,A00,6.0,6.75,6.75,,,,,,,
7810201,A00,6.5,8.0,8.4,,,,,,,
7810202,A00,7.75,8.0,7.4,,,,,,,
7510303,A00,6.25,7.0,8.8,,,,,,,
7480201,A00,7.6,7.25,8.5,,,,,,,
7480201,A00,8.0,8.0,8.2,,,,,,,
7340101,A00,6.5,6.75,7.8,,,,,,,
7420201,B00,8.25,,7.75,,,,8.0,,,
7340101,A00,7.5,7.75,7.8,,,,,,,
7510202,D01,7.0,,,7.2,6.0,,,,,
7220201,A01,8.0,7.6,,7.4,,,,,,
7510401,B00,8.0,,7.25,,,,8.4,,,
7510202,D01,6.5,,,7.0,5.8,,,,,
7340301,A00,7.75,8.25,8.0,,,,,,,
7510301,A00,8.2,5.75,8.25,,,,,,,
7340129,D01,7.0,,,7.4,5.0,,,,,
7460108,A00,6.75,6.5,6.6,,,,,,,
7340201,D01,7.75,,,7.6,8.0,,,,,
7340120,D01,8.0,,,8.0,7.2,,,,,
7510203,A01,7.5,5.8,,6.6,,,,,,
7480202,D01,6.8,,,5.4,6.5,,,,,
7480202,D01,7.0,,,7.2,6.8,,,,,
7480202,A00,6.75,5.25,8.0,,,,,,,
7340101,A00,8.0,6.5,8.0,,,,,,,
7340115,D01,8.25,,,8.0,6.6,,,,,
7420201,B00,7.0,,8.0,,,,7.2,,,
7540106,A00,7.25,6.25,8.2,,,,,,,
7540101,B00,8.0,,8.5,,,,7.8,,,
7340101,A00,8.6,8.5,7.75,,,,,,,
7510202,D01,7.0,,,6.6,5.2,,,,,
7340129,A01,7.4,6.0,,6.8,,,,,,
7480202,D07,7.0,,4.8,6.2,,,,,,
7480201,A00,8.6,7.25,7.25,,,,,,,
7480201,A01,7.4,6.75,,8.6,,,,,,
7380107,D01,7.25,,,7.2,5.6,,,,,
7540101,A01,7.75,6.8,,7.6,,,,,,
7510301,D01,8.0,,,4.6,7.0,,,,,
7340201,D01,9.0,,,6.2,8.75,,,,,
7480202,A01,7.0,7.0,,8.8,,,,,,
7510202,D01,6.4,,,3.8,6.25,,,,,
7510203,A01,6.75,6.6,,7.8,,,,,,
7480202,A00,5.75,6.0,6.8,,,,,,,
7420201,D07,7.25,,6.8,7.2,,,,,,
7540101,A00,7.5,8.0,7.6,,,,,,,
7340101,A00,7.25,7.25,8.0,,,,,,,
7480201,A00,7.4,7.0,8.25,,,,,,,
7510203,A00,6.4,4.5,5.0,,,,,,,
7480201,D01,6.0,,,8.0,8.2,,,,,
7810201,D01,7.2,,,8.0,7.5,,,,,
7540101,A00,8.0,7.5,8.25,,,,,,,
7340115,D01,8.0,,,7.4,7.4,,,,,
7480201,D01,8.0,,,7.8,7.0,,,,,
7510203,D01,6.75,,,6.6,4.6,,,,,
7480201,A00,8.0,7.0,7.0,,,,,,,
7810201,D15,,,,7.75,6.25,,,6.2,,
7510401,D07,7.5,,7.8,8.4,,,,,,
7420201,B00,8.0,,6.75,,,,6.4,,,
7340129,A00,7.8,6.25,7.75,,,,,,,
7480201,D07,6.5,,8.0,6.8,,,,,,
7340201,D01,7.25,,,6.8,7.0,,,,,
7510303,A00,7.6,7.5,6.75,,,,,,,
7510301,D01,6.5,,,7.4,7.4,,,,,
7340120,D01,8.0,,,7.6,6.0,,,,,
7540101,B00,7.5,,7.75,,,,7.0,,,
7510303,A00,7.4,6.5,6.75,,,,,,,
7380107,A00,7.8,6.25,7.0,,,,,,,
7340301,A01,6.75,6.6,,8.2,,,,,,
7340201,A00,7.4,8.25,8.75,,,,,,,
7540101,B00,8.5,,6.0,,,,7.6,,,
7510303,A00,6.0,6.75,6.4,,,,,,,
7220204,D09,8.5,,,7.0,,8.6,,,,
7380107,D01,8.2,,,5.4,7.5,,,,,
7510301,A00,5.5,6.25,6.0,,,,,,,
7480201,D01,8.0,,,6.8,7.2,,,,,
7220201,D01,8.2,,,8.6,8.25,,,,,
7340201,D01,7.6,,,8.2,7.0,,,,,
7510303,D01,7.8,,,6.6,6.75,,,,,
7510202,D01,6.5,,,8.0,6.4,,,,,
7220204,D01,8.4,,,8.2,7.25,,,,,
7380107,D01,8.0,,,6.8,5.0,,,,,
7510203,D01,5.25,,,7.2,6.0,,,,,
7340101,D01,8.0,,,7.2,7.6,,,,,
7540101,D07,7.2,,8.25,8.4,,,,,,
7340101,D01,6.8,,,8.0,8.5,,,,,
7340301,A00,6.0,7.25,6.6,,,,,,,
7220201,D01,8.75,,,7.8,6.4,,,,,
7340122,A00,7.25,8.0,7.6,,,,,,,
7510401,B00,8.2,,8.5,,,,7.25,,,
7480201,A01,8.6,7.0,,8.6,,,,,,
7540101,A00,7.25,8.0,7.2,,,,,,,
7510401,A00,6.25,6.25,6.6,,,,,,,
7810202,D01,8.25,,,6.8,5.6,,,,,
7510401,D07,7.4,,6.25,8.0,,,,,,
7480202,A00,6.25,6.75,7.2,,,,,,,
7340201,D01,8.0,,,7.8,6.4,,,,,
7510303,D01,6.75,,,7.8,6.6,,,,,
7380107,A00,7.75,6.75,6.6,,,,,,,
7480202,D01,5.5,,,6.8,7.6,,,,,
7810202,D01,6.5,,,7.4,4.6,,,,,
7340115,A00,6.5,8.25,7.4,,,,,,,
7510401,A00,6.5,7.25,7.2,,,,,,,
7480202,D01,7.0,,,7.0,4.0,,,,,
7340120,A00,6.75,7.75,7.8,,,,,,,
7510203,A00,6.75,7.75,7.6,,,,,,,
7540101,A00,8.4,7.5,7.75,,,,,,,
7510202,A00,7.4,6.75,7.5,,,,,,,
7340201,A00,9.2,7.0,8.25,,,,,,,
7340301,A01,7.5,8.0,,8.2,,,,,,
7340115,D01,7.2,,,8.6,8.25,,,,,
7340120,A00,7.0,6.25,8.0,,,,,,,
7220201,A01,7.25,7.8,,7.2,,,,,,
7340201,A00,8.6,7.25,7.25,,,,,,,
7380107,D01,7.75,,,7.4,6.6,,,,,
7340120,D01,8.5,,,6.0,7.4,,,,,
7220204,A01,7.2,8.0,,8.6,,,,,,
7510303,A00,7.25,7.0,8.0,,,,,,,
7340115,A01,8.0,8.5,,9.2,,,,,,
7340101,A00,6.75,8.0,7.0,,,,,,,
7480201,A00,8.25,7.25,8.0,,,,,,,
7540101,A00,8.6,7.75,7.75,,,,,,,
7220204,D09,9.25,,,8.0,,8.4,,,,
7819009,A00,5.75,5.5,6.0,,,,,,,
7810201,D01,6.75,,,7.4,6.8,,,,,
7510401,A00,7.0,6.25,7.25,,,,,,,
7340101,A00,8.6,7.5,7.75,,,,,,,
7810201,D01,7.0,,,7.6,5.2,,,,,
7510402,A00,7.2,6.75,4.25,,,,,,,
7540105,A00,5.8,4.75,7.0,,,,,,,
7510202,D01,4.6,,,6.0,7.25,,,,,
7340201,D01,8.5,,,7.0,6.0,,,,,
7340101,A01,7.5,7.6,,7.8,,,,,,
7480201,D07,7.5,,8.6,6.6,,,,,,
7340120,A00,5.0,8.25,8.2,,,,,,,
7340120,D01,7.75,,,8.0,7.0,,,,,
7510202,A00,4.75,6.25,6.8,,,,,,,
7480201,D01,6.75,,,6.4,8.4,,,,,
7340101,D01,6.5,,,7.4,7.2,,,,,
7510401,A00,7.5,7.5,9.0,,,,,,,
7340123,D01,7.6,,,7.4,6.5,,,,,
7220201,D01,6.8,,,7.8,8.75,,,,,
7540101,A01,7.5,6.4,,7.4,,,,,,
7340101,D01,8.25,,,7.4,5.6,,,,,
7520115,D01,6.0,,,6.8,5.6,,,,,
7340122,D01,7.25,,,8.0,7.2,,,,,
7510303,D01,7.0,,,6.8,7.2,,,,,
7340101,A01,7.4,8.0,,8.4,,,,,,
7340201,D01,7.6,,,7.8,7.5,,,,,
7340123,A01,7.0,7.4,,7.2,,,,,,
7340201,A00,7.0,7.5,7.75,,,,,,,
7340301,A01,8.6,7.0,,8.8,,,,,,
7540101,D07,8.6,,8.0,8.2,,,,,,
7510303,D01,7.4,,,5.6,6.75,,,,,
7480201,D01,7.5,,,7.8,5.4,,,,,
7540101,A00,7.5,8.0,7.2,,,,,,,
7480202,A00,7.4,5.75,6.25,,,,,,,
7340122,D01,7.5,,,7.6,7.2,,,,,
7340201,D01,7.6,,,8.4,8.5,,,,,
7510202,A01,7.0,6.2,,6.2,,,,,,
7540101,A00,7.75,7.25,7.6,,,,,,,
7480201,A00,8.0,8.5,7.8,,,,,,,
7340115,A00,8.0,7.25,8.2,,,,,,,
7510303,D01,7.5,,,8.0,6.4,,,,,
7510203,D01,7.5,,,6.2,5.0,,,,,
7480201,D01,7.2,,,9.2,7.75,,,,,
7340201,D01,7.75,,,6.6,8.4,,,,,
7340115,A00,8.6,7.25,8.25,,,,,,,
7340301,A00,8.0,7.0,8.5,,,,,,,
7220204,D01,8.75,,,8.4,7.2,,,,,
7819010,A00,6.0,6.0,7.0,,,,,,,
7340120,D01,8.0,,,7.6,7.2,,,,,
7340201,D01,7.4,,,8.4,7.25,,,,,
7340120,A00,7.0,8.25,7.8,,,,,,,
7510202,D01,7.2,,,4.0,6.5,,,,,
7480201,A00,6.75,7.75,7.2,,,,,,,
7810202,A00,6.25,6.25,6.8,,,,,,,
7340201,A00,7.75,8.0,7.8,,,,,,,
7340120,D01,7.5,,,7.4,8.8,,,,,
7220201,D01,7.2,,,8.6,7.75,,,,,
7340201,A01,8.25,7.0,,7.2,,,,,,
7540101,D07,7.4,,8.25,9.2,,,,,,
7340123,D01,6.25,,,7.0,6.0,,,,,
7340301,D01,8.5,,,7.6,6.8,,,,,
7340301,A01,7.2,7.25,,9.2,,,,,,
7340301,A00,8.4,6.75,7.75,,,,,,,
7340301,D01,7.75,,,7.4,7.6,,,,,
7810201,A00,7.25,7.5,7.2,,,,,,,
7480201,A00,8.2,6.5,8.0,,,,,,,
7340122,A01,7.25,7.4,,7.8,,,,,,
7480201,D01,7.5,,,6.0,8.0,,,,,
7510301,A00,7.4,5.0,7.0,,,,,,,
7340301,A00,6.5,7.5,7.8,,,,,,,
7340120,D01,9.0,,,8.0,7.4,,,,,
7540101,D07,7.75,,7.2,7.6,,,,,,
7340101,D01,8.4,,,8.8,7.0,,,,,
7380107,A00,6.25,6.0,7.2,,,,,,,
7340123,A00,6.75,6.25,7.2,,,,,,,
7510401,A01,5.75,6.6,,6.8,,,,,,
7480201,A01,7.0,7.0,,8.2,,,,,,
7510203,D01,7.8,,,3.4,6.75,,,,,
7340129,D01,7.25,,,6.8,4.0,,,,,
7340101,A01,6.75,7.8,,5.8,,,,,,
7540101,B00,7.75,,7.25,,,,7.8,,,
7340201,A00,6.5,6.75,7.8,,,,,,,
7340120,D01,8.25,,,7.8,6.8,,,,,
7510202,D01,6.0,,,6.6,4.0,,,,,
7540101,B00,8.6,,8.25,,,,7.25,,,
7480201,A01,7.6,8.0,,7.6,,,,,,
7510303,A00,6.75,8.25,8.0,,,,,,,
7220204,D01,8.5,,,7.6,8.0,,,,,
7340101,D01,6.75,,,7.8,6.8,,,,,
7540204,D01,6.4,,,5.2,7.75,,,,,
7480201,D07,8.0,,7.0,8.4,,,,,,
7340115,D01,8.0,,,6.8,7.0,,,,,
7340101,A01,8.4,8.25,,8.0,,,,,,
7340201,A01,7.8,7.25,,8.2,,,,,,
7510203,A00,6.75,7.0,7.8,,,,,,,
7380107,D01,7.0,,,7.6,7.4,,,,,
7510202,A00,7.8,4.75,4.0,,,,,,,
7340120,D01,7.5,,,7.0,7.8,,,,,
7340115,A00,8.25,7.75,8.2,,,,,,,
7810201,D01,7.5,,,6.8,5.8,,,,,
7540106,D07,6.8,,8.0,6.0,,,,,,
7380107,D01,8.5,,,7.6,7.2,,,,,
7220201,D01,8.25,,,8.0,7.6,,,,,
7460108,D01,6.5,,,8.0,6.4,,,,,
7810201,D01,6.5,,,6.2,6.2,,,,,
7340301,A01,6.0,7.2,,7.2,,,,,,
7510301,D01,7.2,,,6.8,6.25,,,,,
7540101,B00,7.0,,7.75,,,,7.8,,,
7340120,A00,8.8,6.75,7.75,,,,,,,
7340201,D01,8.2,,,8.6,7.5,,,,,
7220204,D01,7.5,,,7.8,7.0,,,,,
7340101,A00,7.5,8.0,8.0,,,,,,,
7819009,B00,7.0,,5.75,,,,7.0,,,
7510202,A00,5.8,5.75,5.25,,,,,,,
7480201,A00,8.2,7.25,6.75,,,,,,,
7340122,D01,7.25,,,6.4,7.6,,,,,
7340129,D01,8.75,,,7.2,6.2,,,,,
7340301,A00,6.75,6.75,7.0,,,,,,,
7340115,A00,7.5,8.0,7.8,,,,,,,
7510202,D01,7.4,,,4.0,4.5,,,,,
7340115,D01,8.25,,,7.6,6.6,,,,,
7380107,D01,7.75,,,7.2,7.2,,,,,
7340101,A00,8.8,7.5,8.5,,,,,,,
7540101,B00,8.5,,8.25,,,,9.0,,,
7540101,A00,9.2,8.25,8.25,,,,,,,
7340201,D01,7.2,,,9.0,7.0,,,,,
7510301,D01,6.6,,,7.4,5.5,,,,,
7340301,A00,5.75,8.25,7.4,,,,,,,
7480201,D01,6.75,,,8.0,6.0,,,,,
7340201,A00,6.5,7.5,7.0,,,,,,,
7540101,D07,8.2,,8.0,8.2,,,,,,
7340120,A00,8.5,8.0,8.2,,,,,,,
7340201,A00,8.6,7.5,7.5,,,,,,,
7420201,D07,6.75,,6.8,7.2,,,,,,
7480202,D01,7.5,,,8.0,7.4,,,,,
7540101,B00,8.8,,8.5,,,,7.75,,,
7340115,A00,8.0,7.25,7.6,,,,,,,
7810103,D15,,,,7.75,7.25,,,6.0,,
7340201,A00,7.6,7.25,7.75,,,,,,,
7810201,D01,6.75,,,7.8,7.4,,,,,
7810201,A01,8.2,7.75,,7.6,,,,,,
7540101,A00,7.0,8.25,7.2,,,,,,,
7810202,A00,7.0,6.5,7.8,,,,,,,
7480201,D01,7.75,,,8.0,7.8,,,,,
7510202,D07,6.75,,7.6,7.6,,,,,,
7480202,A00,7.4,6.75,6.25,,,,,,,
7480202,D01,6.0,,,8.8,7.0,,,,,
7480201,A01,7.6,7.75,,8.4,,,,,,
7510401,D07,7.0,,6.8,6.6,,,,,,
7340120,D01,7.8,,,8.6,7.75,,,,,
7540105,A00,7.4,7.25,8.0,,,,,,,
7340301,A00,8.6,6.75,7.5,,,,,,,
7340205,A00,7.0,5.75,8.2,,,,,,,
7480201,A01,8.0,6.8,,8.2,,,,,,
7540101,A00,6.75,8.25,7.6,,,,,,,
7420201,B00,6.25,,6.5,,,,5.0,,,
7510303,A00,6.8,5.25,6.25,,,,,,,
7340120,A00,7.5,8.0,8.0,,,,,,,
7340115,D01,8.0,,,8.2,8.6,,,,,
7340101,A01,8.4,7.5,,8.8,,,,,,
7340201,A00,7.8,6.75,8.0,,,,,,,
7340201,A00,7.75,7.75,8.0,,,,,,,
7380107,A01,6.5,5.0,,7.2,,,,,,
7480201,A00,7.25,8.5,8.0,,,,,,,
7510301,D01,7.0,,,8.0,6.6,,,,,
7340115,D01,7.6,,,8.8,7.75,,,,,
7540106,D07,6.0,,6.0,7.2,,,,,,
7340201,A00,7.8,6.75,8.25,,,,,,,
7480202,A00,5.75,7.75,7.6,,,,,,,
7480202,D07,6.5,,7.0,6.4,,,,,,
7220201,D01,7.25,,,7.2,7.4,,,,,
7819010,A00,6.0,6.75,7.2,,,,,,,
7340301,A00,7.25,5.5,7.6,,,,,,,
7340201,D01,7.25,,,7.2,7.4,,,,,
7510303,D01,7.0,,,7.4,6.8,,,,,
7340123,D01,6.6,,,3.4,7.0,,,,,
7540106,A00,8.0,5.5,7.25,,,,,,,
7540101,B00,7.75,,7.5,,,,7.4,,,
7810202,D01,7.0,,,8.6,7.0,,,,,
7340120,D01,7.8,,,8.2,8.0,,,,,
7510303,D01,6.25,,,6.6,7.8,,,,,
7380107,A00,8.0,6.25,7.25,,,,,,,
7480201,A01,7.8,7.0,,7.6,,,,,,
7480201,A00,7.75,7.5,8.2,,,,,,,
7220204,D01,9.0,,,7.0,7.6,,,,,
7380107,D01,6.2,,,7.2,7.75,,,,,
7510203,D01,6.0,,,3.4,7.0,,,,,
7340120,A00,8.25,7.75,8.4,,,,,,,
7340115,A00,6.75,8.5,8.0,,,,,,,
7480201,A00,7.25,7.25,7.2,,,,,,,
7340115,A00,8.0,8.0,7.0,,,,,,,
7220204,D01,8.2,,,8.8,8.25,,,,,
7510301,D01,6.4,,,5.6,5.0,,,,,
7850101,A00,6.5,6.75,7.0,,,,,,,
7340123,D01,5.4,,,5.8,7.75,,,,,
7380107,A00,7.25,7.25,7.6,,,,,,,
7510303,A00,7.0,7.0,6.25,,,,,,,
7380107,D01,6.75,,,7.2,7.0,,,,,
7480201,D07,6.6,,8.0,8.6,,,,,,
7220204,D09,7.25,,,8.4,,7.0,,,,
7340115,A00,7.75,8.0,8.6,,,,,,,
7480201,D01,8.0,,,6.6,7.2,,,,,
7340101,A00,7.0,7.75,7.8,,,,,,,
7540101,A00,7.0,8.25,7.8,,,,,,,
7340101,A00,8.2,8.0,7.75,,,,,,,
7420201,A00,7.2,6.5,5.5,,,,,,,
7810202,D15,,,,8.25,7.5,,,5.6,,
7540106,D07,6.0,,4.0,8.0,,,,,,
7510303,D07,7.25,,7.0,7.4,,,,,,
7340201,A00,8.2,7.0,8.0,,,,,,,
7510202,A00,7.6,5.75,6.25,,,,,,,
7510303,A00,7.0,6.0,7.75,,,,,,,
7480202,A00,6.5,6.75,7.6,,,,,,,
7810103,A00,6.5,7.0,6.2,,,,,,,
7510301,D01,6.0,,,5.6,4.2,,,,,
7510202,D01,7.0,,,7.0,5.6,,,,,
7510202,A00,6.25,6.5,5.4,,,,,,,
7480201,A00,6.8,7.25,8.5,,,,,,,
7340101,D01,9.0,,,7.4,7.4,,,,,
7340101,D01,8.2,,,8.6,7.75,,,,,
7810103,D15,,,,8.25,6.25,,,4.6,,
7340201,A01,7.25,7.2,,8.0,,,,,,
7220201,D01,7.25,,,7.6,7.4,,,,,
7480202,A01,8.4,7.5,,8.4,,,,,,
7810201,A00,6.5,6.75,7.8,,,,,,,
7810103,D15,,,,8.0,6.5,,,5.8,,
7340301,A00,7.0,7.5,7.8,,,,,,,
7510203,A00,6.2,4.5,6.0,,,,,,,
7819010,B00,7.25,,7.25,,,,6.2,,,
7480201,A01,8.0,6.5,,9.0,,,,,,
7480201,A00,7.8,7.25,6.75,,,,,,,
7340205,D01,7.25,,,7.4,5.4,,,,,
7220204,D01,7.8,,,7.6,8.5,,,,,
7340115,D01,8.0,,,6.6,8.0,,,,,
7540204,D01,7.2,,,5.4,7.5,,,,,
7340115,D01,7.75,,,6.6,8.0,,,,,
7340101,A01,8.2,7.5,,8.2,,,,,,
7340301,A00,6.5,7.0,7.4,,,,,,,
7510203,A00,7.8,8.0,7.25,,,,,,,
7340301,A01,7.4,8.0,,7.8,,,,,,
7510202,D01,7.0,,,5.2,6.25,,,,,
7220204,D01,7.0,,,8.0,8.2,,,,,
7540106,B00,6.5,,7.0,,,,7.0,,,
7810202,D01,7.0,,,7.4,8.0,,,,,
7510202,D01,5.6,,,5.6,6.5,,,,,
7340101,A00,8.0,7.25,8.0,,,,,,,
7340115,A00,7.75,8.0,8.0,,,,,,,
7510303,D07,7.25,,8.6,7.8,,,,,,
7220204,D01,8.0,,,8.6,7.2,,,,,
7340101,A01,8.4,7.75,,8.6,,,,,,
7480202,D07,6.5,,7.0,8.0,,,,,,
7340201,A00,7.8,8.0,7.0,,,,,,,
7220204,D01,7.6,,,6.2,8.75,,,,,
7810103,A01,7.8,7.0,,8.2,,,,,,
7340301,D01,7.8,,,7.4,8.5,,,,,
7340120,D01,7.0,,,7.0,8.6,,,,,
7480201,A01,6.5,7.2,,7.6,,,,,,
7540101,A01,7.25,6.4,,8.6,,,,,,
7220201,A01,8.0,6.4,,8.0,,,,,,
7340122,A00,7.25,8.25,7.2,,,,,,,
7480201,A00,6.0,7.75,8.2,,,,,,,
7480202,D01,6.5,,,7.6,6.0,,,,,
7850101,A00,7.75,6.75,6.2,,,,,,,
7340301,A00,7.0,8.5,8.0,,,,,,,
7380107,D01,8.25,,,6.6,5.2,,,,,
7220204,D01,8.75,,,7.6,7.6,,,,,
7480202,D01,6.75,,,6.8,7.6,,,,,
7850101,B00,7.8,,6.5,,,,7.0,,,
7510401,A00,7.0,6.75,7.8,,,,,,,
7340122,D01,8.25,,,7.6,7.0,,,,,
7340101,A01,7.4,8.25,,7.8,,,,,,
7510301,A00,5.0,9.0,8.2,,,,,,,
7810103,D01,7.6,,,9.2,6.25,,,,,
7340101,A00,7.25,8.0,8.2,,,,,,,
7480202,A00,7.8,7.75,5.75,,,,,,,
7540101,A00,6.0,6.75,8.0,,,,,,,
7340120,D01,7.4,,,7.6,8.25,,,,,
7340122,A00,8.0,8.25,8.2,,,,,,,
7220201,A01,8.0,7.75,,7.6,,,,,,
7510301,D01,7.4,,,5.2,5.25,,,,,
7480202,D01,8.0,,,7.2,7.0,,,,,
7340122,A00,6.75,8.25,8.4,,,,,,,
7480201,A00,6.8,7.0,8.5,,,,,,,
7340301,A01,6.5,6.6,,7.2,,,,,,
7380107,A00,7.6,6.75,7.0,,,,,,,
7340115,A00,7.75,7.0,7.6,,,,,,,
7380107,A00,6.5,6.25,7.0,,,,,,,
7540101,D07,7.8,,8.25,8.8,,,,,,
7340201,A00,7.25,8.0,7.8,,,,,,,
7340115,D01,8.75,,,7.0,7.2,,,,,
7220201,D01,8.0,,,8.8,6.5,,,,,
7340129,D01,7.8,,,6.8,7.5,,,,,
7340115,A00,8.25,7.25,8.2,,,,,,,
7810201,D01,7.2,,,8.2,7.25,,,,,
7340115,D01,8.5,,,8.4,7.6,,,,,
7340301,A00,7.0,7.0,7.6,,,,,,,
7480201,A01,7.0,7.2,,8.0,,,,,,
7540204,D01,8.25,,,7.6,6.0,,,,,
7340201,D01,7.5,,,7.6,7.4,,,,,
7850101,A00,6.8,6.25,6.0,,,,,,,
7810202,D01,6.4,,,8.2,8.0,,,,,
7220201,D01,6.5,,,7.8,8.6,,,,,
7340301,D01,7.6,,,7.6,8.5,,,,,
7340301,A00,7.5,8.0,8.2,,,,,,,
7480201,D01,7.5,,,8.0,8.0,,,,,
7480201,A00,6.75,7.25,8.2,,,,,,,
7810201,D01,7.33,,,6.2,5.8,,,,,
7340120,A00,8.0,7.5,8.0,,,,,,,
7420201,B00,6.8,,6.75,,,,6.0,,,
7480202,A00,6.75,8.25,7.2,,,,,,,
7340201,A01,7.5,6.4,,6.8,,,,,,
7340115,A00,8.0,7.5,8.4,,,,,,,
7810201,D01,7.75,,,7.0,7.4,,,,,
7510303,A00,7.25,5.5,7.6,,,,,,,
7480201,D07,8.75,,7.2,8.2,,,,,,
7850101,A00,5.8,5.75,6.25,,,,,,,
7540204,D01,6.5,,,7.2,6.4,,,,,
7510401,A00,8.0,5.0,7.5,,,,,,,
7819010,B00,5.25,,6.75,,,,6.4,,,
7340120,D01,8.25,,,7.0,8.4,,,,,
7340101,A00,7.75,8.0,7.6,,,,,,,
7340115,A00,7.0,6.75,8.6,,,,,,,
7480201,A01,7.0,8.0,,7.4,,,,,,
7480201,A01,7.2,6.75,,9.2,,,,,,
7510301,D01,7.25,,,6.6,8.6,,,,,
7220201,D01,8.25,,,8.2,7.8,,,,,
7540106,A00,7.6,7.75,8.25,,,,,,,
7540106,A00,7.0,6.75,7.5,,,,,,,
7340201,D01,7.75,,,7.4,5.8,,,,,
7220204,D09,9.25,,,8.2,,5.8,,,,
7480201,A00,7.5,7.75,7.6,,,,,,,
7480201,D01,7.8,,,7.6,7.0,,,,,
7510303,A00,5.75,7.25,8.2,,,,,,,
7480202,A01,7.25,7.0,,8.0,,,,,,
7340120,D01,8.0,,,8.8,7.5,,,,,
7340101,A01,8.2,7.0,,8.6,,,,,,
7520115,D01,6.5,,,6.0,3.4,,,,,
7340201,A00,7.75,8.0,6.6,,,,,,,
7340201,A00,8.4,6.5,8.0,,,,,,,
7510203,A00,8.25,5.5,8.0,,,,,,,
7810202,D01,7.5,,,5.0,5.8,,,,,
7510401,D07,6.6,,8.5,7.0,,,,,,
7340101,D01,7.25,,,7.4,9.0,,,,,
7340115,D01,7.25,,,7.2,7.8,,,,,
7340201,D01,8.75,,,6.4,6.2,,,,,
7340201,D01,7.0,,,7.8,6.2,,,,,
7340101,D01,7.75,,,7.8,6.2,,,,,
7340301,D01,8.0,,,8.2,4.8,,,,,
7819010,B00,6.75,,8.5,,,,7.8,,,
7380107,D01,7.75,,,6.8,6.4,,,,,
7819009,D07,5.25,,7.0,6.8,,,,,,
7480201,A01,8.0,8.0,,6.8,,,,,,
7540204,D01,5.6,,,4.6,6.25,,,,,
7510401,B00,6.2,,7.25,,,,6.75,,,
7340115,D01,8.0,,,7.8,7.2,,,,,
7380107,D01,7.75,,,7.6,7.4,,,,,
7819010,B00,5.75,,6.75,,,,7.0,,,
7510301,D07,6.5,,5.2,6.6,,,,,,
7480202,D01,5.4,,,4.6,7.75,,,,,
7340120,A00,7.0,8.25,8.4,,,,,,,
7540106,D07,6.8,,7.0,6.8,,,,,,
7810201,D01,8.2,,,6.8,7.0,,,,,
7340301,D01,7.0,,,8.6,6.75,,,,,
7380107,D01,8.75,,,7.8,4.6,,,,,
7810201,D01,7.58,,,6.4,4.0,,,,,
7340301,A00,7.0,6.75,7.4,,,,,,,
7380107,D01,7.4,,,8.2,7.0,,,,,
7220201,D01,7.5,,,7.4,9.0,,,,,
7540101,B00,8.8,,7.5,,,,8.75,,,
7340301,D01,7.6,,,7.4,7.25,,,,,
7819009,A00,6.75,5.5,5.6,,,,,,,
7380107,D01,8.4,,,7.0,7.75,,,,,
7819009,A01,6.0,5.8,,6.4,,,,,,
7480201,D01,7.0,,,7.8,9.2,,,,,
7510401,A00,8.0,6.0,8.0,,,,,,,
7480202,A00,7.25,6.75,6.8,,,,,,,
7220204,D01,8.25,,,6.6,8.0,,,,,
7540106,A00,6.75,8.5,7.4,,,,,,,
7480202,D01,5.4,,,3.8,7.75,,,,,
7340129,A00,7.5,6.0,7.6,,,,,,,
7510401,A00,7.4,6.5,7.0,,,,,,,
7340120,A00,7.75,7.75,8.2,,,,,,,
7380107,A00,8.0,6.75,6.75,,,,,,,
7340122,D01,8.25,,,7.6,7.8,,,,,
7480202,D07,7.5,,7.8,7.8,,,,,,
7510401,A00,7.8,6.75,6.75,,,,,,,
7540204,D01,6.75,,,5.2,5.8,,,,,
7480201,D07,7.4,,7.25,7.2,,,,,,
7220201,D01,8.0,,,9.4,6.25,,,,,
7510401,A00,7.8,6.75,6.5,,,,,,,
7510202,D01,7.5,,,6.6,4.2,,,,,
7810103,D01,7.75,,,7.6,7.4,,,,,
7380107,D01,7.4,,,7.6,6.75,,,,,
7340301,A00,7.8,6.5,8.0,,,,,,,
7540106,A00,7.6,7.25,8.0,,,,,,,
7340115,A00,8.5,8.25,7.8,,,,,,,
7810202,A00,8.25,8.5,8.0,,,,,,,
7340201,D01,9.0,,,7.2,6.0,,,,,
7480201,D07,7.6,,7.25,9.2,,,,,,
7810202,D01,8.8,,,6.2,7.5,,,,,
7480201,A00,7.75,7.0,7.4,,,,,,,
7340101,A00,7.25,7.75,7.6,,,,,,,
7819009,B00,7.25,,7.75,,,,7.2,,,
7340301,A00,8.6,7.5,7.5,,,,,,,
7340115,D01,7.5,,,8.2,6.6,,,,,
7340201,A00,7.5,6.75,7.2,,,,,,,
7220201,D01,8.0,,,9.4,7.25,,,,,
7340101,A00,7.5,7.0,8.0,,,,,,,
7340115,A00,8.4,7.25,9.25,,,,,,,
7480201,A00,7.5,7.5,7.8,,,,,,,
7510401,A00,6.75,8.5,6.8,,,,,,,
7340101,A01,6.5,7.8,,8.0,,,,,,
7810201,A00,7.4,7.5,8.0,,,,,,,
7510303,D01,7.6,,,6.4,7.25,,,,,
7340115,A01,8.25,8.6,,7.8,,,,,,
7540106,A00,6.5,7.25,7.6,,,,,,,
7520115,D01,6.0,,,6.4,4.6,,,,,
7510301,A00,6.75,7.75,7.4,,,,,,,
7380107,D01,7.2,,,8.2,7.75,,,,,
7380107,D01,7.5,,,6.8,5.0,,,,,
7480201,D07,6.75,,7.6,7.4,,,,,,
7540204,D01,7.5,,,7.6,6.2,,,,,
7510203,A00,6.5,8.0,6.8,,,,,,,
7510303,A00,8.2,6.25,5.0,,,,,,,
7540106,B00,8.0,,5.75,,,,5.5,,,
7380107,A00,7.0,6.0,8.25,,,,,,,
7480201,A00,8.4,6.75,8.5,,,,,,,
7340129,D01,7.25,,,7.4,6.0,,,,,
7220201,A01,7.6,7.75,,8.0,,,,,,
7510401,B00,7.75,,6.75,,,,7.0,,,
7850101,B00,5.5,,5.25,,,,6.6,,,
7510402,B00,6.8,,5.5,,,,4.25,,,
7510203,A00,7.2,6.75,5.75,,,,,,,
7340101,A00,7.75,7.5,7.6,,,,,,,
7510202,D01,7.0,,,7.0,7.2,,,,,
7540101,A00,7.25,7.75,8.2,,,,,,,
7340115,D01,9.0,,,7.2,7.4,,,,,
7510303,A01,7.25,7.6,,7.8,,,,,,
7340101,A00,8.0,7.75,8.75,,,,,,,
7510303,A01,7.25,6.6,,7.4,,,,,,
7340115,D01,7.75,,,8.2,6.8,,,,,
7340101,A00,6.25,7.0,7.6,,,,,,,
7810202,D01,8.2,,,5.2,8.75,,,,,
7810201,D01,6.0,,,7.4,5.4,,,,,
7480201,A01,7.25,6.0,,7.6,,,,,,
7540101,D07,8.25,,6.4,7.4,,,,,,
7340101,D01,7.4,,,8.4,7.75,,,,,
7340115,D01,8.0,,,8.2,6.6,,,,,
7340201,A01,7.6,7.25,,8.2,,,,,,
7480201,D01,7.8,,,8.6,6.5,,,,,
7480201,A01,8.25,7.6,,7.4,,,,,,
7380107,A00,7.8,7.5,7.5,,,,,,,
7340122,A00,7.75,8.0,8.4,,,,,,,
7510202,D01,5.5,,,6.0,6.4,,,,,
7520115,A00,6.75,7.0,7.4,,,,,,,
7540101,A00,7.5,7.75,6.2,,,,,,,
7540105,A00,5.25,6.75,7.4,,,,,,,
7510303,A00,7.2,7.25,6.5,,,,,,,
7220204,D01,8.25,,,7.2,8.8,,,,,
7340201,A01,7.6,6.5,,8.8,,,,,,
7340301,D01,7.8,,,9.6,7.75,,,,,
7340115,A00,7.75,8.0,7.8,,,,,,,
7340120,A00,6.75,8.0,7.6,,,,,,,
7819009,B00,5.5,,7.0,,,,7.8,,,
7480201,D07,7.8,,7.5,8.4,,,,,,
7340201,A00,6.75,6.75,7.4,,,,,,,
7340101,D01,7.25,,,6.4,7.8,,,,,
7340115,A00,8.25,8.5,7.4,,,,,,,
7340115,D01,9.0,,,7.6,7.8,,,,,
7340301,A00,8.0,8.0,7.25,,,,,,,
7480201,A01,8.6,6.5,,9.4,,,,,,
7220204,D09,8.0,,,8.2,,8.0,,,,
7340101,D01,7.4,,,9.2,7.0,,,,,
7340101,A00,7.6,7.75,7.75,,,,,,,
7810202,D15,,,,6.25,6.25,,,5.8,,
7540101,D07,7.75,,7.8,8.0,,,,,,
7380107,A00,7.2,7.5,6.75,,,,,,,
7810202,D01,7.4,,,7.8,7.5,,,,,
7510202,A01,7.2,6.5,,5.8,,,,,,
7480201,A01,7.0,6.8,,7.2,,,,,,
7480201,A01,8.0,7.5,,8.6,,,,,,
7480201,A00,8.0,6.75,7.25,,,,,,,
7420201,B00,6.5,,7.75,,,,7.0,,,
7510203,D01,7.0,,,7.2,4.6,,,,,
7810202,D01,7.4,,,8.8,7.75,,,,,
7340101,D01,7.75,,,7.8,7.0,,,,,
7510406,A00,7.0,6.5,7.2,,,,,,,
7810201,A00,7.0,8.25,8.2,,,,,,,
7340301,A01,7.0,5.6,,7.8,,,,,,
7540204,D01,8.0,,,4.2,7.0,,,,,
7510401,A00,7.4,5.25,6.25,,,,,,,
7510301,D01,7.0,,,4.6,6.25,,,,,
7220201,D01,7.4,,,8.8,7.5,,,,,
7510301,D01,7.6,,,4.2,6.5,,,,,
7340123,D01,7.8,,,7.2,7.25,,,,,
7340129,D01,7.5,,,6.8,6.4,,,,,
7480201,A00,8.8,6.75,7.25,,,,,,,
7510203,A00,7.5,8.5,8.2,,,,,,,
7810201,D15,,,,7.0,8.0,,,5.4,,
7380107,A01,6.8,8.25,,8.4,,,,,,
7340115,A00,7.0,7.25,8.4,,,,,,,
7340122,D01,9.0,,,7.8,6.4,,,,,
7810201,D01,7.6,,,8.4,7.75,,,,,
7220201,D01,7.6,,,10.0,7.0,,,,,
7480202,D01,6.0,,,5.2,5.4,,,,,
7510202,A00,7.5,7.25,7.2,,,,,,,
7340301,A00,7.0,8.0,8.2,,,,,,,
7420201,B00,7.25,,8.25,,,,7.6,,,
7340201,D01,9.5,,,6.6,6.8,,,,,
7510202,A01,5.5,6.2,,6.8,,,,,,
7540101,A00,7.25,6.5,7.6,,,,,,,
7220201,D01,7.5,,,7.4,8.6,,,,,
7220201,D01,7.6,,,8.6,7.5,,,,,
7340120,D01,8.6,,,8.6,8.25,,,,,
7810201,D01,7.4,,,6.4,8.75,,,,,
7340201,A00,6.75,7.5,7.2,,,,,,,
7819009,A00,7.5,7.25,7.4,,,,,,,
7510301,A00,6.25,6.5,7.8,,,,,,,
7480201,A01,7.2,8.0,,7.0,,,,,,
7340301,D01,6.5,,,7.0,8.4,,,,,
7480201,A00,8.4,8.25,7.5,,,,,,,
7480202,D01,6.6,,,4.2,6.75,,,,,
7340201,A00,7.0,7.25,6.2,,,,,,,
7540101,B00,8.5,,8.0,,,,6.0,,,
7340301,A00,7.0,8.0,8.6,,,,,,,
7510401,A00,6.25,8.0,3.6,,,,,,,
7819010,B00,4.5,,6.75,,,,6.6,,,
7460108,D01,5.75,,,6.4,5.2,,,,,
7340101,D01,7.0,,,6.2,8.8,,,,,
7340101,A00,7.8,8.25,7.75,,,,,,,
7340301,D01,8.2,,,8.6,7.0,,,,,
7480202,A00,6.75,7.75,9.4,,,,,,,
7510401,A00,8.0,8.0,6.8,,,,,,,
7540204,D01,7.6,,,3.0,7.5,,,,,
7340115,A00,8.0,7.5,7.6,,,,,,,
7340201,A00,7.6,7.25,8.5,,,,,,,
7340123,D01,4.8,,,8.6,6.5,,,,,
7480201,D07,7.4,,8.0,7.6,,,,,,
7380107,D01,7.6,,,8.8,7.0,,,,,
7510301,A00,6.5,7.25,7.8,,,,,,,
7819010,A00,5.25,5.5,6.2,,,,,,,
7340115,A00,8.25,8.0,8.2,,,,,,,
7510303,D01,8.0,,,5.0,6.5,,,,,
7810202,D01,6.0,,,8.2,7.4,,,,,
7340201,D01,7.6,,,8.2,7.25,,,,,
7810202,A00,8.2,7.0,8.0,,,,,,,
7480201,A00,7.5,8.5,7.8,,,,,,,
7220201,D01,7.2,,,8.0,8.25,,,,,
7340120,D01,7.4,,,8.8,8.25,,,,,
7510303,A00,6.0,5.5,6.8,,,,,,,
7340120,A00,7.5,7.0,8.4,,,,,,,
7510401,B00,6.8,,8.75,,,,5.25,,,
7340101,D01,8.25,,,6.8,7.6,,,,,
7810201,A00,7.75,8.0,7.6,,,,,,,
7340301,A00,8.0,7.25,7.25,,,,,,,
7480201,A00,7.75,8.0,8.0,,,,,,,
7340120,D01,7.5,,,8.4,8.8,,,,,
7340201,A00,8.25,7.25,7.6,,,,,,,
7510303,D01,7.2,,,4.0,7.75,,,,,
7510203,A00,5.75,5.25,7.0,,,,,,,
7340301,D01,7.5,,,7.4,7.2,,,,,
7810202,D01,8.0,,,8.4,6.5,,,,,
7340301,A00,8.2,7.75,8.25,,,,,,,
7480201,A00,7.8,6.75,7.25,,,,,,,
7480201,A00,8.5,6.25,7.2,,,,,,,
7340101,D01,7.6,,,8.4,7.5,,,,,
7340129,A00,6.75,7.75,7.4,,,,,,,
7510303,A00,7.0,4.25,5.25,,,,,,,
7340301,A00,8.0,7.25,7.75,,,,,,,
7340115,D01,8.0,,,8.2,8.6,,,,,
7220204,D09,9.0,,,6.6,,6.2,,,,
7340101,D01,6.75,,,6.6,8.4,,,,,
7850101,A01,7.0,5.4,,8.6,,,,,,
7510401,A00,5.75,6.0,6.8,,,,,,,
7540101,A00,8.2,7.75,7.75,,,,,,,
7540101,A00,6.25,7.75,7.8,,,,,,,
7480201,A00,7.0,7.25,6.6,,,,,,,
7480201,A00,8.4,6.75,7.25,,,,,,,
7510202,D01,6.25,,,5.4,6.2,,,,,
7420201,D07,7.6,,7.0,8.2,,,,,,
7510303,D01,6.8,,,6.8,6.5,,,,,
7480201,A01,8.25,7.6,,8.0,,,,,,
7480202,D01,7.5,,,7.6,5.0,,,,,
7480201,D07,8.0,,8.2,7.2,,,,,,
7340120,D01,8.75,,,7.6,7.4,,,,,
7480201,D07,8.4,,7.25,7.8,,,,,,
7340129,A00,7.75,7.0,7.4,,,,,,,
7480201,D07,8.0,,8.0,7.8,,,,,,
7340101,A00,8.6,7.5,8.0,,,,,,,
7380107,A00,7.8,7.75,8.25,,,,,,,
7540106,A00,6.75,7.25,7.2,,,,,,,
7480201,A01,7.5,7.0,,7.0,,,,,,
7340120,D01,7.4,,,8.4,7.75,,,,,
7510401,A00,6.4,4.0,7.0,,,,,,,
7510401,D07,7.4,,7.5,6.6,,,,,,
7340101,A00,7.25,7.5,6.6,,,,,,,
7380107,D01,8.0,,,7.4,7.4,,,,,
7480202,A00,7.2,6.25,7.0,,,,,,,
7540204,D01,8.2,,,3.6,6.0,,,,,
7480201,D01,7.75,,,8.0,6.8,,,,,
7340120,A00,7.0,7.5,7.8,,,,,,,
7810201,D01,8.0,,,7.2,4.4,,,,,
7220204,D01,8.25,,,7.6,5.4,,,,,
7510401,A00,7.2,5.0,5.5,,,,,,,
7510203,D01,7.2,,,5.0,6.25,,,,,
7340129,A01,6.75,5.8,,7.6,,,,,,
7220201,D01,7.4,,,7.8,8.5,,,,,
7540101,A01,7.5,7.6,,7.4,,,,,,
7340205,D01,5.75,,,5.6,7.0,,,,,
7420201,A00,6.75,6.75,7.0,,,,,,,
7480201,A00,8.5,8.0,7.2,,,,,,,
7380107,D15,,,,7.5,7.25,,,7.2,,
7340201,A00,6.25,7.25,7.6,,,,,,,
7510401,A00,7.25,8.0,7.6,,,,,,,
7220204,D01,7.5,,,8.0,7.8,,,,,
7510401,B00,5.0,,4.5,,,,7.4,,,
7480201,A00,7.5,7.5,8.2,,,,,,,
7340301,A01,7.25,8.8,,7.0,,,,,,
7340120,D01,7.0,,,7.2,8.8,,,,,
7540101,A00,6.75,7.25,7.8,,,,,,,
7540204,D01,7.0,,,7.4,7.0,,,,,
7380107,D01,6.5,,,8.4,6.4,,,,,
7540106,A00,7.2,6.75,5.75,,,,,,,
7510203,A00,6.0,5.5,6.6,,,,,,,
7480201,A00,6.75,7.25,8.0,,,,,,,
7480202,D01,7.6,,,6.8,6.5,,,,,
7810202,D01,7.2,,,6.8,8.5,,,,,
7340115,A01,8.2,8.0,,8.6,,,,,,
7220201,D01,7.2,,,7.2,8.5,,,,,
7340120,D01,8.75,,,6.8,6.6,,,,,
7480202,A00,7.25,7.0,8.0,,,,,,,
7540101,B00,8.0,,7.75,,,,8.2,,,
7480201,D01,7.8,,,7.4,7.75,,,,,
7340101,A00,8.0,7.25,7.6,,,,,,,
7340301,D01,6.0,,,6.6,7.4,,,,,
7420201,B00,8.2,,8.25,,,,6.0,,,
7810202,A00,7.6,7.0,7.75,,,,,,,
7380107,D15,,,,7.75,6.5,,,4.8,,
7510202,D01,5.8,,,6.8,6.75,,,,,
7510303,A00,7.0,7.0,6.6,,,,,,,
7380107,D01,7.75,,,6.2,5.6,,,,,
7510303,A00,8.0,7.5,7.5,,,,,,,
7510401,A00,6.75,8.0,7.2,,,,,,,
7510303,A01,6.75,8.2,,8.0,,,,,,
7340115,D01,7.25,,,8.0,9.2,,,,,
7340301,A01,7.5,8.2,,7.0,,,,,,
7810202,A00,7.2,7.75,7.75,,,,,,,
7480201,A01,7.8,7.75,,8.4,,,,,,
7340101,D01,7.8,,,8.4,7.5,,,,,
7340120,A00,5.75,7.0,8.0,,,,,,,
7340115,D01,7.25,,,7.8,7.2,,,,,
7340120,A01,8.8,6.75,,9.2,,,,,,
7480201,D01,6.75,,,8.6,8.4,,,,,
7340101,D01,8.0,,,7.6,8.75,,,,,
7480201,D01,7.5,,,6.4,7.0,,,,,
7540101,D07,8.0,,7.25,8.8,,,,,,
7480202,A00,7.25,7.5,7.8,,,,,,,
7510301,D01,7.2,,,5.8,7.75,,,,,
7340101,A00,6.75,6.5,8.4,,,,,,,
7480201,A01,8.75,6.6,,7.8,,,,,,
7220201,D09,8.25,,,5.6,,9.0,,,,
7480201,A00,7.5,7.0,7.8,,,,,,,
7510401,D07,7.2,,7.25,8.0,,,,,,
7810202,D15,,,,7.75,6.0,,,6.4,,
7510202,A01,7.5,6.8,,6.8,,,,,,
7480202,D01,6.0,,,7.2,5.25,,,,,
7510202,D01,6.75,,,6.4,4.0,,,,,
7510301,D01,7.8,,,5.6,7.75,,,,,
7340120,A00,6.75,8.0,7.8,,,,,,,
7480201,D01,7.0,,,9.8,6.75,,,,,
7810201,D01,7.8,,,8.0,7.25,,,,,
7510301,D01,7.2,,,4.0,6.75,,,,,
7340201,A00,7.25,8.75,7.8,,,,,,,
7540204,D01,6.6,,,4.8,7.75,,,,,
7480201,D01,7.25,,,7.6,7.4,,,,,
7340301,A00,7.5,7.25,6.8,,,,,,,
7340101,A00,5.5,8.0,7.6,,,,,,,
7480201,D01,6.75,,,7.2,7.0,,,,,
7340101,D01,8.0,,,7.4,7.0,,,,,
7540101,D07,7.75,,8.6,7.8,,,,,,
7510203,D07,7.25,,7.6,6.8,,,,,,
7380107,D01,8.0,,,7.4,7.0,,,,,
7340101,A00,6.25,7.0,7.8,,,,,,,
7340201,D01,7.6,,,6.2,8.5,,,,,
7420201,B00,5.75,,7.5,,,,7.2,,,
7540101,B00,6.75,,9.0,,,,6.8,,,
7480201,A00,7.5,8.0,7.6,,,,,,,
7340301,A00,8.0,6.75,7.4,,,,,,,
7340115,D01,8.5,,,7.6,8.0,,,,,
7340201,A01,8.2,6.5,,7.8,,,,,,
7510303,D01,6.25,,,7.0,5.2,,,,,
7420201,D07,8.4,,7.75,8.6,,,,,,
7480202,D01,6.5,,,6.0,5.8,,,,,
7340120,A01,7.75,7.6,,8.0,,,,,,
7460108,A00,7.25,6.25,7.4,,,,,,,
7340120,A00,7.5,8.25,8.0,,,,,,,
7480201,A00,7.0,8.25,7.8,,,,,,,
7340115,A01,8.0,7.0,,9.0,,,,,,
7819010,A01,5.5,4.6,,6.6,,,,,,
7380107,D01,8.0,,,6.2,7.5,,,,,
7480201,D01,8.25,,,7.6,4.6,,,,,
7540106,A00,6.5,6.5,7.2,,,,,,,
7380107,D01,8.0,,,6.6,7.8,,,,,
7380107,D01,7.0,,,7.0,7.0,,,,,
7340123,D01,5.8,,,7.2,6.5,,,,,
7810202,A00,8.4,7.0,7.25,,,,,,,
7340201,A00,7.5,8.0,7.6,,,,,,,
7480201,D01,6.2,,,8.6,7.5,,,,,
7810103,D01,7.8,,,7.4,7.25,,,,,
7510202,D07,7.25,,7.0,7.4,,,,,,
7480202,A01,7.4,6.75,,7.0,,,,,,
7340120,A01,8.0,7.4,,7.2,,,,,,
7420201,A00,7.75,7.0,6.8,,,,,,,
7340201,A00,8.0,7.75,7.8,,,,,,,
7340120,A01,7.5,6.8,,7.4,,,,,,
7810103,D01,7.6,,,7.4,7.5,,,,,
7510202,D01,6.0,,,5.0,7.2,,,,,
7480202,A01,7.0,6.8,,7.0,,,,,,
7340301,A00,7.5,8.0,8.4,,,,,,,
7480201,A00,8.5,8.0,7.4,,,,,,,
7340115,A00,7.25,8.0,7.8,,,,,,,
7340101,A00,8.0,7.5,8.25,,,,,,,
7810201,D01,6.0,,,5.8,7.4,,,,,
7380107,A00,7.4,7.0,7.25,,,,,,,
7380107,D01,8.4,,,6.8,8.25,,,,,
7510202,A00,6.4,7.25,4.75,,,,,,,
7480201,D01,7.75,,,8.8,8.6,,,,,
7850101,A00,6.8,6.5,6.0,,,,,,,
7340120,A00,6.75,8.0,8.2,,,,,,,
7380107,A00,7.6,7.0,7.5,,,,,,,
7540101,A00,8.2,8.0,8.75,,,,,,,
7340301,A00,6.25,7.75,6.2,,,,,,,
7540101,B00,7.0,,7.75,,,,8.0,,,
7480201,D07,7.5,,7.6,7.2,,,,,,
7510203,D01,6.6,,,9.2,6.5,,,,,
7540101,A01,8.0,6.5,,8.8,,,,,,
7460108,A00,6.75,7.0,7.4,,,,,,,
7510303,D07,6.4,,5.0,6.8,,,,,,
7540106,D07,5.4,,6.25,5.8,,,,,,
7480201,A00,7.5,7.0,7.4,,,,,,,
7810201,A00,8.0,6.5,7.75,,,,,,,
7340123,D01,7.5,,,7.2,5.4,,,,,
7340301,D01,8.4,,,7.2,7.75,,,,,
7510202,A01,6.0,5.4,,8.0,,,,,,
7340301,A00,6.75,7.75,8.4,,,,,,,
7220201,D01,7.4,,,8.6,7.75,,,,,
7510301,D01,5.4,,,5.8,6.5,,,,,
7540105,B00,6.5,,7.5,,,,7.2,,,
7480202,D01,6.0,,,9.0,7.0,,,,,
7540101,D07,8.0,,6.8,7.4,,,,,,
7340123,D01,7.0,,,4.8,6.5,,,,,
7819010,A00,6.25,5.0,6.6,,,,,,,
7480202,D01,6.75,,,7.4,4.8,,,,,
7540101,A00,7.0,7.5,7.8,,,,,,,
7340205,D01,6.75,,,6.8,5.2,,,,,
7540204,A01,8.6,8.75,,9.4,,,,,,
7510303,D01,8.25,,,7.6,5.6,,,,,
7340120,A00,7.5,7.75,7.8,,,,,,,
7380107,A00,6.75,8.75,7.6,,,,,,,
7380107,D15,,,,8.5,7.25,,,5.2,,
7340120,A00,8.2,7.75,7.5,,,,,,,
7540101,A00,7.75,7.5,7.4,,,,,,,
7340120,D01,7.4,,,8.4,8.25,,,,,
7220201,D01,7.6,,,8.0,7.5,,,,,
7810202,D01,6.25,,,7.6,6.2,,,,,
7340101,A00,6.5,7.0,8.2,,,,,,,
7340120,D01,8.0,,,7.8,8.0,,,,,
7340301,D01,8.25,,,7.6,7.6,,,,,
7340120,A01,6.75,8.2,,7.6,,,,,,
7810202,D01,7.2,,,8.4,6.75,,,,,
7340129,D01,8.5,,,7.4,5.6,,,,,
7340301,A00,8.2,7.0,7.25,,,,,,,
7510303,D01,7.4,,,4.2,5.5,,,,,
7340115,A00,7.5,8.75,7.6,,,,,,,
7520115,D01,7.0,,,5.4,6.5,,,,,
7340120,D01,8.0,,,7.0,8.0,,,,,
7340101,A00,8.5,7.5,7.2,,,,,,,
7510303,D07,6.2,,8.25,7.0,,,,,,
7810103,D01,7.0,,,6.8,8.75,,,,,
7510301,A01,7.6,5.0,,5.0,,,,,,
7540101,B00,8.25,,7.0,,,,7.6,,,
7340201,D01,7.75,,,6.6,6.8,,,,,
7340101,A01,7.0,7.2,,6.8,,,,,,
7480202,A00,7.4,5.75,7.5,,,,,,,
7220201,D01,7.75,,,6.8,6.8,,,,,
7340115,D01,8.5,,,7.4,7.8,,,,,
7480201,D01,6.25,,,7.4,8.4,,,,,
7340201,A00,7.75,7.25,6.8,,,,,,,
7540101,A00,6.75,7.75,7.0,,,,,,,
7340301,A00,7.5,7.5,7.2,,,,,,,
7340115,A01,7.75,8.0,,7.0,,,,,,
7480201,D07,7.75,,8.0,7.8,,,,,,
7340120,A00,8.0,7.25,7.5,,,,,,,
7540106,B00,6.25,,5.75,,,,6.6,,,
7819010,A01,7.0,4.6,,7.6,,,,,,
7340301,A00,8.0,7.0,7.75,,,,,,,
7220201,A01,8.0,8.0,,7.8,,,,,,
7480201,D07,7.6,,8.0,7.6,,,,,,
7340301,D01,7.0,,,8.2,8.5,,,,,
7480201,D01,8.0,,,7.0,8.4,,,,,
7480201,D01,8.0,,,7.8,6.6,,,,,
7480201,A00,8.0,8.0,7.4,,,,,,,
7540101,A01,8.6,7.5,,8.4,,,,,,
7810201,D01,8.0,,,7.2,5.2,,,,,
7340123,A01,6.75,7.8,,7.0,,,,,,
7480201,A00,8.0,8.0,8.0,,,,,,,
7220204,D01,7.8,,,9.0,6.25,,,,,
7340101,A00,8.6,7.5,8.5,,,,,,,
7510203,A01,7.25,6.8,,7.2,,,,,,
7480201,A00,8.25,7.25,7.6,,,,,,,
7340115,D01,6.75,,,7.6,8.4,,,,,
7520115,D01,6.5,,,7.2,6.2,,,,,
7810202,D01,8.2,,,8.6,6.75,,,,,
7480201,A01,7.0,8.5,,7.8,,,,,,
7220201,D01,6.5,,,7.0,8.8,,,,,
7540106,A00,7.8,6.25,7.25,,,,,,,
7380107,A00,7.4,7.75,6.25,,,,,,,
7340201,A00,8.25,7.5,6.8,,,,,,,
7340301,A00,8.25,7.0,8.4,,,,,,,
7220201,A01,7.25,8.8,,8.2,,,,,,
7380107,A00,8.4,7.0,5.5,,,,,,,
7850101,B00,5.75,,6.0,,,,6.2,,,
7480201,A00,7.0,7.75,8.6,,,,,,,
7340301,A01,8.25,7.4,,6.8,,,,,,
7810202,D15,,,,5.75,7.5,,,6.0,,
7340115,A00,8.25,8.5,8.2,,,,,,,
7510401,B00,5.75,,6.25,,,,5.4,,,
7340201,A01,6.75,8.6,,8.4,,,,,,
7340101,A01,8.4,7.75,,8.4,,,,,,
7340301,A00,7.0,8.25,8.0,,,,,,,
7340301,A00,8.0,7.25,7.5,,,,,,,
7480201,D01,8.0,,,7.6,7.25,,,,,
7850101,A00,6.25,5.25,7.2,,,,,,,
7340123,A01,7.6,6.75,,7.8,,,,,,
7540204,D01,6.6,,,7.0,6.5,,,,,
7420201,A01,6.8,6.0,,4.2,,,,,,
7480201,A00,7.0,7.5,7.0,,,,,,,
7340101,A00,8.25,8.0,8.2,,,,,,,
7340129,D01,7.25,,,6.8,6.4,,,,,
7340129,D01,7.8,,,4.4,8.5,,,,,
7540106,B00,8.2,,7.5,,,,7.5,,,
7480201,D01,7.5,,,8.0,8.0,,,,,
7480201,A01,6.5,8.2,,7.4,,,,,,
7340201,D01,7.75,,,6.6,7.0,,,,,
7810103,A00,7.5,7.5,8.2,,,,,,,
7810202,D01,7.4,,,8.2,8.0,,,,,
7340301,A00,6.75,8.25,7.6,,,,,,,
7810202,D01,7.4,,,7.4,8.5,,,,,
7420201,B00,6.25,,7.5,,,,6.4,,,
7480201,A00,8.0,8.25,8.6,,,,,,,
7340101,A00,7.25,8.25,8.6,,,,,,,
7340201,D01,6.0,,,7.2,8.2,,,,,
7340129,A00,6.75,8.0,7.6,,,,,,,
7510203,A00,5.6,4.25,6.5,,,,,,,
7810202,D01,8.0,,,7.8,6.2,,,,,
7220204,D01,7.75,,,7.4,6.4,,,,,
7340201,D01,9.2,,,6.8,8.25,,,,,
7540101,B00,7.5,,7.0,,,,7.4,,,
7510301,D01,6.25,,,5.4,5.0,,,,,
7340301,D01,8.2,,,7.6,7.25,,,,,
7340115,A01,7.75,7.6,,7.6,,,,,,
7220204,D01,8.0,,,7.8,8.75,,,,,
7340115,A01,6.25,8.2,,8.2,,,,,,
7480201,D01,6.8,,,8.2,7.75,,,,,
7340115,A00,8.0,8.5,7.8,,,,,,,
7460108,D01,6.25,,,6.6,7.6,,,,,
7810202,D01,7.75,,,6.2,7.4,,,,,
7810103,D01,7.5,,,8.0,9.2,,,,,
7340301,A00,7.0,8.0,8.4,,,,,,,
7340101,A01,8.2,7.25,,8.8,,,,,,
7510202,D01,6.75,,,7.6,8.2,,,,,
7810201,D01,7.6,,,7.6,7.5,,,,,
7340120,D01,8.75,,,6.8,6.6,,,,,
7340101,D01,7.75,,,6.6,6.4,,,,,
7220204,D01,7.8,,,8.8,8.25,,,,,
7340201,A00,7.75,8.0,8.0,,,,,,,
7340115,D01,8.0,,,8.4,6.4,,,,,
7480202,D01,7.75,,,8.2,6.6,,,,,
7510203,A01,6.8,7.0,,5.8,,,,,,
7819010,B00,6.25,,6.25,,,,6.2,,,
7480201,A00,7.75,7.0,7.2,,,,,,,
7380107,A00,7.8,7.0,7.25,,,,,,,
7510303,A00,7.25,8.5,7.6,,,,,,,
7340301,D01,6.4,,,8.2,8.5,,,,,
7510203,D01,6.5,,,6.6,6.4,,,,,
7340122,D01,8.0,,,7.4,7.6,,,,,
7510303,D01,7.6,,,7.8,6.5,,,,,
7810103,A00,6.0,7.0,7.0,,,,,,,
7340129,D01,7.5,,,7.2,6.0,,,,,
7340301,D01,7.6,,,8.2,7.5,,,,,
7480201,A00,8.2,6.5,7.75,,,,,,,
7380107,D01,8.5,,,7.0,3.6,,,,,
7510303,A00,5.75,8.0,8.2,,,,,,,
7380107,D01,6.5,,,7.8,8.8,,,,,
7340301,A01,7.6,7.5,,8.2,,,,,,
7510301,A01,5.75,7.6,,6.4,,,,,,
7340201,A01,8.6,7.75,,8.2,,,,,,
7340101,A00,7.75,7.75,7.6,,,,,,,
7510301,D01,5.75,,,6.0,7.2,,,,,
7340201,D01,9.5,,,7.2,5.2,,,,,
7510401,D07,7.4,,7.25,7.2,,,,,,
7510202,D01,7.4,,,7.4,6.5,,,,,
7540106,D07,7.25,,8.0,7.6,,,,,,
7510203,A00,5.75,6.5,7.8,,,,,,,
7810201,A01,5.5,5.8,,7.2,,,,,,
7480201,A00,7.5,7.75,8.2,,,,,,,
7540106,D07,6.25,,7.6,6.2,,,,,,
7810201,D01,6.25,,,6.8,6.6,,,,,
7540101,A00,8.0,8.5,7.5,,,,,,,
7340115,A01,7.75,7.8,,8.4,,,,,,
7380107,A00,7.8,6.75,7.5,,,,,,,
7810103,D15,,,,8.75,6.75,,,7.4,,
7480202,D01,6.8,,,5.4,8.25,,,,,
7810103,D01,7.8,,,7.6,7.75,,,,,
7480201,A00,7.0,7.25,6.4,,,,,,,
7340101,A00,7.0,7.25,7.6,,,,,,,
7540101,D07,7.75,,5.8,7.6,,,,,,
7340129,D01,7.25,,,6.8,7.6,,,,,
7480202,A00,7.0,7.75,8.0,,,,,,,
7380107,D01,6.2,,,6.4,9.0,,,,,
7340115,A00,7.75,7.75,8.8,,,,,,,
7340115,A00,7.25,8.0,8.0,,,,,,,
7510301,D01,7.2,,,5.6,5.5,,,,,
7480201,D01,6.0,,,6.8,7.8,,,,,
7340120,A01,8.2,7.0,,8.4,,,,,,
7340101,A00,8.8,8.25,6.75,,,,,,,
7510303,D01,7.0,,,3.8,6.5,,,,,
7510303,A00,7.75,6.25,7.4,,,,,,,
7340120,A00,8.6,7.0,7.75,,,,,,,
7510301,D01,7.25,,,8.0,5.8,,,,,
7340301,D01,7.75,,,7.6,6.0,,,,,
7510301,D01,7.8,,,5.2,8.75,,,,,
7510203,D01,6.25,,,6.4,4.8,,,,,
7340101,D01,8.0,,,7.8,6.2,,,,,
7340120,D01,7.4,,,7.8,8.25,,,,,
7340120,D01,7.75,,,7.2,7.4,,,,,
7420201,B00,7.5,,7.0,,,,7.2,,,
7540101,A00,7.5,7.5,7.2,,,,,,,
7510301,D01,6.4,,,7.8,7.25,,,,,
7340120,D01,8.5,,,7.4,8.2,,,,,
7540101,B00,8.4,,8.5,,,,8.0,,,
7540106,A00,7.6,6.25,6.0,,,,,,,
7420201,B00,8.0,,8.0,,,,7.6,,,
7819010,A01,7.5,7.6,,7.4,,,,,,
7340301,A00,8.4,7.0,7.25,,,,,,,
7480202,D01,6.75,,,6.4,5.4,,,,,
7340115,A00,7.75,7.75,7.8,,,,,,,
7810103,D01,7.6,,,7.0,8.0,,,,,
7220201,D01,7.75,,,8.2,6.4,,,,,
7510203,A00,6.75,7.25,7.2,,,,,,,
7420201,B00,7.75,,8.0,,,,8.0,,,
7540101,B00,7.0,,8.0,,,,8.0,,,
7340205,D01,7.25,,,6.6,6.4,,,,,
7340115,D01,8.6,,,8.6,7.25,,,,,
7480201,D01,8.4,,,8.6,8.0,,,,,
7540101,B00,7.5,,7.5,,,,7.2,,,
7340115,D01,7.75,,,7.2,7.6,,,,,
7340301,A00,6.5,7.25,7.6,,,,,,,
7340129,A01,7.2,6.5,,8.2,,,,,,
7340201,A00,7.25,7.75,7.2,,,,,,,
7340122,A00,8.25,8.25,8.2,,,,,,,
7340201,A00,8.4,6.75,7.25,,,,,,,
7340201,D01,8.2,,,7.6,7.0,,,,,
7850101,D07,6.4,,7.25,7.2,,,,,,
7220204,A01,7.0,6.6,,7.8,,,,,,
7340129,A00,7.5,6.25,7.8,,,,,,,
7340120,A00,7.75,8.0,7.4,,,,,,,
7340201,D01,7.25,,,7.6,5.6,,,,,
7480201,A00,6.25,7.25,8.2,,,,,,,
7380107,D01,8.0,,,7.2,7.5,,,,,
7540204,A00,7.4,5.75,6.0,,,,,,,
7220201,D01,7.5,,,6.2,9.0,,,,,
7220201,D01,7.5,,,6.6,7.0,,,,,
7819010,B00,7.25,,8.25,,,,7.8,,,
7480201,D01,8.8,,,7.0,6.75,,,,,
7810201,D01,7.5,,,7.6,7.2,,,,,
7480201,A00,7.8,8.25,6.75,,,,,,,
7220201,D09,8.25,,,6.6,,7.0,,,,
7510303,D01,5.75,,,6.8,5.2,,,,,
7380107,D01,8.5,,,7.0,7.2,,,,,
7480201,D07,7.75,,6.8,7.8,,,,,,
7810201,D01,6.2,,,8.8,7.75,,,,,
7540101,D07,7.25,,7.8,7.2,,,,,,
7340101,A00,7.25,7.75,7.6,,,,,,,
7340205,D01,6.25,,,7.8,5.8,,,,,
7220201,A01,8.2,8.5,,8.2,,,,,,
7420201,A01,7.5,7.2,,8.2,,,,,,
7380107,D01,7.0,,,6.8,7.75,,,,,
7510401,B00,6.6,,7.75,,,,6.75,,,
7480202,A00,7.4,7.75,6.25,,,,,,,
7810201,D01,6.0,,,8.2,5.8,,,,,
7340115,D01,8.0,,,8.2,7.4,,,,,
7340120,D01,6.8,,,8.6,7.75,,,,,
7810202,D01,7.25,,,7.4,6.8,,,,,
7540106,A00,7.0,5.5,6.0,,,,,,,
7480201,D07,7.0,,6.5,8.6,,,,,,
7340120,D01,6.0,,,7.4,9.0,,,,,
7220204,D01,7.0,,,7.2,8.5,,,,,
7480201,A01,8.25,6.8,,8.2,,,,,,
7340120,A01,8.0,7.25,,9.0,,,,,,
7480201,D01,8.2,,,9.2,7.75,,,,,
7819010,A01,6.0,5.0,,7.8,,,,,,
7340301,D01,8.8,,,6.0,8.5,,,,,
7340301,D01,6.5,,,8.0,8.4,,,,,
7340120,A01,8.0,7.25,,8.8,,,,,,
7810201,D15,,,,8.75,7.0,,,6.6,,
7480202,D01,5.0,,,5.2,5.75,,,,,
7480202,A00,8.25,8.5,7.6,,,,,,,
7510401,D07,7.5,,6.8,7.0,,,,,,
7510401,D07,5.0,,5.2,7.6,,,,,,
7810103,A01,8.2,6.75,,8.6,,,,,,
7480202,D01,5.5,,,6.2,8.0,,,,,
7480201,D01,7.6,,,8.2,6.5,,,,,
7340120,A01,7.75,7.6,,8.6,,,,,,
7510401,B00,6.8,,6.75,,,,5.75,,,
7510401,A00,7.0,7.5,7.4,,,,,,,
7480201,D01,7.0,,,7.0,8.8,,,,,
7850101,D07,7.4,,8.25,7.4,,,,,,
7220201,D01,8.0,,,8.2,7.5,,,,,
7340301,A00,5.75,7.0,7.4,,,,,,,
7540105,D07,6.2,,7.25,6.0,,,,,,
7480201,A00,8.4,7.0,8.0,,,,,,,
7480202,A00,5.8,6.25,6.75,,,,,,,
7480201,D07,7.25,,6.6,7.4,,,,,,
7510303,D07,7.0,,7.0,7.8,,,,,,
7340101,A00,8.0,5.75,7.2,,,,,,,
7480201,A01,8.0,8.0,,8.6,,,,,,
7340301,A00,7.2,7.5,8.25,,,,,,,
7480201,D01,7.6,,,9.4,7.75,,,,,
7340120,D01,8.0,,,8.2,6.8,,,,,
7480201,A00,7.8,7.25,7.0,,,,,,,
7510303,D01,6.4,,,5.2,7.25,,,,,
7510301,D01,6.2,,,8.0,6.0,,,,,
7510301,D01,7.5,,,7.0,5.4,,,,,
7340101,D01,8.25,,,7.8,5.2,,,,,
7480201,A00,8.25,7.0,7.8,,,,,,,
7520115,D01,7.5,,,7.2,4.2,,,,,
7480201,A00,6.5,7.75,8.8,,,,,,,
7340201,A01,8.2,7.25,,8.4,,,,,,
7810202,D01,7.25,,,8.4,8.8,,,,,
7480201,A00,7.5,7.5,8.0,,,,,,,
7819010,A00,6.75,5.0,6.2,,,,,,,
7340301,A01,6.5,7.4,,7.2,,,,,,
7810202,A00,7.0,7.5,7.6,,,,,,,
7819010,B00,7.25,,8.0,,,,7.0,,,
7510303,A00,7.8,5.25,5.0,,,,,,,
7340301,A00,8.4,7.0,7.75,,,,,,,
7380107,D01,7.0,,,6.8,7.75,,,,,
7510301,A01,6.75,7.2,,8.0,,,,,,
7420201,B00,8.5,,7.75,,,,7.4,,,
7340101,D01,7.5,,,7.6,7.8,,,,,
7510303,A00,8.25,7.5,8.0,,,,,,,
7540101,A00,7.0,7.0,7.8,,,,,,,
7540101,A00,6.75,8.25,8.8,,,,,,,
7540106,D07,7.6,,6.75,7.2,,,,,,
7510401,A00,6.8,7.5,7.0,,,,,,,
7510301,D01,6.6,,,6.4,7.0,,,,,
7510401,A00,5.25,6.25,8.0,,,,,,,
7510203,A00,7.2,6.0,4.75,,,,,,,
7340201,A00,8.0,7.75,8.0,,,,,,,
7850101,A00,6.25,5.0,6.4,,,,,,,
7480202,D01,6.4,,,3.6,7.0,,,,,
7540204,D01,8.5,,,5.8,6.8,,,,,
7810202,D01,7.6,,,7.8,7.5,,,,,
7340115,D01,8.75,,,8.0,7.0,,,,,
7380107,A00,7.6,7.5,6.5,,,,,,,
7340101,D01,7.25,,,7.6,6.6,,,,,
7480201,D01,8.25,,,7.6,7.4,,,,,
7540204,A01,7.6,6.75,,8.4,,,,,,
7340201,A00,8.25,7.5,8.2,,,,,,,
7340120,D01,8.5,,,7.0,7.6,,,,,
7510303,A00,6.5,7.0,7.2,,,,,,,
7510401,D07,7.6,,7.25,6.4,,,,,,
7340101,A00,8.0,8.0,7.8,,,,,,,
7340101,D01,7.6,,,9.0,7.0,,,,,
7510301,D01,7.2,,,6.0,6.0,,,,,
7540101,A00,8.25,8.5,7.4,,,,,,,
7480201,D01,7.8,,,7.0,7.5,,,,,
7220204,D01,8.25,,,7.4,7.0,,,,,
7510202,A01,6.75,5.6,,7.0,,,,,,
7480202,A00,7.25,6.5,8.4,,,,,,,
7340101,A01,7.0,8.0,,8.6,,,,,,
7510401,B00,8.2,,7.5,,,,8.75,,,
7220201,D09,8.25,,,7.2,,8.2,,,,
7340122,A00,8.25,8.0,7.6,,,,,,,
7540101,D07,8.0,,7.25,9.2,,,,,,
7540204,A00,7.8,7.25,8.0,,,,,,,
7510303,A00,6.0,7.5,7.4,,,,,,,
7380107,A00,6.5,7.75,7.2,,,,,,,
7480201,D01,6.5,,,7.4,7.8,,,,,
7540101,B00,6.75,,6.75,,,,7.4,,,
7480201,A00,6.75,9.0,7.8,,,,,,,
7220204,D01,7.0,,,9.4,7.0,,,,,
7810202,A00,7.6,6.75,7.5,,,,,,,
7510203,A00,5.4,6.75,4.25,,,,,,,
7540101,A01,6.75,7.4,,7.8,,,,,,
7480201,A00,6.5,6.75,8.0,,,,,,,
7340201,A01,7.4,7.75,,8.0,,,,,,
7540101,A00,7.75,7.75,7.8,,,,,,,
7510303,D01,6.4,,,8.2,6.5,,,,,
7480201,A01,8.6,7.25,,8.4,,,,,,
7810201,D01,8.0,,,8.2,6.5,,,,,
7380107,D01,7.0,,,7.4,7.0,,,,,
7480201,D07,8.0,,7.25,8.6,,,,,,
7810201,D01,7.75,,,7.4,6.6,,,,,
7480201,D01,8.0,,,8.4,7.6,,,,,
7380107,D01,7.4,,,7.2,7.25,,,,,
7540204,D07,8.0,,8.25,8.6,,,,,,
7480202,D01,6.0,,,6.8,5.75,,,,,
7340122,A00,8.0,7.75,7.6,,,,,,,
7510303,A00,7.0,8.0,8.0,,,,,,,
7340115,D01,7.75,,,8.4,8.4,,,,,
7340101,A01,6.25,8.0,,7.2,,,,,,
7480201,A00,7.0,7.0,6.6,,,,,,,
7510202,A00,5.5,7.25,6.2,,,,,,,
7810103,D01,6.5,,,6.6,8.4,,,,,
7340115,D01,9.0,,,7.6,6.4,,,,,
7480202,D01,7.0,,,7.4,8.4,,,,,
7340120,D01,7.33,,,7.6,6.8,,,,,
7340201,D01,6.25,,,7.0,9.0,,,,,
7340115,A00,7.75,7.25,8.2,,,,,,,
7810201,D01,8.25,,,8.4,6.0,,,,,
7510401,A00,6.75,7.75,7.6,,,,,,,
7340101,A00,7.25,7.75,6.6,,,,,,,
7340201,A00,6.5,8.0,7.2,,,,,,,
7380107,A00,7.25,8.25,7.6,,,,,,,
7220201,D01,8.25,,,7.0,7.6,,,,,
7340201,D01,8.0,,,7.0,5.8,,,,,
7810201,D01,7.8,,,8.2,7.75,,,,,
7220201,D01,7.5,,,6.8,8.0,,,,,
7510303,A00,8.6,7.5,8.0,,,,,,,
7220201,A01,7.25,7.6,,8.4,,,,,,
7810202,D01,6.5,,,6.6,6.4,,,,,
7810201,D01,6.75,,,7.0,4.6,,,,,
7480201,A00,8.2,7.75,7.0,,,,,,,
7340205,D01,6.75,,,6.8,5.0,,,,,
7510301,D01,7.0,,,6.4,4.0,,,,,
7340115,A00,7.0,8.5,7.4,,,,,,,
7810201,A00,8.6,8.0,7.5,,,,,,,
7340129,D01,7.75,,,7.0,7.0,,,,,
7380107,D01,7.0,,,7.4,7.2,,,,,
7540204,D01,6.4,,,6.2,6.25,,,,,
7340201,A00,6.25,7.0,7.6,,,,,,,
7540101,A00,8.0,7.75,8.0,,,,,,,
7510203,A00,6.6,6.0,6.25,,,,,,,
7510203,A00,6.2,5.5,6.0,,,,,,,
7810202,A00,6.25,8.75,7.4,,,,,,,
7540101,D07,8.25,,8.6,7.8,,,,,,
7540106,B00,8.0,,4.25,,,,5.0,,,
7340120,A00,8.0,7.5,7.25,,,,,,,
7340120,A00,7.5,7.75,8.0,,,,,,,
7340201,A00,7.4,6.5,9.0,,,,,,,
7380107,D01,7.4,,,7.6,7.0,,,,,
7540101,B00,7.25,,7.75,,,,8.2,,,
7220204,D09,7.2,,,7.8,,8.25,,,,
7480201,A00,8.0,8.0,7.75,,,,,,,
7380107,D01,7.75,,,7.8,7.2,,,,,
7340122,D01,8.0,,,7.4,6.6,,,,,
7510401,B00,7.75,,6.0,,,,6.0,,,
7810202,A00,7.2,7.25,8.0,,,,,,,
7540101,B00,9.5,,8.5,,,,8.4,,,
7810202,D01,7.0,,,7.6,6.8,,,,,
7540101,A00,6.75,6.75,8.0,,,,,,,
7480201,D01,8.2,,,7.0,8.0,,,,,
7340129,A00,6.75,6.75,8.0,,,,,,,
7480201,A00,7.2,7.5,8.0,,,,,,,
7540101,B00,7.25,,7.75,,,,8.4,,,
7340115,D01,8.25,,,8.0,7.6,,,,,
7510202,D01,5.8,,,5.2,5.5,,,,,
7340129,D01,7.8,,,8.2,7.25,,,,,
7480202,A00,7.2,5.0,6.75,,,,,,,
7340120,D01,7.4,,,8.2,7.5,,,,,
7810202,A00,7.6,6.5,8.5,,,,,,,
7340115,A00,7.4,8.0,8.0,,,,,,,
7510202,D01,7.25,,,6.4,4.8,,,,,
7340120,A00,7.25,7.5,8.0,,,,,,,
7510203,D01,6.6,,,8.4,6.25,,,,,
7340115,D01,6.75,,,7.8,8.0,,,,,
7340201,D01,7.0,,,7.2,6.2,,,,,
7340115,D01,8.0,,,8.2,6.4,,,,,
7420201,A00,6.75,7.25,6.6,,,,,,,
7340101,D01,7.2,,,8.4,8.0,,,,,
7480201,A00,7.6,7.5,8.25,,,,,,,
7520115,D01,6.4,,,4.8,6.5,,,,,
7340101,A00,7.25,6.5,7.4,,,,,,,
7540101,B00,7.0,,7.25,,,,6.8,,,
7420201,B00,7.6,,7.25,,,,6.0,,,
7480201,D07,7.6,,7.5,8.0,,,,,,
7480201,A00,7.75,7.0,8.2,,,,,,,
7819009,B00,6.75,,7.5,,,,7.0,,,
7480201,A00,8.4,7.5,7.75,,,,,,,
7340129,D01,7.0,,,7.2,8.0,,,,,
7340120,D01,7.8,,,7.2,8.5,,,,,
7340101,D01,7.75,,,7.2,5.6,,,,,
7510203,A00,7.5,7.25,6.6,,,,,,,
7510202,A01,6.0,7.0,,5.6,,,,,,
7340301,A00,7.8,7.5,7.75,,,,,,,
7340120,D01,8.75,,,8.4,6.8,,,,,
7220204,D01,8.25,,,7.6,7.2,,,,,
7540101,A01,7.0,9.2,,8.0,,,,,,
7510203,D01,6.0,,,4.0,5.75,,,,,
7480201,D01,8.75,,,6.0,8.2,,,,,
7340301,D01,6.25,,,7.2,7.2,,,,,
7340120,A01,8.8,7.75,,7.8,,,,,,
7540106,A00,7.6,6.0,5.75,,,,,,,
7510202,A01,6.5,5.0,,6.6,,,,,,
7480201,A01,8.4,6.0,,8.6,,,,,,
7480201,A01,7.4,7.25,,8.8,,,,,,
7340115,A01,7.5,8.0,,7.0,,,,,,
7420201,A00,7.0,5.25,4.5,,,,,,,
7340101,A01,8.0,7.5,,9.2,,,,,,
7540105,A00,7.2,7.0,5.25,,,,,,,
7510401,B00,6.75,,6.5,,,,7.4,,,
7340201,A00,8.0,8.0,8.4,,,,,,,
7540106,A00,6.75,7.25,7.4,,,,,,,
7340301,D01,7.25,,,6.4,8.0,,,,,
7340120,D01,7.75,,,8.2,5.6,,,,,
7510303,A01,6.4,5.5,,7.6,,,,,,
7480202,D07,4.2,,5.75,9.0,,,,,,
7340115,D01,8.5,,,8.2,5.6,,,,,
7510303,A00,6.5,7.25,8.2,,,,,,,
7340301,A00,5.75,7.25,7.4,,,,,,,
7340101,D01,7.25,,,6.8,7.2,,,,,
7340120,A00,8.0,8.0,6.8,,,,,,,
7460108,D01,7.75,,,5.0,4.2,,,,,
7850101,D07,7.4,,7.5,6.0,,,,,,
7340120,D01,8.25,,,7.8,7.2,,,,,
7480201,A00,8.4,7.75,7.5,,,,,,,
7510203,A00,6.4,6.25,5.5,,,,,,,
7340301,A00,6.5,6.0,7.6,,,,,,,
7480201,A00,7.75,7.25,7.6,,,,,,,
7340115,A00,8.2,7.75,8.5,,,,,,,
7480202,D07,8.0,,7.0,7.8,,,,,,
7480201,A00,8.6,7.0,7.75,,,,,,,
7380107,A00,8.0,7.5,7.2,,,,,,,
7340205,A00,7.0,7.75,7.6,,,,,,,
7340201,A00,6.5,7.25,8.0,,,,,,,
7340120,A00,7.5,7.0,8.0,,,,,,,
7480202,A00,5.75,6.25,5.8,,,,,,,
7480201,A00,6.5,6.75,7.6,,,,,,,
7510303,A00,5.8,5.5,6.25,,,,,,,
7510301,D01,5.5,,,6.8,7.4,,,,,
7810201,D01,7.8,,,8.4,7.75,,,,,
7340101,A00,5.75,8.75,7.2,,,,,,,
7480201,D01,8.75,,,6.8,7.4,,,,,
7510203,D01,6.8,,,5.6,5.5,,,,,
7510203,D01,7.8,,,7.0,6.25,,,,,
7340129,A01,6.8,6.5,,6.8,,,,,,
7510303,A00,7.5,6.75,7.2,,,,,,,
7510303,D01,5.2,,,5.4,5.75,,,,,
7540204,A00,8.0,4.5,8.25,,,,,,,
7340201,A00,7.25,8.25,7.8,,,,,,,
7340301,A01,7.2,7.0,,8.4,,,,,,
7340115,A00,6.75,7.75,8.0,,,,,,,
7510401,B00,7.2,,6.0,,,,7.75,,,
7380107,A00,8.0,6.0,7.5,,,,,,,
7480201,A00,7.75,7.25,7.8,,,,,,,
7540101,B00,7.75,,8.0,,,,8.6,,,
7220201,D01,7.4,,,8.2,7.75,,,,,
7420201,A00,8.0,6.75,8.0,,,,,,,
7340201,A00,6.5,8.25,7.2,,,,,,,
7220201,D01,8.5,,,7.8,7.2,,,,,
7340301,A00,6.75,7.75,8.4,,,,,,,
7340129,A01,7.4,7.0,,6.4,,,,,,
7810201,D01,7.25,,,6.8,6.6,,,,,
7480201,A00,7.5,8.0,7.8,,,,,,,
7540101,A00,7.25,8.0,8.4,,,,,,,
7480201,D01,8.0,,,7.2,7.25,,,,,
7380107,A00,6.8,7.0,7.75,,,,,,,
7810103,D15,,,,7.5,6.5,,,6.8,,
7850101,A00,6.75,7.0,6.4,,,,,,,
7480201,A01,7.4,7.75,,9.4,,,,,,
7340115,A00,7.75,8.0,7.2,,,,,,,
7480202,D01,6.2,,,9.0,6.25,,,,,
7340120,D01,7.5,,,7.6,6.8,,,,,
7510401,B00,6.0,,7.75,,,,7.6,,,
7380107,D01,7.6,,,6.6,7.5,,,,,
7340129,D01,6.25,,,7.6,6.4,,,,,
7480201,A00,8.2,8.25,7.75,,,,,,,
7340101,A01,7.8,6.25,,9.2,,,,,,
7420201,B00,8.0,,5.75,,,,7.6,,,
7510203,A00,6.8,5.25,5.0,,,,,,,
7480201,A01,6.75,6.8,,7.8,,,,,,
7520115,D01,6.75,,,6.8,6.4,,,,,
7520115,A00,7.2,5.25,8.5,,,,,,,
7340301,D01,7.8,,,8.8,6.25,,,,,
7340129,D01,7.2,,,7.4,6.25,,,,,
7480202,D01,7.0,,,7.2,6.2,,,,,
7340101,D01,9.0,,,5.8,6.0,,,,,
7480201,D07,8.0,,6.8,8.2,,,,,,
7340101,A00,6.75,8.0,7.6,,,,,,,
7480201,A01,7.8,7.75,,7.4,,,,,,
7340122,A01,6.75,8.0,,7.2,,,,,,
7540106,A00,7.0,6.25,6.5,,,,,,,
7420201,B00,8.0,,7.0,,,,8.0,,,
7510303,A01,4.75,7.2,,7.2,,,,,,
7810201,A00,6.0,7.5,6.8,,,,,,,
7340201,A00,6.5,8.5,7.4,,,,,,,
7480201,A01,7.2,7.75,,8.4,,,,,,
7540101,A01,6.5,8.4,,7.0,,,,,,
7480201,A00,7.75,8.5,7.8,,,,,,,
7540101,A00,8.0,7.75,8.75,,,,,,,
7480201,A00,7.75,7.75,8.2,,,,,,,
7220201,D01,8.2,,,7.4,7.75,,,,,
7340301,A00,6.0,8.25,7.4,,,,,,,
7340101,D01,9.0,,,7.8,6.8,,,,,
7540101,A00,8.2,8.5,7.0,,,,,,,
7340301,D01,7.75,,,7.6,6.4,,,,,
7340101,D01,8.0,,,7.4,6.4,,,,,
7510303,D07,7.25,,5.2,7.2,,,,,,
7810201,D15,,,,6.5,7.25,,,6.8,,
7340101,A00,7.5,7.75,7.0,,,,,,,
7340201,D01,7.6,,,8.2,8.0,,,,,
7480201,D07,7.25,,7.0,7.8,,,,,,
7480201,A00,6.75,8.5,8.8,,,,,,,
7810103,A00,6.0,6.25,6.2,,,,,,,
7540101,A00,7.6,7.5,8.75,,,,,,,
7510301,D01,7.4,,,7.6,6.5,,,,,
7480202,D01,8.0,,,7.6,7.0,,,,,
7480201,A01,7.6,7.25,,7.8,,,,,,
7819010,B00,6.5,,5.25,,,,6.6,,,
7810201,D15,,,,7.5,6.0,,,5.0,,
7420201,B00,4.75,,6.75,,,,6.4,,,
7510303,A00,7.6,4.0,6.0,,,,,,,
7810201,D01,8.2,,,7.8,6.75,,,,,
7540106,D07,8.75,,8.4,6.8,,,,,,
7220201,D09,7.6,,,8.2,,7.75,,,,
7420201,B00,6.25,,6.75,,,,8.2,,,
7480201,A01,7.8,7.25,,7.8,,,,,,
7480201,D01,7.4,,,8.8,7.25,,,,,
7480201,A01,8.4,7.0,,8.0,,,,,,
7510303,D01,7.0,,,5.4,5.6,,,,,
7540101,A00,7.5,7.0,6.8,,,,,,,
7340123,D01,6.75,,,7.0,6.4,,,,,
7480201,D01,7.0,,,7.2,7.0,,,,,
7340101,A00,7.75,7.75,8.4,,,,,,,
7340115,A00,8.0,8.5,7.4,,,,,,,
7220204,D01,7.75,,,8.4,8.2,,,,,
7480201,D07,7.0,,7.0,7.8,,,,,,
7380107,A01,8.0,7.2,,8.0,,,,,,
7340205,D01,6.75,,,7.6,5.8,,,,,
7540204,D01,7.8,,,6.6,6.5,,,,,
7480201,A00,8.0,8.75,8.4,,,,,,,
7810202,A01,8.0,7.0,,9.0,,,,,,
7340129,D01,6.8,,,7.0,7.0,,,,,
7810201,D01,9.0,,,6.8,4.0,,,,,
7810201,A00,8.4,7.25,8.0,,,,,,,
7510203,A00,6.2,7.5,6.5,,,,,,,
7480201,A00,6.75,7.5,7.0,,,,,,,
7340201,A00,7.25,7.75,7.6,,,,,,,
7480201,D07,7.5,,6.8,8.2,,,,,,
7220201,D01,8.0,,,7.0,8.0,,,,,
7340115,A01,8.5,7.6,,8.0,,,,,,
7540101,A00,7.5,8.5,7.8,,,,,,,
7540105,A01,7.6,5.75,,5.8,,,,,,
7510303,A00,8.8,6.75,5.0,,,,,,,
7340101,A00,7.5,7.75,8.2,,,,,,,
7810201,A00,7.75,7.5,7.2,,,,,,,
7220201,D01,7.6,,,9.6,7.0,,,,,
7340101,D01,7.25,,,7.6,6.6,,,,,
7510203,A01,7.75,8.2,,7.8,,,,,,
7380107,A00,6.5,7.75,8.2,,,,,,,
7380107,D01,8.25,,,7.6,7.4,,,,,
7340301,A00,7.0,7.75,7.8,,,,,,,
7810201,D01,8.5,,,7.2,6.4,,,,,
7540101,A00,7.25,7.0,7.4,,,,,,,
7810201,D01,8.25,,,6.8,6.6,,,,,
7510203,D01,7.0,,,3.6,6.25,,,,,
7810103,A00,7.25,7.75,7.8,,,,,,,
7340301,A00,6.75,8.25,7.0,,,,,,,
7510303,D01,8.2,,,6.8,7.5,,,,,
7810201,D01,7.75,,,6.2,7.0,,,,,
7540101,A00,7.25,7.0,7.6,,,,,,,
7850101,B00,6.75,,5.5,,,,6.8,,,
7810201,A00,6.8,7.0,8.25,,,,,,,
7510401,B00,8.0,,7.75,,,,7.25,,,
7480201,A00,8.6,6.25,8.0,,,,,,,
7819010,D07,5.75,,6.4,7.2,,,,,,
7810202,D01,8.0,,,9.0,7.75,,,,,
7480201,D01,8.0,,,8.2,7.0,,,,,
7819009,B00,5.0,,5.25,,,,7.6,,,
7819009,A00,7.25,6.0,7.4,,,,,,,
7340201,D01,7.75,,,8.0,6.6,,,,,
7460108,A01,7.75,7.4,,7.8,,,,,,
7380107,A00,7.25,7.75,8.4,,,,,,,
7340123,D01,7.4,,,4.6,7.25,,,,,
7340301,D01,8.0,,,6.6,5.6,,,,,
7480202,D07,7.4,,8.25,9.2,,,,,,
7510303,A00,7.5,7.0,8.0,,,,,,,
7810103,D01,7.2,,,7.6,7.75,,,,,
7510401,B00,6.5,,5.25,,,,6.4,,,
7340101,A00,7.5,7.75,8.2,,,,,,,
7380107,D01,7.5,,,6.8,8.2,,,,,
7340129,A01,6.75,6.2,,6.0,,,,,,
7810202,A00,8.0,7.0,7.5,,,,,,,
7340120,D01,7.25,,,7.4,7.2,,,,,
7480202,A01,7.75,7.0,,8.0,,,,,,
7810103,D15,,,,8.0,7.75,,,6.0,,
7480202,D01,7.75,,,7.2,4.8,,,,,
7540106,A00,7.2,6.0,8.0,,,,,,,
7340120,D01,8.75,,,7.6,5.6,,,,,
7540101,A00,8.8,7.0,7.75,,,,,,,
7220204,D01,8.0,,,7.8,8.0,,,,,
7340115,D01,8.5,,,8.0,7.6,,,,,
7480201,D01,7.5,,,7.2,6.6,,,,,
7340129,A00,8.4,6.25,8.0,,,,,,,
7340123,A01,6.75,6.4,,7.2,,,,,,
7480202,D01,8.0,,,6.4,6.2,,,,,
7340115,D01,8.75,,,8.0,5.4,,,,,
7480201,A01,7.0,8.6,,8.0,,,,,,
7510202,D01,6.5,,,7.2,5.0,,,,,
7340120,A00,8.0,7.75,7.8,,,,,,,
7810202,A01,7.4,6.75,,8.6,,,,,,
7850101,D07,4.5,,5.8,6.4,,,,,,
7340101,D01,7.2,,,8.8,7.75,,,,,
7220201,D01,7.8,,,8.2,7.5,,,,,
7510202,A01,7.5,6.8,,7.8,,,,,,
7220204,D09,8.75,,,5.6,,6.8,,,,
7480201,A01,7.8,6.75,,9.0,,,,,,
7380107,A00,4.5,7.0,7.6,,,,,,,
7220201,A01,7.5,8.4,,8.0,,,,,,
7480201,A00,7.6,8.25,7.0,,,,,,,
7810201,D01,7.25,,,7.6,8.0,,,,,
7510301,D01,4.0,,,7.4,6.5,,,,,
7480201,A01,7.0,7.6,,7.2,,,,,,
7340120,A00,8.25,8.0,7.6,,,,,,,
7340201,D01,8.0,,,9.2,6.75,,,,,
7510202,D01,6.5,,,7.6,5.4,,,,,
7510301,A00,6.4,5.75,5.5,,,,,,,
7810201,D15,,,,7.5,7.25,,,7.8,,
7340120,A00,7.25,8.0,7.0,,,,,,,
7819010,D07,5.0,,4.0,7.2,,,,,,
7340123,D01,8.25,,,6.2,7.0,,,,,
7510203,D01,7.25,,,6.8,6.8,,,,,
7480201,A00,7.25,7.75,8.0,,,,,,,
7340115,A00,8.2,8.0,8.25,,,,,,,
7340101,D01,8.0,,,8.0,7.5,,,,,
7810202,D01,7.25,,,7.4,8.0,,,,,
7340301,D01,7.8,,,8.0,7.0,,,,,
7540101,B00,7.75,,8.0,,,,7.0,,,
7340101,D01,7.6,,,7.6,8.5,,,,,
7340301,A00,7.25,8.0,8.2,,,,,,,
7810202,A00,5.0,7.25,6.8,,,,,,,
7340201,A00,9.0,6.75,7.0,,,,,,,
7480201,A00,7.75,8.0,8.4,,,,,,,
7220204,D01,8.5,,,7.2,6.6,,,,,
7810103,A01,7.75,8.4,,6.8,,,,,,
7340301,D01,7.25,,,7.0,5.6,,,,,
7540101,A00,7.75,7.75,7.8,,,,,,,
7540101,A00,8.25,7.75,8.2,,,,,,,
7380107,D15,,,,6.25,6.75,,,6.8,,
7540101,A00,7.6,8.25,7.75,,,,,,,
7340123,A00,7.0,6.5,6.5,,,,,,,
7510301,D01,7.4,,,6.4,5.75,,,,,
7480201,A00,7.0,7.75,8.8,,,,,,,
7510401,B00,6.0,,5.0,,,,7.8,,,
7380107,D01,6.8,,,8.2,7.0,,,,,
7340201,D01,6.0,,,8.0,6.0,,,,,
7340123,D01,8.0,,,7.4,4.6,,,,,
7340129,D01,8.25,,,8.2,5.4,,,,,
7220204,D09,8.5,,,8.0,,5.4,,,,
7340201,D01,7.2,,,7.0,8.25,,,,,
7340115,A00,7.75,8.5,8.2,,,,,,,
7510301,A00,7.0,7.5,7.8,,,,,,,
7380107,D01,7.25,,,7.2,5.4,,,,,
7510303,D01,7.0,,,6.4,5.4,,,,,
7340120,D01,7.25,,,8.4,7.4,,,,,
7340201,D01,9.25,,,6.6,4.2,,,,,
7220201,D01,7.2,,,8.8,7.75,,,,,
7510203,A00,7.4,5.0,6.75,,,,,,,
7540204,D01,9.0,,,8.0,5.8,,,,,
7220201,A01,8.0,6.6,,7.8,,,,,,
7480201,A01,7.5,7.0,,7.8,,,,,,
7510401,A00,5.5,5.25,7.4,,,,,,,
7810103,A00,7.6,7.0,8.25,,,,,,,
7340129,D01,7.5,,,6.0,7.6,,,,,
7340201,A01,8.2,7.25,,8.6,,,,,,
7340120,A01,7.5,8.0,,8.0,,,,,,
7540204,A00,8.8,7.25,6.75,,,,,,,
7220201,D01,7.25,,,7.2,6.8,,,,,
7520115,D01,5.5,,,8.0,5.2,,,,,
7510303,D01,7.75,,,7.0,5.2,,,,,
7340101,D01,7.75,,,7.2,6.4,,,,,
7340101,D01,8.75,,,7.6,5.2,,,,,
7340201,D01,7.5,,,7.8,6.8,,,,,
7340201,A01,7.6,7.25,,8.0,,,,,,
7510203,A00,7.75,8.25,7.6,,,,,,,
7819010,B00,6.75,,6.75,,,,6.4,,,
7340201,A01,6.5,7.8,,6.4,,,,,,
7540101,B00,6.25,,8.25,,,,6.0,,,
7340201,A00,6.25,7.25,7.2,,,,,,,
7340120,A01,7.25,7.4,,7.2,,,,,,
7340122,A01,7.25,9.4,,7.4,,,,,,
7480201,D07,7.25,,8.2,7.8,,,,,,
7520115,A00,5.75,6.5,7.2,,,,,,,
7540101,D07,7.6,,8.5,9.0,,,,,,
7380107,D15,,,,7.75,6.5,,,5.6,,
7340201,A00,7.4,7.5,8.25,,,,,,,
7510301,D01,6.6,,,3.6,6.5,,,,,
7540204,D01,5.8,,,8.4,7.0,,,,,
7540101,A01,8.4,7.25,,8.4,,,,,,
7340301,A01,7.25,8.4,,8.0,,,,,,
7420201,A00,8.6,5.25,7.0,,,,,,,
7540101,B00,8.0,,6.5,,,,8.2,,,
7220201,D09,8.0,,,7.4,,9.6,,,,
7340201,A00,8.2,6.75,7.75,,,,,,,
7340101,A00,8.0,7.75,7.4,,,,,,,
7340201,D01,6.8,,,8.2,7.75,,,,,
7340115,A00,7.75,7.75,8.0,,,,,,,
7380107,D01,9.0,,,7.2,5.2,,,,,
7510303,A01,7.4,4.5,,7.8,,,,,,
7810202,A00,6.5,7.0,7.0,,,,,,,
7340201,A00,6.75,7.25,7.8,,,,,,,
7340101,A00,6.25,8.25,7.6,,,,,,,
7810201,D15,,,,7.25,6.75,,,6.0,,
7540204,D01,8.0,,,5.2,7.0,,,,,
7340101,D01,7.75,,,6.4,8.6,,,,,
7340122,A01,7.75,7.8,,7.8,,,,,,
7340101,A01,7.25,7.6,,7.8,,,,,,
7540204,A00,7.0,7.0,7.2,,,,,,,
7540204,D01,6.8,,,4.0,7.5,,,,,
7340115,A00,7.75,7.75,8.6,,,,,,,
7819010,B00,5.5,,5.75,,,,5.2,,,
7510303,A00,6.75,6.75,7.6,,,,,,,
7540204,A01,7.4,4.5,,5.6,,,,,,
7340301,A00,8.0,7.0,7.75,,,,,,,
7340301,A00,8.2,7.5,8.0,,,,,,,
7340123,A00,8.0,8.5,7.8,,,,,,,
7810103,D01,6.25,,,7.6,4.6,,,,,
7810202,D01,7.0,,,9.0,7.75,,,,,
7220201,D09,8.25,,,6.2,,8.0,,,,
7850101,A00,7.2,4.0,7.75,,,,,,,
7340201,D01,8.5,,,7.2,6.6,,,,,
7480201,A01,7.6,7.5,,8.6,,,,,,
7510202,D01,8.0,,,8.0,5.4,,,,,
7540101,A01,7.25,8.0,,7.0,,,,,,
7340115,A00,8.0,8.25,8.4,,,,,,,
7510402,A00,6.5,7.5,8.4,,,,,,,
7340201,A00,6.5,6.75,8.0,,,,,,,
7480201,D07,7.25,,7.6,7.0,,,,,,
7480201,D07,8.6,,7.0,8.6,,,,,,
7810103,D01,7.4,,,7.8,7.75,,,,,
7810103,D15,,,,7.25,6.25,,,9.0,,
7340120,D01,7.25,,,8.0,7.8,,,,,
7340115,A00,7.5,8.5,8.8,,,,,,,
7340120,D01,7.75,,,8.0,6.2,,,,,
7810103,D01,8.25,,,6.8,5.6,,,,,
7540106,A00,6.0,6.0,7.0,,,,,,,
7810103,A00,5.25,7.5,6.4,,,,,,,
7480202,D01,7.75,,,7.0,6.8,,,,,
7480201,D01,8.0,,,8.0,8.0,,,,,
7480202,A00,6.25,7.0,7.2,,,,,,,
7220204,D01,6.5,,,7.4,7.6,,,,,
7510401,B00,7.0,,7.75,,,,7.6,,,
7480202,A01,7.25,6.6,,8.2,,,,,,
7340120,D01,8.0,,,8.8,7.0,,,,,
7380107,D15,,,,7.25,7.5,,,6.0,,
7340115,A00,7.75,8.5,7.6,,,,,,,
7480201,D01,8.0,,,8.2,7.6,,,,,
7810202,A01,7.2,6.75,,9.0,,,,,,
7540101,D07,8.4,,7.25,8.2,,,,,,
7220201,D01,7.75,,,7.2,8.2,,,,,
7510301,D01,5.75,,,7.6,4.2,,,,,
7420201,B00,7.75,,7.0,,,,7.0,,,
7510301,A01,7.25,7.6,,8.0,,,,,,
7340115,A00,7.0,8.25,7.4,,,,,,,
7540106,A00,7.8,7.5,8.25,,,,,,,
7810201,D01,7.2,,,7.8,7.0,,,,,
7480201,A01,8.4,6.5,,8.4,,,,,,
7480201,D07,7.75,,7.8,7.8,,,,,,
7480202,D01,6.4,,,6.8,5.5,,,,,
7220201,A01,7.25,8.0,,7.6,,,,,,
7340301,A00,6.25,7.5,7.4,,,,,,,
7810201,D01,7.6,,,7.4,7.25,,,,,
7340120,D01,7.75,,,7.8,6.8,,,,,
7520115,D01,6.2,,,5.8,6.5,,,,,
7340101,A00,8.25,7.5,8.0,,,,,,,
7540101,D07,7.6,,7.75,8.4,,,,,,
7340120,D01,7.25,,,8.6,8.2,,,,,
7340201,A00,8.6,7.5,7.5,,,,,,,
7340115,A00,8.25,7.5,8.0,,,,,,,
7340301,D01,7.25,,,7.8,5.8,,,,,
7520115,A01,6.0,6.4,,6.2,,,,,,
7220201,D09,7.75,,,7.8,,7.6,,,,
7480201,A01,7.4,7.25,,9.0,,,,,,
7819009,A00,5.5,5.0,7.8,,,,,,,
7540101,B00,7.75,,7.0,,,,7.8,,,
7340301,A00,6.0,7.5,6.6,,,,,,,
7220201,A01,7.5,7.4,,8.6,,,,,,
7510203,D01,7.5,,,7.4,6.6,,,,,
7340122,A00,7.25,7.75,8.4,,,,,,,
7510303,D01,7.6,,,6.0,5.0,,,,,
7380107,A00,8.2,5.75,7.75,,,,,,,
7340120,D01,7.75,,,7.6,6.2,,,,,
7850101,B00,6.75,,6.0,,,,7.4,,,
7380107,D15,,,,6.0,6.75,,,6.8,,
7340101,D01,8.2,,,9.6,7.0,,,,,
7480201,A00,7.4,8.0,7.25,,,,,,,
7480202,D07,5.5,,7.4,5.0,,,,,,
7810201,D01,5.75,,,7.0,5.6,,,,,
7460108,D07,6.5,,8.6,6.0,,,,,,
7850101,A00,6.75,7.5,7.4,,,,,,,
7340205,A00,7.0,7.75,7.4,,,,,,,
7380107,D01,6.4,,,7.4,7.5,,,,,
7480202,D07,7.5,,7.4,7.4,,,,,,
7340301,A00,7.8,6.75,8.75,,,,,,,
7340122,A00,6.25,8.0,7.6,,,,,,,
7340101,A00,9.2,7.0,8.75,,,,,,,
7220204,D01,8.0,,,8.0,6.75,,,,,
7340120,D01,9.25,,,7.4,8.4,,,,,
7340115,A00,8.0,7.75,8.0,,,,,,,
7510301,D01,7.0,,,7.6,4.8,,,,,
7520115,A00,5.75,7.5,6.0,,,,,,,
7380107,D01,7.6,,,9.6,6.25,,,,,
7220201,A01,6.25,8.6,,7.0,,,,,,
7420201,A00,6.8,5.25,6.75,,,,,,,
7340301,D01,8.0,,,6.6,8.0,,,,,
7480202,D07,7.2,,7.75,6.6,,,,,,
7810201,D01,7.4,,,8.2,7.5,,,,,
7380107,D15,,,,9.0,8.25,,,4.0,,
7340101,D01,7.5,,,8.0,6.4,,,,,
7810201,D01,6.75,,,7.4,8.2,,,,,
7510202,D01,7.0,,,7.6,5.0,,,,,
7810201,D01,8.0,,,8.8,6.25,,,,,
7480201,A00,7.0,7.0,6.8,,,,,,,
7340122,A01,6.75,8.0,,7.8,,,,,,
7540101,A00,8.25,7.75,7.6,,,,,,,
7810201,A00,6.75,7.25,6.4,,,,,,,
7220201,D01,7.0,,,8.8,8.0,,,,,
7340115,D01,8.5,,,7.0,7.0,,,,,
7480201,A01,7.75,7.4,,7.2,,,,,,
7540101,B00,8.2,,8.5,,,,8.75,,,
7810201,A00,7.75,8.5,7.4,,,,,,,
7480201,A00,7.75,5.5,8.0,,,,,,,
7480201,D01,7.25,,,7.8,7.2,,,,,
7340120,D01,8.25,,,8.0,7.2,,,,,
7540101,D07,7.8,,8.25,9.2,,,,,,
7510301,D01,6.2,,,6.4,5.5,,,,,
7510203,D01,6.0,,,6.2,7.0,,,,,
7460108,D01,7.75,,,6.8,8.2,,,,,
7810103,D01,7.6,,,6.2,8.5,,,,,
7340101,A01,7.0,7.8,,8.4,,,,,,
7480201,D01,7.8,,,7.8,6.5,,,,,
7510203,A00,6.25,8.5,7.6,,,,,,,
7819009,A00,4.75,5.75,6.4,,,,,,,
7810202,D01,7.8,,,9.2,6.25,,,,,
7420201,A00,6.8,6.0,6.75,,,,,,,
7510303,D01,4.8,,,7.8,6.0,,,,,
7510202,D01,6.6,,,5.6,6.25,,,,,
7810202,A01,8.2,7.25,,7.2,,,,,,
7220201,D01,8.4,,,8.4,6.5,,,,,
7510303,D01,7.5,,,7.2,6.4,,,,,
7810201,A01,7.6,7.75,,7.8,,,,,,
7480201,D01,8.0,,,8.0,9.0,,,,,
7520115,A00,6.0,6.25,6.2,,,,,,,
7480202,A01,7.8,4.75,,8.6,,,,,,
7340115,A00,7.0,7.25,8.0,,,,,,,
7340101,A01,8.0,8.0,,8.6,,,,,,
7850101,D07,6.75,,8.0,6.0,,,,,,
7340201,A00,8.2,7.25,7.0,,,,,,,
7480201,A00,8.8,7.0,7.0,,,,,,,
7810201,A00,7.25,7.0,8.0,,,,,,,
7520115,D01,6.5,,,5.8,5.8,,,,,
7340123,D01,7.5,,,7.4,6.2,,,,,
7510202,D01,8.0,,,7.4,4.4,,,,,
7520115,D01,7.0,,,7.0,5.4,,,,,
7340201,A00,6.25,7.75,8.8,,,,,,,
7340129,A01,5.75,7.8,,7.8,,,,,,
7340129,A00,7.5,5.75,7.6,,,,,,,
7510303,A00,7.4,7.25,7.25,,,,,,,
7810202,D15,,,,6.25,8.0,,,8.8,,
7480201,D07,7.75,,7.4,7.6,,,,,,
7340301,A00,7.5,7.5,8.4,,,,,,,
7380107,D01,9.0,,,6.8,7.2,,,,,
7540101,B00,7.25,,7.5,,,,7.4,,,
7340101,A00,7.6,8.0,7.75,,,,,,,
7340101,A00,8.0,6.25,8.4,,,,,,,
7510202,A01,6.8,6.5,,7.4,,,,,,
7510401,B00,6.8,,6.25,,,,6.25,,,
7510303,A00,5.75,7.0,8.2,,,,,,,
7340101,A00,8.0,7.25,7.6,,,,,,,
7340301,A00,7.8,7.5,7.0,,,,,,,
7810103,A00,8.0,7.75,7.5,,,,,,,
7380107,D01,7.25,,,7.6,7.2,,,,,
7540106,B00,7.2,,5.75,,,,7.75,,,
7540204,A00,6.6,6.75,6.0,,,,,,,
7380107,A00,7.0,8.0,7.6,,,,,,,
7510401,A00,4.5,6.75,7.6,,,,,,,
7340301,A01,6.8,7.5,,9.0,,,,,,
7510301,D01,6.6,,,4.4,6.5,,,,,
7340201,A00,7.6,7.75,8.25,,,,,,,
7340301,D01,8.25,,,7.2,5.8,,,,,
7810103,D01,6.5,,,6.8,6.8,,,,,
7340120,A01,7.0,7.6,,8.4,,,,,,
7380107,A00,7.2,7.5,7.0,,,,,,,
7380107,D01,7.2,,,5.8,9.0,,,,,
7480201,D07,8.0,,7.6,8.6,,,,,,
7510203,A00,7.25,8.0,8.2,,,,,,,
7340115,A01,7.5,8.4,,7.8,,,,,,
7340120,A01,8.6,8.0,,8.2,,,,,,
7480201,A00,7.75,7.75,7.8,,,,,,,
7340301,A00,7.5,7.75,8.2,,,,,,,
7510303,D01,4.5,,,6.4,6.6,,,,,
7480202,A00,6.25,5.75,7.2,,,,,,,
7510303,D01,6.6,,,4.4,6.25,,,,,
7540101,A00,7.25,8.25,7.8,,,,,,,
7340122,A00,7.25,7.75,7.2,,,,,,,
7340301,A00,7.0,8.0,8.6,,,,,,,
7480201,A00,7.5,7.5,7.6,,,,,,,
7540106,A00,7.0,6.0,7.75,,,,,,,
7340301,A00,7.6,7.0,7.75,,,,,,,
7540204,D01,7.8,,,5.6,5.0,,,,,
7510202,D01,7.2,,,5.8,6.5,,,,,
7220204,D01,7.25,,,7.0,7.0,,,,,
7380107,D01,7.0,,,7.8,7.75,,,,,
7220204,D01,7.4,,,8.8,7.75,,,,,
7480201,A00,7.6,7.25,8.0,,,,,,,
7480202,A01,6.5,6.0,,9.0,,,,,,
7340301,A00,7.25,7.25,7.6,,,,,,,
7510301,A00,5.6,6.0,4.75,,,,,,,
7810202,D01,8.2,,,7.0,7.5,,,,,
7340301,A00,7.5,7.75,7.2,,,,,,,
7220201,D01,8.0,,,7.2,7.6,,,,,
7510303,A00,6.75,6.75,7.0,,,,,,,
7540101,B00,7.75,,6.25,,,,8.6,,,
7540101,B00,7.5,,7.5,,,,6.8,,,
7810103,A00,7.6,6.5,8.0,,,,,,,
7810202,A00,7.4,8.0,6.5,,,,,,,
7340301,A00,7.2,7.5,7.75,,,,,,,
7480201,D01,8.5,,,7.0,6.6,,,,,
7340115,D01,7.2,,,9.2,7.75,,,,,
7420201,B00,7.0,,6.25,,,,7.75,,,
7480202,D01,8.0,,,8.0,6.0,,,,,
7420201,B00,6.25,,7.5,,,,6.6,,,
7480201,A01,6.5,9.6,,7.6,,,,,,
7480201,A00,6.25,8.0,8.0,,,,,,,
7220201,D01,7.75,,,7.4,6.0,,,,,
7340301,A00,7.5,8.0,7.6,,,,,,,
7510203,D01,7.0,,,6.8,6.5,,,,,
7340129,A01,7.75,6.2,,7.2,,,,,,
7540101,A00,8.0,8.25,8.4,,,,,,,
7510203,A01,6.25,7.0,,7.6,,,,,,
7480201,A01,6.0,7.6,,7.4,,,,,,
7340201,D01,8.75,,,7.0,7.0,,,,,
7510303,D01,7.25,,,7.4,6.4,,,,,
7340201,A01,7.8,7.25,,7.2,,,,,,
7380107,A00,7.0,7.0,6.8,,,,,,,
7480202,D07,7.0,,7.2,8.0,,,,,,
7510203,D01,6.75,,,8.6,6.8,,,,,
7220201,D01,7.0,,,7.4,8.8,,,,,
7340120,A00,6.75,7.25,8.4,,,,,,,
7340101,D01,9.0,,,7.6,7.0,,,,,
7480202,D01,6.4,,,7.4,8.0,,,,,
7480201,A00,7.75,8.5,7.4,,,,,,,
7510203,D07,6.75,,9.2,7.4,,,,,,
7540101,B00,6.5,,7.0,,,,7.4,,,
7420201,B00,7.5,,6.5,,,,7.8,,,
7480201,A00,6.75,7.25,7.6,,,,,,,
7340101,A01,8.2,6.25,,9.4,,,,,,
7340301,A00,5.5,7.75,7.4,,,,,,,
7340201,D01,6.8,,,7.8,8.0,,,,,
7510303,A00,6.8,5.25,6.25,,,,,,,
7340129,D01,7.2,,,7.6,6.5,,,,,
7420201,B00,8.2,,7.25,,,,6.25,,,
7510303,D01,6.6,,,5.8,6.5,,,,,
7340301,A00,8.0,8.0,6.75,,,,,,,
7540101,A00,7.25,9.0,7.6,,,,,,,
7510303,D01,7.6,,,4.8,7.25,,,,,
7810202,D01,8.0,,,7.6,6.2,,,,,
7540101,D07,7.75,,6.6,8.0,,,,,,
7510203,D01,7.5,,,7.2,7.0,,,,,
7340201,A00,7.25,6.5,7.2,,,,,,,
7810103,D01,6.6,,,8.6,7.5,,,,,
7340115,D01,7.5,,,7.4,7.2,,,,,
7510301,A01,7.0,5.25,,6.2,,,,,,
7380107,D01,7.75,,,6.8,6.8,,,,,
7340201,D01,7.4,,,8.2,7.75,,,,,
7220201,D09,8.25,,,7.4,,9.0,,,,
7819010,A00,7.5,7.25,7.2,,,,,,,
7340301,A00,6.75,7.0,7.6,,,,,,,
7340301,D01,7.5,,,8.8,6.2,,,,,
7480201,A00,8.0,8.0,8.0,,,,,,,
7810202,D01,7.5,,,7.8,6.8,,,,,
7540101,D07,7.25,,8.6,8.2,,,,,,
7510301,A00,7.5,7.25,8.4,,,,,,,
7510303,A00,7.2,5.75,7.25,,,,,,,
7480201,A01,7.5,8.0,,6.8,,,,,,
7340301,D01,8.5,,,7.4,7.2,,,,,
7340101,D01,8.25,,,7.6,6.8,,,,,
7340115,A00,7.25,8.25,8.0,,,,,,,
7810202,D01,8.0,,,6.6,5.6,,,,,
7420201,A00,7.4,6.75,8.0,,,,,,,
7480201,D01,8.4,,,9.2,6.25,,,,,
7340101,A00,8.2,8.0,7.75,,,,,,,
7340301,A00,7.75,8.75,8.0,,,,,,,
7810202,A00,8.0,7.0,7.5,,,,,,,
7510401,A01,4.75,6.8,,6.0,,,,,,
7340122,A01,8.25,8.0,,7.2,,,,,,
7510301,D01,6.0,,,5.0,8.0,,,,,
7340101,D01,7.5,,,7.6,7.6,,,,,
7340201,D01,8.5,,,7.2,4.8,,,,,
7540101,A00,8.2,7.5,8.5,,,,,,,
7480201,D01,7.5,,,7.0,8.2,,,,,
7510401,A00,6.4,6.5,5.25,,,,,,,
7510303,D01,6.8,,,6.6,6.75,,,,,
7340122,A00,8.0,7.25,7.6,,,,,,,
7480202,D01,4.8,,,4.0,7.25,,,,,
7340122,A00,6.75,7.25,8.2,,,,,,,
7340201,A00,8.2,7.25,7.75,,,,,,,
7480201,D01,9.0,,,7.6,7.2,,,,,
7510202,A00,8.8,5.75,6.75,,,,,,,
7380107,A01,7.8,7.25,,6.2,,,,,,
7510203,D01,6.4,,,5.8,5.75,,,,,
7510303,A01,8.0,7.0,,8.4,,,,,,
7480201,D01,7.8,,,7.2,7.17,,,,,
7220204,A01,8.5,6.6,,7.6,,,,,,
7510301,D01,6.2,,,4.6,7.5,,,,,
7540106,A00,6.8,6.75,7.0,,,,,,,
7480201,A00,7.0,7.25,7.4,,,,,,,
7520115,D01,6.75,,,6.6,4.6,,,,,
7380107,A00,7.4,7.0,7.25,,,,,,,
7510301,A01,8.0,5.75,,5.4,,,,,,
7340120,D01,8.4,,,8.0,6.75,,,,,
7340120,D01,9.0,,,6.8,7.4,,,,,
7480202,D01,7.4,,,7.0,5.0,,,,,
7340120,D01,7.5,,,7.4,8.4,,,,,
7480201,D07,7.8,,8.5,6.2,,,,,,
7540106,A00,7.0,7.5,6.0,,,,,,,
7340301,A00,8.0,7.0,7.25,,,,,,,
7480201,A00,7.25,6.5,7.2,,,,,,,
7540101,B00,7.75,,7.25,,,,8.2,,,
7810202,D01,6.8,,,7.8,7.25,,,,,
7850101,A00,7.0,7.25,6.0,,,,,,,
7340205,D01,6.5,,,7.4,6.8,,,,,
7480202,D01,6.0,,,6.6,6.5,,,,,
7480202,A01,6.5,7.2,,6.6,,,,,,
7510303,A00,7.2,5.5,7.25,,,,,,,
7480202,A01,7.4,6.5,,8.2,,,,,,
7540204,D01,8.25,,,7.6,6.2,,,,,
7510301,A00,8.0,6.5,7.25,,,,,,,
7810202,D01,7.2,,,8.4,7.75,,,,,
7340115,D01,7.0,,,7.8,8.6,,,,,
7340201,A01,7.25,8.0,,8.2,,,,,,
7480201,A00,7.8,7.75,7.25,,,,,,,
7510202,D01,6.75,,,6.8,4.8,,,,,
7850101,D07,7.2,,6.75,6.6,,,,,,
7510303,A00,6.5,8.25,7.8,,,,,,,
7510203,D01,6.6,,,2.8,7.25,,,,,
7480201,D01,9.0,,,8.2,7.25,,,,,
7540101,A00,7.5,7.75,6.2,,,,,,,
7819010,A00,5.75,5.0,5.8,,,,,,,
7540101,B00,8.25,,7.5,,,,8.2,,,
7810103,D01,9.0,,,6.8,7.2,,,,,
7340115,A01,8.6,8.0,,8.2,,,,,,
7340120,D01,8.0,,,8.2,7.0,,,,,
7340101,D01,8.75,,,7.2,7.0,,,,,
7510203,A00,6.25,7.25,7.0,,,,,,,
7340301,A00,7.0,7.0,8.25,,,,,,,
7340120,D01,6.75,,,7.0,9.2,,,,,
7540204,A00,6.75,7.0,8.0,,,,,,,
7510303,A01,6.6,6.25,,7.8,,,,,,
7340201,A00,7.75,5.75,7.0,,,,,,,
7510401,B00,7.75,,5.5,,,,6.6,,,
7340101,D01,7.6,,,7.6,8.0,,,,,
7810103,D01,8.0,,,7.0,7.75,,,,,
7540101,A01,7.5,7.8,,7.6,,,,,,
7510303,A00,7.75,6.0,6.8,,,,,,,
7340122,D01,8.75,,,7.8,7.0,,,,,
7510203,A00,7.0,6.25,6.8,,,,,,,
7340201,A00,9.0,6.75,6.75,,,,,,,
7480201,A01,8.2,7.5,,7.0,,,,,,
7340201,A00,7.5,8.5,7.4,,,,,,,
7340201,A00,8.0,7.5,7.25,,,,,,,
7340120,A01,8.2,7.0,,8.8,,,,,,
7340115,D01,8.25,,,8.4,7.4,,,,,
7340101,A01,7.6,7.0,,9.0,,,,,,
7510202,A00,7.4,6.75,5.5,,,,,,,
7510301,D01,7.0,,,5.8,5.25,,,,,
7480201,A00,7.25,8.25,8.0,,,,,,,
7510303,A01,6.75,4.4,,6.6,,,,,,
7810201,D01,7.6,,,7.8,7.75,,,,,
7540204,A00,7.0,6.25,6.5,,,,,,,
7220204,D09,8.75,,,6.6,,7.8,,,,
7540101,A00,7.5,7.75,7.4,,,,,,,
7480201,D01,8.8,,,8.6,6.0,,,,,
7380107,D01,7.75,,,8.0,7.6,,,,,
7340129,A01,7.25,5.8,,7.2,,,,,,
7220201,D01,7.8,,,8.4,7.5,,,,,
7220201,D01,7.5,,,7.4,7.0,,,,,
7480201,A00,7.5,7.75,7.4,,,,,,,
7480202,D01,6.5,,,7.8,8.0,,,,,
7510401,D07,7.8,,7.5,7.2,,,,,,
7340115,A00,7.25,8.0,8.4,,,,,,,
7540106,A00,8.2,5.5,6.75,,,,,,,
7420201,B00,7.75,,8.75,,,,7.8,,,
7340120,D01,8.8,,,7.4,7.75,,,,,
7510301,D01,7.2,,,4.2,6.0,,,,,
7340201,D01,6.75,,,7.2,7.4,,,,,
7540101,A00,7.5,7.5,6.0,,,,,,,
7540204,A01,6.6,6.5,,7.0,,,,,,
7480201,D01,7.8,,,9.8,7.25,,,,,
7510301,A00,6.25,8.5,7.4,,,,,,,
7340101,A01,7.0,8.8,,7.6,,,,,,
7220201,D09,7.75,,,6.8,,8.8,,,,
7810103,D01,6.5,,,6.8,6.8,,,,,
7220204,D01,8.0,,,7.4,6.8,,,,,
7510203,A00,7.0,7.25,7.0,,,,,,,
7480202,A00,6.0,4.5,7.2,,,,,,,
7480201,D01,7.25,,,7.4,6.6,,,,,
7340123,D01,8.0,,,7.0,3.6,,,,,
7460108,D01,8.0,,,6.6,6.2,,,,,
7340201,A00,7.2,7.75,7.75,,,,,,,
7510301,A01,4.8,3.25,,9.0,,,,,,
7510303,D01,6.6,,,3.6,8.0,,,,,
7540101,A00,7.25,8.5,7.8,,,,,,,
7510301,D01,8.8,,,6.0,6.0,,,,,
7510202,D01,6.5,,,4.8,7.0,,,,,
7480201,A00,8.0,8.0,7.5,,,,,,,
7810103,D01,7.6,,,6.8,8.0,,,,,
7510301,A00,8.0,6.5,7.4,,,,,,,
7340301,A01,8.8,8.0,,7.2,,,,,,
7380107,D01,8.75,,,7.6,6.0,,,,,
7340301,A01,7.75,7.8,,7.8,,,,,,
7340101,D01,7.75,,,7.2,7.8,,,,,
7510401,A00,5.75,6.75,7.2,,,,,,,
7340120,A00,7.0,8.0,8.4,,,,,,,
7340101,A00,7.75,8.75,7.6,,,,,,,
7340301,D01,7.8,,,7.8,7.0,,,,,
7540204,A01,7.0,4.75,,8.6,,,,,,
7480202,D01,5.6,,,3.8,7.0,,,,,
7380107,D01,7.0,,,7.2,7.0,,,,,
7480201,A01,7.75,7.8,,6.6,,,,,,
7480202,D01,7.6,,,6.0,6.5,,,,,
7510202,D01,7.0,,,6.0,6.8,,,,,
7510401,D07,7.0,,8.5,8.0,,,,,,
7480201,D01,8.6,,,7.4,7.5,,,,,
7340115,A00,8.2,8.25,8.25,,,,,,,
7340205,D01,6.5,,,6.6,5.6,,,,,
7340201,D01,7.75,,,7.2,7.4,,,,,
7810103,D01,8.2,,,7.4,6.75,,,,,
7480202,D01,8.0,,,7.2,6.8,,,,,
7510203,D01,6.8,,,5.6,5.5,,,,,
7220204,D01,7.25,,,7.4,6.4,,,,,
7340120,A01,7.75,7.4,,8.0,,,,,,
7340101,D01,8.2,,,9.2,7.5,,,,,
7340120,A00,7.5,7.5,7.4,,,,,,,
7480201,A00,6.5,7.25,7.4,,,,,,,
7420201,B00,6.0,,7.75,,,,7.0,,,
7540101,B00,7.5,,8.0,,,,7.2,,,
7380107,A00,6.5,7.25,7.6,,,,,,,
7810202,D01,8.0,,,7.0,8.2,,,,,
7810201,A01,7.5,6.8,,8.2,,,,,,
7340201,A00,6.25,7.25,7.4,,,,,,,
7380107,D01,8.25,,,7.6,4.6,,,,,
7480201,D01,7.0,,,8.0,8.0,,,,,
7510303,D01,7.25,,,7.4,3.0,,,,,
7540106,B00,7.2,,7.5,,,,6.75,,,
7420201,B00,6.4,,7.25,,,,6.25,,,
7819009,B00,6.25,,7.25,,,,6.6,,,
7810201,A00,8.25,7.0,8.0,,,,,,,
7340301,A00,7.5,7.75,7.0,,,,,,,
7480201,D01,6.75,,,6.6,7.8,,,,,
7220201,D01,7.25,,,6.4,8.0,,,,,
7340129,D01,6.25,,,5.6,6.8,,,,,
7340115,D01,8.5,,,7.2,8.0,,,,,
7340115,A00,7.25,8.75,8.2,,,,,,,
7380107,D15,,,,8.0,6.75,,,4.6,,
7510203,D07,7.0,,5.6,7.2,,,,,,
7340101,A00,7.5,7.5,8.2,,,,,,,
7510303,A00,6.6,5.75,6.0,,,,,,,
7340201,D01,8.0,,,7.6,7.8,,,,,
7340122,D01,6.5,,,7.2,8.6,,,,,
7510401,A00,6.75,7.0,7.4,,,,,,,
7340201,D01,7.0,,,7.4,8.0,,,,,
7510202,D01,7.75,,,6.4,3.4,,,,,
7810103,D01,7.6,,,8.6,6.75,,,,,
7340101,A00,8.0,7.0,8.25,,,,,,,
7540106,B00,6.5,,6.5,,,,6.8,,,
7510203,D01,6.5,,,7.6,5.0,,,,,
7340301,D01,8.2,,,7.6,7.25,,,,,
7810103,D01,7.25,,,6.4,5.4,,,,,
7220201,D01,7.2,,,7.8,8.5,,,,,
7510303,A00,7.4,7.75,5.75,,,,,,,
7510203,D01,7.0,,,6.0,4.8,,,,,
7220201,D01,7.6,,,8.2,8.75,,,,,
7340301,A00,8.6,7.0,7.25,,,,,,,
7510401,A00,7.0,7.75,8.2,,,,,,,
7480201,D07,8.0,,7.2,7.4,,,,,,
7340120,A00,7.5,8.75,7.2,,,,,,,
7480201,D07,8.5,,7.6,7.8,,,,,,
7340201,D01,7.8,,,7.0,8.0,,,,,
7510203,A00,6.8,7.0,7.25,,,,,,,
7810201,D01,6.8,,,8.6,8.0,,,,,
7510203,D01,6.25,,,6.2,6.6,,,,,
7819010,D07,4.5,,5.0,7.0,,,,,,
7540106,D07,7.75,,8.4,7.2,,,,,,
7540204,A01,8.2,7.75,,7.4,,,,,,
7220204,D01,8.0,,,7.2,7.2,,,,,
7340129,D01,8.0,,,7.8,6.25,,,,,
7480202,D01,6.0,,,4.6,6.5,,,,,
7340301,A00,8.4,6.75,8.0,,,,,,,
7480202,D01,7.25,,,6.8,5.4,,,,,
7810201,A01,7.4,7.5,,7.4,,,,,,
7420201,B00,7.75,,8.0,,,,7.2,,,
7510202,A00,8.4,6.25,8.0,,,,,,,
7340115,D01,7.6,,,8.2,8.5,,,,,
7340120,A00,7.75,8.75,8.6,,,,,,,
7340120,A00,7.8,6.75,8.5,,,,,,,
7480201,D01,6.75,,,8.4,8.2,,,,,
7810201,A00,7.25,7.25,6.0,,,,,,,
7540204,D01,6.25,,,6.0,5.8,,,,,
7810201,D01,7.0,,,7.0,7.75,,,,,
7810202,D15,,,,9.0,8.25,,,6.0,,
7850101,A00,6.75,5.75,7.0,,,,,,,
7380107,D15,,,,5.5,6.25,,,8.2,,
7510301,D01,8.0,,,6.6,7.5,,,,,
7340101,A00,6.75,6.75,7.0,,,,,,,
7380107,D01,7.2,,,7.8,7.75,,,,,
7340115,A00,8.0,8.0,7.8,,,,,,,
7540101,D07,8.0,,6.8,7.8,,,,,,
7340120,D01,7.25,,,7.0,7.0,,,,,
7220204,D01,7.0,,,7.4,8.2,,,,,
7810202,D01,8.0,,,7.6,7.75,,,,,
7220201,D01,6.8,,,9.0,7.75,,,,,
7810103,D01,7.0,,,8.4,7.25,,,,,
7340120,D01,6.75,,,7.6,7.0,,,,,
7420201,D07,7.25,,6.6,7.0,,,,,,
7540204,D01,7.4,,,6.6,8.0,,,,,
7340301,D01,7.4,,,6.6,8.5,,,,,
7540101,D07,8.0,,7.5,8.6,,,,,,
7480201,D07,7.75,,6.0,7.6,,,,,,
7340120,A01,8.25,7.8,,8.2,,,,,,
7340115,A00,7.25,8.5,8.0,,,,,,,
7340201,D01,7.25,,,6.8,8.0,,,,,
7340129,A00,5.75,7.0,7.2,,,,,,,
7850101,A00,5.0,4.5,6.4,,,,,,,
7220204,D01,7.6,,,7.4,8.0,,,,,
7819009,B00,6.5,,6.75,,,,6.0,,,
7480202,A01,7.4,7.0,,4.8,,,,,,
7340115,A00,7.75,7.5,8.0,,,,,,,
7480201,D01,8.0,,,9.2,7.75,,,,,
7340120,D01,8.0,,,8.6,6.25,,,,,
7340101,A00,7.0,8.5,8.6,,,,,,,
7380107,D01,7.8,,,5.6,8.25,,,,,
7340120,A01,6.0,7.2,,8.2,,,,,,
7340101,D01,7.4,,,9.0,7.25,,,,,
7340101,D01,6.75,,,7.8,6.6,,,,,
7540101,A01,7.4,8.0,,9.2,,,,,,
7460108,D07,7.25,,7.6,5.8,,,,,,
7480201,D01,6.5,,,8.0,9.4,,,,,
7480201,A00,7.0,7.5,8.2,,,,,,,
7540101,D07,8.4,,8.5,8.6,,,,,,
7540101,B00,7.8,,8.5,,,,8.5,,,
7220201,D01,8.4,,,9.2,7.75,,,,,
7810202,D01,7.8,,,7.6,7.5,,,,,
7540101,D07,9.0,,8.6,7.8,,,,,,
7480201,A00,7.75,7.25,8.4,,,,,,,
7340201,D01,8.0,,,7.4,6.2,,,,,
7340201,A00,7.25,6.5,7.8,,,,,,,
7220201,D01,7.0,,,7.4,7.4,,,,,
7810202,A00,7.0,7.0,8.0,,,,,,,
7340101,A00,7.75,7.0,8.2,,,,,,,
7540101,D07,8.6,,7.75,7.8,,,,,,
7510203,D01,6.6,,,3.6,6.5,,,,,
7810201,A00,6.5,7.5,7.6,,,,,,,
7510406,A00,5.2,5.75,6.0,,,,,,,
7540101,B00,6.75,,7.25,,,,7.8,,,
7380107,A00,7.0,8.25,7.2,,,,,,,
7380107,A00,6.75,6.5,7.4,,,,,,,
7540204,A00,6.75,7.25,7.8,,,,,,,
7340101,D01,7.6,,,8.2,7.75,,,,,
7510202,D01,6.75,,,7.2,5.4,,,,,
7220201,A01,7.5,8.4,,7.6,,,,,,
7510303,A00,7.0,7.0,8.2,,,,,,,
7340129,D01,8.25,,,5.4,6.0,,,,,
7480202,D01,7.5,,,5.0,5.0,,,,,
7810201,A00,8.0,7.75,8.25,,,,,,,
7810103,D01,7.75,,,6.6,6.0,,,,,
7810103,D01,7.75,,,7.0,6.2,,,,,
7340120,D01,7.4,,,9.0,7.33,,,,,
7340101,D01,8.25,,,7.0,7.6,,,,,
7510303,D01,8.2,,,6.8,6.5,,,,,
7340120,D01,8.75,,,7.4,6.6,,,,,
7340301,D01,7.4,,,7.6,7.75,,,,,
7340201,A00,8.2,6.5,8.25,,,,,,,
7340101,A00,6.75,8.5,7.0,,,,,,,
7460108,A00,6.0,5.25,6.6,,,,,,,
7340122,A01,7.0,9.0,,7.0,,,,,,
7540204,A00,6.8,6.0,6.5,,,,,,,
7380107,D15,,,,8.0,8.0,,,4.6,,
7220204,D01,8.5,,,6.4,6.8,,,,,
7510303,A00,7.0,6.5,5.25,,,,,,,
7340115,D01,8.5,,,7.8,7.6,,,,,
7540101,A00,7.25,7.25,7.8,,,,,,,
7510303,A00,8.0,6.5,8.0,,,,,,,
7480201,D07,7.5,,6.8,7.4,,,,,,
7340101,D01,8.0,,,7.6,8.2,,,,,
7810201,A00,7.25,8.25,7.6,,,,,,,
7480201,D07,8.25,,8.2,7.6,,,,,,
7510301,A00,6.8,4.25,7.0,,,,,,,
7380107,D01,8.25,,,8.6,6.0,,,,,
7340201,A01,7.8,6.5,,8.8,,,,,,
7380107,D01,7.5,,,7.0,7.4,,,,,
7340122,D01,8.75,,,6.6,7.8,,,,,
7510303,A01,7.0,8.2,,7.4,,,,,,
7540101,D07,6.5,,8.2,7.4,,,,,,
7480201,A01,8.0,7.0,,8.0,,,,,,
7340120,A00,6.5,7.75,7.0,,,,,,,
7810201,A01,7.4,7.25,,8.0,,,,,,
7540101,A00,8.6,8.25,8.0,,,,,,,
7340101,A00,8.0,7.75,8.5,,,,,,,
7510301,D01,6.4,,,5.4,6.75,,,,,
7340101,D01,7.5,,,7.6,6.8,,,,,
7340101,D01,7.2,,,7.6,8.5,,,,,
7510301,D01,5.0,,,5.8,6.5,,,,,
7420201,B00,6.75,,7.25,,,,7.2,,,
7340201,D01,7.75,,,7.2,7.4,,,,,
7340201,A00,8.0,7.5,7.75,,,,,,,
7480202,A01,7.5,7.8,,7.6,,,,,,
7540204,D01,8.25,,,6.8,5.2,,,,,
7480201,A00,7.0,8.75,8.2,,,,,,,
7340201,D01,8.2,,,7.6,8.0,,,,,
7510202,A00,8.0,6.0,7.0,,,,,,,
7340201,D01,7.8,,,7.8,6.75,,,,,
7510202,A00,6.5,7.75,6.0,,,,,,,
7810103,D01,7.4,,,8.2,7.0,,,,,
7819010,D07,4.75,,7.4,7.4,,,,,,
7480201,A00,7.0,7.25,7.4,,,,,,,
7540101,B00,7.25,,7.5,,,,6.6,,,
7340101,A01,7.25,7.2,,6.6,,,,,,
7340101,A00,7.8,7.0,8.5,,,,,,,
7810202,D01,7.4,,,8.0,8.0,,,,,
7540105,A01,6.6,5.5,,6.6,,,,,,
7540204,D01,6.8,,,3.8,6.25,,,,,
7510303,D01,7.6,,,8.2,7.75,,,,,
7480201,D01,7.0,,,7.2,7.6,,,,,
7340115,A00,7.75,8.25,8.6,,,,,,,
7340301,A01,7.4,7.5,,9.2,,,,,,
7510202,D01,5.5,,,6.0,6.2,,,,,
7420201,B00,7.25,,6.75,,,,6.8,,,
7340205,D01,8.0,,,5.0,5.2,,,,,
7340301,D01,7.75,,,7.4,7.4,,,,,
7340101,A00,7.0,7.25,6.4,,,,,,,
7540101,A00,7.75,7.25,8.0,,,,,,,
7340201,A01,8.0,8.4,,7.6,,,,,,
7510303,A00,6.75,8.0,6.8,,,,,,,
7510301,A01,7.0,6.0,,6.8,,,,,,
7480201,A00,7.25,8.0,7.6,,,,,,,
7480201,A00,7.5,8.25,8.2,,,,,,,
7340120,A00,7.75,8.0,7.6,,,,,,,
7810201,A01,8.5,9.4,,7.6,,,,,,
7510303,D01,6.25,,,7.6,6.4,,,,,
7810202,D01,7.5,,,5.6,5.8,,,,,
7540101,B00,8.0,,8.25,,,,6.8,,,
7480201,A00,8.2,8.0,7.25,,,,,,,
7510301,D01,7.25,,,6.6,4.2,,,,,
7340301,A00,6.75,8.25,8.0,,,,,,,
7480201,A01,9.0,7.5,,9.2,,,,,,
7220204,D09,9.25,,,6.6,,8.0,,,,
7380107,A00,8.2,7.25,7.75,,,,,,,
7850101,B00,6.75,,6.75,,,,7.0,,,
7340205,A00,7.25,7.25,7.8,,,,,,,
7420201,A01,8.2,6.75,,8.2,,,,,,
7420201,A01,5.75,6.8,,7.2,,,,,,
7340201,A00,8.2,7.25,7.5,,,,,,,
7340120,A00,7.75,8.25,8.0,,,,,,,
7420201,B00,6.75,,7.0,,,,6.6,,,
7340101,A00,7.0,7.75,8.0,,,,,,,
7540106,A00,7.8,6.0,6.75,,,,,,,
7540101,A00,6.5,7.0,7.6,,,,,,,
7480202,D07,8.0,,8.8,7.2,,,,,,
7480201,D01,7.75,,,8.2,8.0,,,,,
7540105,B00,5.5,,6.25,,,,6.2,,,
7380107,A00,7.0,8.25,7.6,,,,,,,
7480202,A00,7.8,3.5,7.0,,,,,,,
7480202,D01,6.8,,,6.2,6.75,,,,,
7510301,A00,7.0,5.5,7.5,,,,,,,
7340101,D01,7.4,,,7.6,8.5,,,,,
7540105,A01,8.6,7.75,,9.6,,,,,,
7340120,A01,8.25,8.4,,7.6,,,,,,
7380107,D15,,,,7.25,7.5,,,4.6,,
7340301,A00,7.5,7.75,7.8,,,,,,,
7340129,A00,7.0,7.25,7.6,,,,,,,
7340201,A00,8.25,8.75,7.4,,,,,,,
7480201,A00,7.8,7.0,8.0,,,,,,,
7480202,A00,4.75,4.5,8.0,,,,,,,
7340120,D01,7.5,,,7.6,6.4,,,,,
7220201,A01,8.2,7.75,,9.0,,,,,,
7480201,A00,7.5,5.75,7.6,,,,,,,
7540204,D01,8.2,,,6.6,6.75,,,,,
7340201,A00,8.8,7.0,7.5,,,,,,,
7340201,A00,6.25,8.0,7.2,,,,,,,
7850101,A00,7.0,6.0,7.75,,,,,,,
7340120,A00,6.5,7.25,7.4,,,,,,,
7540101,B00,9.0,,8.0,,,,7.75,,,
7340301,A00,8.0,7.25,8.0,,,,,,,
7810202,D01,7.6,,,8.0,8.75,,,,,
7340129,D01,7.5,,,7.0,5.4,,,,,
7480201,A01,7.25,7.4,,8.8,,,,,,
7340120,A00,8.4,8.0,8.5,,,,,,,
7340101,A00,5.75,6.75,7.8,,,,,,,
7540106,B00,7.4,,7.25,,,,5.25,,,
7340115,A01,7.25,8.6,,8.4,,,,,,
7810201,D01,7.4,,,7.6,8.5,,,,,
7510303,A00,8.4,7.0,7.75,,,,,,,
7510401,B00,8.25,,5.75,,,,5.8,,,
7810202,A00,8.2,8.25,7.75,,,,,,,
7220201,D09,8.0,,,8.8,,7.75,,,,
7480201,A00,6.75,7.75,6.6,,,,,,,
7510202,D01,7.4,,,4.8,5.25,,,,,
7510401,B00,7.0,,6.75,,,,6.6,,,
7340301,A00,5.75,7.5,7.0,,,,,,,
7510303,D01,6.0,,,6.2,5.0,,,,,
7510303,A01,7.2,7.0,,7.4,,,,,,
7810202,D15,,,,6.75,6.5,,,6.0,,
7480201,A01,7.6,7.25,,9.0,,,,,,
7340115,D01,8.5,,,6.8,7.2,,,,,
7220201,D01,7.8,,,9.0,7.0,,,,,
7480201,A00,6.5,8.75,7.2,,,,,,,
7540105,A00,7.0,7.0,7.75,,,,,,,
7480202,D01,5.75,,,7.0,6.0,,,,,
7220201,A01,7.25,8.4,,8.0,,,,,,
7340201,A00,7.0,8.0,7.75,,,,,,,
7819010,A00,6.25,5.75,6.4,,,,,,,
7510203,D07,6.6,,7.5,7.0,,,,,,
7420201,D07,8.25,,7.0,7.2,,,,,,
7340101,A00,8.8,7.75,6.75,,,,,,,
7480202,A00,6.0,5.25,6.0,,,,,,,
7480201,A01,9.0,7.4,,7.8,,,,,,
7340122,A00,7.25,7.75,7.6,,,,,,,
7480202,D01,6.6,,,3.6,7.25,,,,,
7540101,A00,7.25,7.75,7.8,,,,,,,
7340120,A00,7.0,6.75,7.4,,,,,,,
7510401,A00,6.75,7.25,8.0,,,,,,,
7380107,D01,8.0,,,6.4,8.25,,,,,
7540204,D01,7.0,,,6.0,6.75,,,,,
7340120,A00,7.5,8.25,7.0,,,,,,,
7340115,D01,8.0,,,7.8,6.8,,,,,
7340301,A00,9.0,6.25,7.5,,,,,,,
7540101,B00,7.25,,7.25,,,,6.2,,,
7480202,A00,8.2,7.75,5.25,,,,,,,
7540106,B00,6.25,,7.25,,,,6.4,,,
7810202,D01,7.4,,,8.2,7.5,,,,,
7480201,D01,7.75,,,8.0,7.4,,,,,
7810201,D15,,,,7.25,7.5,,,5.4,,
7510301,A00,6.25,6.75,6.8,,,,,,,
7340120,A00,7.75,8.0,8.8,,,,,,,
7340301,A00,8.4,6.5,8.0,,,,,,,
7220201,A01,7.6,6.5,,9.6,,,,,,
7340120,D01,8.0,,,8.0,8.0,,,,,
7510301,A00,7.0,6.5,7.25,,,,,,,
7540106,A00,8.0,7.75,7.5,,,,,,,
7480201,D01,6.0,,,8.4,8.2,,,,,
7480201,A00,7.25,8.75,8.0,,,,,,,
7510301,D01,7.5,,,7.0,7.6,,,,,
7510202,D01,8.0,,,4.6,4.8,,,,,
7510301,D01,8.0,,,4.8,5.75,,,,,
7540101,D07,8.25,,8.2,7.6,,,,,,
7340129,D01,6.6,,,7.0,7.5,,,,,
7340101,A01,7.8,8.0,,8.4,,,,,,
7480201,A00,8.0,7.5,8.2,,,,,,,
7340115,D01,7.25,,,9.0,8.2,,,,,
7340120,D01,8.2,,,8.6,7.75,,,,,
7510401,D07,7.4,,7.75,7.2,,,,,,
7340301,D01,7.8,,,8.4,7.25,,,,,
7340120,A00,8.0,8.0,8.2,,,,,,,
7480201,A00,7.25,7.5,8.4,,,,,,,
7480201,A01,7.25,9.4,,7.0,,,,,,
7460108,A01,6.5,6.8,,7.4,,,,,,
7510303,D01,5.5,,,7.6,5.4,,,,,
7540204,D01,7.25,,,6.8,6.2,,,,,
7340129,D01,8.25,,,7.4,7.0,,,,,
7340201,A01,8.0,7.0,,7.8,,,,,,
7510203,A00,7.2,6.25,6.25,,,,,,,
7340115,D01,7.2,,,8.6,8.0,,,,,
7480201,A00,6.75,6.25,7.4,,,,,,,
7480202,A00,6.5,7.75,7.8,,,,,,,
7540101,A01,8.0,7.5,,9.6,,,,,,
7340129,D01,9.0,,,7.4,5.2,,,,,
7810103,A00,8.2,7.0,7.5,,,,,,,
7480202,D01,6.8,,,3.2,6.0,,,,,
7810103,D01,6.0,,,6.2,6.0,,,,,
7340301,D01,7.5,,,6.6,6.8,,,,,
7540101,D07,8.0,,8.0,8.6,,,,,,
7220201,D01,8.5,,,7.0,7.8,,,,,
7340115,A00,7.75,8.0,8.2,,,,,,,
7510301,D01,7.75,,,7.4,6.0,,,,,
7380107,D15,,,,8.0,6.5,,,6.0,,
7510203,A01,7.8,5.5,,7.4,,,,,,
7540101,A00,8.4,7.25,8.75,,,,,,,
7220201,D01,7.6,,,6.8,8.75,,,,,
7510303,D01,6.75,,,6.2,6.4,,,,,
7340115,A00,8.25,8.0,8.2,,,,,,,
7340201,A00,7.0,8.25,8.0,,,,,,,
7340101,A00,6.75,8.5,8.0,,,,,,,
7380107,D01,7.4,,,7.8,6.5,,,,,
7220201,D01,5.75,,,6.2,9.0,,,,,
7340129,A00,7.25,6.0,7.4,,,,,,,
7380107,D01,6.6,,,6.2,8.25,,,,,
7420201,A01,7.0,7.0,,7.6,,,,,,
7380107,A00,6.25,7.25,6.6,,,,,,,
7480201,D07,7.25,,7.2,8.2,,,,,,
7340101,D01,8.0,,,7.6,6.8,,,,,
7480201,D07,7.2,,7.25,8.6,,,,,,
7480202,D01,6.5,,,7.6,7.0,,,,,
7810202,D15,,,,8.75,7.0,,,7.4,,
7510202,D01,6.25,,,6.0,5.2,,,,,
7480201,A00,7.25,8.0,8.0,,,,,,,
7340201,A00,7.75,8.25,7.6,,,,,,,
7510401,A00,7.4,7.75,7.5,,,,,,,
7340101,D01,7.75,,,6.8,6.8,,,,,
7510203,D01,8.25,,,6.2,3.6,,,,,
7540101,B00,7.0,,7.75,,,,6.8,,,
7380107,D01,7.2,,,6.2,7.5,,,,,
7810201,D01,7.0,,,9.2,7.5,,,,,
7420201,A00,8.0,4.5,7.75,,,,,,,
7340205,D01,7.0,,,7.2,4.4,,,,,
7340122,A00,7.75,7.25,6.8,,,,,,,
7380107,A00,6.75,6.5,7.8,,,,,,,
7540101,A00,7.6,8.0,8.25,,,,,,,
7480201,D01,5.75,,,8.4,7.2,,,,,
7850101,A00,6.6,6.0,6.0,,,,,,,
7810103,D15,,,,8.0,7.0,,,6.8,,
7480201,D01,7.5,,,7.8,7.6,,,,,
7540101,B00,8.5,,7.75,,,,7.8,,,
7340301,A00,7.75,6.5,7.6,,,,,,,
7340129,A00,7.75,6.25,8.0,,,,,,,
7340120,A00,7.75,6.25,8.2,,,,,,,
7340120,D01,8.75,,,7.2,6.6,,,,,
7810202,D01,8.25,,,7.2,5.2,,,,,
7380107,D01,7.6,,,9.0,6.5,,,,,
7510401,B00,5.0,,6.75,,,,7.2,,,
7340129,D01,7.6,,,4.6,8.25,,,,,
7340201,D01,7.4,,,7.4,7.5,,,,,
7540204,D01,7.4,,,6.4,7.25,,,,,
7540101,A00,7.75,7.0,6.4,,,,,,,
7510401,A00,6.75,7.25,5.6,,,,,,,
7510202,A01,5.5,5.6,,7.8,,,,,,
7540101,A01,6.25,8.6,,7.8,,,,,,
7380107,A00,7.6,6.5,7.75,,,,,,,
7480202,D01,7.5,,,7.6,6.6,,,,,
7810201,D01,7.5,,,6.8,5.4,,,,,
7340205,A00,5.5,6.5,7.0,,,,,,,
7510202,D01,5.25,,,7.4,4.6,,,,,
7480202,D01,7.5,,,6.4,5.6,,,,,
7480201,A01,7.75,7.8,,8.8,,,,,,
7340201,A00,8.0,6.0,8.5,,,,,,,
7480201,A01,7.25,8.2,,6.8,,,,,,
7510303,A01,7.0,5.75,,7.6,,,,,,
7340201,D01,8.2,,,8.2,7.75,,,,,
7340201,A00,5.0,7.25,7.6,,,,,,,
7510203,A00,7.0,6.5,7.8,,,,,,,
7380107,A00,8.0,6.5,6.75,,,,,,,
7520115,A00,6.25,6.25,6.8,,,,,,,
7220201,A01,7.75,7.8,,7.8,,,,,,
7340101,A00,7.5,7.25,7.8,,,,,,,
7510203,A00,8.2,5.75,7.75,,,,,,,
7540105,D07,5.25,,4.8,6.0,,,,,,
7220201,A01,7.0,8.2,,5.8,,,,,,
7340115,A00,7.5,6.75,7.8,,,,,,,
7220201,D01,8.8,,,8.4,7.75,,,,,
7340115,D01,7.25,,,7.8,8.4,,,,,
7340201,D01,8.4,,,9.2,7.5,,,,,
7510303,D01,7.5,,,6.8,6.0,,,,,
7340120,D01,8.0,,,7.4,7.0,,,,,
7510202,D07,7.0,,6.0,6.2,,,,,,
7510301,A00,7.6,5.75,6.25,,,,,,,
7480201,D01,7.75,,,8.4,7.8,,,,,
7480201,A01,7.6,7.0,,8.2,,,,,,
7819010,A00,6.5,5.75,7.6,,,,,,,
7480201,D01,8.0,,,8.8,6.5,,,,,
7340101,A00,8.0,7.5,8.25,,,,,,,
7420201,A00,7.0,6.5,7.0,,,,,,,
7380107,D01,8.5,,,7.0,6.2,,,,,
7510401,A00,6.0,7.0,6.4,,,,,,,
7480201,D01,7.6,,,8.4,6.75,,,,,
7220201,D01,8.4,,,7.4,8.0,,,,,
7340115,A00,8.25,7.25,7.2,,,,,,,
7220201,D01,7.75,,,7.4,6.2,,,,,
7810202,D01,8.2,,,7.6,6.75,,,,,
7819009,A00,4.75,4.75,7.6,,,,,,,
7340120,A00,6.5,8.25,8.2,,,,,,,
7340201,A01,7.4,6.5,,8.4,,,,,,
7810201,D01,7.17,,,7.4,5.6,,,,,
7540101,A00,6.25,8.25,7.4,,,,,,,
7480201,A00,7.25,8.25,8.0,,,,,,,
7220201,D01,7.0,,,7.8,8.25,,,,,
7480202,A00,6.25,7.75,8.4,,,,,,,
7810202,A00,8.0,8.25,8.0,,,,,,,
7510203,D01,7.0,,,6.4,5.2,,,,,
7340120,A01,7.8,6.5,,8.8,,,,,,
7340123,D01,7.25,,,5.4,7.4,,,,,
7220201,D09,8.25,,,6.0,,8.6,,,,
7340115,A01,8.25,8.0,,8.2,,,,,,
7819010,A00,6.75,5.5,6.4,,,,,,,
7540106,A00,8.2,6.75,7.75,,,,,,,
7340201,D01,8.5,,,5.0,7.8,,,,,
7340129,A00,8.0,6.25,7.6,,,,,,,
7810201,D01,7.75,,,7.6,7.6,,,,,
7510202,A00,7.2,6.0,4.75,,,,,,,
7380107,D01,7.6,,,7.4,7.5,,,,,
7540204,D01,7.0,,,6.8,6.0,,,,,
7540101,A00,7.5,8.25,8.0,,,,,,,
7220204,D01,7.4,,,8.6,8.0,,,,,
7510303,A00,7.0,5.5,5.5,,,,,,,
7340120,A00,7.75,8.25,7.4,,,,,,,
7480202,A00,7.0,6.5,7.2,,,,,,,
7480201,A01,7.5,7.8,,7.8,,,,,,
7340301,A01,6.5,8.4,,7.0,,,,,,
7380107,D01,7.5,,,6.6,6.2,,,,,
7810201,D15,,,,6.75,5.5,,,6.8,,
7220204,D01,7.6,,,8.8,7.75,,,,,
7480201,D01,8.2,,,6.8,8.0,,,,,
7819010,A00,7.0,7.25,7.0,,,,,,,
7380107,A00,6.25,8.5,8.4,,,,,,,
7810201,D01,7.4,,,7.2,8.25,,,,,
7220204,D01,8.25,,,8.4,7.4,,,,,
7510301,D01,7.2,,,6.6,7.0,,,,,
7340115,A01,7.8,8.25,,8.2,,,,,,
7220201,D01,7.75,,,7.6,7.2,,,,,
7420201,A00,6.75,7.75,7.4,,,,,,,
7540101,A00,7.5,8.0,8.0,,,,,,,
7220201,D01,6.6,,,9.2,7.5,,,,,
7220201,A01,7.5,8.8,,7.4,,,,,,
7810201,A01,8.0,7.5,,7.2,,,,,,
7340122,D01,8.5,,,6.6,7.0,,,,,
7340201,A00,7.75,8.0,7.2,,,,,,,
7510303,A01,7.8,5.75,,6.2,,,,,,
7510203,D07,7.25,,6.2,7.8,,,,,,
7340101,A00,8.25,7.5,7.6,,,,,,,
7340115,D01,7.8,,,8.0,7.5,,,,,
7510202,D01,6.25,,,7.0,5.4,,,,,
7380107,D15,,,,6.25,7.75,,,5.2,,
7380107,A00,6.8,7.25,7.25,,,,,,,
7340301,A00,7.75,7.75,8.2,,,,,,,
7480201,A00,7.75,8.25,8.2,,,,,,,
7340205,A00,6.25,7.75,8.0,,,,,,,
7340115,D01,9.25,,,8.2,6.8,,,,,
7510203,A00,7.4,6.0,6.0,,,,,,,
7380107,D15,,,,8.25,7.75,,,5.2,,
7340201,A00,8.4,6.75,8.0,,,,,,,
7510202,D01,7.0,,,6.0,4.4,,,,,
7340115,D01,8.75,,,8.0,5.8,,,,,
7510202,D01,8.2,,,7.2,6.75,,,,,
7340115,A00,8.0,7.5,7.6,,,,,,,
7340115,A00,8.0,7.75,8.6,,,,,,,
7480201,A01,7.5,9.0,,6.6,,,,,,
7540105,A01,6.5,5.2,,6.6,,,,,,
7340129,D01,7.25,,,7.4,7.8,,,,,
7540106,A00,6.75,6.75,8.0,,,,,,,
7540204,D01,6.8,,,3.4,6.5,,,,,
7340129,A01,6.5,6.8,,8.0,,,,,,
7540204,D01,6.25,,,6.6,7.0,,,,,
7540101,B00,7.0,,7.25,,,,7.4,,,
7380107,D01,7.8,,,8.2,6.5,,,,,
7340205,D01,7.5,,,6.8,5.4,,,,,
7810202,A00,8.5,7.75,7.8,,,,,,,
7480201,A00,7.5,7.75,7.6,,,,,,,
7480202,A00,7.0,8.25,8.2,,,,,,,
7540101,B00,7.0,,7.75,,,,7.0,,,
7810202,A00,8.0,7.25,6.75,,,,,,,
7480202,A00,7.0,6.5,6.4,,,,,,,
7220204,D01,7.0,,,7.4,7.8,,,,,
7340201,A01,6.8,7.75,,7.8,,,,,,
7220201,D01,7.0,,,8.8,7.5,,,,,
7510202,A01,6.25,7.4,,7.8,,,,,,
7480201,D01,8.0,,,6.8,8.2,,,,,
7510202,D01,6.5,,,8.2,5.2,,,,,
7510202,D01,6.0,,,4.4,6.0,,,,,
7340201,D01,6.8,,,8.4,7.5,,,,,
7340101,A00,8.8,8.0,8.0,,,,,,,
7340115,A01,7.25,7.0,,8.0,,,,,,
7510203,D01,5.75,,,7.2,2.8,,,,,
7380107,A00,7.25,7.0,8.0,,,,,,,
7480201,D01,8.4,,,6.4,7.25,,,,,
7480201,D01,7.75,,,7.4,7.2,,,,,
7340115,A01,7.75,8.8,,7.8,,,,,,
7810103,D01,6.75,,,6.8,7.4,,,,,
7340201,D01,7.6,,,8.6,7.25,,,,,
7340129,D01,8.0,,,7.0,5.2,,,,,
7340301,A00,8.0,6.75,8.0,,,,,,,
7510401,D07,8.0,,8.0,7.8,,,,,,
7510401,A00,5.25,7.5,7.0,,,,,,,
7340115,A01,7.5,8.4,,7.4,,,,,,
7340201,D01,7.75,,,6.6,8.0,,,,,
7480201,A00,6.75,7.5,7.6,,,,,,,
7340201,D01,8.0,,,7.2,5.4,,,,,
7480201,D01,8.5,,,6.8,8.2,,,,,
7340101,A01,7.5,7.0,,7.8,,,,,,
7510203,A01,7.8,6.75,,6.8,,,,,,
7540101,A00,7.8,8.0,8.0,,,,,,,
7810201,D01,6.5,,,7.6,6.4,,,,,
7480201,D01,7.4,,,8.2,7.25,,,,,
7510402,D07,7.2,,7.25,8.0,,,,,,
7540101,A00,7.25,8.25,8.2,,,,,,,
7540106,A00,6.8,5.75,7.0,,,,,,,
7220204,D01,7.8,,,8.4,7.83,,,,,
7510401,B00,7.5,,7.25,,,,5.4,,,
7340115,D01,8.25,,,6.8,7.6,,,,,
7340120,A01,6.5,9.0,,6.6,,,,,,
7540101,D07,8.5,,8.0,8.0,,,,,,
7540204,D01,7.5,,,6.2,6.0,,,,,
7540101,A00,8.5,7.0,7.6,,,,,,,
7480202,A00,7.25,7.25,7.8,,,,,,,
7480201,A00,7.75,7.5,7.8,,,,,,,
7380107,A00,8.4,7.0,8.25,,,,,,,
7510402,B00,7.8,,6.5,,,,6.5,,,
7220201,D01,7.8,,,9.4,7.5,,,,,
7220201,A01,8.0,7.25,,8.8,,,,,,
7480201,A00,8.4,7.25,8.5,,,,,,,
7510301,D01,8.5,,,8.6,3.4,,,,,
7220201,A01,8.4,8.5,,9.0,,,,,,
7380107,D15,,,,8.25,7.5,,,6.4,,
7220204,D01,7.75,,,7.6,7.8,,,,,
7810202,D01,6.5,,,7.0,6.0,,,,,
7460108,D01,6.75,,,6.0,3.6,,,,,
7540106,D07,7.0,,7.5,7.2,,,,,,
7340120,D01,7.5,,,7.8,7.4,,,,,
7540101,D07,8.0,,7.6,7.8,,,,,,
7510203,D01,6.6,,,6.6,6.25,,,,,
7540101,A00,8.8,7.5,7.5,,,,,,,
7480201,A01,8.5,8.0,,7.4,,,,,,
7510301,A00,7.0,7.0,6.2,,,,,,,
7510202,A01,6.75,6.8,,8.0,,,,,,
7380107,A00,8.75,7.25,7.2,,,,,,,
7810103,A00,7.6,7.0,7.75,,,,,,,
7540101,A00,7.75,7.75,7.2,,,,,,,
7220201,A01,6.5,8.2,,7.8,,,,,,
7510301,A01,6.75,5.8,,8.0,,,,,,
7340201,A00,6.25,7.0,7.4,,,,,,,
7340101,A00,6.5,8.5,7.4,,,,,,,
7480202,D01,6.4,,,8.2,6.5,,,,,
7380107,D01,7.2,,,7.2,6.75,,,,,
7340101,A00,7.0,7.75,7.6,,,,,,,
7340120,D01,8.5,,,8.0,6.8,,,,,
7810201,A00,7.0,8.25,7.4,,,,,,,
7340115,A00,8.0,7.75,8.0,,,,,,,
7510202,D01,6.5,,,5.4,9.0,,,,,
7480201,A00,8.25,8.25,7.8,,,,,,,
7810202,D15,,,,8.5,6.75,,,5.6,,
7480201,D01,7.2,,,8.2,6.75,,,,,
7540204,D01,8.25,,,6.6,5.2,,,,,
7220204,A01,6.5,6.8,,7.2,,,,,,
7810202,D15,,,,7.25,7.25,,,5.2,,
7810103,A00,8.25,7.0,6.8,,,,,,,
7340101,D01,6.5,,,7.2,9.2,,,,,
7510303,D01,7.5,,,7.8,6.2,,,,,
7510303,A00,7.25,7.0,6.6,,,,,,,
7340101,D01,8.0,,,5.8,7.4,,,,,
7340101,A00,8.0,8.25,7.6,,,,,,,
7480201,A00,8.25,8.0,7.4,,,,,,,
7510202,D01,8.0,,,7.0,6.0,,,,,
7540106,A00,7.0,5.25,5.5,,,,,,,
7510202,D01,6.0,,,6.4,5.6,,,,,
7340201,A01,7.25,6.8,,8.0,,,,,,
7540101,B00,7.8,,7.5,,,,8.25,,,
7850101,A00,8.25,7.25,7.8,,,,,,,
7340101,D01,8.75,,,6.4,6.4,,,,,
7340120,A00,8.25,7.75,7.6,,,,,,,
7810103,D01,7.0,,,6.2,5.4,,,,,
7480201,D01,7.2,,,7.8,7.5,,,,,
7380107,A00,7.8,7.0,6.75,,,,,,,
7850101,A00,5.75,6.75,5.6,,,,,,,
7480202,D01,7.0,,,8.2,7.2,,,,,
7510401,A00,6.5,5.25,8.0,,,,,,,
7420201,B00,7.6,,6.75,,,,7.5,,,
7340301,D01,8.0,,,6.6,6.2,,,,,
7340301,A00,7.8,6.25,8.75,,,,,,,
7340301,D01,8.25,,,7.4,6.2,,,,,
7340201,A00,7.5,8.5,7.8,,,,,,,
7510303,A00,6.25,6.75,7.8,,,,,,,
7540101,D07,7.0,,7.4,7.2,,,,,,
7510203,A00,6.5,6.0,6.8,,,,,,,
7340101,A00,8.0,8.0,8.25,,,,,,,
7540101,A00,7.75,7.25,7.2,,,,,,,
7220204,D01,7.75,,,7.0,7.4,,,,,
7340301,A01,7.8,7.5,,8.0,,,,,,
7380107,D01,8.0,,,7.6,7.0,,,,,
7540101,B00,7.0,,7.0,,,,7.8,,,
7540101,A00,7.0,7.0,7.2,,,,,,,
7810202,D15,,,,9.0,5.5,,,5.6,,
7340115,A01,7.75,8.4,,7.6,,,,,,
7510303,A00,7.25,7.75,7.4,,,,,,,
7340120,A00,6.25,8.25,7.4,,,,,,,
7380107,D01,7.25,,,7.0,6.8,,,,,
7340301,A00,7.5,7.5,8.2,,,,,,,
7380107,D01,8.0,,,7.0,7.0,,,,,
7340115,A01,8.0,7.8,,8.0,,,,,,
7220204,D01,7.75,,,7.4,8.4,,,,,
7380107,D01,7.75,,,8.2,3.8,,,,,
7480201,A00,7.5,7.25,8.4,,,,,,,
7380107,A00,7.4,7.25,7.25,,,,,,,
7480201,D01,7.5,,,7.2,9.2,,,,,
7810103,A00,8.2,7.0,7.75,,,,,,,
7340120,D01,8.8,,,7.8,6.75,,,,,
7480201,A01,7.6,7.5,,8.0,,,,,,
7480202,A00,6.2,6.0,6.5,,,,,,,
7510203,A00,8.0,6.75,6.5,,,,,,,
7480201,A01,6.4,7.5,,8.2,,,,,,
7480201,A00,6.75,7.0,7.6,,,,,,,
7540106,A00,6.8,6.5,6.0,,,,,,,
7510301,D01,7.4,,,5.0,6.75,,,,,
7220204,D01,8.2,,,8.8,7.25,,,,,
7510401,A00,7.0,6.0,6.8,,,,,,,
7510203,D01,6.8,,,4.4,6.25,,,,,
7340301,A00,6.25,7.25,7.4,,,,,,,
7510303,D01,6.75,,,5.4,8.6,,,,,
7420201,D07,6.75,,7.4,6.8,,,,,,
7480201,A01,6.25,7.6,,9.2,,,,,,
7510202,A00,7.2,6.5,7.75,,,,,,,
7510203,A00,6.6,5.5,6.75,,,,,,,
7540101,B00,7.25,,6.0,,,,7.8,,,
7340115,A00,7.75,8.75,7.6,,,,,,,
7340101,A00,8.4,7.25,8.75,,,,,,,
7380107,D01,7.4,,,6.0,7.5,,,,,
7540101,A00,7.75,8.5,8.0,,,,,,,
7480201,D01,6.25,,,8.4,7.0,,,,,
7340301,D01,7.0,,,6.6,6.4,,,,,
7220201,A01,7.4,7.0,,9.6,,,,,,
7340115,D01,8.5,,,6.6,7.2,,,,,
7480201,A01,7.5,9.4,,7.6,,,,,,
7420201,B00,6.5,,7.0,,,,6.8,,,
7340201,D01,7.75,,,6.8,7.0,,,,,
7810201,D01,8.0,,,8.4,8.0,,,,,
7460108,A00,6.5,6.75,8.0,,,,,,,
7340115,D01,8.25,,,7.2,8.0,,,,,
7340201,A01,8.2,7.0,,8.0,,,,,,
7340115,D01,8.25,,,8.6,7.0,,,,,
7480201,D01,7.5,,,7.4,8.2,,,,,
7340201,A00,7.0,6.75,7.8,,,,,,,
7380107,D01,7.8,,,7.6,6.25,,,,,
7340101,D01,8.0,,,7.6,6.2,,,,,
7460108,D01,8.0,,,5.2,7.8,,,,,
7380107,D01,6.75,,,6.4,7.6,,,,,
7510303,A00,7.6,5.5,6.5,,,,,,,
7540106,D07,7.0,,6.75,7.0,,,,,,
7340115,D01,7.5,,,8.0,8.4,,,,,
7520115,A00,6.75,7.25,6.6,,,,,,,
7510301,A00,6.5,7.25,8.4,,,,,,,
7340122,D01,8.75,,,8.0,5.4,,,,,
7340122,D01,8.25,,,7.2,7.8,,,,,
7220204,D01,7.6,,,8.6,8.25,,,,,
7510401,A01,7.25,7.0,,6.0,,,,,,
7480201,A01,7.0,7.6,,8.0,,,,,,
7340201,D01,7.4,,,8.6,8.0,,,,,
7510401,A00,6.0,5.25,6.6,,,,,,,
7340301,D01,7.75,,,7.6,5.8,,,,,
7510203,A00,5.0,5.0,6.6,,,,,,,
7510303,D01,7.4,,,6.8,7.0,,,,,
7510401,A00,8.6,5.75,8.25,,,,,,,
7340301,D01,7.25,,,7.4,5.6,,,,,
7850101,A00,7.4,6.25,7.25,,,,,,,
7340115,A00,8.2,7.25,8.25,,,,,,,
7480201,D01,7.8,,,7.2,7.0,,,,,
7340123,D01,6.8,,,8.0,8.0,,,,,
7510202,D01,7.25,,,7.0,5.0,,,,,
7540105,A00,8.6,7.0,6.0,,,,,,,
7510203,A00,7.4,6.25,5.25,,,,,,,
7510202,D01,6.25,,,7.0,4.8,,,,,
7340301,A00,8.6,6.75,7.75,,,,,,,
7340201,A01,8.0,7.0,,8.2,,,,,,
7810201,D01,7.0,,,7.2,6.0,,,,,
7480201,A00,7.75,7.75,7.8,,,,,,,
7340101,D01,8.5,,,7.8,4.4,,,,,
7510401,D07,6.5,,6.4,7.6,,,,,,
7340115,D01,7.75,,,7.6,7.4,,,,,
7480202,D01,7.2,,,6.4,6.5,,,,,
7340129,A00,7.25,7.25,7.0,,,,,,,
7340301,A00,8.0,7.5,6.75,,,,,,,
7540101,A00,8.0,7.25,7.8,,,,,,,
7480202,D01,7.0,,,5.2,5.75,,,,,
7380107,A00,7.0,8.5,7.6,,,,,,,
7540101,B00,7.75,,8.5,,,,6.6,,,
7510301,D01,7.5,,,7.2,6.0,,,,,
7340101,A00,7.8,7.5,8.25,,,,,,,
7420201,B00,7.25,,7.25,,,,6.4,,,
7340101,D01,8.0,,,7.2,6.0,,,,,
7480201,D01,7.8,,,8.8,6.5,,,,,
7510301,D01,6.4,,,8.6,6.0,,,,,
7480201,A00,7.6,7.25,8.5,,,,,,,
7220201,D09,7.75,,,7.2,,6.8,,,,
7340115,D01,7.25,,,7.0,8.2,,,,,
7340301,A00,7.6,7.5,7.5,,,,,,,
7480202,D01,7.8,,,6.4,6.5,,,,,
7540101,D07,7.0,,8.25,8.4,,,,,,
7380107,A00,8.5,7.25,7.0,,,,,,,
7540204,A00,6.25,6.5,7.8,,,,,,,
7480201,D01,7.25,,,6.8,7.8,,,,,
7340122,D01,7.75,,,7.6,7.2,,,,,
7340205,A00,7.5,6.0,5.2,,,,,,,
7340101,A00,7.0,9.0,7.8,,,,,,,
7480201,D07,7.75,,8.0,7.4,,,,,,
7510203,A00,5.6,6.0,6.5,,,,,,,
7340101,A00,8.8,8.25,8.5,,,,,,,
7480201,D01,7.0,,,6.8,7.4,,,,,
7340201,A00,6.75,7.25,7.6,,,,,,,
7340301,D01,6.8,,,8.0,7.5,,,,,
7340115,A00,7.0,7.5,8.0,,,,,,,
7340301,D01,7.8,,,8.2,6.75,,,,,
7220201,D01,6.25,,,7.4,7.8,,,,,
7340101,A00,7.0,6.0,8.2,,,,,,,
7510202,D01,6.25,,,7.2,6.6,,,,,
7340129,D01,7.25,,,6.6,5.0,,,,,
7340101,D01,8.0,,,7.0,7.6,,,,,
7819009,D07,6.5,,6.6,7.6,,,,,,
7220201,D01,8.0,,,9.0,7.25,,,,,
7810201,D01,7.75,,,7.6,6.4,,,,,
7340101,A00,8.0,7.75,7.8,,,,,,,
7540106,B00,5.75,,7.75,,,,8.0,,,
7340101,D01,8.0,,,5.8,7.0,,,,,
7340115,A00,6.25,8.0,8.0,,,,,,,
7380107,D01,7.8,,,6.8,8.0,,,,,
7340120,A00,6.0,7.75,8.2,,,,,,,
7540101,B00,8.0,,7.75,,,,7.8,,,
7540101,A00,6.75,7.25,6.8,,,,,,,
7340101,D01,8.25,,,7.0,5.8,,,,,
7340122,A00,8.5,7.0,7.4,,,,,,,
7540101,A00,7.8,8.0,8.5,,,,,,,
7480201,D01,7.0,,,9.2,7.25,,,,,
7220201,D01,6.5,,,7.0,7.8,,,,,
7510401,A00,7.25,7.75,7.0,,,,,,,
7340115,D01,8.0,,,7.8,6.2,,,,,
7810103,D15,,,,7.5,7.75,,,5.4,,
7510202,D01,6.75,,,6.6,6.2,,,,,
7480201,D01,7.8,,,7.8,7.0,,,,,
7480201,A00,7.5,6.75,7.6,,,,,,,
7510301,A01,5.75,4.2,,5.8,,,,,,
7220204,D01,8.75,,,7.8,6.8,,,,,
7480202,A00,5.75,7.25,6.8,,,,,,,
7480201,D07,8.0,,7.5,9.0,,,,,,
7380107,D01,8.0,,,8.2,5.6,,,,,
7340120,D01,9.25,,,6.8,6.8,,,,,
7340115,D01,7.75,,,7.6,9.2,,,,,
7540101,A00,7.25,7.25,8.0,,,,,,,
7480201,A00,8.25,6.75,8.4,,,,,,,
7340101,D01,8.0,,,7.4,6.8,,,,,
7480201,A00,8.2,7.0,7.75,,,,,,,
7480202,D01,7.75,,,6.8,7.0,,,,,
7540101,B00,8.0,,8.25,,,,8.75,,,
7340123,D01,6.75,,,6.4,5.0,,,,,
7380107,D01,6.8,,,7.0,8.5,,,,,
7510303,D01,7.8,,,7.8,7.75,,,,,
7540101,B00,8.25,,8.0,,,,7.4,,,
7380107,D01,8.0,,,7.4,7.5,,,,,
7540101,A00,6.75,8.25,7.0,,,,,,,
7220204,D09,9.0,,,6.8,,8.0,,,,
7480201,A00,8.2,7.25,8.25,,,,,,,
7480201,D07,7.6,,7.75,8.8,,,,,,
7480202,D01,5.75,,,5.6,7.2,,,,,
7480202,A00,5.25,6.75,7.2,,,,,,,
7510401,B00,4.8,,6.5,,,,5.5,,,
7480201,A01,7.0,6.6,,7.8,,,,,,
7340101,D01,6.5,,,6.4,8.2,,,,,
7540101,A00,7.5,7.25,8.0,,,,,,,
7520115,D01,6.5,,,6.4,5.4,,,,,
7810103,D01,7.0,,,7.4,6.0,,,,,
7510202,D01,5.25,,,6.8,5.0,,,,,
7340120,D01,7.6,,,8.2,8.0,,,,,
7340115,D01,8.25,,,7.4,8.2,,,,,
7510303,D07,6.75,,7.4,7.8,,,,,,
7340101,A00,7.75,8.5,8.0,,,,,,,
7480202,A00,7.0,7.75,8.0,,,,,,,
7480201,D01,7.4,,,9.0,6.0,,,,,
7810103,A00,7.5,8.5,7.4,,,,,,,
7810103,D01,7.2,,,8.2,7.75,,,,,
7380107,A00,5.5,6.75,6.8,,,,,,,
7340120,A00,7.25,8.0,8.4,,,,,,,
7340120,D01,7.5,,,7.2,7.6,,,,,
7380107,D01,8.25,,,7.0,7.6,,,,,
7810201,D01,7.6,,,7.2,7.25,,,,,
7540101,D07,8.25,,7.6,7.4,,,,,,
7480201,A00,6.5,7.75,8.4,,,,,,,
7510301,D01,6.8,,,3.4,6.25,,,,,
7480201,A01,8.0,7.2,,8.4,,,,,,
7810202,D01,7.8,,,7.4,9.25,,,,,
7540101,D07,7.0,,8.4,7.0,,,,,,
7510301,D01,7.4,,,5.2,6.75,,,,,
7510301,A00,7.4,6.0,6.75,,,,,,,
7510401,A00,6.8,5.75,7.75,,,,,,,
7340301,D01,8.0,,,7.0,7.0,,,,,
7510406,A00,6.5,6.0,6.6,,,,,,,
7340115,D01,7.0,,,7.6,7.8,,,,,
7510303,D01,6.5,,,6.4,5.2,,,,,
7480201,A00,6.75,7.0,8.4,,,,,,,
7340129,D01,9.25,,,7.0,6.2,,,,,
7810103,D01,7.5,,,6.8,4.8,,,,,
7340301,D01,7.25,,,7.2,6.6,,,,,
7220201,D01,7.5,,,7.8,8.4,,,,,
7480201,D01,7.5,,,7.6,5.6,,,,,
7340115,A01,9.0,8.6,,7.6,,,,,,
7510303,A00,6.6,5.75,7.75,,,,,,,
7510303,A00,7.4,6.25,7.25,,,,,,,
7420201,A00,8.0,5.5,6.25,,,,,,,
7510301,A00,7.6,4.5,6.5,,,,,,,
7510202,A00,6.0,5.75,7.6,,,,,,,
7220204,D01,7.6,,,7.8,7.75,,,,,
7540101,A00,7.75,8.0,7.2,,,,,,,
7340115,D01,8.25,,,8.4,7.8,,,,,
7340115,A01,7.75,7.8,,7.4,,,,,,
7220201,D01,8.0,,,8.4,7.8,,,,,
7510301,A00,6.8,6.75,7.75,,,,,,,
7810103,A00,7.6,7.0,9.0,,,,,,,
7540101,D07,7.4,,7.75,8.6,,,,,,
7340122,D01,7.75,,,8.2,5.8,,,,,
7220204,D01,7.0,,,8.0,8.25,,,,,
7540101,A00,8.0,7.75,7.0,,,,,,,
7340101,A00,6.75,8.5,8.2,,,,,,,
7420201,A00,6.8,6.5,6.75,,,,,,,
7810103,D01,8.0,,,6.6,7.2,,,,,
7510203,A00,5.75,7.5,6.8,,,,,,,
7510303,D01,5.8,,,5.0,6.75,,,,,
7340201,D01,8.5,,,6.8,5.4,,,,,
7810202,A00,7.8,6.75,7.5,,,,,,,
7340120,D01,7.75,,,8.6,7.0,,,,,
7380107,A00,7.75,7.5,8.0,,,,,,,
7380107,A00,7.4,6.5,8.0,,,,,,,
7480201,A00,7.75,7.75,8.2,,,,,,,
7340115,D01,8.25,,,7.4,6.8,,,,,
7340115,A01,8.0,7.2,,8.2,,,,,,
7850101,D07,6.25,,6.0,7.0,,,,,,
7510203,A00,5.75,7.25,7.2,,,,,,,
7540106,A00,7.0,8.0,6.8,,,,,,,
7540106,A00,7.2,6.5,5.75,,,,,,,
7819009,B00,7.0,,6.0,,,,6.6,,,
7510202,D01,6.25,,,6.4,5.2,,,,,
7420201,B00,7.8,,6.75,,,,7.5,,,
7340120,D01,9.0,,,7.4,6.2,,,,,
7340115,A01,7.25,9.0,,7.6,,,,,,
7340301,A00,7.8,7.75,8.0,,,,,,,
7340101,A00,6.75,7.5,8.0,,,,,,,
7340115,D01,6.75,,,8.4,8.2,,,,,
7540106,A00,6.5,7.25,8.0,,,,,,,
7480201,D07,7.5,,8.6,8.0,,,,,,
7380107,D15,,,,7.0,7.5,,,7.2,,
7340120,A01,7.25,6.4,,8.2,,,,,,
7340201,D01,7.8,,,7.4,7.75,,,,,
7510303,D01,7.0,,,7.2,5.4,,,,,
7540101,D07,7.5,,8.0,7.4,,,,,,
7510301,D01,8.25,,,6.0,4.2,,,,,
7340301,D01,6.5,,,7.6,6.8,,,,,
7340101,D01,8.0,,,7.4,5.2,,,,,
7810202,D15,,,,6.25,7.75,,,8.2,,
7220204,D01,6.8,,,8.6,8.0,,,,,
7480201,D01,7.0,,,7.0,8.25,,,,,
7340129,A00,6.6,6.25,8.25,,,,,,,
7510401,D07,7.2,,7.5,7.0,,,,,,
7340120,D01,8.2,,,8.6,7.75,,,,,
7819010,A00,5.5,8.0,7.4,,,,,,,
7540101,A00,7.25,7.5,8.0,,,,,,,
7540101,A01,7.75,7.6,,7.4,,,,,,
7480201,A00,7.25,7.75,7.0,,,,,,,
7340201,A00,8.0,8.5,7.4,,,,,,,
7819009,A00,6.25,7.0,7.6,,,,,,,
7810202,D01,7.8,,,7.4,7.25,,,,,
7220201,A01,8.0,7.75,,9.0,,,,,,
7340201,A00,8.25,7.5,8.2,,,,,,,
7420201,B00,5.25,,7.25,,,,7.2,,,
7480202,A00,7.6,6.75,7.25,,,,,,,
7340301,A00,8.0,7.25,8.0,,,,,,,
7810202,D01,6.8,,,9.0,7.25,,,,,
7510202,D01,7.0,,,5.8,6.5,,,,,
7810201,A00,7.25,7.25,7.6,,,,,,,
7540101,B00,8.25,,8.25,,,,8.6,,,
7510203,D01,7.25,,,6.6,5.2,,,,,
7510202,A00,5.0,6.5,7.4,,,,,,,
7480201,A00,7.8,7.25,7.0,,,,,,,
7480202,A00,7.4,6.25,8.0,,,,,,,
7340129,D01,8.0,,,6.8,7.4,,,,,
7510301,D01,6.75,,,5.4,3.8,,,,,
7510301,D01,6.75,,,6.4,4.8,,,,,
7380107,A00,7.4,6.75,7.5,,,,,,,
7220204,D01,8.6,,,8.6,7.25,,,,,
7340301,A00,8.25,8.25,7.8,,,,,,,
7380107,D01,7.0,,,8.0,6.6,,,,,
7340201,A00,8.2,6.5,8.25,,,,,,,
7810202,A00,7.75,7.0,6.8,,,,,,,
7810201,D01,6.8,,,8.8,7.0,,,,,
7340101,A00,6.75,7.25,7.6,,,,,,,
7340201,A00,8.0,6.75,7.5,,,,,,,
7510203,D01,5.75,,,6.4,6.0,,,,,
7510303,D01,7.5,,,7.2,6.6,,,,,
7340301,A01,8.2,6.5,,8.4,,,,,,
7510202,D01,7.0,,,7.4,5.8,,,,,
7480202,D07,7.75,,8.0,6.0,,,,,,
7540106,A00,7.6,7.0,7.25,,,,,,,
7380107,A00,6.0,7.75,7.2,,,,,,,
7220204,D01,7.4,,,7.4,7.5,,,,,
7810201,A00,8.0,7.25,7.25,,,,,,,
7460108,D01,6.25,,,5.2,7.4,,,,,
7810103,D01,8.5,,,6.8,6.6,,,,,
7420201,B00,5.5,,6.75,,,,7.0,,,
7380107,D01,7.6,,,8.2,8.0,,,,,
7480201,A00,7.8,7.5,7.75,,,,,,,
7340301,A00,7.8,6.5,8.25,,,,,,,
7480202,A00,6.5,7.0,8.2,,,,,,,
7340115,A00,8.25,8.25,7.2,,,,,,,
7510301,D07,5.5,,7.0,5.6,,,,,,
7340101,A00,8.4,8.25,7.25,,,,,,,
7220201,A01,8.0,8.2,,7.6,,,,,,
7480201,D01,6.5,,,8.0,6.4,,,,,
7480201,A01,8.4,6.5,,9.0,,,,,,
7819010,A00,6.25,5.75,7.4,,,,,,,
7540101,B00,7.0,,7.5,,,,7.0,,,
7510303,D01,5.25,,,6.6,4.4,,,,,
7480201,D01,7.0,,,6.4,8.0,,,,,
7480201,D07,7.8,,7.75,8.4,,,,,,
7340101,A01,8.0,5.2,,7.6,,,,,,
7220201,D01,7.6,,,7.8,8.75,,,,,
7480201,A00,8.25,7.25,8.2,,,,,,,
7510203,A00,7.75,7.75,8.0,,,,,,,
7810201,D01,7.4,,,9.2,7.5,,,,,
7540101,B00,7.25,,6.25,,,,7.6,,,
7810202,D01,7.6,,,7.0,8.5,,,,,
7480201,A00,7.5,7.5,8.2,,,,,,,
7380107,A00,8.0,7.0,6.8,,,,,,,
7340115,D01,7.75,,,8.0,7.0,,,,,
7480201,A00,8.4,6.75,6.75,,,,,,,
7810103,D01,8.25,,,6.8,4.8,,,,,
7340201,A00,7.8,7.0,8.0,,,,,,,
7480202,D01,6.5,,,7.2,6.0,,,,,
7220201,D01,7.4,,,8.4,8.0,,,,,
7480201,D01,7.0,,,9.0,6.0,,,,,
7340101,A00,8.2,7.0,8.5,,,,,,,
7340115,D01,8.25,,,8.6,6.6,,,,,
7340301,D01,7.0,,,7.2,5.8,,,,,
7480201,D01,8.25,,,8.6,7.4,,,,,
7220201,D01,7.4,,,8.2,8.0,,,,,
7510203,D01,8.2,,,8.6,8.5,,,,,
7540101,A01,6.5,8.0,,7.4,,,,,,
7850101,A00,6.6,5.5,5.75,,,,,,,
7340301,D01,8.25,,,6.0,7.2,,,,,
7510303,D01,6.2,,,4.6,6.75,,,,,
7540101,D07,8.5,,9.0,7.6,,,,,,
7340115,D01,8.25,,,7.6,7.4,,,,,
7510203,A00,7.4,8.0,6.25,,,,,,,
7480201,A00,7.25,8.75,7.8,,,,,,,
7540101,D07,8.0,,8.5,7.8,,,,,,
7480201,A00,7.25,7.0,7.6,,,,,,,
7340101,D01,7.25,,,7.6,7.6,,,,,
7340115,D01,8.6,,,9.2,7.0,,,,,
7340115,D01,7.6,,,8.4,8.25,,,,,
7340301,A00,8.2,6.5,8.25,,,,,,,
7510301,D01,6.6,,,8.2,5.5,,,,,
7480201,A01,8.6,6.25,,8.2,,,,,,
7510401,B00,6.75,,6.75,,,,7.2,,,
7340301,A00,6.0,9.0,6.8,,,,,,,
7340120,D01,8.0,,,7.4,6.4,,,,,
7480202,D01,7.75,,,7.4,5.0,,,,,
7540101,A00,7.25,8.75,8.2,,,,,,,
7340301,D01,7.6,,,7.6,8.0,,,,,
7810202,D01,6.8,,,8.0,7.25,,,,,
7480201,D01,7.6,,,9.0,6.0,,,,,
7380107,A00,7.0,7.0,6.8,,,,,,,
7340120,A00,7.5,7.75,8.2,,,,,,,
7510303,A00,6.5,8.0,6.4,,,,,,,
7480202,D01,6.75,,,7.0,7.6,,,,,
7540101,A00,9.25,8.0,8.0,,,,,,,
7540204,A00,6.8,5.75,6.5,,,,,,,
7340201,A00,6.75,6.5,7.2,,,,,,,
7850101,A01,6.0,5.2,,7.8,,,,,,
7480201,D07,8.8,,7.0,8.2,,,,,,
7540106,D07,7.6,,7.5,8.2,,,,,,
7220204,D01,8.75,,,8.2,7.2,,,,,
7340301,A00,7.75,8.5,8.0,,,,,,,
7540101,D07,7.75,,7.4,7.4,,,,,,
7380107,A00,7.8,7.5,7.5,,,,,,,
7540106,A00,7.4,7.5,7.25,,,,,,,
7340101,A00,7.5,7.0,7.8,,,,,,,
7540101,B00,7.0,,6.5,,,,8.0,,,
7510202,A00,6.75,7.0,7.2,,,,,,,
7510202,D01,8.8,,,6.6,6.25,,,,,
7810202,D01,7.8,,,7.2,7.75,,,,,
7340301,A01,7.6,6.75,,8.2,,,,,,
7340115,D01,8.0,,,7.4,8.2,,,,,
7340115,A00,7.5,8.5,8.2,,,,,,,
7510301,A00,6.0,7.5,7.8,,,,,,,
7340201,A01,8.0,6.75,,8.2,,,,,,
7510401,D07,8.0,,7.5,8.8,,,,,,
7220201,D01,8.6,,,7.8,7.25,,,,,
7340301,A01,7.5,8.4,,7.4,,,,,,
7340201,A00,8.0,8.5,7.5,,,,,,,
7850101,A00,5.25,6.75,7.0,,,,,,,
7220201,D01,7.0,,,7.6,7.8,,,,,
7340123,D01,6.5,,,7.0,5.4,,,,,
7380107,D15,,,,8.5,7.0,,,4.0,,
7340120,D01,9.0,,,7.6,6.8,,,,,
7220201,D01,7.6,,,8.6,7.5,,,,,
7480201,A01,6.75,7.0,,7.8,,,,,,
7340201,A00,5.25,7.25,7.8,,,,,,,
7220201,D01,8.25,,,7.6,8.6,,,,,
7340101,D01,8.0,,,7.2,8.0,,,,,
7340120,A00,7.5,6.25,7.6,,,,,,,
7220201,D01,8.0,,,8.8,7.75,,,,,
7810201,A00,7.25,7.5,7.6,,,,,,,
7220201,D01,8.25,,,7.8,7.4,,,,,
7340301,A00,7.6,7.25,7.75,,,,,,,
7510202,A00,7.6,5.5,7.25,,,,,,,
7340115,D01,8.0,,,8.4,8.0,,,,,
7380107,D01,7.25,,,7.6,4.4,,,,,
7380107,A00,7.25,8.0,8.0,,,,,,,
7340129,D01,7.0,,,6.6,5.4,,,,,
7510203,A00,7.6,4.25,4.5,,,,,,,
7850101,A00,6.6,5.5,5.5,,,,,,,
7510303,A00,8.2,5.25,6.5,,,,,,,
7380107,A00,7.4,7.0,6.5,,,,,,,
7380107,D01,7.4,,,9.4,7.25,,,,,
7510202,A00,7.2,6.0,7.25,,,,,,,
7810103,D01,9.0,,,5.4,6.2,,,,,
7480201,A00,8.2,8.0,7.0,,,,,,,
7340301,A00,8.6,6.75,7.75,,,,,,,
7340201,A01,8.4,7.5,,8.8,,,,,,
7340101,A00,8.8,7.25,7.75,,,,,,,
7819010,D07,5.5,,6.2,6.2,,,,,,
7340301,D01,7.8,,,7.2,7.75,,,,,
7510301,D07,8.0,,7.0,8.2,,,,,,
7540101,D07,7.75,,7.6,6.4,,,,,,
7510301,A00,7.4,6.5,6.75,,,,,,,
7340301,A00,8.6,7.0,7.25,,,,,,,
7480201,D01,7.0,,,7.2,7.0,,,,,
7810103,D01,8.0,,,7.2,7.8,,,,,
7340122,D01,9.25,,,7.2,5.8,,,,,
7510203,A00,7.6,7.75,8.25,,,,,,,
7540101,B00,7.5,,7.0,,,,6.6,,,
7220201,D01,8.0,,,8.8,7.75,,,,,
7510301,A00,7.8,5.75,5.25,,,,,,,
7480202,D01,8.5,,,7.8,5.8,,,,,
7480201,D01,7.8,,,7.8,6.75,,,,,
7340123,A00,7.0,7.0,8.0,,,,,,,
7480201,D01,7.75,,,7.4,6.2,,,,,
7480202,A00,7.8,6.0,5.5,,,,,,,
7540204,D01,7.0,,,6.0,7.75,,,,,
7340101,A01,7.75,7.6,,8.0,,,,,,
7340129,D01,8.0,,,6.2,5.0,,,,,
7819009,A00,5.5,6.25,7.0,,,,,,,
7220204,D01,7.0,,,8.0,8.0,,,,,
7480201,A00,8.4,8.0,7.25,,,,,,,
7420201,A00,7.25,7.5,7.0,,,,,,,
7480201,A00,7.5,8.25,7.0,,,,,,,
7510301,A00,6.5,7.0,7.6,,,,,,,
7480201,A00,7.0,7.5,8.8,,,,,,,
7810103,A00,8.5,6.25,7.6,,,,,,,
7340120,A00,7.75,8.0,7.8,,,,,,,
7340101,A00,7.25,7.0,7.4,,,,,,,
7480201,A01,7.5,8.0,,8.0,,,,,,
7340129,D01,7.75,,,6.2,4.6,,,,,
7340201,A00,6.75,6.5,7.6,,,,,,,
7340201,D01,8.25,,,7.2,5.8,,,,,
7340101,D01,7.75,,,7.0,7.2,,,,,
7460108,A00,7.0,7.0,5.2,,,,,,,
7540101,D07,8.8,,7.75,9.0,,,,,,
7540204,A00,5.75,6.5,7.0,,,,,,,
7340122,D01,8.25,,,7.4,6.4,,,,,
7510303,A00,7.8,7.25,6.25,,,,,,,
7480201,D01,7.5,,,8.6,7.4,,,,,
7540101,B00,7.25,,7.5,,,,6.0,,,
7340123,A00,5.0,6.5,6.8,,,,,,,
7480201,A00,8.0,7.0,7.4,,,,,,,
7340101,A00,7.25,7.0,7.6,,,,,,,
7340120,A01,7.5,8.0,,8.0,,,,,,
7510301,D01,6.25,,,7.8,6.2,,,,,
7220201,D01,7.25,,,7.0,7.4,,,,,
7480202,D07,8.0,,7.2,7.8,,,,,,
7480201,D01,8.0,,,8.0,8.2,,,,,
7340120,A01,8.4,7.25,,8.0,,,,,,
7540106,D07,7.8,,6.5,8.0,,,,,,
7510401,D07,6.25,,6.0,6.4,,,,,,
7810201,D01,7.75,,,6.8,6.2,,,,,
7510303,A00,7.5,7.5,7.8,,,,,,,
7340101,A01,8.5,7.2,,7.2,,,,,,
7810201,D01,6.5,,,6.6,5.2,,,,,
7340129,D01,6.25,,,5.2,6.6,,,,,
7510303,A00,8.0,7.5,7.2,,,,,,,
7340301,D01,7.8,,,6.8,8.5,,,,,
7340115,D01,8.5,,,6.6,8.2,,,,,
7480201,D07,7.25,,8.0,6.6,,,,,,
7220204,D01,8.0,,,7.8,9.0,,,,,
7540106,A00,7.4,6.25,7.5,,,,,,,
7340201,A00,8.0,7.25,8.5,,,,,,,
7380107,A00,8.4,7.0,7.5,,,,,,,
7480201,D07,7.0,,7.0,7.2,,,,,,
7420201,B00,6.8,,6.25,,,,4.75,,,
7340205,A00,7.0,7.5,7.6,,,,,,,
7480201,D01,8.5,,,7.2,8.4,,,,,
7340201,D01,7.75,,,8.2,6.0,,,,,
7340115,D01,8.25,,,7.4,7.8,,,,,
7819010,A01,6.25,8.6,,5.6,,,,,,
7420201,B00,7.2,,8.0,,,,6.75,,,
7220201,D01,7.5,,,6.6,7.0,,,,,
7340101,A00,8.4,7.25,8.0,,,,,,,
7340123,A00,6.5,6.75,7.4,,,,,,,
7480201,D07,7.8,,8.25,7.8,,,,,,
7480201,D07,7.0,,8.4,8.4,,,,,,
7480201,A00,7.75,7.0,7.2,,,,,,,
7540105,B00,7.6,,4.5,,,,6.25,,,
7510301,A00,7.2,7.0,7.0,,,,,,,
7340301,A00,6.0,7.75,7.4,,,,,,,
7520115,D01,7.75,,,5.8,3.0,,,,,
7380107,A00,6.25,7.75,7.2,,,,,,,
7380107,D01,8.0,,,6.0,7.5,,,,,
7340201,D01,7.8,,,8.2,8.0,,,,,
7340123,A00,7.25,6.0,7.6,,,,,,,
7540105,B00,6.0,,5.25,,,,6.0,,,
7510303,A00,5.75,6.0,7.0,,,,,,,
7340101,A01,7.25,7.8,,7.2,,,,,,
7510202,A00,7.0,7.25,6.6,,,,,,,
7480201,A00,8.0,7.75,8.6,,,,,,,
7480202,D01,6.6,,,4.6,6.25,,,,,
7510301,A00,8.0,6.0,6.0,,,,,,,
7510303,D01,7.0,,,5.6,6.5,,,,,
7340129,A00,6.25,6.5,7.2,,,,,,,
7540204,A00,7.8,7.75,7.0,,,,,,,
7220201,A01,7.0,7.4,,8.2,,,,,,
7510203,D07,7.0,,7.8,7.4,,,,,,
7510203,A00,7.75,8.5,8.4,,,,,,,
7480201,A01,7.4,6.75,,9.4,,,,,,
7810202,D01,8.2,,,6.4,7.75,,,,,
7480201,D01,6.75,,,6.8,8.6,,,,,
7510203,D01,6.5,,,6.0,3.6,,,,,
7480201,A00,6.25,8.5,6.8,,,,,,,
7480202,D01,6.6,,,7.0,6.25,,,,,
7340129,A00,7.25,7.25,8.0,,,,,,,
7819009,A00,6.5,8.0,7.2,,,,,,,
7480201,A00,7.8,7.5,7.75,,,,,,,
7510301,A01,7.5,5.6,,8.0,,,,,,
7480201,D01,7.8,,,7.0,7.5,,,,,
7480201,D01,7.8,,,7.6,7.75,,,,,
7510301,D07,6.0,,7.2,3.6,,,,,,
7420201,B00,5.0,,6.25,,,,5.8,,,
7340115,D01,7.25,,,7.8,9.4,,,,,
7540101,A01,9.0,7.75,,8.4,,,,,,
7510303,A01,7.75,7.4,,8.2,,,,,,
7510401,A00,7.5,7.25,6.8,,,,,,,
7480201,A01,8.4,6.75,,7.4,,,,,,
7510203,D01,7.0,,,5.0,5.75,,,,,
7540101,A00,7.5,9.0,8.8,,,,,,,
7380107,D15,,,,6.75,7.5,,,4.4,,
7520115,D01,6.75,,,7.0,5.8,,,,,
7810201,D01,7.0,,,6.4,5.2,,,,,
7510203,A01,7.8,7.25,,8.4,,,,,,
7810202,D01,7.5,,,8.2,7.2,,,,,
7340205,D01,6.75,,,7.0,7.6,,,,,
7340201,D01,6.5,,,7.2,7.0,,,,,
7340120,A01,7.75,7.4,,8.4,,,,,,
7340115,A01,8.2,7.5,,7.8,,,,,,
7220201,D01,7.8,,,8.6,7.75,,,,,
7850101,A00,5.8,3.75,7.25,,,,,,,
7380107,D15,,,,8.75,7.0,,,6.0,,
7510301,A00,7.2,5.25,7.0,,,,,,,
7340201,A01,8.2,7.0,,8.4,,,,,,
7380107,A00,8.2,7.0,8.25,,,,,,,
7810103,A00,7.75,7.0,7.6,,,,,,,
7510401,B00,7.25,,6.5,,,,6.4,,,
7340101,A00,7.75,8.0,7.8,,,,,,,
7380107,D01,8.0,,,6.4,7.6,,,,,
7220201,D01,8.75,,,7.6,7.0,,,,,
7340301,D01,8.0,,,7.6,7.25,,,,,
7540106,A00,7.0,7.0,7.8,,,,,,,
7510203,A00,7.75,7.0,7.4,,,,,,,
7340122,A01,6.75,7.8,,8.6,,,,,,
7480202,D01,6.5,,,7.2,6.0,,,,,
7510301,D01,5.2,,,6.2,5.75,,,,,
7340301,A00,8.0,7.0,8.25,,,,,,,
7340101,D01,7.8,,,7.6,8.0,,,,,
7340201,D01,7.6,,,8.0,7.25,,,,,
7520115,D01,5.25,,,5.6,5.0,,,,,
7480201,D01,7.6,,,7.2,8.0,,,,,
7340122,A00,6.75,7.75,7.4,,,,,,,
7480202,A01,6.5,7.2,,5.2,,,,,,
7220201,D01,8.5,,,6.8,7.0,,,,,
7340120,D01,7.75,,,6.8,7.4,,,,,
7340101,D01,7.8,,,7.4,8.5,,,,,
7510303,D01,6.6,,,7.6,8.0,,,,,
7540106,A00,6.25,5.75,6.4,,,,,,,
7810202,D01,7.5,,,6.8,6.6,,,,,
7480201,D01,6.75,,,8.0,8.2,,,,,
7510401,A00,7.0,5.5,6.75,,,,,,,
7340120,D01,7.2,,,8.8,7.5,,,,,
7340101,A01,8.8,7.0,,8.6,,,,,,
7380107,A00,6.0,7.0,7.6,,,,,,,
7340101,A00,8.0,8.25,8.5,,,,,,,
7340301,A00,8.25,7.5,7.0,,,,,,,
7510202,A00,7.0,5.5,6.5,,,,,,,
7540105,B00,6.75,,6.25,,,,7.2,,,
7510303,A00,6.6,4.25,6.75,,,,,,,
7340201,A01,7.75,7.8,,6.6,,,,,,
7480201,D07,7.25,,6.6,7.0,,,,,,
7340129,D01,8.75,,,5.8,5.4,,,,,
7540105,A00,6.25,6.25,6.4,,,,,,,
7340120,A00,7.5,6.75,7.6,,,,,,,
7340205,D01,7.0,,,8.0,5.4,,,,,
7540101,A00,8.25,8.0,8.0,,,,,,,
7340205,A01,7.0,7.0,,6.0,,,,,,
7810201,D15,,,,7.5,5.5,,,5.4,,
7810201,D01,7.2,,,8.8,7.25,,,,,
7340201,A00,8.0,6.5,7.75,,,,,,,
7380107,A00,7.0,8.0,6.4,,,,,,,
7810202,D15,,,,7.75,8.5,,,4.4,,
7340120,A00,8.8,7.75,7.25,,,,,,,
7340120,A00,6.75,7.25,8.4,,,,,,,
7480201,D07,8.0,,8.0,7.2,,,,,,
7220204,D01,7.6,,,9.0,6.75,,,,,
7810201,D01,7.25,,,5.6,6.0,,,,,
7510202,A01,6.0,6.0,,5.8,,,,,,
7420201,A00,7.4,6.75,6.75,,,,,,,
7810202,A01,8.0,6.5,,8.2,,,,,,
7510203,A00,8.2,6.0,7.25,,,,,,,
7819009,A01,5.5,4.8,,6.4,,,,,,
7540101,D07,8.0,,7.75,8.8,,,,,,
7420201,D07,6.75,,7.6,6.8,,,,,,
7540106,D07,7.0,,8.0,6.4,,,,,,
7340201,D01,7.2,,,6.4,8.5,,,,,
7480201,A01,7.25,8.0,,6.8,,,,,,
7420201,B00,7.4,,6.25,,,,6.25,,,
7510202,D01,6.25,,,6.2,4.0,,,,,
7380107,D01,7.5,,,7.0,4.4,,,,,
7340201,A00,7.0,6.75,7.4,,,,,,,
7340120,A01,8.0,6.75,,8.6,,,,,,
7340115,A00,7.5,8.75,8.0,,,,,,,
7480201,A01,8.0,8.25,,8.0,,,,,,
7510301,A00,7.8,5.0,4.0,,,,,,,
7819009,B00,7.0,,7.25,,,,7.0,,,
7340115,A00,8.5,7.0,7.8,,,,,,,
7480202,D01,6.6,,,4.4,6.0,,,,,
7540106,A00,7.2,6.5,7.5,,,,,,,
7340129,A00,7.8,6.0,7.75,,,,,,,
7340115,D01,9.0,,,8.0,8.4,,,,,
7510301,D01,7.0,,,7.6,7.0,,,,,
7510203,A00,6.5,7.5,7.4,,,,,,,
7220204,A01,7.8,7.75,,7.2,,,,,,
7380107,A00,6.5,6.5,7.0,,,,,,,
7510203,D01,6.0,,,7.8,6.25,,,,,
7850101,A00,6.0,6.25,5.5,,,,,,,
7340201,D01,8.2,,,7.6,6.5,,,,,
7420201,B00,7.0,,6.0,,,,6.25,,,
7340101,D01,7.0,,,8.4,7.6,,,,,
7510203,A00,5.8,6.5,7.25,,,,,,,
7380107,A00,7.8,6.75,7.75,,,,,,,
7380107,D15,,,,7.75,6.5,,,5.0,,
7810201,D01,7.8,,,8.8,7.25,,,,,
7340115,D01,8.5,,,7.4,8.2,,,,,
7340122,D01,7.25,,,7.6,7.4,,,,,
7220201,A01,8.0,8.0,,9.0,,,,,,
7480201,D07,6.5,,7.4,7.0,,,,,,
7810201,D01,7.5,,,7.0,6.2,,,,,
7380107,D01,7.5,,,7.2,7.8,,,,,
7510203,D07,5.5,,4.8,6.4,,,,,,
7220201,A01,9.0,7.75,,7.6,,,,,,
7480201,D01,7.4,,,9.0,7.25,,,,,
7220201,D01,7.0,,,6.8,7.8,,,,,
7480202,A00,7.25,7.25,8.2,,,,,,,
7380107,D15,,,,7.75,6.75,,,6.8,,
7819009,B00,7.5,,6.5,,,,7.0,,,
7510203,D01,8.5,,,7.2,4.6,,,,,
7340115,A01,7.8,8.75,,8.0,,,,,,
7340101,A00,8.4,6.5,8.25,,,,,,,
7510303,D01,6.0,,,7.4,6.8,,,,,
7340301,A00,7.0,7.75,8.4,,,,,,,
7340120,A00,8.4,7.0,8.0,,,,,,,
7380107,A00,6.0,7.75,7.0,,,,,,,
7480201,A00,8.6,7.5,8.0,,,,,,,
7850101,A00,7.8,6.75,6.75,,,,,,,
7340120,D01,8.0,,,7.4,8.0,,,,,
7420201,B00,6.5,,7.25,,,,8.6,,,
7510303,D07,7.25,,8.2,7.6,,,,,,
7810103,D01,5.5,,,8.0,5.6,,,,,
7220201,D09,8.25,,,7.4,,7.6,,,,
7380107,D01,6.5,,,6.6,6.6,,,,,
7540101,B00,7.5,,5.75,,,,8.2,,,
7220201,D01,8.25,,,7.8,7.2,,,,,
7810103,A00,6.25,7.0,6.4,,,,,,,
7340301,A01,8.2,7.0,,8.2,,,,,,
7510301,A00,8.0,6.0,6.5,,,,,,,
7340115,D01,8.0,,,8.4,7.4,,,,,
7380107,A00,6.5,7.25,7.8,,,,,,,
7510203,A00,6.8,4.25,6.0,,,,,,,
7510303,A00,7.25,6.75,7.4,,,,,,,
7220201,D01,7.6,,,9.2,7.25,,,,,
7540101,B00,7.6,,7.75,,,,8.5,,,
7810202,A00,8.4,8.0,6.75,,,,,,,
7340201,A00,7.6,7.0,7.75,,,,,,,
7340201,D01,8.0,,,7.2,7.75,,,,,
7220204,D01,7.5,,,8.2,6.8,,,,,
7819009,A01,7.5,7.2,,7.2,,,,,,
7480202,A00,6.6,6.5,7.0,,,,,,,
7340301,D01,7.75,,,7.2,6.2,,,,,
7340129,D01,7.25,,,7.8,8.0,,,,,
7480202,A00,5.75,7.25,7.0,,,,,,,
7480201,D07,8.4,,7.5,6.2,,,,,,
7340101,A00,7.75,8.5,8.2,,,,,,,
7520115,D01,7.25,,,7.4,4.2,,,,,
7510303,A00,7.2,7.0,6.5,,,,,,,
7540105,A00,7.2,4.5,6.0,,,,,,,
7220204,D01,7.75,,,7.6,6.0,,,,,
7340201,A00,7.6,7.25,8.0,,,,,,,
7510401,A00,7.75,6.75,7.8,,,,,,,
7540204,D01,7.0,,,5.8,8.25,,,,,
7480201,D07,8.0,,7.75,7.0,,,,,,
7340201,A01,7.2,7.25,,9.0,,,,,,
7340301,D01,7.8,,,8.0,6.5,,,,,
7340120,A01,7.5,8.0,,7.0,,,,,,
7480202,D07,7.75,,7.2,6.8,,,,,,
7340201,A00,8.0,7.75,8.2,,,,,,,
7340101,D01,7.0,,,6.4,7.8,,,,,
7340101,A00,7.5,7.75,8.4,,,,,,,
7810201,D15,,,,6.0,7.25,,,5.4,,
7340201,A00,8.8,7.0,8.25,,,,,,,
7380107,D01,8.0,,,7.2,7.5,,,,,
7420201,B00,5.75,,7.75,,,,7.4,,,
7340101,A00,7.5,7.75,8.2,,,,,,,
7220204,D01,7.4,,,8.2,8.5,,,,,
7480201,A00,7.5,6.75,7.8,,,,,,,
7340115,A01,8.25,7.2,,7.8,,,,,,
7340201,A00,7.8,7.25,7.5,,,,,,,
7510303,D01,6.5,,,7.6,5.8,,,,,
7480201,D07,7.25,,6.6,7.8,,,,,,
7340101,D01,7.25,,,6.8,8.6,,,,,
7540101,A01,6.5,6.8,,7.8,,,,,,
7220201,D01,8.75,,,6.2,7.6,,,,,
7480201,A00,7.5,8.25,8.4,,,,,,,
7340201,D01,7.25,,,7.4,7.0,,,,,
7540101,D07,7.75,,7.4,7.6,,,,,,
7510301,D01,7.4,,,5.2,6.25,,,,,
7480201,D07,7.75,,6.8,7.4,,,,,,
7220201,D01,7.5,,,8.0,8.2,,,,,
7340115,D01,8.5,,,7.8,7.6,,,,,
7340101,A00,8.6,7.0,8.25,,,,,,,
7380107,D15,,,,7.0,7.5,,,7.0,,
7540101,D07,8.5,,8.2,8.0,,,,,,
7510401,A00,7.2,7.0,7.0,,,,,,,
7340129,D01,6.8,,,7.0,6.75,,,,,
7340101,A00,7.75,8.25,7.2,,,,,,,
7540101,A01,6.75,7.0,,7.2,,,,,,
7340115,A00,7.75,8.75,8.8,,,,,,,
7340120,A00,8.0,7.5,7.6,,,,,,,
7340301,A00,8.0,7.0,7.5,,,,,,,
7340120,A00,8.5,7.75,8.2,,,,,,,
7810103,D01,7.6,,,6.0,9.25,,,,,
7480201,A00,7.25,8.0,6.6,,,,,,,
7340120,A01,8.75,7.6,,7.8,,,,,,
7220204,D01,8.25,,,7.2,6.6,,,,,
7810202,A01,7.75,7.6,,6.2,,,,,,
7340301,D01,7.75,,,7.2,4.8,,,,,
7510303,A00,8.0,7.5,7.4,,,,,,,
7340101,A00,6.75,8.25,7.8,,,,,,,
7340201,A00,7.8,7.25,7.0,,,,,,,
7220204,D01,8.25,,,7.4,7.6,,,,,
7380107,D01,8.5,,,6.8,6.8,,,,,
7540101,B00,7.75,,8.0,,,,6.0,,,
7480201,A00,7.8,7.5,6.75,,,,,,,
7510203,D01,7.6,,,7.6,6.75,,,,,
7510203,A01,7.4,5.75,,7.0,,,,,,
7510303,D01,7.25,,,5.8,5.4,,,,,
7340201,A00,6.75,6.75,6.8,,,,,,,
7460108,D01,7.5,,,6.8,8.8,,,,,
7340120,A00,7.8,7.75,8.25,,,,,,,
7480202,A00,5.75,5.5,5.2,,,,,,,
7480202,A01,6.4,5.5,,7.6,,,,,,
7480201,D07,8.5,,7.6,7.8,,,,,,
7460108,A01,7.5,7.2,,6.6,,,,,,
7420201,D07,6.75,,7.4,8.2,,,,,,
7340301,A00,6.0,7.5,7.4,,,,,,,
7480201,D01,8.75,,,6.2,6.6,,,,,
7340115,D01,6.25,,,8.2,8.0,,,,,
7340115,A00,6.75,7.5,7.8,,,,,,,
7540101,D07,7.0,,8.4,7.6,,,,,,
7340101,D01,8.75,,,7.6,7.0,,,,,
7510401,A00,7.0,7.5,6.75,,,,,,,
7340101,D01,7.8,,,8.6,7.5,,,,,
7510402,A00,7.25,6.25,7.8,,,,,,,
7540101,A01,7.5,8.6,,7.6,,,,,,
7480201,D01,7.8,,,6.8,7.5,,,,,
7510303,D01,7.75,,,5.8,4.8,,,,,
7220201,D01,6.0,,,7.0,7.8,,,,,
7810201,D01,6.8,,,8.4,7.5,,,,,
7340115,A00,7.75,8.25,8.0,,,,,,,
7480201,D07,7.5,,7.8,8.0,,,,,,
7510203,D01,7.8,,,4.8,7.25,,,,,
7540101,A00,6.75,7.0,8.0,,,,,,,
7810201,D15,,,,7.5,6.25,,,4.8,,
7510303,D07,5.5,,6.4,4.8,,,,,,
7480202,D01,5.75,,,8.2,8.8,,,,,
7420201,B00,7.4,,7.25,,,,5.75,,,
7340129,A00,7.6,7.25,8.0,,,,,,,
7420201,D07,7.0,,8.4,5.6,,,,,,
7220201,D01,7.2,,,8.0,7.75,,,,,
7510303,A00,7.0,7.25,7.0,,,,,,,
7340120,A00,8.6,7.75,8.25,,,,,,,
7540101,A00,8.2,7.25,8.75,,,,,,,
7540106,B00,7.8,,7.25,,,,6.75,,,
7340301,A01,7.5,8.6,,7.8,,,,,,
7340201,D01,8.0,,,6.6,5.8,,,,,
7340301,A00,7.5,8.5,7.6,,,,,,,
7340120,A00,8.0,8.0,7.75,,,,,,,
7380107,D01,8.0,,,7.8,8.5,,,,,
7480201,A00,8.2,7.25,8.0,,,,,,,
7220201,A01,8.0,7.0,,8.6,,,,,,
7480201,D01,7.6,,,6.6,8.5,,,,,
7510203,A00,7.5,6.75,7.6,,,,,,,
7510301,A00,7.2,5.0,7.0,,,,,,,
7520115,D01,7.6,,,5.8,6.75,,,,,
7540101,B00,9.0,,7.25,,,,8.5,,,
7340101,A01,8.6,6.25,,9.4,,,,,,
7480201,D07,8.0,,8.25,7.6,,,,,,
7540101,A00,6.5,8.0,6.8,,,,,,,
7380107,D01,7.2,,,5.8,8.0,,,,,
7340115,A00,7.25,8.25,8.4,,,,,,,
7340201,A00,7.25,7.0,8.2,,,,,,,
7510303,A00,6.0,6.25,7.6,,,,,,,
7510301,A01,6.8,6.25,,7.6,,,,,,
7510301,D01,6.5,,,6.4,5.2,,,,,
7340201,D01,7.6,,,7.2,7.5,,,,,
7510303,A00,7.8,6.0,6.5,,,,,,,
7220204,D01,8.25,,,7.4,6.8,,,,,
7540101,D07,8.8,,7.5,8.0,,,,,,
7340115,D01,7.75,,,7.4,7.8,,,,,
7510401,B00,7.5,,7.5,,,,7.4,,,
7510202,D01,6.25,,,7.0,6.4,,,,,
7510202,D07,7.25,,6.4,7.4,,,,,,
7510401,A00,6.75,6.5,8.0,,,,,,,
7510303,A01,7.5,7.8,,7.2,,,,,,
7220201,D01,8.0,,,7.8,7.4,,,,,
7510202,D01,7.2,,,5.2,6.25,,,,,
7480202,A00,6.75,8.0,7.8,,,,,,,
7340120,D01,7.0,,,7.8,6.4,,,,,
7480201,A00,7.75,8.0,9.0,,,,,,,
7340129,D01,7.75,,,7.6,6.4,,,,,
7340101,D01,8.5,,,7.2,5.2,,,,,
7510401,D07,7.0,,7.0,7.6,,,,,,
7340101,A00,7.25,7.0,7.6,,,,,,,
7380107,D15,,,,8.25,7.0,,,5.8,,
7480201,D01,7.6,,,7.4,8.25,,,,,
7510401,A00,7.6,7.0,8.0,,,,,,,
7810103,D01,7.5,,,7.8,7.6,,,,,
7540101,D07,6.5,,8.8,7.0,,,,,,
7340122,A00,7.25,8.25,7.4,,,,,,,
7510301,A00,6.4,4.25,6.5,,,,,,,
7340201,A00,7.25,8.25,7.0,,,,,,,
7380107,D01,5.75,,,8.0,5.8,,,,,
7480201,D01,7.6,,,7.4,7.5,,,,,
7340101,A00,8.4,7.0,8.75,,,,,,,
7340201,A01,8.0,7.2,,7.6,,,,,,
7540101,D07,8.0,,7.75,8.4,,,,,,
7340115,A00,7.75,8.0,8.2,,,,,,,
7480201,A00,8.0,6.75,7.75,,,,,,,
7340101,A01,7.5,7.8,,7.4,,,,,,
7480201,D01,7.0,,,6.0,8.2,,,,,
7460108,D01,7.75,,,5.6,7.4,,,,,
7220201,A01,7.8,7.75,,8.8,,,,,,
7510202,A00,8.2,5.5,6.5,,,,,,,
7380107,D01,6.75,,,7.4,6.2,,,,,
7340101,A00,7.0,7.5,6.4,,,,,,,
7340101,A00,8.6,8.0,7.0,,,,,,,
7510401,B00,7.0,,8.0,,,,6.75,,,
7480202,A00,6.25,6.25,6.4,,,,,,,
7380107,D01,7.25,,,7.2,6.2,,,,,
7340301,D01,7.6,,,9.0,6.25,,,,,
7340101,D01,6.75,,,7.8,6.6,,,,,
7340201,A00,6.25,7.25,7.2,,,,,,,
7340301,A00,7.75,8.0,7.8,,,,,,,
7340301,D01,7.4,,,7.8,7.5,,,,,
7220201,A01,8.2,6.75,,9.2,,,,,,
7810202,D01,7.75,,,7.2,4.6,,,,,
7850101,A00,7.2,7.0,7.0,,,,,,,
7480202,D01,7.0,,,6.0,6.6,,,,,
7220201,D01,7.5,,,6.8,7.0,,,,,
7540101,A00,7.8,7.75,8.0,,,,,,,
7340201,D01,7.5,,,7.2,7.0,,,,,
7380107,D01,7.5,,,7.8,7.2,,,,,
7340301,A00,8.0,7.0,7.2,,,,,,,
7340101,A00,8.2,8.25,7.75,,,,,,,
7480201,A00,7.5,7.0,8.6,,,,,,,
7380107,A00,7.5,8.25,7.4,,,,,,,
7540106,A00,7.4,6.0,7.5,,,,,,,
7510202,A00,6.25,5.0,7.4,,,,,,,
7510303,D01,6.6,,,6.6,5.75,,,,,
7540101,D07,7.25,,8.6,6.2,,,,,,
7340120,A00,7.4,7.75,8.25,,,,,,,
7340101,A01,8.0,7.4,,8.0,,,,,,
7340120,A00,7.5,8.0,7.8,,,,,,,
7340120,D01,7.2,,,8.4,8.0,,,,,
7540101,D07,9.4,,8.25,9.4,,,,,,
7340301,A00,8.2,6.75,8.0,,,,,,,
7810202,A01,8.6,7.75,,7.6,,,,,,
7340120,A01,7.75,8.4,,7.6,,,,,,
7380107,D01,9.0,,,6.6,5.8,,,,,
7480201,A01,6.5,8.4,,8.0,,,,,,
7480201,A00,7.75,7.75,7.4,,,,,,,
7340201,A00,8.6,7.25,7.75,,,,,,,
7510303,A01,7.5,7.8,,7.8,,,,,,
7340122,D01,8.5,,,9.0,5.0,,,,,
7510301,D01,7.4,,,4.8,8.5,,,,,
7540101,A00,7.0,7.5,7.6,,,,,,,
7460108,D01,6.5,,,6.6,5.6,,,,,
7340115,D01,8.25,,,7.2,6.4,,,,,
7340101,A00,7.25,7.5,7.6,,,,,,,
7340205,A00,6.75,6.0,6.8,,,,,,,
7340201,A00,8.2,6.25,8.0,,,,,,,
7340301,D01,8.25,,,8.2,5.6,,,,,
7540105,B00,7.25,,7.0,,,,7.0,,,
7460108,D01,7.5,,,7.4,7.8,,,,,
7540101,D07,7.0,,7.8,8.6,,,,,,
7220201,D01,7.75,,,7.8,7.8,,,,,
7510303,D01,7.0,,,5.0,6.0,,,,,
7510303,D01,8.0,,,6.0,5.0,,,,,
7810103,D15,,,,7.5,7.0,,,6.0,,
7340120,D01,8.0,,,7.6,5.8,,,,,
7510401,B00,8.6,,8.0,,,,7.25,,,
7480202,D01,8.0,,,7.2,6.2,,,,,
7420201,B00,7.0,,7.25,,,,7.2,,,
7340120,A01,8.75,8.4,,7.6,,,,,,
7340129,D01,7.2,,,7.4,7.75,,,,,
7340301,D01,7.5,,,7.8,6.0,,,,,
7540101,A00,8.0,7.5,8.0,,,,,,,
7480201,D01,7.6,,,9.0,6.5,,,,,
7480201,A00,7.25,6.5,7.4,,,,,,,
7340129,D01,6.8,,,5.8,7.0,,,,,
7480202,D01,8.5,,,7.4,7.2,,,,,
7510203,A00,7.0,4.5,6.25,,,,,,,
7340201,A00,8.2,6.75,7.25,,,,,,,
7460108,D01,6.0,,,5.4,5.8,,,,,
7340101,A00,7.25,7.25,8.4,,,,,,,
7220201,D01,7.5,,,6.4,8.2,,,,,
7340129,D01,7.8,,,7.0,7.5,,,,,
7510301,A00,8.25,6.25,7.6,,,,,,,
7510203,A01,5.0,7.8,,5.2,,,,,,
7810201,D01,7.25,,,8.2,8.4,,,,,
7340201,D01,8.0,,,6.6,8.0,,,,,
7480201,D07,7.0,,7.2,7.4,,,,,,
7340120,D01,7.5,,,7.6,6.2,,,,,
7340301,A01,7.4,7.5,,8.8,,,,,,
7819009,A00,5.75,7.75,5.4,,,,,,,
7810103,D01,8.5,,,6.8,7.2,,,,,
7220204,D01,7.75,,,7.2,6.8,,,,,
7540101,A00,6.5,7.5,7.2,,,,,,,
7480201,D01,5.75,,,8.0,9.6,,,,,
7850101,A00,7.6,4.75,6.0,,,,,,,
7480201,D07,8.6,,8.0,6.8,,,,,,
7540101,A01,8.0,7.75,,7.6,,,,,,
7480201,A00,8.6,6.75,8.5,,,,,,,
7480201,D01,7.8,,,7.8,6.75,,,,,
7480201,A00,8.4,6.5,7.5,,,,,,,
7340301,D01,7.4,,,7.8,7.5,,,,,
7340120,D01,8.5,,,7.6,7.6,,,,,
7480201,A00,8.4,7.25,7.25,,,,,,,
7510203,D01,5.2,,,6.6,6.75,,,,,
7510303,A01,7.25,7.2,,8.2,,,,,,
7340115,A01,7.25,8.2,,8.0,,,,,,
7510303,A00,5.75,5.5,7.4,,,,,,,
7340120,D01,8.0,,,8.2,7.75,,,,,
7510203,A00,8.0,5.75,6.75,,,,,,,
7480202,A00,8.0,7.75,6.25,,,,,,,
7510303,D01,7.25,,,7.0,4.4,,,,,
7480201,A01,8.0,8.6,,7.2,,,,,,
7220204,A01,8.6,7.5,,7.8,,,,,,
7340101,A00,5.75,7.5,8.6,,,,,,,
7340115,D01,8.25,,,7.6,7.4,,,,,
7480201,D07,7.6,,7.75,8.0,,,,,,
7340115,A00,7.75,8.0,8.2,,,,,,,
7810201,D01,7.4,,,9.0,7.75,,,,,
7460108,D01,7.75,,,7.2,5.0,,,,,
7540101,D07,7.75,,7.2,7.6,,,,,,
7340301,A00,7.25,7.5,7.6,,,,,,,
7480201,D01,9.25,,,7.8,5.4,,,,,
7810202,D01,6.6,,,8.6,7.75,,,,,
7810202,D01,8.0,,,7.2,7.2,,,,,
7340115,D01,7.75,,,7.2,8.0,,,,,
7340120,D01,8.0,,,7.8,7.6,,,,,
7850101,A00,7.0,6.0,6.0,,,,,,,
7340301,A00,8.25,8.0,8.2,,,,,,,
7460108,A00,7.25,7.25,7.8,,,,,,,
7810201,D01,7.5,,,6.6,5.8,,,,,
7510301,D01,6.25,,,7.2,8.4,,,,,
7340120,D01,7.4,,,9.4,6.25,,,,,
7340115,A01,7.5,7.2,,7.6,,,,,,
7480201,D01,7.25,,,8.2,8.0,,,,,
7340129,D01,7.2,,,8.0,8.0,,,,,
7340123,A00,5.75,6.25,6.6,,,,,,,
7540101,B00,7.8,,8.25,,,,8.25,,,
7520115,A00,6.0,7.25,7.0,,,,,,,
7340115,D01,6.75,,,7.2,9.4,,,,,
7510303,A00,7.6,6.25,6.5,,,,,,,
7540105,A00,6.0,8.25,7.6,,,,,,,
7340120,A00,8.4,7.75,8.0,,,,,,,
7510301,A00,7.6,6.5,7.75,,,,,,,
7340201,D01,8.0,,,7.6,5.0,,,,,
7510401,B00,8.0,,6.75,,,,8.0,,,
7480202,A00,7.8,5.5,8.25,,,,,,,
7480202,A01,7.75,8.0,,7.2,,,,,,
7340101,A00,8.0,7.75,8.25,,,,,,,
7480201,A00,7.0,7.5,8.6,,,,,,,
7810103,A01,8.0,7.2,,8.0,,,,,,
7810103,D01,6.5,,,6.6,6.4,,,,,
7480201,D01,8.25,,,7.0,8.0,,,,,
7510202,A00,6.6,6.5,4.75,,,,,,,
7810201,D01,7.0,,,7.8,7.6,,,,,
7480201,A01,7.5,7.6,,7.6,,,,,,
7220201,A01,8.4,6.75,,8.8,,,,,,
7510401,D07,8.0,,6.6,7.4,,,,,,
7340101,D01,7.5,,,7.6,8.6,,,,,
7220201,D01,7.8,,,8.0,8.0,,,,,
7220201,D09,7.8,,,8.2,,8.25,,,,
7510301,A01,7.6,4.25,,6.6,,,,,,
7220204,D01,8.0,,,9.4,7.5,,,,,
7810202,D01,7.8,,,7.8,7.75,,,,,
7819009,B00,6.0,,5.75,,,,6.2,,,
7540101,A00,7.75,8.5,8.0,,,,,,,
7510301,D01,7.0,,,7.4,6.8,,,,,
7810103,D01,5.75,,,6.8,6.6,,,,,
7340205,D07,7.25,,6.4,7.0,,,,,,
7340115,A00,7.75,8.0,7.8,,,,,,,
7340120,A01,6.75,7.6,,7.0,,,,,,
7810103,D01,8.2,,,6.2,8.0,,,,,
7340205,D01,7.0,,,7.2,6.6,,,,,
7480202,D01,7.8,,,8.4,6.5,,,,,
7220201,D01,6.8,,,9.2,6.75,,,,,
7510301,D01,6.0,,,4.6,6.25,,,,,
7340120,D01,8.25,,,7.4,7.6,,,,,
7510203,A01,6.2,6.25,,4.6,,,,,,
7510301,D01,6.25,,,8.2,4.8,,,,,
7340301,D01,9.2,,,8.8,7.0,,,,,
7510303,D01,8.4,,,6.0,7.0,,,,,
7340301,D01,9.0,,,7.2,7.4,,,,,
7380107,A00,6.8,7.0,7.75,,,,,,,
7340120,A00,7.5,8.25,7.8,,,,,,,
7480202,D07,8.25,,7.4,7.2,,,,,,
7480201,A00,8.0,6.25,7.5,,,,,,,
7540106,A00,7.4,6.5,7.75,,,,,,,
7340301,A00,5.75,8.25,8.0,,,,,,,
7340120,D01,8.75,,,6.8,8.0,,,,,
7220204,D01,9.25,,,6.8,6.0,,,,,
7480201,D07,8.0,,7.25,8.6,,,,,,
7340120,A00,8.0,7.25,7.75,,,,,,,
7480202,D01,6.8,,,8.2,5.5,,,,,
7510203,D07,7.0,,5.8,7.6,,,,,,
7540101,B00,8.0,,8.0,,,,8.2,,,
7480202,A00,5.5,6.0,5.8,,,,,,,
7340101,A00,7.75,8.0,7.6,,,,,,,
7540106,A00,7.0,5.5,6.25,,,,,,,
7510203,D01,8.4,,,6.2,6.0,,,,,
7510202,A00,7.5,6.0,8.4,,,,,,,
7540106,D07,7.8,,7.5,8.6,,,,,,
7510202,A00,7.8,6.0,8.0,,,,,,,
7540101,B00,7.75,,7.75,,,,5.8,,,
7480201,A01,8.6,7.75,,8.8,,,,,,
7540106,A00,8.0,6.5,7.25,,,,,,,
7340120,D01,8.5,,,7.2,7.4,,,,,
7540101,A00,6.0,8.0,7.0,,,,,,,
7340115,A00,8.25,8.5,8.0,,,,,,,
7340301,A00,7.75,7.75,8.2,,,,,,,
7510202,D01,6.75,,,6.6,5.2,,,,,
7340101,A01,7.4,7.5,,9.4,,,,,,
7540204,D01,7.0,,,7.2,5.8,,,,,
7810201,A01,7.8,6.75,,8.0,,,,,,
7340120,A01,7.5,8.8,,7.8,,,,,,
7540106,D07,6.6,,6.25,7.2,,,,,,
7480201,A00,6.75,8.0,7.0,,,,,,,
7540101,D07,7.0,,7.0,8.8,,,,,,
7510303,A01,6.0,6.6,,6.4,,,,,,
7540106,D07,8.25,,7.4,7.6,,,,,,
7460108,D01,7.5,,,5.6,4.0,,,,,
7380107,D01,7.6,,,8.6,7.25,,,,,
7340201,A00,8.0,7.75,8.0,,,,,,,
7460108,A00,6.0,7.0,7.2,,,,,,,
7510401,D07,6.8,,6.5,6.2,,,,,,
7480201,D01,6.25,,,7.2,7.8,,,,,
7340120,A01,8.0,7.5,,8.6,,,,,,
7340101,A00,8.2,7.75,8.25,,,,,,,
7340122,A00,7.5,7.5,7.6,,,,,,,
7340201,D01,7.5,,,7.6,7.8,,,,,
7480202,D01,7.5,,,7.2,4.2,,,,,
7340201,A00,6.5,6.25,7.6,,,,,,,
7540101,A01,8.0,8.25,,8.8,,,,,,
7510202,D01,7.0,,,4.6,4.8,,,,,
7340101,D01,7.25,,,8.6,7.2,,,,,
7540101,A00,8.25,7.5,6.8,,,,,,,
7340101,D01,7.25,,,6.6,7.8,,,,,
7510303,A00,6.0,8.0,7.6,,,,,,,
7540101,A00,7.0,7.0,7.4,,,,,,,
7340122,A00,7.75,7.25,7.8,,,,,,,
7510202,D01,5.5,,,6.2,7.6,,,,,
7340201,A00,8.0,7.5,7.0,,,,,,,
7510301,A01,7.0,7.2,,7.6,,,,,,
7340123,D01,6.5,,,8.0,5.0,,,,,
7510301,D01,7.6,,,4.0,6.5,,,,,
7340301,A00,6.75,8.0,9.0,,,,,,,
7480201,A00,6.5,6.5,7.8,,,,,,,
7540101,A01,9.0,8.75,,8.6,,,,,,
7510202,A00,4.25,6.5,6.4,,,,,,,
7850101,A01,6.6,5.5,,4.0,,,,,,
7420201,B00,7.0,,7.25,,,,7.4,,,
7480202,A00,7.0,6.5,6.6,,,,,,,
7540204,A00,7.8,5.5,6.0,,,,,,,
7340120,A00,8.25,8.25,7.4,,,,,,,
7340301,D01,6.75,,,6.8,6.4,,,,,
7480201,A00,8.2,7.0,8.25,,,,,,,
7810202,D15,,,,7.25,7.5,,,4.8,,
7510203,D01,7.2,,,4.4,7.0,,,,,
7810202,A00,7.5,7.25,7.6,,,,,,,
7340120,D01,7.75,,,7.4,7.8,,,,,
7340120,A00,7.25,8.5,7.8,,,,,,,
7810202,D15,,,,7.0,8.25,,,7.0,,
7810103,D01,6.5,,,7.6,5.8,,,,,
7340123,D01,6.5,,,7.4,5.4,,,,,
7340101,D01,8.0,,,7.4,6.6,,,,,
7220201,D09,8.25,,,5.8,,7.0,,,,
7340120,A00,6.25,7.75,7.4,,,,,,,
7480202,D01,6.6,,,3.6,5.5,,,,,
7340120,D01,7.75,,,6.8,7.4,,,,,
7380107,D01,8.5,,,7.6,4.4,,,,,
7340301,D01,9.25,,,6.0,4.6,,,,,
7340205,A00,6.75,7.75,7.8,,,,,,,
7380107,D01,5.25,,,7.4,7.0,,,,,
7540101,A00,8.25,7.75,8.6,,,,,,,
7480201,A01,7.6,6.75,,9.6,,,,,,
7340115,A00,7.75,8.25,8.0,,,,,,,
7540101,D07,7.25,,8.2,8.2,,,,,,
7520115,D01,7.5,,,5.2,7.4,,,,,
7810201,D01,7.6,,,6.4,8.75,,,,,
7480202,D01,6.8,,,4.6,6.75,,,,,
7340115,A01,7.0,8.8,,7.4,,,,,,
7540204,D01,5.6,,,6.0,7.75,,,,,
7340301,D01,7.5,,,6.8,7.2,,,,,
7510203,D01,7.4,,,8.8,6.5,,,,,
7480201,D01,7.2,,,8.8,7.0,,,,,
7510203,D01,8.4,,,4.2,5.5,,,,,
7340201,D01,7.6,,,8.2,9.0,,,,,
7340201,A01,7.5,7.6,,8.0,,,,,,
7340101,D01,8.0,,,7.8,8.0,,,,,
7480201,A01,7.8,7.5,,7.6,,,,,,
7850101,B00,7.25,,6.25,,,,7.4,,,
7340101,D01,7.8,,,7.2,8.5,,,,,
7340101,A00,8.0,7.75,7.8,,,,,,,
7220201,A01,7.6,8.25,,8.0,,,,,,
7480201,D07,8.6,,7.25,8.4,,,,,,
7340115,A01,7.0,6.6,,8.4,,,,,,
7480201,A00,7.25,7.75,6.4,,,,,,,
7480201,D07,8.5,,7.8,8.0,,,,,,
7540101,A00,6.75,7.75,8.2,,,,,,,
7340120,D01,7.6,,,8.6,7.25,,,,,
7380107,D01,7.75,,,7.2,4.2,,,,,
7340201,A00,8.25,7.0,8.0,,,,,,,
7540101,B00,8.2,,8.0,,,,8.0,,,
7340301,D01,8.0,,,6.2,7.4,,,,,
7540106,A00,8.0,6.75,8.2,,,,,,,
7340201,D01,8.25,,,7.0,5.0,,,,,
7510202,A00,6.75,7.25,8.0,,,,,,,
7540204,A00,6.8,5.5,6.25,,,,,,,
7810201,D01,7.2,,,6.6,8.0,,,,,
7340301,D01,8.0,,,7.6,7.0,,,,,
7480201,D07,7.25,,6.8,7.6,,,,,,
7460108,D01,6.75,,,6.8,6.4,,,,,
7340101,D01,6.75,,,8.0,6.8,,,,,
7540101,A00,8.2,7.0,8.75,,,,,,,
7480202,D01,5.8,,,6.2,6.0,,,,,
7340301,A01,6.5,6.6,,8.2,,,,,,
7510401,B00,7.2,,6.75,,,,6.0,,,
7340120,A00,8.0,8.5,8.0,,,,,,,
7510401,A00,6.25,7.5,6.6,,,,,,,
7340120,D01,8.5,,,7.6,7.2,,,,,
7340301,A01,7.4,7.5,,8.4,,,,,,
7480201,A00,8.2,6.25,8.0,,,,,,,
7220204,D01,8.75,,,7.0,7.2,,,,,
7340115,A00,8.0,7.5,7.6,,,,,,,
7510203,A00,6.75,7.25,7.8,,,,,,,
7220204,D01,9.0,,,7.4,6.6,,,,,
7810202,D15,,,,6.25,7.25,,,5.8,,
7340201,A00,8.6,7.0,7.0,,,,,,,
7340129,A00,6.5,7.25,7.6,,,,,,,
7540106,A00,7.4,6.5,6.25,,,,,,,
7340115,A01,8.8,7.5,,9.0,,,,,,
7340115,D01,8.25,,,7.6,8.2,,,,,
7480202,A00,8.0,7.5,7.4,,,,,,,
7220201,D01,7.6,,,9.0,6.25,,,,,
7340201,A00,5.5,8.5,8.0,,,,,,,
7380107,D15,,,,7.75,7.5,,,6.8,,
7340201,A00,7.0,6.75,7.8,,,,,,,
7810201,A00,6.5,7.5,7.4,,,,,,,
7340120,A00,8.0,8.25,8.2,,,,,,,
7510303,D01,7.4,,,7.8,5.0,,,,,
7380107,D15,,,,7.5,7.0,,,5.8,,
7460108,D01,8.25,,,5.6,4.4,,,,,
7810103,A00,8.0,6.5,7.5,,,,,,,
7340115,A00,7.75,7.75,8.2,,,,,,,
7380107,A01,8.2,6.5,,7.6,,,,,,
7340115,D01,8.25,,,7.6,6.8,,,,,
7480201,A01,7.5,8.0,,7.6,,,,,,
7420201,B00,6.5,,7.0,,,,7.4,,,
7460108,A00,5.75,4.5,7.4,,,,,,,
7340201,D01,8.0,,,6.4,6.0,,,,,
7510401,A00,6.0,5.25,5.75,,,,,,,
7340201,D01,7.5,,,7.6,5.4,,,,,
7850101,A00,6.5,6.5,7.8,,,,,,,
7520115,A00,7.75,5.25,7.0,,,,,,,
7340101,A00,7.0,7.0,7.4,,,,,,,
7340101,D01,7.6,,,8.2,7.75,,,,,
7510301,A00,7.4,7.0,7.0,,,,,,,
7540106,B00,7.8,,7.0,,,,7.75,,,
7480201,D07,7.0,,8.4,7.8,,,,,,
7340301,A00,7.8,7.0,7.75,,,,,,,
7380107,D01,6.6,,,8.2,7.0,,,,,
7810202,D01,5.75,,,6.6,7.2,,,,,
7810201,D01,8.0,,,7.4,7.4,,,,,
7340115,A01,7.6,8.0,,8.4,,,,,,
7340301,A00,6.25,6.25,7.0,,,,,,,
7340120,D01,8.25,,,7.2,8.4,,,,,
7819009,D07,7.75,,8.2,7.6,,,,,,
7540101,A00,8.5,7.0,7.4,,,,,,,
7340101,D01,8.25,,,7.8,6.2,,,,,
7220201,D01,8.4,,,7.8,8.0,,,,,
7510401,A01,7.8,6.75,,6.4,,,,,,
7340205,D01,8.75,,,7.2,7.8,,,,,
7220204,D01,8.25,,,8.0,7.8,,,,,
7220201,A01,7.5,9.2,,8.0,,,,,,
7540101,A00,6.75,7.5,7.2,,,,,,,
7340122,D01,8.0,,,7.2,6.4,,,,,
7460108,D01,8.25,,,6.0,5.6,,,,,
7340115,A01,7.5,8.8,,7.8,,,,,,
7340120,A00,6.5,7.5,7.6,,,,,,,
7340122,A00,7.25,7.5,7.8,,,,,,,
7540204,D01,7.4,,,3.8,5.75,,,,,
7810103,A00,7.75,6.75,8.6,,,,,,,
7480201,D01,7.0,,,7.8,7.8,,,,,
7220201,D01,7.8,,,9.0,7.75,,,,,
7480202,A00,8.2,6.5,7.25,,,,,,,
7810202,A00,6.5,6.75,6.8,,,,,,,
7480202,A00,5.25,6.75,7.4,,,,,,,
7340120,A00,6.5,7.25,7.4,,,,,,,
7480201,D01,6.75,,,7.2,9.0,,,,,
7340120,D01,8.25,,,8.4,7.0,,,,,
7340120,A00,6.0,7.75,7.4,,,,,,,
7340129,D01,6.8,,,6.6,8.0,,,,,
7340201,A00,6.75,7.25,6.6,,,,,,,
7810103,D15,,,,6.0,8.0,,,5.8,,
7340101,D01,7.0,,,7.4,6.6,,,,,
7340129,A00,7.0,7.5,5.6,,,,,,,
7340301,A01,7.25,6.4,,7.8,,,,,,
7510303,A00,6.75,5.75,7.2,,,,,,,
7340120,D01,7.8,,,7.2,8.25,,,,,
7340201,A00,8.0,7.0,8.25,,,,,,,
7340301,D01,8.4,,,7.2,8.25,,,,,
7340101,D01,8.2,,,8.4,7.0,,,,,
7480201,A01,7.8,7.25,,9.4,,,,,,
7480201,A00,8.75,7.5,7.4,,,,,,,
7340120,A00,7.75,8.5,7.6,,,,,,,
7540101,D07,6.0,,8.6,7.4,,,,,,
7340129,D01,8.0,,,6.8,7.2,,,,,
7810202,A00,7.8,7.5,8.0,,,,,,,
7810201,D15,,,,7.0,7.0,,,4.2,,
7480201,D01,5.5,,,7.4,9.4,,,,,
7340122,A00,8.0,7.5,8.0,,,,,,,
7510202,D01,6.75,,,6.8,4.2,,,,,
7540101,A00,7.8,8.25,8.0,,,,,,,
7480201,A00,7.25,8.0,8.6,,,,,,,
7510303,A01,7.25,7.8,,7.0,,,,,,
7510203,D01,7.2,,,3.2,7.5,,,,,
7540101,D07,8.6,,7.5,9.2,,,,,,
7340301,A00,8.2,6.5,8.0,,,,,,,
7220201,D01,7.75,,,5.6,8.2,,,,,
7480201,A00,7.25,7.5,7.8,,,,,,,
7540101,D07,7.5,,7.8,7.6,,,,,,
7510202,A00,4.5,5.75,6.8,,,,,,,
7510301,A00,7.0,6.5,8.6,,,,,,,
7810103,D15,,,,6.5,7.25,,,7.0,,
7810202,A01,6.5,7.8,,8.2,,,,,,
7510303,D01,7.8,,,6.6,8.5,,,,,
7510203,D01,6.0,,,7.6,6.4,,,,,
7220201,D01,7.8,,,9.0,7.5,,,,,
7540106,D07,7.5,,7.6,7.8,,,,,,
7810201,A00,5.75,6.25,7.2,,,,,,,
7480201,A01,7.25,7.6,,7.2,,,,,,
7340120,D01,7.75,,,7.6,7.6,,,,,
7810202,D01,8.0,,,6.4,6.4,,,,,
7340115,A01,7.25,7.8,,7.8,,,,,,
7340101,A00,8.6,7.75,7.5,,,,,,,
7380107,D01,6.25,,,5.8,7.2,,,,,
7510202,D01,6.75,,,6.4,4.0,,,,,
7480201,A01,8.0,7.25,,8.6,,,,,,
7220201,D01,7.0,,,8.6,7.4,,,,,
7220201,A01,7.4,7.0,,8.4,,,,,,
7819010,A00,6.0,6.0,5.2,,,,,,,
7340205,A00,6.75,7.25,5.6,,,,,,,
7340201,D01,7.4,,,8.6,6.75,,,,,
7540106,D07,7.6,,7.0,6.6,,,,,,
7510202,A00,6.4,5.0,5.25,,,,,,,
7220201,D01,8.4,,,7.6,6.75,,,,,
7340115,D01,6.6,,,9.0,8.75,,,,,
7480201,A01,7.8,6.25,,9.0,,,,,,
7380107,A00,7.2,7.75,7.25,,,,,,,
7480202,A00,7.6,5.75,5.25,,,,,,,
7340301,D01,8.0,,,6.6,7.4,,,,,
7510202,D01,6.0,,,7.8,4.6,,,,,
7340115,A00,7.25,8.25,8.2,,,,,,,
7540101,D07,8.2,,7.75,9.0,,,,,,
7540106,A00,7.25,6.25,7.0,,,,,,,
7480201,A00,7.0,8.0,7.2,,,,,,,
7510203,A00,6.5,6.75,6.4,,,,,,,
7480202,D01,7.0,,,6.8,8.4,,,,,
7420201,B00,7.6,,7.75,,,,7.75,,,
7340115,A01,7.75,8.4,,8.2,,,,,,
7510301,D01,7.0,,,5.0,4.5,,,,,
7480201,A00,7.6,7.5,8.25,,,,,,,
7420201,B00,8.25,,8.0,,,,7.6,,,
7480202,A00,5.5,6.75,6.8,,,,,,,
7510203,D07,6.5,,8.0,6.8,,,,,,
7510301,A01,6.5,7.4,,7.8,,,,,,
7510203,A01,5.8,6.0,,7.0,,,,,,
7540101,D07,8.8,,8.5,8.4,,,,,,
7540204,A00,8.4,7.5,7.0,,,,,,,
7340115,A00,8.4,7.75,8.75,,,,,,,
7480201,A01,8.2,7.5,,7.4,,,,,,
7340201,A00,7.75,6.75,8.2,,,,,,,
7540101,A00,7.5,6.75,8.2,,,,,,,
7340101,D01,9.25,,,7.6,5.8,,,,,
7340120,D01,8.25,,,7.8,6.4,,,,,
7540101,B00,7.75,,6.25,,,,7.2,,,
7480201,D01,8.2,,,9.0,6.25,,,,,
7220201,D01,8.25,,,7.4,7.8,,,,,
7480201,A01,7.6,6.25,,8.6,,,,,,
7510301,A00,7.2,7.0,5.0,,,,,,,
7340123,A00,7.5,6.0,6.8,,,,,,,
7510202,D01,7.6,,,4.2,6.75,,,,,
7340301,A01,7.8,6.75,,8.6,,,,,,
7340301,A00,7.75,8.25,7.8,,,,,,,
7480202,D07,7.25,,5.6,6.0,,,,,,
7340301,A00,7.5,7.25,7.8,,,,,,,
7340301,A01,7.6,7.25,,8.0,,,,,,
7380107,D15,,,,6.5,6.5,,,6.2,,
7540106,A00,6.25,6.5,7.4,,,,,,,
7380107,D15,,,,8.0,7.75,,,6.8,,
7510202,D01,8.2,,,3.8,6.75,,,,,
7340129,D01,8.0,,,5.2,7.0,,,,,
7480201,D07,8.5,,8.0,7.4,,,,,,
7420201,B00,7.4,,7.5,,,,6.75,,,
7810202,A01,6.5,6.8,,7.6,,,,,,
7340123,A01,7.2,6.5,,7.2,,,,,,
7340115,D01,8.5,,,8.0,6.6,,,,,
7340120,A00,7.5,8.25,6.4,,,,,,,
7540204,D01,6.8,,,5.6,5.5,,,,,
7510301,A01,8.0,7.25,,6.6,,,,,,
7510203,D01,7.25,,,7.2,5.2,,,,,
7220201,D01,7.6,,,9.4,7.0,,,,,
7540204,D01,6.75,,,5.8,4.6,,,,,
7510301,D01,7.75,,,7.0,7.6,,,,,
7220204,D01,7.2,,,8.4,7.5,,,,,
7510301,D01,8.2,,,5.2,6.75,,,,,
7540106,B00,6.5,,6.25,,,,7.8,,,
7340301,A00,5.5,7.0,8.0,,,,,,,
7540106,A00,6.5,6.75,7.2,,,,,,,
7340122,A00,8.25,7.0,7.6,,,,,,,
7510202,D01,6.2,,,7.6,6.5,,,,,
7220204,D01,9.0,,,7.6,7.8,,,,,
7340301,D01,7.0,,,7.6,6.0,,,,,
7480201,D07,7.75,,7.2,7.0,,,,,,
7510401,B00,8.25,,7.25,,,,7.8,,,
7340120,D01,8.25,,,7.2,6.2,,,,,
7340201,A01,7.6,7.75,,8.2,,,,,,
7460108,D01,7.75,,,7.0,6.2,,,,,
7510202,A00,6.5,6.25,6.0,,,,,,,
7819009,A00,5.25,7.25,7.6,,,,,,,
7340201,A01,8.4,6.75,,8.2,,,,,,
7540101,B00,8.0,,8.0,,,,8.75,,,
7480201,D07,7.6,,7.75,8.2,,,,,,
7510202,A00,5.0,5.75,7.6,,,,,,,
7380107,A00,5.5,7.25,7.8,,,,,,,
7340123,D01,6.25,,,5.8,5.8,,,,,
7340129,D01,8.0,,,7.4,6.2,,,,,
7340120,A00,7.75,7.25,8.2,,,,,,,
7540105,A00,8.2,7.75,7.5,,,,,,,
7810202,D15,,,,6.25,6.25,,,5.8,,
7420201,A00,8.4,7.0,7.25,,,,,,,
7340115,A00,7.75,8.5,7.2,,,,,,,
7420201,B00,7.25,,6.5,,,,7.0,,,
7340201,A01,8.4,6.75,,9.0,,,,,,
7510401,D07,7.25,,7.2,7.2,,,,,,
7480201,A00,8.5,8.5,7.8,,,,,,,
7340129,D01,7.4,,,5.8,7.0,,,,,
7540106,A00,7.25,7.75,5.6,,,,,,,
7340120,A00,6.5,8.75,8.4,,,,,,,
7819010,A00,8.0,8.25,6.8,,,,,,,
7340120,A00,8.6,7.0,8.0,,,,,,,
7460108,D01,8.25,,,6.6,4.8,,,,,
7510203,A00,6.0,6.5,8.8,,,,,,,
7420201,B00,7.0,,6.5,,,,6.6,,,
7340129,D01,8.2,,,6.4,5.25,,,,,
7810201,D01,7.0,,,6.4,4.6,,,,,
7220201,A01,9.0,9.0,,8.0,,,,,,
7510301,D01,6.5,,,7.8,8.2,,,,,
7480201,D07,8.2,,6.5,8.2,,,,,,
7810103,D01,6.6,,,8.2,7.5,,,,,
7340129,A00,8.0,7.5,7.4,,,,,,,
7220204,D01,7.25,,,7.8,6.4,,,,,
7850101,A00,6.8,5.0,4.75,,,,,,,
7340122,D01,6.5,,,7.8,8.2,,,,,
7510401,D07,7.6,,6.0,7.6,,,,,,
7810103,D01,8.25,,,7.6,7.0,,,,,
7340101,D01,7.0,,,8.2,8.2,,,,,
7480201,A00,7.5,8.25,7.2,,,,,,,
7340120,D01,8.25,,,8.2,7.0,,,,,
7220201,D01,7.5,,,7.2,8.8,,,,,
7810202,D01,6.0,,,7.0,6.8,,,,,
7340301,A01,8.0,7.75,,8.4,,,,,,
7480202,A00,8.25,6.75,8.0,,,,,,,
7510203,D01,5.8,,,4.2,6.0,,,,,
7380107,A00,8.0,7.25,7.25,,,,,,,
7819009,B00,6.0,,6.0,,,,7.2,,,
7340115,D01,7.5,,,8.8,6.4,,,,,
7510401,D07,6.25,,5.6,6.4,,,,,,
7340301,D01,7.75,,,7.8,6.4,,,,,
7220204,D09,7.25,,,7.8,,6.2,,,,
7480202,D01,7.4,,,6.0,7.25,,,,,
7480201,A00,6.75,8.5,8.0,,,,,,,
7480201,A00,7.5,8.0,7.4,,,,,,,
7340301,A00,6.5,7.5,7.6,,,,,,,
7480202,A01,7.8,4.0,,7.8,,,,,,
7540101,A01,8.0,8.0,,7.6,,,,,,
7380107,A00,8.0,6.25,7.25,,,,,,,
7340201,A00,7.5,7.0,7.0,,,,,,,
7220204,D01,7.75,,,7.0,8.2,,,,,
7540101,A01,8.0,6.75,,9.4,,,,,,
7340120,A01,8.0,7.4,,7.6,,,,,,
7510301,A00,8.2,5.75,7.75,,,,,,,
7480201,D01,8.0,,,6.8,7.0,,,,,
7340123,A00,5.25,6.25,8.0,,,,,,,
7380107,A01,7.0,6.75,,8.8,,,,,,
7340301,A00,7.0,6.5,7.2,,,,,,,
7340101,A00,6.5,8.5,8.2,,,,,,,
7540101,D07,8.2,,7.75,8.0,,,,,,
7480202,D01,6.0,,,4.8,6.0,,,,,
7480201,A01,8.5,7.6,,8.0,,,,,,
7510406,A00,4.0,5.75,6.0,,,,,,,
7510402,A00,6.75,6.25,4.8,,,,,,,
7810202,D01,7.2,,,8.2,8.5,,,,,
7340115,D01,8.0,,,8.2,8.4,,,,,
7220204,D01,8.5,,,7.2,8.0,,,,,
7340115,A00,8.6,8.25,8.0,,,,,,,
7220204,D01,7.6,,,6.8,8.0,,,,,
7510301,D01,6.0,,,4.4,6.75,,,,,
7340101,A01,7.8,7.25,,8.0,,,,,,
7340201,A00,7.0,7.25,8.0,,,,,,,
7480201,A01,6.8,7.75,,8.0,,,,,,
7810202,D01,6.5,,,6.4,5.0,,,,,
7510202,D01,6.75,,,7.0,4.2,,,,,
7340205,D01,7.25,,,7.0,4.8,,,,,
7510401,D07,7.5,,6.4,5.4,,,,,,
7340120,A00,7.0,7.75,7.6,,,,,,,
7340301,A00,6.0,7.0,7.8,,,,,,,
7340301,A01,6.0,6.8,,8.0,,,,,,
7340115,D01,8.5,,,7.0,7.2,,,,,
7520115,D01,6.5,,,6.8,4.0,,,,,
7510202,D01,8.25,,,7.6,4.6,,,,,
7220201,D01,8.0,,,8.6,7.0,,,,,
7540101,A01,7.25,6.4,,7.8,,,,,,
7220204,D01,7.75,,,6.2,7.2,,,,,
7510203,A01,7.0,9.0,,6.6,,,,,,
7220204,A01,6.75,6.0,,8.0,,,,,,
7810201,A00,7.75,8.0,7.6,,,,,,,
7380107,A01,8.2,6.25,,7.4,,,,,,
7220201,A01,6.0,8.4,,6.8,,,,,,
7340101,A00,9.0,8.75,7.75,,,,,,,
7520115,A00,7.0,7.25,7.4,,,,,,,
7510301,A00,6.75,5.75,6.4,,,,,,,
7340201,D01,8.6,,,7.6,7.75,,,,,
7480201,D01,9.0,,,7.6,7.0,,,,,
7340115,A01,7.75,8.0,,7.8,,,,,,
7340101,D01,9.0,,,7.8,7.4,,,,,
7340101,A00,6.25,7.5,7.2,,,,,,,
7480201,A01,8.2,7.5,,8.0,,,,,,
7510303,D01,6.5,,,7.8,7.0,,,,,
7540101,A01,8.0,7.5,,9.4,,,,,,
7340301,A01,7.0,5.4,,7.4,,,,,,
7510301,A01,6.25,6.8,,7.4,,,,,,
7540106,B00,6.6,,5.5,,,,6.5,,,
7540101,D07,8.0,,8.0,8.0,,,,,,
7380107,A01,8.2,6.75,,7.6,,,,,,
7510202,A01,8.2,5.0,,7.0,,,,,,
7510402,A01,5.25,5.6,,6.4,,,,,,
7850101,A00,6.2,5.0,7.25,,,,,,,
7540101,A00,8.6,7.25,8.25,,,,,,,
7340122,A00,8.0,7.5,7.8,,,,,,,
7380107,D01,7.8,,,8.8,7.75,,,,,
7540101,B00,7.0,,7.5,,,,6.4,,,
7480201,D07,7.75,,8.8,5.2,,,,,,
7380107,D01,7.8,,,6.8,6.5,,,,,
7220204,A01,6.5,7.8,,7.0,,,,,,
7810202,A01,7.25,8.2,,7.4,,,,,,
7480201,D01,7.75,,,8.4,6.4,,,,,
7480201,D01,6.75,,,8.6,7.2,,,,,
7340301,D01,7.6,,,7.6,7.5,,,,,
7510202,D01,6.0,,,5.2,6.4,,,,,
7340301,A00,7.75,8.25,8.2,,,,,,,
7340115,A00,8.0,8.0,7.8,,,,,,,
7810201,D01,7.2,,,8.4,7.25,,,,,
7810103,D15,,,,7.25,6.5,,,5.0,,
7460108,A00,6.25,7.25,5.4,,,,,,,
7510303,D01,7.2,,,4.6,6.0,,,,,
7460108,D01,6.5,,,8.0,6.4,,,,,
7540106,D07,8.2,,7.75,7.6,,,,,,
7340301,A00,7.75,8.0,8.2,,,,,,,
7480201,A01,7.75,6.2,,8.8,,,,,,
7340115,D01,7.75,,,7.4,8.6,,,,,
7220201,A01,7.8,7.25,,8.4,,,,,,
7540101,D07,8.4,,7.75,8.4,,,,,,
7340101,D01,7.83,,,6.6,7.4,,,,,
7480201,A01,8.2,7.25,,8.4,,,,,,
7220204,D01,8.2,,,8.2,6.25,,,,,
7510303,D01,7.8,,,8.4,8.25,,,,,
7340301,D01,7.2,,,8.2,7.25,,,,,
7510303,A00,8.4,7.25,8.25,,,,,,,
7540204,D01,6.5,,,7.0,3.8,,,,,
7340120,D01,5.75,,,7.8,8.8,,,,,
7340301,D01,7.0,,,7.6,6.4,,,,,
7510303,A00,8.6,8.0,6.5,,,,,,,
7480202,D01,6.6,,,6.8,6.75,,,,,
7510303,D01,5.8,,,4.8,6.5,,,,,
7380107,D01,8.25,,,5.8,5.4,,,,,
7810201,D15,,,,6.25,6.75,,,6.8,,
7540101,D07,7.75,,7.0,7.4,,,,,,
7480201,A00,7.0,6.5,7.2,,,,,,,
7810103,D01,5.5,,,7.6,5.0,,,,,
7810201,D01,6.75,,,7.4,4.2,,,,,
7510203,D07,8.0,,7.2,7.4,,,,,,
7340101,A00,8.4,7.5,8.25,,,,,,,
7340115,A00,7.5,7.5,7.8,,,,,,,
7480201,A00,7.5,8.0,8.4,,,,,,,
7480202,A01,7.5,7.2,,7.2,,,,,,
7540106,A00,8.2,6.5,6.75,,,,,,,
7480201,D01,7.8,,,7.8,7.75,,,,,
7540106,A00,5.5,7.75,7.4,,,,,,,
7340201,A00,7.0,7.5,7.2,,,,,,,
7340201,A01,8.4,6.75,,7.8,,,,,,
7340301,A01,7.0,7.2,,5.8,,,,,,
7340101,D01,9.25,,,7.8,7.2,,,,,
7540106,A00,7.4,8.0,8.25,,,,,,,
7220201,D01,8.0,,,8.4,8.75,,,,,
7510202,D01,7.4,,,6.6,6.5,,,,,
7380107,D01,7.25,,,7.6,7.4,,,,,
7810103,D01,6.5,,,7.0,6.6,,,,,
7510203,D01,7.25,,,6.2,3.6,,,,,
7220201,D01,7.5,,,6.4,7.8,,,,,
7480202,D01,6.8,,,8.4,6.0,,,,,
7220201,A01,8.0,7.75,,8.8,,,,,,
7340201,D01,8.0,,,8.0,5.2,,,,,
7340201,D01,8.0,,,8.2,6.75,,,,,
7480201,A00,8.5,7.75,7.4,,,,,,,
7510202,A00,7.2,6.5,5.75,,,,,,,
7810202,A01,8.2,8.25,,7.8,,,,,,
7220204,A01,8.5,7.8,,7.8,,,,,,
7340115,A01,8.25,7.0,,7.2,,,,,,
7420201,A00,8.2,6.0,7.0,,,,,,,
7810202,A00,7.8,7.75,8.0,,,,,,,
7540101,A01,8.0,8.4,,7.4,,,,,,
7480201,A00,7.75,7.5,8.2,,,,,,,
7340101,A00,6.5,7.25,6.8,,,,,,,
7380107,D01,7.2,,,7.4,7.25,,,,,
7540106,A00,8.0,6.75,7.0,,,,,,,
7340120,D01,9.0,,,7.8,8.2,,,,,
7480201,D01,8.0,,,8.2,6.2,,,,,
7480202,D07,6.5,,8.2,7.8,,,,,,
7380107,A00,8.0,7.5,7.0,,,,,,,
7810202,D01,7.5,,,6.8,6.6,,,,,
7340201,A01,7.0,8.4,,8.4,,,,,,
7340301,A00,5.75,8.25,7.8,,,,,,,
7340101,A00,6.25,8.25,8.0,,,,,,,
7340115,A00,9.0,8.25,7.5,,,,,,,
7540106,D07,7.0,,8.0,7.2,,,,,,
7510203,D01,7.5,,,7.6,6.2,,,,,
7340120,D01,8.25,,,6.0,7.8,,,,,
7810202,D01,6.25,,,7.4,4.4,,,,,
7340301,A00,7.8,6.75,8.25,,,,,,,
7480201,A00,7.25,8.75,7.8,,,,,,,
7510303,D01,7.0,,,8.0,6.0,,,,,
7520115,D01,6.0,,,6.2,7.8,,,,,
7810202,D01,8.0,,,6.2,6.8,,,,,
7510303,D01,7.8,,,5.2,6.5,,,,,
7480201,D01,7.5,,,7.2,6.4,,,,,
7540101,A00,7.25,7.25,6.6,,,,,,,
7340115,D01,8.5,,,7.6,8.0,,,,,
7340301,A00,7.5,7.0,7.4,,,,,,,
7340115,D01,8.25,,,8.4,7.4,,,,,
7510303,D01,6.5,,,6.8,5.8,,,,,
7220201,D01,8.0,,,7.0,7.8,,,,,
7480202,A00,7.0,5.0,7.0,,,,,,,
7540101,D07,7.6,,8.0,8.6,,,,,,
7220204,D01,8.0,,,8.4,7.4,,,,,
7510303,A00,7.5,6.75,7.8,,,,,,,
7480201,D01,7.8,,,8.2,7.75,,,,,
7810202,D01,7.8,,,7.8,7.25,,,,,
7540101,A00,8.8,7.75,8.0,,,,,,,
7340115,A00,7.75,8.25,8.4,,,,,,,
7420201,B00,8.5,,8.0,,,,7.0,,,
7340301,A00,8.25,8.5,7.6,,,,,,,
7810202,D01,7.5,,,7.8,7.2,,,,,
7480202,D01,6.0,,,5.4,5.75,,,,,
7480201,D07,8.0,,7.0,8.2,,,,,,
7480201,A00,8.25,7.5,7.8,,,,,,,
7510303,A00,6.0,4.75,7.25,,,,,,,
7510301,A01,6.5,4.6,,6.4,,,,,,
7510303,A00,7.0,7.75,7.6,,,,,,,
7340101,D01,6.75,,,7.6,7.0,,,,,
7340201,A00,8.0,7.25,8.0,,,,,,,
7480201,D01,8.0,,,7.4,6.2,,,,,
7340301,A01,7.75,7.6,,7.6,,,,,,
7340120,D01,7.5,,,7.8,7.2,,,,,
7220201,D01,7.4,,,8.2,8.5,,,,,
7819009,B00,5.25,,7.0,,,,8.2,,,
7810201,D01,7.4,,,7.6,7.5,,,,,
7480201,A00,7.5,7.0,7.0,,,,,,,
7810103,D01,7.75,,,6.2,7.0,,,,,
7480201,A00,7.0,6.5,7.4,,,,,,,
7540101,B00,7.0,,7.5,,,,7.0,,,
7480202,A00,7.5,8.0,7.6,,,,,,,
7480202,A00,7.75,7.25,8.2,,,,,,,
7510203,D01,6.8,,,6.6,6.75,,,,,
7340120,D01,6.5,,,7.6,7.4,,,,,
7540101,B00,8.6,,7.25,,,,8.25,,,
7540101,A00,8.0,8.5,8.4,,,,,,,
7480201,D01,6.8,,,8.4,7.5,,,,,
7480201,D01,8.0,,,7.4,7.5,,,,,
7220204,D01,7.5,,,7.2,6.2,,,,,
7340201,A01,7.4,6.75,,8.8,,,,,,
7340122,D01,7.75,,,7.6,6.0,,,,,
7810201,A00,7.0,6.75,8.2,,,,,,,
7340101,A00,6.25,8.25,7.4,,,,,,,
7340201,D01,7.8,,,7.6,7.25,,,,,
7380107,D01,7.0,,,7.2,7.75,,,,,
7220201,D01,7.2,,,9.4,6.5,,,,,
7540106,B00,7.5,,6.75,,,,6.0,,,
7340205,A00,7.0,6.0,7.0,,,,,,,
7510406,A01,6.25,6.4,,6.8,,,,,,
7810201,D15,,,,7.25,6.75,,,4.0,,
7480201,D07,6.5,,7.2,7.6,,,,,,
7480201,A01,8.25,8.4,,8.2,,,,,,
7220204,D01,7.4,,,8.0,7.75,,,,,
7340120,D01,7.83,,,7.4,7.6,,,,,
7540106,B00,6.4,,7.0,,,,6.75,,,
7510203,A01,7.2,4.25,,6.0,,,,,,
7480201,A00,8.0,7.0,7.0,,,,,,,
7340120,D01,8.33,,,8.2,8.4,,,,,
7480201,A00,7.75,8.25,7.6,,,,,,,
7510203,D07,8.75,,6.6,7.4,,,,,,
7340129,A00,7.0,7.5,6.8,,,,,,,
7480201,A00,6.75,8.5,7.4,,,,,,,
7340201,A01,8.25,6.6,,7.2,,,,,,
7810201,D01,6.5,,,7.0,7.4,,,,,
7340120,D01,7.0,,,8.6,7.6,,,,,
7510401,D07,7.0,,6.8,6.6,,,,,,
7340101,D01,8.0,,,7.2,6.4,,,,,
7510401,A00,4.5,6.0,7.2,,,,,,,
7510401,D07,7.8,,7.75,8.0,,,,,,
7810103,A00,7.4,7.25,7.5,,,,,,,
7340201,A00,7.75,7.0,6.6,,,,,,,
7340129,D01,7.6,,,7.8,5.25,,,,,
7340201,A01,8.0,8.0,,7.4,,,,,,
7340205,D01,5.5,,,6.4,7.8,,,,,
7480201,A00,7.0,7.75,7.6,,,,,,,
7340201,D01,8.0,,,7.4,6.2,,,,,
7340120,D01,8.0,,,6.2,7.4,,,,,
7340101,D01,6.75,,,7.6,7.0,,,,,
7510401,B00,7.75,,7.25,,,,6.8,,,
7380107,D15,,,,9.25,7.25,,,6.2,,
7380107,A00,7.8,7.25,7.25,,,,,,,
7540101,B00,7.25,,8.25,,,,7.4,,,
7340115,A00,8.75,7.25,7.6,,,,,,,
7340101,A00,7.5,8.0,7.8,,,,,,,
7810202,A00,7.8,7.5,6.75,,,,,,,
7220201,A01,7.75,6.0,,7.2,,,,,,
7510301,A00,7.0,6.25,6.25,,,,,,,
7810201,D15,,,,6.25,7.25,,,6.6,,
7340123,A01,7.0,7.4,,7.6,,,,,,
7460108,D01,6.25,,,6.6,4.8,,,,,
7810103,A01,6.75,7.4,,7.0,,,,,,
7340120,D01,7.5,,,7.8,8.0,,,,,
7340101,A01,8.4,7.75,,8.6,,,,,,
7340115,A01,7.75,8.0,,7.8,,,,,,
7810103,D01,7.2,,,7.6,8.0,,,,,
7480202,A01,8.6,7.25,,9.2,,,,,,
7480202,D01,6.2,,,6.4,7.75,,,,,
7380107,D15,,,,7.0,6.25,,,7.0,,
7510202,D01,7.6,,,5.8,6.25,,,,,
7810201,A00,8.25,7.0,8.6,,,,,,,
7480202,D01,7.25,,,8.2,7.4,,,,,
7850101,A00,6.2,6.25,4.75,,,,,,,
7340201,D01,6.6,,,7.8,7.75,,,,,
7340101,D01,7.5,,,6.4,6.6,,,,,
7510401,D07,7.0,,7.6,6.2,,,,,,
7510203,D07,6.25,,6.4,7.8,,,,,,
7540101,D07,8.4,,8.0,8.4,,,,,,
7540101,B00,5.5,,7.75,,,,7.4,,,
7340115,D01,8.0,,,7.8,7.2,,,,,
7340101,D01,7.25,,,7.4,6.4,,,,,
7480202,A01,6.75,7.8,,7.6,,,,,,
7340301,D01,9.25,,,7.6,7.4,,,,,
7510203,D01,7.25,,,7.0,7.8,,,,,
7540101,A00,7.75,8.0,8.0,,,,,,,
7480201,A00,8.2,7.0,7.0,,,,,,,
7340201,D01,6.25,,,7.8,7.4,,,,,
7340201,A00,7.25,8.0,8.0,,,,,,,
7380107,D15,,,,8.0,6.75,,,4.4,,
7480201,A00,8.0,7.0,8.0,,,,,,,
7220201,D01,7.0,,,7.8,8.4,,,,,
7850101,A01,6.25,6.4,,7.8,,,,,,
7340122,A00,7.0,7.5,7.4,,,,,,,
7810202,A00,5.5,6.75,7.2,,,,,,,
7480201,A00,8.6,7.5,7.5,,,,,,,
7480201,D01,8.5,,,8.2,8.2,,,,,
7480201,A00,8.0,7.25,8.2,,,,,,,
7380107,D01,7.0,,,7.6,5.4,,,,,
7540101,D07,7.0,,6.8,8.2,,,,,,
7340120,A01,7.0,7.8,,8.0,,,,,,
7540101,D07,8.4,,8.0,8.8,,,,,,
7340120,A00,8.0,8.25,8.4,,,,,,,
7540105,B00,7.6,,7.5,,,,6.75,,,
7340115,D01,8.25,,,7.2,7.2,,,,,
7480201,D07,8.6,,7.25,9.0,,,,,,
7340101,A00,7.25,6.5,7.2,,,,,,,
7810202,D01,7.0,,,7.6,6.2,,,,,
7340301,D01,7.0,,,6.8,7.0,,,,,
7220201,D01,7.4,,,9.6,6.75,,,,,
7480201,A00,7.6,7.25,8.25,,,,,,,
7540101,A00,8.0,7.0,8.0,,,,,,,
7510303,D01,7.6,,,6.2,6.25,,,,,
7810201,D01,6.5,,,6.8,5.6,,,,,
7340129,A00,7.0,6.75,6.8,,,,,,,
7340205,D01,6.75,,,7.2,6.0,,,,,
7480201,D01,7.4,,,6.6,8.0,,,,,
7340122,A00,7.0,7.5,7.8,,,,,,,
7540101,A01,7.5,7.8,,7.2,,,,,,
7340301,A00,5.5,7.5,6.8,,,,,,,
7340201,D01,8.75,,,7.0,7.2,,,,,
7340122,A01,8.75,7.4,,7.8,,,,,,
7340301,A00,7.8,7.0,8.25,,,,,,,
7480202,A01,7.6,7.0,,7.4,,,,,,
7540101,B00,6.5,,7.75,,,,6.6,,,
7480201,D01,6.5,,,8.2,7.0,,,,,
7540105,D07,7.75,,7.2,7.0,,,,,,
7540101,A01,7.75,7.2,,7.4,,,,,,
7340101,D01,8.0,,,8.6,7.5,,,,,
7380107,D01,7.25,,,7.8,5.6,,,,,
7340301,D01,7.4,,,7.2,8.75,,,,,
7540106,A00,6.25,7.0,7.0,,,,,,,
7340120,A01,7.4,7.5,,8.6,,,,,,
7480201,D01,7.2,,,8.0,7.25,,,,,
7480201,D01,7.6,,,8.8,6.75,,,,,
7510301,D07,7.6,,8.25,7.8,,,,,,
7340101,A00,6.75,6.75,7.8,,,,,,,
7510401,B00,6.8,,7.0,,,,7.75,,,
7810201,D01,7.6,,,8.6,7.0,,,,,
7540204,D01,7.4,,,7.8,7.0,,,,,
7510401,A00,7.25,8.0,7.0,,,,,,,
7480201,D01,7.0,,,7.0,8.0,,,,,
7540106,D07,7.0,,7.75,7.4,,,,,,
7480202,D07,8.25,,8.0,7.4,,,,,,
7810201,A00,8.0,7.0,6.75,,,,,,,
7510401,A01,6.0,5.0,,6.4,,,,,,
7510202,D01,6.0,,,6.8,5.6,,,,,
7480202,A00,5.5,6.0,5.8,,,,,,,
7540204,D01,7.5,,,7.0,6.6,,,,,
7340120,A01,7.75,7.2,,8.4,,,,,,
7380107,D15,,,,7.75,7.75,,,8.4,,
7480201,A00,8.25,7.25,7.0,,,,,,,
7340129,A00,7.25,8.0,8.0,,,,,,,
7340115,D01,6.75,,,7.6,9.2,,,,,
7340122,D01,8.5,,,7.8,7.2,,,,,
7480202,A00,8.0,8.5,7.8,,,,,,,
7340201,A01,6.8,7.5,,8.6,,,,,,
7220201,A01,7.25,9.4,,7.2,,,,,,
7480201,A00,8.2,7.75,7.25,,,,,,,
7480201,A01,8.0,6.75,,7.6,,,,,,
7510303,D01,7.5,,,7.0,7.0,,,,,
7340129,D01,6.75,,,6.2,5.4,,,,,
7810103,A00,6.8,7.5,7.75,,,,,,,
7340101,A01,8.6,7.5,,8.0,,,,,,
7510303,A00,6.25,9.0,7.4,,,,,,,
7480202,D07,7.0,,7.5,7.0,,,,,,
7510202,D01,6.25,,,6.4,6.6,,,,,
7220201,D09,7.75,,,7.0,,6.6,,,,
7340129,D01,6.4,,,6.8,7.0,,,,,
7510203,D01,6.8,,,8.0,6.5,,,,,
7510203,D01,7.2,,,4.6,7.5,,,,,
7340201,A00,7.8,6.75,8.0,,,,,,,
7340101,A00,5.75,7.75,7.8,,,,,,,
7540101,A00,7.0,8.5,7.8,,,,,,,
7810201,D01,8.2,,,7.6,6.75,,,,,
7340120,A00,7.5,7.5,8.0,,,,,,,
7340122,D01,8.0,,,7.0,7.6,,,,,
7340115,A00,7.0,8.25,8.75,,,,,,,
7510401,A00,5.5,5.5,6.4,,,,,,,
7340301,A01,8.0,7.25,,8.6,,,,,,
7340115,D01,7.6,,,9.2,7.5,,,,,
7510202,A00,7.6,5.75,4.0,,,,,,,
7480201,D01,7.25,,,7.8,8.6,,,,,
7340120,A00,6.75,7.5,8.2,,,,,,,
7819009,B00,5.0,,6.25,,,,6.0,,,
7540101,D07,6.5,,8.2,8.2,,,,,,
7220204,A01,8.0,6.4,,7.8,,,,,,
7480201,A00,7.5,8.0,8.2,,,,,,,
7540204,D01,6.6,,,5.8,6.25,,,,,
7819009,A01,5.5,8.4,,7.0,,,,,,
7810201,A00,6.0,6.75,7.4,,,,,,,
7510202,A00,8.0,5.0,6.5,,,,,,,
7380107,A00,7.6,7.75,7.25,,,,,,,
7540101,B00,7.0,,6.75,,,,7.2,,,
7480202,D01,7.0,,,7.2,7.0,,,,,
7480201,D01,7.25,,,7.4,7.8,,,,,
7540101,D07,8.6,,7.75,9.0,,,,,,
7340120,A00,8.5,7.25,6.8,,,,,,,
7540101,B00,8.0,,9.0,,,,8.25,,,
7340201,A00,7.25,7.5,6.2,,,,,,,
7340101,A01,8.6,7.5,,8.0,,,,,,
7540204,A00,8.0,7.75,7.75,,,,,,,
7810202,D01,8.25,,,7.0,7.0,,,,,
7510401,B00,8.8,,8.5,,,,8.25,,,
7480201,A00,7.75,6.5,7.4,,,,,,,
7340120,A00,7.5,7.75,8.4,,,,,,,
7510202,D01,7.25,,,7.4,6.4,,,,,
7380107,A00,7.2,6.75,7.25,,,,,,,
7810201,A00,7.8,8.0,7.25,,,,,,,
7340101,A00,7.0,7.0,7.6,,,,,,,
7510203,D01,7.75,,,7.6,7.2,,,,,
7510301,D01,7.6,,,4.6,7.0,,,,,
7220201,A01,8.0,7.5,,9.0,,,,,,
7340205,A00,6.25,7.0,6.8,,,,,,,
7380107,A00,8.0,7.25,7.25,,,,,,,
7810103,D01,6.5,,,7.0,6.2,,,,,
7510301,A00,8.0,5.0,7.75,,,,,,,
7810103,D01,7.0,,,7.6,6.6,,,,,
7340201,D01,8.0,,,8.6,6.0,,,,,
7340101,A00,8.4,7.75,7.25,,,,,,,
7380107,D15,,,,6.5,7.0,,,6.4,,
7340123,D01,7.25,,,4.0,5.8,,,,,
7819010,A00,6.5,6.5,6.6,,,,,,,
7480201,D01,7.0,,,7.0,8.4,,,,,
7810201,D15,,,,7.5,6.5,,,7.0,,
7420201,B00,6.6,,6.75,,,,7.25,,,
7540101,A01,7.25,7.6,,7.4,,,,,,
7480202,D01,7.0,,,4.0,7.0,,,,,
7819010,A01,7.0,7.2,,7.0,,,,,,
7340115,D01,8.0,,,8.0,9.2,,,,,
7480202,D01,8.0,,,6.4,7.4,,,,,
7510203,A00,7.0,7.75,7.6,,,,,,,
7510303,A00,8.0,7.5,6.75,,,,,,,
7340201,A01,7.0,7.0,,8.0,,,,,,
7480201,D01,7.8,,,7.0,7.75,,,,,
7340201,A00,7.4,7.25,8.0,,,,,,,
7340115,D01,9.0,,,7.2,8.0,,,,,
7340120,D01,7.8,,,7.8,7.75,,,,,
7480201,D07,7.5,,7.8,8.6,,,,,,
7220201,D01,7.6,,,9.0,7.25,,,,,
7510303,D01,6.0,,,7.6,7.0,,,,,
7510202,D01,5.75,,,6.4,5.0,,,,,
7510401,B00,6.6,,6.0,,,,6.0,,,
7420201,A00,7.4,4.25,6.5,,,,,,,
7510303,D01,7.0,,,6.6,7.8,,,,,
7510401,A00,8.75,8.25,8.4,,,,,,,
7340301,A00,7.0,7.25,8.0,,,,,,,
7340129,D01,8.6,,,7.4,6.5,,,,,
7480201,D01,9.25,,,6.6,5.4,,,,,
7460108,A00,7.0,7.25,6.2,,,,,,,
7540101,A00,7.25,7.0,8.4,,,,,,,
7480202,A00,6.75,8.0,7.6,,,,,,,
7220204,D09,9.0,,,6.0,,7.8,,,,
7480201,D07,7.8,,7.75,7.4,,,,,,
7340201,A00,6.75,7.25,8.2,,,,,,,
7340122,D01,7.5,,,8.8,7.0,,,,,
7340301,D01,8.6,,,7.8,8.0,,,,,
7810103,D01,8.2,,,7.8,7.25,,,,,
7480201,A00,8.0,7.5,7.8,,,,,,,
7510303,A00,7.0,6.5,8.4,,,,,,,
7480201,A01,6.5,5.8,,8.2,,,,,,
7340101,A01,7.25,7.6,,7.0,,,,,,
7380107,D15,,,,6.0,8.5,,,4.6,,
7810103,D01,7.0,,,7.2,6.6,,,,,
7819010,A00,6.5,3.75,7.0,,,,,,,
7380107,A00,6.8,6.75,7.75,,,,,,,
7510301,A00,7.8,6.25,7.0,,,,,,,
7540101,D07,7.8,,8.25,7.8,,,,,,
7380107,A00,8.0,6.75,7.5,,,,,,,
7460108,A00,7.5,5.75,7.4,,,,,,,
7819009,B00,5.5,,6.75,,,,6.6,,,
7810201,D15,,,,8.25,7.25,,,6.2,,
7480201,D07,7.6,,7.25,7.6,,,,,,
7340101,D01,8.75,,,6.8,5.6,,,,,
7340115,A01,7.75,8.4,,7.6,,,,,,
7510303,D01,7.4,,,4.4,5.75,,,,,
7220201,D01,8.75,,,7.2,8.4,,,,,
7510203,A00,6.8,7.0,6.0,,,,,,,
7510303,A00,7.2,7.0,8.0,,,,,,,
7510301,D01,6.2,,,6.0,6.25,,,,,
7220201,A01,8.0,7.4,,7.8,,,,,,
7510203,D01,8.2,,,4.4,5.0,,,,,
7510303,A00,9.0,7.25,5.75,,,,,,,
7380107,A00,6.25,7.0,8.0,,,,,,,
7380107,D15,,,,8.25,7.25,,,7.0,,
7510202,D01,6.25,,,7.8,3.8,,,,,
7340301,D01,7.2,,,7.6,7.75,,,,,
7480201,D01,7.2,,,8.0,8.25,,,,,
7220201,A01,7.0,8.0,,8.4,,,,,,
7480201,A00,7.5,8.0,8.8,,,,,,,
7540204,D01,7.75,,,8.6,6.4,,,,,
7340101,A00,7.75,7.75,7.8,,,,,,,
7340120,A00,8.4,8.25,8.0,,,,,,,
7420201,A01,7.75,7.2,,8.4,,,,,,
7340115,D01,8.5,,,7.8,7.0,,,,,
7380107,A00,7.25,8.0,7.8,,,,,,,
7380107,A00,7.75,8.0,7.6,,,,,,,
7510301,A01,7.2,7.0,,6.6,,,,,,
7340101,D01,6.75,,,6.8,7.2,,,,,
7340301,A00,8.0,7.75,8.0,,,,,,,
7810103,D01,7.6,,,7.6,7.75,,,,,
7340201,D01,7.8,,,8.8,6.75,,,,,
7819009,A01,5.75,6.2,,7.6,,,,,,
7540106,B00,6.75,,6.5,,,,6.2,,,
7540101,A00,7.75,7.5,7.4,,,,,,,
7540204,D01,6.4,,,6.6,7.75,,,,,
7340122,A00,7.75,7.5,7.8,,,,,,,
7540101,D07,7.6,,8.25,8.8,,,,,,
7340301,D01,7.25,,,6.0,7.8,,,,,
7510301,A01,5.8,7.0,,6.6,,,,,,
7810103,A01,8.0,7.5,,8.0,,,,,,
7340301,A00,6.5,6.0,7.4,,,,,,,
7810202,D01,6.5,,,7.0,7.4,,,,,
7480201,D01,8.0,,,7.6,8.5,,,,,
7380107,D15,,,,5.75,6.5,,,7.6,,
7220201,D01,8.5,,,8.6,5.8,,,,,
7480202,A00,7.6,5.75,7.25,,,,,,,
7420201,B00,6.5,,6.0,,,,7.0,,,
7540106,A00,7.6,5.5,6.0,,,,,,,
7340122,D01,7.25,,,7.8,7.0,,,,,
7520115,A00,6.0,7.0,5.2,,,,,,,
7340120,D01,7.5,,,7.6,7.6,,,,,
7340120,A00,5.75,8.0,7.8,,,,,,,
7510303,D01,7.2,,,4.4,5.75,,,,,
7420201,B00,7.6,,7.5,,,,5.0,,,
7510401,A00,7.2,6.5,6.25,,,,,,,
7540101,A00,8.75,8.0,7.6,,,,,,,
7340201,D01,8.25,,,6.8,6.6,,,,,
7380107,D01,7.8,,,8.0,8.0,,,,,
7380107,D01,7.5,,,6.2,6.0,,,,,
7810103,A01,6.75,6.2,,6.8,,,,,,
7510203,D01,7.25,,,5.8,5.8,,,,,
7340201,D01,8.0,,,7.2,6.6,,,,,
7810202,D15,,,,6.0,7.5,,,5.0,,
7480202,A00,7.4,6.5,5.5,,,,,,,
7340120,D01,9.5,,,6.0,6.0,,,,,
7480202,A00,8.0,6.0,6.75,,,,,,,
7340120,A01,7.75,8.6,,7.6,,,,,,
7480201,D07,7.0,,7.2,7.4,,,,,,
7340301,A00,6.0,8.0,8.0,,,,,,,
7340101,D01,8.2,,,9.4,7.25,,,,,
7480201,A00,9.0,4.5,7.4,,,,,,,
7510401,A01,8.6,7.5,,8.0,,,,,,
7380107,D01,7.5,,,5.6,6.8,,,,,
7340101,D01,5.75,,,7.4,7.8,,,,,
7510301,D07,6.8,,7.75,8.4,,,,,,
7340115,D01,8.4,,,9.0,8.25,,,,,
7340129,D01,7.5,,,6.6,7.4,,,,,
7510401,A00,6.5,6.0,7.0,,,,,,,
7340101,D01,7.6,,,8.8,7.25,,,,,
7340201,A00,7.0,7.0,8.0,,,,,,,
7380107,D01,7.6,,,8.0,6.75,,,,,
7220201,D01,7.2,,,9.8,7.0,,,,,
7480201,A01,8.0,7.75,,8.0,,,,,,
7480201,D07,7.25,,8.4,7.6,,,,,,
7510202,A00,5.5,6.25,5.8,,,,,,,
7340101,D01,6.25,,,8.0,7.2,,,,,
7510303,A00,7.25,6.25,7.8,,,,,,,
7480201,A00,7.0,6.0,8.8,,,,,,,
7420201,B00,7.5,,6.5,,,,7.6,,,
7340205,D01,7.25,,,5.6,6.0,,,,,
7810103,A00,6.25,6.75,6.6,,,,,,,
7540106,B00,7.25,,5.75,,,,8.0,,,
7340101,A00,8.0,7.75,7.75,,,,,,,
7480201,A01,8.25,8.4,,6.8,,,,,,
7480202,D01,7.0,,,8.2,6.0,,,,,
7340101,D01,8.5,,,6.8,5.8,,,,,
7340115,A00,7.25,8.75,7.8,,,,,,,
7540101,A00,7.75,6.75,7.0,,,,,,,
7340301,A00,7.0,8.5,7.4,,,,,,,
7340301,A00,8.8,7.25,6.75,,,,,,,
7340101,D01,6.75,,,7.0,8.2,,,,,
7420201,A00,7.8,7.25,6.75,,,,,,,
7340301,A00,6.5,7.0,6.8,,,,,,,
7340115,D01,7.75,,,8.2,8.2,,,,,
7540106,A00,8.2,5.0,7.25,,,,,,,
7220204,A01,7.0,6.4,,8.2,,,,,,
7420201,B00,7.75,,8.25,,,,7.4,,,
7810201,A00,7.25,7.25,7.4,,,,,,,
7380107,A00,6.25,7.5,6.6,,,,,,,
7340122,A01,8.0,7.6,,7.0,,,,,,
7340123,A01,7.0,6.0,,8.0,,,,,,
7540101,D07,7.8,,8.75,8.0,,,,,,
7540101,B00,7.25,,8.25,,,,7.2,,,
7340101,D01,7.5,,,6.4,6.6,,,,,
7510301,A00,8.2,5.0,5.75,,,,,,,
7340120,A00,7.0,7.75,7.6,,,,,,,
7340129,A00,6.75,5.75,8.8,,,,,,,
7510202,A01,8.4,7.5,,7.4,,,,,,
7340129,D01,7.4,,,7.6,5.75,,,,,
7220201,D01,7.8,,,8.4,7.25,,,,,
7510401,A00,6.25,8.5,7.4,,,,,,,
7340120,D01,7.25,,,8.2,7.4,,,,,
7380107,A00,7.75,7.25,7.8,,,,,,,
7810201,D01,7.0,,,8.0,7.25,,,,,
7510303,A01,5.75,8.0,,7.0,,,,,,
7480201,A00,8.0,8.0,7.0,,,,,,,
7480201,D07,7.0,,7.4,7.2,,,,,,
7540106,D07,6.8,,8.0,6.8,,,,,,
7340115,D01,7.75,,,7.8,7.4,,,,,
7819010,A00,5.5,6.75,7.0,,,,,,,
7810103,A00,5.75,8.0,7.0,,,,,,,
7510401,B00,6.6,,7.5,,,,5.25,,,
7510202,D01,7.25,,,7.8,5.4,,,,,
7810103,D01,7.5,,,6.6,5.8,,,,,
7810103,A00,7.4,7.25,7.25,,,,,,,
7340201,A00,6.25,7.5,6.6,,,,,,,
7340201,D01,7.6,,,8.0,7.0,,,,,
7340115,A00,7.75,8.25,8.0,,,,,,,
7480201,A00,7.5,7.0,6.6,,,,,,,
7340129,A00,7.0,7.25,8.2,,,,,,,
7540101,A00,7.75,7.75,8.8,,,,,,,
7810103,D01,7.0,,,7.2,8.2,,,,,
7510401,A00,7.2,6.5,6.75,,,,,,,
7480202,A01,7.25,7.4,,7.6,,,,,,
7540105,D07,7.25,,5.4,6.4,,,,,,
7510401,A00,7.0,7.5,7.8,,,,,,,
7480202,D07,7.5,,7.0,7.6,,,,,,
7340115,D01,8.75,,,7.4,7.6,,,,,
7340129,D01,7.5,,,7.6,6.2,,,,,
7510202,D07,5.75,,5.2,6.6,,,,,,
7340122,A00,7.75,7.5,7.2,,,,,,,
7510301,D01,7.4,,,5.2,5.75,,,,,
7340201,A00,6.25,7.25,7.2,,,,,,,
7810103,D01,8.0,,,6.4,6.0,,,,,
7340120,A00,8.25,6.75,8.0,,,,,,,
7340115,D01,7.5,,,7.4,7.6,,,,,
7819010,D07,6.5,,7.6,4.8,,,,,,
7540101,A00,7.5,7.5,7.6,,,,,,,
7340101,A00,7.75,7.5,7.8,,,,,,,
7819010,B00,6.25,,6.75,,,,6.8,,,
7340120,D01,7.2,,,8.6,8.0,,,,,
7420201,A00,7.0,4.5,6.25,,,,,,,
7480201,D07,8.25,,7.6,8.0,,,,,,
7510401,D07,7.25,,7.0,7.6,,,,,,
7340301,A00,7.4,7.5,8.25,,,,,,,
7220204,A01,7.75,6.8,,7.2,,,,,,
7510303,D01,6.75,,,7.8,7.0,,,,,
7510406,D07,6.5,,5.8,7.2,,,,,,
7480202,D01,7.6,,,5.4,7.75,,,,,
7220201,D01,8.25,,,7.2,8.0,,,,,
7540101,B00,7.5,,7.75,,,,7.2,,,
7340120,A01,8.2,7.25,,7.8,,,,,,
7810103,D15,,,,6.5,8.25,,,7.4,,
7220201,D01,8.0,,,9.0,8.25,,,,,
7340120,D01,8.0,,,7.0,8.25,,,,,
7480202,A00,6.6,7.5,5.5,,,,,,,
7480201,A00,8.4,7.25,7.25,,,,,,,
7510301,D01,6.4,,,7.4,6.0,,,,,
7340120,A01,8.25,8.4,,8.0,,,,,,
7220201,D01,7.0,,,8.6,7.5,,,,,
7480201,D01,8.75,,,7.8,6.4,,,,,
7340123,D01,7.6,,,6.8,7.0,,,,,
7340123,A00,6.25,6.75,7.0,,,,,,,
7340129,D01,6.5,,,7.6,7.6,,,,,
7340115,A00,6.75,8.25,7.8,,,,,,,
7340101,A01,8.4,8.0,,8.6,,,,,,
7340120,D01,7.8,,,8.4,7.0,,,,,
7810201,D01,7.8,,,6.2,7.75,,,,,
7340115,D01,8.25,,,8.2,7.2,,,,,
7480201,D01,8.0,,,7.4,6.8,,,,,
7340120,A01,8.4,7.0,,8.6,,,,,,
7480201,A01,8.0,7.8,,8.4,,,,,,
7510202,D01,7.0,,,2.8,6.25,,,,,
7510303,A00,7.75,6.75,7.4,,,,,,,
7510202,D01,6.4,,,3.4,5.5,,,,,
7340115,D01,8.0,,,7.4,7.2,,,,,
7540204,D01,8.0,,,4.2,6.25,,,,,
7510301,A00,6.8,5.5,6.25,,,,,,,
7220201,D01,8.0,,,7.0,6.8,,,,,
7340301,D01,7.2,,,8.6,7.75,,,,,
7340101,D01,8.25,,,7.0,6.0,,,,,
7480201,D07,8.2,,7.25,7.6,,,,,,
7480201,D07,7.2,,7.75,9.2,,,,,,
7340201,A00,6.75,7.5,7.6,,,,,,,
7340101,A00,6.75,7.5,8.0,,,,,,,
7340115,A00,6.25,8.0,8.0,,,,,,,
7540204,D01,7.0,,,7.4,6.0,,,,,
7540106,A00,6.8,7.25,6.75,,,,,,,
7510301,D07,7.25,,7.2,7.0,,,,,,
7540106,B00,7.25,,5.5,,,,6.2,,,
7810103,D15,,,,6.0,7.5,,,7.6,,
7340120,A00,7.5,8.25,8.2,,,,,,,
7480201,A01,7.25,7.4,,8.0,,,,,,
7340201,D01,7.8,,,9.2,6.75,,,,,
7340115,D01,8.5,,,7.4,7.4,,,,,
7340120,D01,7.0,,,7.4,7.8,,,,,
7540101,A00,6.5,7.25,8.4,,,,,,,
7810202,D01,7.75,,,6.4,6.2,,,,,
7510301,D01,6.6,,,7.0,6.5,,,,,
7540101,D07,8.6,,8.0,8.6,,,,,,
7420201,A00,7.4,6.75,7.75,,,,,,,
7510203,D01,7.2,,,6.0,3.5,,,,,
7480201,D01,6.6,,,9.2,7.0,,,,,
7510203,D01,7.2,,,4.8,4.0,,,,,
7510303,A00,5.5,6.0,7.6,,,,,,,
7480201,D07,7.5,,7.8,7.2,,,,,,
7340122,D01,8.5,,,7.6,7.2,,,,,
7340301,A00,8.4,7.5,8.25,,,,,,,
7540101,B00,7.75,,7.75,,,,6.8,,,
7340101,A01,7.8,7.5,,9.2,,,,,,
7520115,A00,5.5,5.5,6.6,,,,,,,
7540101,B00,7.75,,6.25,,,,6.6,,,
7540101,A01,7.4,7.5,,9.2,,,,,,
7340201,D01,8.5,,,7.6,7.4,,,,,
7340101,A00,8.2,7.75,7.75,,,,,,,
7340115,A00,7.25,9.25,7.4,,,,,,,
7480202,A01,7.5,7.0,,8.6,,,,,,
7380107,D01,7.5,,,7.6,7.4,,,,,
7340115,A01,8.4,7.25,,9.2,,,,,,
7480202,A00,6.6,5.0,6.75,,,,,,,
7480201,D01,8.4,,,7.4,6.75,,,,,
7510203,D01,6.75,,,7.8,6.0,,,,,
7510303,A01,6.5,7.2,,6.8,,,,,,
7480201,D01,7.75,,,7.4,9.0,,,,,
7340120,D01,7.4,,,8.6,7.5,,,,,
7510301,A00,6.0,4.25,7.0,,,,,,,
7810202,A00,7.25,7.0,7.8,,,,,,,
7340301,A00,8.25,8.5,7.6,,,,,,,
7510301,D01,7.4,,,3.6,7.5,,,,,
7810103,D01,7.4,,,6.8,8.0,,,,,
7480201,A00,7.5,8.0,7.8,,,,,,,
7340101,A00,7.75,7.5,6.6,,,,,,,
7510303,D07,7.25,,7.2,7.4,,,,,,
7380107,D01,7.5,,,6.4,5.6,,,,,
7480201,D01,6.75,,,7.8,8.8,,,,,
7480201,D01,8.0,,,6.2,7.0,,,,,
7510203,D01,6.5,,,7.4,7.2,,,,,
7810103,A00,8.2,8.0,8.0,,,,,,,
7340120,D01,7.0,,,8.4,8.0,,,,,
7340122,D01,8.25,,,8.0,7.8,,,,,
7540101,B00,9.0,,8.0,,,,6.75,,,
7340301,D01,8.4,,,6.4,8.5,,,,,
7480202,D01,8.2,,,4.4,5.0,,,,,
7510203,D01,6.0,,,7.2,3.4,,,,,
7340301,A00,8.4,7.0,7.5,,,,,,,
7340120,D01,8.25,,,7.2,7.0,,,,,
7510301,D01,7.25,,,6.2,3.6,,,,,
7510303,A00,7.4,6.5,4.0,,,,,,,
7540101,D07,6.75,,7.6,7.6,,,,,,
7420201,B00,8.4,,7.5,,,,7.25,,,
7520115,D01,6.0,,,8.0,6.25,,,,,
7340115,D01,7.5,,,7.8,7.4,,,,,
7480201,A00,7.8,6.75,8.0,,,,,,,
7340201,A00,7.75,7.5,7.2,,,,,,,
7340301,A00,7.75,7.0,7.8,,,,,,,
7540101,B00,8.2,,7.0,,,,8.5,,,
7340120,D01,8.0,,,8.0,7.0,,,,,
7510301,A01,8.0,6.8,,8.0,,,,,,
7420201,A00,6.25,7.5,7.2,,,,,,,
7340201,A00,7.25,8.25,7.6,,,,,,,
7540101,D07,8.75,,7.8,7.4,,,,,,
7340101,A01,7.75,8.0,,7.8,,,,,,
7340122,D01,7.0,,,7.8,7.0,,,,,
7510303,A00,6.5,7.25,7.4,,,,,,,
7540101,A00,7.5,7.25,7.8,,,,,,,
7480202,A00,6.75,8.0,7.2,,,,,,,
7540101,D07,8.2,,7.25,8.0,,,,,,
7480202,A01,7.25,7.6,,7.6,,,,,,
7340301,A00,8.0,7.75,8.2,,,,,,,
7480202,D01,8.0,,,6.0,7.8,,,,,
7220201,D09,7.75,,,7.8,,8.0,,,,
7480201,A00,8.6,7.25,7.5,,,,,,,
7220201,D01,6.8,,,9.2,7.75,,,,,
7340120,A00,9.0,6.25,8.0,,,,,,,
7340120,A00,7.6,8.0,7.5,,,,,,,
7510401,D07,7.4,,8.0,5.6,,,,,,
7510401,A00,7.75,6.0,6.6,,,,,,,
7340201,A00,6.5,6.75,8.4,,,,,,,
7480201,A01,8.5,8.6,,7.6,,,,,,
7220201,D01,8.0,,,6.8,8.4,,,,,
7220204,D01,7.0,,,8.8,6.5,,,,,
7540204,A00,6.25,7.25,7.4,,,,,,,
7340201,D01,7.5,,,7.8,4.8,,,,,
7220204,D01,7.25,,,8.0,8.2,,,,,
7819010,A00,7.25,6.0,8.4,,,,,,,
7480201,A00,7.0,8.25,8.4,,,,,,,
7340101,D01,8.0,,,7.0,6.6,,,,,
7810202,D01,7.0,,,6.2,5.8,,,,,
7480201,A01,7.75,7.4,,8.4,,,,,,
7340301,A00,7.75,8.25,7.4,,,,,,,
7340122,A00,7.5,6.75,8.2,,,,,,,
7510303,D01,7.25,,,6.8,7.0,,,,,
7810202,D01,7.6,,,7.0,7.75,,,,,
7510203,A00,7.4,7.0,6.25,,,,,,,
7480201,D01,7.25,,,7.6,6.8,,,,,
7540101,D07,8.6,,8.0,8.0,,,,,,
7340101,D01,7.25,,,7.8,7.6,,,,,
7380107,A00,8.2,6.5,7.5,,,,,,,
7510303,D01,6.0,,,4.6,7.25,,,,,
7340101,A00,8.6,6.75,8.0,,,,,,,
7850101,A00,5.25,5.75,6.0,,,,,,,
7380107,A01,6.5,5.6,,7.0,,,,,,
7480201,D07,6.5,,8.6,7.8,,,,,,
7810103,D15,,,,6.75,6.5,,,5.0,,
7340201,A00,7.25,7.75,8.0,,,,,,,
7810201,A00,7.25,7.25,8.0,,,,,,,
7810103,D01,6.75,,,6.2,5.4,,,,,
7540101,A01,7.5,7.8,,7.4,,,,,,
7340115,D01,8.25,,,8.0,6.4,,,,,
7510401,A00,7.4,7.0,8.75,,,,,,,
7480201,A01,8.25,9.0,,7.8,,,,,,
7480202,A00,7.6,7.0,6.75,,,,,,,
7540101,B00,7.0,,7.25,,,,7.8,,,
7340129,D01,7.25,,,6.2,6.8,,,,,
7540101,A00,7.5,8.5,7.6,,,,,,,
7340115,A00,7.75,7.75,8.2,,,,,,,
7510301,D01,6.5,,,7.2,5.0,,,,,
7480201,A00,7.8,8.0,7.75,,,,,,,
7510303,D01,7.5,,,8.4,5.4,,,,,
7520115,D07,7.25,,5.8,6.8,,,,,,
7340120,D01,7.75,,,7.0,6.4,,,,,
7510202,D01,6.5,,,6.6,4.8,,,,,
7380107,D15,,,,8.5,7.75,,,4.0,,
7340201,D01,7.6,,,8.6,6.5,,,,,
7340120,D01,7.75,,,6.6,7.0,,,,,
7340101,D01,7.5,,,7.6,8.2,,,,,
7510301,A00,7.4,5.75,6.75,,,,,,,
7480201,D01,7.25,,,7.0,8.0,,,,,
7810103,D15,,,,6.5,7.75,,,8.4,,
7220204,D01,7.25,,,6.6,6.8,,,,,
7340115,D01,8.0,,,8.2,6.4,,,,,
7340120,A00,7.5,7.5,7.4,,,,,,,
7510203,D01,5.0,,,7.0,3.8,,,,,
7540101,A01,7.5,8.2,,6.6,,,,,,
7340115,A00,8.4,6.75,8.5,,,,,,,
7480201,A00,8.2,7.0,8.0,,,,,,,
7340115,D01,7.6,,,8.0,8.5,,,,,
7340120,A00,7.0,7.25,7.0,,,,,,,
7540105,B00,6.0,,5.25,,,,5.0,,,
7480202,D01,6.0,,,7.2,7.0,,,,,
7340115,D01,9.25,,,7.2,6.8,,,,,
7510401,A00,6.8,6.0,7.75,,,,,,,
7340101,D01,8.25,,,7.6,6.4,,,,,
7510401,A00,8.0,7.5,8.4,,,,,,,
7540204,D01,6.5,,,8.0,5.8,,,,,
7380107,A01,7.0,7.4,,7.2,,,,,,
7480201,A00,6.25,7.25,8.4,,,,,,,
7380107,A00,7.25,5.5,6.4,,,,,,,
7480201,A00,8.4,6.75,8.25,,,,,,,
7340101,A01,8.2,8.25,,8.6,,,,,,
7810202,D01,9.0,,,6.0,6.4,,,,,
7810202,D01,6.8,,,7.0,8.0,,,,,
7340115,A01,6.75,8.4,,7.6,,,,,,
7340101,D01,8.5,,,7.4,5.6,,,,,
7510202,A00,8.0,7.5,6.0,,,,,,,
7420201,B00,6.5,,6.25,,,,8.6,,,
7810103,D01,7.75,,,7.4,6.4,,,,,
7480202,A01,7.0,7.2,,8.0,,,,,,
7540101,D07,9.25,,7.8,7.6,,,,,,
7340201,D01,7.4,,,7.4,7.5,,,,,
7480201,D07,7.25,,6.0,7.4,,,,,,
7340129,A00,7.0,6.5,7.6,,,,,,,
7340101,A00,7.5,7.25,8.6,,,,,,,
7480201,A00,7.2,8.0,8.0,,,,,,,
7480201,A01,8.2,6.0,,9.0,,,,,,
7340101,A01,8.2,7.0,,8.4,,,,,,
7480202,D01,7.5,,,6.6,6.4,,,,,
7340201,A00,7.5,7.75,7.4,,,,,,,
7480201,D01,6.5,,,7.6,7.0,,,,,
7340201,A01,8.0,6.25,,8.8,,,,,,
7220201,D01,8.8,,,8.4,6.75,,,,,
7480201,D01,7.75,,,6.8,7.4,,,,,
7510303,D01,7.0,,,8.2,6.6,,,,,
7340201,A01,7.75,9.0,,7.2,,,,,,
7480202,D01,7.25,,,7.8,7.6,,,,,
7480202,D01,6.4,,,6.6,8.25,,,,,
7380107,D01,7.5,,,5.8,6.0,,,,,
7340115,A01,7.75,7.6,,7.6,,,,,,
7540101,D07,8.0,,8.0,8.2,,,,,,
7340101,A00,7.6,8.0,8.0,,,,,,,
7340301,A00,8.6,7.25,7.5,,,,,,,
7340201,A00,6.0,7.5,7.4,,,,,,,
7380107,A00,7.6,7.0,7.25,,,,,,,
7420201,B00,4.8,,6.25,,,,5.5,,,
7340101,A00,8.25,7.75,7.0,,,,,,,
7220201,D01,7.5,,,7.2,8.2,,,,,
7220204,D01,8.0,,,7.0,8.5,,,,,
7340101,A01,8.25,7.8,,7.8,,,,,,
7340101,A00,7.0,7.5,7.2,,,,,,,
7220201,D09,7.5,,,6.8,,7.8,,,,
7510303,A00,7.25,6.5,7.8,,,,,,,
7340101,A00,6.25,7.5,7.2,,,,,,,
7810202,D01,8.6,,,8.6,6.5,,,,,
7510401,D07,6.75,,7.2,7.4,,,,,,
7540101,B00,7.8,,8.5,,,,8.0,,,
7810201,D01,7.4,,,8.6,7.25,,,,,
7480201,A01,8.4,7.5,,7.8,,,,,,
7340115,A00,8.0,8.0,7.4,,,,,,,
7480201,A00,7.0,7.5,7.4,,,,,,,
7220201,D01,9.0,,,7.0,7.0,,,,,
7540204,A00,6.6,7.0,7.75,,,,,,,
7340115,A00,7.75,8.25,7.8,,,,,,,
7380107,A00,7.8,6.25,8.25,,,,,,,
7510401,B00,7.4,,7.5,,,,6.75,,,
7340101,A00,7.25,8.25,8.2,,,,,,,
7480201,A01,7.6,7.25,,8.2,,,,,,
7340301,D01,8.0,,,7.4,7.6,,,,,
7819009,D07,6.5,,6.0,6.4,,,,,,
7480201,D07,9.0,,7.8,7.4,,,,,,
7480202,D01,6.6,,,8.0,5.75,,,,,
7480201,A00,7.8,6.75,7.75,,,,,,,
7340101,D01,7.75,,,7.2,7.2,,,,,
7510401,A00,5.25,5.75,6.8,,,,,,,
7819010,B00,6.0,,6.5,,,,6.8,,,
7340123,D01,7.25,,,7.8,5.2,,,,,
7220204,D01,7.6,,,8.0,7.75,,,,,
7480201,D07,7.25,,8.0,7.2,,,,,,
7510401,A00,6.75,7.75,8.4,,,,,,,
7340120,A00,7.25,8.5,6.8,,,,,,,
7380107,A00,6.25,7.5,7.2,,,,,,,
7480202,A00,7.5,7.5,7.6,,,,,,,
7340201,A01,8.0,7.75,,8.6,,,,,,
7480201,D01,7.4,,,7.0,7.75,,,,,
7340115,D01,7.6,,,8.4,7.25,,,,,
7510303,D01,7.0,,,5.6,5.25,,,,,
7340301,D01,8.0,,,6.6,7.5,,,,,
7340120,A00,7.5,8.25,7.6,,,,,,,
7810201,A00,8.25,7.25,7.8,,,,,,,
7480201,A00,8.2,7.25,8.25,,,,,,,
7340301,D01,7.6,,,7.6,8.0,,,,,
7810103,D15,,,,8.0,6.75,,,5.8,,
7340201,D01,8.0,,,8.6,8.4,,,,,
7340101,D01,7.5,,,7.8,7.4,,,,,
7340122,D01,8.5,,,7.0,6.6,,,,,
7510401,A00,7.25,7.5,7.4,,,,,,,
7819009,B00,6.25,,6.25,,,,6.6,,,
7340201,A00,7.25,8.0,7.6,,,,,,,
7480201,D01,7.2,,,8.2,7.0,,,,,
7420201,B00,6.75,,7.5,,,,7.4,,,
7810201,D01,7.25,,,6.4,7.2,,,,,
7380107,D01,7.2,,,5.8,9.0,,,,,
7340101,A00,8.6,7.5,7.25,,,,,,,
7340205,A00,4.0,7.75,6.8,,,,,,,
7340129,A00,7.25,7.25,6.4,,,,,,,
7380107,D01,7.8,,,7.8,6.5,,,,,
7540204,D01,7.4,,,4.0,7.75,,,,,
7340115,D01,7.4,,,9.0,7.75,,,,,
7480201,A00,7.0,8.0,8.0,,,,,,,
7340122,D01,8.5,,,8.2,5.8,,,,,
7340115,A00,7.25,7.75,8.6,,,,,,,
7480201,D01,8.0,,,7.4,8.0,,,,,
7510301,A00,7.4,5.75,6.25,,,,,,,
7340120,A00,8.25,7.25,8.2,,,,,,,
7810201,D01,6.5,,,6.4,8.0,,,,,
7340201,D01,7.6,,,9.2,7.0,,,,,
7220204,A01,7.5,6.6,,7.2,,,,,,
7480202,A00,6.25,6.25,7.2,,,,,,,
7340101,A00,7.5,8.5,6.0,,,,,,,
7480201,D01,8.6,,,7.2,7.0,,,,,
7510203,A01,7.25,8.2,,7.4,,,,,,
7340115,A00,7.5,8.25,7.6,,,,,,,
7340201,A00,7.0,8.75,7.8,,,,,,,
7340301,D01,7.8,,,8.6,6.75,,,,,
7340205,D01,6.5,,,6.8,4.8,,,,,
7540101,A00,8.0,6.75,7.4,,,,,,,
7510303,D01,6.5,,,7.2,6.4,,,,,
7340201,D01,7.4,,,7.2,8.5,,,,,
7810201,D01,7.8,,,8.4,7.25,,,,,
7380107,A01,8.25,6.6,,7.6,,,,,,
7460108,D07,8.0,,6.0,7.6,,,,,,
7510301,A00,5.75,7.25,7.6,,,,,,,
7480201,D01,8.0,,,7.8,9.0,,,,,
7380107,D15,,,,7.5,7.5,,,4.4,,
7510203,A01,5.25,7.6,,8.8,,,,,,
7380107,A01,7.4,7.75,,8.4,,,,,,
7810201,A00,6.0,7.5,7.4,,,,,,,
7340115,A00,7.75,8.0,7.4,,,,,,,
7340101,A00,7.5,6.75,8.0,,,,,,,
7810202,D01,8.8,,,7.2,7.25,,,,,
7510203,D01,6.25,,,5.8,5.2,,,,,
7480202,A01,7.2,6.5,,7.2,,,,,,
7340115,D01,8.0,,,7.6,7.2,,,,,
7810201,D01,8.25,,,7.2,6.8,,,,,
7510202,D01,6.5,,,5.8,5.0,,,,,
7510202,D01,6.5,,,7.0,6.6,,,,,
7340201,A00,7.0,6.75,8.2,,,,,,,
7340101,D01,8.25,,,7.0,7.0,,,,,
7540101,A00,6.75,8.25,7.6,,,,,,,
7220201,D01,7.2,,,9.2,8.75,,,,,
7510406,D07,5.0,,5.4,6.2,,,,,,
7340123,D01,7.0,,,7.0,7.8,,,,,
7380107,D01,8.0,,,6.6,7.5,,,,,
7540101,A00,9.0,8.25,7.75,,,,,,,
7480201,D07,7.75,,9.0,7.4,,,,,,
7810201,D01,7.2,,,6.6,8.0,,,,,
7850101,A00,8.0,7.5,7.75,,,,,,,
7540101,A00,8.75,8.0,7.0,,,,,,,
7810201,D15,,,,7.0,6.75,,,4.4,,
7850101,B00,6.4,,6.5,,,,5.0,,,
7340129,D01,6.5,,,6.4,5.2,,,,,
7810201,A00,7.6,7.0,7.75,,,,,,,
7340101,A01,8.8,6.75,,8.4,,,,,,
7480201,D01,6.5,,,7.4,7.6,,,,,
7340101,A00,7.0,8.0,7.4,,,,,,,
7380107,A00,7.75,8.0,7.2,,,,,,,
7220201,D01,7.6,,,7.6,8.5,,,,,
7520115,A00,6.0,5.0,6.2,,,,,,,
7340301,A00,7.0,8.25,8.0,,,,,,,
7510202,A00,4.75,4.75,7.6,,,,,,,
7340101,A00,7.75,7.75,8.0,,,,,,,
7480201,A00,6.0,6.75,8.2,,,,,,,
7340120,D01,8.25,,,7.6,7.4,,,,,
7540204,A01,7.8,6.5,,5.8,,,,,,
7480201,D01,6.75,,,8.0,9.4,,,,,
7340115,A00,8.4,7.25,8.0,,,,,,,
7510401,A00,6.0,7.75,7.4,,,,,,,
7340301,A00,6.75,8.75,7.2,,,,,,,
7510401,A00,5.0,6.5,5.6,,,,,,,
7819010,B00,6.25,,5.75,,,,7.0,,,
7340115,A00,8.25,8.25,7.0,,,,,,,
7510303,D01,7.75,,,8.0,5.0,,,,,
7220204,D09,9.0,,,6.8,,5.4,,,,
7340115,D01,7.75,,,6.8,7.8,,,,,
7380107,D01,6.6,,,6.8,7.75,,,,,
7340129,D01,7.25,,,6.2,4.8,,,,,
7340201,A01,7.8,8.0,,8.4,,,,,,
7340101,A01,8.0,8.25,,9.0,,,,,,
7340120,D01,8.25,,,8.0,7.4,,,,,
7380107,D15,,,,7.0,7.0,,,7.8,,
7340201,A00,7.8,7.5,8.0,,,,,,,
7510303,D01,6.4,,,4.6,6.25,,,,,
7480202,D01,7.8,,,6.4,6.0,,,,,
7220204,D01,6.6,,,7.2,9.0,,,,,
7540106,D07,7.6,,7.5,7.0,,,,,,
7819010,A00,6.5,7.5,8.2,,,,,,,
7510301,A01,8.0,6.5,,7.6,,,,,,
7340201,D01,7.4,,,6.2,8.5,,,,,
7540101,A00,7.25,8.0,7.2,,,,,,,
7540101,A00,7.5,8.0,8.0,,,,,,,
7540106,D07,6.5,,7.0,7.4,,,,,,
7480202,A00,7.6,6.5,7.5,,,,,,,
7510203,A00,6.5,7.5,6.6,,,,,,,
7340129,A00,8.0,7.75,7.6,,,,,,,
7810202,D01,7.6,,,8.0,6.25,,,,,
7220204,D01,6.8,,,8.2,7.75,,,,,
7810202,A00,7.25,7.75,7.8,,,,,,,
7810202,A00,6.5,7.5,8.0,,,,,,,
7510303,D01,7.6,,,5.6,6.75,,,,,
7340201,D01,7.2,,,7.2,8.5,,,,,
7340201,D01,7.6,,,7.8,7.5,,,,,
7540106,D07,7.8,,7.25,6.0,,,,,,
7340120,A01,8.5,7.0,,8.2,,,,,,
7460108,D01,8.75,,,7.6,6.4,,,,,
7340201,D01,7.8,,,8.0,7.75,,,,,
7340101,A00,9.0,6.75,8.25,,,,,,,
7340201,D01,5.75,,,7.6,8.0,,,,,
7340101,A00,7.75,7.5,7.0,,,,,,,
7510203,D07,7.5,,6.4,7.0,,,,,,
7810201,A01,6.75,8.6,,7.8,,,,,,
7510303,D01,6.2,,,6.2,6.75,,,,,
7340120,D01,7.75,,,8.2,7.4,,,,,
7480201,A01,7.6,7.75,,6.8,,,,,,
7540204,D01,4.5,,,6.2,4.8,,,,,
7510401,A00,7.75,7.5,8.2,,,,,,,
7520115,D01,7.0,,,6.2,5.4,,,,,
7340115,D01,8.0,,,7.8,7.8,,,,,
7340115,A00,8.0,8.0,7.4,,,,,,,
7340122,A00,8.0,7.75,7.4,,,,,,,
7340301,D01,7.0,,,8.2,6.6,,,,,
7340101,D01,7.6,,,7.6,8.75,,,,,
7540101,A00,6.5,7.25,7.4,,,,,,,
7540101,B00,7.0,,9.25,,,,8.0,,,
7220201,D09,8.25,,,5.6,,7.8,,,,
7480201,D07,7.75,,6.6,7.0,,,,,,
7340120,A00,6.5,7.75,7.6,,,,,,,
7540101,B00,8.25,,7.0,,,,8.0,,,
7810202,D01,7.8,,,8.6,7.25,,,,,
7480201,A00,7.8,7.0,7.5,,,,,,,
7540204,D01,7.2,,,4.6,7.5,,,,,
7340101,D01,6.6,,,8.6,8.25,,,,,
7340201,A01,6.5,8.2,,8.0,,,,,,
7340120,A00,8.25,7.25,7.8,,,,,,,
7340201,A00,7.5,7.75,7.8,,,,,,,
7340201,D01,7.6,,,7.4,7.75,,,,,
7380107,A00,5.75,6.0,7.2,,,,,,,
7340129,D01,6.4,,,7.2,6.5,,,,,
7480201,A01,7.25,7.6,,8.2,,,,,,
7480202,A00,6.5,7.0,7.0,,,,,,,
7460108,A00,6.75,6.75,6.2,,,,,,,
7510303,D07,7.5,,8.0,8.0,,,,,,
7420201,B00,5.5,,7.5,,,,7.4,,,
7340120,D01,7.5,,,8.0,7.2,,,,,
7340120,D01,8.2,,,9.0,8.25,,,,,
7340120,A00,9.0,8.75,7.6,,,,,,,
7480202,D01,6.0,,,7.8,6.2,,,,,
7480201,A00,7.5,6.5,8.2,,,,,,,
7510301,D01,7.2,,,5.4,6.5,,,,,
7340301,D01,7.5,,,7.8,8.4,,,,,
7480201,D07,8.0,,5.6,7.2,,,,,,
7340120,A01,6.25,9.2,,6.6,,,,,,
7340122,A00,7.0,7.75,7.2,,,,,,,
7340115,A00,8.25,8.25,7.6,,,,,,,
7480202,D01,8.0,,,7.8,7.4,,,,,
7810103,D15,,,,7.0,5.5,,,5.4,,
7819009,B00,7.25,,7.75,,,,6.2,,,
7480202,D01,7.0,,,7.4,5.5,,,,,
7340129,D01,6.75,,,6.8,6.0,,,,,
7340123,A01,7.5,6.6,,7.8,,,,,,
7340301,A00,7.0,7.5,8.0,,,,,,,
7220201,D01,6.75,,,6.4,7.4,,,,,
7340201,A01,8.6,7.0,,7.6,,,,,,
7340120,A00,7.75,8.0,7.6,,,,,,,
7810202,D15,,,,7.25,7.0,,,6.8,,
7480202,D07,6.5,,5.6,5.6,,,,,,
7340101,A00,8.4,8.0,7.0,,,,,,,
7510203,D07,7.2,,7.0,6.2,,,,,,
7540101,A00,8.0,7.75,8.5,,,,,,,
7540106,D07,7.0,,7.75,6.8,,,,,,
7540204,D01,5.2,,,5.6,7.5,,,,,
7340101,A00,7.4,8.25,8.0,,,,,,,
7340101,A01,7.75,7.0,,8.0,,,,,,
7380107,D15,,,,8.5,7.0,,,6.2,,
7340129,D01,7.25,,,7.4,8.0,,,,,
7340115,A00,8.2,8.0,7.75,,,,,,,
7340122,A00,7.25,7.75,7.4,,,,,,,
7340129,A00,6.0,8.5,7.6,,,,,,,
7510301,A00,8.25,7.25,7.0,,,,,,,
7510401,A00,7.5,7.25,7.0,,,,,,,
7510303,A00,6.25,7.5,8.2,,,,,,,
7510203,D01,7.0,,,7.2,4.2,,,,,
7480201,A00,7.75,7.5,8.0,,,,,,,
7340120,D01,8.0,,,7.2,8.5,,,,,
7340122,A00,7.5,8.25,6.6,,,,,,,
7340115,D01,8.0,,,8.2,7.6,,,,,
7420201,B00,8.5,,7.5,,,,7.4,,,
7340201,D01,8.0,,,7.4,7.75,,,,,
7340115,A00,7.0,8.5,7.4,,,,,,,
7340115,A01,8.25,8.0,,7.8,,,,,,
7340205,A00,8.0,7.75,9.0,,,,,,,
7480201,A00,7.5,7.5,7.4,,,,,,,
7340201,A01,7.8,6.75,,9.0,,,,,,
7340101,A00,8.25,8.25,8.8,,,,,,,
7480201,A00,6.25,8.25,7.2,,,,,,,
7340301,D01,7.8,,,6.8,8.0,,,,,
7380107,D01,8.25,,,6.2,6.4,,,,,
7520115,D01,6.75,,,6.8,4.0,,,,,
7340115,D01,8.25,,,7.8,7.2,,,,,
7340101,A00,6.75,7.75,8.2,,,,,,,
7510301,D01,7.6,,,7.0,7.5,,,,,
7340201,D01,7.8,,,7.6,7.5,,,,,
7340115,A00,8.5,7.0,7.2,,,,,,,
7340123,D01,7.75,,,8.0,4.8,,,,,
7340101,A01,7.25,6.8,,7.4,,,,,,
7480201,A00,7.25,8.0,8.0,,,,,,,
7380107,D01,7.2,,,5.8,8.25,,,,,
7510202,D01,5.4,,,5.8,6.25,,,,,
7220204,A01,7.75,6.2,,8.0,,,,,,
7480202,D01,7.2,,,4.0,7.25,,,,,
7480201,A01,7.6,7.75,,6.6,,,,,,
7480201,D01,8.2,,,8.4,7.0,,,,,
7420201,A01,6.75,7.8,,8.0,,,,,,
7480201,D01,7.0,,,9.0,6.75,,,,,
7810103,D01,7.5,,,7.0,7.4,,,,,
7480201,D01,7.5,,,7.4,6.6,,,,,
7340101,A00,7.5,7.25,8.4,,,,,,,
7510203,D01,5.6,,,5.2,7.5,,,,,
7540106,A00,7.4,7.5,6.0,,,,,,,
7540106,A00,7.0,7.0,6.6,,,,,,,
7220201,D01,7.5,,,7.0,9.0,,,,,
7540106,A00,7.0,7.25,8.0,,,,,,,
7340101,A00,6.75,7.25,6.6,,,,,,,
7510202,D01,6.5,,,4.4,7.2,,,,,
7340301,D01,7.8,,,8.8,7.0,,,,,
7480202,A01,8.0,7.25,,6.2,,,,,,
7810201,D01,6.6,,,8.0,7.5,,,,,
7480201,D01,7.5,,,7.0,6.0,,,,,
7810103,D01,7.75,,,5.8,5.8,,,,,
7340201,A00,8.2,7.75,7.75,,,,,,,
7220201,A01,7.8,6.75,,9.0,,,,,,
7810103,D01,5.25,,,7.2,6.2,,,,,
7340101,D01,7.4,,,8.0,7.75,,,,,
7340201,A00,6.75,7.0,7.2,,,,,,,
7540106,B00,6.8,,6.25,,,,5.5,,,
7540106,D07,8.2,,7.25,9.4,,,,,,
7540101,A00,7.25,6.5,7.6,,,,,,,
7480201,D01,6.5,,,7.8,6.6,,,,,
7480201,D07,8.25,,7.6,8.8,,,,,,
7420201,B00,5.4,,7.25,,,,6.5,,,
7510401,A00,6.0,6.25,6.8,,,,,,,
7340120,D01,7.8,,,8.6,7.5,,,,,
7810201,A01,6.8,7.25,,9.0,,,,,,
7420201,A00,6.5,7.0,7.2,,,,,,,
7340301,A00,7.5,8.25,6.8,,,,,,,
7340129,A00,7.2,6.5,7.5,,,,,,,
7340122,D01,7.75,,,7.0,7.4,,,,,
7810202,A01,7.2,8.0,,8.6,,,,,,
7340101,A01,8.0,7.25,,8.6,,,,,,
7850101,A00,7.2,4.75,4.75,,,,,,,
7510401,A00,6.0,7.75,7.0,,,,,,,
7810202,D01,7.8,,,6.0,8.25,,,,,
7340205,D07,8.25,,7.0,6.8,,,,,,
7480201,A00,7.5,8.25,7.0,,,,,,,
7340201,A00,7.0,7.75,7.2,,,,,,,
7220201,D01,8.2,,,7.4,7.75,,,,,
7340120,A00,7.5,8.0,8.6,,,,,,,
7480201,A01,6.75,7.2,,7.6,,,,,,
7340129,D01,8.0,,,7.2,7.2,,,,,
7540101,A00,7.5,8.5,7.4,,,,,,,
7340301,D01,8.4,,,8.0,7.25,,,,,
7810103,D01,7.4,,,8.6,7.0,,,,,
7340101,A00,7.75,7.0,7.8,,,,,,,
7340205,D01,6.5,,,5.8,6.0,,,,,
7220204,D01,7.5,,,8.0,8.2,,,,,
7540101,A01,7.75,8.2,,8.2,,,,,,
7540101,B00,7.0,,7.5,,,,6.8,,,
7510202,D01,4.75,,,6.2,5.6,,,,,
7510203,D01,6.0,,,9.0,6.5,,,,,
7810103,A00,7.0,8.25,7.75,,,,,,,
7220201,D01,6.25,,,7.0,8.8,,,,,
7380107,A00,6.25,8.0,8.0,,,,,,,
7340301,D01,7.5,,,7.4,6.8,,,,,
7480201,D01,7.5,,,7.4,8.4,,,,,
7540101,D07,8.25,,8.6,7.2,,,,,,
7340115,A00,7.0,8.25,8.4,,,,,,,
7340115,A00,7.25,7.0,7.8,,,,,,,
7480201,D01,7.0,,,7.2,8.2,,,,,
7480201,A01,8.0,8.2,,8.0,,,,,,
7340101,D01,6.75,,,8.0,6.4,,,,,
7480201,D01,7.75,,,8.2,6.4,,,,,
7340201,A01,8.0,7.5,,8.6,,,,,,
7540204,D01,6.8,,,4.0,5.75,,,,,
7810103,D01,7.8,,,7.6,8.25,,,,,
7340201,A00,7.75,7.0,7.4,,,,,,,
7480201,D01,7.0,,,6.4,7.8,,,,,
7480201,A01,7.8,8.0,,7.0,,,,,,
7540101,A00,8.25,7.25,8.0,,,,,,,
7540101,B00,7.25,,8.5,,,,7.2,,,
7480201,D01,8.25,,,7.6,7.8,,,,,
7480201,A01,8.0,7.2,,8.4,,,,,,
7810201,A00,7.5,7.0,7.4,,,,,,,
7510303,D07,7.5,,6.0,7.0,,,,,,
7540106,A00,6.75,6.5,7.8,,,,,,,
7340120,D01,7.5,,,8.0,7.4,,,,,
7340301,D01,7.75,,,7.0,8.8,,,,,
7220201,A01,6.8,6.75,,9.2,,,,,,
7380107,D15,,,,8.25,8.0,,,7.6,,
7810202,D01,7.4,,,8.0,8.25,,,,,
7340120,D01,8.0,,,7.2,8.0,,,,,
7480201,A01,7.25,8.6,,8.2,,,,,,
7340201,D01,7.0,,,8.6,8.25,,,,,
7480201,A01,8.0,7.25,,7.8,,,,,,
7340301,A00,7.25,8.25,8.0,,,,,,,
7810201,D01,7.25,,,8.0,7.8,,,,,
7510203,A00,7.0,7.25,5.25,,,,,,,
7810201,D01,7.0,,,7.6,6.8,,,,,
7340201,A00,7.25,7.0,7.0,,,,,,,
7220201,A01,6.25,9.0,,8.2,,,,,,
7340205,A00,5.75,6.25,7.6,,,,,,,
7220201,D01,6.25,,,6.8,8.0,,,,,
7480202,D01,8.0,,,7.6,7.75,,,,,
7480202,D01,6.0,,,6.2,4.6,,,,,
7540101,B00,7.75,,6.75,,,,8.2,,,
7540101,A00,8.4,7.0,8.25,,,,,,,
7510301,D01,6.5,,,5.8,4.2,,,,,
7510301,A00,7.6,6.25,7.75,,,,,,,
7540204,A00,5.0,7.0,7.0,,,,,,,
7810103,D01,9.0,,,6.6,7.2,,,,,
7340301,A00,7.0,7.5,8.6,,,,,,,
7340120,D01,7.75,,,6.6,7.6,,,,,
7340301,A01,7.8,7.75,,8.4,,,,,,
7850101,A00,6.5,7.0,8.0,,,,,,,
7480201,A01,8.2,7.0,,8.6,,,,,,
7480201,D07,6.8,,8.75,7.8,,,,,,
7340101,A01,8.0,6.6,,8.6,,,,,,
7340120,A00,7.5,8.0,8.0,,,,,,,
7510303,A00,6.75,6.5,8.6,,,,,,,
7340120,D01,8.25,,,7.0,8.2,,,,,
7540101,A00,7.75,7.75,8.2,,,,,,,
7480202,D07,8.5,,7.6,8.4,,,,,,
7510203,D01,7.8,,,6.0,5.25,,,,,
7810103,D01,6.5,,,6.6,5.0,,,,,
7510401,D07,7.4,,8.0,8.0,,,,,,
7510203,D01,7.2,,,6.4,6.25,,,,,
7480201,D07,7.75,,7.6,7.6,,,,,,
7340129,D01,8.25,,,8.2,6.2,,,,,
7480201,A01,7.5,8.6,,8.0,,,,,,
7220201,D01,8.75,,,6.8,6.6,,,,,
7510203,D01,6.75,,,7.2,7.6,,,,,
7810201,D01,7.75,,,6.8,6.2,,,,,
7520115,D01,7.0,,,6.2,4.0,,,,,
7510203,A00,6.75,6.5,8.2,,,,,,,
7480201,D01,7.0,,,9.0,7.0,,,,,
7340201,D01,8.5,,,5.6,7.6,,,,,
7510303,D01,5.6,,,7.4,5.5,,,,,
7810201,A00,7.6,6.5,8.25,,,,,,,
7480202,A00,7.75,7.25,8.0,,,,,,,
7220201,D01,7.8,,,7.6,8.0,,,,,
7510401,D07,7.8,,7.75,7.4,,,,,,
7510203,A01,7.75,7.0,,7.2,,,,,,
7819010,B00,8.0,,6.75,,,,7.6,,,
7340115,A00,8.5,8.25,7.4,,,,,,,
7810201,D01,6.25,,,7.6,5.6,,,,,
7510303,A00,6.75,7.0,8.0,,,,,,,
7510401,A00,7.4,7.5,7.5,,,,,,,
7540101,D07,7.25,,8.8,8.0,,,,,,
7420201,B00,8.0,,7.5,,,,7.4,,,
7340201,A00,8.0,7.5,6.6,,,,,,,
7540101,A01,8.8,8.5,,7.8,,,,,,
7480201,A00,6.25,7.0,7.8,,,,,,,
7220201,D01,7.6,,,7.2,9.0,,,,,
7340122,A01,8.25,7.4,,7.6,,,,,,
7480202,D01,6.4,,,4.8,7.0,,,,,
7510301,D01,8.0,,,6.6,5.5,,,,,
7480201,A01,7.25,7.2,,7.8,,,,,,
7510303,A00,7.4,7.0,7.5,,,,,,,
7220201,D01,7.2,,,9.0,7.75,,,,,
7340201,D01,7.8,,,8.6,7.5,,,,,
7340201,D01,7.0,,,7.6,9.25,,,,,
7510401,B00,6.0,,8.25,,,,6.25,,,
7340129,D01,6.5,,,7.8,7.6,,,,,
7540106,A00,7.4,7.25,7.0,,,,,,,
7510303,D01,7.4,,,5.2,7.0,,,,,
7340201,D01,7.8,,,7.0,7.75,,,,,
7540101,B00,8.5,,8.0,,,,7.8,,,
7220201,D01,7.6,,,8.8,7.25,,,,,
7510401,A01,5.75,6.4,,6.0,,,,,,
7340122,A00,7.25,7.0,7.4,,,,,,,
7810201,D15,,,,7.0,7.25,,,5.8,,
7810201,D01,6.25,,,6.0,7.6,,,,,
7810201,A00,6.0,6.75,7.4,,,,,,,
7340201,A00,7.0,7.5,7.4,,,,,,,
7340120,A00,7.0,8.0,8.0,,,,,,,
7540101,A00,8.25,7.5,7.8,,,,,,,
7340201,A01,7.6,7.75,,8.2,,,,,,
7340201,A00,6.5,7.0,7.6,,,,,,,
7480201,A00,8.0,7.75,8.0,,,,,,,
7340301,A00,7.0,7.25,7.6,,,,,,,
7480201,D01,8.0,,,8.0,8.8,,,,,
7420201,B00,7.4,,7.25,,,,5.5,,,
7540101,A00,8.6,7.75,8.0,,,,,,,
7340115,D01,8.0,,,6.8,7.0,,,,,
7340115,A00,7.75,8.0,7.6,,,,,,,
7340201,A00,7.8,7.5,7.75,,,,,,,
7510303,A00,7.6,4.5,6.0,,,,,,,
7220204,D01,9.25,,,7.4,6.8,,,,,
7480201,D01,7.4,,,9.2,7.0,,,,,
7380107,D01,6.6,,,8.8,7.75,,,,,
7510203,D01,4.8,,,8.6,4.5,,,,,
7220201,D01,7.4,,,7.8,7.75,,,,,
7480201,A00,8.25,7.5,7.6,,,,,,,
7480201,A01,8.0,8.5,,7.8,,,,,,
7340120,A01,7.5,7.6,,7.8,,,,,,
7480201,D01,7.0,,,9.2,6.5,,,,,
7810201,D01,8.0,,,5.4,6.2,,,,,
7380107,D01,6.8,,,7.8,7.5,,,,,
7810202,D01,7.0,,,9.0,7.75,,,,,
7340201,D01,7.4,,,8.8,7.5,,,,,
7510401,B00,8.2,,8.0,,,,7.0,,,
7810202,D01,8.0,,,7.8,6.6,,,,,
7510401,A00,6.25,7.75,6.6,,,,,,,
7220201,D01,7.4,,,8.6,8.0,,,,,
7510202,A00,5.0,6.5,6.0,,,,,,,
7810103,A01,7.25,7.8,,7.8,,,,,,
7480202,A01,7.0,8.0,,7.4,,,,,,
7340122,D01,9.0,,,8.0,5.0,,,,,
7480201,A00,8.0,7.75,6.75,,,,,,,
7510202,D01,7.25,,,6.6,5.2,,,,,
7480201,D01,8.2,,,7.2,7.75,,,,,
7340120,A00,8.0,7.5,7.6,,,,,,,
7810201,D01,7.5,,,7.0,7.4,,,,,
7340120,A00,7.6,8.0,7.25,,,,,,,
7340101,D01,7.5,,,6.4,7.6,,,,,
7540101,A00,7.25,7.5,7.8,,,,,,,
7510401,B00,7.25,,6.0,,,,6.2,,,
7540101,D07,8.6,,8.25,6.6,,,,,,
7510303,D01,7.25,,,7.0,7.6,,,,,
7510303,D01,7.4,,,4.0,6.5,,,,,
7220201,D01,7.2,,,9.2,7.5,,,,,
7480201,D07,7.0,,8.25,9.0,,,,,,
7340201,D01,7.75,,,6.8,6.6,,,,,
7540101,D07,7.5,,8.4,7.2,,,,,,
7380107,D01,7.0,,,7.0,6.6,,,,,
7340129,A00,7.5,7.5,5.4,,,,,,,
7480201,A01,7.75,8.4,,8.0,,,,,,
7380107,A00,7.2,7.5,8.0,,,,,,,
7480202,A01,5.8,6.0,,7.4,,,,,,
7810201,A00,7.25,6.5,7.8,,,,,,,
7340120,A01,8.4,7.25,,8.2,,,,,,
7810201,D15,,,,7.5,6.0,,,4.6,,
7510203,A00,8.6,7.0,8.0,,,,,,,
7220201,A01,8.2,6.25,,9.0,,,,,,
7480202,D01,7.0,,,6.4,6.25,,,,,
7480201,A00,7.0,8.0,8.4,,,,,,,
7510301,A00,7.0,6.25,7.6,,,,,,,
7480202,A00,7.4,6.0,7.0,,,,,,,
7480201,D01,7.0,,,8.0,7.5,,,,,
7510203,D01,5.25,,,5.4,5.2,,,,,
7420201,A00,8.0,6.75,5.0,,,,,,,
7520115,D01,6.25,,,7.6,5.8,,,,,
7480201,D07,7.25,,7.4,7.8,,,,,,
7540101,B00,8.25,,8.0,,,,8.4,,,
7480201,D01,8.25,,,6.6,7.6,,,,,
7810201,A01,7.2,7.25,,7.6,,,,,,
7480201,D01,8.0,,,7.4,6.2,,,,,
7340201,D01,7.5,,,7.4,5.8,,,,,
7810103,D01,7.25,,,6.8,5.6,,,,,
7340101,A00,6.5,7.25,6.8,,,,,,,
7380107,D15,,,,6.75,7.0,,,7.0,,
7380107,A00,7.75,7.25,8.0,,,,,,,
7340120,A00,8.4,7.5,7.25,,,,,,,
7510303,D01,7.2,,,3.4,6.5,,,,,
7540101,A00,6.5,8.25,7.0,,,,,,,
7480201,D01,8.4,,,7.2,8.25,,,,,
7340101,D01,7.6,,,9.2,6.75,,,,,
7510301,D01,6.2,,,5.2,5.75,,,,,
7850101,A00,6.75,8.5,6.6,,,,,,,
7480201,A00,5.75,7.25,7.8,,,,,,,
7340101,A00,7.0,7.25,7.8,,,,,,,
7510203,D01,7.75,,,7.0,6.2,,,,,
7510202,A00,6.8,7.25,6.75,,,,,,,
7510203,D01,7.2,,,6.2,6.5,,,,,
7340301,D01,8.2,,,8.0,7.0,,,,,
7510202,D01,6.75,,,5.0,7.4,,,,,
7510301,D01,6.0,,,4.6,6.5,,,,,
7819010,A00,6.25,5.25,6.4,,,,,,,
7540101,B00,6.5,,8.5,,,,7.8,,,
7340101,D01,8.5,,,6.2,6.4,,,,,
7340122,A00,7.75,7.0,8.4,,,,,,,
7340123,D01,6.5,,,4.2,5.0,,,,,
7340129,A00,7.25,7.5,7.6,,,,,,,
7220201,D09,7.25,,,6.8,,7.0,,,,
7510202,D07,7.4,,6.75,7.8,,,,,,
7810103,D01,7.25,,,6.0,5.4,,,,,
7540101,A01,8.0,7.25,,8.6,,,,,,
7480201,D01,7.25,,,7.6,8.4,,,,,
7340101,A00,7.5,8.0,7.6,,,,,,,
7340120,A00,8.25,7.5,7.4,,,,,,,
7380107,A00,6.5,7.75,8.2,,,,,,,
7510401,B00,7.0,,4.0,,,,6.4,,,
7810201,D01,7.2,,,8.4,8.25,,,,,
7540204,D01,8.25,,,6.6,5.2,,,,,
7420201,A01,7.4,7.25,,7.6,,,,,,
7540101,B00,8.0,,7.25,,,,7.0,,,
7810201,D01,7.75,,,7.8,5.2,,,,,
7510301,A00,6.5,7.5,7.2,,,,,,,
7810103,D01,7.4,,,8.4,7.25,,,,,
7810202,D15,,,,8.25,6.5,,,5.8,,
7520115,D01,6.0,,,8.0,4.0,,,,,
7480201,D07,7.6,,8.25,8.4,,,,,,
7480201,A00,9.4,7.75,7.25,,,,,,,
7380107,D01,8.2,,,6.0,7.5,,,,,
7340101,A00,7.4,8.5,7.5,,,,,,,
7340120,A00,7.25,8.5,8.0,,,,,,,
7540101,A00,7.4,8.25,7.75,,,,,,,
7540101,A00,8.5,8.25,8.0,,,,,,,
7340101,A00,7.75,7.25,7.8,,,,,,,
7340115,A01,7.0,8.4,,8.0,,,,,,
7540101,A00,7.75,8.0,7.6,,,,,,,
7510301,A01,8.0,6.75,,6.8,,,,,,
7480201,D01,8.2,,,6.6,7.25,,,,,
7510303,A00,7.4,7.0,6.75,,,,,,,
7810202,D01,7.5,,,7.6,5.8,,,,,
7340301,A01,7.8,6.0,,8.2,,,,,,
7540101,A00,8.0,7.5,8.2,,,,,,,
7340101,D01,8.0,,,7.0,7.4,,,,,
7480201,A00,8.25,8.0,8.0,,,,,,,
7510303,D01,7.25,,,6.4,3.4,,,,,
7340115,A01,8.4,8.0,,8.4,,,,,,
7340101,A00,6.75,7.25,7.4,,,,,,,
7340201,D01,7.0,,,8.0,7.6,,,,,
7480202,D01,8.25,,,6.4,4.2,,,,,
7520115,A00,6.6,4.25,5.75,,,,,,,
7420201,A00,7.75,6.0,7.8,,,,,,,
7540101,B00,6.75,,8.0,,,,7.0,,,
7480201,A00,8.6,8.0,7.75,,,,,,,
7810202,A00,7.25,6.5,6.6,,,,,,,
7380107,A01,7.6,8.0,,8.8,,,,,,
7480202,D01,6.2,,,4.2,6.5,,,,,
7420201,A01,7.0,8.0,,7.8,,,,,,
7380107,D01,6.5,,,7.2,5.4,,,,,
7340115,A00,8.5,7.5,8.6,,,,,,,
7220201,D01,6.8,,,7.8,8.25,,,,,
7480202,A00,6.0,4.25,5.5,,,,,,,
7220204,D01,7.5,,,7.4,5.6,,,,,
7540204,D01,5.6,,,5.2,7.75,,,,,
7420201,D07,7.25,,8.2,6.0,,,,,,
7810201,D01,7.6,,,7.2,7.25,,,,,
7540101,B00,8.6,,8.0,,,,7.75,,,
7510401,B00,7.8,,7.5,,,,8.0,,,
7510203,D01,5.0,,,3.8,7.0,,,,,
7340201,A00,8.2,6.75,7.75,,,,,,,
7340129,D01,7.25,,,7.0,7.2,,,,,
7340101,A00,6.25,7.25,7.4,,,,,,,
7340101,D01,7.0,,,8.4,7.8,,,,,
7510406,A00,5.5,6.0,6.0,,,,,,,
7810103,D01,6.5,,,6.8,6.6,,,,,
7220201,D01,7.2,,,7.2,8.5,,,,,
7220204,D09,7.75,,,6.8,,6.8,,,,
7340201,A00,7.25,7.0,7.8,,,,,,,
7340201,A00,8.2,7.0,7.5,,,,,,,
7340120,A01,8.5,7.2,,7.8,,,,,,
7380107,A00,7.5,7.25,7.2,,,,,,,
7810201,A00,6.0,7.5,6.6,,,,,,,
7340129,D01,7.5,,,7.4,7.6,,,,,
7510203,D01,5.8,,,9.0,6.25,,,,,
7480201,A01,8.2,6.25,,8.2,,,,,,
7340201,A01,6.25,8.2,,8.2,,,,,,
7340301,D01,6.8,,,8.6,7.5,,,,,
7380107,D15,,,,6.75,7.75,,,5.4,,
7480201,D07,7.75,,7.8,7.2,,,,,,
7480201,A01,7.4,6.5,,9.0,,,,,,
7380107,D01,7.8,,,7.8,7.75,,,,,
7380107,D15,,,,7.5,7.25,,,7.2,,
7220201,D01,8.0,,,7.2,8.25,,,,,
7340115,A00,7.5,8.0,7.2,,,,,,,
7480201,D01,8.0,,,7.8,6.75,,,,,
7380107,D01,7.75,,,7.6,7.4,,,,,
7340115,A00,7.75,8.5,8.8,,,,,,,
7510301,D01,6.4,,,5.8,6.75,,,,,
7220204,D01,6.25,,,8.2,8.4,,,,,
7810201,D01,7.75,,,6.6,4.2,,,,,
7340201,A01,6.75,7.0,,7.4,,,,,,
7340120,A00,7.25,7.25,6.8,,,,,,,
7480201,A01,7.25,7.4,,7.8,,,,,,
7340129,A01,8.2,7.0,,6.0,,,,,,
7540101,A01,8.4,8.5,,8.4,,,,,,
7510203,A00,7.0,6.0,6.25,,,,,,,
7340201,A00,6.5,7.5,7.6,,,,,,,
7340301,A00,7.8,7.75,8.5,,,,,,,
7510203,A00,8.6,6.75,6.75,,,,,,,
7540101,A00,6.25,7.75,8.6,,,,,,,
7340115,D01,7.5,,,7.2,8.0,,,,,
7810103,A00,8.2,6.75,8.25,,,,,,,
7340201,D01,7.5,,,6.0,7.0,,,,,
7420201,B00,8.0,,7.75,,,,7.0,,,
7540101,D07,8.4,,8.25,9.0,,,,,,
7420201,B00,7.25,,5.75,,,,8.0,,,
7480202,A01,7.0,7.4,,7.8,,,,,,
7480202,D01,6.0,,,4.0,7.0,,,,,
7340120,A01,8.2,7.75,,9.2,,,,,,
7540106,D07,7.0,,7.5,7.8,,,,,,
7340115,D01,8.0,,,7.8,8.2,,,,,
7480201,A00,6.25,7.0,7.8,,,,,,,
7420201,A00,6.2,6.75,6.75,,,,,,,
7340123,D01,6.5,,,5.6,4.4,,,,,
7220201,D01,7.2,,,8.8,8.0,,,,,
7480202,A01,7.6,6.75,,6.6,,,,,,
7510202,D01,6.5,,,7.2,4.6,,,,,
7380107,D01,7.6,,,6.6,7.5,,,,,
7340122,A00,7.25,7.5,7.6,,,,,,,
7510401,B00,7.25,,7.0,,,,5.6,,,
7340201,D01,8.25,,,8.2,6.4,,,,,
7510303,A00,7.6,6.25,6.5,,,,,,,
7480202,D01,7.6,,,5.2,5.75,,,,,
7340301,A00,7.75,7.75,7.0,,,,,,,
7340123,D01,7.8,,,5.6,6.5,,,,,
7480202,A00,7.4,6.5,7.5,,,,,,,
7340120,D01,8.4,,,8.4,7.75,,,,,
7810201,D01,7.5,,,6.8,5.0,,,,,
7480201,D07,8.2,,7.75,8.0,,,,,,
7510303,A00,7.0,6.5,6.8,,,,,,,
7540106,B00,7.0,,7.0,,,,7.25,,,
7510401,A00,8.0,6.25,6.5,,,,,,,
7340120,A01,8.2,7.0,,9.0,,,,,,
7480201,A00,7.25,6.75,6.4,,,,,,,
7340201,A00,5.25,7.25,7.8,,,,,,,
7510202,A00,7.0,7.0,5.8,,,,,,,
7480201,A01,6.5,7.2,,8.4,,,,,,
7480201,D01,7.2,,,6.4,8.5,,,,,
7380107,D15,,,,7.25,7.25,,,5.2,,
7340120,D01,7.2,,,8.0,8.0,,,,,
7340120,A00,6.75,7.0,8.0,,,,,,,
7380107,A00,6.75,6.25,6.8,,,,,,,
7340205,D07,6.75,,8.4,7.0,,,,,,
7540101,A00,7.25,7.25,8.0,,,,,,,
7340101,D01,7.5,,,7.6,6.8,,,,,
7810103,D15,,,,8.25,7.25,,,6.2,,
7340120,A00,8.4,7.0,8.5,,,,,,,
7520115,D01,8.25,,,6.4,5.8,,,,,
7540101,A00,7.25,7.5,8.4,,,,,,,
7480201,A00,7.0,7.75,7.6,,,,,,,
7480201,A01,7.0,9.2,,8.0,,,,,,
7540106,B00,6.25,,6.5,,,,7.2,,,
7480202,D01,7.4,,,5.6,6.25,,,,,
7480201,A00,8.25,7.75,8.4,,,,,,,
7220201,D01,7.0,,,9.0,7.25,,,,,
7520115,D01,7.0,,,8.2,7.4,,,,,
7810103,A00,8.0,7.75,7.4,,,,,,,
7480201,D01,7.75,,,6.8,5.8,,,,,
7340201,A00,7.0,7.5,7.2,,,,,,,
7220201,D01,8.0,,,6.0,7.0,,,,,
7480201,A00,7.5,8.0,8.2,,,,,,,
7380107,D01,8.75,,,7.6,6.8,,,,,
7540106,D07,8.0,,7.25,8.6,,,,,,
7340101,A00,7.5,6.25,7.8,,,,,,,
7340201,A01,7.25,7.4,,7.4,,,,,,
7480202,A01,7.2,7.0,,7.4,,,,,,
7510202,A00,7.4,7.0,6.25,,,,,,,
7480201,D01,7.5,,,7.2,8.0,,,,,
7220204,D01,8.5,,,6.8,5.2,,,,,
7540101,B00,8.25,,7.5,,,,8.2,,,
7810202,D15,,,,6.25,6.0,,,6.8,,
7810103,A00,7.25,7.5,7.4,,,,,,,
7340101,A00,8.2,7.75,8.0,,,,,,,
7480201,A01,8.2,7.25,,7.2,,,,,,
7480202,D01,6.5,,,6.0,6.6,,,,,
7340120,D01,7.6,,,7.4,8.0,,,,,
7340101,A00,7.75,8.0,7.8,,,,,,,
7540101,A01,7.5,7.6,,8.4,,,,,,
7810202,D01,7.2,,,7.0,8.5,,,,,
7340201,A00,7.25,7.0,7.6,,,,,,,
7340101,D01,6.8,,,7.8,8.5,,,,,
7540106,A00,6.75,5.75,7.6,,,,,,,
7340129,D01,7.5,,,8.0,6.8,,,,,
7510202,A00,7.4,6.75,7.25,,,,,,,
7510301,D01,7.8,,,7.0,5.75,,,,,
7340301,A00,7.25,6.5,7.0,,,,,,,
7340301,D01,8.4,,,8.0,7.5,,,,,
7510303,D01,5.6,,,7.2,7.25,,,,,
7480201,A00,7.4,7.25,8.25,,,,,,,
7540106,A00,7.0,6.25,7.4,,,,,,,
7340201,D01,8.5,,,8.2,7.2,,,,,
7340120,A01,6.75,8.6,,7.2,,,,,,
7340129,D01,7.5,,,7.4,6.6,,,,,
7540101,A00,7.0,7.75,7.4,,,,,,,
7540204,D01,7.0,,,6.4,6.92,,,,,
7510203,D01,7.0,,,6.8,5.8,,,,,
7540106,B00,8.0,,7.25,,,,7.25,,,
7420201,B00,7.0,,6.5,,,,7.5,,,
7810202,D01,6.6,,,7.8,8.0,,,,,
7340129,A01,7.0,8.2,,7.8,,,,,,
7380107,A00,6.5,8.75,7.6,,,,,,,
7340301,A00,6.8,7.5,8.25,,,,,,,
7340101,A00,6.25,7.5,7.2,,,,,,,
7480201,A00,8.4,7.5,7.75,,,,,,,
7810103,A00,8.0,8.25,6.4,,,,,,,
7510401,B00,8.4,,7.5,,,,6.75,,,
7810202,D15,,,,6.5,8.0,,,4.0,,
7510303,D01,7.5,,,7.6,8.8,,,,,
7420201,B00,6.6,,6.75,,,,7.5,,,
7480201,A00,7.5,7.25,7.4,,,,,,,
7540106,A00,7.0,7.75,6.0,,,,,,,
7380107,D01,8.0,,,7.4,6.0,,,,,
7480201,A00,7.75,8.0,8.4,,,,,,,
7340205,A01,6.25,6.8,,7.0,,,,,,
7480201,D01,7.2,,,7.6,7.25,,,,,
7810201,D15,,,,8.25,6.75,,,5.8,,
7380107,D01,6.0,,,6.8,9.2,,,,,
7340201,A00,7.25,7.75,7.8,,,,,,,
7340120,D01,8.6,,,8.6,6.25,,,,,
7340101,A00,8.8,7.75,8.25,,,,,,,
7540101,B00,7.75,,8.25,,,,8.0,,,
7810201,A01,6.75,7.8,,7.8,,,,,,
7540101,B00,7.25,,7.5,,,,7.2,,,
7220201,D01,7.6,,,8.8,7.25,,,,,
7510301,A00,7.0,7.0,6.5,,,,,,,
7540106,D07,7.2,,7.0,6.8,,,,,,
7380107,D01,7.0,,,7.6,7.5,,,,,
7340101,A00,8.0,6.75,7.6,,,,,,,
7480201,A00,8.2,7.0,7.75,,,,,,,
7220201,A01,6.5,8.4,,7.2,,,,,,
7510303,D01,6.0,,,8.0,7.0,,,,,
7510301,D01,7.8,,,6.4,5.25,,,,,
7480201,D01,8.0,,,9.4,6.75,,,,,
7819010,B00,4.5,,6.25,,,,5.8,,,
7340201,A00,7.6,6.75,8.25,,,,,,,
7420201,B00,8.0,,8.0,,,,7.25,,,
7340129,A00,7.75,7.25,6.2,,,,,,,
7480201,D07,7.4,,7.75,8.6,,,,,,
7340120,D01,7.0,,,6.6,8.6,,,,,
7340301,D01,8.0,,,7.4,8.0,,,,,
7510203,A00,7.8,4.75,6.0,,,,,,,
7810202,D01,7.5,,,6.4,6.8,,,,,
7340301,A00,8.0,7.0,7.2,,,,,,,
7510303,D01,5.75,,,6.8,8.4,,,,,
7420201,B00,8.0,,7.75,,,,7.25,,,
7540101,D07,8.25,,9.2,7.2,,,,,,
7480202,D01,6.0,,,5.2,5.6,,,,,
7540106,A00,8.0,6.75,7.25,,,,,,,
7340120,D01,7.0,,,7.0,7.6,,,,,
7220204,D09,7.8,,,8.2,,8.75,,,,
7510301,A00,7.25,7.0,7.4,,,,,,,
7510203,D01,7.5,,,6.2,4.0,,,,,
7480201,D01,7.0,,,7.8,7.2,,,,,
7540101,B00,7.25,,7.25,,,,7.6,,,
7340120,A01,7.75,8.2,,7.8,,,,,,
7220204,D01,7.5,,,7.8,6.2,,,,,
7510301,A00,6.25,7.0,6.8,,,,,,,
7340301,A01,7.0,7.75,,8.0,,,,,,
7510301,A00,8.0,6.0,8.0,,,,,,,
7340122,D01,9.0,,,7.0,5.8,,,,,
7540204,D01,7.4,,,6.2,6.0,,,,,
7340120,A00,6.0,7.0,8.6,,,,,,,
7510202,A00,8.0,4.75,6.25,,,,,,,
7480202,A00,7.4,6.25,7.75,,,,,,,
7340115,D01,8.4,,,8.4,8.0,,,,,
7340115,A00,7.75,7.5,8.6,,,,,,,
7510401,A00,7.6,6.0,6.75,,,,,,,
7810201,D01,7.0,,,8.6,7.0,,,,,
7340115,A00,7.25,8.25,7.4,,,,,,,
7340301,D01,7.25,,,7.0,6.8,,,,,
7819010,D07,7.5,,6.8,7.4,,,,,,
7340101,D01,7.4,,,8.4,8.25,,,,,
7340120,A00,8.5,7.5,7.8,,,,,,,
7340201,A01,7.8,7.5,,8.2,,,,,,
7540101,B00,9.2,,7.75,,,,8.75,,,
7510202,A00,7.5,6.75,7.2,,,,,,,
7810103,D01,8.0,,,7.8,7.4,,,,,
7510401,A00,7.25,8.25,7.6,,,,,,,
7810103,A00,7.6,7.0,8.25,,,,,,,
7340129,A01,7.75,7.2,,8.8,,,,,,
7340301,D01,7.75,,,7.6,7.0,,,,,
7420201,B00,7.0,,7.75,,,,6.5,,,
7810202,D01,7.5,,,7.6,8.0,,,,,
7480201,A00,8.2,6.5,8.25,,,,,,,
7340301,D01,6.8,,,8.4,7.0,,,,,
7220201,D01,7.0,,,8.2,8.4,,,,,
7340301,A00,7.25,7.75,7.6,,,,,,,
7480202,D01,7.25,,,7.2,4.8,,,,,
7420201,B00,7.2,,7.25,,,,6.25,,,
7480202,D07,8.25,,7.4,7.2,,,,,,
7340115,A00,7.25,8.5,7.6,,,,,,,
7810201,D15,,,,8.0,6.75,,,7.0,,
7340101,D01,7.5,,,7.2,6.4,,,,,
7850101,B00,7.0,,7.5,,,,6.8,,,
7480201,A00,8.25,7.5,7.6,,,,,,,
7340115,D01,8.5,,,7.6,7.4,,,,,
7460108,D01,6.0,,,6.2,5.8,,,,,
7340201,A00,7.6,6.75,8.0,,,,,,,
7340201,A00,8.2,9.0,6.75,,,,,,,
7510303,D01,7.5,,,4.6,4.6,,,,,
7340101,D01,7.2,,,7.2,9.25,,,,,
7480201,D01,7.0,,,8.0,8.2,,,,,
7340115,A00,8.0,7.5,8.0,,,,,,,
7340115,A00,7.25,8.0,7.6,,,,,,,
7220201,D01,8.2,,,8.0,8.75,,,,,
7460108,A00,7.75,7.75,7.4,,,,,,,
7810103,D01,7.6,,,6.6,8.0,,,,,
7380107,A01,7.0,6.0,,6.6,,,,,,
7380107,D01,6.75,,,6.8,7.2,,,,,
7340201,D01,7.8,,,7.6,7.75,,,,,
7510303,D01,4.6,,,5.4,8.5,,,,,
7340120,A00,7.75,8.75,8.2,,,,,,,
7540101,D07,8.0,,7.6,8.0,,,,,,
7340115,D01,7.25,,,8.2,8.2,,,,,
7220204,D01,8.0,,,7.6,6.0,,,,,
7540101,B00,7.8,,7.75,,,,8.5,,,
7340301,A00,8.4,6.75,7.5,,,,,,,
7540101,D07,7.4,,8.75,7.2,,,,,,
7480202,D01,7.8,,,5.0,7.0,,,,,
7380107,D01,7.4,,,6.8,8.0,,,,,
7540101,B00,8.0,,6.5,,,,7.2,,,
7220201,D01,7.75,,,7.4,7.0,,,,,
7340201,A00,8.2,7.75,7.0,,,,,,,
7810103,D01,7.8,,,8.2,7.25,,,,,
7510203,A01,6.25,6.6,,6.8,,,,,,
7480201,D07,8.5,,7.4,7.0,,,,,,
7340301,A00,6.0,7.0,7.4,,,,,,,
7340301,A00,8.4,6.5,7.25,,,,,,,
7340301,D01,7.75,,,6.6,7.4,,,,,
7380107,A00,8.25,6.5,7.2,,,,,,,
7810201,D15,,,,6.0,7.0,,,6.8,,
7510402,D07,6.6,,5.25,7.8,,,,,,
7540204,D01,8.4,,,4.2,6.0,,,,,
7510203,D01,7.4,,,6.6,6.0,,,,,
7510202,A00,5.25,7.0,5.8,,,,,,,
7510401,D07,6.5,,7.8,4.6,,,,,,
7480201,D01,8.0,,,7.6,7.8,,,,,
7510203,D01,6.2,,,6.4,6.0,,,,,
7510203,D01,5.8,,,5.8,6.5,,,,,
7340301,D01,8.0,,,6.8,8.2,,,,,
7340201,A00,8.2,7.5,8.75,,,,,,,
7340115,A01,8.0,7.4,,8.6,,,,,,
7220201,D01,7.2,,,9.2,7.75,,,,,
7480201,A00,8.2,8.25,7.75,,,,,,,
7540101,D07,7.75,,8.2,8.6,,,,,,
7340129,D01,6.8,,,7.8,7.0,,,,,
7510203,D01,6.0,,,7.6,3.8,,,,,
7810201,A00,6.0,7.0,7.8,,,,,,,
7810201,A01,7.0,5.6,,6.0,,,,,,
7510401,B00,7.5,,6.75,,,,6.4,,,
7340101,A00,6.0,7.75,7.8,,,,,,,
7540105,A00,7.25,4.0,7.4,,,,,,,
7340101,D01,8.0,,,7.2,6.2,,,,,
7810103,A00,7.6,6.5,8.0,,,,,,,
7819009,B00,6.5,,6.0,,,,6.2,,,
7340301,D01,7.25,,,7.2,8.0,,,,,
7340115,D01,8.0,,,8.0,7.8,,,,,
7510202,D01,6.75,,,8.2,4.0,,,,,
7480201,A00,7.25,5.75,8.0,,,,,,,
7340301,D01,8.0,,,7.6,6.4,,,,,
7340129,D01,8.25,,,8.0,5.0,,,,,
7340101,D01,8.0,,,8.0,7.0,,,,,
7510303,A00,5.25,6.75,8.0,,,,,,,
7540106,A00,6.75,6.0,8.2,,,,,,,
7510203,D01,6.4,,,4.2,5.75,,,,,
7340201,D01,7.0,,,8.0,8.5,,,,,
7510401,B00,7.25,,6.25,,,,4.4,,,
7380107,D01,7.5,,,6.4,5.6,,,,,
7510202,A00,7.0,6.25,7.75,,,,,,,
7510401,D07,7.5,,7.8,7.4,,,,,,
7340120,D01,9.0,,,7.2,7.4,,,,,
7540101,A00,8.0,8.25,8.6,,,,,,,
7340129,D01,5.75,,,6.0,6.8,,,,,
7540106,B00,7.0,,7.75,,,,7.6,,,
7340120,A01,8.25,7.4,,8.0,,,,,,
7420201,D07,6.4,,7.25,8.2,,,,,,
7540101,A00,8.6,6.75,8.75,,,,,,,
7340201,A00,6.5,7.5,6.8,,,,,,,
7340115,D01,7.2,,,7.8,8.75,,,,,
7340115,A00,6.75,8.25,8.6,,,,,,,
7340120,D01,7.5,,,7.8,8.6,,,,,
7510303,A01,7.2,6.0,,8.4,,,,,,
7380107,D15,,,,8.75,8.5,,,6.4,,
7540101,B00,7.5,,6.5,,,,8.4,,,
7510401,A00,6.5,7.5,7.6,,,,,,,
7480201,D01,7.75,,,8.4,7.6,,,,,
7340115,D01,8.5,,,7.8,8.6,,,,,
7340201,A00,7.5,8.5,7.8,,,,,,,
7340129,A00,7.0,8.0,7.8,,,,,,,
7340301,A00,8.8,7.25,8.0,,,,,,,
7480201,A00,5.5,7.5,8.0,,,,,,,
7220201,D09,9.0,,,6.2,,6.6,,,,
7480201,D07,7.8,,7.75,8.0,,,,,,
7540101,D07,8.2,,7.75,8.4,,,,,,
7540101,D07,9.0,,6.75,8.2,,,,,,
7810103,D15,,,,6.75,7.0,,,6.8,,
7510301,A00,7.0,6.75,6.8,,,,,,,
7810202,A00,8.4,6.75,7.25,,,,,,,
7460108,A00,6.0,6.75,7.8,,,,,,,
7340205,D07,6.5,,7.0,7.2,,,,,,
7340201,A00,7.25,6.75,7.2,,,,,,,
7510202,D01,7.25,,,7.2,6.0,,,,,
7380107,A00,7.25,5.5,7.6,,,,,,,
7540101,A00,7.75,7.75,7.4,,,,,,,
7340301,A00,5.5,7.0,7.6,,,,,,,
7480201,D01,7.6,,,8.8,7.0,,,,,
7380107,D01,7.2,,,8.0,7.5,,,,,
7420201,A00,7.5,7.75,7.2,,,,,,,
7510401,B00,4.75,,6.0,,,,7.2,,,
7810103,D15,,,,7.75,7.5,,,7.2,,
7340101,A00,8.4,8.0,6.75,,,,,,,
7480201,A00,7.8,7.25,7.0,,,,,,,
7510401,B00,7.75,,7.25,,,,8.2,,,
7810202,D01,7.6,,,8.8,6.75,,,,,
7520115,D01,6.75,,,6.4,4.4,,,,,
7340301,A00,8.2,7.5,7.25,,,,,,,
7540106,A00,7.6,5.0,6.5,,,,,,,
7220204,D01,7.2,,,8.8,7.0,,,,,
7340101,A00,8.4,8.0,7.25,,,,,,,
7480201,D01,8.0,,,8.0,6.6,,,,,
7380107,A00,5.75,8.25,7.8,,,,,,,
7340301,D01,8.0,,,7.4,5.4,,,,,
7480201,A00,6.75,7.75,7.8,,,,,,,
7540101,A00,8.2,8.5,7.75,,,,,,,
7220204,D01,7.4,,,7.8,7.75,,,,,
7340101,D01,7.8,,,7.2,9.0,,,,,
7340101,D01,8.25,,,7.8,5.4,,,,,
7220201,D01,8.0,,,7.0,8.5,,,,,
7510303,D01,7.0,,,8.6,7.5,,,,,
7510401,A00,6.5,8.25,7.0,,,,,,,
7510303,D01,5.8,,,7.4,6.25,,,,,
7510301,D01,8.75,,,7.6,6.8,,,,,
7480202,D01,5.5,,,7.8,3.8,,,,,
7380107,D01,8.2,,,8.6,6.75,,,,,
7340120,A00,6.75,7.25,8.2,,,,,,,
7810201,D01,9.0,,,7.4,5.8,,,,,
7510202,A01,7.0,6.6,,6.4,,,,,,
7420201,A00,6.0,4.75,6.25,,,,,,,
7340301,D01,7.5,,,6.8,7.8,,,,,
7340201,D01,7.6,,,8.8,7.0,,,,,
7480201,D07,6.8,,8.25,8.0,,,,,,
7510401,A00,7.5,7.5,7.2,,,,,,,
7510203,D01,5.75,,,5.0,5.6,,,,,
7220201,D01,7.75,,,8.2,8.0,,,,,
7340120,A00,7.75,7.0,7.2,,,,,,,
7480201,D07,8.0,,8.6,7.6,,,,,,
7810202,A00,7.5,6.25,6.8,,,,,,,
7510303,D01,7.25,,,7.4,6.4,,,,,
7510202,A00,7.6,6.0,6.25,,,,,,,
7480201,D07,7.0,,7.25,9.2,,,,,,
7510202,D01,5.5,,,7.0,6.0,,,,,
7510202,D01,5.8,,,5.0,7.0,,,,,
7340201,A00,7.75,8.0,7.6,,,,,,,
7480201,D07,7.25,,8.0,8.0,,,,,,
7540101,D07,7.25,,7.2,7.6,,,,,,
7340201,A00,6.25,6.5,7.0,,,,,,,
7510303,A00,7.25,7.0,8.2,,,,,,,
7220201,D01,8.0,,,7.4,8.25,,,,,
7220201,D01,7.6,,,8.8,7.25,,,,,
7340129,A00,6.75,6.5,8.2,,,,,,,
7340120,D01,8.75,,,8.2,7.2,,,,,
7340101,D01,6.75,,,6.6,8.4,,,,,
7510203,D01,5.2,,,4.0,7.0,,,,,
7540106,B00,8.25,,6.0,,,,7.2,,,
7810201,D01,7.2,,,8.2,7.0,,,,,
7480201,A00,8.8,7.0,8.0,,,,,,,
7850101,D07,7.0,,5.25,8.0,,,,,,
7380107,D01,6.6,,,8.8,6.5,,,,,
7340129,D01,6.75,,,6.8,5.4,,,,,
7810202,D01,7.2,,,7.8,7.75,,,,,
7340120,D01,7.5,,,6.6,7.8,,,,,
7420201,D07,7.75,,8.8,7.6,,,,,,
7340115,A00,7.75,7.75,8.2,,,,,,,
7510301,D01,7.0,,,6.2,7.8,,,,,
7420201,A00,7.0,8.0,7.4,,,,,,,
7540204,A01,7.8,5.0,,6.6,,,,,,
7480201,A00,5.75,8.0,7.2,,,,,,,
7510202,D01,7.8,,,4.4,7.0,,,,,
7810103,D01,7.2,,,6.8,8.25,,,,,
7480201,D07,7.25,,6.4,7.6,,,,,,
7340120,A00,8.5,7.5,7.6,,,,,,,
7819010,D07,4.75,,7.2,6.6,,,,,,
7480201,A00,7.75,6.25,7.4,,,,,,,
7340101,D01,6.75,,,7.4,7.8,,,,,
7540105,A00,7.0,6.5,7.8,,,,,,,
7540106,A00,6.0,6.5,7.25,,,,,,,
7510203,A00,8.4,6.75,7.0,,,,,,,
7480201,A00,6.75,9.25,8.2,,,,,,,
7480201,D07,7.0,,7.6,7.8,,,,,,
7480201,A00,8.0,6.75,8.25,,,,,,,
7340301,A00,7.8,7.0,7.75,,,,,,,
7340120,A00,8.25,7.75,7.2,,,,,,,
7340101,D01,7.75,,,7.2,6.6,,,,,
7340201,A00,8.0,7.0,7.5,,,,,,,
7510406,B00,7.0,,7.25,,,,4.75,,,
7480201,D01,6.6,,,9.0,6.75,,,,,
7340101,A00,7.0,8.25,8.2,,,,,,,
7480201,D01,7.2,,,8.6,7.5,,,,,
7380107,D01,6.5,,,6.4,6.8,,,,,
7340129,D01,7.0,,,8.0,7.5,,,,,
7810201,A00,8.2,6.5,8.0,,,,,,,
7480201,A00,7.5,7.5,8.0,,,,,,,
7340129,D01,7.5,,,6.6,5.6,,,,,
7480201,D01,7.4,,,8.4,6.75,,,,,
7540106,A00,7.4,5.75,7.0,,,,,,,
7340201,A00,7.5,8.0,7.8,,,,,,,
7340301,A00,8.0,6.5,7.2,,,,,,,
7540101,A00,8.6,8.0,7.0,,,,,,,
7340101,A01,7.0,8.2,,8.0,,,,,,
7510202,A00,7.8,6.75,6.5,,,,,,,
7510301,D01,7.6,,,6.0,4.5,,,,,
7540106,D07,7.6,,7.5,7.8,,,,,,
7510401,A00,6.2,3.75,6.0,,,,,,,
7340201,D01,7.0,,,7.0,8.0,,,,,
7340201,D01,7.5,,,7.8,6.4,,,,,
7819010,B00,5.25,,6.0,,,,6.8,,,
7510202,D01,7.8,,,7.8,7.25,,,,,
7420201,B00,7.4,,7.0,,,,5.5,,,
7220201,A01,8.0,7.0,,8.6,,,,,,
7480202,D01,8.25,,,7.0,4.8,,,,,
7340120,A00,6.5,8.5,6.8,,,,,,,
7340201,A01,8.4,7.5,,8.8,,,,,,
7819010,A00,7.0,7.75,7.4,,,,,,,
7540101,A00,8.0,7.25,8.25,,,,,,,
7480201,A00,7.0,7.75,7.6,,,,,,,
7480201,A00,8.25,7.25,6.6,,,,,,,
7540101,B00,8.25,,6.75,,,,7.6,,,
7340129,D01,7.0,,,7.4,7.6,,,,,
7480201,A01,6.5,7.2,,8.0,,,,,,
7510202,D01,6.4,,,7.8,6.5,,,,,
7810202,A01,7.8,6.5,,8.8,,,,,,
7810201,A00,6.5,5.0,7.0,,,,,,,
7340115,D01,8.5,,,7.4,8.4,,,,,
7380107,A00,8.25,7.25,8.0,,,,,,,
7510203,D01,6.75,,,5.2,5.6,,,,,
7810202,D01,8.0,,,8.2,6.4,,,,,
7340301,D01,8.25,,,7.4,4.6,,,,,
7340301,A00,8.0,7.25,8.2,,,,,,,
7340101,A00,8.8,8.0,7.5,,,,,,,
7810103,D01,6.75,,,7.4,5.2,,,,,
7340201,D01,7.75,,,7.8,7.0,,,,,
7510401,A00,6.75,7.75,7.4,,,,,,,
7510303,A00,7.0,6.75,4.75,,,,,,,
7220204,D01,8.4,,,8.4,7.5,,,,,
7480201,A00,8.25,7.25,8.2,,,,,,,
7380107,A00,7.25,7.75,8.2,,,,,,,
7540101,B00,8.0,,6.75,,,,8.4,,,
7340120,A01,7.75,7.4,,7.4,,,,,,
7510202,D01,6.5,,,6.2,4.2,,,,,
7810201,D01,7.8,,,7.8,7.0,,,,,
7340129,A00,8.0,6.0,6.75,,,,,,,
7340129,A00,7.0,7.5,7.8,,,,,,,
7510202,D01,6.5,,,6.2,4.6,,,,,
7480201,A00,7.6,7.5,7.0,,,,,,,
7340120,D01,7.25,,,8.2,7.6,,,,,
7340115,A00,8.0,8.25,8.0,,,,,,,
7340120,D01,8.4,,,7.6,7.25,,,,,
7540101,B00,8.0,,8.5,,,,7.6,,,
7340120,D01,7.0,,,7.2,7.0,,,,,
7540101,D07,8.75,,7.0,8.6,,,,,,
7810201,D01,8.0,,,8.6,6.25,,,,,
7340115,D01,8.5,,,7.2,8.0,,,,,
7480201,A00,7.25,7.0,6.8,,,,,,,
7540105,A00,6.25,6.5,7.2,,,,,,,
7510303,D01,7.8,,,7.6,7.5,,,,,
7340120,A00,8.0,7.5,7.75,,,,,,,
7480201,A00,7.25,6.75,8.0,,,,,,,
7340201,A00,7.0,7.5,8.25,,,,,,,
7510401,D07,7.0,,4.4,7.2,,,,,,
7340201,D01,7.5,,,7.8,8.4,,,,,
7340201,A00,6.5,7.75,7.0,,,,,,,
7510401,B00,8.0,,5.75,,,,7.0,,,
7420201,A00,7.0,5.5,5.0,,,,,,,
7510203,D01,7.0,,,6.4,4.4,,,,,
7340301,A00,6.75,6.75,7.6,,,,,,,
7340129,A00,7.25,6.5,8.4,,,,,,,
7340122,A01,6.75,7.6,,8.0,,,,,,
7380107,A00,7.75,7.0,7.2,,,,,,,
7480201,A00,8.4,6.25,8.0,,,,,,,
7810103,A00,7.0,8.75,7.6,,,,,,,
7480202,A00,6.0,6.25,8.0,,,,,,,
7540101,D07,7.25,,8.4,8.0,,,,,,
7340201,D01,7.25,,,7.4,5.8,,,,,
7340201,A00,8.0,7.5,8.75,,,,,,,
7480201,A01,7.25,8.0,,7.6,,,,,,
7380107,A01,8.0,6.25,,8.4,,,,,,
7480201,A01,7.75,8.2,,7.8,,,,,,
7340101,D01,8.5,,,7.0,9.4,,,,,
7810201,D01,7.4,,,8.0,8.0,,,,,
7340101,D01,6.5,,,7.4,7.4,,,,,
7510303,A00,7.0,4.75,6.75,,,,,,,
7340201,D01,8.0,,,7.4,6.6,,,,,
7510203,A00,7.0,3.5,5.5,,,,,,,
7340120,A01,7.8,8.0,,9.0,,,,,,
7340115,D01,8.25,,,6.6,7.6,,,,,
7420201,B00,8.0,,7.5,,,,7.75,,,
7220201,D01,7.75,,,6.8,6.8,,,,,
7480201,D01,9.0,,,7.6,5.4,,,,,
7380107,A00,8.5,7.0,7.8,,,,,,,
7510203,A00,6.75,5.25,6.6,,,,,,,
7340101,D01,7.5,,,7.0,7.2,,,,,
7420201,D07,7.8,,6.5,8.0,,,,,,
7540101,A00,7.75,8.5,7.8,,,,,,,
7510401,A00,7.2,6.25,7.5,,,,,,,
7380107,D15,,,,7.25,7.75,,,5.4,,
7510303,D01,6.5,,,6.2,4.4,,,,,
7220204,D01,7.75,,,8.0,7.4,,,,,
7340201,D01,8.0,,,8.2,7.6,,,,,
7340122,A00,6.75,7.75,7.8,,,,,,,
7480201,A00,8.75,7.75,8.6,,,,,,,
7540101,D07,8.0,,6.6,7.4,,,,,,
7810103,D15,,,,7.75,7.75,,,6.0,,
7340115,A00,8.0,8.0,7.4,,,,,,,
7220201,D01,8.0,,,9.4,7.0,,,,,
7510301,A01,6.5,7.6,,7.2,,,,,,
7340101,D01,7.5,,,7.2,6.8,,,,,
7380107,D01,8.75,,,6.4,6.0,,,,,
7340120,A00,7.75,8.5,7.6,,,,,,,
7540101,D07,7.25,,7.6,7.4,,,,,,
7819009,A00,5.5,6.25,5.6,,,,,,,
7340301,A00,7.5,7.75,7.8,,,,,,,
7510301,A00,7.8,6.5,6.75,,,,,,,
7340301,A00,7.6,7.0,8.25,,,,,,,
7540101,D07,8.75,,8.2,7.6,,,,,,
7380107,D01,7.0,,,7.6,7.25,,,,,
7540204,D01,5.2,,,5.4,8.5,,,,,
7340205,D01,8.25,,,7.6,7.2,,,,,
7340201,A00,7.0,8.75,8.4,,,,,,,
7819010,D07,6.75,,6.6,7.4,,,,,,
7810103,A01,7.2,7.75,,7.4,,,,,,
7510202,D01,6.75,,,6.6,4.2,,,,,
7380107,A01,8.0,6.75,,8.0,,,,,,
7220204,A01,7.4,7.75,,8.0,,,,,,
7340301,D01,9.0,,,5.4,6.4,,,,,
7480201,D01,7.4,,,7.6,7.5,,,,,
7340115,A00,7.75,8.5,7.6,,,,,,,
7340120,A00,6.0,7.0,8.2,,,,,,,
7810202,A00,8.0,7.0,7.25,,,,,,,
7480201,A00,8.0,7.5,8.2,,,,,,,
7340301,A00,7.0,7.5,6.8,,,,,,,
7510203,A01,7.75,8.0,,7.4,,,,,,
7340201,A01,7.5,7.8,,7.8,,,,,,
7540101,B00,7.75,,7.75,,,,7.6,,,
7510402,A01,8.0,7.0,,8.8,,,,,,
7340301,A00,6.5,8.25,8.2,,,,,,,
7340301,D01,7.75,,,6.2,6.8,,,,,
7510301,A00,6.8,7.0,5.0,,,,,,,
7510303,A00,5.75,7.25,8.2,,,,,,,
7510303,A01,7.5,6.8,,7.2,,,,,,
7340120,D01,9.25,,,7.2,7.0,,,,,
7340101,D01,7.25,,,7.4,7.6,,,,,
7340301,A00,8.2,7.75,8.0,,,,,,,
7540101,B00,7.0,,8.0,,,,7.6,,,
7540106,A00,6.6,6.5,5.25,,,,,,,
7340120,D01,7.6,,,8.6,7.75,,,,,
7340301,A01,8.2,8.0,,7.2,,,,,,
7510401,A00,7.0,6.75,6.5,,,,,,,
7510301,A00,7.5,6.5,7.2,,,,,,,
7340101,D01,7.25,,,7.8,6.4,,,,,
7480201,A01,7.75,6.8,,8.0,,,,,,
7340101,D01,7.2,,,8.2,8.25,,,,,
7510401,A00,8.2,6.75,8.25,,,,,,,
7340101,D01,8.4,,,9.0,7.0,,,,,
7480201,A00,8.0,7.5,7.25,,,,,,,
7510202,A01,5.5,6.2,,6.4,,,,,,
7340123,D01,7.75,,,5.2,4.6,,,,,
7510301,A00,8.0,5.5,6.0,,,,,,,
7340120,A00,7.5,7.25,8.0,,,,,,,
7340115,A00,7.25,8.25,8.2,,,,,,,
7340301,A01,7.6,7.5,,7.8,,,,,,
7420201,A00,7.8,5.75,5.75,,,,,,,
7340201,A00,8.4,7.5,8.25,,,,,,,
7340101,A00,8.6,7.75,8.0,,,,,,,
7510406,A00,8.6,7.75,6.75,,,,,,,
7810202,D01,7.6,,,8.2,7.0,,,,,
7340122,D01,6.75,,,8.0,7.4,,,,,
7340129,D01,6.75,,,7.6,6.6,,,,,
7340201,D01,8.75,,,7.2,6.0,,,,,
7810103,D01,7.0,,,7.2,7.4,,,,,
7340123,D01,6.75,,,7.0,6.2,,,,,
7340120,D01,7.75,,,7.0,8.2,,,,,
7850101,A00,6.8,6.25,6.25,,,,,,,
7340120,A00,7.75,6.5,7.0,,,,,,,
7510301,D01,7.4,,,6.2,6.25,,,,,
7480201,A01,7.8,6.0,,8.6,,,,,,
7340120,A00,8.0,6.25,9.0,,,,,,,
7810201,D15,,,,7.5,6.5,,,6.8,,
7810201,D01,6.5,,,7.4,6.0,,,,,
7480201,D01,7.25,,,7.6,6.2,,,,,
7480202,A01,7.5,8.8,,7.4,,,,,,
7540101,D07,7.6,,8.0,8.4,,,,,,
7510406,A00,6.0,5.75,6.2,,,,,,,
7480201,A00,7.25,8.0,7.6,,,,,,,
7340201,D01,7.6,,,8.2,7.25,,,,,
7510303,D01,7.8,,,6.6,6.0,,,,,
7510402,A00,8.0,6.0,6.75,,,,,,,
7340120,A00,6.5,8.25,7.0,,,,,,,
7380107,A01,7.25,7.4,,8.4,,,,,,
7480201,A00,8.4,7.75,7.5,,,,,,,
7380107,A00,8.0,7.75,7.2,,,,,,,
7220201,D01,8.0,,,8.8,7.25,,,,,
7520115,A00,6.0,5.75,6.2,,,,,,,
7850101,A01,7.75,5.8,,6.8,,,,,,
7480201,A00,7.0,8.5,7.6,,,,,,,
7510301,D01,6.6,,,3.4,6.25,,,,,
7340101,A01,7.25,8.6,,7.6,,,,,,
7220201,D01,6.75,,,6.8,7.2,,,,,
7510401,B00,8.2,,7.5,,,,5.75,,,
7340201,D01,7.4,,,9.0,7.75,,,,,
7510202,A00,8.2,6.0,7.0,,,,,,,
7340120,D01,8.5,,,8.0,6.8,,,,,
7340122,A00,7.0,6.75,8.0,,,,,,,
7540106,A00,7.0,7.25,7.6,,,,,,,
7380107,A00,8.4,6.75,7.5,,,,,,,
7380107,A00,7.2,7.5,7.25,,,,,,,
7810202,D15,,,,8.25,7.5,,,5.0,,
7340123,A01,7.0,7.0,,7.4,,,,,,
7510303,A00,6.5,6.5,7.6,,,,,,,
7420201,B00,6.8,,7.75,,,,7.0,,,
7810201,D01,7.4,,,8.4,6.5,,,,,
7510301,D01,6.2,,,6.4,6.0,,,,,
7480202,A00,7.25,7.5,7.8,,,,,,,
7810103,D01,7.4,,,7.6,7.5,,,,,
7510401,B00,7.75,,6.5,,,,7.0,,,
7520115,D01,6.5,,,6.8,5.2,,,,,
7480201,A00,7.0,6.5,7.4,,,,,,,
7380107,D01,8.0,,,7.4,6.2,,,,,
7850101,B00,5.25,,7.75,,,,7.0,,,
7540204,D01,7.25,,,6.8,4.8,,,,,
7510301,A00,6.25,7.25,7.2,,,,,,,
7540106,A00,8.0,6.0,7.0,,,,,,,
7540101,A00,8.6,8.25,8.25,,,,,,,
7340101,A00,8.0,8.0,8.25,,,,,,,
7510303,D01,6.75,,,6.4,8.2,,,,,
7420201,D07,7.6,,7.5,7.2,,,,,,
7480201,A01,7.75,7.8,,7.4,,,,,,
7480201,A01,6.75,7.8,,7.4,,,,,,
7340120,A00,7.75,7.75,8.0,,,,,,,
7220201,A01,8.5,7.4,,7.8,,,,,,
7510203,A00,8.0,7.75,7.4,,,,,,,
7220201,D01,7.6,,,9.4,7.75,,,,,
7540101,B00,8.5,,7.0,,,,7.6,,,
7220201,D01,7.75,,,7.0,8.8,,,,,
7340129,A00,7.8,6.75,6.25,,,,,,,
7340120,A00,6.25,7.5,8.0,,,,,,,
7810201,A00,6.5,6.0,7.0,,,,,,,
7340115,A00,7.5,8.75,8.0,,,,,,,
7380107,D01,8.2,,,7.8,7.25,,,,,
7340301,A01,8.2,6.25,,8.2,,,,,,
7480201,D01,8.5,,,7.8,7.6,,,,,
7480201,A00,8.6,7.25,8.0,,,,,,,
7480201,A00,8.2,6.25,8.25,,,,,,,
7480201,A00,7.8,7.25,8.0,,,,,,,
7510301,D01,7.0,,,7.6,7.2,,,,,
7480201,A01,8.2,6.75,,7.6,,,,,,
7480201,D07,7.5,,7.4,7.4,,,,,,
7510203,D01,7.0,,,6.4,7.8,,,,,
7220204,D01,7.0,,,7.0,7.4,,,,,
7340201,A01,8.0,7.2,,7.4,,,,,,
7510203,D01,8.0,,,7.2,7.4,,,,,
7380107,D15,,,,7.25,8.0,,,4.6,,
7510301,D07,6.5,,8.4,7.6,,,,,,
7340120,A01,8.2,6.75,,8.4,,,,,,
7510303,D01,8.25,,,6.8,6.0,,,,,
7340129,D01,7.75,,,7.6,7.4,,,,,
7460108,D07,7.25,,6.2,7.0,,,,,,
7480201,D01,7.8,,,9.2,8.0,,,,,
7540204,D01,6.8,,,6.6,7.0,,,,,
7340301,A00,6.75,8.25,8.2,,,,,,,
7340120,A00,6.75,9.0,8.0,,,,,,,
7340122,A00,7.0,8.0,7.2,,,,,,,
7220204,D01,8.5,,,7.0,8.0,,,,,
7420201,A01,7.25,6.8,,8.4,,,,,,
7520115,D01,7.25,,,6.0,6.4,,,,,
7510303,D01,7.25,,,7.6,6.8,,,,,
7340120,D01,7.5,,,7.4,8.8,,,,,
7340122,A01,7.0,6.4,,8.2,,,,,,
7480201,A00,7.5,8.0,7.8,,,,,,,
7540101,D07,7.25,,7.2,7.0,,,,,,
7540106,B00,6.5,,7.25,,,,7.2,,,
7540101,B00,7.5,,8.0,,,,7.8,,,
7810201,D01,7.0,,,6.8,5.8,,,,,
7540101,A01,8.2,8.0,,8.0,,,,,,
7220201,D01,7.2,,,9.8,7.25,,,,,
7340301,D01,7.8,,,7.8,7.25,,,,,
7340115,D01,8.8,,,7.4,7.75,,,,,
7220204,D01,7.6,,,8.4,8.5,,,,,
7540101,B00,7.5,,7.75,,,,6.6,,,
7540101,B00,8.0,,7.75,,,,8.0,,,
7220204,D01,8.75,,,6.8,5.6,,,,,
7810202,D01,7.8,,,8.2,8.5,,,,,
7510401,D07,7.5,,6.0,7.2,,,,,,
7510203,A00,7.75,8.0,7.6,,,,,,,
7810201,D01,7.0,,,7.2,6.8,,,,,
7340129,D01,8.6,,,8.0,8.5,,,,,
7340115,A01,7.5,8.0,,8.2,,,,,,
7540106,B00,7.75,,6.5,,,,7.2,,,
7380107,D15,,,,8.0,7.5,,,5.6,,
7480201,A00,7.25,8.0,8.0,,,,,,,
7810202,A00,7.8,7.25,7.5,,,,,,,
7340201,A01,8.0,8.2,,7.2,,,,,,
7510406,A00,6.0,6.25,7.2,,,,,,,
7340201,A00,8.75,7.25,7.4,,,,,,,
7340101,D01,6.5,,,8.0,6.4,,,,,
7340129,D01,7.5,,,7.2,4.8,,,,,
7340101,D01,7.6,,,8.0,8.0,,,,,
7540101,A01,7.5,7.8,,8.2,,,,,,
7220204,D09,9.0,,,7.4,,7.4,,,,
7510203,A00,6.5,6.5,7.8,,,,,,,
7480201,D07,8.0,,9.2,8.4,,,,,,
7420201,B00,6.8,,6.75,,,,5.75,,,
7380107,D01,7.2,,,7.2,7.0,,,,,
7819010,B00,5.5,,7.0,,,,6.2,,,
7540101,A00,7.5,8.25,8.2,,,,,,,
7480201,D01,8.75,,,7.6,6.8,,,,,
7340115,A01,8.0,8.4,,7.8,,,,,,
7510203,D01,6.0,,,6.6,5.25,,,,,
7810201,D15,,,,7.25,7.5,,,6.4,,
7480201,D01,7.5,,,8.4,7.8,,,,,
7540101,A01,7.5,7.8,,7.4,,,,,,
7340115,D01,9.0,,,7.6,7.2,,,,,
7380107,A00,7.6,7.0,7.5,,,,,,,
7819010,D07,6.25,,5.6,7.0,,,,,,
7810103,D01,7.75,,,6.8,5.8,,,,,
7220201,D01,7.5,,,7.4,7.8,,,,,
7340101,A00,7.0,7.5,8.6,,,,,,,
7510203,D01,7.0,,,8.2,6.0,,,,,
7540101,A01,7.75,8.0,,7.4,,,,,,
7220204,D09,8.5,,,7.4,,5.8,,,,
7340301,D01,7.0,,,7.6,5.6,,,,,
7460108,D07,6.5,,5.8,6.8,,,,,,
7480202,D01,6.2,,,4.8,6.5,,,,,
7510301,D01,6.8,,,6.4,6.75,,,,,
7510203,D01,6.8,,,6.8,7.75,,,,,
7480201,A00,6.5,7.75,8.0,,,,,,,
7340101,A00,8.5,7.5,7.6,,,,,,,
7340205,D01,8.25,,,7.4,6.2,,,,,
7510301,A00,7.25,6.0,8.4,,,,,,,
7340101,A00,8.0,6.0,7.6,,,,,,,
7340123,D01,7.0,,,7.0,7.8,,,,,
7540101,B00,8.0,,8.0,,,,8.0,,,
7380107,A01,8.25,7.0,,7.0,,,,,,
7480201,D07,7.75,,7.8,7.2,,,,,,
7520115,D01,6.75,,,5.6,6.0,,,,,
7540101,B00,8.25,,8.25,,,,7.0,,,
7520115,D01,6.0,,,6.8,6.2,,,,,
7480201,A00,7.75,8.25,7.4,,,,,,,
7340115,D01,8.0,,,7.2,7.4,,,,,
7340129,A00,6.25,7.25,7.6,,,,,,,
7510301,D01,5.8,,,6.4,5.5,,,,,
7480202,A01,7.6,6.0,,6.2,,,,,,
7819010,B00,6.75,,7.0,,,,6.2,,,
7510203,D01,6.5,,,6.4,6.4,,,,,
7340201,A00,6.25,7.0,7.4,,,,,,,
7480201,D01,6.8,,,8.2,7.75,,,,,
7510202,D01,7.25,,,6.4,5.2,,,,,
7340101,A00,6.75,8.25,7.8,,,,,,,
7480201,A00,7.25,6.75,7.2,,,,,,,
7340201,D01,7.2,,,7.6,9.0,,,,,
7380107,D15,,,,6.0,8.0,,,5.4,,
7340122,D01,7.25,,,8.0,8.0,,,,,
7510401,A00,6.5,7.0,7.4,,,,,,,
7480201,D07,8.0,,7.0,8.0,,,,,,
7340120,D01,8.0,,,7.0,6.4,,,,,
7540101,A00,7.25,7.75,8.2,,,,,,,
7510303,D01,7.25,,,6.8,7.2,,,,,
7510401,A00,8.2,6.5,7.5,,,,,,,
7220201,D01,7.5,,,7.6,6.0,,,,,
7510303,D01,7.0,,,6.8,6.4,,,,,
7520115,D01,7.6,,,6.4,5.0,,,,,
7810201,D01,6.5,,,7.6,6.4,,,,,
7510203,D01,8.0,,,7.2,5.75,,,,,
7340301,D01,7.75,,,7.6,5.0,,,,,
7850101,B00,7.0,,8.0,,,,6.25,,,
7340301,D01,7.0,,,6.6,8.2,,,,,
7510301,A00,5.75,6.75,8.0,,,,,,,
7340201,A00,6.75,7.25,6.4,,,,,,,
7340101,D01,7.8,,,8.4,8.25,,,,,
7480201,D01,7.2,,,8.4,7.5,,,,,
7480202,A00,6.6,5.0,6.5,,,,,,,
7340115,A00,8.0,8.5,7.6,,,,,,,
7340120,A01,7.75,8.4,,8.0,,,,,,
7340120,A01,8.5,7.4,,7.8,,,,,,
7480201,D01,6.75,,,7.2,7.2,,,,,
7340129,A01,7.8,7.0,,7.0,,,,,,
7420201,B00,7.0,,6.25,,,,7.2,,,
7480201,A00,7.75,7.75,8.6,,,,,,,
7810202,A01,5.25,6.4,,7.2,,,,,,
7340120,D01,8.5,,,7.6,6.6,,,,,
7340120,A00,6.0,7.0,8.0,,,,,,,
7480202,D01,4.8,,,4.6,6.75,,,,,
7480201,A00,7.4,7.5,8.25,,,,,,,
7480201,A01,8.2,5.75,,8.6,,,,,,
7510202,D01,8.0,,,7.0,3.2,,,,,
7480201,A01,6.5,8.0,,6.6,,,,,,
7340301,A00,7.6,7.5,7.75,,,,,,,
7510303,D01,4.6,,,8.0,6.0,,,,,
7819010,B00,5.75,,7.0,,,,6.0,,,
7510401,A00,7.25,8.5,8.4,,,,,,,
7510303,A00,7.4,5.75,6.5,,,,,,,
7380107,D01,8.5,,,6.6,5.8,,,,,
7510303,A00,7.8,6.0,5.75,,,,,,,
7510303,A00,7.4,5.25,4.75,,,,,,,
7480201,A01,6.5,6.2,,7.8,,,,,,
7510301,A00,8.2,6.25,6.75,,,,,,,
7420201,A01,8.25,8.0,,6.6,,,,,,
7340120,A00,8.0,7.5,8.0,,,,,,,
7480201,A01,8.0,8.2,,7.8,,,,,,
7510301,A00,6.25,7.5,7.4,,,,,,,
7380107,A00,6.5,6.75,8.0,,,,,,,
7340120,D01,8.0,,,7.4,8.5,,,,,
7480202,D01,6.0,,,6.2,6.8,,,,,
7340101,A00,7.75,7.75,8.4,,,,,,,
7810202,D01,8.2,,,6.8,8.0,,,,,
7480202,A00,6.0,7.75,7.0,,,,,,,
7510202,D01,6.0,,,7.0,6.6,,,,,
7340120,D01,7.5,,,7.6,8.2,,,,,
7540101,B00,7.75,,8.0,,,,8.4,,,
7340115,A00,8.0,7.75,7.8,,,,,,,
7510203,A00,7.0,7.5,7.8,,,,,,,
7220201,D01,6.25,,,7.6,8.0,,,,,
7340120,A00,7.5,7.25,7.2,,,,,,,
7340120,A01,8.0,7.2,,7.8,,,,,,
7810103,A00,6.5,7.25,6.6,,,,,,,
7540101,D07,8.0,,8.25,8.6,,,,,,
7810202,D01,7.4,,,7.6,7.5,,,,,
7480201,A01,7.5,8.4,,7.2,,,,,,
7510203,A00,6.4,5.5,5.0,,,,,,,
7510202,D01,5.5,,,7.2,5.0,,,,,
7510303,A00,6.75,6.75,7.6,,,,,,,
7480201,A01,8.25,7.0,,7.4,,,,,,
7480202,A01,8.25,7.2,,7.4,,,,,,
7340101,A00,7.25,7.0,8.6,,,,,,,
7340120,D01,8.0,,,8.2,8.0,,,,,
7340115,D01,9.0,,,7.4,6.6,,,,,
7850101,A00,6.5,7.0,7.2,,,,,,,
7340101,A00,6.25,8.0,6.4,,,,,,,
7220204,D01,8.5,,,8.6,6.2,,,,,
7340201,A00,8.4,7.5,8.25,,,,,,,
7480201,A00,6.75,6.75,7.6,,,,,,,
7480201,A00,8.6,7.25,8.0,,,,,,,
7480201,A00,7.75,7.25,7.6,,,,,,,
7340115,D01,8.0,,,5.8,8.6,,,,,
7480201,A00,8.4,6.75,8.25,,,,,,,
7340123,A00,7.75,4.75,7.2,,,,,,,
7810103,D01,7.8,,,7.2,7.25,,,,,
7340120,D01,7.6,,,7.6,9.25,,,,,
7540204,D01,7.0,,,6.2,3.4,,,,,
7340101,A00,8.2,7.75,8.75,,,,,,,
7540106,D07,6.8,,7.25,7.6,,,,,,
7340101,A00,7.75,8.0,8.0,,,,,,,
7480201,A01,7.0,6.0,,8.4,,,,,,
7220201,D01,8.4,,,7.8,7.25,,,,,
7520115,D01,6.5,,,6.2,5.2,,,,,
7420201,A01,7.4,6.0,,5.4,,,,,,
7340201,A00,7.75,7.75,7.8,,,,,,,
7510401,D07,5.6,,7.25,7.4,,,,,,
7819009,A01,5.25,7.6,,6.8,,,,,,
7480201,A00,7.4,7.25,8.75,,,,,,,
7540101,A00,8.25,8.75,8.2,,,,,,,
7819010,A00,6.5,6.0,7.6,,,,,,,
7340101,A00,9.0,6.75,7.5,,,,,,,
7540105,A00,5.75,6.5,4.8,,,,,,,
7540106,B00,8.4,,7.0,,,,7.5,,,
7380107,A01,6.5,6.4,,8.4,,,,,,
7510203,A01,7.25,7.2,,7.4,,,,,,
7340301,D01,7.2,,,7.2,8.0,,,,,
7480202,D07,6.0,,6.0,7.8,,,,,,
7510303,A00,6.25,6.0,8.6,,,,,,,
7340129,A01,7.5,5.4,,6.2,,,,,,
7480201,A00,7.5,7.75,7.8,,,,,,,
7460108,D07,6.75,,6.4,7.2,,,,,,
7810201,A00,8.0,7.5,7.8,,,,,,,
7510202,D01,5.4,,,3.8,6.75,,,,,
7540101,D07,7.5,,8.4,8.2,,,,,,
7380107,D01,7.2,,,9.0,6.5,,,,,
7810103,D01,8.0,,,7.8,7.0,,,,,
7510401,A00,8.0,6.75,7.5,,,,,,,
7340129,A00,8.2,6.75,7.25,,,,,,,
7510301,A00,7.0,6.0,7.8,,,,,,,
7340129,D01,8.25,,,6.4,3.6,,,,,
7510203,A00,7.0,4.5,4.5,,,,,,,
7480201,D01,7.4,,,8.8,7.5,,,,,
7480201,D01,7.6,,,9.0,6.5,,,,,
7420201,A00,8.0,7.0,7.8,,,,,,,
7480201,A01,7.8,7.5,,8.4,,,,,,
7340201,D01,7.0,,,8.4,6.0,,,,,
7220204,D01,7.6,,,7.0,8.5,,,,,
7480201,A00,8.0,6.5,7.6,,,,,,,
7510401,B00,6.0,,5.25,,,,6.6,,,
7510203,A00,6.75,7.25,6.8,,,,,,,
7220201,D09,7.0,,,8.0,,9.0,,,,
7510301,D01,6.8,,,4.6,8.0,,,,,
7340201,D01,7.0,,,8.4,7.75,,,,,
7380107,D15,,,,7.0,6.75,,,5.6,,
7380107,D15,,,,8.0,6.5,,,6.2,,
7540204,D01,7.5,,,6.8,3.2,,,,,
7510202,A00,7.2,4.0,7.0,,,,,,,
7380107,D01,7.6,,,6.2,7.5,,,,,
7340115,A00,7.25,7.75,8.0,,,,,,,
7340101,A00,8.0,8.0,7.6,,,,,,,
7480202,A01,6.5,6.2,,6.8,,,,,,
7480201,D01,9.2,,,7.6,7.25,,,,,
7220201,D01,7.6,,,7.4,7.75,,,,,
7540106,A00,6.5,8.5,7.0,,,,,,,
7340201,A00,7.5,8.0,8.6,,,,,,,
7510401,B00,8.0,,7.5,,,,7.0,,,
7420201,D07,9.0,,6.8,7.2,,,,,,
7510303,A00,6.8,4.75,7.25,,,,,,,
7540106,A00,8.6,7.0,8.25,,,,,,,
7340115,D01,8.25,,,7.8,6.2,,,,,
7540101,B00,7.75,,7.75,,,,7.4,,,
7340301,D01,6.0,,,7.4,8.0,,,,,
7510303,A00,7.4,6.75,7.25,,,,,,,
7340301,D01,7.6,,,7.8,7.5,,,,,
7480202,D01,6.8,,,7.2,6.5,,,,,
7480201,D01,8.0,,,7.6,6.75,,,,,
7340120,A00,7.75,8.0,7.6,,,,,,,
7510401,D07,6.6,,7.25,6.8,,,,,,
7810201,D01,7.4,,,8.8,7.0,,,,,
7340301,D01,8.25,,,7.6,6.6,,,,,
7850101,B00,6.0,,6.25,,,,6.0,,,
7340301,A00,7.8,7.25,7.25,,,,,,,
7460108,A00,6.5,5.25,6.2,,,,,,,
7340201,A01,8.2,7.5,,6.8,,,,,,
7220201,D09,7.0,,,7.8,,6.6,,,,
7340101,D01,8.25,,,5.6,7.2,,,,,
7810202,A01,7.6,8.5,,8.0,,,,,,
7220204,A01,6.8,7.75,,8.4,,,,,,
7340101,A00,6.75,7.25,6.8,,,,,,,
7340115,D01,9.0,,,6.8,8.4,,,,,
7340101,A00,8.0,7.25,7.75,,,,,,,
7340129,A00,5.75,7.75,6.2,,,,,,,
7220201,D01,8.0,,,7.6,7.25,,,,,
7220201,A01,8.8,8.0,,9.6,,,,,,
7510303,A00,6.0,7.25,7.6,,,,,,,
7220201,A01,8.6,7.75,,9.2,,,,,,
7480201,D07,7.6,,8.25,7.8,,,,,,
7540101,A00,7.5,6.0,7.0,,,,,,,
7810202,D01,7.0,,,7.6,6.6,,,,,
7480202,A01,5.75,5.8,,7.4,,,,,,
7510203,A00,6.4,5.75,5.0,,,,,,,
7520115,D01,6.25,,,7.6,3.6,,,,,
7420201,B00,7.5,,5.5,,,,8.0,,,
7819010,A00,6.75,8.5,6.0,,,,,,,
7540101,D07,8.5,,8.4,7.8,,,,,,
7340101,A00,7.0,7.75,8.2,,,,,,,
7340120,D01,7.8,,,8.6,8.25,,,,,
7540101,A00,8.75,7.0,7.4,,,,,,,
7480201,A00,6.5,6.75,8.0,,,,,,,
7380107,D01,7.6,,,7.8,5.75,,,,,
7480201,A00,8.2,7.5,7.5,,,,,,,
7340115,A00,6.0,8.5,7.6,,,,,,,
7340115,A00,7.75,8.0,8.4,,,,,,,
7510203,A00,6.0,8.75,7.6,,,,,,,
7340115,D01,7.5,,,8.8,7.2,,,,,
7220201,D01,7.4,,,8.6,7.5,,,,,
7340301,D01,9.0,,,6.6,5.4,,,,,
7340115,D01,7.5,,,7.6,7.8,,,,,
7480201,A00,7.75,7.5,8.2,,,,,,,
7480201,A01,8.2,6.5,,9.0,,,,,,
7510203,D01,7.8,,,6.4,7.75,,,,,
7340301,D01,7.0,,,7.4,5.6,,,,,
7810103,D15,,,,7.5,6.5,,,7.0,,
7510401,B00,8.8,,7.75,,,,7.75,,,
7510202,D01,7.5,,,7.8,3.4,,,,,
7340115,D01,8.75,,,7.8,8.0,,,,,
7340120,D01,7.0,,,7.8,6.6,,,,,
7340120,D01,7.8,,,8.6,7.0,,,,,
7540106,A00,6.0,6.75,7.25,,,,,,,
7810201,D01,7.6,,,8.2,7.25,,,,,
7340101,A01,8.8,7.75,,7.6,,,,,,
7380107,A00,7.6,6.75,7.5,,,,,,,
7510303,D01,7.0,,,7.0,5.8,,,,,
7380107,D01,7.4,,,7.8,6.5,,,,,
7340101,A01,7.4,7.25,,8.6,,,,,,
7380107,D01,6.2,,,8.4,7.0,,,,,
7480201,D01,7.75,,,7.8,7.2,,,,,
7480201,D01,7.0,,,7.2,6.8,,,,,
7540101,A00,7.25,7.5,8.8,,,,,,,
7340301,A00,7.6,6.75,8.5,,,,,,,
7540101,A00,7.0,6.5,6.8,,,,,,,
7340301,A00,8.8,7.5,8.25,,,,,,,
7340120,A01,7.6,8.0,,9.6,,,,,,
7340101,A01,6.75,7.2,,7.6,,,,,,
7540101,A00,7.0,7.75,7.8,,,,,,,
7340201,A00,7.0,7.75,8.2,,,,,,,
7380107,A00,7.25,7.0,7.2,,,,,,,
7480201,A00,7.25,7.5,8.2,,,,,,,
7420201,D07,7.0,,7.5,9.2,,,,,,
7340301,A01,8.2,7.0,,9.2,,,,,,
7540101,B00,7.8,,8.5,,,,8.5,,,
7480202,D01,4.6,,,4.4,6.5,,,,,
7540106,A00,7.4,6.25,6.25,,,,,,,
7510301,D01,6.4,,,4.8,5.5,,,,,
7510303,A00,7.8,7.0,7.0,,,,,,,
7420201,B00,6.8,,6.25,,,,7.5,,,
7480201,A01,7.6,7.5,,7.6,,,,,,
7510303,D01,7.6,,,5.0,6.75,,,,,
7510303,A01,6.5,7.6,,7.8,,,,,,
7380107,D01,6.0,,,9.0,7.25,,,,,
7340201,A01,6.25,6.6,,7.6,,,,,,
7220204,D01,7.2,,,7.0,8.5,,,,,
7340122,D01,8.75,,,7.0,6.0,,,,,
7480201,D01,7.8,,,7.0,7.75,,,,,
7540106,A00,8.0,5.0,6.75,,,,,,,
7340201,A00,6.0,8.5,7.8,,,,,,,
7540101,D07,8.6,,7.25,9.0,,,,,,
7810103,D01,7.75,,,7.8,6.0,,,,,
7480201,A00,7.25,6.5,7.8,,,,,,,
7340101,A01,6.75,8.4,,6.8,,,,,,
7340129,D01,7.2,,,4.4,8.5,,,,,
7420201,B00,7.6,,8.25,,,,8.75,,,
7340301,A00,8.0,7.25,8.0,,,,,,,
7340120,A01,7.8,6.75,,8.2,,,,,,
7480201,D07,8.25,,7.0,7.4,,,,,,
7380107,D01,7.0,,,6.6,7.75,,,,,
7540101,A00,7.5,8.25,8.6,,,,,,,
7340301,A00,8.2,6.5,8.25,,,,,,,
7340115,D01,8.75,,,7.8,7.6,,,,,
7340115,D01,7.25,,,7.8,7.6,,,,,
7340115,A00,8.25,7.25,7.4,,,,,,,
7340120,A00,6.75,7.5,7.0,,,,,,,
7540204,D01,7.5,,,8.0,5.6,,,,,
7480202,D01,6.0,,,6.2,6.0,,,,,
7510301,D01,5.8,,,6.0,7.0,,,,,
7220201,A01,8.5,7.4,,7.8,,,,,,
7340101,D01,8.25,,,6.8,6.0,,,,,
7340115,D01,8.5,,,8.0,7.0,,,,,
7510202,D01,6.25,,,7.2,4.0,,,,,
7340201,A00,6.25,7.75,7.4,,,,,,,
7340301,D01,7.6,,,7.8,9.0,,,,,
7510203,A00,7.25,7.5,7.4,,,,,,,
7420201,A00,8.2,5.5,6.25,,,,,,,
7380107,A00,8.25,7.75,8.0,,,,,,,
7340115,A00,8.5,8.0,7.8,,,,,,,
7540101,A00,7.75,7.25,7.4,,,,,,,
7510203,A01,6.8,5.75,,8.6,,,,,,
7340101,A00,7.5,7.25,8.2,,,,,,,
7340201,A00,7.0,7.5,7.4,,,,,,,
7540204,D01,7.0,,,4.6,6.5,,,,,
7460108,D01,7.25,,,6.8,9.2,,,,,
7480201,A00,7.4,7.75,7.25,,,,,,,
7380107,A00,7.4,7.0,7.25,,,,,,,
7540101,B00,7.75,,7.0,,,,7.0,,,
7340201,D01,6.6,,,7.4,8.75,,,,,
7220201,D01,7.6,,,8.6,7.5,,,,,
7340120,D01,7.5,,,7.8,7.4,,,,,
7220204,D01,7.4,,,9.0,8.0,,,,,
7480201,D07,6.75,,8.0,6.6,,,,,,
7540101,A00,7.25,7.5,7.6,,,,,,,
7510202,D01,6.75,,,7.4,4.6,,,,,
7540101,A00,8.8,7.75,7.25,,,,,,,
7540106,A00,7.0,6.75,7.0,,,,,,,
7480201,D01,7.25,,,7.0,7.8,,,,,
7480201,A00,7.8,7.5,7.5,,,,,,,
7510303,A00,7.25,6.75,7.2,,,,,,,
7340101,D01,6.5,,,7.6,6.8,,,,,
7340129,A00,6.75,7.5,7.6,,,,,,,
7380107,D01,8.0,,,6.8,7.4,,,,,
7480201,D01,8.0,,,7.8,8.0,,,,,
7380107,A00,7.4,6.25,8.0,,,,,,,
7340101,A01,8.25,6.6,,6.8,,,,,,
7510203,D01,8.4,,,5.0,6.0,,,,,
7850101,A00,6.8,6.25,6.5,,,,,,,
7340115,D01,8.75,,,7.0,7.2,,,,,
7340101,A00,7.75,7.25,7.2,,,,,,,
7480201,A00,7.6,8.25,7.75,,,,,,,
7340120,A01,7.4,8.0,,8.0,,,,,,
7340101,A01,8.4,7.0,,8.8,,,,,,
7480201,A00,8.2,7.0,7.75,,,,,,,
7810201,A00,4.75,6.75,7.0,,,,,,,
7340301,A00,8.4,6.5,7.75,,,,,,,
7480201,D07,6.75,,6.2,8.2,,,,,,
7340101,D01,7.0,,,7.2,7.2,,,,,
7340201,D01,7.25,,,8.0,6.8,,,,,
7420201,B00,6.8,,7.0,,,,5.5,,,
7540101,D07,8.0,,8.25,9.2,,,,,,
7340120,D01,8.4,,,7.2,8.0,,,,,
7810103,A00,6.5,6.0,7.2,,,,,,,
7340101,A00,6.75,7.5,7.0,,,,,,,
7220204,A01,8.25,6.0,,7.6,,,,,,
7340115,D01,8.5,,,7.4,9.0,,,,,
7540101,B00,6.5,,7.0,,,,7.0,,,
7540101,A00,6.0,8.75,7.2,,,,,,,
7810202,A00,8.8,6.0,7.5,,,,,,,
7480201,A00,7.6,7.25,7.5,,,,,,,
7340201,A01,8.2,7.75,,7.2,,,,,,
7510402,A00,7.6,6.75,7.5,,,,,,,
7510401,D07,8.0,,7.4,7.2,,,,,,
7510202,A01,6.0,6.4,,6.2,,,,,,
7340101,A00,7.5,7.25,8.2,,,,,,,
7480202,D01,5.5,,,7.4,5.6,,,,,
7340101,A00,7.8,7.75,8.0,,,,,,,
7540105,B00,6.5,,7.5,,,,7.6,,,
7340120,D01,7.5,,,6.8,7.6,,,,,
7340120,A00,7.25,8.25,7.8,,,,,,,
7340301,A01,7.4,7.75,,8.2,,,,,,
7420201,A00,7.6,7.25,8.0,,,,,,,
7340123,D01,6.0,,,7.6,7.4,,,,,
7480201,D01,8.0,,,8.0,8.75,,,,,
7510401,D07,8.2,,7.5,9.0,,,,,,
7540101,D07,7.8,,8.75,7.8,,,,,,
7340123,D01,6.5,,,6.0,4.4,,,,,
7540101,D07,8.25,,7.6,6.8,,,,,,
7510202,A01,6.4,5.75,,4.6,,,,,,
7480202,D01,7.6,,,6.2,6.25,,,,,
7220201,D01,6.5,,,7.4,7.8,,,,,
7460108,D01,7.0,,,6.8,6.0,,,,,
7540101,B00,7.6,,7.75,,,,9.25,,,
7480201,A00,8.25,8.25,7.4,,,,,,,
7340129,D01,7.0,,,7.4,8.0,,,,,
7510401,A00,5.5,7.25,6.6,,,,,,,
7510301,D01,7.25,,,7.0,5.8,,,,,
7480201,A00,8.25,7.25,8.4,,,,,,,
7810202,D15,,,,6.0,6.75,,,7.0,,
7340101,A00,7.25,8.25,7.8,,,,,,,
7380107,D01,8.0,,,6.2,6.2,,,,,
7480201,A00,7.75,6.5,7.4,,,,,,,
7380107,A01,6.8,7.25,,8.8,,,,,,
7340129,D01,7.0,,,6.8,5.75,,,,,
7220201,D01,8.0,,,9.4,7.5,,,,,
7510303,D01,7.6,,,3.8,7.5,,,,,
7540101,A01,8.4,8.25,,9.0,,,,,,
7480202,D01,7.0,,,5.6,7.25,,,,,
7540105,A00,6.6,6.5,5.75,,,,,,,
7340115,D01,7.75,,,7.2,8.2,,,,,
7480202,A01,6.6,6.0,,6.6,,,,,,
7340101,D01,7.75,,,6.0,7.0,,,,,
7810202,D01,8.25,,,6.4,5.8,,,,,
7510401,B00,7.4,,8.0,,,,7.5,,,
7340115,D01,8.0,,,8.6,7.5,,,,,
7220204,A01,7.6,7.75,,8.4,,,,,,
7480201,A00,7.25,6.5,7.2,,,,,,,
7340122,A01,7.25,7.4,,7.6,,,,,,
7819010,B00,7.25,,7.25,,,,7.0,,,
7340101,D01,7.0,,,6.8,7.4,,,,,
7340201,A00,6.25,7.0,7.0,,,,,,,
7340115,A00,7.75,7.25,7.6,,,,,,,
7340101,D01,8.25,,,7.0,7.4,,,,,
7380107,A00,7.5,7.75,7.8,,,,,,,
7510303,A00,7.2,5.5,6.5,,,,,,,
7340129,D01,6.25,,,7.8,6.0,,,,,
7810201,D01,6.4,,,9.4,6.75,,,,,
7340122,D01,7.25,,,7.4,7.6,,,,,
7480201,D07,7.4,,8.5,8.2,,,,,,
7810202,A00,7.5,6.75,7.6,,,,,,,
7340115,A00,7.5,7.75,7.8,,,,,,,
7510203,A00,6.25,6.75,7.8,,,,,,,
7340115,A00,8.0,7.25,8.75,,,,,,,
7540101,B00,8.25,,8.75,,,,8.6,,,
7220201,D01,7.5,,,6.4,8.0,,,,,
7510301,D01,7.8,,,5.4,5.0,,,,,
7540101,A00,6.75,7.5,7.2,,,,,,,
7340201,A00,7.25,8.25,8.2,,,,,,,
7220201,D01,8.0,,,7.4,6.4,,,,,
7340301,D01,8.2,,,7.6,8.5,,,,,
7340115,A00,7.75,7.5,8.4,,,,,,,
7510303,A00,5.2,6.25,6.25,,,,,,,
7340120,A00,6.75,7.0,7.4,,,,,,,
7510303,A01,8.2,7.25,,9.0,,,,,,
7340101,A00,9.4,7.25,8.0,,,,,,,
7510303,A01,5.75,8.0,,7.6,,,,,,
7340201,A01,8.2,6.75,,8.0,,,,,,
7510202,D01,7.0,,,8.4,6.25,,,,,
7340201,A00,8.0,7.0,8.2,,,,,,,
7810201,A00,8.4,6.5,8.5,,,,,,,
7420201,D07,7.75,,7.2,8.0,,,,,,
7380107,A00,7.4,7.0,7.25,,,,,,,
7480201,A00,6.0,7.75,8.0,,,,,,,
7540101,B00,8.0,,7.25,,,,6.2,,,
7340301,A00,7.25,9.25,7.6,,,,,,,
7540101,A00,8.6,7.75,8.25,,,,,,,
7220201,D01,7.5,,,7.0,6.6,,,,,
7540204,D01,6.4,,,6.2,6.5,,,,,
7850101,B00,7.25,,4.75,,,,6.6,,,
7540101,A00,7.5,8.25,7.2,,,,,,,
7340120,A00,8.25,8.25,7.2,,,,,,,
7340129,A00,7.0,7.75,8.0,,,,,,,
7340101,A00,6.5,8.25,8.4,,,,,,,
7810202,A01,7.8,8.0,,7.6,,,,,,
7510203,A00,6.0,8.0,7.0,,,,,,,
7540106,A00,6.0,6.0,5.5,,,,,,,
7340101,A01,6.0,9.2,,7.4,,,,,,
7540106,B00,7.4,,7.25,,,,5.25,,,
7480201,D01,8.0,,,7.4,6.2,,,,,
7420201,D07,6.8,,6.5,7.2,,,,,,
7480201,D07,8.0,,6.8,7.6,,,,,,
7520115,D01,7.5,,,7.8,5.8,,,,,
7510202,A00,6.25,5.75,5.4,,,,,,,
7510203,A01,6.0,6.6,,8.6,,,,,,
7819010,B00,6.25,,7.0,,,,6.4,,,
7340101,A00,5.75,7.5,7.8,,,,,,,
7340129,D01,7.25,,,7.4,3.4,,,,,
7340115,D01,8.5,,,7.0,8.0,,,,,
7340301,A01,6.25,7.2,,6.8,,,,,,
7540101,A00,7.8,7.25,8.75,,,,,,,
7480201,D07,6.5,,9.0,7.6,,,,,,
7340201,D01,7.4,,,7.6,8.75,,,,,
7340301,D01,7.5,,,7.2,7.0,,,,,
7540106,A00,7.2,5.75,6.5,,,,,,,
7340101,D01,8.4,,,8.2,7.5,,,,,
7510203,D01,8.0,,,6.2,7.6,,,,,
7510303,A00,6.75,5.5,8.0,,,,,,,
7480201,A00,7.25,7.5,6.8,,,,,,,
7480202,D01,7.8,,,4.8,8.5,,,,,
7340201,D01,8.0,,,8.0,7.0,,,,,
7480201,D01,7.25,,,7.8,7.2,,,,,
7540106,B00,6.5,,6.75,,,,8.2,,,
7810202,D01,8.0,,,7.2,7.0,,,,,
7480201,A00,8.0,7.75,7.6,,,,,,,
7220204,D01,7.8,,,8.4,8.25,,,,,
7380107,D01,7.0,,,8.2,6.4,,,,,
7480202,D01,6.0,,,7.8,6.0,,,,,
7480201,D01,7.8,,,8.6,7.25,,,,,
7540204,D01,7.8,,,6.8,6.75,,,,,
7540101,D07,6.5,,9.0,7.8,,,,,,
7510203,D01,6.5,,,6.8,4.8,,,,,
7340120,A00,8.2,7.0,8.75,,,,,,,
7340115,A01,8.4,8.0,,8.6,,,,,,
7340115,D01,8.25,,,6.6,7.6,,,,,
7810201,D01,7.0,,,7.4,7.6,,,,,
7540204,D01,7.6,,,7.6,7.0,,,,,
7220204,D01,7.6,,,8.0,7.5,,,,,
7220201,D01,7.6,,,8.0,8.0,,,,,
7810202,D01,7.8,,,8.0,7.5,,,,,
7340101,A00,8.0,7.5,7.75,,,,,,,
7380107,D01,7.8,,,5.0,8.5,,,,,
7340120,D01,7.75,,,7.8,7.6,,,,,
7340122,A00,7.75,8.0,7.4,,,,,,,
7420201,B00,6.6,,7.0,,,,5.25,,,
7540106,B00,6.75,,6.75,,,,7.4,,,
7480202,A00,6.5,6.75,7.2,,,,,,,
7520115,D01,6.25,,,6.4,5.8,,,,,
7340101,A00,7.75,7.75,8.0,,,,,,,
7510303,A01,7.4,5.5,,8.8,,,,,,
7340101,D01,7.5,,,7.8,6.8,,,,,
7480201,A00,6.75,8.0,7.4,,,,,,,
7510303,A00,5.5,7.75,6.8,,,,,,,
7480201,D01,7.6,,,8.2,6.75,,,,,
7810103,D01,7.2,,,8.8,7.5,,,,,
7480201,D01,7.75,,,6.8,6.6,,,,,
7810202,D01,7.25,,,8.2,7.4,,,,,
7340201,A00,6.75,6.75,8.0,,,,,,,
7480201,D07,8.0,,7.75,9.0,,,,,,
7540101,A00,6.75,8.25,8.0,,,,,,,
7420201,A00,6.6,6.25,6.25,,,,,,,
7340301,A00,8.25,7.75,8.2,,,,,,,
7810202,D01,8.0,,,7.0,6.2,,,,,
7340201,D01,7.8,,,8.0,7.0,,,,,
7540101,D07,8.75,,8.0,8.4,,,,,,
7510303,D01,7.6,,,4.6,7.0,,,,,
7810202,A01,9.0,7.25,,7.4,,,,,,
7510203,A00,7.0,6.5,7.75,,,,,,,
7810201,A00,7.8,7.5,7.75,,,,,,,
7340120,D01,7.0,,,8.6,8.0,,,,,
7540101,A00,8.2,7.25,8.25,,,,,,,
7340120,A00,7.6,7.5,8.0,,,,,,,
7340101,A00,7.0,7.25,7.4,,,,,,,
7810103,D01,8.5,,,7.2,6.8,,,,,
7340301,A01,8.6,7.25,,7.8,,,,,,
7340301,D01,7.0,,,6.6,9.0,,,,,
7340129,A00,7.0,6.75,7.6,,,,,,,
7810202,A00,7.0,7.5,7.2,,,,,,,
7540105,A00,5.25,4.25,6.6,,,,,,,
7460108,A00,7.0,5.5,7.0,,,,,,,
7220204,D09,9.5,,,7.8,,6.8,,,,
7480201,A01,7.6,7.5,,8.2,,,,,,
7340201,D01,7.4,,,8.2,7.5,,,,,
7510202,A00,5.25,7.5,6.2,,,,,,,
7540105,A00,7.2,5.25,8.5,,,,,,,
7460108,D07,8.5,,7.8,7.2,,,,,,
7480201,D07,7.0,,7.2,7.4,,,,,,
7380107,D01,6.5,,,7.2,5.6,,,,,
7510203,A00,7.6,6.5,6.0,,,,,,,
7480202,A00,6.0,5.0,7.4,,,,,,,
7510303,A01,7.0,7.4,,7.4,,,,,,
7340301,A00,8.2,7.0,7.5,,,,,,,
7340101,D01,8.0,,,7.0,7.4,,,,,
7340301,D01,7.2,,,8.0,7.0,,,,,
7510401,A00,8.0,6.75,7.75,,,,,,,
7510301,D01,7.5,,,5.6,4.6,,,,,
7460108,A00,6.0,7.5,6.4,,,,,,,
7480201,A00,7.4,7.5,7.75,,,,,,,
7340201,A00,7.4,7.25,8.25,,,,,,,
7340101,D01,7.6,,,7.0,8.5,,,,,
7340201,D01,7.2,,,8.2,7.5,,,,,
7850101,D07,4.75,,5.0,6.8,,,,,,
7510301,A00,6.25,4.25,7.4,,,,,,,
7340201,D01,8.75,,,6.8,7.6,,,,,
7340301,A00,8.0,8.0,7.6,,,,,,,
