to_hop_thi,ma_nganh,diem_Van,diem_Dia,diem_Anh,diem_Toan,diem_Gdktpl,diem_Tin,diem_Su,diem_Ly,diem_Hoa,diem_Sinh,nguon,j_nganh,ma_nhom
B00,7540101,,,,8.25,,,,,8.25,8.0,ttth,28,7
A00,7380107,,,,8.0,,,,7.5,6.5,,ttth,12,8
D01,7510202,8.0,,4.8,7.0,,,,,,,ttth,18,5
D01,7810202,7.8,,7.2,5.75,,,,,,,ttth,35,4
A01,7340201,,,7.6,8.0,,,,8.0,,,ttth,8,2
A00,7340101,,,,6.5,,,,8.0,7.0,,ttth,2,1
A00,7340115,,,,8.0,,,,8.25,7.0,,ttth,3,1
A00,7340301,,,,6.75,,,,8.25,6.4,,ttth,10,2
D01,7510303,8.5,,6.0,6.8,,,,,,,ttth,21,5
D01,7340301,8.6,,7.2,7.5,,,,,,,ttth,10,2
D01,7540204,5.4,,5.8,8.0,,,,,,,ttth,31,6
B00,7420201,,,,7.25,,,,,6.75,7.6,ttth,13,7
A01,7340201,,,8.8,7.0,,,,7.25,,,ttth,8,2
A00,7480201,,,,8.0,,,,8.0,7.4,,ttth,16,0
A00,7340201,,,,6.25,,,,8.0,7.2,,ttth,8,2
D01,7460108,5.4,,7.2,6.5,,,,,,,ttth,14,0
A00,7510303,,,,7.0,,,,7.75,7.6,,ttth,21,5
D01,7480202,6.5,,6.6,6.6,,,,,,,ttth,17,0
D01,7220204,5.4,,8.0,8.5,,,,,,,ttth,1,8
D09,7220204,,,9.2,7.4,,,7.0,,,,ttth,1,8
A00,7340122,,,,6.5,,,,8.5,6.6,,ttth,5,1
D01,7380107,5.0,,8.6,8.25,,,,,,,ttth,12,8
D01,7340101,7.0,,8.4,8.6,,,,,,,ttth,2,1
D01,7340201,6.0,,7.8,7.0,,,,,,,ttth,8,2
D01,7220201,7.2,,6.2,7.5,,,,,,,ttth,0,8
D01,7340120,7.8,,7.4,8.75,,,,,,,ttth,4,1
A00,7340101,,,,6.75,,,,9.0,7.8,,ttth,2,1
A01,7510303,,,7.8,6.5,,,,7.0,,,ttth,21,5
A00,7480201,,,,6.5,,,,7.25,7.0,,ttth,16,0
D01,7480201,8.6,,8.0,7.5,,,,,,,ttth,16,0
A01,7480201,,,7.2,6.5,,,,7.2,,,ttth,16,0
A01,7480201,,,8.2,8.0,,,,7.25,,,ttth,16,0
D01,7810201,9.2,,7.2,7.0,,,,,,,ttth,34,4
A00,7340101,,,,7.0,,,,7.75,7.2,,ttth,2,1
D01,7480201,8.0,,8.8,8.6,,,,,,,ttth,16,0
D01,7810202,4.4,,7.0,6.75,,,,,,,ttth,35,4
A00,7540101,,,,7.5,,,,8.0,7.8,,ttth,28,7
D01,7340120,7.5,,8.2,7.6,,,,,,,ttth,4,1
A00,7810201,,,,6.75,,,,7.0,6.4,,ttth,34,4
A00,7480201,,,,8.25,,,,7.25,8.2,,ttth,16,0
D01,7810103,5.6,,7.0,6.0,,,,,,,ttth,33,4
A00,7480201,,,,7.8,,,,7.75,7.75,,ttth,16,0
A01,7220201,,,8.6,8.6,,,,7.75,,,ttth,0,8
D01,7340115,8.8,,6.2,9.0,,,,,,,ttth,3,1
A01,7220201,,,9.2,7.4,,,,7.25,,,ttth,0,8
D01,7380107,7.75,,7.2,7.4,,,,,,,ttth,12,8
A00,7380107,,,,8.6,,,,7.25,8.0,,ttth,12,8
A00,7510401,,,,7.0,,,,6.75,7.5,,ttth,22,6
D01,7340101,7.25,,8.0,8.2,,,,,,,ttth,2,1
A00,7480201,,,,7.25,,,,8.25,8.0,,ttth,16,0
D01,7480201,7.0,,8.2,7.4,,,,,,,ttth,16,0
D01,7340101,8.6,,7.8,8.5,,,,,,,ttth,2,1
A01,7340120,,,7.6,8.5,,,,7.6,,,ttth,4,1
D07,7480202,,,7.8,6.75,,,,,8.4,,ttth,17,0
A00,7340301,,,,7.75,,,,7.5,8.0,,ttth,10,2
A01,7380107,,,8.0,6.75,,,,7.4,,,ttth,12,8
D01,7340129,6.75,,6.6,7.4,,,,,,,ttth,7,7
A00,7340115,,,,7.75,,,,7.5,7.8,,ttth,3,1
A01,7340201,,,7.2,7.5,,,,7.2,,,ttth,8,2
A00,7510303,,,,7.4,,,,7.5,6.75,,ttth,21,5
D01,7540204,6.5,,5.6,5.0,,,,,,,ttth,31,6
D07,7850101,,,6.2,7.4,,,,,4.25,,ttth,38,7
A00,7340115,,,,8.25,,,,8.0,7.6,,ttth,3,1
D01,7810103,8.25,,8.0,7.4,,,,,,,ttth,33,4
A00,7340115,,,,7.0,,,,7.5,7.6,,ttth,3,1
D01,7340115,8.6,,7.6,6.75,,,,,,,ttth,3,1
A00,7810103,,,,8.4,,,,7.5,7.75,,ttth,33,4
A00,7510406,,,,7.0,,,,6.25,6.25,,ttth,24,7
A01,7340101,,,7.4,7.5,,,,9.0,,,ttth,2,1
D01,7340122,7.8,,7.2,8.0,,,,,,,ttth,5,1
A01,7420201,,,8.0,8.0,,,,8.0,,,ttth,13,7
D01,7510203,6.25,,7.0,6.4,,,,,,,ttth,19,5
A00,7510401,,,,6.6,,,,6.25,7.75,,ttth,22,6
A00,7340115,,,,7.75,,,,8.0,7.6,,ttth,3,1
A00,7340115,,,,8.8,,,,7.5,8.0,,ttth,3,1
D01,7480202,6.0,,9.4,7.8,,,,,,,ttth,17,0
A01,7340301,,,8.0,7.25,,,,7.2,,,ttth,10,2
A00,7340101,,,,7.75,,,,7.0,7.8,,ttth,2,1
A00,7480201,,,,7.8,,,,6.75,8.0,,ttth,16,0
A00,7340301,,,,8.25,,,,7.25,7.6,,ttth,10,2
D01,7220204,8.25,,8.0,8.2,,,,,,,ttth,1,8
D07,7540106,,,7.6,7.6,,,,,7.5,,ttth,30,7
A00,7510303,,,,6.5,,,,7.25,6.6,,ttth,21,5
D01,7340115,7.6,,8.4,8.75,,,,,,,ttth,3,1
A00,7850101,,,,7.6,,,,6.0,8.5,,ttth,38,7
D01,7380107,6.8,,8.2,7.75,,,,,,,ttth,12,8
A00,7420201,,,,6.75,,,,7.25,6.4,,ttth,13,7
D07,7540101,,,6.8,7.0,,,,,8.2,,ttth,28,7
A01,7810201,,,7.0,7.5,,,,7.8,,,ttth,34,4
D07,7480201,,,8.2,8.25,,,,,8.6,,ttth,16,0
A00,7340101,,,,6.25,,,,7.5,6.8,,ttth,2,1
D01,7510203,5.75,,7.4,7.0,,,,,,,ttth,19,5
A00,7340129,,,,7.0,,,,7.75,7.2,,ttth,7,7
A01,7510303,,,7.4,7.5,,,,7.0,,,ttth,21,5
D01,7510301,5.8,,7.2,6.25,,,,,,,ttth,20,5
A00,7510401,,,,6.4,,,,7.5,7.25,,ttth,22,6
A00,7340101,,,,7.4,,,,8.0,8.5,,ttth,2,1
A01,7510202,,,7.8,6.5,,,,4.8,,,ttth,18,5
D07,7480202,,,7.0,7.25,,,,,8.2,,ttth,17,0
D01,7220201,7.5,,8.0,7.8,,,,,,,ttth,0,8
D01,7380107,8.5,,6.6,7.4,,,,,,,ttth,12,8
A01,7340205,,,7.4,7.25,,,,7.6,,,ttth,9,2
A00,7510401,,,,7.5,,,,7.75,7.4,,ttth,22,6
A00,7480202,,,,6.0,,,,6.75,7.0,,ttth,17,0
A00,7850101,,,,7.0,,,,5.5,7.75,,ttth,38,7
A00,7340101,,,,7.5,,,,8.0,7.8,,ttth,2,1
A00,7420201,,,,6.25,,,,7.5,7.8,,ttth,13,7
A00,7480201,,,,8.25,,,,8.0,8.6,,ttth,16,0
D01,7340115,7.2,,7.4,7.75,,,,,,,ttth,3,1
D01,7810202,7.75,,8.0,7.6,,,,,,,ttth,35,4
D07,7420201,,,5.8,6.5,,,,,7.6,,ttth,13,7
A00,7340201,,,,8.25,,,,8.25,7.6,,ttth,8,2
A00,7480201,,,,8.4,,,,7.0,7.75,,ttth,16,0
A00,7540101,,,,6.5,,,,7.0,7.4,,ttth,28,7
D01,7340120,8.0,,8.4,6.8,,,,,,,ttth,4,1
D01,7220201,7.5,,8.4,8.8,,,,,,,ttth,0,8
B00,7819010,,,,5.25,,,,,6.5,6.6,ttth,37,4
D01,7380107,8.0,,7.4,7.75,,,,,,,ttth,12,8
D01,7340101,7.75,,8.8,7.4,,,,,,,ttth,2,1
A00,7340101,,,,8.25,,,,6.75,6.6,,ttth,2,1
D01,7340101,8.75,,8.2,7.4,,,,,,,ttth,2,1
D15,7810201,6.5,6.0,8.5,,,,,,,,ttth,34,4
A00,7480202,,,,6.5,,,,7.25,8.2,,ttth,17,0
D01,7510301,9.6,,6.4,5.25,,,,,,,ttth,20,5
D07,7819010,,,6.6,6.0,,,,,6.8,,ttth,37,4
A00,7480201,,,,8.25,,,,7.5,6.6,,ttth,16,0
D01,7540204,7.25,,6.2,6.0,,,,,,,ttth,31,6
D07,7480201,,,7.8,7.4,,,,,7.75,,ttth,16,0
A00,7810201,,,,4.75,,,,7.25,6.4,,ttth,34,4
D01,7340101,6.6,,7.0,7.25,,,,,,,ttth,2,1
D01,7340201,7.0,,7.4,8.0,,,,,,,ttth,8,2
D07,7510202,,,7.4,7.0,,,,,5.8,,ttth,18,5
A01,7510202,,,7.0,8.0,,,,6.5,,,ttth,18,5
D07,7819009,,,6.2,5.75,,,,,6.8,,ttth,36,4
A01,7340101,,,7.6,7.5,,,,8.0,,,ttth,2,1
D07,7540106,,,7.4,7.25,,,,,6.8,,ttth,30,7
A00,7510301,,,,7.8,,,,6.75,7.0,,ttth,20,5
A00,7540101,,,,8.0,,,,7.75,7.75,,ttth,28,7
D07,7540101,,,7.4,7.5,,,,,8.2,,ttth,28,7
A00,7340120,,,,7.75,,,,7.25,7.6,,ttth,4,1
A00,7510303,,,,8.4,,,,5.5,6.5,,ttth,21,5
D01,7340120,7.2,,6.6,7.75,,,,,,,ttth,4,1
A00,7850101,,,,6.75,,,,7.5,8.0,,ttth,38,7
A00,7340301,,,,8.4,,,,7.5,7.75,,ttth,10,2
D15,7810103,7.0,7.4,7.0,,,,,,,,ttth,33,4
A01,7510202,,,8.6,7.75,,,,5.6,,,ttth,18,5
A00,7340129,,,,6.0,,,,6.75,7.0,,ttth,7,7
A00,7340301,,,,7.5,,,,7.75,8.2,,ttth,10,2
A00,7340122,,,,6.5,,,,8.25,7.6,,ttth,5,1
D07,7540101,,,7.8,7.25,,,,,7.0,,ttth,28,7
D01,7340115,7.8,,7.6,8.5,,,,,,,ttth,3,1
D01,7340129,5.6,,7.8,6.75,,,,,,,ttth,7,7
D01,7340129,7.4,,7.0,8.0,,,,,,,ttth,7,7
D01,7810201,7.5,,8.8,7.4,,,,,,,ttth,34,4
D01,7340101,7.6,,7.2,7.25,,,,,,,ttth,2,1
A00,7340122,,,,8.5,,,,7.0,7.4,,ttth,5,1
D01,7480201,6.0,,7.6,8.2,,,,,,,ttth,16,0
A00,7850101,,,,4.75,,,,7.75,7.2,,ttth,38,7
A00,7810201,,,,6.0,,,,8.0,6.8,,ttth,34,4
A01,7340115,,,8.4,7.8,,,,8.0,,,ttth,3,1
A00,7340301,,,,6.75,,,,7.25,7.6,,ttth,10,2
D01,7340115,8.6,,7.2,8.25,,,,,,,ttth,3,1
D01,7220204,8.0,,7.4,7.2,,,,,,,ttth,1,8
D01,7340201,7.6,,7.8,8.75,,,,,,,ttth,8,2
A01,7819010,,,7.6,6.5,,,,5.0,,,ttth,37,4
D01,7340115,7.8,,7.8,7.25,,,,,,,ttth,3,1
A00,7340115,,,,7.0,,,,8.25,7.8,,ttth,3,1
D01,7510203,3.4,,7.0,7.0,,,,,,,ttth,19,5
B00,7540106,,,,8.0,,,,,5.5,6.25,ttth,30,7
A00,7510401,,,,7.6,,,,6.75,8.25,,ttth,22,6
D15,7810202,6.5,6.4,6.0,,,,,,,,ttth,35,4
A00,7340205,,,,7.0,,,,8.25,7.2,,ttth,9,2
A00,7540106,,,,7.75,,,,7.5,7.4,,ttth,30,7
D01,7510301,5.75,,5.4,6.6,,,,,,,ttth,20,5
A00,7510203,,,,6.8,,,,8.0,7.0,,ttth,19,5
A00,7810201,,,,7.8,,,,8.0,7.25,,ttth,34,4
A00,7540101,,,,8.0,,,,8.0,8.0,,ttth,28,7
D01,7810202,7.5,,7.6,7.2,,,,,,,ttth,35,4
A00,7480202,,,,6.5,,,,7.5,6.8,,ttth,17,0
D01,7340115,7.0,,7.8,7.75,,,,,,,ttth,3,1
A00,7340205,,,,7.5,,,,6.5,5.4,,ttth,9,2
D07,7420201,,,7.2,7.25,,,,,6.6,,ttth,13,7
D01,7540204,6.0,,6.4,8.25,,,,,,,ttth,31,6
A01,7340101,,,8.6,8.6,,,,6.5,,,ttth,2,1
A00,7520115,,,,6.75,,,,6.5,7.8,,ttth,27,6
A01,7480201,,,8.2,7.8,,,,6.75,,,ttth,16,0
A00,7480201,,,,7.25,,,,8.0,8.0,,ttth,16,0
A01,7850101,,,7.4,5.2,,,,5.5,,,ttth,38,7
A01,7480201,,,9.0,7.8,,,,7.5,,,ttth,16,0
A00,7480201,,,,8.5,,,,7.0,7.6,,ttth,16,0
A01,7510203,,,7.8,6.75,,,,6.4,,,ttth,19,5
A00,7510301,,,,6.5,,,,7.0,7.4,,ttth,20,5
A01,7340120,,,8.6,8.0,,,,8.0,,,ttth,4,1
A00,7510303,,,,7.4,,,,5.75,7.25,,ttth,21,5
D01,7340115,8.8,,7.4,8.25,,,,,,,ttth,3,1
A00,7540101,,,,8.0,,,,7.25,7.8,,ttth,28,7
D01,7810201,8.0,,8.6,7.2,,,,,,,ttth,34,4
A01,7510301,,,6.0,7.0,,,,7.25,,,ttth,20,5
D01,7810201,8.0,,6.6,7.75,,,,,,,ttth,34,4
A00,7510203,,,,7.0,,,,4.25,5.25,,ttth,19,5
D01,7510303,5.25,,6.8,6.8,,,,,,,ttth,21,5
D01,7340129,8.4,,7.8,7.5,,,,,,,ttth,7,7
A00,7340101,,,,7.25,,,,8.25,8.0,,ttth,2,1
A00,7340301,,,,8.6,,,,7.75,7.0,,ttth,10,2
A01,7420201,,,7.4,7.8,,,,7.75,,,ttth,13,7
A00,7540101,,,,7.5,,,,9.5,8.8,,ttth,28,7
A00,7340201,,,,7.25,,,,8.0,8.0,,ttth,8,2
D01,7480202,6.0,,5.6,5.4,,,,,,,ttth,17,0
D01,7480201,6.2,,8.0,7.0,,,,,,,ttth,16,0
A01,7480201,,,8.6,8.0,,,,6.75,,,ttth,16,0
A00,7510303,,,,7.0,,,,7.75,7.8,,ttth,21,5
D01,7340301,7.5,,7.2,7.8,,,,,,,ttth,10,2
B00,7540101,,,,6.75,,,,,7.25,8.0,ttth,28,7
D07,7480201,,,8.2,7.75,,,,,7.2,,ttth,16,0
B00,7540101,,,,7.5,,,,,5.5,7.6,ttth,28,7
A00,7810202,,,,6.0,,,,6.25,7.4,,ttth,35,4
D01,7380107,7.6,,7.8,7.25,,,,,,,ttth,12,8
A00,7480201,,,,8.75,,,,6.75,8.0,,ttth,16,0
A00,7480201,,,,7.5,,,,7.5,8.2,,ttth,16,0
D01,7340115,7.6,,6.8,8.0,,,,,,,ttth,3,1
A00,7810201,,,,7.8,,,,7.75,7.25,,ttth,34,4
D01,7810201,8.5,,7.2,7.8,,,,,,,ttth,34,4
D01,7480201,7.0,,8.4,7.8,,,,,,,ttth,16,0
D01,7480202,5.0,,7.2,8.0,,,,,,,ttth,17,0
A00,7810201,,,,7.75,,,,6.5,8.2,,ttth,34,4
D01,7340129,8.25,,6.8,6.2,,,,,,,ttth,7,7
A00,7340101,,,,8.6,,,,7.25,8.5,,ttth,2,1
A00,7340101,,,,7.0,,,,8.25,8.4,,ttth,2,1
B00,7540101,,,,8.5,,,,,8.0,7.2,ttth,28,7
A01,7480201,,,7.2,7.0,,,,8.0,,,ttth,16,0
A01,7510203,,,7.8,7.25,,,,6.6,,,ttth,19,5
D01,7380107,7.25,,6.4,7.4,,,,,,,ttth,12,8
D09,7220201,,,9.0,7.4,,,6.75,,,,ttth,0,8
D01,7220201,7.8,,6.0,6.75,,,,,,,ttth,0,8
D01,7480201,7.0,,8.4,8.2,,,,,,,ttth,16,0
D07,7480201,,,8.6,8.75,,,,,7.4,,ttth,16,0
D07,7540101,,,8.4,7.8,,,,,8.75,,ttth,28,7
A01,7340120,,,7.2,7.8,,,,7.75,,,ttth,4,1
A00,7340301,,,,7.25,,,,8.25,8.0,,ttth,10,2
A00,7340201,,,,7.0,,,,7.75,7.8,,ttth,8,2
B00,7540101,,,,7.5,,,,,7.25,7.0,ttth,28,7
D01,7510203,8.0,,6.6,7.75,,,,,,,ttth,19,5
B00,7510401,,,,6.5,,,,,8.75,6.8,ttth,22,6
D01,7380107,5.4,,6.8,8.0,,,,,,,ttth,12,8
A00,7340301,,,,7.8,,,,6.0,8.5,,ttth,10,2
A00,7340301,,,,7.0,,,,7.5,7.6,,ttth,10,2
A00,7340120,,,,7.75,,,,6.0,7.6,,ttth,4,1
A00,7510303,,,,6.25,,,,7.25,7.4,,ttth,21,5
D07,7480201,,,9.0,7.6,,,,,7.75,,ttth,16,0
B00,7420201,,,,7.6,,,,,6.5,5.25,ttth,13,7
A00,7540105,,,,8.0,,,,8.0,8.25,,ttth,29,7
D01,7510301,7.0,,7.2,7.75,,,,,,,ttth,20,5
A00,7510202,,,,7.6,,,,6.5,7.25,,ttth,18,5
A00,7340201,,,,6.25,,,,7.0,7.2,,ttth,8,2
D15,7810202,7.25,7.8,8.0,,,,,,,,ttth,35,4
A00,7380107,,,,7.0,,,,6.0,7.0,,ttth,12,8
A00,7340301,,,,6.75,,,,7.5,7.6,,ttth,10,2
A00,7480202,,,,7.2,,,,6.25,7.75,,ttth,17,0
A00,7810103,,,,7.25,,,,7.5,7.0,,ttth,33,4
D01,7480201,5.6,,7.0,8.0,,,,,,,ttth,16,0
A01,7510203,,,7.8,7.0,,,,7.2,,,ttth,19,5
A01,7480201,,,7.0,6.75,,,,8.0,,,ttth,16,0
D01,7340101,6.0,,7.2,9.0,,,,,,,ttth,2,1
A00,7540101,,,,8.0,,,,8.25,8.2,,ttth,28,7
D01,7340101,7.75,,8.4,7.6,,,,,,,ttth,2,1
A01,7480201,,,8.2,7.75,,,,8.2,,,ttth,16,0
D07,7480201,,,7.6,7.75,,,,,6.8,,ttth,16,0
D07,7850101,,,5.4,7.0,,,,,5.25,,ttth,38,7
A01,7540101,,,7.8,7.5,,,,7.2,,,ttth,28,7
D15,7810202,7.75,5.4,8.75,,,,,,,,ttth,35,4
D01,7340201,5.2,,6.8,8.75,,,,,,,ttth,8,2
D01,7340120,8.0,,8.0,8.0,,,,,,,ttth,4,1
D01,7480201,8.0,,7.6,7.0,,,,,,,ttth,16,0
D01,7220204,7.0,,9.4,6.4,,,,,,,ttth,1,8
A00,7540101,,,,8.0,,,,7.75,8.5,,ttth,28,7
A00,7510303,,,,6.0,,,,5.25,6.0,,ttth,21,5
D01,7340120,8.2,,7.4,6.5,,,,,,,ttth,4,1
A00,7540204,,,,7.0,,,,5.5,8.0,,ttth,31,6
A01,7480201,,,8.8,7.4,,,,6.25,,,ttth,16,0
D07,7540101,,,8.6,8.0,,,,,7.4,,ttth,28,7
D01,7510203,5.0,,5.4,7.4,,,,,,,ttth,19,5
D01,7510303,6.5,,6.8,7.4,,,,,,,ttth,21,5
D01,7340201,7.0,,7.4,8.5,,,,,,,ttth,8,2
B00,7540101,,,,8.0,,,,,6.75,7.2,ttth,28,7
D01,7480201,7.2,,6.4,7.0,,,,,,,ttth,16,0
D07,7480201,,,7.0,7.5,,,,,6.6,,ttth,16,0
D07,7540101,,,7.4,8.25,,,,,7.4,,ttth,28,7
A00,7340120,,,,8.0,,,,7.25,8.5,,ttth,4,1
A00,7480202,,,,6.4,,,,4.25,7.25,,ttth,17,0
D01,7510301,4.2,,7.2,6.25,,,,,,,ttth,20,5
D01,7340129,5.6,,7.2,8.75,,,,,,,ttth,7,7
D01,7340115,7.2,,8.2,9.25,,,,,,,ttth,3,1
A00,7380107,,,,7.75,,,,7.75,8.0,,ttth,12,8
A00,7810202,,,,7.8,,,,8.5,8.25,,ttth,35,4
A00,7340115,,,,7.5,,,,6.75,7.6,,ttth,3,1
D01,7340101,6.6,,7.2,7.25,,,,,,,ttth,2,1
A00,7850101,,,,6.25,,,,5.25,6.8,,ttth,38,7
D01,7810103,3.8,,7.6,8.25,,,,,,,ttth,33,4
A01,7480202,,,8.8,6.4,,,,5.25,,,ttth,17,0
A00,7380107,,,,7.0,,,,7.75,7.4,,ttth,12,8
A00,7540106,,,,6.75,,,,6.25,7.6,,ttth,30,7
A00,7480201,,,,7.5,,,,7.0,8.4,,ttth,16,0
A00,7340101,,,,7.0,,,,8.0,7.4,,ttth,2,1
D01,7340301,9.25,,5.6,8.2,,,,,,,ttth,10,2
D01,7340120,7.0,,8.0,8.6,,,,,,,ttth,4,1
D01,7220201,7.75,,9.2,6.8,,,,,,,ttth,0,8
B00,7540101,,,,7.5,,,,,7.0,8.0,ttth,28,7
A00,7480202,,,,8.0,,,,6.5,7.0,,ttth,17,0
A00,7810201,,,,7.5,,,,8.0,6.8,,ttth,34,4
A00,7340129,,,,7.25,,,,8.25,7.0,,ttth,7,7
A00,7510203,,,,7.2,,,,5.0,5.25,,ttth,19,5
D01,7340201,7.75,,7.0,7.6,,,,,,,ttth,8,2
A00,7510303,,,,8.8,,,,7.25,6.5,,ttth,21,5
D01,7810202,7.0,,6.8,8.25,,,,,,,ttth,35,4
A00,7510402,,,,7.0,,,,4.25,5.25,,ttth,23,6
D01,7380107,6.2,,8.0,6.5,,,,,,,ttth,12,8
A01,7510301,,,7.2,6.5,,,,6.0,,,ttth,20,5
A00,7850101,,,,5.25,,,,5.25,7.8,,ttth,38,7
D15,7810201,7.0,4.8,7.75,,,,,,,,ttth,34,4
A01,7510301,,,8.4,7.0,,,,6.5,,,ttth,20,5
D01,7340120,8.4,,6.8,7.0,,,,,,,ttth,4,1
D01,7340101,6.8,,7.6,7.25,,,,,,,ttth,2,1
A00,7340115,,,,7.5,,,,7.0,8.2,,ttth,3,1
D01,7340115,7.4,,8.0,8.0,,,,,,,ttth,3,1
D01,7220201,7.0,,10.0,7.0,,,,,,,ttth,0,8
A00,7340115,,,,8.5,,,,7.75,7.4,,ttth,3,1
D01,7480202,4.25,,5.6,6.8,,,,,,,ttth,17,0
D01,7340129,6.4,,7.0,7.5,,,,,,,ttth,7,7
D07,7480201,,,8.0,6.75,,,,,8.2,,ttth,16,0
A00,7850101,,,,6.0,,,,7.25,7.0,,ttth,38,7
A00,7340201,,,,7.5,,,,7.5,8.6,,ttth,8,2
D01,7480202,5.75,,7.2,6.6,,,,,,,ttth,17,0
A00,7480202,,,,5.75,,,,4.0,7.4,,ttth,17,0
A00,7510401,,,,7.8,,,,7.0,6.75,,ttth,22,6
A01,7340115,,,8.4,7.5,,,,7.8,,,ttth,3,1
D07,7480201,,,7.2,8.0,,,,,8.0,,ttth,16,0
D01,7340115,8.25,,8.4,7.2,,,,,,,ttth,3,1
D01,7340120,8.0,,8.6,7.75,,,,,,,ttth,4,1
A00,7510202,,,,8.0,,,,7.25,7.4,,ttth,18,5
D01,7220201,7.2,,8.2,7.5,,,,,,,ttth,0,8
A00,7480201,,,,8.0,,,,5.75,8.5,,ttth,16,0
A01,7810202,,,8.4,7.25,,,,6.2,,,ttth,35,4
A01,7380107,,,7.4,7.5,,,,8.0,,,ttth,12,8
A00,7340201,,,,7.8,,,,7.25,7.0,,ttth,8,2
A00,7480202,,,,7.4,,,,6.5,6.0,,ttth,17,0
D07,7540101,,,6.8,7.75,,,,,7.0,,ttth,28,7
D07,7510401,,,5.0,7.6,,,,,4.75,,ttth,22,6
D01,7340101,5.0,,7.4,8.25,,,,,,,ttth,2,1
A00,7480201,,,,8.25,,,,7.5,7.2,,ttth,16,0
A00,7340122,,,,7.5,,,,7.75,8.0,,ttth,5,1
D01,7340201,6.5,,7.8,8.2,,,,,,,ttth,8,2
A00,7850101,,,,7.8,,,,6.75,7.75,,ttth,38,7
D01,7380107,8.25,,5.8,7.0,,,,,,,ttth,12,8
D01,7340115,8.0,,7.2,7.25,,,,,,,ttth,3,1
A01,7540101,,,8.2,8.25,,,,8.0,,,ttth,28,7
D01,7520115,5.6,,7.8,6.75,,,,,,,ttth,27,6
A00,7340101,,,,7.0,,,,7.0,7.0,,ttth,2,1
D01,7810202,6.0,,8.0,7.25,,,,,,,ttth,35,4
D01,7340122,6.8,,8.4,7.25,,,,,,,ttth,5,1
D01,7810103,4.4,,6.8,7.25,,,,,,,ttth,33,4
A00,7380107,,,,7.25,,,,7.5,7.6,,ttth,12,8
D01,7480201,6.8,,7.0,7.75,,,,,,,ttth,16,0
A00,7540101,,,,7.25,,,,7.25,6.4,,ttth,28,7
A00,7510401,,,,6.8,,,,6.0,6.25,,ttth,22,6
A00,7480202,,,,4.5,,,,7.0,6.8,,ttth,17,0
D01,7510301,7.0,,7.0,7.2,,,,,,,ttth,20,5
A00,7380107,,,,7.75,,,,7.5,7.0,,ttth,12,8
D01,7510202,6.4,,7.2,5.75,,,,,,,ttth,18,5
A00,7340301,,,,6.25,,,,7.0,6.6,,ttth,10,2
A00,7480201,,,,8.4,,,,7.5,7.75,,ttth,16,0
A00,7340201,,,,8.4,,,,7.5,7.0,,ttth,8,2
D01,7480201,9.2,,6.4,7.0,,,,,,,ttth,16,0
A00,7810201,,,,8.6,,,,6.75,7.75,,ttth,34,4
D01,7340115,7.2,,7.6,8.75,,,,,,,ttth,3,1
A01,7480201,,,8.2,8.25,,,,7.4,,,ttth,16,0
A00,7340122,,,,7.0,,,,7.25,7.4,,ttth,5,1
D01,7220204,8.2,,7.6,8.0,,,,,,,ttth,1,8
D01,7340101,8.5,,8.0,8.0,,,,,,,ttth,2,1
D07,7480201,,,7.0,7.75,,,,,8.6,,ttth,16,0
D01,7810201,7.75,,7.2,7.4,,,,,,,ttth,34,4
D01,7220204,7.75,,7.4,7.4,,,,,,,ttth,1,8
D01,7340201,8.0,,7.8,6.75,,,,,,,ttth,8,2
D07,7480201,,,8.2,7.25,,,,,8.0,,ttth,16,0
D07,7480201,,,7.4,8.0,,,,,7.4,,ttth,16,0
D01,7340115,8.6,,7.8,8.0,,,,,,,ttth,3,1
A01,7480202,,,7.6,8.2,,,,7.0,,,ttth,17,0
D01,7340129,7.5,,7.8,5.6,,,,,,,ttth,7,7
A00,7510303,,,,7.0,,,,7.25,6.8,,ttth,21,5
A00,7340115,,,,7.25,,,,7.25,8.6,,ttth,3,1
A00,7510406,,,,6.5,,,,5.75,7.4,,ttth,24,7
D01,7340301,8.25,,7.6,7.2,,,,,,,ttth,10,2
D01,7480201,6.6,,7.0,7.5,,,,,,,ttth,16,0
D01,7220204,7.0,,7.4,8.6,,,,,,,ttth,1,8
A00,7510303,,,,6.0,,,,8.0,7.0,,ttth,21,5
B00,7540106,,,,6.6,,,,,6.25,5.5,ttth,30,7
B00,7540101,,,,7.5,,,,,8.25,7.0,ttth,28,7
A00,7340101,,,,7.75,,,,7.0,7.6,,ttth,2,1
A00,7340101,,,,7.0,,,,7.75,6.6,,ttth,2,1
D09,7220204,,,7.8,9.25,,,7.0,,,,ttth,1,8
A00,7810201,,,,7.5,,,,6.0,6.8,,ttth,34,4
D07,7540101,,,8.8,8.0,,,,,8.0,,ttth,28,7
D09,7220201,,,7.6,8.75,,,7.2,,,,ttth,0,8
B00,7540101,,,,7.75,,,,,8.0,7.6,ttth,28,7
D01,7340120,7.5,,8.6,8.2,,,,,,,ttth,4,1
D01,7380107,7.4,,6.0,7.0,,,,,,,ttth,12,8
A01,7480201,,,8.4,7.8,,,,6.5,,,ttth,16,0
A00,7819009,,,,4.75,,,,5.75,6.8,,ttth,36,4
D01,7340115,6.8,,7.8,8.75,,,,,,,ttth,3,1
D01,7340301,7.75,,6.8,8.2,,,,,,,ttth,10,2
D01,7340120,7.2,,6.8,9.0,,,,,,,ttth,4,1
D01,7380107,7.2,,7.0,7.75,,,,,,,ttth,12,8
D01,7480202,3.8,,6.4,6.75,,,,,,,ttth,17,0
D01,7220201,8.0,,8.4,6.8,,,,,,,ttth,0,8
D07,7540101,,,8.8,7.8,,,,,7.5,,ttth,28,7
B00,7540101,,,,8.4,,,,,7.75,7.5,ttth,28,7
D01,7810201,6.6,,6.8,6.0,,,,,,,ttth,34,4
A00,7810201,,,,7.75,,,,7.5,7.6,,ttth,34,4
A00,7340120,,,,8.0,,,,8.25,7.8,,ttth,4,1
A00,7480201,,,,6.5,,,,8.25,7.4,,ttth,16,0
A00,7510203,,,,7.25,,,,6.75,7.6,,ttth,19,5
A00,7340301,,,,6.25,,,,5.75,7.6,,ttth,10,2
B00,7540101,,,,8.6,,,,,8.25,7.75,ttth,28,7
D01,7340301,8.0,,6.6,8.0,,,,,,,ttth,10,2
D01,7380107,7.0,,6.6,8.2,,,,,,,ttth,12,8
D07,7540101,,,8.6,6.75,,,,,8.2,,ttth,28,7
A00,7340101,,,,7.6,,,,7.25,8.25,,ttth,2,1
D01,7510203,5.4,,7.0,7.5,,,,,,,ttth,19,5
A00,7480201,,,,8.0,,,,7.25,7.2,,ttth,16,0
A00,7850101,,,,6.6,,,,6.5,6.5,,ttth,38,7
A00,7340101,,,,7.25,,,,7.5,7.4,,ttth,2,1
A00,7510203,,,,7.2,,,,6.25,7.5,,ttth,19,5
A00,7850101,,,,8.0,,,,5.5,6.25,,ttth,38,7
D01,7810201,7.75,,6.8,8.2,,,,,,,ttth,34,4
A00,7540204,,,,8.4,,,,5.25,7.75,,ttth,31,6
A01,7420201,,,7.4,6.0,,,,5.4,,,ttth,13,7
A01,7510301,,,6.4,6.75,,,,6.0,,,ttth,20,5
B00,7540101,,,,7.0,,,,,8.25,7.2,ttth,28,7
A00,7510301,,,,7.6,,,,6.75,7.25,,ttth,20,5
D01,7340101,7.0,,7.8,8.5,,,,,,,ttth,2,1
A00,7340201,,,,7.25,,,,7.75,7.2,,ttth,8,2
D01,7510303,6.0,,6.4,6.0,,,,,,,ttth,21,5
D01,7480201,7.8,,7.6,5.75,,,,,,,ttth,16,0
A00,7380107,,,,7.75,,,,8.0,7.4,,ttth,12,8
A00,7540204,,,,7.0,,,,4.5,7.75,,ttth,31,6
A00,7819010,,,,5.5,,,,5.75,7.0,,ttth,37,4
D01,7480201,8.2,,8.0,7.5,,,,,,,ttth,16,0
A01,7340201,,,7.0,7.5,,,,7.0,,,ttth,8,2
D01,7340101,7.4,,7.8,7.75,,,,,,,ttth,2,1
A00,7480202,,,,5.5,,,,6.0,8.0,,ttth,17,0
D01,7340122,9.0,,7.2,7.25,,,,,,,ttth,5,1
A01,7340122,,,8.0,7.75,,,,7.6,,,ttth,5,1
A00,7340101,,,,8.25,,,,7.25,7.6,,ttth,2,1
A00,7340120,,,,6.5,,,,8.0,8.4,,ttth,4,1
D01,7340201,7.25,,7.4,8.2,,,,,,,ttth,8,2
B00,7819009,,,,6.0,,,,,6.25,6.8,ttth,36,4
D01,7340301,7.25,,7.8,7.6,,,,,,,ttth,10,2
D01,7480201,7.0,,6.4,7.75,,,,,,,ttth,16,0
A01,7340205,,,7.0,7.0,,,,6.6,,,ttth,9,2
A00,7340123,,,,6.75,,,,6.0,7.4,,ttth,6,3
D01,7810103,7.0,,5.2,6.5,,,,,,,ttth,33,4
B00,7819009,,,,6.0,,,,,5.5,6.0,ttth,36,4
D01,7340115,7.4,,7.4,8.0,,,,,,,ttth,3,1
D01,7340115,6.8,,8.2,8.5,,,,,,,ttth,3,1
A01,7340120,,,7.4,8.5,,,,7.4,,,ttth,4,1
B00,7420201,,,,4.75,,,,,6.5,5.8,ttth,13,7
A01,7340120,,,7.8,7.75,,,,8.8,,,ttth,4,1
A00,7340201,,,,8.0,,,,7.25,8.2,,ttth,8,2
D01,7540204,5.75,,6.0,6.8,,,,,,,ttth,31,6
D01,7510301,6.75,,6.8,8.0,,,,,,,ttth,20,5
A00,7819010,,,,7.5,,,,6.5,8.0,,ttth,37,4
D01,7810201,6.8,,7.4,6.75,,,,,,,ttth,34,4
D01,7340122,8.2,,8.4,7.5,,,,,,,ttth,5,1
B00,7540101,,,,8.0,,,,,8.25,7.4,ttth,28,7
D01,7340115,7.8,,8.0,7.75,,,,,,,ttth,3,1
D01,7340120,6.2,,8.0,9.25,,,,,,,ttth,4,1
A00,7510203,,,,8.6,,,,6.25,6.75,,ttth,19,5
D07,7420201,,,6.6,7.25,,,,,7.8,,ttth,13,7
D15,7810103,6.75,8.0,7.75,,,,,,,,ttth,33,4
A00,7810202,,,,7.8,,,,7.5,7.0,,ttth,35,4
D07,7480201,,,8.2,8.0,,,,,8.25,,ttth,16,0
A01,7340301,,,8.2,8.0,,,,7.0,,,ttth,10,2
A00,7340122,,,,8.25,,,,7.75,7.6,,ttth,5,1
D01,7340301,7.0,,8.8,7.2,,,,,,,ttth,10,2
A00,7340101,,,,6.5,,,,7.75,7.6,,ttth,2,1
D09,7220201,,,8.0,7.25,,,7.6,,,,ttth,0,8
A01,7340205,,,7.0,6.5,,,,6.2,,,ttth,9,2
A00,7340301,,,,8.2,,,,7.0,8.25,,ttth,10,2
A01,7340115,,,8.2,8.6,,,,7.75,,,ttth,3,1
D01,7340101,5.8,,7.0,8.5,,,,,,,ttth,2,1
A00,7480201,,,,7.25,,,,7.75,7.6,,ttth,16,0
A01,7340101,,,9.2,7.6,,,,6.25,,,ttth,2,1
D01,7340115,7.0,,7.2,8.25,,,,,,,ttth,3,1
A00,7340301,,,,6.25,,,,6.75,7.8,,ttth,10,2
D01,7810201,7.6,,7.8,6.5,,,,,,,ttth,34,4
B00,7420201,,,,7.5,,,,,6.25,6.4,ttth,13,7
A00,7480201,,,,7.75,,,,7.5,7.6,,ttth,16,0
D01,7510202,6.0,,5.4,6.8,,,,,,,ttth,18,5
D01,7220201,8.2,,8.2,6.5,,,,,,,ttth,0,8
A01,7340201,,,9.0,8.0,,,,7.25,,,ttth,8,2
D01,7340201,7.6,,6.6,7.25,,,,,,,ttth,8,2
D01,7380107,5.4,,6.4,7.25,,,,,,,ttth,12,8
D07,7540106,,,7.4,5.75,,,,,6.6,,ttth,30,7
D01,7520115,4.2,,8.4,7.25,,,,,,,ttth,27,6
D01,7810103,7.4,,7.6,6.75,,,,,,,ttth,33,4
D01,7220204,7.0,,6.4,8.25,,,,,,,ttth,1,8
D01,7510303,7.8,,6.8,7.0,,,,,,,ttth,21,5
D01,7480201,6.0,,7.4,7.5,,,,,,,ttth,16,0
A00,7510303,,,,8.0,,,,6.25,6.75,,ttth,21,5
D01,7340120,6.2,,7.0,8.5,,,,,,,ttth,4,1
A01,7220204,,,8.6,7.0,,,,5.4,,,ttth,1,8
A01,7540101,,,7.8,7.75,,,,8.0,,,ttth,28,7
A01,7340101,,,9.2,8.2,,,,6.25,,,ttth,2,1
A00,7480201,,,,8.0,,,,7.0,7.8,,ttth,16,0
D01,7480201,7.75,,8.0,7.2,,,,,,,ttth,16,0
D01,7520115,4.4,,6.0,6.75,,,,,,,ttth,27,6
A00,7340120,,,,8.25,,,,8.0,8.2,,ttth,4,1
A00,7380107,,,,7.0,,,,8.5,7.6,,ttth,12,8
D01,7810201,7.6,,5.8,8.75,,,,,,,ttth,34,4
A00,7340120,,,,8.0,,,,7.75,9.0,,ttth,4,1
A00,7340115,,,,8.0,,,,7.75,8.2,,ttth,3,1
D01,7540204,6.25,,7.4,8.2,,,,,,,ttth,31,6
D07,7480202,,,8.4,6.5,,,,,8.2,,ttth,17,0
A00,7510303,,,,7.5,,,,7.5,8.6,,ttth,21,5
B00,7819010,,,,5.25,,,,,5.75,5.8,ttth,37,4
D15,7810202,6.0,5.0,8.5,,,,,,,,ttth,35,4
D01,7510202,6.5,,7.0,7.0,,,,,,,ttth,18,5
D01,7380107,3.8,,7.0,8.0,,,,,,,ttth,12,8
A00,7510303,,,,7.25,,,,7.0,7.0,,ttth,21,5
D07,7480201,,,8.4,7.6,,,,,7.75,,ttth,16,0
A00,7340120,,,,7.0,,,,7.5,8.0,,ttth,4,1
D01,7510303,4.0,,6.2,8.75,,,,,,,ttth,21,5
A00,7510402,,,,6.5,,,,4.0,7.8,,ttth,23,6
B00,7540106,,,,6.25,,,,,6.75,7.4,ttth,30,7
A01,7480201,,,8.2,6.5,,,,9.2,,,ttth,16,0
A01,7380107,,,8.0,7.5,,,,7.0,,,ttth,12,8
D07,7480201,,,8.2,9.0,,,,,8.6,,ttth,16,0
D01,7220204,6.0,,8.2,8.25,,,,,,,ttth,1,8
A00,7480201,,,,7.5,,,,8.25,7.4,,ttth,16,0
D01,7340120,6.4,,8.2,7.5,,,,,,,ttth,4,1
D01,7480201,5.8,,7.8,7.25,,,,,,,ttth,16,0
A00,7510203,,,,7.6,,,,7.25,8.25,,ttth,19,5
D01,7220201,8.0,,7.8,8.0,,,,,,,ttth,0,8
D01,7340301,8.5,,8.0,6.6,,,,,,,ttth,10,2
A00,7340101,,,,7.5,,,,7.5,8.6,,ttth,2,1
A00,7850101,,,,6.8,,,,5.5,5.5,,ttth,38,7
A00,7810202,,,,8.4,,,,7.25,6.25,,ttth,35,4
A00,7510401,,,,7.5,,,,8.0,7.2,,ttth,22,6
D01,7540204,6.66,,8.0,6.6,,,,,,,ttth,31,6
A00,7510401,,,,6.25,,,,7.25,6.8,,ttth,22,6
B00,7420201,,,,6.6,,,,,7.0,6.75,ttth,13,7
A00,7510301,,,,4.75,,,,5.75,7.6,,ttth,20,5
D07,7340205,,,8.2,8.0,,,,,7.4,,ttth,9,2
A00,7340129,,,,7.0,,,,7.0,7.8,,ttth,7,7
A01,7540101,,,8.6,8.2,,,,7.25,,,ttth,28,7
D01,7340201,6.25,,8.6,8.0,,,,,,,ttth,8,2
A00,7340301,,,,5.25,,,,7.75,7.0,,ttth,10,2
B00,7540101,,,,7.5,,,,,7.25,6.4,ttth,28,7
D01,7540204,4.8,,7.2,8.25,,,,,,,ttth,31,6
D01,7340120,6.6,,7.6,7.5,,,,,,,ttth,4,1
A01,7340201,,,7.0,8.2,,,,7.75,,,ttth,8,2
A00,7340101,,,,6.25,,,,8.0,7.6,,ttth,2,1
D01,7220204,7.4,,6.6,8.25,,,,,,,ttth,1,8
D01,7810103,7.0,,7.8,7.0,,,,,,,ttth,33,4
D07,7510303,,,7.6,8.5,,,,,7.2,,ttth,21,5
D01,7340120,8.6,,7.4,8.0,,,,,,,ttth,4,1
D01,7810103,6.4,,6.4,6.75,,,,,,,ttth,33,4
A00,7810103,,,,7.4,,,,7.5,7.5,,ttth,33,4
A00,7480201,,,,7.0,,,,8.5,7.6,,ttth,16,0
D01,7340301,6.75,,8.4,8.0,,,,,,,ttth,10,2
A00,7340205,,,,7.5,,,,8.0,7.2,,ttth,9,2
D01,7480201,5.4,,8.2,7.75,,,,,,,ttth,16,0
D01,7340120,7.2,,8.4,7.75,,,,,,,ttth,4,1
A01,7340301,,,6.8,8.0,,,,8.0,,,ttth,10,2
A00,7540105,,,,5.6,,,,5.0,5.5,,ttth,29,7
A01,7480202,,,8.2,7.5,,,,6.4,,,ttth,17,0
D01,7220201,8.0,,7.8,7.2,,,,,,,ttth,0,8
A00,7480201,,,,7.2,,,,8.0,7.25,,ttth,16,0
D01,7220204,7.6,,7.0,8.0,,,,,,,ttth,1,8
D01,7480201,7.25,,7.6,7.8,,,,,,,ttth,16,0
A00,7510303,,,,7.2,,,,5.75,5.75,,ttth,21,5
A01,7850101,,,6.2,7.0,,,,4.4,,,ttth,38,7
D01,7810202,7.6,,6.8,6.5,,,,,,,ttth,35,4
A00,7810201,,,,5.75,,,,7.75,7.0,,ttth,34,4
A01,7510303,,,7.0,6.75,,,,8.2,,,ttth,21,5
A00,7480201,,,,7.75,,,,7.75,8.2,,ttth,16,0
A00,7340115,,,,7.25,,,,7.0,7.8,,ttth,3,1
B00,7540101,,,,8.2,,,,,8.25,7.5,ttth,28,7
A00,7480201,,,,7.75,,,,7.75,8.4,,ttth,16,0
D01,7220204,7.5,,8.4,7.8,,,,,,,ttth,1,8
D01,7340101,7.4,,7.4,7.5,,,,,,,ttth,2,1
D01,7340301,6.2,,8.0,7.5,,,,,,,ttth,10,2
D01,7510203,6.2,,5.0,7.5,,,,,,,ttth,19,5
D15,7380107,7.25,4.2,8.0,,,,,,,,ttth,12,8
D01,7340205,7.4,,6.2,6.25,,,,,,,ttth,9,2
D01,7340115,7.8,,7.2,8.25,,,,,,,ttth,3,1
D01,7340101,7.0,,7.4,7.5,,,,,,,ttth,2,1
A00,7510303,,,,7.8,,,,7.75,6.5,,ttth,21,5
A00,7420201,,,,8.4,,,,5.5,4.75,,ttth,13,7
D01,7220201,8.25,,8.8,7.0,,,,,,,ttth,0,8
D01,7460108,4.6,,6.0,6.5,,,,,,,ttth,14,0
D01,7220201,8.0,,9.0,7.8,,,,,,,ttth,0,8
A01,7540101,,,7.2,7.5,,,,7.8,,,ttth,28,7
D01,7520115,4.2,,7.4,6.5,,,,,,,ttth,27,6
D07,7510203,,,6.6,7.0,,,,,4.6,,ttth,19,5
A00,7340301,,,,8.4,,,,8.0,7.5,,ttth,10,2
D01,7510203,7.4,,4.4,6.75,,,,,,,ttth,19,5
D01,7340201,8.2,,7.8,8.0,,,,,,,ttth,8,2
D01,7510203,3.2,,7.8,5.5,,,,,,,ttth,19,5
A00,7340201,,,,7.25,,,,7.0,7.6,,ttth,8,2
B00,7540101,,,,7.5,,,,,8.25,7.0,ttth,28,7
A00,7480201,,,,8.0,,,,7.5,8.0,,ttth,16,0
D01,7510303,8.25,,4.0,5.2,,,,,,,ttth,21,5
A00,7810201,,,,5.25,,,,8.0,7.2,,ttth,34,4
D07,7480202,,,7.0,7.75,,,,,6.6,,ttth,17,0
D01,7810103,6.4,,7.6,8.75,,,,,,,ttth,33,4
A00,7340101,,,,8.8,,,,7.75,8.0,,ttth,2,1
D01,7340201,7.25,,8.2,7.8,,,,,,,ttth,8,2
D01,7480202,6.0,,7.2,6.25,,,,,,,ttth,17,0
D07,7480201,,,8.2,8.2,,,,,6.25,,ttth,16,0
A00,7340115,,,,7.0,,,,7.5,8.0,,ttth,3,1
A01,7810202,,,9.2,7.2,,,,7.5,,,ttth,35,4
D07,7480202,,,7.8,6.2,,,,,8.25,,ttth,17,0
B00,7540101,,,,6.75,,,,,7.75,7.4,ttth,28,7
A00,7480202,,,,8.2,,,,7.0,7.5,,ttth,17,0
D01,7340115,6.6,,7.2,8.25,,,,,,,ttth,3,1
D01,7220201,7.5,,8.6,8.0,,,,,,,ttth,0,8
D01,7480202,6.2,,6.6,7.5,,,,,,,ttth,17,0
A00,7540101,,,,6.75,,,,8.5,7.8,,ttth,28,7
B00,7420201,,,,6.0,,,,,6.25,5.8,ttth,13,7
A00,7480201,,,,8.25,,,,7.25,7.8,,ttth,16,0
A01,7380107,,,8.6,8.8,,,,8.0,,,ttth,12,8
A00,7340123,,,,8.4,,,,7.0,6.25,,ttth,6,3
A00,7819010,,,,7.0,,,,7.25,7.8,,ttth,37,4
A00,7510303,,,,6.5,,,,7.25,7.4,,ttth,21,5
D01,7340115,6.8,,7.2,8.25,,,,,,,ttth,3,1
D01,7520115,4.8,,7.4,6.25,,,,,,,ttth,27,6
A01,7510202,,,6.8,6.8,,,,5.75,,,ttth,18,5
A01,7510303,,,8.2,8.75,,,,8.4,,,ttth,21,5
D01,7340120,7.2,,7.4,7.5,,,,,,,ttth,4,1
D01,7340201,6.75,,8.6,7.8,,,,,,,ttth,8,2
A00,7810103,,,,8.0,,,,7.75,8.0,,ttth,33,4
D07,7420201,,,8.2,8.75,,,,,7.4,,ttth,13,7
B00,7540106,,,,7.4,,,,,7.5,7.25,ttth,30,7
A00,7340301,,,,6.75,,,,7.75,8.2,,ttth,10,2
D01,7340301,6.0,,7.8,8.0,,,,,,,ttth,10,2
D07,7510401,,,7.4,6.2,,,,,5.5,,ttth,22,6
D01,7340123,7.8,,6.0,7.25,,,,,,,ttth,6,3
D01,7810103,7.75,,7.4,6.6,,,,,,,ttth,33,4
A01,7220201,,,8.2,8.2,,,,8.0,,,ttth,0,8
D01,7380107,7.0,,7.2,5.0,,,,,,,ttth,12,8
D01,7340201,6.0,,6.8,9.0,,,,,,,ttth,8,2
A00,7510301,,,,6.0,,,,7.0,8.0,,ttth,20,5
A01,7220204,,,8.2,8.0,,,,7.25,,,ttth,1,8
D01,7340201,8.5,,7.4,6.8,,,,,,,ttth,8,2
D15,7810201,6.25,5.8,8.25,,,,,,,,ttth,34,4
D01,7220201,7.25,,8.2,7.6,,,,,,,ttth,0,8
D01,7810201,6.4,,6.2,6.5,,,,,,,ttth,34,4
D01,7340201,4.6,,7.8,8.5,,,,,,,ttth,8,2
D07,7480201,,,6.6,7.0,,,,,9.2,,ttth,16,0
A00,7510301,,,,6.6,,,,7.25,7.75,,ttth,20,5
A00,7340120,,,,8.2,,,,7.0,8.25,,ttth,4,1
D09,7220201,,,7.6,9.25,,,7.0,,,,ttth,0,8
D01,7340101,8.0,,8.0,7.8,,,,,,,ttth,2,1
A01,7540106,,,8.6,7.0,,,,5.5,,,ttth,30,7
A00,7540101,,,,7.75,,,,7.5,6.8,,ttth,28,7
D09,7220201,,,6.6,8.0,,,7.6,,,,ttth,0,8
D01,7510301,6.25,,8.4,6.4,,,,,,,ttth,20,5
D15,7380107,6.5,5.6,8.5,,,,,,,,ttth,12,8
A00,7420201,,,,6.75,,,,7.75,7.6,,ttth,13,7
D01,7340129,7.2,,7.4,7.0,,,,,,,ttth,7,7
A00,7340101,,,,7.6,,,,7.25,8.25,,ttth,2,1
D01,7480201,7.25,,9.2,8.4,,,,,,,ttth,16,0
D01,7340101,7.4,,7.0,8.5,,,,,,,ttth,2,1
A00,7810202,,,,8.2,,,,6.75,8.0,,ttth,35,4
D01,7810201,7.0,,7.0,5.5,,,,,,,ttth,34,4
B00,7420201,,,,8.0,,,,,6.5,7.0,ttth,13,7
B00,7510401,,,,6.75,,,,,6.75,5.8,ttth,22,6
A01,7810202,,,8.6,7.4,,,,7.5,,,ttth,35,4
A00,7340115,,,,7.75,,,,8.0,8.4,,ttth,3,1
D01,7510301,8.25,,5.8,7.0,,,,,,,ttth,20,5
D01,7480201,7.8,,7.8,7.0,,,,,,,ttth,16,0
D01,7480201,7.25,,6.8,8.2,,,,,,,ttth,16,0
D15,7810103,8.0,6.0,6.75,,,,,,,,ttth,33,4
D01,7220201,8.5,,8.6,7.2,,,,,,,ttth,0,8
A01,7340201,,,8.8,8.4,,,,7.25,,,ttth,8,2
A00,7340101,,,,6.25,,,,7.5,7.4,,ttth,2,1
D01,7480201,7.4,,8.2,7.75,,,,,,,ttth,16,0
D01,7480202,6.5,,7.0,8.0,,,,,,,ttth,17,0
D01,7510301,5.8,,7.6,7.0,,,,,,,ttth,20,5
A00,7540101,,,,7.4,,,,8.25,8.0,,ttth,28,7
A00,7340201,,,,7.25,,,,7.0,7.0,,ttth,8,2
A00,7480201,,,,8.25,,,,6.75,7.6,,ttth,16,0
A00,7340101,,,,7.6,,,,7.25,8.5,,ttth,2,1
D01,7380107,7.2,,5.0,8.0,,,,,,,ttth,12,8
D01,7510303,7.5,,7.8,6.2,,,,,,,ttth,21,5
A00,7340120,,,,7.25,,,,7.75,8.8,,ttth,4,1
A01,7480201,,,8.6,7.8,,,,7.0,,,ttth,16,0
D01,7380107,6.25,,7.6,7.6,,,,,,,ttth,12,8
D07,7540105,,,7.6,7.0,,,,,5.8,,ttth,29,7
D01,7540204,8.25,,7.0,6.8,,,,,,,ttth,31,6
A00,7340123,,,,7.2,,,,6.25,6.5,,ttth,6,3
A00,7540105,,,,6.25,,,,6.25,7.0,,ttth,29,7
A00,7340122,,,,7.75,,,,8.75,7.4,,ttth,5,1
D01,7480201,8.2,,6.8,8.0,,,,,,,ttth,16,0
D01,7480202,6.75,,7.4,7.4,,,,,,,ttth,17,0
A00,7510301,,,,7.0,,,,4.75,7.25,,ttth,20,5
A00,7340120,,,,7.5,,,,7.5,7.8,,ttth,4,1
A00,7340120,,,,8.0,,,,7.5,8.0,,ttth,4,1
A00,7480201,,,,7.5,,,,7.75,8.0,,ttth,16,0
A00,7810103,,,,7.6,,,,8.25,6.5,,ttth,33,4
D01,7340115,8.4,,7.6,8.25,,,,,,,ttth,3,1
D07,7540101,,,8.0,8.2,,,,,7.75,,ttth,28,7
A00,7510401,,,,7.0,,,,6.75,8.6,,ttth,22,6
A01,7510202,,,6.6,6.25,,,,7.6,,,ttth,18,5
A01,7220201,,,7.2,5.5,,,,8.4,,,ttth,0,8
D01,7340123,4.8,,7.0,7.75,,,,,,,ttth,6,3
D01,7220201,6.6,,5.8,8.25,,,,,,,ttth,0,8
D07,7510202,,,8.0,7.0,,,,,6.0,,ttth,18,5
A00,7340301,,,,7.5,,,,7.25,7.4,,ttth,10,2
A00,7340120,,,,8.25,,,,7.25,7.2,,ttth,4,1
A00,7810103,,,,7.5,,,,7.25,8.0,,ttth,33,4
A01,7340101,,,9.4,7.6,,,,7.5,,,ttth,2,1
D01,7510303,6.25,,5.6,7.8,,,,,,,ttth,21,5
D01,7480201,5.4,,8.2,7.5,,,,,,,ttth,16,0
A01,7340122,,,7.8,8.25,,,,7.2,,,ttth,5,1
D01,7340201,6.6,,7.0,7.0,,,,,,,ttth,8,2
D01,7540204,6.75,,5.8,6.6,,,,,,,ttth,31,6
D01,7340301,8.25,,8.2,7.4,,,,,,,ttth,10,2
D01,7340201,5.0,,7.2,8.75,,,,,,,ttth,8,2
D07,7540106,,,8.0,7.0,,,,,7.25,,ttth,30,7
A00,7340201,,,,6.75,,,,7.25,8.6,,ttth,8,2
D01,7340301,8.8,,6.6,8.0,,,,,,,ttth,10,2
A00,7510202,,,,4.75,,,,6.75,5.4,,ttth,18,5
D01,7220204,8.75,,8.0,7.6,,,,,,,ttth,1,8
D01,7540204,8.0,,7.8,7.6,,,,,,,ttth,31,6
B00,7510402,,,,7.0,,,,,7.0,6.0,ttth,23,6
D01,7510301,6.0,,6.2,6.25,,,,,,,ttth,20,5
D01,7510202,5.4,,6.4,6.5,,,,,,,ttth,18,5
A00,7810201,,,,7.75,,,,8.0,7.2,,ttth,34,4
A00,7850101,,,,6.6,,,,5.0,5.75,,ttth,38,7
D01,7510301,6.25,,6.8,6.4,,,,,,,ttth,20,5
A00,7340301,,,,8.5,,,,6.0,8.4,,ttth,10,2
A00,7340120,,,,8.0,,,,7.25,8.0,,ttth,4,1
A00,7810201,,,,6.0,,,,8.0,6.2,,ttth,34,4
D01,7380107,5.8,,7.4,8.0,,,,,,,ttth,12,8
D01,7340115,7.6,,7.8,7.0,,,,,,,ttth,3,1
D01,7340129,7.8,,6.8,7.0,,,,,,,ttth,7,7
A00,7420201,,,,6.8,,,,5.75,7.0,,ttth,13,7
D01,7340301,8.0,,8.8,6.2,,,,,,,ttth,10,2
A01,7220201,,,9.4,8.2,,,,6.25,,,ttth,0,8
A00,7380107,,,,8.2,,,,6.75,7.5,,ttth,12,8
D01,7480201,6.5,,8.8,8.6,,,,,,,ttth,16,0
D01,7340115,7.6,,8.0,6.75,,,,,,,ttth,3,1
D01,7380107,6.6,,6.4,7.75,,,,,,,ttth,12,8
D01,7340101,6.4,,7.0,7.75,,,,,,,ttth,2,1
D01,7810103,7.75,,7.8,7.8,,,,,,,ttth,33,4
D15,7380107,7.5,6.0,7.5,,,,,,,,ttth,12,8
A01,7480201,,,7.6,7.8,,,,7.75,,,ttth,16,0
D15,7810201,7.0,6.0,8.5,,,,,,,,ttth,34,4
D01,7380107,6.4,,7.2,6.5,,,,,,,ttth,12,8
D01,7220204,7.6,,6.0,6.75,,,,,,,ttth,1,8
B00,7420201,,,,7.2,,,,,7.0,4.5,ttth,13,7
D15,7810201,7.25,6.4,7.5,,,,,,,,ttth,34,4
A00,7819009,,,,5.75,,,,5.25,6.4,,ttth,36,4
A00,7340101,,,,8.0,,,,8.25,7.8,,ttth,2,1
A00,7340101,,,,7.5,,,,8.0,7.6,,ttth,2,1
D01,7540204,7.5,,4.6,6.2,,,,,,,ttth,31,6
D07,7480201,,,9.4,8.4,,,,,7.5,,ttth,16,0
D01,7340122,7.6,,7.8,6.75,,,,,,,ttth,5,1
D01,7340120,8.2,,7.2,7.75,,,,,,,ttth,4,1
D01,7380107,7.0,,6.8,7.5,,,,,,,ttth,12,8
D01,7510202,5.6,,6.0,7.5,,,,,,,ttth,18,5
D01,7480202,6.2,,7.0,6.5,,,,,,,ttth,17,0
D01,7340301,6.0,,7.4,6.75,,,,,,,ttth,10,2
A00,7340301,,,,7.8,,,,7.5,7.75,,ttth,10,2
D07,7819010,,,6.8,6.0,,,,,5.4,,ttth,37,4
D01,7340120,9.5,,6.2,7.4,,,,,,,ttth,4,1
A00,7340101,,,,7.5,,,,8.0,8.0,,ttth,2,1
B00,7540101,,,,7.0,,,,,7.5,7.0,ttth,28,7
D07,7540101,,,9.6,8.0,,,,,7.75,,ttth,28,7
A00,7540101,,,,8.5,,,,5.75,7.8,,ttth,28,7
D01,7480201,5.6,,7.4,7.75,,,,,,,ttth,16,0
D01,7340301,7.5,,8.2,8.0,,,,,,,ttth,10,2
A00,7340201,,,,7.25,,,,7.25,7.2,,ttth,8,2
D01,7220201,7.8,,9.0,7.0,,,,,,,ttth,0,8
B00,7540101,,,,8.0,,,,,7.75,8.5,ttth,28,7
A00,7540101,,,,7.25,,,,6.75,7.2,,ttth,28,7
D01,7510202,4.6,,6.0,7.5,,,,,,,ttth,18,5
D01,7340122,8.2,,7.4,8.75,,,,,,,ttth,5,1
A00,7540106,,,,7.0,,,,7.75,7.0,,ttth,30,7
D01,7220201,7.8,,6.4,7.5,,,,,,,ttth,0,8
A01,7480202,,,7.0,7.25,,,,7.8,,,ttth,17,0
D01,7510303,7.2,,7.6,6.5,,,,,,,ttth,21,5
D01,7340115,9.4,,7.8,7.75,,,,,,,ttth,3,1
A00,7810202,,,,6.5,,,,6.25,6.4,,ttth,35,4
A01,7480202,,,7.8,6.25,,,,7.8,,,ttth,17,0
A00,7510301,,,,6.75,,,,6.25,8.4,,ttth,20,5
A00,7340122,,,,6.0,,,,8.5,8.6,,ttth,5,1
A01,7340120,,,9.4,8.4,,,,7.75,,,ttth,4,1
A01,7340120,,,8.0,7.5,,,,8.6,,,ttth,4,1
A01,7340101,,,8.2,7.5,,,,6.8,,,ttth,2,1
A01,7540101,,,7.8,8.0,,,,8.2,,,ttth,28,7
D07,7850101,,,5.2,7.4,,,,,6.75,,ttth,38,7
A00,7480201,,,,7.5,,,,7.25,7.4,,ttth,16,0
A00,7340129,,,,5.25,,,,7.0,7.4,,ttth,7,7
A00,7340101,,,,6.5,,,,7.5,8.2,,ttth,2,1
A00,7340301,,,,8.25,,,,7.0,7.2,,ttth,10,2
D01,7810202,5.4,,7.4,7.75,,,,,,,ttth,35,4
D01,7340123,8.0,,6.4,7.0,,,,,,,ttth,6,3
D01,7340101,6.5,,9.2,8.0,,,,,,,ttth,2,1
D01,7540204,6.75,,5.0,8.0,,,,,,,ttth,31,6
D01,7340101,7.5,,8.8,7.6,,,,,,,ttth,2,1
D01,7220204,7.0,,7.6,8.75,,,,,,,ttth,1,8
A00,7510203,,,,6.25,,,,7.5,6.8,,ttth,19,5
A00,7540106,,,,6.8,,,,6.0,6.0,,ttth,30,7
A00,7340120,,,,8.5,,,,7.75,7.8,,ttth,4,1
D01,7340101,8.25,,7.2,7.8,,,,,,,ttth,2,1
B00,7420201,,,,7.0,,,,,7.0,6.25,ttth,13,7
A01,7420201,,,7.8,7.4,,,,7.0,,,ttth,13,7
A01,7340201,,,8.0,7.75,,,,8.0,,,ttth,8,2
D07,7480201,,,7.8,8.0,,,,,6.6,,ttth,16,0
A01,7340101,,,8.4,7.8,,,,7.75,,,ttth,2,1
A00,7850101,,,,7.0,,,,7.0,5.75,,ttth,38,7
B00,7850101,,,,7.75,,,,,7.25,8.4,ttth,38,7
D01,7340301,5.6,,7.8,8.0,,,,,,,ttth,10,2
B00,7540101,,,,7.0,,,,,6.75,7.6,ttth,28,7
A00,7510202,,,,8.2,,,,7.5,7.5,,ttth,18,5
D01,7810201,6.75,,8.4,7.8,,,,,,,ttth,34,4
D01,7380107,5.8,,5.2,7.5,,,,,,,ttth,12,8
D01,7460108,5.8,,6.2,5.25,,,,,,,ttth,14,0
D01,7220201,7.5,,9.0,8.4,,,,,,,ttth,0,8
D01,7480201,7.6,,7.8,7.5,,,,,,,ttth,16,0
A01,7340101,,,7.6,8.0,,,,7.6,,,ttth,2,1
B00,7540101,,,,7.75,,,,,8.25,8.0,ttth,28,7
D01,7480201,7.25,,7.8,7.2,,,,,,,ttth,16,0
A00,7480201,,,,7.75,,,,7.5,7.8,,ttth,16,0
A00,7340115,,,,8.5,,,,6.5,7.6,,ttth,3,1
D01,7340201,6.0,,5.4,9.0,,,,,,,ttth,8,2
D01,7510202,5.5,,4.6,8.2,,,,,,,ttth,18,5
A00,7340120,,,,7.75,,,,8.25,8.0,,ttth,4,1
D01,7340129,7.4,,8.0,6.75,,,,,,,ttth,7,7
A00,7819010,,,,6.0,,,,5.5,5.4,,ttth,37,4
B00,7420201,,,,7.4,,,,,6.25,5.75,ttth,13,7
A00,7810201,,,,5.5,,,,7.5,6.6,,ttth,34,4
D15,7380107,7.5,9.2,7.25,,,,,,,,ttth,12,8
D01,7480202,7.0,,7.2,7.2,,,,,,,ttth,17,0
A00,7510301,,,,6.0,,,,7.75,6.8,,ttth,20,5
A01,7340120,,,8.4,7.8,,,,7.25,,,ttth,4,1
D01,7340201,7.25,,8.2,7.0,,,,,,,ttth,8,2
A00,7819009,,,,5.5,,,,6.25,8.2,,ttth,36,4
A00,7480201,,,,7.0,,,,7.0,7.8,,ttth,16,0
A00,7340129,,,,6.75,,,,8.0,7.8,,ttth,7,7
A00,7340301,,,,7.8,,,,7.25,7.75,,ttth,10,2
B00,7420201,,,,8.0,,,,,7.5,7.75,ttth,13,7
A01,7420201,,,7.2,7.8,,,,7.0,,,ttth,13,7
D01,7340301,4.4,,8.4,7.25,,,,,,,ttth,10,2
A00,7540204,,,,7.2,,,,7.25,8.0,,ttth,31,6
A00,7850101,,,,8.0,,,,6.25,6.5,,ttth,38,7
D01,7510303,6.0,,3.8,7.6,,,,,,,ttth,21,5
A00,7510203,,,,7.6,,,,6.25,7.75,,ttth,19,5
A01,7340101,,,7.8,6.75,,,,9.0,,,ttth,2,1
A01,7510401,,,7.4,4.5,,,,7.8,,,ttth,22,6
D01,7510303,6.25,,8.8,6.4,,,,,,,ttth,21,5
D01,7340129,7.6,,8.2,6.25,,,,,,,ttth,7,7
D01,7380107,6.75,,8.6,8.2,,,,,,,ttth,12,8
A00,7510303,,,,6.5,,,,6.25,7.6,,ttth,21,5
D01,7340301,7.5,,7.4,8.2,,,,,,,ttth,10,2
D01,7510202,6.2,,8.2,6.75,,,,,,,ttth,18,5
A00,7480201,,,,7.0,,,,8.0,7.4,,ttth,16,0
D01,7540204,8.5,,9.4,6.4,,,,,,,ttth,31,6
A00,7340301,,,,7.75,,,,7.5,8.4,,ttth,10,2
B00,7819010,,,,6.75,,,,,6.5,6.2,ttth,37,4
D01,7340115,7.2,,9.0,8.0,,,,,,,ttth,3,1
D01,7340115,6.4,,7.6,8.75,,,,,,,ttth,3,1
D01,7220201,8.25,,8.8,7.2,,,,,,,ttth,0,8
A01,7540101,,,8.6,8.0,,,,7.75,,,ttth,28,7
A00,7340301,,,,8.4,,,,7.25,8.0,,ttth,10,2
D01,7810103,8.0,,7.6,7.4,,,,,,,ttth,33,4
D01,7340301,6.8,,7.0,6.75,,,,,,,ttth,10,2
A00,7480201,,,,7.8,,,,6.75,8.25,,ttth,16,0
D01,7380107,5.2,,7.8,8.5,,,,,,,ttth,12,8
D01,7480201,8.0,,8.0,7.25,,,,,,,ttth,16,0
A01,7810201,,,7.8,7.4,,,,7.5,,,ttth,34,4
D01,7480201,7.6,,7.2,7.75,,,,,,,ttth,16,0
D07,7480201,,,8.0,7.4,,,,,7.25,,ttth,16,0
D01,7340301,6.2,,7.2,7.0,,,,,,,ttth,10,2
A00,7340122,,,,7.0,,,,8.0,8.2,,ttth,5,1
A01,7220201,,,8.4,7.8,,,,7.25,,,ttth,0,8
A00,7480202,,,,6.75,,,,7.25,7.4,,ttth,17,0
D01,7340201,7.0,,6.6,7.25,,,,,,,ttth,8,2
D01,7810103,5.8,,5.0,7.75,,,,,,,ttth,33,4
A00,7480201,,,,7.75,,,,7.75,8.2,,ttth,16,0
D01,7340115,8.5,,8.0,7.8,,,,,,,ttth,3,1
A01,7480202,,,7.4,6.5,,,,9.0,,,ttth,17,0
D01,7220204,6.6,,6.0,8.0,,,,,,,ttth,1,8
D01,7380107,7.0,,7.6,6.5,,,,,,,ttth,12,8
D01,7810201,7.4,,7.6,7.75,,,,,,,ttth,34,4
D07,7480201,,,7.4,8.25,,,,,6.0,,ttth,16,0
A01,7220204,,,8.6,8.6,,,,7.25,,,ttth,1,8
A00,7340101,,,,7.0,,,,7.5,7.8,,ttth,2,1
D01,7480201,7.4,,7.2,7.25,,,,,,,ttth,16,0
A00,7340129,,,,5.25,,,,7.75,7.4,,ttth,7,7
D01,7220204,7.25,,7.0,8.8,,,,,,,ttth,1,8
A00,7340301,,,,7.0,,,,6.75,7.4,,ttth,10,2
A00,7340101,,,,6.75,,,,8.0,8.0,,ttth,2,1
D01,7480201,7.25,,9.2,7.8,,,,,,,ttth,16,0
A00,7340101,,,,6.5,,,,8.0,7.0,,ttth,2,1
B00,7540101,,,,7.0,,,,,6.0,7.8,ttth,28,7
A00,7480201,,,,8.2,,,,7.25,8.5,,ttth,16,0
A01,7810201,,,9.0,7.0,,,,6.5,,,ttth,34,4
A00,7340101,,,,8.6,,,,7.0,7.75,,ttth,2,1
A00,7510301,,,,5.8,,,,5.75,5.5,,ttth,20,5
A01,7340120,,,7.6,7.25,,,,8.6,,,ttth,4,1
D01,7380107,5.8,,7.2,7.5,,,,,,,ttth,12,8
D01,7510301,5.75,,4.2,7.0,,,,,,,ttth,20,5
D01,7340122,7.0,,7.0,8.41,,,,,,,ttth,5,1
A00,7510301,,,,6.6,,,,7.25,7.25,,ttth,20,5
D01,7480201,7.0,,7.4,7.8,,,,,,,ttth,16,0
D01,7380107,6.6,,8.0,8.5,,,,,,,ttth,12,8
A00,7340301,,,,8.0,,,,8.0,7.8,,ttth,10,2
D15,7810201,6.75,6.0,7.25,,,,,,,,ttth,34,4
A00,7510202,,,,6.0,,,,4.25,5.5,,ttth,18,5
D01,7340120,5.6,,7.6,9.0,,,,,,,ttth,4,1
D01,7220204,7.0,,8.6,8.4,,,,,,,ttth,1,8
D01,7380107,4.2,,7.6,8.0,,,,,,,ttth,12,8
D01,7340115,6.6,,6.4,9.25,,,,,,,ttth,3,1
A01,7220201,,,8.4,9.0,,,,7.75,,,ttth,0,8
D07,7510203,,,7.8,6.5,,,,,5.8,,ttth,19,5
A00,7819009,,,,6.25,,,,6.75,6.8,,ttth,36,4
A00,7510401,,,,6.8,,,,4.5,4.5,,ttth,22,6
D01,7340129,7.2,,6.4,7.5,,,,,,,ttth,7,7
D01,7510301,7.5,,5.4,6.0,,,,,,,ttth,20,5
A00,7340115,,,,7.25,,,,8.75,7.4,,ttth,3,1
D01,7220204,8.25,,7.6,7.2,,,,,,,ttth,1,8
A01,7819010,,,7.8,7.25,,,,7.6,,,ttth,37,4
D09,7220201,,,6.8,8.0,,,6.2,,,,ttth,0,8
D01,7340120,8.0,,6.6,8.5,,,,,,,ttth,4,1
D01,7810202,7.5,,8.8,7.4,,,,,,,ttth,35,4
A01,7480201,,,7.6,8.25,,,,8.4,,,ttth,16,0
D01,7480202,6.25,,6.6,6.2,,,,,,,ttth,17,0
A00,7540106,,,,7.25,,,,6.0,8.2,,ttth,30,7
A00,7340101,,,,7.0,,,,7.75,8.2,,ttth,2,1
D01,7340201,7.5,,7.8,7.8,,,,,,,ttth,8,2
A00,7340201,,,,7.6,,,,8.0,7.25,,ttth,8,2
D07,7819009,,,7.2,8.0,,,,,7.6,,ttth,36,4
A01,7510303,,,6.4,6.4,,,,6.5,,,ttth,21,5
D01,7220204,6.4,,7.0,8.0,,,,,,,ttth,1,8
A01,7340115,,,8.2,8.0,,,,8.25,,,ttth,3,1
A00,7510303,,,,8.5,,,,8.0,7.8,,ttth,21,5
D01,7540204,4.2,,7.6,9.25,,,,,,,ttth,31,6
B00,7540101,,,,8.75,,,,,7.0,7.6,ttth,28,7
D07,7480201,,,6.0,8.4,,,,,8.0,,ttth,16,0
A00,7340201,,,,8.0,,,,7.25,8.0,,ttth,8,2
D15,7810201,7.0,5.0,7.75,,,,,,,,ttth,34,4
A00,7540204,,,,7.0,,,,7.25,7.8,,ttth,31,6
A00,7510203,,,,6.6,,,,7.0,6.5,,ttth,19,5
D01,7520115,4.8,,5.6,7.0,,,,,,,ttth,27,6
A00,7340101,,,,8.0,,,,8.0,8.6,,ttth,2,1
A00,7340115,,,,8.5,,,,8.25,8.4,,ttth,3,1
D01,7340120,7.2,,7.6,7.75,,,,,,,ttth,4,1
D01,7340120,7.75,,8.4,7.6,,,,,,,ttth,4,1
D01,7340120,7.5,,8.2,8.2,,,,,,,ttth,4,1
A00,7480201,,,,7.75,,,,8.0,7.0,,ttth,16,0
D07,7540101,,,8.4,8.2,,,,,7.5,,ttth,28,7
D01,7340115,6.8,,6.8,9.25,,,,,,,ttth,3,1
A00,7540101,,,,8.0,,,,7.25,8.4,,ttth,28,7
A01,7540106,,,6.8,6.8,,,,4.5,,,ttth,30,7
D01,7340120,8.4,,7.8,7.5,,,,,,,ttth,4,1
D01,7220204,7.4,,6.8,7.75,,,,,,,ttth,1,8
A00,7340115,,,,8.4,,,,8.0,8.0,,ttth,3,1
D01,7480202,8.2,,8.0,6.0,,,,,,,ttth,17,0
A00,7340301,,,,7.5,,,,7.0,7.6,,ttth,10,2
D01,7510303,4.75,,7.6,6.6,,,,,,,ttth,21,5
D01,7480201,8.0,,7.0,6.25,,,,,,,ttth,16,0
D01,7510303,7.2,,6.8,7.75,,,,,,,ttth,21,5
D01,7480202,5.6,,6.8,6.75,,,,,,,ttth,17,0
A00,7510301,,,,6.0,,,,4.5,6.0,,ttth,20,5
D01,7510303,5.5,,4.6,6.4,,,,,,,ttth,21,5
A00,7510303,,,,6.6,,,,6.5,7.5,,ttth,21,5
D01,7220201,8.0,,7.6,8.4,,,,,,,ttth,0,8
A00,7510303,,,,5.0,,,,7.0,6.4,,ttth,21,5
B00,7540101,,,,7.0,,,,,7.25,8.2,ttth,28,7
D07,7540101,,,8.2,6.25,,,,,7.8,,ttth,28,7
D01,7380107,7.2,,8.0,7.75,,,,,,,ttth,12,8
A00,7480201,,,,7.25,,,,7.75,7.0,,ttth,16,0
D01,7340101,8.25,,8.8,6.8,,,,,,,ttth,2,1
D01,7810103,7.0,,5.4,7.75,,,,,,,ttth,33,4
A00,7510303,,,,8.2,,,,7.0,7.5,,ttth,21,5
A00,7810201,,,,7.8,,,,7.5,7.0,,ttth,34,4
A00,7510202,,,,5.5,,,,7.0,7.2,,ttth,18,5
D01,7340201,7.2,,7.4,8.25,,,,,,,ttth,8,2
A00,7340120,,,,7.8,,,,7.25,7.75,,ttth,4,1
A01,7540101,,,8.4,8.6,,,,7.25,,,ttth,28,7
D01,7220201,6.0,,6.6,8.75,,,,,,,ttth,0,8
D15,7810201,6.5,5.6,8.0,,,,,,,,ttth,34,4
A00,7340101,,,,7.25,,,,8.5,7.4,,ttth,2,1
D01,7510303,7.4,,8.6,7.25,,,,,,,ttth,21,5
D09,7220201,,,8.2,7.2,,,7.5,,,,ttth,0,8
A00,7480201,,,,8.0,,,,7.75,8.0,,ttth,16,0
A00,7480202,,,,7.8,,,,5.5,7.25,,ttth,17,0
D01,7380107,7.75,,7.0,7.0,,,,,,,ttth,12,8
D01,7460108,5.4,,7.8,7.0,,,,,,,ttth,14,0
D01,7380107,6.0,,7.2,7.25,,,,,,,ttth,12,8
A01,7540106,,,8.2,7.2,,,,6.75,,,ttth,30,7
D01,7340301,7.6,,7.2,7.0,,,,,,,ttth,10,2
A00,7540204,,,,7.25,,,,6.5,7.6,,ttth,31,6
B00,7510401,,,,7.4,,,,,7.5,6.25,ttth,22,6
A00,7510203,,,,5.75,,,,7.5,6.0,,ttth,19,5
A00,7480201,,,,7.5,,,,8.0,8.8,,ttth,16,0
D01,7340101,4.8,,7.4,8.75,,,,,,,ttth,2,1
D07,7480202,,,7.2,7.4,,,,,7.0,,ttth,17,0
D01,7480201,7.8,,7.4,6.5,,,,,,,ttth,16,0
A00,7510301,,,,7.5,,,,7.75,7.2,,ttth,20,5
A00,7340115,,,,7.5,,,,8.25,8.8,,ttth,3,1
D01,7220201,7.4,,6.0,7.25,,,,,,,ttth,0,8
D01,7510301,6.0,,4.0,8.2,,,,,,,ttth,20,5
D01,7340301,8.2,,7.6,7.5,,,,,,,ttth,10,2
D01,7220204,9.25,,6.0,7.4,,,,,,,ttth,1,8
D01,7460108,7.6,,3.6,7.25,,,,,,,ttth,14,0
B00,7819009,,,,6.75,,,,,6.75,7.2,ttth,36,4
D01,7480201,7.25,,7.8,7.4,,,,,,,ttth,16,0
D01,7340301,6.4,,7.2,8.25,,,,,,,ttth,10,2
A00,7510301,,,,8.2,,,,6.75,7.0,,ttth,20,5
A01,7540106,,,8.0,7.2,,,,7.0,,,ttth,30,7
D07,7420201,,,7.0,7.75,,,,,7.6,,ttth,13,7
D07,7510401,,,6.6,6.75,,,,,6.4,,ttth,22,6
D01,7510301,5.6,,8.6,8.0,,,,,,,ttth,20,5
A00,7340115,,,,7.0,,,,7.75,7.6,,ttth,3,1
D07,7819010,,,5.6,6.75,,,,,6.4,,ttth,37,4
B00,7510401,,,,8.25,,,,,6.25,8.2,ttth,22,6
A01,7340129,,,7.2,6.75,,,,7.6,,,ttth,7,7
D01,7340122,7.4,,6.6,7.75,,,,,,,ttth,5,1
D01,7510303,3.4,,6.4,7.5,,,,,,,ttth,21,5
A00,7340101,,,,7.25,,,,8.0,7.6,,ttth,2,1
D01,7380107,8.0,,8.4,8.0,,,,,,,ttth,12,8
A00,7340101,,,,8.0,,,,8.25,8.2,,ttth,2,1
A00,7340120,,,,6.75,,,,8.25,8.0,,ttth,4,1
D01,7220201,7.2,,5.6,8.25,,,,,,,ttth,0,8
D01,7220201,6.75,,9.0,7.8,,,,,,,ttth,0,8
A00,7480201,,,,7.6,,,,7.5,7.25,,ttth,16,0
A01,7540101,,,7.6,7.5,,,,6.4,,,ttth,28,7
D01,7340101,6.8,,7.4,8.25,,,,,,,ttth,2,1
D01,7340101,7.5,,8.8,8.0,,,,,,,ttth,2,1
A00,7480201,,,,7.5,,,,7.25,7.8,,ttth,16,0
A00,7380107,,,,7.4,,,,6.75,8.25,,ttth,12,8
D01,7480201,8.6,,7.4,7.25,,,,,,,ttth,16,0
D01,7340201,8.0,,7.2,5.75,,,,,,,ttth,8,2
A00,7810201,,,,6.75,,,,7.0,8.2,,ttth,34,4
D01,7220204,6.4,,8.0,8.0,,,,,,,ttth,1,8
A00,7480201,,,,8.2,,,,7.25,8.25,,ttth,16,0
D15,7810202,8.0,5.6,8.25,,,,,,,,ttth,35,4
D07,7540101,,,8.4,7.6,,,,,8.25,,ttth,28,7
D07,7540101,,,7.2,6.75,,,,,7.2,,ttth,28,7
A00,7340120,,,,7.5,,,,7.5,8.0,,ttth,4,1
D07,7480201,,,8.2,8.25,,,,,8.4,,ttth,16,0
B00,7420201,,,,7.8,,,,,7.0,6.5,ttth,13,7
B00,7850101,,,,5.75,,,,,5.25,6.4,ttth,38,7
D01,7340115,8.8,,8.0,8.0,,,,,,,ttth,3,1
A00,7420201,,,,6.6,,,,6.25,7.0,,ttth,13,7
A01,7540101,,,9.0,8.75,,,,8.4,,,ttth,28,7
D01,7220204,7.8,,8.0,8.0,,,,,,,ttth,1,8
D01,7380107,6.4,,8.6,6.5,,,,,,,ttth,12,8
D01,7540204,7.25,,4.8,7.0,,,,,,,ttth,31,6
A00,7540101,,,,8.0,,,,8.25,7.8,,ttth,28,7
A00,7480201,,,,6.75,,,,6.25,7.4,,ttth,16,0
D15,7380107,7.75,5.8,7.25,,,,,,,,ttth,12,8
A01,7510301,,,8.2,7.6,,,,7.5,,,ttth,20,5
D01,7480201,5.6,,8.6,7.5,,,,,,,ttth,16,0
A00,7340115,,,,7.0,,,,8.5,8.0,,ttth,3,1
A01,7480202,,,8.0,8.5,,,,7.8,,,ttth,17,0
D01,7510203,4.0,,5.2,7.6,,,,,,,ttth,19,5
D01,7340201,7.25,,8.6,8.2,,,,,,,ttth,8,2
A00,7480201,,,,8.6,,,,7.5,7.25,,ttth,16,0
A00,7340301,,,,8.0,,,,7.5,7.75,,ttth,10,2
A00,7340101,,,,7.75,,,,7.5,7.4,,ttth,2,1
A01,7480201,,,6.8,7.25,,,,8.8,,,ttth,16,0
A00,7340101,,,,8.0,,,,7.25,7.8,,ttth,2,1
A00,7340115,,,,7.8,,,,8.5,8.5,,ttth,3,1
A00,7480201,,,,6.25,,,,8.0,7.6,,ttth,16,0
A00,7810202,,,,8.6,,,,7.0,7.5,,ttth,35,4
D01,7220201,8.75,,9.2,6.0,,,,,,,ttth,0,8
A00,7510401,,,,7.0,,,,8.0,8.4,,ttth,22,6
A01,7480201,,,6.2,6.75,,,,7.6,,,ttth,16,0
D07,7480201,,,7.2,7.5,,,,,8.0,,ttth,16,0
B00,7420201,,,,7.8,,,,,8.25,8.0,ttth,13,7
A00,7480201,,,,7.25,,,,8.25,8.0,,ttth,16,0
A00,7340122,,,,6.75,,,,7.75,7.6,,ttth,5,1
D01,7480201,7.5,,7.0,7.8,,,,,,,ttth,16,0
A00,7850101,,,,6.6,,,,6.5,5.75,,ttth,38,7
A01,7340115,,,7.4,8.0,,,,8.2,,,ttth,3,1
A00,7340115,,,,8.25,,,,7.75,7.6,,ttth,3,1
D01,7540204,7.25,,6.0,6.0,,,,,,,ttth,31,6
D07,7480201,,,9.0,6.4,,,,,6.5,,ttth,16,0
D01,7340129,7.0,,6.4,7.5,,,,,,,ttth,7,7
D01,7520115,5.6,,7.2,6.0,,,,,,,ttth,27,6
A00,7540101,,,,7.0,,,,7.5,7.0,,ttth,28,7
D01,7480202,6.75,,6.6,6.8,,,,,,,ttth,17,0
A00,7340101,,,,7.75,,,,8.25,7.6,,ttth,2,1
A00,7340115,,,,7.25,,,,9.0,8.0,,ttth,3,1
A00,7510301,,,,7.2,,,,4.75,5.75,,ttth,20,5
D01,7340115,8.0,,8.8,7.75,,,,,,,ttth,3,1
A00,7480201,,,,7.8,,,,6.75,7.5,,ttth,16,0
A00,7340301,,,,7.0,,,,8.75,7.4,,ttth,10,2
D07,7540101,,,7.8,7.8,,,,,8.25,,ttth,28,7
B00,7540106,,,,7.4,,,,,7.0,8.25,ttth,30,7
D01,7480201,7.4,,8.0,6.5,,,,,,,ttth,16,0
D01,7340201,8.0,,7.6,6.6,,,,,,,ttth,8,2
D07,7480201,,,6.8,8.0,,,,,8.4,,ttth,16,0
D01,7480201,7.0,,7.0,8.4,,,,,,,ttth,16,0
A00,7340301,,,,7.5,,,,7.5,8.4,,ttth,10,2
A00,7850101,,,,5.5,,,,6.0,7.6,,ttth,38,7
A00,7480201,,,,6.75,,,,8.0,7.6,,ttth,16,0
A00,7340115,,,,8.6,,,,7.25,7.75,,ttth,3,1
A00,7540101,,,,8.4,,,,6.75,8.75,,ttth,28,7
D01,7380107,6.2,,7.6,7.0,,,,,,,ttth,12,8
D01,7340120,6.6,,7.2,8.0,,,,,,,ttth,4,1
A00,7810201,,,,6.75,,,,6.5,7.0,,ttth,34,4
A00,7340301,,,,6.75,,,,7.5,8.4,,ttth,10,2
D07,7420201,,,7.4,7.0,,,,,8.4,,ttth,13,7
D01,7480201,7.25,,8.2,6.8,,,,,,,ttth,16,0
A00,7480201,,,,6.0,,,,8.0,8.2,,ttth,16,0
D01,7380107,6.8,,7.2,7.5,,,,,,,ttth,12,8
A00,7340120,,,,8.6,,,,7.75,8.25,,ttth,4,1
A00,7510401,,,,7.8,,,,6.75,7.25,,ttth,22,6
A00,7340301,,,,6.5,,,,7.0,7.2,,ttth,10,2
D01,7340120,9.0,,7.4,7.2,,,,,,,ttth,4,1
D01,7480202,6.0,,7.0,5.75,,,,,,,ttth,17,0
A00,7510301,,,,6.8,,,,6.75,6.75,,ttth,20,5
A00,7340101,,,,7.25,,,,6.75,8.0,,ttth,2,1
D07,7850101,,,7.0,7.4,,,,,7.25,,ttth,38,7
A00,7480201,,,,7.4,,,,7.0,7.75,,ttth,16,0
D01,7510203,6.2,,5.2,6.0,,,,,,,ttth,19,5
A00,7510303,,,,7.8,,,,5.25,8.25,,ttth,21,5
A00,7340120,,,,7.75,,,,7.5,8.2,,ttth,4,1
D01,7340115,8.6,,6.2,7.75,,,,,,,ttth,3,1
D01,7510303,5.8,,7.0,6.75,,,,,,,ttth,21,5
A00,7819009,,,,4.75,,,,5.5,6.4,,ttth,36,4
A00,7480202,,,,7.0,,,,8.5,6.6,,ttth,17,0
A00,7510203,,,,5.6,,,,4.5,7.25,,ttth,19,5
D07,7480202,,,6.4,8.0,,,,,7.5,,ttth,17,0
D01,7340120,7.8,,8.2,6.75,,,,,,,ttth,4,1
B00,7540106,,,,7.2,,,,,6.25,6.75,ttth,30,7
D01,7340115,6.6,,8.6,8.0,,,,,,,ttth,3,1
D01,7340301,6.2,,7.8,6.75,,,,,,,ttth,10,2
A01,7340120,,,7.4,7.0,,,,8.2,,,ttth,4,1
D01,7810202,6.2,,6.8,6.75,,,,,,,ttth,35,4
A00,7510301,,,,6.0,,,,6.5,7.4,,ttth,20,5
A01,7340101,,,8.0,7.5,,,,8.0,,,ttth,2,1
A01,7540101,,,7.6,8.75,,,,6.0,,,ttth,28,7
A01,7220201,,,7.0,7.0,,,,7.2,,,ttth,0,8
A00,7340115,,,,8.25,,,,7.75,8.0,,ttth,3,1
A01,7480201,,,7.0,7.0,,,,7.6,,,ttth,16,0
A00,7540204,,,,5.75,,,,7.0,7.0,,ttth,31,6
D07,7420201,,,7.8,6.5,,,,,6.8,,ttth,13,7
A00,7340120,,,,7.8,,,,7.75,8.75,,ttth,4,1
D07,7520115,,,5.6,6.5,,,,,7.0,,ttth,27,6
D01,7810202,7.5,,6.4,8.6,,,,,,,ttth,35,4
D01,7340123,6.25,,3.2,7.0,,,,,,,ttth,6,3
A00,7340201,,,,7.0,,,,8.0,7.6,,ttth,8,2
D01,7480202,7.8,,7.6,7.5,,,,,,,ttth,17,0
A01,7220204,,,8.2,8.0,,,,7.8,,,ttth,1,8
B00,7540101,,,,7.5,,,,,7.25,8.2,ttth,28,7
D01,7220201,7.2,,6.8,6.75,,,,,,,ttth,0,8
D01,7380107,7.2,,7.2,7.5,,,,,,,ttth,12,8
A00,7480201,,,,6.5,,,,6.75,7.6,,ttth,16,0
A00,7340129,,,,7.0,,,,5.75,7.5,,ttth,7,7
D01,7380107,7.0,,7.8,7.6,,,,,,,ttth,12,8
A00,7340115,,,,7.75,,,,7.5,7.8,,ttth,3,1
A00,7340301,,,,7.25,,,,8.25,8.0,,ttth,10,2
D01,7380107,6.2,,6.8,5.5,,,,,,,ttth,12,8
A00,7850101,,,,6.25,,,,6.25,7.4,,ttth,38,7
D01,7510303,5.4,,7.2,6.0,,,,,,,ttth,21,5
A00,7340201,,,,7.5,,,,7.5,7.2,,ttth,8,2
B00,7540101,,,,8.25,,,,,8.5,7.0,ttth,28,7
A01,7480201,,,8.8,7.8,,,,8.5,,,ttth,16,0
A01,7340301,,,6.8,8.2,,,,7.5,,,ttth,10,2
D01,7510203,5.0,,7.0,7.75,,,,,,,ttth,19,5
B00,7510406,,,,7.2,,,,,4.5,5.5,ttth,24,7
A01,7340120,,,7.0,7.75,,,,7.6,,,ttth,4,1
D07,7510303,,,7.8,7.5,,,,,5.4,,ttth,21,5
A00,7480201,,,,7.25,,,,8.0,7.8,,ttth,16,0
D01,7220204,8.25,,7.4,8.0,,,,,,,ttth,1,8
D01,7810103,6.2,,7.0,7.75,,,,,,,ttth,33,4
A00,7340120,,,,7.5,,,,8.5,8.2,,ttth,4,1
A01,7540101,,,7.4,7.25,,,,6.4,,,ttth,28,7
A00,7810103,,,,8.0,,,,8.25,8.6,,ttth,33,4
A00,7510303,,,,7.6,,,,6.0,5.5,,ttth,21,5
A00,7380107,,,,7.75,,,,8.0,7.8,,ttth,12,8
A01,7340115,,,7.4,8.25,,,,8.0,,,ttth,3,1
D01,7340115,7.8,,6.6,8.25,,,,,,,ttth,3,1
D01,7480202,5.0,,8.0,6.4,,,,,,,ttth,17,0
D09,7220201,,,7.4,8.0,,,8.4,,,,ttth,0,8
A00,7340301,,,,7.8,,,,7.5,8.0,,ttth,10,2
D07,7420201,,,8.0,7.8,,,,,7.0,,ttth,13,7
A01,7480201,,,7.2,8.0,,,,6.6,,,ttth,16,0
D01,7220201,7.75,,7.8,7.6,,,,,,,ttth,0,8
A00,7340101,,,,7.5,,,,6.75,7.2,,ttth,2,1
A01,7810103,,,8.2,8.0,,,,8.0,,,ttth,33,4
A00,7540106,,,,6.6,,,,6.5,5.5,,ttth,30,7
D01,7340115,7.2,,8.2,8.25,,,,,,,ttth,3,1
D15,7810103,6.75,6.4,8.0,,,,,,,,ttth,33,4
D01,7810103,6.8,,7.0,6.5,,,,,,,ttth,33,4
A00,7480201,,,,7.0,,,,8.25,8.2,,ttth,16,0
A00,7510301,,,,7.8,,,,6.75,6.0,,ttth,20,5
A00,7340120,,,,8.4,,,,6.5,8.0,,ttth,4,1
D07,7819010,,,6.2,5.75,,,,,5.2,,ttth,37,4
A00,7540101,,,,9.0,,,,7.25,8.5,,ttth,28,7
A01,7340201,,,7.6,8.4,,,,6.5,,,ttth,8,2
A00,7480201,,,,6.0,,,,7.0,8.0,,ttth,16,0
D01,7220201,7.0,,9.0,7.0,,,,,,,ttth,0,8
A00,7480201,,,,7.5,,,,8.0,7.4,,ttth,16,0
A00,7340301,,,,7.0,,,,7.0,8.2,,ttth,10,2
D01,7340301,6.6,,7.2,7.25,,,,,,,ttth,10,2
B00,7540101,,,,7.75,,,,,8.0,8.2,ttth,28,7
D01,7810103,7.75,,6.8,7.6,,,,,,,ttth,33,4
A01,7340115,,,7.4,7.75,,,,9.2,,,ttth,3,1
A01,7480201,,,7.2,7.4,,,,7.5,,,ttth,16,0
D01,7340201,7.75,,8.8,7.8,,,,,,,ttth,8,2
A01,7340129,,,7.0,7.4,,,,6.75,,,ttth,7,7
B00,7540101,,,,7.5,,,,,8.0,8.2,ttth,28,7
B00,7819010,,,,7.0,,,,,6.25,7.2,ttth,37,4
A01,7510301,,,8.0,7.75,,,,7.0,,,ttth,20,5
D01,7340101,7.6,,7.4,7.25,,,,,,,ttth,2,1
A00,7480201,,,,8.0,,,,7.0,7.75,,ttth,16,0
A01,7340201,,,6.8,7.75,,,,8.4,,,ttth,8,2
D01,7340101,7.5,,8.6,8.0,,,,,,,ttth,2,1
D01,7510203,5.6,,8.0,6.0,,,,,,,ttth,19,5
A00,7540101,,,,7.75,,,,7.75,8.2,,ttth,28,7
D01,7810103,6.6,,7.0,7.25,,,,,,,ttth,33,4
A00,7510203,,,,7.6,,,,6.0,7.0,,ttth,19,5
A00,7340129,,,,7.5,,,,7.5,7.4,,ttth,7,7
A00,7510303,,,,7.4,,,,5.75,7.5,,ttth,21,5
D07,7460108,,,7.4,7.75,,,,,8.2,,ttth,14,0
D09,7220201,,,7.6,7.75,,,9.2,,,,ttth,0,8
A00,7510401,,,,7.25,,,,7.0,7.2,,ttth,22,6
A00,7510303,,,,7.6,,,,5.0,5.75,,ttth,21,5
A00,7510203,,,,6.75,,,,6.5,8.2,,ttth,19,5
D01,7480201,7.5,,7.8,8.4,,,,,,,ttth,16,0
D01,7510202,3.8,,7.4,7.5,,,,,,,ttth,18,5
A00,7810202,,,,7.75,,,,7.75,7.6,,ttth,35,4
D01,7480202,6.0,,7.2,7.6,,,,,,,ttth,17,0
D01,7340101,7.75,,8.0,8.0,,,,,,,ttth,2,1
D09,7220201,,,8.0,7.5,,,8.6,,,,ttth,0,8
D01,7510203,6.0,,8.4,6.8,,,,,,,ttth,19,5
A00,7340115,,,,8.2,,,,7.5,8.0,,ttth,3,1
D01,7510303,5.0,,4.4,7.4,,,,,,,ttth,21,5
A00,7340101,,,,8.4,,,,7.0,8.25,,ttth,2,1
D01,7380107,7.0,,6.8,6.0,,,,,,,ttth,12,8
B00,7540101,,,,8.0,,,,,8.0,7.4,ttth,28,7
D01,7340129,6.8,,7.4,7.5,,,,,,,ttth,7,7
A00,7850101,,,,8.2,,,,6.75,7.25,,ttth,38,7
A00,7480201,,,,8.25,,,,6.75,7.4,,ttth,16,0
D01,7810103,4.6,,6.6,7.75,,,,,,,ttth,33,4
D01,7340129,6.5,,6.8,7.6,,,,,,,ttth,7,7
D01,7220204,7.4,,7.8,8.0,,,,,,,ttth,1,8
A00,7340101,,,,8.25,,,,7.5,6.8,,ttth,2,1
D01,7220204,7.25,,9.0,6.4,,,,,,,ttth,1,8
A00,7480201,,,,8.25,,,,7.0,8.4,,ttth,16,0
A00,7480201,,,,7.75,,,,8.5,8.2,,ttth,16,0
A00,7420201,,,,7.2,,,,5.75,5.5,,ttth,13,7
D01,7220204,8.2,,8.4,7.75,,,,,,,ttth,1,8
D01,7340101,6.8,,8.0,6.5,,,,,,,ttth,2,1
B00,7540105,,,,7.4,,,,,5.75,6.5,ttth,29,7
D01,7220201,7.6,,7.6,8.0,,,,,,,ttth,0,8
A00,7510301,,,,7.5,,,,7.25,8.0,,ttth,20,5
D07,7510401,,,6.8,7.0,,,,,4.8,,ttth,22,6
D01,7480201,6.2,,8.6,6.5,,,,,,,ttth,16,0
A00,7340123,,,,6.0,,,,7.25,7.0,,ttth,6,3
A00,7510303,,,,5.25,,,,8.0,7.2,,ttth,21,5
D15,7810201,6.0,3.8,8.5,,,,,,,,ttth,34,4
A00,7380107,,,,8.5,,,,7.75,7.6,,ttth,12,8
D01,7380107,6.4,,8.0,8.25,,,,,,,ttth,12,8
A01,7340201,,,8.2,6.25,,,,7.6,,,ttth,8,2
A01,7540106,,,6.6,7.25,,,,6.4,,,ttth,30,7
D01,7810103,7.2,,6.8,7.5,,,,,,,ttth,33,4
A00,7480202,,,,7.0,,,,5.0,5.5,,ttth,17,0
A00,7340301,,,,5.0,,,,8.25,7.6,,ttth,10,2
A00,7819010,,,,7.25,,,,6.0,8.2,,ttth,37,4
D01,7340101,6.4,,6.8,8.25,,,,,,,ttth,2,1
D01,7220201,7.25,,8.4,7.4,,,,,,,ttth,0,8
A00,7380107,,,,8.2,,,,7.5,7.0,,ttth,12,8
A01,7340120,,,8.2,7.25,,,,7.6,,,ttth,4,1
D01,7480201,9.4,,6.6,7.5,,,,,,,ttth,16,0
D01,7510301,7.0,,7.2,8.0,,,,,,,ttth,20,5
A00,7340201,,,,7.6,,,,7.75,8.25,,ttth,8,2
A00,7510301,,,,7.75,,,,7.25,7.4,,ttth,20,5
A00,7819010,,,,8.0,,,,6.75,6.8,,ttth,37,4
A00,7340101,,,,7.8,,,,8.75,7.75,,ttth,2,1
D01,7480201,7.6,,7.8,7.75,,,,,,,ttth,16,0
D01,7340101,7.2,,7.0,7.0,,,,,,,ttth,2,1
D01,7340129,7.2,,7.6,6.5,,,,,,,ttth,7,7
D01,7340101,6.6,,7.8,7.25,,,,,,,ttth,2,1
D01,7380107,7.4,,8.0,8.0,,,,,,,ttth,12,8
A00,7340301,,,,8.25,,,,7.75,7.4,,ttth,10,2
A00,7340201,,,,7.5,,,,8.25,8.2,,ttth,8,2
A00,7819010,,,,4.25,,,,6.25,7.2,,ttth,37,4
D01,7510203,6.2,,7.0,5.5,,,,,,,ttth,19,5
D01,7810201,7.5,,7.6,8.0,,,,,,,ttth,34,4
D01,7510203,5.75,,4.2,6.4,,,,,,,ttth,19,5
D01,7380107,8.6,,6.8,7.5,,,,,,,ttth,12,8
D07,7480201,,,8.4,7.6,,,,,7.5,,ttth,16,0
A00,7340115,,,,7.25,,,,8.0,7.8,,ttth,3,1
A00,7540101,,,,7.25,,,,8.0,6.4,,ttth,28,7
A00,7340201,,,,7.8,,,,7.75,7.75,,ttth,8,2
A00,7510303,,,,7.25,,,,6.25,7.6,,ttth,21,5
D01,7380107,6.75,,9.2,6.2,,,,,,,ttth,12,8
A00,7340101,,,,8.2,,,,7.5,8.25,,ttth,2,1
D01,7510303,4.8,,7.6,7.75,,,,,,,ttth,21,5
A00,7340101,,,,7.25,,,,8.0,8.0,,ttth,2,1
D01,7340301,7.0,,7.6,8.0,,,,,,,ttth,10,2
D07,7540106,,,7.0,7.4,,,,,7.75,,ttth,30,7
A00,7480201,,,,7.6,,,,7.75,7.25,,ttth,16,0
D01,7510202,6.2,,7.0,6.25,,,,,,,ttth,18,5
D07,7420201,,,8.2,7.6,,,,,5.75,,ttth,13,7
D01,7340101,6.8,,7.4,8.25,,,,,,,ttth,2,1
D01,7810103,5.6,,7.2,7.25,,,,,,,ttth,33,4
A00,7480201,,,,8.2,,,,7.5,7.25,,ttth,16,0
D09,7220201,,,6.6,9.25,,,8.6,,,,ttth,0,8
D15,7380107,7.75,5.4,6.25,,,,,,,,ttth,12,8
D01,7380107,8.25,,7.2,7.0,,,,,,,ttth,12,8
A00,7340129,,,,7.5,,,,7.0,7.4,,ttth,7,7
A00,7340101,,,,8.2,,,,8.25,7.75,,ttth,2,1
D01,7340101,7.0,,7.8,9.5,,,,,,,ttth,2,1
D01,7480201,6.75,,8.2,8.0,,,,,,,ttth,16,0
D01,7540204,7.25,,6.8,6.8,,,,,,,ttth,31,6
A00,7340301,,,,7.5,,,,8.25,7.4,,ttth,10,2
D01,7340120,7.0,,8.2,7.75,,,,,,,ttth,4,1
D01,7220204,8.8,,7.8,8.25,,,,,,,ttth,1,8
A00,7480201,,,,6.25,,,,7.5,7.4,,ttth,16,0
A00,7480202,,,,7.0,,,,7.25,6.2,,ttth,17,0
A01,7540106,,,7.2,7.25,,,,5.0,,,ttth,30,7
A00,7480202,,,,5.75,,,,7.0,7.4,,ttth,17,0
D07,7480201,,,8.2,8.0,,,,,8.0,,ttth,16,0
A01,7220201,,,8.2,8.5,,,,7.0,,,ttth,0,8
D01,7340115,7.8,,8.2,7.75,,,,,,,ttth,3,1
D01,7340201,7.25,,8.0,7.6,,,,,,,ttth,8,2
D01,7540204,7.0,,6.0,4.8,,,,,,,ttth,31,6
D01,7340101,6.4,,7.8,7.0,,,,,,,ttth,2,1
A01,7480201,,,8.6,8.0,,,,7.25,,,ttth,16,0
A00,7340101,,,,6.0,,,,7.75,8.0,,ttth,2,1
A00,7480201,,,,6.75,,,,7.5,6.6,,ttth,16,0
D01,7480201,7.25,,8.2,8.2,,,,,,,ttth,16,0
D01,7540204,6.8,,6.6,7.75,,,,,,,ttth,31,6
A01,7540106,,,7.4,5.75,,,,4.4,,,ttth,30,7
D01,7480201,7.5,,8.4,8.0,,,,,,,ttth,16,0
D01,7340129,4.8,,7.0,7.5,,,,,,,ttth,7,7
D01,7340101,6.8,,6.6,8.25,,,,,,,ttth,2,1
D01,7810201,8.75,,7.0,6.8,,,,,,,ttth,34,4
D01,7340120,7.25,,8.0,8.0,,,,,,,ttth,4,1
A00,7340201,,,,8.0,,,,7.0,8.0,,ttth,8,2
D07,7540101,,,7.8,7.75,,,,,7.6,,ttth,28,7
A01,7220204,,,8.0,7.8,,,,6.75,,,ttth,1,8
A00,7810103,,,,7.5,,,,5.75,7.0,,ttth,33,4
A01,7480202,,,7.0,8.0,,,,7.2,,,ttth,17,0
A00,7340101,,,,8.8,,,,7.5,7.75,,ttth,2,1
D01,7340301,6.5,,8.0,8.4,,,,,,,ttth,10,2
D07,7540101,,,7.0,7.25,,,,,7.2,,ttth,28,7
A00,7510303,,,,7.4,,,,7.25,5.25,,ttth,21,5
D01,7340120,7.2,,7.0,8.0,,,,,,,ttth,4,1
B00,7540101,,,,7.0,,,,,7.75,7.6,ttth,28,7
A00,7340122,,,,8.0,,,,7.25,7.2,,ttth,5,1
A00,7510203,,,,7.2,,,,5.75,8.0,,ttth,19,5
D15,7380107,7.0,7.0,8.0,,,,,,,,ttth,12,8
A00,7340201,,,,7.25,,,,7.75,7.4,,ttth,8,2
D07,7480201,,,7.8,8.0,,,,,8.25,,ttth,16,0
A00,7340205,,,,6.5,,,,7.5,5.0,,ttth,9,2
D01,7380107,6.0,,7.2,8.0,,,,,,,ttth,12,8
A00,7510303,,,,7.6,,,,6.5,7.75,,ttth,21,5
A01,7340101,,,7.2,7.75,,,,7.8,,,ttth,2,1
A00,7480201,,,,8.6,,,,6.0,7.5,,ttth,16,0
B00,7420201,,,,7.25,,,,,7.0,7.2,ttth,13,7
A00,7340201,,,,8.2,,,,7.25,8.5,,ttth,8,2
D01,7220201,7.75,,8.6,7.6,,,,,,,ttth,0,8
A01,7340301,,,7.2,6.5,,,,7.6,,,ttth,10,2
A01,7340201,,,7.0,7.5,,,,7.2,,,ttth,8,2
D01,7510202,7.0,,7.4,7.2,,,,,,,ttth,18,5
A01,7480202,,,6.4,7.4,,,,6.75,,,ttth,17,0
B00,7540101,,,,8.2,,,,,7.75,8.25,ttth,28,7
A01,7480201,,,8.4,7.0,,,,6.6,,,ttth,16,0
A00,7510401,,,,7.6,,,,6.25,7.0,,ttth,22,6
A00,7380107,,,,8.0,,,,7.0,8.2,,ttth,12,8
A00,7510401,,,,5.0,,,,6.25,7.2,,ttth,22,6
A00,7540106,,,,6.75,,,,7.25,7.2,,ttth,30,7
D01,7340101,7.8,,5.6,7.75,,,,,,,ttth,2,1
A00,7480201,,,,7.25,,,,7.75,7.2,,ttth,16,0
A01,7480201,,,7.8,7.4,,,,7.25,,,ttth,16,0
D01,7480201,5.8,,7.2,9.0,,,,,,,ttth,16,0
A01,7480201,,,8.0,8.0,,,,8.0,,,ttth,16,0
B00,7540101,,,,6.25,,,,,7.5,7.0,ttth,28,7
D01,7380107,5.8,,8.4,7.25,,,,,,,ttth,12,8
D01,7480201,8.0,,6.2,7.25,,,,,,,ttth,16,0
A00,7340301,,,,5.5,,,,7.75,7.4,,ttth,10,2
A00,7480201,,,,7.25,,,,7.25,7.2,,ttth,16,0
D01,7480201,6.5,,8.2,8.0,,,,,,,ttth,16,0
A01,7340129,,,7.4,6.75,,,,7.6,,,ttth,7,7
A00,7480201,,,,7.5,,,,7.5,7.6,,ttth,16,0
A00,7380107,,,,6.0,,,,6.25,7.2,,ttth,12,8
A00,7340201,,,,7.5,,,,9.0,7.6,,ttth,8,2
D01,7540204,6.75,,6.8,7.4,,,,,,,ttth,31,6
D01,7340301,6.75,,7.8,8.2,,,,,,,ttth,10,2
D01,7520115,5.25,,7.8,5.0,,,,,,,ttth,27,6
A01,7340120,,,7.4,7.0,,,,8.0,,,ttth,4,1
A00,7540101,,,,6.5,,,,8.5,6.8,,ttth,28,7
B00,7540106,,,,6.8,,,,,8.0,6.25,ttth,30,7
D01,7380107,6.4,,7.0,8.5,,,,,,,ttth,12,8
A00,7340129,,,,7.5,,,,7.5,7.4,,ttth,7,7
B00,7540105,,,,7.4,,,,,6.75,6.75,ttth,29,7
D01,7340120,7.0,,8.2,8.0,,,,,,,ttth,4,1
A00,7340120,,,,7.0,,,,7.75,7.6,,ttth,4,1
A00,7510401,,,,5.75,,,,6.25,7.6,,ttth,22,6
A00,7540101,,,,7.0,,,,7.0,7.8,,ttth,28,7
A00,7340122,,,,7.25,,,,8.0,6.8,,ttth,5,1
D01,7220204,8.25,,7.2,8.0,,,,,,,ttth,1,8
A00,7510203,,,,8.0,,,,5.75,6.75,,ttth,19,5
A00,7340201,,,,5.75,,,,7.25,7.6,,ttth,8,2
D01,7510203,5.0,,6.2,8.0,,,,,,,ttth,19,5
D01,7510202,7.6,,4.4,5.75,,,,,,,ttth,18,5
D01,7340120,7.8,,7.8,7.25,,,,,,,ttth,4,1
D01,7510203,7.6,,8.0,5.5,,,,,,,ttth,19,5
D01,7480201,8.0,,7.4,6.75,,,,,,,ttth,16,0
D01,7340115,7.0,,8.2,8.5,,,,,,,ttth,3,1
A00,7340120,,,,8.0,,,,7.5,7.6,,ttth,4,1
B00,7420201,,,,6.75,,,,,7.75,7.8,ttth,13,7
A00,7340115,,,,6.5,,,,7.25,8.4,,ttth,3,1
A00,7850101,,,,8.25,,,,7.0,8.4,,ttth,38,7
A00,7340201,,,,7.25,,,,8.0,7.6,,ttth,8,2
A01,7340201,,,7.4,7.75,,,,7.6,,,ttth,8,2
B00,7850101,,,,6.75,,,,,5.75,6.2,ttth,38,7
A00,7850101,,,,5.0,,,,4.5,6.2,,ttth,38,7
D01,7510301,3.8,,5.4,7.25,,,,,,,ttth,20,5
A01,7540106,,,6.6,7.6,,,,7.25,,,ttth,30,7
A00,7510406,,,,6.5,,,,6.75,6.2,,ttth,24,7
A00,7340301,,,,7.25,,,,7.25,8.0,,ttth,10,2
A00,7340101,,,,8.0,,,,7.5,7.5,,ttth,2,1
A00,7810103,,,,4.25,,,,7.25,6.6,,ttth,33,4
B00,7540101,,,,8.5,,,,,8.0,7.6,ttth,28,7
D01,7810202,7.4,,6.6,6.75,,,,,,,ttth,35,4
D01,7480201,8.6,,7.8,7.0,,,,,,,ttth,16,0
D01,7340120,7.0,,7.4,8.75,,,,,,,ttth,4,1
A01,7510202,,,5.8,6.5,,,,7.0,,,ttth,18,5
D01,7340115,8.6,,6.8,7.75,,,,,,,ttth,3,1
A00,7340301,,,,6.25,,,,7.75,7.6,,ttth,10,2
D09,7220204,,,6.6,8.0,,,7.0,,,,ttth,1,8
D01,7480201,8.4,,6.0,6.25,,,,,,,ttth,16,0
D01,7480201,7.6,,8.8,7.75,,,,,,,ttth,16,0
D01,7220201,8.0,,8.6,6.8,,,,,,,ttth,0,8
A00,7540101,,,,7.5,,,,6.25,8.0,,ttth,28,7
A01,7340101,,,7.6,8.25,,,,7.8,,,ttth,2,1
A00,7540101,,,,8.5,,,,7.5,7.2,,ttth,28,7
D01,7810103,7.6,,6.6,6.5,,,,,,,ttth,33,4
A00,7540105,,,,7.25,,,,5.75,6.6,,ttth,29,7
D01,7480202,7.0,,4.6,5.6,,,,,,,ttth,17,0
D07,7420201,,,8.0,7.4,,,,,7.75,,ttth,13,7
D07,7510401,,,7.4,8.2,,,,,7.75,,ttth,22,6
D01,7510202,4.0,,5.8,6.25,,,,,,,ttth,18,5
A01,7340115,,,8.2,7.25,,,,6.8,,,ttth,3,1
D07,7480201,,,8.0,7.75,,,,,8.4,,ttth,16,0
A01,7810103,,,8.2,6.0,,,,7.2,,,ttth,33,4
D01,7340115,7.4,,6.6,8.5,,,,,,,ttth,3,1
A00,7480201,,,,8.0,,,,7.75,7.0,,ttth,16,0
A01,7340115,,,9.4,8.0,,,,7.75,,,ttth,3,1
D07,7540101,,,7.2,8.25,,,,,7.4,,ttth,28,7
A00,7420201,,,,6.4,,,,5.75,7.75,,ttth,13,7
A01,7510303,,,8.2,7.25,,,,8.0,,,ttth,21,5
A00,7480202,,,,6.6,,,,3.75,8.25,,ttth,17,0
A00,7510303,,,,7.4,,,,6.75,6.5,,ttth,21,5
D01,7340120,7.0,,8.0,8.0,,,,,,,ttth,4,1
A00,7510401,,,,6.25,,,,6.25,6.6,,ttth,22,6
A00,7510401,,,,5.5,,,,7.75,6.8,,ttth,22,6
A00,7340120,,,,6.5,,,,7.75,7.8,,ttth,4,1
D01,7340115,8.2,,7.6,8.5,,,,,,,ttth,3,1
A01,7340201,,,7.4,8.6,,,,6.0,,,ttth,8,2
A00,7340301,,,,6.0,,,,7.75,6.8,,ttth,10,2
D01,7220201,8.2,,6.8,6.0,,,,,,,ttth,0,8
A00,7510401,,,,8.0,,,,6.5,7.75,,ttth,22,6
A00,7340201,,,,7.25,,,,8.5,8.2,,ttth,8,2
D01,7540204,8.0,,4.8,7.8,,,,,,,ttth,31,6
D01,7340301,7.4,,6.4,6.5,,,,,,,ttth,10,2
D01,7340120,8.0,,8.2,7.75,,,,,,,ttth,4,1
A00,7480201,,,,7.5,,,,8.75,8.8,,ttth,16,0
A00,7340115,,,,8.75,,,,7.75,7.6,,ttth,3,1
A00,7480201,,,,7.75,,,,8.0,6.4,,ttth,16,0
D07,7540101,,,7.8,6.75,,,,,7.8,,ttth,28,7
D01,7510301,4.4,,6.0,6.0,,,,,,,ttth,20,5
D01,7220201,7.5,,9.0,7.4,,,,,,,ttth,0,8
D01,7340115,6.8,,8.4,9.25,,,,,,,ttth,3,1
D01,7540204,6.4,,7.6,8.0,,,,,,,ttth,31,6
D01,7510301,6.4,,7.6,7.0,,,,,,,ttth,20,5
A00,7340129,,,,6.5,,,,8.25,7.4,,ttth,7,7
A00,7510202,,,,6.0,,,,6.0,7.0,,ttth,18,5
A00,7420201,,,,7.2,,,,6.5,5.75,,ttth,13,7
D01,7220204,7.0,,7.6,6.75,,,,,,,ttth,1,8
A00,7540101,,,,7.0,,,,7.5,7.2,,ttth,28,7
A00,7480201,,,,6.0,,,,8.0,7.0,,ttth,16,0
D01,7480202,7.5,,5.0,6.6,,,,,,,ttth,17,0
A01,7540101,,,7.6,7.5,,,,9.4,,,ttth,28,7
A01,7340115,,,7.8,8.25,,,,7.4,,,ttth,3,1
D01,7510303,7.8,,6.8,5.5,,,,,,,ttth,21,5
A01,7480201,,,8.4,7.75,,,,8.2,,,ttth,16,0
D01,7340115,7.0,,8.0,7.5,,,,,,,ttth,3,1
D07,7540106,,,7.8,6.0,,,,,7.0,,ttth,30,7
A00,7480202,,,,7.6,,,,5.0,8.0,,ttth,17,0
A00,7340122,,,,6.75,,,,9.5,7.8,,ttth,5,1
D01,7340201,6.6,,7.8,6.75,,,,,,,ttth,8,2
A01,7340120,,,8.4,7.25,,,,7.6,,,ttth,4,1
D01,7340201,8.0,,7.8,7.2,,,,,,,ttth,8,2
D01,7340120,6.0,,8.0,7.5,,,,,,,ttth,4,1
B00,7420201,,,,6.75,,,,,8.0,7.4,ttth,13,7
D01,7480202,7.0,,4.2,6.0,,,,,,,ttth,17,0
A00,7340120,,,,8.4,,,,8.25,7.5,,ttth,4,1
A00,7340101,,,,7.0,,,,7.25,8.2,,ttth,2,1
A00,7480201,,,,6.0,,,,8.0,7.8,,ttth,16,0
A00,7810202,,,,8.0,,,,6.25,8.0,,ttth,35,4
A01,7220201,,,7.6,5.75,,,,7.8,,,ttth,0,8
B00,7420201,,,,6.5,,,,,6.0,6.4,ttth,13,7
D01,7510203,7.2,,7.4,6.5,,,,,,,ttth,19,5
A00,7480201,,,,8.0,,,,7.5,7.2,,ttth,16,0
B00,7510401,,,,7.0,,,,,5.5,6.8,ttth,22,6
D01,7340301,8.0,,7.0,7.2,,,,,,,ttth,10,2
A00,7819010,,,,7.0,,,,6.5,7.0,,ttth,37,4
D01,7540204,6.8,,7.8,7.25,,,,,,,ttth,31,6
A00,7850101,,,,6.25,,,,6.5,6.6,,ttth,38,7
A01,7480202,,,7.4,7.25,,,,5.8,,,ttth,17,0
D01,7340205,6.6,,7.2,7.5,,,,,,,ttth,9,2
D01,7340129,6.6,,7.2,7.5,,,,,,,ttth,7,7
D01,7340101,9.0,,8.2,7.4,,,,,,,ttth,2,1
A01,7220201,,,8.0,7.5,,,,8.4,,,ttth,0,8
D01,7340101,7.4,,7.2,8.0,,,,,,,ttth,2,1
A00,7340101,,,,6.75,,,,8.25,8.2,,ttth,2,1
A00,7480201,,,,6.75,,,,7.25,7.2,,ttth,16,0
D01,7480201,8.4,,7.2,6.5,,,,,,,ttth,16,0
A00,7380107,,,,8.0,,,,8.0,7.6,,ttth,12,8
D07,7540101,,,8.2,7.6,,,,,7.75,,ttth,28,7
A01,7380107,,,8.2,7.75,,,,7.4,,,ttth,12,8
D01,7460108,4.0,,5.6,7.0,,,,,,,ttth,14,0
A00,7510303,,,,5.5,,,,8.0,7.8,,ttth,21,5
D01,7540204,3.4,,7.0,6.75,,,,,,,ttth,31,6
A00,7510301,,,,8.2,,,,5.75,4.0,,ttth,20,5
D01,7340129,7.0,,5.4,7.25,,,,,,,ttth,7,7
A00,7520115,,,,6.75,,,,5.25,6.8,,ttth,27,6
A00,7510202,,,,5.75,,,,7.75,7.4,,ttth,18,5
A00,7340129,,,,8.4,,,,7.25,8.0,,ttth,7,7
A00,7340301,,,,7.25,,,,7.25,8.2,,ttth,10,2
D01,7340301,8.25,,7.4,7.4,,,,,,,ttth,10,2
D09,7220204,,,8.4,8.5,,,7.8,,,,ttth,1,8
A01,7540101,,,7.8,7.25,,,,6.2,,,ttth,28,7
A01,7810103,,,7.4,7.4,,,,7.0,,,ttth,33,4
A00,7340301,,,,7.8,,,,7.25,8.25,,ttth,10,2
A00,7510202,,,,6.75,,,,7.75,7.0,,ttth,18,5
A00,7480201,,,,7.25,,,,8.0,7.2,,ttth,16,0
D01,7510203,6.2,,7.2,7.33,,,,,,,ttth,19,5
D01,7340120,7.0,,7.6,8.0,,,,,,,ttth,4,1
D01,7340115,8.0,,7.8,7.0,,,,,,,ttth,3,1
D01,7340301,8.25,,7.0,6.8,,,,,,,ttth,10,2
A00,7340101,,,,8.0,,,,8.5,7.75,,ttth,2,1
D01,7540204,6.0,,5.6,6.75,,,,,,,ttth,31,6
D15,7810103,6.5,4.0,7.75,,,,,,,,ttth,33,4
A00,7810202,,,,7.8,,,,6.25,8.25,,ttth,35,4
B00,7819010,,,,6.25,,,,,6.0,5.4,ttth,37,4
B00,7510401,,,,7.25,,,,,7.0,6.8,ttth,22,6
A00,7480201,,,,7.5,,,,8.75,8.0,,ttth,16,0
D01,7340101,8.25,,7.6,8.0,,,,,,,ttth,2,1
D01,7510303,4.6,,7.2,6.0,,,,,,,ttth,21,5
D01,7220201,6.75,,9.4,7.8,,,,,,,ttth,0,8
D01,7380107,6.4,,6.6,7.5,,,,,,,ttth,12,8
A00,7340129,,,,7.6,,,,7.5,7.25,,ttth,7,7
D01,7220201,7.8,,8.2,7.25,,,,,,,ttth,0,8
A00,7340201,,,,6.75,,,,6.75,7.2,,ttth,8,2
A00,7340201,,,,6.5,,,,7.5,8.0,,ttth,8,2
A00,7480201,,,,8.25,,,,6.75,8.4,,ttth,16,0
D01,7340122,6.6,,7.2,7.75,,,,,,,ttth,5,1
A00,7510301,,,,6.5,,,,6.0,7.8,,ttth,20,5
D01,7380107,5.8,,6.8,8.0,,,,,,,ttth,12,8
A00,7480201,,,,7.0,,,,8.5,8.0,,ttth,16,0
A01,7810202,,,9.0,7.8,,,,6.0,,,ttth,35,4
A01,7540106,,,5.4,8.0,,,,5.75,,,ttth,30,7
D01,7220204,7.5,,8.4,7.0,,,,,,,ttth,1,8
A00,7380107,,,,6.25,,,,8.0,8.2,,ttth,12,8
A00,7819010,,,,5.75,,,,7.0,7.0,,ttth,37,4
D01,7340301,7.0,,6.0,7.25,,,,,,,ttth,10,2
A00,7510303,,,,7.0,,,,6.25,6.6,,ttth,21,5
D01,7510203,5.4,,6.4,6.75,,,,,,,ttth,19,5
A00,7340115,,,,8.0,,,,7.75,7.6,,ttth,3,1
A00,7340201,,,,7.5,,,,7.5,8.2,,ttth,8,2
B00,7540101,,,,8.4,,,,,7.75,8.25,ttth,28,7
A00,7540101,,,,8.0,,,,8.0,7.5,,ttth,28,7
A01,7480202,,,7.4,7.5,,,,7.2,,,ttth,17,0
D01,7340201,6.2,,7.6,7.75,,,,,,,ttth,8,2
A00,7340101,,,,8.0,,,,7.75,6.8,,ttth,2,1
A00,7480201,,,,7.0,,,,8.0,7.6,,ttth,16,0
A01,7220204,,,7.6,8.2,,,,8.0,,,ttth,1,8
D01,7340120,9.5,,6.8,7.8,,,,,,,ttth,4,1
D01,7340301,8.6,,7.2,6.75,,,,,,,ttth,10,2
D01,7340201,8.4,,6.0,6.5,,,,,,,ttth,8,2
A01,7510303,,,6.6,7.0,,,,6.6,,,ttth,21,5
D01,7810202,7.0,,8.0,7.75,,,,,,,ttth,35,4
A01,7510401,,,6.4,6.0,,,,6.2,,,ttth,22,6
A01,7340120,,,7.8,7.25,,,,8.8,,,ttth,4,1
A00,7540101,,,,7.0,,,,8.25,7.4,,ttth,28,7
B00,7420201,,,,8.0,,,,,5.75,7.8,ttth,13,7
A00,7340120,,,,7.8,,,,8.0,7.25,,ttth,4,1
D01,7380107,6.75,,8.6,8.0,,,,,,,ttth,12,8
D01,7340201,6.4,,7.6,9.0,,,,,,,ttth,8,2
A00,7510303,,,,7.2,,,,6.25,6.75,,ttth,21,5
A00,7540106,,,,7.8,,,,4.5,7.0,,ttth,30,7
D01,7340201,7.8,,7.2,8.0,,,,,,,ttth,8,2
A00,7510303,,,,6.8,,,,7.5,6.75,,ttth,21,5
A00,7340301,,,,6.25,,,,7.75,7.4,,ttth,10,2
D01,7510203,7.6,,6.6,6.5,,,,,,,ttth,19,5
A00,7340129,,,,7.4,,,,6.75,6.5,,ttth,7,7
A00,7480201,,,,8.4,,,,7.75,7.75,,ttth,16,0
D01,7340115,8.4,,7.6,7.25,,,,,,,ttth,3,1
A01,7340301,,,7.8,7.6,,,,7.75,,,ttth,10,2
D01,7520115,4.8,,6.8,7.0,,,,,,,ttth,27,6
B00,7420201,,,,7.8,,,,,7.75,5.75,ttth,13,7
A00,7340301,,,,6.75,,,,8.0,7.0,,ttth,10,2
A00,7540106,,,,7.4,,,,7.0,7.5,,ttth,30,7
D01,7510301,5.0,,7.4,6.25,,,,,,,ttth,20,5
D01,7480202,5.75,,3.4,6.2,,,,,,,ttth,17,0
A00,7340120,,,,7.8,,,,7.75,7.5,,ttth,4,1
A00,7510303,,,,6.8,,,,5.75,7.75,,ttth,21,5
D15,7810201,7.0,5.0,6.0,,,,,,,,ttth,34,4
D01,7480201,7.5,,9.4,6.6,,,,,,,ttth,16,0
A00,7510301,,,,6.0,,,,5.25,7.2,,ttth,20,5
A01,7480201,,,7.2,7.4,,,,7.5,,,ttth,16,0
B00,7510401,,,,6.75,,,,,6.25,7.2,ttth,22,6
D01,7510303,7.6,,4.8,6.25,,,,,,,ttth,21,5
A00,7340301,,,,7.4,,,,7.0,8.0,,ttth,10,2
A00,7540106,,,,6.8,,,,5.5,6.5,,ttth,30,7
A00,7340301,,,,7.25,,,,8.25,8.2,,ttth,10,2
D01,7480201,6.5,,9.0,7.4,,,,,,,ttth,16,0
D01,7810201,8.6,,5.2,5.5,,,,,,,ttth,34,4
A00,7340101,,,,8.2,,,,7.75,8.0,,ttth,2,1
D01,7220201,7.5,,9.0,7.4,,,,,,,ttth,0,8
A00,7510203,,,,4.75,,,,7.75,6.0,,ttth,19,5
D15,7380107,7.0,6.0,7.5,,,,,,,,ttth,12,8
A00,7510202,,,,6.8,,,,5.5,6.5,,ttth,18,5
A00,7510202,,,,7.6,,,,7.5,7.5,,ttth,18,5
B00,7510401,,,,8.4,,,,,6.75,7.5,ttth,22,6
D01,7540204,7.0,,6.2,6.4,,,,,,,ttth,31,6
A00,7810202,,,,6.5,,,,7.0,6.6,,ttth,35,4
D01,7220204,6.0,,7.8,9.0,,,,,,,ttth,1,8
D01,7380107,7.6,,7.8,7.0,,,,,,,ttth,12,8
B00,7819009,,,,6.25,,,,,5.0,6.2,ttth,36,4
A00,7510303,,,,7.6,,,,5.75,7.25,,ttth,21,5
A00,7460108,,,,6.5,,,,7.5,7.4,,ttth,14,0
D01,7340301,7.2,,7.4,6.75,,,,,,,ttth,10,2
D01,7480201,7.4,,7.8,7.25,,,,,,,ttth,16,0
A00,7340101,,,,6.75,,,,7.25,7.6,,ttth,2,1
D01,7340201,6.75,,8.6,7.8,,,,,,,ttth,8,2
A01,7540101,,,7.4,7.25,,,,8.2,,,ttth,28,7
A00,7510301,,,,8.4,,,,7.25,6.25,,ttth,20,5
A00,7480201,,,,7.0,,,,7.5,7.4,,ttth,16,0
A00,7340101,,,,7.6,,,,8.25,8.0,,ttth,2,1
D01,7340205,5.2,,8.0,7.5,,,,,,,ttth,9,2
A01,7340120,,,7.4,8.0,,,,8.2,,,ttth,4,1
A01,7810202,,,7.4,7.6,,,,7.25,,,ttth,35,4
A00,7480201,,,,8.0,,,,7.5,8.0,,ttth,16,0
D01,7510202,4.2,,6.4,7.0,,,,,,,ttth,18,5
D01,7340205,7.2,,7.4,6.5,,,,,,,ttth,9,2
B00,7420201,,,,6.25,,,,,7.25,5.2,ttth,13,7
D01,7510301,6.5,,4.6,6.4,,,,,,,ttth,20,5
A00,7540106,,,,7.5,,,,8.0,8.4,,ttth,30,7
D01,7380107,6.6,,7.8,8.5,,,,,,,ttth,12,8
A00,7540101,,,,7.75,,,,6.75,8.0,,ttth,28,7
A00,7340101,,,,7.25,,,,7.75,7.8,,ttth,2,1
D15,7810201,7.0,6.2,6.5,,,,,,,,ttth,34,4
D01,7540204,6.0,,6.8,5.5,,,,,,,ttth,31,6
D09,7220204,,,7.0,7.5,,,6.8,,,,ttth,1,8
D07,7510203,,,7.2,6.75,,,,,7.4,,ttth,19,5
D01,7380107,7.4,,7.2,7.75,,,,,,,ttth,12,8
A00,7510303,,,,6.5,,,,6.0,7.8,,ttth,21,5
A01,7510301,,,8.0,7.8,,,,7.0,,,ttth,20,5
D07,7420201,,,7.4,7.2,,,,,5.0,,ttth,13,7
A00,7510303,,,,7.25,,,,6.75,7.4,,ttth,21,5
A00,7340115,,,,7.75,,,,7.25,8.0,,ttth,3,1
D01,7480201,5.2,,7.4,8.5,,,,,,,ttth,16,0
D01,7340101,6.2,,7.6,7.75,,,,,,,ttth,2,1
B00,7420201,,,,7.8,,,,,7.0,7.75,ttth,13,7
D01,7810202,8.25,,7.8,8.6,,,,,,,ttth,35,4
D01,7480201,7.0,,7.4,7.6,,,,,,,ttth,16,0
D07,7480202,,,8.2,7.2,,,,,7.0,,ttth,17,0
A00,7340122,,,,7.75,,,,8.0,7.4,,ttth,5,1
D01,7340115,8.4,,7.6,8.75,,,,,,,ttth,3,1
A00,7340120,,,,7.5,,,,7.5,8.2,,ttth,4,1
D07,7510401,,,8.6,7.0,,,,,5.0,,ttth,22,6
A00,7850101,,,,6.25,,,,5.75,7.2,,ttth,38,7
A01,7810201,,,7.6,8.4,,,,6.75,,,ttth,34,4
D01,7810201,7.0,,7.0,8.0,,,,,,,ttth,34,4
D01,7220204,7.2,,8.4,7.75,,,,,,,ttth,1,8
D01,7340115,7.6,,8.2,8.25,,,,,,,ttth,3,1
A00,7810103,,,,6.75,,,,7.75,8.2,,ttth,33,4
B00,7540101,,,,8.2,,,,,8.0,8.0,ttth,28,7
D01,7510303,3.8,,6.4,7.5,,,,,,,ttth,21,5
D01,7510202,5.6,,7.2,5.25,,,,,,,ttth,18,5
A00,7510401,,,,8.0,,,,8.25,7.0,,ttth,22,6
D01,7510202,4.2,,7.6,7.25,,,,,,,ttth,18,5
D01,7510303,6.6,,6.4,8.0,,,,,,,ttth,21,5
D01,7520115,7.4,,5.6,5.25,,,,,,,ttth,27,6
B00,7850101,,,,5.75,,,,,6.5,6.6,ttth,38,7
A00,7480201,,,,6.25,,,,7.5,8.0,,ttth,16,0
D07,7510203,,,6.8,8.6,,,,,7.75,,ttth,19,5
B00,7420201,,,,5.8,,,,,6.5,8.0,ttth,13,7
A01,7480201,,,9.2,7.4,,,,7.5,,,ttth,16,0
D01,7340201,7.75,,8.4,7.0,,,,,,,ttth,8,2
D07,7540106,,,6.6,7.6,,,,,7.25,,ttth,30,7
D15,7380107,6.25,6.4,6.5,,,,,,,,ttth,12,8
A00,7510203,,,,6.75,,,,7.0,7.0,,ttth,19,5
A00,7819010,,,,6.5,,,,6.25,6.2,,ttth,37,4
D01,7340201,6.4,,7.0,7.75,,,,,,,ttth,8,2
A00,7340120,,,,8.0,,,,7.25,7.6,,ttth,4,1
D07,7510401,,,7.8,6.75,,,,,6.8,,ttth,22,6
D01,7220201,8.4,,7.8,7.25,,,,,,,ttth,0,8
A00,7340115,,,,7.25,,,,8.0,8.2,,ttth,3,1
D01,7480201,6.8,,7.6,7.75,,,,,,,ttth,16,0
A01,7810202,,,8.4,8.75,,,,7.8,,,ttth,35,4
D01,7220201,9.0,,7.0,7.0,,,,,,,ttth,0,8
A00,7510202,,,,5.8,,,,5.0,6.0,,ttth,18,5
A01,7340120,,,7.6,6.25,,,,8.2,,,ttth,4,1
D01,7340101,6.8,,7.6,7.5,,,,,,,ttth,2,1
D01,7380107,7.75,,6.6,7.2,,,,,,,ttth,12,8
D01,7480201,6.4,,9.4,8.0,,,,,,,ttth,16,0
D01,7810201,8.0,,7.4,7.6,,,,,,,ttth,34,4
A00,7480201,,,,7.5,,,,7.75,7.8,,ttth,16,0
D01,7340101,8.6,,7.0,7.5,,,,,,,ttth,2,1
D01,7810103,6.4,,7.4,7.0,,,,,,,ttth,33,4
D01,7340120,7.08,,9.0,7.6,,,,,,,ttth,4,1
A01,7480201,,,9.0,7.6,,,,6.75,,,ttth,16,0
A01,7480201,,,8.4,7.6,,,,7.0,,,ttth,16,0
D01,7220201,6.25,,9.4,7.8,,,,,,,ttth,0,8
A00,7340115,,,,7.5,,,,8.25,8.0,,ttth,3,1
D01,7510303,7.75,,3.4,7.6,,,,,,,ttth,21,5
B00,7540101,,,,8.0,,,,,8.25,7.0,ttth,28,7
A01,7480201,,,7.8,8.0,,,,7.6,,,ttth,16,0
D01,7340122,8.0,,7.0,8.5,,,,,,,ttth,5,1
D07,7480201,,,8.2,7.0,,,,,8.0,,ttth,16,0
A00,7340301,,,,7.0,,,,7.5,8.0,,ttth,10,2
B00,7540101,,,,7.25,,,,,7.5,7.6,ttth,28,7
A00,7340101,,,,8.2,,,,7.5,7.5,,ttth,2,1
A00,7340201,,,,8.2,,,,7.0,8.0,,ttth,8,2
A01,7810202,,,8.8,8.4,,,,7.75,,,ttth,35,4
D01,7340101,8.2,,7.2,8.0,,,,,,,ttth,2,1
D09,7220201,,,7.6,7.5,,,7.8,,,,ttth,0,8
A00,7340201,,,,7.75,,,,6.0,7.4,,ttth,8,2
A00,7340120,,,,6.25,,,,7.75,7.6,,ttth,4,1
D01,7510202,6.5,,6.0,7.0,,,,,,,ttth,18,5
B00,7510401,,,,7.2,,,,,7.0,6.5,ttth,22,6
A00,7340101,,,,7.75,,,,6.5,8.4,,ttth,2,1
A00,7540204,,,,7.4,,,,6.5,5.5,,ttth,31,6
A00,7540106,,,,8.0,,,,7.5,8.0,,ttth,30,7
D01,7520115,6.0,,8.6,4.8,,,,,,,ttth,27,6
A00,7510301,,,,8.2,,,,6.25,4.0,,ttth,20,5
D01,7510203,5.25,,4.6,6.0,,,,,,,ttth,19,5
D01,7340201,6.6,,6.4,7.75,,,,,,,ttth,8,2
D01,7340301,6.4,,6.8,6.5,,,,,,,ttth,10,2
D01,7340123,6.6,,7.4,7.75,,,,,,,ttth,6,3
D07,7510401,,,8.0,8.0,,,,,8.25,,ttth,22,6
B00,7540106,,,,7.0,,,,,6.75,5.75,ttth,30,7
A00,7340301,,,,7.0,,,,7.0,8.0,,ttth,10,2
A00,7340201,,,,7.25,,,,7.75,7.2,,ttth,8,2
A00,7340115,,,,7.75,,,,8.25,7.6,,ttth,3,1
D01,7340205,5.0,,5.6,8.0,,,,,,,ttth,9,2
D01,7480201,7.4,,7.6,5.75,,,,,,,ttth,16,0
A00,7540106,,,,7.0,,,,6.25,6.4,,ttth,30,7
A00,7480201,,,,6.25,,,,7.0,7.0,,ttth,16,0
D01,7340120,7.0,,7.2,8.25,,,,,,,ttth,4,1
A00,7480201,,,,7.5,,,,7.75,7.4,,ttth,16,0
A00,7340115,,,,7.0,,,,8.25,8.0,,ttth,3,1
A00,7480202,,,,6.25,,,,6.5,7.2,,ttth,17,0
A00,7340115,,,,8.2,,,,7.25,8.0,,ttth,3,1
A00,7480201,,,,7.5,,,,6.75,7.4,,ttth,16,0
A00,7810202,,,,7.8,,,,7.75,7.75,,ttth,35,4
A00,7340129,,,,7.5,,,,8.0,6.8,,ttth,7,7
D07,7420201,,,6.8,7.6,,,,,8.25,,ttth,13,7
A00,7480201,,,,7.0,,,,6.25,7.0,,ttth,16,0
D01,7340122,6.6,,8.2,9.0,,,,,,,ttth,5,1
A00,7480201,,,,8.4,,,,7.75,6.25,,ttth,16,0
D01,7220204,7.75,,8.0,7.2,,,,,,,ttth,1,8
A00,7480202,,,,5.8,,,,5.0,5.75,,ttth,17,0
A01,7819009,,,7.0,6.75,,,,7.2,,,ttth,36,4
A00,7340101,,,,6.75,,,,7.75,7.8,,ttth,2,1
D01,7480202,5.2,,8.2,8.5,,,,,,,ttth,17,0
A00,7510301,,,,5.75,,,,6.5,6.8,,ttth,20,5
A01,7340120,,,8.6,8.0,,,,6.75,,,ttth,4,1
D01,7510203,7.25,,4.6,6.8,,,,,,,ttth,19,5
D07,7540101,,,6.8,8.0,,,,,7.8,,ttth,28,7
B00,7540101,,,,8.8,,,,,7.75,9.5,ttth,28,7
D01,7510203,4.92,,6.6,7.2,,,,,,,ttth,19,5
D01,7510301,7.2,,6.4,6.0,,,,,,,ttth,20,5
D07,7540101,,,8.0,7.6,,,,,7.75,,ttth,28,7
A00,7510301,,,,7.2,,,,6.25,6.75,,ttth,20,5
D01,7340201,7.5,,7.4,7.6,,,,,,,ttth,8,2
A00,7380107,,,,6.25,,,,8.5,8.0,,ttth,12,8
D01,7380107,7.0,,7.8,7.2,,,,,,,ttth,12,8
D01,7810103,4.8,,7.2,6.0,,,,,,,ttth,33,4
A01,7220201,,,7.8,7.75,,,,8.0,,,ttth,0,8
A00,7340129,,,,6.25,,,,8.0,7.4,,ttth,7,7
A00,7510301,,,,6.0,,,,7.25,7.4,,ttth,20,5
A00,7340120,,,,8.8,,,,8.0,7.5,,ttth,4,1
A01,7850101,,,8.4,6.4,,,,6.75,,,ttth,38,7
D01,7510202,6.6,,7.0,7.0,,,,,,,ttth,18,5
D01,7380107,6.0,,8.8,8.0,,,,,,,ttth,12,8
A00,7340101,,,,7.0,,,,9.0,8.2,,ttth,2,1
A00,7510202,,,,4.75,,,,5.75,7.2,,ttth,18,5
A00,7340120,,,,8.0,,,,7.75,7.4,,ttth,4,1
A00,7340115,,,,7.25,,,,8.5,8.4,,ttth,3,1
D01,7510202,7.8,,6.4,7.75,,,,,,,ttth,18,5
A01,7340201,,,8.2,7.6,,,,7.0,,,ttth,8,2
A01,7340101,,,7.8,8.0,,,,7.2,,,ttth,2,1
D01,7520115,6.25,,7.0,5.4,,,,,,,ttth,27,6
A00,7480201,,,,8.0,,,,7.5,7.6,,ttth,16,0
D01,7480201,7.0,,7.6,8.0,,,,,,,ttth,16,0
A00,7340115,,,,7.25,,,,7.5,8.2,,ttth,3,1
D01,7340205,5.8,,6.6,6.5,,,,,,,ttth,9,2
D01,7340120,7.8,,6.8,8.5,,,,,,,ttth,4,1
A00,7340120,,,,8.25,,,,7.75,7.4,,ttth,4,1
D01,7510303,5.0,,6.4,6.0,,,,,,,ttth,21,5
D01,7340301,6.0,,7.0,7.25,,,,,,,ttth,10,2
A00,7340301,,,,7.0,,,,7.5,6.4,,ttth,10,2
A01,7480201,,,7.8,9.2,,,,7.25,,,ttth,16,0
A00,7340301,,,,8.2,,,,7.5,8.25,,ttth,10,2
D01,7380107,6.75,,7.8,7.2,,,,,,,ttth,12,8
B00,7540101,,,,6.5,,,,,8.0,7.8,ttth,28,7
B00,7540105,,,,6.6,,,,,7.25,5.75,ttth,29,7
A00,7540101,,,,7.0,,,,7.5,6.8,,ttth,28,7
D01,7810202,8.0,,6.8,7.4,,,,,,,ttth,35,4
A00,7480201,,,,8.0,,,,8.25,6.75,,ttth,16,0
B00,7420201,,,,8.5,,,,,9.5,7.6,ttth,13,7
B00,7540106,,,,6.5,,,,,6.5,6.8,ttth,30,7
D01,7540204,4.4,,6.4,6.25,,,,,,,ttth,31,6
A00,7340201,,,,8.4,,,,6.5,7.5,,ttth,8,2
A00,7540101,,,,6.25,,,,7.75,7.2,,ttth,28,7
D07,7540101,,,6.0,6.75,,,,,9.0,,ttth,28,7
D01,7340115,7.8,,7.8,8.0,,,,,,,ttth,3,1
D01,7510303,7.0,,7.6,8.0,,,,,,,ttth,21,5
D01,7340201,6.6,,6.8,7.0,,,,,,,ttth,8,2
A00,7810201,,,,6.25,,,,6.5,7.2,,ttth,34,4
D01,7340120,8.75,,8.8,7.2,,,,,,,ttth,4,1
D01,7380107,6.5,,8.4,8.6,,,,,,,ttth,12,8
D01,7340301,5.0,,7.4,8.0,,,,,,,ttth,10,2
D01,7340115,8.2,,8.2,7.25,,,,,,,ttth,3,1
D01,7540204,6.0,,5.8,6.8,,,,,,,ttth,31,6
D01,7480201,7.6,,7.6,7.42,,,,,,,ttth,16,0
A00,7510303,,,,7.6,,,,6.25,7.25,,ttth,21,5
D01,7540204,6.5,,5.6,5.0,,,,,,,ttth,31,6
A00,7340301,,,,6.25,,,,8.5,7.2,,ttth,10,2
A00,7810201,,,,8.2,,,,6.5,7.5,,ttth,34,4
B00,7510401,,,,7.75,,,,,7.0,7.0,ttth,22,6
D01,7340301,7.8,,7.0,7.25,,,,,,,ttth,10,2
A00,7340120,,,,8.4,,,,7.25,7.25,,ttth,4,1
A00,7510301,,,,6.4,,,,7.0,4.75,,ttth,20,5
D01,7340122,7.6,,5.2,9.0,,,,,,,ttth,5,1
D01,7340122,7.6,,7.6,9.25,,,,,,,ttth,5,1
D07,7540101,,,7.6,6.0,,,,,8.4,,ttth,28,7
A00,7510203,,,,4.75,,,,6.5,7.0,,ttth,19,5
D07,7819010,,,7.0,5.5,,,,,5.0,,ttth,37,4
D01,7380107,6.0,,7.2,8.0,,,,,,,ttth,12,8
D07,7540101,,,9.0,8.6,,,,,8.5,,ttth,28,7
D01,7540204,7.5,,7.0,7.6,,,,,,,ttth,31,6
A01,7540101,,,7.6,8.5,,,,6.8,,,ttth,28,7
A00,7510401,,,,7.4,,,,5.25,8.25,,ttth,22,6
D01,7510203,6.75,,7.0,7.0,,,,,,,ttth,19,5
D01,7460108,5.4,,5.6,8.0,,,,,,,ttth,14,0
D01,7340201,8.0,,7.2,7.6,,,,,,,ttth,8,2
D01,7340101,7.2,,8.0,6.0,,,,,,,ttth,2,1
A00,7810201,,,,6.5,,,,7.5,5.0,,ttth,34,4
A00,7480202,,,,8.25,,,,6.5,7.2,,ttth,17,0
A00,7340120,,,,8.8,,,,8.5,7.25,,ttth,4,1
D01,7220201,7.25,,8.2,7.4,,,,,,,ttth,0,8
A01,7340120,,,8.2,7.6,,,,7.0,,,ttth,4,1
D01,7510303,4.6,,6.0,6.75,,,,,,,ttth,21,5
D01,7480201,6.6,,6.0,8.25,,,,,,,ttth,16,0
D01,7340301,7.0,,8.0,8.0,,,,,,,ttth,10,2
A00,7510202,,,,5.5,,,,7.0,5.8,,ttth,18,5
B00,7540101,,,,8.8,,,,,8.0,8.25,ttth,28,7
A00,7810201,,,,8.0,,,,6.5,7.5,,ttth,34,4
A01,7540106,,,8.0,7.75,,,,6.8,,,ttth,30,7
D01,7340301,5.8,,7.0,8.5,,,,,,,ttth,10,2
A01,7340201,,,8.2,7.2,,,,7.25,,,ttth,8,2
A00,7510401,,,,6.6,,,,6.75,6.0,,ttth,22,6
A00,7480201,,,,8.2,,,,7.0,7.25,,ttth,16,0
D01,7480202,6.0,,5.2,7.4,,,,,,,ttth,17,0
A01,7540101,,,9.0,8.0,,,,7.0,,,ttth,28,7
D01,7510202,6.6,,7.0,6.5,,,,,,,ttth,18,5
A00,7510401,,,,7.0,,,,6.75,7.75,,ttth,22,6
D01,7510301,5.0,,6.2,7.0,,,,,,,ttth,20,5
A00,7340122,,,,7.5,,,,8.0,7.8,,ttth,5,1
A00,7510202,,,,7.6,,,,6.25,8.0,,ttth,18,5
A00,7510303,,,,5.75,,,,7.75,7.8,,ttth,21,5
D01,7340115,7.8,,7.8,7.75,,,,,,,ttth,3,1
A00,7510203,,,,6.25,,,,7.25,7.6,,ttth,19,5
A00,7340301,,,,6.25,,,,8.25,6.0,,ttth,10,2
D07,7480202,,,7.2,7.25,,,,,6.2,,ttth,17,0
A01,7480201,,,8.6,7.5,,,,7.2,,,ttth,16,0
D01,7540204,2.8,,6.8,7.0,,,,,,,ttth,31,6
D01,7510202,6.0,,7.6,5.75,,,,,,,ttth,18,5
A01,7340115,,,8.4,7.8,,,,8.25,,,ttth,3,1
D01,7340101,7.0,,7.8,8.5,,,,,,,ttth,2,1
D01,7810103,7.25,,6.6,8.4,,,,,,,ttth,33,4
A01,7480201,,,6.8,7.75,,,,6.8,,,ttth,16,0
D01,7510203,4.2,,7.6,6.25,,,,,,,ttth,19,5
D01,7510303,6.4,,7.4,7.25,,,,,,,ttth,21,5
A00,7810201,,,,7.25,,,,7.5,7.4,,ttth,34,4
D07,7510202,,,5.8,7.2,,,,,5.75,,ttth,18,5
D01,7340115,7.6,,7.4,9.0,,,,,,,ttth,3,1
D01,7340201,8.0,,7.2,7.75,,,,,,,ttth,8,2
A01,7340101,,,8.0,7.5,,,,7.2,,,ttth,2,1
A00,7340101,,,,7.25,,,,7.5,7.6,,ttth,2,1
A00,7540106,,,,6.25,,,,7.0,7.0,,ttth,30,7
D01,7480201,7.2,,7.4,7.5,,,,,,,ttth,16,0
A00,7540101,,,,7.5,,,,7.5,7.8,,ttth,28,7
A00,7520115,,,,7.75,,,,7.0,5.8,,ttth,27,6
A00,7480201,,,,7.75,,,,8.0,7.8,,ttth,16,0
A00,7340123,,,,6.0,,,,7.5,6.6,,ttth,6,3
D01,7340101,7.75,,9.2,7.4,,,,,,,ttth,2,1
A00,7510401,,,,7.4,,,,5.5,6.5,,ttth,22,6
D01,7810103,3.6,,5.8,8.75,,,,,,,ttth,33,4
A01,7480201,,,9.4,7.4,,,,6.0,,,ttth,16,0
A00,7340115,,,,7.5,,,,7.5,7.6,,ttth,3,1
B00,7540101,,,,8.6,,,,,7.25,8.0,ttth,28,7
A00,7540101,,,,8.25,,,,7.5,8.0,,ttth,28,7
D01,7340120,7.4,,7.4,7.25,,,,,,,ttth,4,1
D01,7380107,7.5,,8.0,6.8,,,,,,,ttth,12,8
A00,7510202,,,,4.75,,,,5.5,6.2,,ttth,18,5
D01,7340120,5.8,,7.4,8.25,,,,,,,ttth,4,1
B00,7510401,,,,8.0,,,,,8.25,7.5,ttth,22,6
A00,7810201,,,,6.5,,,,7.0,6.0,,ttth,34,4
D15,7380107,8.0,8.0,8.25,,,,,,,,ttth,12,8
A00,7510203,,,,7.5,,,,7.25,7.6,,ttth,19,5
D01,7340205,6.4,,5.6,6.75,,,,,,,ttth,9,2
A00,7510401,,,,8.5,,,,8.75,7.8,,ttth,22,6
A00,7480201,,,,6.5,,,,6.75,7.6,,ttth,16,0
D01,7340101,8.0,,8.2,7.8,,,,,,,ttth,2,1
D01,7220204,7.25,,8.2,7.8,,,,,,,ttth,1,8
A01,7819010,,,7.4,6.75,,,,6.6,,,ttth,37,4
A01,7510401,,,7.8,7.25,,,,6.4,,,ttth,22,6
D07,7540101,,,8.6,8.75,,,,,7.4,,ttth,28,7
A00,7340201,,,,6.75,,,,6.75,7.0,,ttth,8,2
A00,7340301,,,,8.0,,,,7.0,7.5,,ttth,10,2
D07,7540101,,,9.2,7.8,,,,,7.5,,ttth,28,7
A00,7540101,,,,7.25,,,,8.25,7.8,,ttth,28,7
D01,7810202,6.0,,6.6,7.0,,,,,,,ttth,35,4
A01,7340201,,,8.4,7.25,,,,7.4,,,ttth,8,2
A00,7340301,,,,7.5,,,,8.5,8.0,,ttth,10,2
A00,7810201,,,,7.8,,,,6.0,8.5,,ttth,34,4
D01,7810201,4.6,,6.6,7.5,,,,,,,ttth,34,4
A01,7340115,,,7.6,8.25,,,,7.6,,,ttth,3,1
A00,7540106,,,,6.25,,,,7.5,6.8,,ttth,30,7
A01,7540106,,,8.2,8.2,,,,7.0,,,ttth,30,7
A01,7340101,,,8.0,8.75,,,,6.6,,,ttth,2,1
D01,7510202,7.0,,4.6,7.0,,,,,,,ttth,18,5
A00,7480201,,,,9.4,,,,8.0,6.75,,ttth,16,0
A00,7480201,,,,7.5,,,,7.75,8.2,,ttth,16,0
A00,7420201,,,,6.0,,,,5.25,7.5,,ttth,13,7
B00,7420201,,,,7.4,,,,,8.0,7.5,ttth,13,7
D01,7220204,7.5,,9.0,7.2,,,,,,,ttth,1,8
D01,7480202,7.25,,4.8,5.8,,,,,,,ttth,17,0
D01,7520115,8.0,,7.4,6.0,,,,,,,ttth,27,6
D01,7340201,6.2,,6.8,8.0,,,,,,,ttth,8,2
D01,7480201,7.4,,8.4,8.25,,,,,,,ttth,16,0
D01,7220204,9.5,,7.2,7.8,,,,,,,ttth,1,8
A00,7810202,,,,5.75,,,,7.5,7.0,,ttth,35,4
D01,7340205,6.6,,6.8,6.0,,,,,,,ttth,9,2
B00,7540101,,,,7.5,,,,,7.0,7.2,ttth,28,7
D01,7220201,7.4,,7.4,8.0,,,,,,,ttth,0,8
A00,7340205,,,,7.75,,,,6.25,7.4,,ttth,9,2
D01,7220204,5.6,,7.4,8.0,,,,,,,ttth,1,8
D01,7340122,6.8,,7.6,8.25,,,,,,,ttth,5,1
D01,7480201,7.2,,7.0,8.5,,,,,,,ttth,16,0
B00,7420201,,,,6.5,,,,,5.75,6.8,ttth,13,7
A00,7340115,,,,8.25,,,,7.5,7.4,,ttth,3,1
D07,7480201,,,7.8,8.75,,,,,8.2,,ttth,16,0
A00,7380107,,,,6.0,,,,6.5,6.4,,ttth,12,8
D07,7480201,,,7.4,6.75,,,,,8.4,,ttth,16,0
A00,7810202,,,,8.0,,,,6.5,7.25,,ttth,35,4
D01,7340101,8.5,,7.8,7.2,,,,,,,ttth,2,1
D01,7220201,8.2,,6.0,8.0,,,,,,,ttth,0,8
D07,7420201,,,7.0,7.75,,,,,7.2,,ttth,13,7
D01,7480201,6.4,,7.6,7.0,,,,,,,ttth,16,0
D01,7340101,8.5,,8.8,6.8,,,,,,,ttth,2,1
A00,7510303,,,,7.0,,,,6.75,8.6,,ttth,21,5
A00,7340101,,,,7.25,,,,8.25,8.0,,ttth,2,1
A00,7810201,,,,7.25,,,,7.5,7.4,,ttth,34,4
A00,7340115,,,,8.0,,,,9.0,8.0,,ttth,3,1
D01,7510202,6.0,,7.4,4.75,,,,,,,ttth,18,5
B00,7850101,,,,6.6,,,,,4.5,5.75,ttth,38,7
A00,7819010,,,,6.25,,,,7.75,7.8,,ttth,37,4
D01,7380107,7.5,,8.6,6.0,,,,,,,ttth,12,8
D01,7510202,6.25,,6.8,7.0,,,,,,,ttth,18,5
A01,7480201,,,8.0,7.6,,,,7.75,,,ttth,16,0
A00,7480201,,,,8.2,,,,7.75,7.25,,ttth,16,0
A00,7340201,,,,8.8,,,,7.75,6.25,,ttth,8,2
A01,7510406,,,6.8,6.75,,,,6.8,,,ttth,24,7
D01,7220201,6.4,,7.0,7.75,,,,,,,ttth,0,8
D01,7510301,6.25,,5.8,7.6,,,,,,,ttth,20,5
B00,7540101,,,,8.75,,,,,7.25,8.0,ttth,28,7
A01,7510401,,,8.0,6.5,,,,7.0,,,ttth,22,6
D01,7340201,7.25,,7.4,7.6,,,,,,,ttth,8,2
D01,7340120,8.75,,8.8,7.2,,,,,,,ttth,4,1
D01,7480201,7.6,,7.8,6.5,,,,,,,ttth,16,0
D01,7340115,8.5,,8.6,7.6,,,,,,,ttth,3,1
A00,7340201,,,,8.8,,,,7.75,8.5,,ttth,8,2
D01,7220204,8.4,,6.0,7.5,,,,,,,ttth,1,8
D01,7340101,8.25,,7.0,7.8,,,,,,,ttth,2,1
A01,7480201,,,7.4,7.5,,,,8.6,,,ttth,16,0
A00,7380107,,,,6.8,,,,7.5,7.25,,ttth,12,8
B00,7540101,,,,8.6,,,,,7.75,7.75,ttth,28,7
D01,7510303,7.6,,7.0,7.0,,,,,,,ttth,21,5
A00,7480201,,,,7.25,,,,7.75,7.2,,ttth,16,0
D01,7340301,6.8,,7.8,8.5,,,,,,,ttth,10,2
A00,7340101,,,,7.2,,,,8.25,8.5,,ttth,2,1
A01,7540106,,,6.8,6.8,,,,4.5,,,ttth,30,7
A01,7340101,,,9.0,8.2,,,,7.75,,,ttth,2,1
A00,7540204,,,,7.6,,,,7.25,7.5,,ttth,31,6
A00,7340301,,,,7.0,,,,7.25,6.8,,ttth,10,2
A00,7510406,,,,6.75,,,,5.5,6.2,,ttth,24,7
D01,7340201,7.0,,7.8,8.2,,,,,,,ttth,8,2
A00,7810103,,,,6.25,,,,7.75,8.0,,ttth,33,4
D01,7340123,5.0,,6.8,7.25,,,,,,,ttth,6,3
A00,7480201,,,,8.0,,,,8.25,8.0,,ttth,16,0
A00,7340301,,,,5.25,,,,7.25,8.2,,ttth,10,2
D07,7480201,,,7.4,7.0,,,,,8.4,,ttth,16,0
D07,7480201,,,8.4,8.5,,,,,7.6,,ttth,16,0
A00,7480202,,,,7.0,,,,7.5,7.4,,ttth,17,0
D01,7520115,7.2,,5.4,6.25,,,,,,,ttth,27,6
D07,7819010,,,7.2,7.0,,,,,7.2,,ttth,37,4
A01,7340129,,,8.4,7.5,,,,7.4,,,ttth,7,7
D01,7810201,7.2,,7.4,7.5,,,,,,,ttth,34,4
A00,7340101,,,,8.4,,,,7.75,8.25,,ttth,2,1
A01,7480201,,,7.6,8.2,,,,7.25,,,ttth,16,0
A00,7480201,,,,8.0,,,,7.25,7.25,,ttth,16,0
A00,7480202,,,,8.0,,,,8.25,7.2,,ttth,17,0
A00,7540106,,,,6.4,,,,5.25,6.5,,ttth,30,7
D01,7510202,7.6,,7.2,4.25,,,,,,,ttth,18,5
A00,7850101,,,,7.5,,,,8.0,6.4,,ttth,38,7
D01,7380107,6.25,,7.6,7.0,,,,,,,ttth,12,8
A00,7540204,,,,7.25,,,,7.0,6.8,,ttth,31,6
A00,7420201,,,,6.8,,,,7.0,5.25,,ttth,13,7
D01,7340101,8.2,,6.4,7.5,,,,,,,ttth,2,1
A00,7340201,,,,8.0,,,,7.75,7.0,,ttth,8,2
D01,7510303,6.0,,5.8,5.8,,,,,,,ttth,21,5
A00,7420201,,,,8.0,,,,5.25,7.75,,ttth,13,7
D01,7340101,8.25,,8.0,7.6,,,,,,,ttth,2,1
A01,7340101,,,7.6,6.75,,,,8.0,,,ttth,2,1
A00,7810202,,,,7.4,,,,7.0,7.75,,ttth,35,4
D01,7340201,6.2,,8.6,6.75,,,,,,,ttth,8,2
D01,7480202,7.5,,6.8,7.0,,,,,,,ttth,17,0
D01,7340115,7.0,,7.4,8.5,,,,,,,ttth,3,1
A00,7510401,,,,6.0,,,,5.5,7.6,,ttth,22,6
D01,7340123,5.5,,5.6,7.4,,,,,,,ttth,6,3
A00,7510202,,,,6.25,,,,7.25,8.0,,ttth,18,5
A00,7540101,,,,8.6,,,,7.25,7.75,,ttth,28,7
A00,7340120,,,,7.5,,,,7.75,8.0,,ttth,4,1
D01,7810103,7.0,,6.6,6.0,,,,,,,ttth,33,4
D01,7340115,7.8,,8.2,7.75,,,,,,,ttth,3,1
A00,7480201,,,,7.0,,,,7.75,8.0,,ttth,16,0
D01,7810202,8.25,,6.8,8.6,,,,,,,ttth,35,4
D01,7380107,7.4,,6.2,5.5,,,,,,,ttth,12,8
D01,7220201,8.0,,7.4,7.8,,,,,,,ttth,0,8
D09,7220201,,,8.2,8.75,,,6.8,,,,ttth,0,8
D01,7480202,6.0,,8.0,6.4,,,,,,,ttth,17,0
D01,7810103,8.25,,8.6,8.6,,,,,,,ttth,33,4
D01,7480202,5.0,,6.6,7.0,,,,,,,ttth,17,0
D01,7510303,5.5,,6.0,6.0,,,,,,,ttth,21,5
A00,7510401,,,,8.4,,,,6.0,7.75,,ttth,22,6
A01,7510202,,,6.8,7.4,,,,7.0,,,ttth,18,5
A00,7340101,,,,6.5,,,,8.0,8.0,,ttth,2,1
A01,7420201,,,8.8,7.2,,,,7.5,,,ttth,13,7
A00,7510301,,,,7.2,,,,4.75,7.25,,ttth,20,5
A00,7510401,,,,7.0,,,,7.5,7.6,,ttth,22,6
D01,7340123,5.75,,6.2,6.8,,,,,,,ttth,6,3
A00,7540106,,,,8.2,,,,7.5,7.5,,ttth,30,7
D01,7220204,8.0,,7.4,8.0,,,,,,,ttth,1,8
A00,7520115,,,,6.75,,,,6.0,7.6,,ttth,27,6
D01,7480201,7.75,,7.0,8.2,,,,,,,ttth,16,0
A00,7380107,,,,7.75,,,,7.5,8.2,,ttth,12,8
D01,7340120,6.2,,7.4,8.0,,,,,,,ttth,4,1
D01,7340201,7.4,,6.0,8.75,,,,,,,ttth,8,2
D01,7340129,6.6,,8.2,7.0,,,,,,,ttth,7,7
D01,7340120,7.8,,7.4,6.5,,,,,,,ttth,4,1
A00,7340301,,,,6.75,,,,7.25,8.0,,ttth,10,2
D01,7810201,6.0,,8.0,7.25,,,,,,,ttth,34,4
A00,7340120,,,,8.2,,,,7.75,8.0,,ttth,4,1
A01,7380107,,,7.0,8.0,,,,6.5,,,ttth,12,8
D15,7810103,6.25,5.4,7.25,,,,,,,,ttth,33,4
D07,7460108,,,6.0,7.0,,,,,7.4,,ttth,14,0
D01,7340205,4.8,,6.2,8.0,,,,,,,ttth,9,2
D01,7510303,6.75,,6.8,8.2,,,,,,,ttth,21,5
D01,7340129,7.5,,7.0,7.6,,,,,,,ttth,7,7
A00,7850101,,,,7.0,,,,7.0,7.2,,ttth,38,7
D01,7340101,6.4,,7.4,8.0,,,,,,,ttth,2,1
D01,7340101,8.0,,7.2,6.75,,,,,,,ttth,2,1
A00,7510406,,,,8.2,,,,5.5,5.75,,ttth,24,7
D01,7340201,8.0,,7.2,8.0,,,,,,,ttth,8,2
A01,7380107,,,7.4,7.0,,,,8.2,,,ttth,12,8
A01,7340301,,,7.4,8.2,,,,7.0,,,ttth,10,2
D01,7810201,7.5,,7.8,7.4,,,,,,,ttth,34,4
D09,7220201,,,6.2,7.75,,,7.6,,,,ttth,0,8
A00,7340115,,,,7.75,,,,7.75,7.2,,ttth,3,1
A00,7340129,,,,6.8,,,,7.5,7.0,,ttth,7,7
D01,7810103,8.5,,6.6,7.8,,,,,,,ttth,33,4
D01,7810202,8.0,,7.0,8.0,,,,,,,ttth,35,4
A00,7510401,,,,8.2,,,,7.5,7.5,,ttth,22,6
D01,7340201,8.6,,6.0,8.0,,,,,,,ttth,8,2
A00,7540204,,,,7.4,,,,6.25,8.0,,ttth,31,6
A00,7340101,,,,8.0,,,,8.0,8.2,,ttth,2,1
D01,7220204,8.25,,7.0,7.6,,,,,,,ttth,1,8
D15,7380107,7.75,7.4,6.5,,,,,,,,ttth,12,8
A01,7480201,,,7.8,7.8,,,,7.75,,,ttth,16,0
A01,7340301,,,8.0,7.4,,,,7.5,,,ttth,10,2
A00,7480201,,,,6.0,,,,7.25,7.6,,ttth,16,0
A00,7480201,,,,7.25,,,,7.25,8.2,,ttth,16,0
D07,7540101,,,7.6,8.6,,,,,8.25,,ttth,28,7
D01,7340129,7.5,,6.6,6.6,,,,,,,ttth,7,7
B00,7850101,,,,6.0,,,,,5.75,7.6,ttth,38,7
D01,7380107,7.5,,7.0,7.2,,,,,,,ttth,12,8
A01,7540204,,,8.6,7.6,,,,5.5,,,ttth,31,6
A00,7850101,,,,7.8,,,,6.25,5.25,,ttth,38,7
A00,7340301,,,,8.0,,,,7.25,8.0,,ttth,10,2
A01,7480201,,,8.2,7.75,,,,7.0,,,ttth,16,0
A00,7480201,,,,8.2,,,,6.5,8.0,,ttth,16,0
D01,7810202,7.0,,7.8,8.0,,,,,,,ttth,35,4
D07,7480201,,,5.8,7.25,,,,,7.8,,ttth,16,0
A00,7340301,,,,7.4,,,,8.0,8.75,,ttth,10,2
D01,7340201,6.6,,7.4,6.25,,,,,,,ttth,8,2
A01,7480201,,,6.4,7.0,,,,7.6,,,ttth,16,0
A00,7340120,,,,7.5,,,,8.0,7.8,,ttth,4,1
D15,7810201,6.0,4.2,7.75,,,,,,,,ttth,34,4
A01,7340115,,,8.0,7.0,,,,8.0,,,ttth,3,1
A01,7480201,,,7.8,7.25,,,,8.6,,,ttth,16,0
A01,7220204,,,7.4,7.4,,,,8.0,,,ttth,1,8
A01,7480202,,,8.4,7.75,,,,7.6,,,ttth,17,0
D01,7380107,7.0,,8.0,8.5,,,,,,,ttth,12,8
A01,7510203,,,6.2,7.4,,,,6.75,,,ttth,19,5
A00,7340122,,,,6.75,,,,7.0,8.0,,ttth,5,1
B00,7540101,,,,7.0,,,,,8.25,8.25,ttth,28,7
A00,7510301,,,,6.25,,,,7.5,7.6,,ttth,20,5
A00,7340201,,,,7.0,,,,6.25,7.6,,ttth,8,2
D01,7380107,7.25,,8.0,7.2,,,,,,,ttth,12,8
D01,7340101,7.0,,9.4,7.6,,,,,,,ttth,2,1
D01,7220201,8.0,,8.4,7.0,,,,,,,ttth,0,8
D01,7510301,4.75,,8.0,8.0,,,,,,,ttth,20,5
A00,7480202,,,,6.5,,,,7.75,8.0,,ttth,17,0
A01,7540101,,,7.6,7.0,,,,7.8,,,ttth,28,7
D01,7480202,5.4,,7.8,6.75,,,,,,,ttth,17,0
D01,7340201,7.5,,6.8,8.0,,,,,,,ttth,8,2
D01,7540204,5.8,,7.4,7.25,,,,,,,ttth,31,6
D01,7340129,8.0,,5.0,6.8,,,,,,,ttth,7,7
A00,7510202,,,,6.8,,,,6.0,6.75,,ttth,18,5
D01,7810201,5.0,,7.2,7.25,,,,,,,ttth,34,4
D01,7340301,8.6,,7.4,7.5,,,,,,,ttth,10,2
A00,7510401,,,,4.75,,,,4.5,7.4,,ttth,22,6
A00,7510303,,,,5.5,,,,7.0,6.6,,ttth,21,5
D07,7540101,,,7.4,8.0,,,,,8.4,,ttth,28,7
B00,7510401,,,,7.75,,,,,7.0,6.6,ttth,22,6
D01,7810103,7.5,,7.8,7.0,,,,,,,ttth,33,4
D01,7340129,7.2,,8.0,6.75,,,,,,,ttth,7,7
D01,7340120,6.75,,9.0,8.6,,,,,,,ttth,4,1
B00,7540101,,,,7.75,,,,,7.0,6.6,ttth,28,7
D01,7510301,5.6,,6.0,6.25,,,,,,,ttth,20,5
A00,7510203,,,,6.25,,,,6.75,7.0,,ttth,19,5
B00,7540101,,,,7.25,,,,,6.5,7.4,ttth,28,7
D07,7540101,,,7.6,8.5,,,,,8.2,,ttth,28,7
A00,7510301,,,,6.8,,,,7.25,7.25,,ttth,20,5
A00,7810201,,,,7.6,,,,7.5,7.25,,ttth,34,4
A00,7340201,,,,8.4,,,,6.75,8.25,,ttth,8,2
D01,7380107,7.6,,6.6,7.0,,,,,,,ttth,12,8
B00,7540101,,,,7.75,,,,,9.0,7.0,ttth,28,7
A01,7340120,,,7.4,6.75,,,,8.2,,,ttth,4,1
A00,7510301,,,,7.0,,,,6.5,5.5,,ttth,20,5
A00,7340201,,,,7.8,,,,7.0,8.0,,ttth,8,2
A01,7810201,,,8.4,7.0,,,,7.75,,,ttth,34,4
A00,7340201,,,,6.25,,,,7.25,7.6,,ttth,8,2
A00,7510203,,,,8.4,,,,7.5,7.5,,ttth,19,5
D01,7340115,7.8,,8.0,8.75,,,,,,,ttth,3,1
B00,7540101,,,,7.25,,,,,6.75,7.4,ttth,28,7
D01,7510303,7.25,,7.0,6.4,,,,,,,ttth,21,5
A00,7460108,,,,6.5,,,,7.0,7.4,,ttth,14,0
A00,7480201,,,,7.0,,,,8.75,7.4,,ttth,16,0
D01,7340301,7.2,,6.4,7.75,,,,,,,ttth,10,2
A00,7810202,,,,8.0,,,,7.0,7.5,,ttth,35,4
D01,7340101,6.6,,7.8,8.25,,,,,,,ttth,2,1
A00,7810202,,,,8.2,,,,7.0,7.25,,ttth,35,4
D07,7819010,,,7.2,6.25,,,,,3.8,,ttth,37,4
A00,7480202,,,,7.4,,,,6.25,6.25,,ttth,17,0
D07,7540106,,,5.8,7.2,,,,,5.0,,ttth,30,7
D01,7510202,7.0,,6.8,7.6,,,,,,,ttth,18,5
D01,7380107,5.0,,7.8,7.25,,,,,,,ttth,12,8
D07,7510401,,,7.4,6.25,,,,,6.2,,ttth,22,6
A01,7340115,,,7.0,8.5,,,,7.4,,,ttth,3,1
A00,7850101,,,,8.2,,,,5.75,8.0,,ttth,38,7
D01,7220201,6.6,,6.2,8.0,,,,,,,ttth,0,8
A01,7510203,,,6.8,6.0,,,,5.8,,,ttth,19,5
D01,7220204,6.4,,7.4,7.75,,,,,,,ttth,1,8
A00,7540101,,,,7.5,,,,7.5,8.2,,ttth,28,7
D01,7340101,7.0,,7.2,8.5,,,,,,,ttth,2,1
D01,7340101,6.6,,7.2,7.25,,,,,,,ttth,2,1
A00,7480201,,,,8.25,,,,7.75,7.8,,ttth,16,0
D01,7480202,5.5,,6.6,4.6,,,,,,,ttth,17,0
A00,7340101,,,,8.0,,,,7.5,8.75,,ttth,2,1
A00,7540106,,,,6.8,,,,6.5,7.0,,ttth,30,7
D01,7340115,8.6,,7.8,7.5,,,,,,,ttth,3,1
A00,7340301,,,,6.75,,,,7.5,7.4,,ttth,10,2
D01,7340115,7.25,,8.8,8.2,,,,,,,ttth,3,1
D01,7510301,7.25,,6.2,7.0,,,,,,,ttth,20,5
D01,7810201,6.0,,7.8,8.25,,,,,,,ttth,34,4
D01,7480201,6.75,,9.0,7.2,,,,,,,ttth,16,0
A00,7340120,,,,6.5,,,,7.25,7.6,,ttth,4,1
D01,7540204,6.4,,5.6,8.75,,,,,,,ttth,31,6
A00,7810201,,,,7.5,,,,8.0,7.2,,ttth,34,4
A00,7340115,,,,8.25,,,,7.75,7.8,,ttth,3,1
A01,7510303,,,7.4,8.0,,,,6.75,,,ttth,21,5
D01,7480201,6.8,,7.0,7.5,,,,,,,ttth,16,0
A00,7340301,,,,7.0,,,,7.5,8.25,,ttth,10,2
A00,7510301,,,,6.4,,,,6.0,5.25,,ttth,20,5
A01,7480201,,,8.8,7.2,,,,6.5,,,ttth,16,0
D15,7380107,7.75,6.0,7.75,,,,,,,,ttth,12,8
A01,7540204,,,7.0,6.5,,,,6.2,,,ttth,31,6
A00,7540101,,,,9.0,,,,7.75,8.75,,ttth,28,7
D07,7540101,,,8.4,8.2,,,,,8.0,,ttth,28,7
D01,7480201,8.25,,7.2,7.8,,,,,,,ttth,16,0
A01,7510406,,,5.8,5.0,,,,5.2,,,ttth,24,7
D01,7340123,7.0,,6.6,8.25,,,,,,,ttth,6,3
A00,7480201,,,,8.0,,,,5.75,8.0,,ttth,16,0
D01,7340115,8.0,,8.2,7.6,,,,,,,ttth,3,1
A00,7340120,,,,8.8,,,,7.0,7.5,,ttth,4,1
D01,7480201,7.75,,6.6,8.0,,,,,,,ttth,16,0
A01,7510203,,,8.2,5.25,,,,8.6,,,ttth,19,5
D01,7480202,6.25,,6.4,7.0,,,,,,,ttth,17,0
A00,7819009,,,,6.0,,,,5.0,7.0,,ttth,36,4
A00,7540101,,,,7.8,,,,7.25,8.5,,ttth,28,7
A00,7510301,,,,7.2,,,,5.75,7.5,,ttth,20,5
A00,7340201,,,,7.4,,,,7.75,7.75,,ttth,8,2
A00,7340101,,,,7.25,,,,7.0,7.6,,ttth,2,1
D01,7380107,7.4,,7.4,7.5,,,,,,,ttth,12,8
A00,7340101,,,,8.8,,,,6.75,8.5,,ttth,2,1
D01,7540204,8.0,,4.2,6.4,,,,,,,ttth,31,6
D01,7340301,8.0,,7.8,7.0,,,,,,,ttth,10,2
A00,7810202,,,,8.0,,,,7.5,6.75,,ttth,35,4
D15,7810201,5.25,6.2,8.25,,,,,,,,ttth,34,4
A00,7480202,,,,7.8,,,,7.0,7.0,,ttth,17,0
D01,7340115,7.6,,6.8,8.5,,,,,,,ttth,3,1
A00,7540101,,,,5.75,,,,8.0,7.6,,ttth,28,7
D01,7480202,7.6,,4.2,6.0,,,,,,,ttth,17,0
A01,7819009,,,6.0,6.25,,,,7.2,,,ttth,36,4
D01,7810201,4.6,,7.2,7.75,,,,,,,ttth,34,4
D07,7480201,,,9.2,7.0,,,,,7.75,,ttth,16,0
A00,7480201,,,,8.0,,,,7.75,8.5,,ttth,16,0
D07,7540106,,,7.0,5.75,,,,,7.2,,ttth,30,7
A00,7540106,,,,6.8,,,,6.0,8.75,,ttth,30,7
A01,7480201,,,8.2,7.8,,,,7.25,,,ttth,16,0
D01,7460108,3.4,,6.8,6.75,,,,,,,ttth,14,0
A00,7510202,,,,7.0,,,,6.0,7.0,,ttth,18,5
A00,7540101,,,,7.5,,,,7.25,8.0,,ttth,28,7
A00,7819009,,,,7.0,,,,6.75,7.0,,ttth,36,4
A00,7340301,,,,7.0,,,,7.75,8.25,,ttth,10,2
A00,7340101,,,,9.2,,,,8.25,7.75,,ttth,2,1
A01,7340115,,,8.2,7.5,,,,8.0,,,ttth,3,1
D15,7380107,7.75,5.0,8.5,,,,,,,,ttth,12,8
D01,7220201,6.5,,9.4,7.6,,,,,,,ttth,0,8
D01,7340101,7.75,,7.4,8.0,,,,,,,ttth,2,1
A00,7510406,,,,6.5,,,,6.25,7.4,,ttth,24,7
A01,7340120,,,7.2,7.0,,,,7.8,,,ttth,4,1
D01,7340101,4.8,,7.8,9.0,,,,,,,ttth,2,1
A01,7540106,,,6.4,5.5,,,,6.4,,,ttth,30,7
A00,7340101,,,,6.25,,,,7.75,7.4,,ttth,2,1
D01,7220201,8.2,,6.2,7.75,,,,,,,ttth,0,8
A00,7510303,,,,7.0,,,,7.25,6.4,,ttth,21,5
A00,7480201,,,,7.5,,,,6.75,7.4,,ttth,16,0
D01,7340120,6.6,,7.6,9.25,,,,,,,ttth,4,1
D01,7510303,6.8,,7.6,7.5,,,,,,,ttth,21,5
A00,7340301,,,,8.25,,,,8.0,7.0,,ttth,10,2
D07,7480201,,,8.6,8.75,,,,,7.8,,ttth,16,0
D09,7220201,,,7.4,9.25,,,6.8,,,,ttth,0,8
D01,7220201,8.25,,7.8,7.2,,,,,,,ttth,0,8
D01,7480201,8.75,,5.8,8.0,,,,,,,ttth,16,0
A00,7480202,,,,8.0,,,,8.25,8.25,,ttth,17,0
D01,7480202,6.25,,5.4,6.4,,,,,,,ttth,17,0
B00,7420201,,,,6.2,,,,,7.75,7.0,ttth,13,7
A00,7340120,,,,7.5,,,,8.25,8.0,,ttth,4,1
D07,7510203,,,7.2,7.5,,,,,7.2,,ttth,19,5
A00,7340101,,,,8.0,,,,7.5,7.75,,ttth,2,1
D01,7220201,6.8,,7.2,8.5,,,,,,,ttth,0,8
D01,7340101,8.8,,7.0,7.25,,,,,,,ttth,2,1
D01,7340129,6.4,,8.0,7.75,,,,,,,ttth,7,7
A00,7340301,,,,8.5,,,,7.0,8.4,,ttth,10,2
A00,7510303,,,,6.25,,,,6.0,5.6,,ttth,21,5
D01,7510203,5.5,,4.2,7.4,,,,,,,ttth,19,5
D07,7540106,,,8.4,8.0,,,,,8.0,,ttth,30,7
A00,7480201,,,,8.5,,,,7.75,8.2,,ttth,16,0
D01,7220201,8.0,,7.4,8.2,,,,,,,ttth,0,8
A00,7340122,,,,7.0,,,,6.75,7.8,,ttth,5,1
D01,7340120,6.6,,7.4,8.5,,,,,,,ttth,4,1
B00,7540101,,,,7.75,,,,,7.25,7.0,ttth,28,7
D01,7340120,6.4,,7.4,8.75,,,,,,,ttth,4,1
D01,7480201,8.0,,7.4,7.6,,,,,,,ttth,16,0
B00,7510401,,,,7.25,,,,,7.5,7.8,ttth,22,6
A01,7480201,,,7.6,7.5,,,,8.0,,,ttth,16,0
D07,7340205,,,6.4,7.25,,,,,6.4,,ttth,9,2
A00,7340201,,,,7.25,,,,8.0,8.8,,ttth,8,2
A00,7340301,,,,7.0,,,,7.5,7.75,,ttth,10,2
A00,7810202,,,,7.0,,,,8.0,7.6,,ttth,35,4
A00,7850101,,,,6.0,,,,5.25,6.2,,ttth,38,7
A00,7340129,,,,7.25,,,,7.0,7.8,,ttth,7,7
A01,7340301,,,8.2,7.6,,,,8.25,,,ttth,10,2
D01,7220201,8.6,,8.0,7.5,,,,,,,ttth,0,8
B00,7510401,,,,7.75,,,,,5.5,7.4,ttth,22,6
A00,7340101,,,,7.5,,,,7.25,6.8,,ttth,2,1
D01,7340201,7.0,,8.8,7.4,,,,,,,ttth,8,2
D01,7480202,6.0,,5.4,5.0,,,,,,,ttth,17,0
D01,7220204,8.4,,6.6,7.5,,,,,,,ttth,1,8
D01,7510303,5.2,,7.0,6.0,,,,,,,ttth,21,5
D01,7340115,7.6,,8.2,8.0,,,,,,,ttth,3,1
A00,7540204,,,,7.6,,,,7.5,6.0,,ttth,31,6
D01,7340101,6.2,,7.2,8.5,,,,,,,ttth,2,1
D01,7480201,6.5,,8.6,7.8,,,,,,,ttth,16,0
A00,7480201,,,,8.0,,,,8.75,8.6,,ttth,16,0
D01,7340120,7.0,,8.0,8.25,,,,,,,ttth,4,1
D01,7340201,7.2,,7.0,7.5,,,,,,,ttth,8,2
D01,7220201,6.8,,7.2,7.75,,,,,,,ttth,0,8
D01,7510203,5.2,,5.0,5.75,,,,,,,ttth,19,5
A01,7540101,,,8.0,7.5,,,,7.0,,,ttth,28,7
D01,7340120,8.6,,7.4,7.0,,,,,,,ttth,4,1
B00,7540105,,,,5.2,,,,,6.75,5.75,ttth,29,7
D01,7380107,7.5,,8.4,8.2,,,,,,,ttth,12,8
D01,7510202,5.2,,6.2,7.25,,,,,,,ttth,18,5
D15,7380107,7.0,7.0,6.25,,,,,,,,ttth,12,8
D15,7810201,7.5,6.8,7.0,,,,,,,,ttth,34,4
D01,7220201,8.2,,6.2,7.5,,,,,,,ttth,0,8
A01,7340101,,,8.8,7.25,,,,7.2,,,ttth,2,1
D01,7340120,7.0,,8.4,8.0,,,,,,,ttth,4,1
D01,7340120,8.0,,7.8,7.25,,,,,,,ttth,4,1
D01,7340115,7.2,,7.6,8.25,,,,,,,ttth,3,1
D01,7220201,7.25,,9.0,7.6,,,,,,,ttth,0,8
B00,7540101,,,,5.75,,,,,6.75,8.4,ttth,28,7
D07,7540101,,,8.2,7.75,,,,,7.8,,ttth,28,7
A00,7340301,,,,8.5,,,,7.0,8.0,,ttth,10,2
D01,7810103,8.0,,6.8,7.0,,,,,,,ttth,33,4
D01,7340201,7.25,,9.0,6.8,,,,,,,ttth,8,2
B00,7819010,,,,6.25,,,,,5.75,6.0,ttth,37,4
D01,7340301,7.4,,7.6,7.75,,,,,,,ttth,10,2
A00,7510303,,,,7.5,,,,7.75,8.4,,ttth,21,5
A00,7380107,,,,7.4,,,,5.75,8.25,,ttth,12,8
D15,7810202,7.0,5.8,6.5,,,,,,,,ttth,35,4
D01,7220201,8.8,,7.0,7.0,,,,,,,ttth,0,8
D01,7480202,5.0,,7.6,7.5,,,,,,,ttth,17,0
A00,7810202,,,,7.4,,,,7.75,7.75,,ttth,35,4
D01,7220201,7.6,,7.6,8.0,,,,,,,ttth,0,8
A00,7340115,,,,6.75,,,,7.75,7.6,,ttth,3,1
A00,7480201,,,,8.2,,,,7.75,8.0,,ttth,16,0
D01,7380107,7.0,,7.4,7.4,,,,,,,ttth,12,8
D01,7340120,7.0,,7.6,8.75,,,,,,,ttth,4,1
D07,7480201,,,8.8,8.2,,,,,8.0,,ttth,16,0
A00,7340201,,,,5.75,,,,8.0,7.8,,ttth,8,2
D01,7340201,7.2,,7.6,7.75,,,,,,,ttth,8,2
A00,7340129,,,,6.75,,,,8.0,8.6,,ttth,7,7
A00,7510203,,,,7.4,,,,6.75,7.75,,ttth,19,5
D01,7220204,6.2,,7.2,8.0,,,,,,,ttth,1,8
A00,7510301,,,,7.25,,,,6.0,7.8,,ttth,20,5
D07,7420201,,,7.6,6.25,,,,,7.6,,ttth,13,7
D07,7510301,,,7.8,6.8,,,,,7.75,,ttth,20,5
A00,7340201,,,,8.0,,,,6.75,7.6,,ttth,8,2
D01,7340120,6.75,,8.6,8.8,,,,,,,ttth,4,1
A00,7850101,,,,7.2,,,,5.5,6.0,,ttth,38,7
D01,7340115,8.6,,8.6,7.5,,,,,,,ttth,3,1
D01,7340201,8.5,,7.0,7.6,,,,,,,ttth,8,2
B00,7540101,,,,7.75,,,,,7.75,7.2,ttth,28,7
D01,7340201,8.0,,7.2,8.2,,,,,,,ttth,8,2
D01,7220201,8.0,,7.4,8.0,,,,,,,ttth,0,8
D01,7540204,4.8,,7.8,7.5,,,,,,,ttth,31,6
A00,7540101,,,,8.5,,,,7.0,7.8,,ttth,28,7
D01,7480201,7.0,,8.6,6.8,,,,,,,ttth,16,0
D15,7810201,6.5,6.6,7.25,,,,,,,,ttth,34,4
A00,7380107,,,,8.0,,,,8.0,7.0,,ttth,12,8
D01,7340115,8.0,,7.2,8.25,,,,,,,ttth,3,1
A00,7480202,,,,7.5,,,,8.0,8.2,,ttth,17,0
A00,7510303,,,,6.5,,,,6.75,7.8,,ttth,21,5
D01,7220204,8.25,,8.4,6.8,,,,,,,ttth,1,8
A00,7480201,,,,8.6,,,,6.5,7.25,,ttth,16,0
A00,7340101,,,,7.8,,,,7.75,8.0,,ttth,2,1
D01,7340301,7.0,,8.6,7.6,,,,,,,ttth,10,2
B00,7510401,,,,8.0,,,,,8.5,6.5,ttth,22,6
D01,7340101,7.6,,8.2,7.75,,,,,,,ttth,2,1
A00,7340120,,,,8.0,,,,6.75,8.4,,ttth,4,1
D07,7540101,,,6.8,7.25,,,,,7.0,,ttth,28,7
A00,7480201,,,,7.25,,,,7.75,8.4,,ttth,16,0
A00,7540106,,,,6.5,,,,7.75,6.8,,ttth,30,7
D01,7340201,7.4,,7.0,8.5,,,,,,,ttth,8,2
D01,7810201,4.6,,6.0,6.75,,,,,,,ttth,34,4
A00,7340101,,,,7.25,,,,8.0,7.2,,ttth,2,1
A00,7340115,,,,8.0,,,,7.25,8.0,,ttth,3,1
D09,7220201,,,6.6,8.75,,,9.8,,,,ttth,0,8
A00,7340101,,,,7.5,,,,8.25,7.4,,ttth,2,1
B00,7540101,,,,7.75,,,,,7.0,7.6,ttth,28,7
D09,7220201,,,7.4,8.5,,,7.0,,,,ttth,0,8
D07,7460108,,,6.8,5.75,,,,,7.8,,ttth,14,0
D01,7510301,7.4,,7.2,7.5,,,,,,,ttth,20,5
A00,7810201,,,,6.0,,,,8.25,6.6,,ttth,34,4
A00,7340201,,,,7.25,,,,8.0,8.0,,ttth,8,2
A01,7480202,,,6.8,8.0,,,,6.5,,,ttth,17,0
D01,7220204,6.75,,9.6,7.8,,,,,,,ttth,1,8
D01,7510303,5.4,,7.0,6.25,,,,,,,ttth,21,5
D01,7340101,7.75,,8.8,7.0,,,,,,,ttth,2,1
A00,7810202,,,,7.6,,,,7.75,7.5,,ttth,35,4
A00,7480201,,,,7.8,,,,6.75,7.25,,ttth,16,0
D01,7340120,8.2,,7.4,8.0,,,,,,,ttth,4,1
A01,7480201,,,8.0,7.0,,,,6.6,,,ttth,16,0
D01,7380107,8.8,,8.2,5.75,,,,,,,ttth,12,8
B00,7420201,,,,6.25,,,,,6.5,6.6,ttth,13,7
D01,7810201,7.0,,7.8,7.8,,,,,,,ttth,34,4
D01,7220204,8.4,,7.0,7.5,,,,,,,ttth,1,8
D07,7480201,,,7.6,8.0,,,,,7.8,,ttth,16,0
A00,7510401,,,,6.8,,,,5.5,6.25,,ttth,22,6
D01,7340120,7.8,,6.8,8.75,,,,,,,ttth,4,1
A01,7480201,,,8.0,7.8,,,,7.5,,,ttth,16,0
D01,7340122,9.0,,7.6,6.5,,,,,,,ttth,5,1
D01,7220204,8.8,,7.6,7.75,,,,,,,ttth,1,8
A00,7340101,,,,7.5,,,,8.0,7.6,,ttth,2,1
D15,7810103,6.75,6.8,7.25,,,,,,,,ttth,33,4
D01,7520115,5.0,,6.0,6.5,,,,,,,ttth,27,6
A00,7340129,,,,7.4,,,,6.0,6.75,,ttth,7,7
A00,7380107,,,,7.4,,,,5.75,7.75,,ttth,12,8
A00,7480201,,,,6.25,,,,7.5,7.0,,ttth,16,0
D01,7340101,6.4,,8.2,8.25,,,,,,,ttth,2,1
D01,7810201,8.0,,7.8,7.6,,,,,,,ttth,34,4
A00,7340120,,,,8.4,,,,9.0,7.0,,ttth,4,1
D15,7810103,6.25,3.4,8.25,,,,,,,,ttth,33,4
A00,7510303,,,,6.8,,,,4.75,6.75,,ttth,21,5
B00,7540106,,,,7.25,,,,,8.25,7.0,ttth,30,7
D07,7510303,,,7.6,8.6,,,,,8.0,,ttth,21,5
A00,7510401,,,,7.2,,,,7.25,7.25,,ttth,22,6
A00,7340201,,,,7.75,,,,7.0,7.4,,ttth,8,2
A00,7340115,,,,7.0,,,,8.25,7.6,,ttth,3,1
A00,7340120,,,,6.75,,,,7.75,7.6,,ttth,4,1
A00,7340201,,,,8.75,,,,7.0,7.6,,ttth,8,2
D07,7819010,,,5.8,6.25,,,,,6.4,,ttth,37,4
A01,7220201,,,8.8,8.0,,,,7.0,,,ttth,0,8
A00,7510303,,,,8.2,,,,7.75,7.25,,ttth,21,5
A00,7510301,,,,6.6,,,,7.5,7.25,,ttth,20,5
A01,7340115,,,7.8,6.5,,,,8.0,,,ttth,3,1
A01,7510303,,,7.2,5.5,,,,7.6,,,ttth,21,5
A01,7510203,,,6.8,8.4,,,,6.25,,,ttth,19,5
D01,7220204,6.8,,8.0,8.0,,,,,,,ttth,1,8
D01,7340115,7.4,,8.0,8.25,,,,,,,ttth,3,1
A01,7540101,,,8.0,6.75,,,,6.6,,,ttth,28,7
D01,7480202,7.0,,6.8,7.0,,,,,,,ttth,17,0
D01,7340122,6.6,,6.8,9.0,,,,,,,ttth,5,1
A00,7340201,,,,7.0,,,,6.75,6.4,,ttth,8,2
A00,7480201,,,,8.0,,,,7.25,7.75,,ttth,16,0
D01,7340115,7.6,,7.4,9.5,,,,,,,ttth,3,1
A00,7810103,,,,6.75,,,,6.0,5.4,,ttth,33,4
A00,7340123,,,,4.25,,,,6.25,7.2,,ttth,6,3
A00,7510301,,,,8.0,,,,5.5,5.5,,ttth,20,5
D01,7510301,6.25,,5.8,7.2,,,,,,,ttth,20,5
D01,7340201,7.75,,8.2,6.8,,,,,,,ttth,8,2
D01,7810202,6.0,,7.2,8.25,,,,,,,ttth,35,4
D01,7520115,4.2,,4.4,7.5,,,,,,,ttth,27,6
A00,7340301,,,,7.25,,,,6.5,6.4,,ttth,10,2
A00,7850101,,,,7.0,,,,5.75,4.0,,ttth,38,7
D07,7540101,,,8.2,8.5,,,,,8.2,,ttth,28,7
D01,7220201,7.5,,8.8,7.0,,,,,,,ttth,0,8
D01,7810201,6.0,,7.6,8.25,,,,,,,ttth,34,4
B00,7540101,,,,8.25,,,,,6.0,8.2,ttth,28,7
A00,7480201,,,,8.6,,,,6.75,7.75,,ttth,16,0
A00,7340101,,,,7.75,,,,8.0,8.2,,ttth,2,1
D01,7340101,6.8,,7.4,7.5,,,,,,,ttth,2,1
A00,7480201,,,,8.4,,,,7.75,8.0,,ttth,16,0
D01,7340301,6.6,,7.2,8.0,,,,,,,ttth,10,2
A01,7510203,,,8.0,6.8,,,,5.0,,,ttth,19,5
D07,7480201,,,7.8,7.75,,,,,7.4,,ttth,16,0
D15,7810201,7.75,5.2,6.0,,,,,,,,ttth,34,4
A00,7340115,,,,9.2,,,,7.5,7.75,,ttth,3,1
A00,7850101,,,,5.75,,,,5.0,6.2,,ttth,38,7
A00,7340101,,,,8.0,,,,7.75,8.0,,ttth,2,1
D09,7220201,,,7.6,9.5,,,7.2,,,,ttth,0,8
A00,7510303,,,,5.25,,,,6.75,6.8,,ttth,21,5
A01,7340115,,,7.8,7.25,,,,7.6,,,ttth,3,1
D01,7480201,8.2,,7.4,7.0,,,,,,,ttth,16,0
A00,7340201,,,,8.4,,,,7.5,7.0,,ttth,8,2
D01,7340301,6.8,,6.2,7.0,,,,,,,ttth,10,2
D01,7340122,7.6,,6.8,7.75,,,,,,,ttth,5,1
D01,7510203,6.0,,5.2,5.8,,,,,,,ttth,19,5
D01,7340201,7.8,,6.4,7.25,,,,,,,ttth,8,2
D01,7480201,7.0,,7.6,8.2,,,,,,,ttth,16,0
D01,7340201,6.4,,6.8,8.0,,,,,,,ttth,8,2
A01,7340115,,,8.6,8.25,,,,7.0,,,ttth,3,1
A01,7480201,,,8.0,8.25,,,,7.0,,,ttth,16,0
A00,7810103,,,,7.8,,,,7.5,6.75,,ttth,33,4
D01,7340201,5.6,,7.4,7.25,,,,,,,ttth,8,2
D01,7510203,6.75,,5.0,7.8,,,,,,,ttth,19,5
D01,7340115,9.2,,7.6,7.25,,,,,,,ttth,3,1
A00,7480202,,,,7.2,,,,5.75,7.5,,ttth,17,0
D01,7510303,7.5,,6.8,7.2,,,,,,,ttth,21,5
A00,7480201,,,,7.8,,,,7.25,6.75,,ttth,16,0
D01,7340301,6.8,,6.8,7.75,,,,,,,ttth,10,2
D01,7340120,8.2,,6.6,7.75,,,,,,,ttth,4,1
D01,7220204,7.25,,8.2,7.4,,,,,,,ttth,1,8
D01,7480201,7.25,,8.0,6.8,,,,,,,ttth,16,0
D01,7510203,6.4,,6.2,6.75,,,,,,,ttth,19,5
A01,7380107,,,7.4,6.5,,,,8.8,,,ttth,12,8
B00,7540101,,,,7.5,,,,,7.25,7.0,ttth,28,7
D01,7810103,5.8,,6.8,7.0,,,,,,,ttth,33,4
D01,7340120,7.6,,7.8,7.5,,,,,,,ttth,4,1
D01,7380107,8.0,,8.4,7.4,,,,,,,ttth,12,8
A00,7810103,,,,8.0,,,,7.5,7.2,,ttth,33,4
A00,7340201,,,,7.25,,,,7.5,8.4,,ttth,8,2
D01,7510202,4.0,,6.0,6.5,,,,,,,ttth,18,5
D01,7480201,7.4,,7.6,6.75,,,,,,,ttth,16,0
D01,7380107,6.6,,8.2,7.25,,,,,,,ttth,12,8
D01,7380107,5.8,,7.0,7.0,,,,,,,ttth,12,8
D01,7810103,5.2,,6.6,7.5,,,,,,,ttth,33,4
D01,7340101,8.2,,8.2,7.5,,,,,,,ttth,2,1
B00,7819009,,,,6.0,,,,,6.5,6.8,ttth,36,4
A00,7480201,,,,8.6,,,,7.0,7.5,,ttth,16,0
B00,7819009,,,,6.75,,,,,5.5,6.8,ttth,36,4
D01,7460108,5.4,,6.0,6.0,,,,,,,ttth,14,0
A00,7810201,,,,5.75,,,,8.25,7.6,,ttth,34,4
A00,7520115,,,,6.0,,,,6.0,7.2,,ttth,27,6
D01,7340120,8.2,,7.0,7.0,,,,,,,ttth,4,1
D01,7340120,7.75,,8.2,7.6,,,,,,,ttth,4,1
A00,7340301,,,,7.0,,,,7.5,7.6,,ttth,10,2
A00,7480201,,,,8.0,,,,7.75,7.2,,ttth,16,0
A00,7510303,,,,8.6,,,,6.75,7.25,,ttth,21,5
D01,7340120,7.5,,9.0,7.6,,,,,,,ttth,4,1
D07,7850101,,,5.0,6.8,,,,,6.75,,ttth,38,7
D01,7510303,5.8,,7.6,7.5,,,,,,,ttth,21,5
D01,7340201,7.5,,7.6,7.8,,,,,,,ttth,8,2
D07,7540101,,,7.2,7.75,,,,,7.8,,ttth,28,7
A00,7810103,,,,8.25,,,,7.5,7.6,,ttth,33,4
D07,7480201,,,8.8,8.0,,,,,8.0,,ttth,16,0
D01,7340115,8.0,,8.0,8.0,,,,,,,ttth,3,1
D01,7520115,5.2,,7.4,6.0,,,,,,,ttth,27,6
D01,7510301,6.75,,5.4,6.4,,,,,,,ttth,20,5
D01,7380107,6.0,,8.2,7.75,,,,,,,ttth,12,8
A00,7510401,,,,6.25,,,,7.5,7.2,,ttth,22,6
A01,7340201,,,8.8,8.2,,,,7.5,,,ttth,8,2
D01,7510203,4.0,,6.4,6.0,,,,,,,ttth,19,5
D07,7480202,,,6.4,6.75,,,,,8.4,,ttth,17,0
D01,7510301,6.25,,7.6,7.6,,,,,,,ttth,20,5
D01,7480201,7.6,,7.4,6.25,,,,,,,ttth,16,0
D01,7480201,5.0,,8.4,8.25,,,,,,,ttth,16,0
D01,7220204,8.25,,6.6,7.8,,,,,,,ttth,1,8
D01,7340101,8.0,,7.6,7.8,,,,,,,ttth,2,1
A00,7819010,,,,5.5,,,,7.5,5.8,,ttth,37,4
A00,7340101,,,,8.2,,,,7.0,8.0,,ttth,2,1
D01,7520115,4.8,,6.6,6.25,,,,,,,ttth,27,6
D01,7220201,6.5,,9.4,8.4,,,,,,,ttth,0,8
D01,7340120,6.6,,6.8,8.0,,,,,,,ttth,4,1
A00,7480202,,,,8.0,,,,6.0,7.6,,ttth,17,0
B00,7420201,,,,7.4,,,,,6.0,6.25,ttth,13,7
A00,7540101,,,,8.0,,,,8.5,7.2,,ttth,28,7
D01,7340115,7.6,,7.6,7.25,,,,,,,ttth,3,1
A00,7480202,,,,7.75,,,,6.25,8.6,,ttth,17,0
A00,7510401,,,,5.75,,,,7.25,7.8,,ttth,22,6
D01,7340115,8.0,,7.6,8.4,,,,,,,ttth,3,1
D01,7810201,7.8,,7.4,7.75,,,,,,,ttth,34,4
B00,7540106,,,,7.75,,,,,6.75,5.8,ttth,30,7
D01,7810202,6.8,,7.6,8.5,,,,,,,ttth,35,4
B00,7510401,,,,6.75,,,,,4.5,7.0,ttth,22,6
A00,7510303,,,,7.0,,,,7.25,7.2,,ttth,21,5
D01,7380107,6.8,,7.2,8.0,,,,,,,ttth,12,8
D01,7340129,7.0,,8.0,7.25,,,,,,,ttth,7,7
D01,7220204,8.0,,7.8,7.5,,,,,,,ttth,1,8
A00,7340120,,,,7.75,,,,7.5,7.4,,ttth,4,1
A00,7340129,,,,7.0,,,,6.75,8.0,,ttth,7,7
A00,7540105,,,,6.2,,,,7.0,7.0,,ttth,29,7
A00,7340301,,,,7.25,,,,7.25,7.4,,ttth,10,2
A00,7540101,,,,6.5,,,,7.75,7.8,,ttth,28,7
D15,7810202,6.5,5.2,7.5,,,,,,,,ttth,35,4
D01,7340129,6.8,,7.0,8.0,,,,,,,ttth,7,7
A01,7540106,,,7.2,7.75,,,,5.8,,,ttth,30,7
A00,7340201,,,,7.0,,,,6.75,7.2,,ttth,8,2
D01,7510203,7.0,,7.0,7.6,,,,,,,ttth,19,5
A00,7340101,,,,7.5,,,,7.5,7.6,,ttth,2,1
A00,7819010,,,,7.0,,,,6.25,6.6,,ttth,37,4
D01,7480201,7.4,,7.4,8.5,,,,,,,ttth,16,0
A00,7340122,,,,7.75,,,,8.0,7.8,,ttth,5,1
D07,7480201,,,7.0,8.0,,,,,7.8,,ttth,16,0
B00,7420201,,,,7.75,,,,,6.5,7.6,ttth,13,7
D01,7380107,7.5,,8.4,6.0,,,,,,,ttth,12,8
A00,7340115,,,,6.75,,,,9.0,7.0,,ttth,3,1
A01,7480202,,,7.8,7.5,,,,7.8,,,ttth,17,0
A00,7510203,,,,7.4,,,,7.75,6.0,,ttth,19,5
D01,7480201,8.4,,7.8,5.25,,,,,,,ttth,16,0
A00,7340201,,,,5.75,,,,7.25,7.0,,ttth,8,2
D07,7510401,,,8.6,6.25,,,,,6.2,,ttth,22,6
A00,7510301,,,,8.0,,,,6.25,7.25,,ttth,20,5
A00,7480201,,,,8.0,,,,7.75,7.6,,ttth,16,0
D01,7810201,5.8,,6.8,6.75,,,,,,,ttth,34,4
A01,7340301,,,6.8,7.5,,,,6.6,,,ttth,10,2
A00,7510202,,,,6.5,,,,7.5,6.8,,ttth,18,5
A00,7340201,,,,7.5,,,,7.5,7.2,,ttth,8,2
A01,7480201,,,8.4,7.6,,,,6.75,,,ttth,16,0
A00,7340201,,,,7.75,,,,7.5,8.0,,ttth,8,2
D01,7220201,7.2,,7.4,9.0,,,,,,,ttth,0,8
A00,7340115,,,,7.75,,,,7.75,8.6,,ttth,3,1
A01,7480201,,,9.0,8.2,,,,6.5,,,ttth,16,0
A00,7510301,,,,7.5,,,,7.0,8.2,,ttth,20,5
A00,7540105,,,,8.2,,,,4.75,7.5,,ttth,29,7
D07,7420201,,,6.6,6.75,,,,,7.0,,ttth,13,7
D01,7510203,6.0,,4.2,6.0,,,,,,,ttth,19,5
A01,7340115,,,8.6,7.5,,,,8.6,,,ttth,3,1
D01,7810201,7.6,,7.2,7.0,,,,,,,ttth,34,4
D01,7480201,6.2,,7.8,7.25,,,,,,,ttth,16,0
D01,7480201,7.75,,8.4,6.4,,,,,,,ttth,16,0
D01,7340101,6.0,,7.8,8.75,,,,,,,ttth,2,1
A00,7540204,,,,6.6,,,,5.5,7.25,,ttth,31,6
D01,7220201,8.2,,7.8,8.25,,,,,,,ttth,0,8
D01,7510203,6.5,,6.4,8.0,,,,,,,ttth,19,5
A00,7819009,,,,5.75,,,,6.5,6.0,,ttth,36,4
A00,7540106,,,,7.8,,,,5.5,6.5,,ttth,30,7
D01,7340115,6.6,,8.4,9.5,,,,,,,ttth,3,1
B00,7420201,,,,6.0,,,,,7.75,7.0,ttth,13,7
D01,7510301,5.75,,8.8,4.6,,,,,,,ttth,20,5
A00,7510303,,,,6.5,,,,7.25,8.4,,ttth,21,5
D01,7480202,6.0,,7.0,7.0,,,,,,,ttth,17,0
A01,7340301,,,7.6,7.0,,,,7.4,,,ttth,10,2
A00,7540101,,,,7.0,,,,7.25,7.4,,ttth,28,7
D01,7480201,6.4,,7.6,7.5,,,,,,,ttth,16,0
D01,7340115,8.6,,7.0,8.0,,,,,,,ttth,3,1
D01,7340115,6.0,,7.2,9.0,,,,,,,ttth,3,1
A00,7380107,,,,7.5,,,,7.5,6.6,,ttth,12,8
D07,7540106,,,7.4,6.5,,,,,5.0,,ttth,30,7
D01,7220204,7.6,,7.6,8.25,,,,,,,ttth,1,8
A00,7510203,,,,7.0,,,,5.75,8.5,,ttth,19,5
A00,7340122,,,,7.0,,,,7.25,7.8,,ttth,5,1
D01,7340101,8.4,,7.2,7.0,,,,,,,ttth,2,1
A00,7510303,,,,7.2,,,,6.75,6.75,,ttth,21,5
A00,7510303,,,,7.8,,,,6.5,6.25,,ttth,21,5
D01,7340120,7.0,,7.2,7.75,,,,,,,ttth,4,1
D01,7460108,4.8,,5.8,8.0,,,,,,,ttth,14,0
D01,7220204,8.0,,8.0,8.4,,,,,,,ttth,1,8
A01,7340301,,,7.6,7.75,,,,7.4,,,ttth,10,2
A00,7540101,,,,7.75,,,,8.5,7.8,,ttth,28,7
D01,7380107,6.8,,8.8,7.5,,,,,,,ttth,12,8
A00,7340201,,,,8.8,,,,7.75,8.25,,ttth,8,2
D01,7480201,7.4,,7.6,7.25,,,,,,,ttth,16,0
D01,7510301,6.0,,7.6,7.75,,,,,,,ttth,20,5
D01,7480201,6.75,,8.8,7.8,,,,,,,ttth,16,0
A00,7810202,,,,8.25,,,,7.25,6.4,,ttth,35,4
D01,7510203,7.4,,6.6,4.25,,,,,,,ttth,19,5
D01,7510301,6.4,,7.0,8.5,,,,,,,ttth,20,5
D01,7340201,8.25,,7.6,8.0,,,,,,,ttth,8,2
D07,7540101,,,9.0,7.8,,,,,8.0,,ttth,28,7
A00,7480202,,,,6.75,,,,8.25,8.4,,ttth,17,0
A00,7340115,,,,8.5,,,,8.75,7.8,,ttth,3,1
B00,7540101,,,,7.25,,,,,7.25,7.6,ttth,28,7
B00,7420201,,,,8.0,,,,,7.5,7.25,ttth,13,7
A01,7340120,,,7.6,7.75,,,,8.0,,,ttth,4,1
A00,7340101,,,,8.0,,,,6.0,8.6,,ttth,2,1
A01,7540101,,,9.0,7.4,,,,8.25,,,ttth,28,7
D01,7340201,6.0,,6.0,8.0,,,,,,,ttth,8,2
A00,7510203,,,,6.8,,,,6.0,7.0,,ttth,19,5
D07,7510401,,,7.2,7.0,,,,,6.4,,ttth,22,6
A01,7480201,,,8.0,9.25,,,,8.6,,,ttth,16,0
D01,7480201,6.75,,8.6,8.0,,,,,,,ttth,16,0
D07,7480201,,,7.8,8.0,,,,,7.2,,ttth,16,0
A00,7540101,,,,7.25,,,,7.0,6.8,,ttth,28,7
A01,7510203,,,7.2,7.25,,,,7.6,,,ttth,19,5
A00,7340120,,,,8.25,,,,7.75,8.2,,ttth,4,1
A01,7480201,,,9.4,7.0,,,,7.25,,,ttth,16,0
D01,7380107,5.8,,6.8,9.25,,,,,,,ttth,12,8
A01,7480202,,,6.0,6.8,,,,6.75,,,ttth,17,0
D01,7810202,7.0,,7.0,8.2,,,,,,,ttth,35,4
D01,7540204,4.6,,7.0,7.0,,,,,,,ttth,31,6
D01,7510303,6.25,,3.4,8.4,,,,,,,ttth,21,5
B00,7540106,,,,6.0,,,,,6.5,6.6,ttth,30,7
A00,7540101,,,,7.0,,,,7.0,6.8,,ttth,28,7
D01,7380107,7.5,,7.0,7.4,,,,,,,ttth,12,8
A00,7340129,,,,7.5,,,,7.0,7.8,,ttth,7,7
A00,7340301,,,,7.0,,,,7.25,7.4,,ttth,10,2
A00,7340129,,,,7.5,,,,8.0,7.4,,ttth,7,7
B00,7420201,,,,5.5,,,,,7.0,6.6,ttth,13,7
D01,7340301,7.0,,7.8,8.2,,,,,,,ttth,10,2
D01,7340120,9.0,,6.8,7.8,,,,,,,ttth,4,1
D01,7340201,6.8,,7.2,6.75,,,,,,,ttth,8,2
B00,7420201,,,,7.6,,,,,7.5,6.25,ttth,13,7
D01,7340101,6.2,,7.8,9.0,,,,,,,ttth,2,1
D01,7340301,7.4,,6.8,6.5,,,,,,,ttth,10,2
D01,7340301,6.8,,7.4,6.5,,,,,,,ttth,10,2
D01,7220204,8.75,,7.4,6.6,,,,,,,ttth,1,8
D01,7810201,6.0,,8.6,8.0,,,,,,,ttth,34,4
D01,7810201,4.6,,6.8,7.0,,,,,,,ttth,34,4
D09,7220201,,,6.6,7.75,,,6.8,,,,ttth,0,8
A00,7480202,,,,8.25,,,,7.25,7.0,,ttth,17,0
D01,7340301,6.75,,8.8,7.8,,,,,,,ttth,10,2
D01,7510202,5.5,,5.6,6.8,,,,,,,ttth,18,5
A00,7340101,,,,7.8,,,,7.0,8.5,,ttth,2,1
A00,7340129,,,,7.25,,,,8.25,8.2,,ttth,7,7
A00,7340101,,,,7.75,,,,7.5,8.4,,ttth,2,1
D01,7340129,7.75,,5.8,6.8,,,,,,,ttth,7,7
A01,7810103,,,8.0,8.4,,,,6.5,,,ttth,33,4
B00,7819010,,,,4.5,,,,,7.0,5.8,ttth,37,4
A00,7540101,,,,7.25,,,,8.0,6.8,,ttth,28,7
D01,7510202,6.2,,7.0,7.5,,,,,,,ttth,18,5
B00,7540101,,,,8.25,,,,,7.5,7.4,ttth,28,7
A00,7810202,,,,6.5,,,,5.5,7.4,,ttth,35,4
A00,7480201,,,,7.4,,,,7.25,7.5,,ttth,16,0
D01,7340115,7.2,,8.0,8.75,,,,,,,ttth,3,1
D07,7540204,,,6.6,8.0,,,,,6.0,,ttth,31,6
D01,7520115,5.2,,6.0,7.0,,,,,,,ttth,27,6
D01,7340101,6.6,,7.0,8.25,,,,,,,ttth,2,1
A00,7340205,,,,7.5,,,,7.25,7.2,,ttth,9,2
D01,7510203,5.75,,4.8,5.6,,,,,,,ttth,19,5
A01,7480201,,,8.4,7.4,,,,7.75,,,ttth,16,0
A01,7810103,,,8.0,8.0,,,,6.75,,,ttth,33,4
B00,7510401,,,,7.4,,,,,7.0,6.25,ttth,22,6
D01,7480201,7.4,,7.8,8.5,,,,,,,ttth,16,0
D01,7480202,6.0,,6.4,5.6,,,,,,,ttth,17,0
A01,7480201,,,8.0,7.6,,,,8.0,,,ttth,16,0
A00,7340120,,,,7.5,,,,7.75,7.6,,ttth,4,1
A00,7340201,,,,7.6,,,,7.25,8.0,,ttth,8,2
A01,7220201,,,8.8,7.8,,,,6.5,,,ttth,0,8
D01,7340129,6.2,,6.6,8.25,,,,,,,ttth,7,7
D01,7480201,5.6,,8.8,9.0,,,,,,,ttth,16,0
A00,7480202,,,,7.2,,,,6.25,6.25,,ttth,17,0
A01,7510202,,,7.6,8.0,,,,6.0,,,ttth,18,5
A00,7380107,,,,6.25,,,,7.25,6.6,,ttth,12,8
A00,7340120,,,,7.75,,,,9.0,7.4,,ttth,4,1
A01,7340205,,,7.8,6.5,,,,8.6,,,ttth,9,2
A00,7510303,,,,7.0,,,,5.25,4.75,,ttth,21,5
A01,7540101,,,7.0,6.5,,,,8.2,,,ttth,28,7
A00,7340122,,,,8.0,,,,8.0,6.6,,ttth,5,1
D01,7340301,7.25,,7.8,8.0,,,,,,,ttth,10,2
D01,7480201,7.2,,8.0,8.75,,,,,,,ttth,16,0
D01,7220204,6.4,,7.8,8.25,,,,,,,ttth,1,8
A00,7340201,,,,6.25,,,,7.25,7.2,,ttth,8,2
D01,7340129,7.0,,7.4,7.4,,,,,,,ttth,7,7
A00,7510301,,,,6.8,,,,6.0,8.0,,ttth,20,5
A00,7510203,,,,6.25,,,,6.25,7.4,,ttth,19,5
A01,7510202,,,8.4,7.2,,,,5.75,,,ttth,18,5
A00,7480201,,,,8.5,,,,8.25,7.2,,ttth,16,0
D01,7510303,6.75,,3.8,7.4,,,,,,,ttth,21,5
D01,7810201,6.8,,7.4,7.5,,,,,,,ttth,34,4
D01,7510202,3.2,,6.0,7.0,,,,,,,ttth,18,5
A00,7480201,,,,7.25,,,,8.25,7.6,,ttth,16,0
A01,7540101,,,7.4,6.5,,,,8.4,,,ttth,28,7
A00,7480201,,,,6.5,,,,7.25,8.0,,ttth,16,0
D01,7220204,7.8,,7.0,7.25,,,,,,,ttth,1,8
D01,7220204,7.5,,8.0,7.4,,,,,,,ttth,1,8
D01,7810202,7.5,,6.4,8.2,,,,,,,ttth,35,4
A00,7540101,,,,8.0,,,,7.5,7.6,,ttth,28,7
D01,7340301,7.5,,7.6,7.2,,,,,,,ttth,10,2
B00,7540101,,,,7.0,,,,,7.5,7.6,ttth,28,7
A00,7340115,,,,7.0,,,,7.25,9.0,,ttth,3,1
D01,7340115,6.8,,8.2,8.75,,,,,,,ttth,3,1
A00,7340120,,,,6.5,,,,7.25,8.0,,ttth,4,1
D09,7220204,,,6.6,8.5,,,5.8,,,,ttth,1,8
B00,7420201,,,,7.75,,,,,7.0,6.8,ttth,13,7
B00,7819010,,,,7.75,,,,,7.5,7.8,ttth,37,4
A00,7819009,,,,6.0,,,,7.0,6.0,,ttth,36,4
A00,7480202,,,,7.5,,,,6.0,6.8,,ttth,17,0
D01,7220204,7.2,,7.0,7.5,,,,,,,ttth,1,8
D01,7510301,6.25,,4.8,6.4,,,,,,,ttth,20,5
A01,7340201,,,6.8,8.6,,,,7.25,,,ttth,8,2
D01,7380107,8.2,,7.8,6.0,,,,,,,ttth,12,8
D01,7810201,5.4,,7.0,6.25,,,,,,,ttth,34,4
D01,7480201,6.6,,7.2,8.0,,,,,,,ttth,16,0
A00,7480201,,,,8.0,,,,7.5,7.0,,ttth,16,0
D07,7420201,,,7.6,6.75,,,,,8.0,,ttth,13,7
A01,7340101,,,8.4,8.6,,,,8.0,,,ttth,2,1
A00,7380107,,,,8.2,,,,7.0,7.75,,ttth,12,8
D07,7540106,,,7.0,7.0,,,,,7.5,,ttth,30,7
D01,7340120,7.2,,8.0,8.75,,,,,,,ttth,4,1
D01,7340101,7.0,,7.8,7.0,,,,,,,ttth,2,1
D01,7480202,4.8,,8.0,7.5,,,,,,,ttth,17,0
A00,7340301,,,,7.25,,,,7.0,7.8,,ttth,10,2
B00,7540101,,,,8.5,,,,,9.25,8.2,ttth,28,7
D01,7340122,8.4,,7.6,7.25,,,,,,,ttth,5,1
D07,7480201,,,8.2,8.0,,,,,7.5,,ttth,16,0
A01,7480201,,,8.2,8.5,,,,8.8,,,ttth,16,0
D07,7540101,,,7.2,7.0,,,,,7.6,,ttth,28,7
A00,7480202,,,,7.0,,,,6.75,7.0,,ttth,17,0
D01,7480202,7.2,,6.0,6.5,,,,,,,ttth,17,0
D01,7220204,7.4,,6.4,8.5,,,,,,,ttth,1,8
D01,7520115,5.2,,6.6,9.0,,,,,,,ttth,27,6
A00,7540101,,,,7.25,,,,7.25,7.4,,ttth,28,7
D01,7340301,7.4,,7.6,9.0,,,,,,,ttth,10,2
D01,7540204,7.25,,4.0,6.8,,,,,,,ttth,31,6
D07,7540101,,,6.8,6.5,,,,,8.4,,ttth,28,7
A01,7540101,,,7.2,7.0,,,,7.2,,,ttth,28,7
A00,7340301,,,,7.4,,,,7.5,7.5,,ttth,10,2
D01,7480201,8.0,,7.8,7.5,,,,,,,ttth,16,0
A00,7340301,,,,7.25,,,,7.75,7.4,,ttth,10,2
D01,7220201,8.0,,8.8,7.2,,,,,,,ttth,0,8
A00,7340301,,,,8.4,,,,8.5,8.0,,ttth,10,2
A01,7220201,,,8.2,8.5,,,,8.0,,,ttth,0,8
A00,7510303,,,,8.5,,,,8.0,7.6,,ttth,21,5
A00,7810202,,,,7.8,,,,6.5,7.75,,ttth,35,4
D01,7340101,7.0,,7.6,9.0,,,,,,,ttth,2,1
D01,7220201,8.2,,8.0,7.5,,,,,,,ttth,0,8
A00,7340301,,,,6.25,,,,7.75,7.8,,ttth,10,2
D01,7340120,8.0,,7.4,8.0,,,,,,,ttth,4,1
D01,7340120,6.4,,7.4,8.0,,,,,,,ttth,4,1
A00,7510303,,,,7.0,,,,6.5,7.8,,ttth,21,5
A01,7480201,,,8.4,7.6,,,,6.5,,,ttth,16,0
D01,7810103,5.2,,7.0,8.0,,,,,,,ttth,33,4
A00,7810201,,,,7.0,,,,7.0,7.8,,ttth,34,4
D01,7810103,7.0,,7.2,7.0,,,,,,,ttth,33,4
A01,7540101,,,7.0,7.5,,,,7.0,,,ttth,28,7
D01,7380107,6.0,,8.4,7.6,,,,,,,ttth,12,8
D01,7380107,6.2,,7.2,6.75,,,,,,,ttth,12,8
D01,7220201,6.6,,7.4,8.0,,,,,,,ttth,0,8
D01,7480202,6.0,,8.2,4.8,,,,,,,ttth,17,0
A01,7510301,,,8.0,6.4,,,,6.25,,,ttth,20,5
D01,7340101,8.0,,6.4,7.25,,,,,,,ttth,2,1
A01,7480202,,,7.6,6.75,,,,8.2,,,ttth,17,0
A00,7480201,,,,8.6,,,,7.75,7.5,,ttth,16,0
D01,7480201,7.5,,7.4,8.2,,,,,,,ttth,16,0
A00,7340301,,,,8.2,,,,7.25,7.75,,ttth,10,2
A00,7340101,,,,8.4,,,,7.0,8.75,,ttth,2,1
A00,7480201,,,,7.8,,,,6.75,7.75,,ttth,16,0
A01,7220201,,,7.2,8.75,,,,8.8,,,ttth,0,8
B00,7510401,,,,6.75,,,,,6.25,7.2,ttth,22,6
A00,7340201,,,,8.75,,,,7.25,7.8,,ttth,8,2
D01,7380107,6.75,,9.0,7.0,,,,,,,ttth,12,8
A00,7340122,,,,7.75,,,,6.75,7.6,,ttth,5,1
D07,7480201,,,7.2,8.0,,,,,7.2,,ttth,16,0
A00,7510202,,,,5.25,,,,6.0,6.6,,ttth,18,5
D01,7810103,5.2,,6.6,8.5,,,,,,,ttth,33,4
D15,7380107,6.75,7.6,5.25,,,,,,,,ttth,12,8
D01,7520115,4.6,,7.0,6.5,,,,,,,ttth,27,6
D15,7810201,7.0,6.8,7.5,,,,,,,,ttth,34,4
A00,7340120,,,,7.75,,,,7.5,8.0,,ttth,4,1
A00,7340301,,,,8.0,,,,6.25,8.75,,ttth,10,2
B00,7420201,,,,6.6,,,,,5.5,5.75,ttth,13,7
A00,7340115,,,,8.0,,,,7.75,8.2,,ttth,3,1
D01,7340123,6.2,,6.4,6.25,,,,,,,ttth,6,3
B00,7420201,,,,5.6,,,,,5.75,6.25,ttth,13,7
A00,7520115,,,,6.25,,,,7.25,7.6,,ttth,27,6
D01,7810201,7.75,,7.8,8.4,,,,,,,ttth,34,4
D01,7340101,6.0,,6.8,8.75,,,,,,,ttth,2,1
A00,7340120,,,,7.0,,,,6.75,7.8,,ttth,4,1
B00,7420201,,,,7.75,,,,,7.25,6.6,ttth,13,7
D01,7810201,8.5,,7.6,7.2,,,,,,,ttth,34,4
A00,7340123,,,,6.25,,,,4.5,7.6,,ttth,6,3
A00,7340101,,,,6.25,,,,6.75,7.8,,ttth,2,1
D01,7220201,9.0,,8.4,8.0,,,,,,,ttth,0,8
A00,7540106,,,,8.0,,,,6.25,7.25,,ttth,30,7
A00,7510203,,,,8.4,,,,6.75,6.75,,ttth,19,5
D07,7510203,,,6.2,7.5,,,,,7.8,,ttth,19,5
A00,7480201,,,,7.6,,,,7.25,7.75,,ttth,16,0
A00,7340120,,,,7.5,,,,7.5,8.8,,ttth,4,1
A01,7340115,,,7.8,7.5,,,,7.6,,,ttth,3,1
D09,7220204,,,7.4,9.0,,,5.0,,,,ttth,1,8
D01,7340201,7.25,,7.2,7.6,,,,,,,ttth,8,2
D01,7810201,8.6,,6.2,6.75,,,,,,,ttth,34,4
A01,7340101,,,7.8,7.8,,,,7.5,,,ttth,2,1
A01,7510301,,,8.0,4.2,,,,5.75,,,ttth,20,5
A00,7510203,,,,7.2,,,,7.75,6.5,,ttth,19,5
A00,7420201,,,,7.0,,,,6.5,8.0,,ttth,13,7
A00,7510303,,,,6.75,,,,7.75,7.4,,ttth,21,5
A00,7340201,,,,8.0,,,,7.0,7.5,,ttth,8,2
A01,7340301,,,7.4,8.0,,,,8.0,,,ttth,10,2
A00,7510303,,,,6.25,,,,5.5,5.0,,ttth,21,5
D15,7810103,7.5,5.0,6.75,,,,,,,,ttth,33,4
A00,7510401,,,,7.4,,,,6.0,7.5,,ttth,22,6
D07,7480201,,,7.6,7.5,,,,,8.2,,ttth,16,0
D01,7340115,7.8,,7.2,8.5,,,,,,,ttth,3,1
D01,7510202,7.2,,6.0,5.25,,,,,,,ttth,18,5
A00,7340101,,,,8.25,,,,8.0,7.8,,ttth,2,1
D01,7220201,9.0,,7.2,7.5,,,,,,,ttth,0,8
A00,7380107,,,,7.25,,,,6.25,8.2,,ttth,12,8
A01,7420201,,,5.0,6.6,,,,6.25,,,ttth,13,7
D01,7510303,6.2,,6.8,6.5,,,,,,,ttth,21,5
A00,7810202,,,,7.8,,,,6.75,8.25,,ttth,35,4
A00,7520115,,,,6.25,,,,5.75,7.6,,ttth,27,6
A00,7480201,,,,7.5,,,,8.0,8.0,,ttth,16,0
A01,7480201,,,9.0,6.8,,,,6.5,,,ttth,16,0
D01,7540204,8.0,,6.6,8.0,,,,,,,ttth,31,6
A00,7540101,,,,7.75,,,,7.0,8.0,,ttth,28,7
D15,7810103,7.0,5.8,8.75,,,,,,,,ttth,33,4
A01,7480201,,,8.0,7.6,,,,7.25,,,ttth,16,0
A00,7340205,,,,6.75,,,,6.5,8.2,,ttth,9,2
A01,7480201,,,7.8,8.0,,,,7.8,,,ttth,16,0
D01,7340201,7.5,,7.8,8.0,,,,,,,ttth,8,2
A01,7810201,,,7.0,8.0,,,,6.2,,,ttth,34,4
D01,7480202,6.6,,6.4,6.75,,,,,,,ttth,17,0
D01,7220201,8.25,,8.6,6.6,,,,,,,ttth,0,8
A01,7340120,,,7.6,7.75,,,,9.0,,,ttth,4,1
D07,7480201,,,8.4,7.75,,,,,6.6,,ttth,16,0
A01,7540106,,,7.6,7.25,,,,6.8,,,ttth,30,7
A01,7220201,,,9.0,7.8,,,,6.5,,,ttth,0,8
A01,7380107,,,8.2,7.5,,,,7.6,,,ttth,12,8
D01,7340201,5.2,,7.2,7.75,,,,,,,ttth,8,2
D01,7220204,7.5,,8.4,7.8,,,,,,,ttth,1,8
A00,7340205,,,,8.25,,,,7.75,7.6,,ttth,9,2
D01,7220204,6.5,,8.6,7.4,,,,,,,ttth,1,8
A01,7340120,,,7.8,6.5,,,,8.2,,,ttth,4,1
A00,7540106,,,,6.75,,,,7.5,6.2,,ttth,30,7
A00,7540106,,,,7.4,,,,5.25,8.75,,ttth,30,7
A00,7510301,,,,6.75,,,,7.5,7.4,,ttth,20,5
D01,7510301,5.5,,3.2,7.8,,,,,,,ttth,20,5
D01,7510203,6.8,,7.6,6.75,,,,,,,ttth,19,5
A00,7480201,,,,8.4,,,,6.5,7.0,,ttth,16,0
A00,7340205,,,,6.25,,,,7.25,7.2,,ttth,9,2
B00,7540101,,,,8.25,,,,,6.25,8.0,ttth,28,7
A00,7510202,,,,7.2,,,,6.25,6.25,,ttth,18,5
A01,7340101,,,7.8,8.4,,,,7.75,,,ttth,2,1
A00,7480201,,,,6.75,,,,7.75,7.4,,ttth,16,0
A00,7810103,,,,7.0,,,,7.75,7.2,,ttth,33,4
D01,7520115,5.2,,7.0,7.0,,,,,,,ttth,27,6
A00,7540101,,,,7.5,,,,7.0,8.6,,ttth,28,7
D01,7510202,6.75,,4.0,7.6,,,,,,,ttth,18,5
D09,7220201,,,7.0,9.25,,,8.4,,,,ttth,0,8
A00,7340115,,,,7.25,,,,8.0,7.4,,ttth,3,1
D01,7510202,6.25,,4.2,6.6,,,,,,,ttth,18,5
A01,7819010,,,7.2,5.75,,,,6.8,,,ttth,37,4
A00,7480201,,,,8.8,,,,7.0,6.75,,ttth,16,0
D01,7810202,8.25,,7.4,7.6,,,,,,,ttth,35,4
D01,7340201,7.8,,7.4,8.5,,,,,,,ttth,8,2
D01,7340115,7.6,,9.0,7.5,,,,,,,ttth,3,1
A00,7819009,,,,5.5,,,,6.0,6.0,,ttth,36,4
D01,7480201,8.2,,8.6,6.5,,,,,,,ttth,16,0
D01,7340201,7.5,,7.4,7.8,,,,,,,ttth,8,2
D01,7340301,6.0,,8.4,8.75,,,,,,,ttth,10,2
B00,7850101,,,,4.25,,,,,6.5,7.4,ttth,38,7
A00,7480202,,,,8.25,,,,8.0,8.4,,ttth,17,0
D01,7510202,4.6,,5.8,8.25,,,,,,,ttth,18,5
A00,7540101,,,,7.5,,,,8.25,8.0,,ttth,28,7
B00,7420201,,,,6.0,,,,,7.0,8.4,ttth,13,7
D01,7340201,6.6,,7.8,8.0,,,,,,,ttth,8,2
D01,7510202,4.6,,7.2,6.0,,,,,,,ttth,18,5
A00,7340201,,,,8.0,,,,7.75,6.6,,ttth,8,2
A00,7540101,,,,7.8,,,,7.75,8.25,,ttth,28,7
A00,7810202,,,,8.4,,,,6.75,7.5,,ttth,35,4
A00,7480201,,,,8.0,,,,8.0,8.6,,ttth,16,0
A00,7480201,,,,6.5,,,,7.25,7.8,,ttth,16,0
D01,7340115,7.0,,8.0,9.0,,,,,,,ttth,3,1
A00,7340201,,,,8.0,,,,6.25,7.0,,ttth,8,2
D07,7819009,,,7.0,6.0,,,,,6.2,,ttth,36,4
A00,7340201,,,,8.2,,,,7.0,7.25,,ttth,8,2
D01,7520115,5.2,,6.0,7.5,,,,,,,ttth,27,6
D01,7510301,5.75,,5.2,6.4,,,,,,,ttth,20,5
A01,7340301,,,6.8,8.6,,,,8.25,,,ttth,10,2
D01,7380107,7.75,,7.8,7.2,,,,,,,ttth,12,8
A00,7480201,,,,7.25,,,,7.25,7.4,,ttth,16,0
B00,7420201,,,,6.6,,,,,7.0,7.75,ttth,13,7
A01,7540204,,,6.0,7.0,,,,6.0,,,ttth,31,6
B00,7510401,,,,7.0,,,,,7.0,7.0,ttth,22,6
A00,7510401,,,,7.25,,,,6.75,7.6,,ttth,22,6
D01,7220204,7.0,,7.0,7.75,,,,,,,ttth,1,8
D01,7480201,7.5,,8.0,6.8,,,,,,,ttth,16,0
A00,7850101,,,,5.75,,,,5.0,6.0,,ttth,38,7
D01,7510202,6.5,,8.0,6.8,,,,,,,ttth,18,5
D01,7810202,7.5,,8.0,7.6,,,,,,,ttth,35,4
D01,7510303,6.25,,8.4,7.8,,,,,,,ttth,21,5
A00,7340101,,,,7.0,,,,7.75,8.4,,ttth,2,1
D01,7510301,6.25,,6.0,7.2,,,,,,,ttth,20,5
A00,7340201,,,,6.75,,,,6.5,8.4,,ttth,8,2
A00,7540101,,,,7.25,,,,7.25,7.2,,ttth,28,7
A00,7510303,,,,6.8,,,,4.75,6.5,,ttth,21,5
A00,7340120,,,,6.75,,,,8.0,7.0,,ttth,4,1
A00,7540106,,,,6.0,,,,5.25,7.25,,ttth,30,7
D01,7220204,8.75,,6.2,7.8,,,,,,,ttth,1,8
D01,7380107,7.25,,8.6,7.2,,,,,,,ttth,12,8
D01,7510303,6.0,,6.4,6.8,,,,,,,ttth,21,5
D01,7480201,6.6,,7.8,7.5,,,,,,,ttth,16,0
A01,7480201,,,7.2,7.0,,,,7.8,,,ttth,16,0
A01,7220204,,,8.0,7.6,,,,7.25,,,ttth,1,8
A00,7510301,,,,7.0,,,,7.5,7.0,,ttth,20,5
A00,7510303,,,,7.0,,,,7.5,7.6,,ttth,21,5
D07,7540106,,,6.6,6.25,,,,,7.4,,ttth,30,7
D01,7340123,6.25,,7.8,7.8,,,,,,,ttth,6,3
A01,7340201,,,6.8,7.25,,,,7.2,,,ttth,8,2
D01,7510303,7.0,,6.6,6.6,,,,,,,ttth,21,5
D01,7810201,5.0,,6.4,7.25,,,,,,,ttth,34,4
D01,7220201,6.5,,8.8,7.8,,,,,,,ttth,0,8
A00,7340101,,,,7.8,,,,8.25,7.75,,ttth,2,1
A01,7340120,,,7.6,8.0,,,,8.2,,,ttth,4,1
D01,7340123,5.0,,7.4,8.5,,,,,,,ttth,6,3
D01,7340120,6.4,,7.4,7.25,,,,,,,ttth,4,1
A00,7340120,,,,8.4,,,,6.25,8.5,,ttth,4,1
A00,7510301,,,,8.4,,,,5.5,5.75,,ttth,20,5
A01,7340101,,,7.8,8.4,,,,7.5,,,ttth,2,1
A00,7510303,,,,6.25,,,,8.0,8.2,,ttth,21,5
D01,7340101,7.6,,7.2,7.75,,,,,,,ttth,2,1
D01,7460108,8.4,,6.4,7.0,,,,,,,ttth,14,0
A00,7340201,,,,8.2,,,,6.75,8.0,,ttth,8,2
D01,7480201,7.0,,8.4,8.75,,,,,,,ttth,16,0
D01,7480201,6.0,,7.4,7.75,,,,,,,ttth,16,0
D01,7340301,7.6,,7.0,7.5,,,,,,,ttth,10,2
A01,7510303,,,4.6,7.4,,,,6.0,,,ttth,21,5
D01,7340101,8.4,,7.8,7.25,,,,,,,ttth,2,1
A01,7420201,,,5.6,5.25,,,,8.6,,,ttth,13,7
D01,7510301,7.2,,7.6,6.75,,,,,,,ttth,20,5
A01,7340101,,,8.6,8.2,,,,7.5,,,ttth,2,1
A00,7460108,,,,6.75,,,,6.25,7.0,,ttth,14,0
D07,7540101,,,8.6,7.4,,,,,8.5,,ttth,28,7
A00,7340201,,,,8.2,,,,7.0,8.75,,ttth,8,2
A01,7220201,,,7.8,7.5,,,,8.2,,,ttth,0,8
D01,7340201,7.6,,7.2,8.5,,,,,,,ttth,8,2
A00,7510203,,,,5.8,,,,5.5,4.75,,ttth,19,5
A00,7340122,,,,7.5,,,,6.5,7.8,,ttth,5,1
D01,7480201,7.25,,8.8,6.4,,,,,,,ttth,16,0
D07,7540101,,,8.4,8.25,,,,,8.4,,ttth,28,7
A00,7340101,,,,7.5,,,,7.0,8.0,,ttth,2,1
D01,7810202,7.5,,8.4,7.6,,,,,,,ttth,35,4
D01,7220204,7.6,,8.2,8.0,,,,,,,ttth,1,8
A00,7340115,,,,8.0,,,,7.0,7.4,,ttth,3,1
A00,7810201,,,,6.75,,,,8.0,7.8,,ttth,34,4
D07,7540106,,,6.4,6.8,,,,,6.0,,ttth,30,7
D01,7340120,7.0,,6.6,8.5,,,,,,,ttth,4,1
A00,7540204,,,,6.4,,,,5.0,6.75,,ttth,31,6
A00,7540204,,,,6.2,,,,4.75,7.75,,ttth,31,6
B00,7420201,,,,7.0,,,,,7.75,7.5,ttth,13,7
D01,7340101,6.6,,7.4,7.0,,,,,,,ttth,2,1
D01,7540204,6.5,,8.6,6.8,,,,,,,ttth,31,6
D01,7380107,5.8,,7.8,7.75,,,,,,,ttth,12,8
D01,7220204,7.5,,8.2,8.2,,,,,,,ttth,1,8
A00,7340120,,,,7.75,,,,8.5,7.6,,ttth,4,1
A00,7819010,,,,6.0,,,,7.25,6.2,,ttth,37,4
A00,7340115,,,,7.5,,,,7.75,8.2,,ttth,3,1
B00,7540106,,,,7.2,,,,,7.0,5.25,ttth,30,7
D01,7220201,9.6,,8.2,7.25,,,,,,,ttth,0,8
D01,7510301,5.0,,7.2,6.5,,,,,,,ttth,20,5
D09,7220201,,,7.0,8.75,,,8.4,,,,ttth,0,8
A00,7340301,,,,7.5,,,,8.0,8.2,,ttth,10,2
A00,7540106,,,,6.2,,,,5.75,8.0,,ttth,30,7
D07,7510303,,,7.0,7.25,,,,,9.0,,ttth,21,5
A00,7510401,,,,8.4,,,,7.5,7.5,,ttth,22,6
A00,7510401,,,,6.5,,,,6.75,6.6,,ttth,22,6
A00,7480201,,,,8.2,,,,7.0,7.75,,ttth,16,0
D01,7520115,6.4,,7.2,5.5,,,,,,,ttth,27,6
B00,7510401,,,,7.0,,,,,6.5,7.0,ttth,22,6
D01,7480202,4.6,,6.2,7.0,,,,,,,ttth,17,0
D01,7510301,5.8,,7.4,7.75,,,,,,,ttth,20,5
A00,7340201,,,,7.0,,,,8.0,7.6,,ttth,8,2
D01,7810202,6.4,,7.0,8.25,,,,,,,ttth,35,4
A00,7540101,,,,8.2,,,,8.5,7.75,,ttth,28,7
A01,7340120,,,8.2,8.0,,,,6.8,,,ttth,4,1
A00,7480201,,,,6.5,,,,7.5,7.4,,ttth,16,0
D01,7340201,8.25,,6.0,8.0,,,,,,,ttth,8,2
A00,7380107,,,,7.4,,,,8.0,7.25,,ttth,12,8
A00,7420201,,,,7.4,,,,6.0,5.25,,ttth,13,7
A00,7810202,,,,7.6,,,,7.25,8.25,,ttth,35,4
A00,7480202,,,,7.8,,,,6.25,5.0,,ttth,17,0
A01,7480201,,,7.2,7.5,,,,8.0,,,ttth,16,0
A00,7340120,,,,7.75,,,,7.75,7.6,,ttth,4,1
D07,7540101,,,8.0,8.0,,,,,7.8,,ttth,28,7
A01,7340120,,,7.4,7.5,,,,7.6,,,ttth,4,1
D09,7220201,,,8.0,8.75,,,8.8,,,,ttth,0,8
D01,7340201,6.4,,8.2,8.25,,,,,,,ttth,8,2
A01,7540204,,,6.6,7.0,,,,7.2,,,ttth,31,6
D01,7340115,6.0,,8.0,9.0,,,,,,,ttth,3,1
D01,7510301,8.0,,7.6,7.6,,,,,,,ttth,20,5
D01,7810202,8.0,,8.0,7.0,,,,,,,ttth,35,4
D01,7340115,7.0,,7.4,9.25,,,,,,,ttth,3,1
D01,7380107,6.0,,6.8,7.75,,,,,,,ttth,12,8
A00,7340101,,,,8.0,,,,8.0,7.5,,ttth,2,1
D15,7380107,6.25,7.0,7.75,,,,,,,,ttth,12,8
A00,7819010,,,,7.0,,,,7.5,8.0,,ttth,37,4
A00,7540106,,,,6.2,,,,5.75,6.5,,ttth,30,7
A00,7810201,,,,8.0,,,,8.0,8.2,,ttth,34,4
D01,7510202,6.2,,7.4,7.25,,,,,,,ttth,18,5
A01,7340120,,,9.0,8.6,,,,7.0,,,ttth,4,1
D07,7850101,,,4.8,7.0,,,,,5.5,,ttth,38,7
B00,7540106,,,,5.75,,,,,6.5,7.2,ttth,30,7
D01,7220204,7.6,,7.8,8.75,,,,,,,ttth,1,8
D01,7340101,8.0,,7.4,8.0,,,,,,,ttth,2,1
A00,7480201,,,,8.4,,,,7.5,7.5,,ttth,16,0
D01,7810201,6.6,,7.2,6.5,,,,,,,ttth,34,4
A01,7480201,,,9.0,7.6,,,,7.0,,,ttth,16,0
D01,7340120,6.8,,7.6,9.0,,,,,,,ttth,4,1
D01,7340205,6.8,,6.4,6.75,,,,,,,ttth,9,2
D01,7340201,8.25,,7.8,7.0,,,,,,,ttth,8,2
D01,7340120,6.6,,7.0,9.25,,,,,,,ttth,4,1
A00,7480201,,,,7.0,,,,6.25,7.8,,ttth,16,0
A00,7340201,,,,8.25,,,,6.75,7.6,,ttth,8,2
A01,7340101,,,8.0,6.75,,,,7.6,,,ttth,2,1
D07,7460108,,,6.4,6.5,,,,,5.6,,ttth,14,0
B00,7420201,,,,9.0,,,,,6.25,8.4,ttth,13,7
A00,7340101,,,,8.2,,,,7.5,8.0,,ttth,2,1
D07,7540204,,,7.8,8.25,,,,,6.6,,ttth,31,6
D01,7220204,6.0,,6.8,8.25,,,,,,,ttth,1,8
A00,7810202,,,,8.4,,,,7.0,7.5,,ttth,35,4
D01,7380107,5.8,,7.4,8.25,,,,,,,ttth,12,8
D15,7810103,6.5,4.2,8.0,,,,,,,,ttth,33,4
D01,7380107,7.5,,8.0,7.6,,,,,,,ttth,12,8
A00,7540101,,,,7.75,,,,7.5,6.6,,ttth,28,7
B00,7540101,,,,8.0,,,,,6.5,7.8,ttth,28,7
D01,7340123,6.6,,7.6,8.5,,,,,,,ttth,6,3
D01,7340201,7.4,,6.8,8.5,,,,,,,ttth,8,2
D01,7340120,7.2,,7.8,7.5,,,,,,,ttth,4,1
D15,7810202,7.25,5.4,8.5,,,,,,,,ttth,35,4
A00,7480202,,,,7.25,,,,7.75,7.6,,ttth,17,0
A01,7480201,,,8.6,9.2,,,,7.5,,,ttth,16,0
D01,7220204,7.25,,6.8,8.2,,,,,,,ttth,1,8
A00,7340115,,,,6.75,,,,8.25,7.0,,ttth,3,1
D01,7340120,8.2,,7.4,7.5,,,,,,,ttth,4,1
D01,7810103,8.4,,7.8,8.5,,,,,,,ttth,33,4
A01,7340201,,,7.2,7.8,,,,7.25,,,ttth,8,2
D01,7480201,7.0,,8.8,7.6,,,,,,,ttth,16,0
A01,7340115,,,8.2,8.2,,,,8.25,,,ttth,3,1
A01,7480201,,,8.0,8.5,,,,8.6,,,ttth,16,0
A01,7480201,,,8.8,8.0,,,,7.25,,,ttth,16,0
D07,7480201,,,7.6,7.25,,,,,7.2,,ttth,16,0
A00,7460108,,,,6.25,,,,6.25,6.8,,ttth,14,0
D01,7340301,7.25,,8.6,7.6,,,,,,,ttth,10,2
D01,7340129,7.0,,8.0,6.75,,,,,,,ttth,7,7
D01,7810103,6.0,,8.0,8.5,,,,,,,ttth,33,4
D01,7510303,7.25,,7.8,7.6,,,,,,,ttth,21,5
A00,7340101,,,,7.5,,,,7.5,8.0,,ttth,2,1
A00,7510202,,,,7.0,,,,6.75,6.8,,ttth,18,5
D01,7340115,8.6,,7.2,8.5,,,,,,,ttth,3,1
B00,7420201,,,,8.6,,,,,7.5,6.5,ttth,13,7
A01,7510203,,,6.8,6.25,,,,7.8,,,ttth,19,5
A00,7340122,,,,7.0,,,,8.0,6.6,,ttth,5,1
D01,7540204,5.5,,7.0,6.4,,,,,,,ttth,31,6
B00,7540101,,,,8.0,,,,,7.0,8.2,ttth,28,7
B00,7540101,,,,7.5,,,,,6.25,7.0,ttth,28,7
D01,7340101,6.0,,6.4,8.25,,,,,,,ttth,2,1
D01,7340123,5.75,,6.8,7.8,,,,,,,ttth,6,3
B00,7420201,,,,7.6,,,,,6.75,7.25,ttth,13,7
A00,7340120,,,,7.25,,,,8.75,7.0,,ttth,4,1
D01,7510301,7.0,,7.0,6.2,,,,,,,ttth,20,5
A01,7810202,,,8.8,7.2,,,,7.0,,,ttth,35,4
A00,7340120,,,,8.4,,,,7.75,7.5,,ttth,4,1
A00,7510203,,,,7.75,,,,6.5,7.2,,ttth,19,5
A00,7340301,,,,8.25,,,,8.5,7.6,,ttth,10,2
D07,7540101,,,9.0,7.4,,,,,7.75,,ttth,28,7
D01,7220201,7.75,,7.8,8.0,,,,,,,ttth,0,8
A00,7340101,,,,7.5,,,,7.0,7.0,,ttth,2,1
A00,7540101,,,,7.0,,,,7.25,7.8,,ttth,28,7
A00,7340115,,,,8.0,,,,8.0,8.0,,ttth,3,1
D01,7340123,5.4,,7.6,7.0,,,,,,,ttth,6,3
D01,7340115,7.6,,8.6,8.25,,,,,,,ttth,3,1
A00,7340101,,,,8.6,,,,7.5,7.5,,ttth,2,1
D01,7480201,7.0,,8.2,7.4,,,,,,,ttth,16,0
A00,7340120,,,,7.75,,,,6.0,7.4,,ttth,4,1
B00,7540101,,,,8.5,,,,,6.0,8.4,ttth,28,7
D01,7510203,5.75,,4.2,7.0,,,,,,,ttth,19,5
D01,7810201,6.5,,8.8,8.0,,,,,,,ttth,34,4
A00,7510401,,,,7.6,,,,6.75,7.75,,ttth,22,6
D01,7340201,7.0,,9.4,6.6,,,,,,,ttth,8,2
D01,7340201,5.6,,6.2,8.75,,,,,,,ttth,8,2
A00,7340123,,,,8.0,,,,7.25,7.6,,ttth,6,3
D01,7480201,7.2,,7.4,6.75,,,,,,,ttth,16,0
D01,7220201,8.25,,7.6,8.4,,,,,,,ttth,0,8
D01,7510203,5.4,,7.6,5.75,,,,,,,ttth,19,5
A00,7340201,,,,8.8,,,,7.75,7.5,,ttth,8,2
D01,7220204,8.5,,8.2,8.0,,,,,,,ttth,1,8
A00,7380107,,,,5.75,,,,8.25,7.4,,ttth,12,8
D01,7340301,8.25,,6.8,7.4,,,,,,,ttth,10,2
A00,7380107,,,,8.0,,,,7.5,6.8,,ttth,12,8
A00,7340201,,,,6.5,,,,6.75,7.4,,ttth,8,2
A00,7850101,,,,5.4,,,,5.5,7.75,,ttth,38,7
A00,7480201,,,,7.6,,,,7.5,8.5,,ttth,16,0
A00,7340120,,,,7.25,,,,8.5,8.4,,ttth,4,1
D07,7540106,,,8.4,7.0,,,,,7.75,,ttth,30,7
A01,7340120,,,7.4,7.5,,,,7.4,,,ttth,4,1
A00,7510401,,,,8.0,,,,6.75,6.75,,ttth,22,6
A00,7340129,,,,5.75,,,,7.5,9.2,,ttth,7,7
D01,7380107,5.8,,7.0,7.25,,,,,,,ttth,12,8
D01,7380107,8.0,,7.8,7.0,,,,,,,ttth,12,8
A00,7510203,,,,6.5,,,,4.0,6.8,,ttth,19,5
D01,7220201,7.6,,7.6,7.75,,,,,,,ttth,0,8
A00,7340101,,,,8.0,,,,7.75,8.0,,ttth,2,1
A00,7510401,,,,6.25,,,,6.75,5.6,,ttth,22,6
B00,7540101,,,,7.25,,,,,7.75,7.6,ttth,28,7
A00,7340120,,,,7.25,,,,7.75,8.2,,ttth,4,1
D01,7220201,8.0,,7.4,7.8,,,,,,,ttth,0,8
A01,7480201,,,6.4,7.0,,,,9.0,,,ttth,16,0
A01,7220201,,,7.6,8.2,,,,7.5,,,ttth,0,8
D01,7480201,8.0,,6.6,6.75,,,,,,,ttth,16,0
D01,7340205,6.8,,7.0,6.25,,,,,,,ttth,9,2
A00,7340205,,,,8.0,,,,8.0,7.8,,ttth,9,2
A00,7340120,,,,7.25,,,,6.75,7.4,,ttth,4,1
D07,7850101,,,7.2,7.4,,,,,7.5,,ttth,38,7
A00,7340201,,,,7.6,,,,7.5,7.75,,ttth,8,2
A00,7340115,,,,6.75,,,,8.0,8.0,,ttth,3,1
A00,7510401,,,,7.0,,,,4.0,5.25,,ttth,22,6
D01,7340115,6.6,,8.0,8.75,,,,,,,ttth,3,1
A01,7480202,,,8.2,7.5,,,,7.2,,,ttth,17,0
A01,7540106,,,8.2,6.8,,,,7.5,,,ttth,30,7
A00,7340205,,,,6.25,,,,6.0,6.0,,ttth,9,2
A01,7340120,,,8.2,8.6,,,,7.5,,,ttth,4,1
D01,7510202,4.0,,5.8,6.25,,,,,,,ttth,18,5
A00,7340301,,,,7.25,,,,8.0,7.8,,ttth,10,2
A00,7480202,,,,7.25,,,,8.0,6.8,,ttth,17,0
D01,7340201,7.0,,8.6,7.6,,,,,,,ttth,8,2
A00,7340120,,,,8.0,,,,7.25,8.0,,ttth,4,1
D01,7340101,7.25,,7.8,8.0,,,,,,,ttth,2,1
A01,7510301,,,7.4,7.0,,,,7.2,,,ttth,20,5
D01,7340122,7.4,,8.2,8.75,,,,,,,ttth,5,1
D01,7220201,8.0,,8.0,7.5,,,,,,,ttth,0,8
D01,7340115,8.0,,8.0,7.25,,,,,,,ttth,3,1
A00,7340120,,,,7.5,,,,6.5,7.4,,ttth,4,1
D07,7819009,,,6.2,3.75,,,,,7.0,,ttth,36,4
D01,7510203,6.5,,6.8,6.2,,,,,,,ttth,19,5
A01,7510303,,,6.6,7.2,,,,7.25,,,ttth,21,5
A00,7540106,,,,6.25,,,,7.25,7.2,,ttth,30,7
D01,7510203,7.5,,8.8,7.4,,,,,,,ttth,19,5
D01,7340101,9.25,,6.6,7.6,,,,,,,ttth,2,1
D01,7340201,5.8,,5.8,9.0,,,,,,,ttth,8,2
A00,7540101,,,,7.75,,,,7.0,7.8,,ttth,28,7
D01,7340122,8.4,,7.2,8.25,,,,,,,ttth,5,1
A00,7420201,,,,6.2,,,,5.5,6.25,,ttth,13,7
D01,7810201,7.75,,7.0,7.6,,,,,,,ttth,34,4
A01,7340101,,,8.6,8.0,,,,6.6,,,ttth,2,1
D01,7340101,5.6,,6.2,9.0,,,,,,,ttth,2,1
D01,7340120,8.75,,8.0,7.4,,,,,,,ttth,4,1
D01,7510303,6.0,,6.8,6.6,,,,,,,ttth,21,5
D01,7380107,7.75,,8.8,7.4,,,,,,,ttth,12,8
D01,7340129,6.2,,7.6,7.0,,,,,,,ttth,7,7
A01,7819009,,,6.2,5.5,,,,5.0,,,ttth,36,4
D15,7810201,8.5,6.4,7.5,,,,,,,,ttth,34,4
A00,7510202,,,,6.8,,,,4.25,4.5,,ttth,18,5
D01,7220204,7.0,,8.4,7.8,,,,,,,ttth,1,8
D01,7480201,7.2,,7.4,8.0,,,,,,,ttth,16,0
D01,7480201,6.0,,7.8,8.0,,,,,,,ttth,16,0
D01,7220201,8.4,,6.4,6.5,,,,,,,ttth,0,8
D01,7340101,7.0,,6.4,7.75,,,,,,,ttth,2,1
A00,7810202,,,,8.0,,,,6.75,7.5,,ttth,35,4
D01,7340101,7.75,,8.2,8.0,,,,,,,ttth,2,1
A00,7540101,,,,7.25,,,,8.75,7.6,,ttth,28,7
D01,7510203,5.25,,6.0,6.4,,,,,,,ttth,19,5
D07,7480202,,,7.2,7.25,,,,,6.6,,ttth,17,0
A00,7380107,,,,7.25,,,,8.25,8.4,,ttth,12,8
D01,7510202,5.2,,6.4,7.0,,,,,,,ttth,18,5
A01,7540101,,,7.0,7.25,,,,6.4,,,ttth,28,7
D01,7340129,7.2,,6.2,8.25,,,,,,,ttth,7,7
D07,7480201,,,7.6,7.2,,,,,8.5,,ttth,16,0
D01,7480201,7.0,,9.6,7.8,,,,,,,ttth,16,0
D01,7480201,7.6,,8.2,7.25,,,,,,,ttth,16,0
D01,7340120,7.75,,8.4,7.8,,,,,,,ttth,4,1
D09,7220201,,,7.6,9.25,,,6.8,,,,ttth,0,8
A00,7340201,,,,6.5,,,,6.5,7.4,,ttth,8,2
B00,7420201,,,,7.5,,,,,7.5,8.8,ttth,13,7
A01,7340129,,,8.2,7.0,,,,6.8,,,ttth,7,7
B00,7540101,,,,7.25,,,,,7.75,7.8,ttth,28,7
D01,7480202,5.6,,8.4,8.0,,,,,,,ttth,17,0
A00,7480201,,,,7.0,,,,7.0,8.75,,ttth,16,0
A00,7340301,,,,5.5,,,,7.5,7.8,,ttth,10,2
D01,7480201,7.0,,8.0,8.6,,,,,,,ttth,16,0
A00,7480201,,,,8.0,,,,7.75,8.25,,ttth,16,0
A00,7340101,,,,6.25,,,,7.0,8.0,,ttth,2,1
A00,7340101,,,,8.4,,,,7.0,8.75,,ttth,2,1
D01,7340123,6.0,,7.0,8.25,,,,,,,ttth,6,3
A00,7340120,,,,7.75,,,,8.25,7.6,,ttth,4,1
A01,7480201,,,6.6,6.0,,,,9.4,,,ttth,16,0
D01,7220201,8.4,,6.4,6.25,,,,,,,ttth,0,8
A01,7340301,,,6.2,7.0,,,,7.6,,,ttth,10,2
A01,7340201,,,7.6,7.75,,,,8.2,,,ttth,8,2
D01,7380107,6.75,,9.0,7.6,,,,,,,ttth,12,8
A00,7380107,,,,7.0,,,,7.5,7.4,,ttth,12,8
A01,7480201,,,6.0,8.2,,,,7.75,,,ttth,16,0
A00,7510303,,,,8.0,,,,6.5,7.5,,ttth,21,5
A00,7810201,,,,6.5,,,,6.25,6.6,,ttth,34,4
D01,7810201,7.8,,6.4,8.0,,,,,,,ttth,34,4
A00,7480201,,,,8.5,,,,8.0,8.0,,ttth,16,0
D01,7340120,7.25,,9.0,8.0,,,,,,,ttth,4,1
A01,7220204,,,8.4,7.4,,,,7.0,,,ttth,1,8
A00,7540204,,,,7.2,,,,7.25,7.25,,ttth,31,6
D07,7480202,,,6.0,6.25,,,,,6.8,,ttth,17,0
D01,7480201,7.0,,9.0,6.8,,,,,,,ttth,16,0
A01,7810103,,,7.6,7.6,,,,7.75,,,ttth,33,4
D01,7340301,6.0,,7.2,8.75,,,,,,,ttth,10,2
D01,7220201,9.0,,6.4,6.25,,,,,,,ttth,0,8
A00,7340120,,,,7.4,,,,7.5,8.25,,ttth,4,1
A00,7340101,,,,6.5,,,,7.25,7.8,,ttth,2,1
D01,7340201,7.8,,7.2,6.75,,,,,,,ttth,8,2
D01,7510301,6.0,,5.2,6.4,,,,,,,ttth,20,5
D07,7540101,,,8.4,8.4,,,,,9.0,,ttth,28,7
D01,7220201,8.4,,6.8,6.0,,,,,,,ttth,0,8
D01,7480201,7.25,,7.8,7.2,,,,,,,ttth,16,0
D01,7810201,5.0,,6.4,8.25,,,,,,,ttth,34,4
A00,7340129,,,,7.0,,,,7.25,7.6,,ttth,7,7
D09,7220204,,,7.2,8.5,,,6.0,,,,ttth,1,8
D01,7340201,8.5,,6.6,7.4,,,,,,,ttth,8,2
D01,7480201,8.4,,7.8,7.0,,,,,,,ttth,16,0
A00,7340201,,,,8.4,,,,6.5,7.75,,ttth,8,2
A00,7810201,,,,8.4,,,,7.0,7.5,,ttth,34,4
B00,7420201,,,,3.75,,,,,6.25,6.4,ttth,13,7
D01,7340101,7.0,,6.4,8.0,,,,,,,ttth,2,1
D01,7340101,6.8,,7.4,8.25,,,,,,,ttth,2,1
D01,7510301,6.8,,7.6,7.0,,,,,,,ttth,20,5
D01,7340115,8.25,,8.0,7.6,,,,,,,ttth,3,1
D01,7380107,7.5,,7.6,6.8,,,,,,,ttth,12,8
D01,7340201,7.0,,8.2,7.6,,,,,,,ttth,8,2
A00,7340301,,,,7.0,,,,7.0,7.8,,ttth,10,2
D01,7220204,7.5,,8.2,7.6,,,,,,,ttth,1,8
B00,7819010,,,,4.5,,,,,7.75,7.2,ttth,37,4
A01,7340129,,,6.8,8.25,,,,5.4,,,ttth,7,7
D01,7220201,7.0,,8.6,8.0,,,,,,,ttth,0,8
A01,7540101,,,7.0,8.25,,,,7.6,,,ttth,28,7
A00,7340301,,,,8.0,,,,6.5,8.25,,ttth,10,2
D01,7340115,7.25,,9.6,7.4,,,,,,,ttth,3,1
D01,7220204,6.2,,7.0,7.5,,,,,,,ttth,1,8
D01,7810201,5.8,,8.2,7.75,,,,,,,ttth,34,4
A00,7510301,,,,7.25,,,,7.25,7.8,,ttth,20,5
A00,7510203,,,,6.25,,,,6.0,7.0,,ttth,19,5
D01,7220201,7.4,,5.8,8.5,,,,,,,ttth,0,8
D01,7220204,6.5,,8.8,8.0,,,,,,,ttth,1,8
A00,7340120,,,,8.25,,,,7.75,6.8,,ttth,4,1
D01,7510203,5.4,,6.8,5.5,,,,,,,ttth,19,5
D07,7510301,,,6.8,6.25,,,,,5.4,,ttth,20,5
A00,7420201,,,,8.2,,,,6.0,6.75,,ttth,13,7
D01,7510202,6.0,,4.8,5.4,,,,,,,ttth,18,5
B00,7540106,,,,7.4,,,,,8.0,6.75,ttth,30,7
D01,7540204,7.08,,6.4,5.8,,,,,,,ttth,31,6
A01,7540101,,,7.4,7.0,,,,8.0,,,ttth,28,7
A00,7480201,,,,7.5,,,,8.25,8.2,,ttth,16,0
A00,7480202,,,,7.2,,,,7.75,8.0,,ttth,17,0
D01,7810202,7.4,,6.8,7.25,,,,,,,ttth,35,4
A00,7510303,,,,6.75,,,,6.75,6.8,,ttth,21,5
D07,7480201,,,7.6,8.0,,,,,7.75,,ttth,16,0
A00,7480201,,,,6.0,,,,8.75,7.2,,ttth,16,0
D01,7340301,7.25,,8.0,7.8,,,,,,,ttth,10,2
D01,7340115,5.6,,8.0,9.0,,,,,,,ttth,3,1
A01,7220201,,,7.2,5.25,,,,9.4,,,ttth,0,8
A00,7340101,,,,8.6,,,,7.5,7.5,,ttth,2,1
D01,7220201,8.0,,6.8,7.25,,,,,,,ttth,0,8
D01,7340120,7.5,,7.8,7.8,,,,,,,ttth,4,1
A00,7510202,,,,7.4,,,,7.0,5.25,,ttth,18,5
D01,7340101,7.2,,7.6,7.5,,,,,,,ttth,2,1
A00,7340123,,,,5.0,,,,6.5,6.2,,ttth,6,3
A01,7540101,,,8.8,7.4,,,,8.75,,,ttth,28,7
D01,7480201,7.2,,8.2,8.0,,,,,,,ttth,16,0
D01,7520115,4.6,,6.0,7.0,,,,,,,ttth,27,6
D09,7220201,,,8.2,8.75,,,7.6,,,,ttth,0,8
A00,7540101,,,,8.5,,,,7.75,8.6,,ttth,28,7
D15,7810103,7.25,5.0,7.75,,,,,,,,ttth,33,4
A00,7510303,,,,7.8,,,,7.0,7.5,,ttth,21,5
D01,7340301,6.4,,7.4,8.5,,,,,,,ttth,10,2
A00,7540106,,,,7.5,,,,7.25,7.2,,ttth,30,7
A00,7540106,,,,7.4,,,,6.0,6.0,,ttth,30,7
A01,7220204,,,8.0,8.2,,,,7.25,,,ttth,1,8
D01,7480201,9.2,,7.4,7.25,,,,,,,ttth,16,0
D01,7340120,7.2,,7.8,7.25,,,,,,,ttth,4,1
A01,7510303,,,8.8,6.6,,,,5.5,,,ttth,21,5
A01,7510202,,,7.6,6.5,,,,7.4,,,ttth,18,5
D01,7220201,6.8,,7.4,7.5,,,,,,,ttth,0,8
B00,7819010,,,,7.75,,,,,5.25,5.2,ttth,37,4
D01,7340120,8.6,,7.8,6.25,,,,,,,ttth,4,1
A00,7340301,,,,7.25,,,,6.75,7.8,,ttth,10,2
D07,7420201,,,7.8,7.6,,,,,7.0,,ttth,13,7
D01,7340201,7.25,,8.2,8.0,,,,,,,ttth,8,2
A01,7340120,,,9.2,7.4,,,,8.25,,,ttth,4,1
D01,7810202,6.2,,6.8,6.75,,,,,,,ttth,35,4
D01,7340120,7.0,,7.0,7.75,,,,,,,ttth,4,1
A00,7819009,,,,7.0,,,,8.0,8.0,,ttth,36,4
D01,7480201,7.0,,7.4,8.2,,,,,,,ttth,16,0
A00,7480201,,,,7.5,,,,8.0,7.2,,ttth,16,0
A00,7510202,,,,6.0,,,,4.25,7.0,,ttth,18,5
D01,7810103,6.8,,7.6,8.0,,,,,,,ttth,33,4
D01,7340205,6.2,,6.8,7.5,,,,,,,ttth,9,2
A01,7420201,,,8.2,7.0,,,,6.25,,,ttth,13,7
A00,7540101,,,,8.4,,,,8.0,8.25,,ttth,28,7
D01,7510202,4.6,,7.2,6.5,,,,,,,ttth,18,5
A00,7340301,,,,7.8,,,,7.5,8.25,,ttth,10,2
D01,7340101,6.6,,7.6,7.0,,,,,,,ttth,2,1
D01,7340201,5.6,,7.4,7.5,,,,,,,ttth,8,2
D01,7510301,6.25,,8.2,7.4,,,,,,,ttth,20,5
D01,7480202,7.4,,8.4,6.5,,,,,,,ttth,17,0
A00,7819010,,,,5.0,,,,5.0,7.0,,ttth,37,4
D01,7340120,8.4,,8.4,7.0,,,,,,,ttth,4,1
A01,7340120,,,8.2,8.4,,,,7.0,,,ttth,4,1
B00,7850101,,,,5.25,,,,,6.75,6.2,ttth,38,7
A00,7480201,,,,7.75,,,,8.0,8.6,,ttth,16,0
D01,7480202,7.25,,4.4,5.6,,,,,,,ttth,17,0
D01,7340120,8.6,,6.6,7.75,,,,,,,ttth,4,1
D01,7340301,8.5,,6.8,7.6,,,,,,,ttth,10,2
A01,7480202,,,8.2,6.5,,,,7.6,,,ttth,17,0
A00,7340301,,,,6.75,,,,7.0,8.4,,ttth,10,2
A00,7540101,,,,8.2,,,,7.0,8.25,,ttth,28,7
D01,7340129,5.0,,7.8,8.5,,,,,,,ttth,7,7
D01,7340101,6.0,,7.2,9.0,,,,,,,ttth,2,1
A00,7510301,,,,6.75,,,,7.25,7.6,,ttth,20,5
D01,7810103,8.6,,7.2,7.5,,,,,,,ttth,33,4
A01,7819009,,,7.8,6.75,,,,5.4,,,ttth,36,4
D15,7810201,5.5,6.4,7.0,,,,,,,,ttth,34,4
D01,7340115,6.0,,7.6,9.0,,,,,,,ttth,3,1
D01,7480201,8.0,,7.8,8.0,,,,,,,ttth,16,0
A00,7340301,,,,7.25,,,,8.25,7.6,,ttth,10,2
D01,7340101,7.2,,7.2,7.75,,,,,,,ttth,2,1
A00,7340201,,,,6.25,,,,7.25,8.2,,ttth,8,2
D07,7510303,,,6.8,6.75,,,,,7.2,,ttth,21,5
D01,7380107,7.25,,6.8,7.2,,,,,,,ttth,12,8
D01,7480202,7.0,,4.6,5.0,,,,,,,ttth,17,0
A00,7340201,,,,7.75,,,,7.25,6.8,,ttth,8,2
B00,7540101,,,,7.0,,,,,7.0,7.4,ttth,28,7
A00,7540101,,,,7.25,,,,7.75,7.8,,ttth,28,7
D01,7520115,5.0,,7.6,7.0,,,,,,,ttth,27,6
A00,7480201,,,,6.75,,,,7.0,8.2,,ttth,16,0
D15,7810201,6.75,7.6,7.75,,,,,,,,ttth,34,4
D01,7340301,6.25,,8.8,8.0,,,,,,,ttth,10,2
D01,7510301,6.4,,6.2,7.0,,,,,,,ttth,20,5
D01,7480201,7.0,,7.2,8.0,,,,,,,ttth,16,0
D01,7380107,6.4,,8.0,8.75,,,,,,,ttth,12,8
D01,7510303,7.6,,5.8,8.25,,,,,,,ttth,21,5
A00,7340123,,,,6.5,,,,7.25,7.2,,ttth,6,3
A00,7810202,,,,6.75,,,,7.5,8.4,,ttth,35,4
A00,7340129,,,,7.75,,,,6.5,8.4,,ttth,7,7
D01,7340115,7.8,,7.8,8.5,,,,,,,ttth,3,1
D01,7510301,5.6,,7.8,7.5,,,,,,,ttth,20,5
A00,7340115,,,,7.0,,,,7.5,7.6,,ttth,3,1
D01,7480201,7.2,,7.6,7.75,,,,,,,ttth,16,0
A00,7480202,,,,8.4,,,,7.0,7.0,,ttth,17,0
A00,7480201,,,,8.0,,,,7.25,7.0,,ttth,16,0
D01,7480201,8.25,,7.2,6.8,,,,,,,ttth,16,0
D07,7540101,,,9.2,8.4,,,,,6.75,,ttth,28,7
A00,7480201,,,,6.75,,,,8.25,6.0,,ttth,16,0
A00,7340115,,,,7.25,,,,8.0,8.2,,ttth,3,1
A00,7340201,,,,7.25,,,,8.25,6.8,,ttth,8,2
A00,7480201,,,,7.5,,,,8.75,7.2,,ttth,16,0
A00,7340301,,,,8.6,,,,6.75,7.75,,ttth,10,2
D01,7340201,6.4,,8.4,7.25,,,,,,,ttth,8,2
A00,7540204,,,,7.0,,,,7.25,5.6,,ttth,31,6
D07,7510401,,,7.0,7.0,,,,,7.8,,ttth,22,6
A00,7540101,,,,7.25,,,,7.75,8.4,,ttth,28,7
A00,7810201,,,,5.5,,,,7.25,6.6,,ttth,34,4
D07,7540101,,,7.6,8.0,,,,,8.8,,ttth,28,7
D01,7380107,5.0,,7.0,8.67,,,,,,,ttth,12,8
A00,7340201,,,,7.5,,,,8.0,8.4,,ttth,8,2
A00,7810202,,,,7.5,,,,7.75,7.8,,ttth,35,4
D01,7810201,7.8,,6.6,6.75,,,,,,,ttth,34,4
A01,7480201,,,6.8,7.75,,,,7.2,,,ttth,16,0
A01,7340301,,,7.8,8.2,,,,7.0,,,ttth,10,2
D01,7340301,8.25,,8.2,8.2,,,,,,,ttth,10,2
D01,7340101,7.0,,7.4,7.5,,,,,,,ttth,2,1
D01,7510203,9.2,,5.8,6.0,,,,,,,ttth,19,5
A00,7380107,,,,8.2,,,,6.5,6.75,,ttth,12,8
B00,7420201,,,,6.0,,,,,6.0,5.25,ttth,13,7
A00,7819010,,,,7.0,,,,6.0,5.8,,ttth,37,4
D01,7480202,5.8,,6.8,6.75,,,,,,,ttth,17,0
A00,7340101,,,,8.0,,,,8.0,8.25,,ttth,2,1
A00,7819010,,,,7.25,,,,3.0,6.4,,ttth,37,4
D01,7510203,6.25,,5.2,5.6,,,,,,,ttth,19,5
D01,7480201,7.75,,7.4,8.0,,,,,,,ttth,16,0
A00,7340122,,,,7.25,,,,6.5,7.8,,ttth,5,1
D01,7510301,7.0,,6.4,6.6,,,,,,,ttth,20,5
D01,7340201,6.2,,7.2,7.0,,,,,,,ttth,8,2
A00,7340301,,,,7.75,,,,7.25,7.8,,ttth,10,2
D01,7220201,7.4,,6.8,6.75,,,,,,,ttth,0,8
A00,7510301,,,,6.8,,,,5.0,6.75,,ttth,20,5
A00,7540101,,,,7.25,,,,7.25,7.6,,ttth,28,7
A00,7510301,,,,7.8,,,,7.5,6.0,,ttth,20,5
D01,7340129,4.2,,7.0,7.5,,,,,,,ttth,7,7
D01,7480202,7.5,,6.6,6.0,,,,,,,ttth,17,0
A00,7340129,,,,7.0,,,,6.25,7.0,,ttth,7,7
D01,7510301,7.75,,6.0,6.2,,,,,,,ttth,20,5
A00,7340115,,,,8.0,,,,7.25,8.2,,ttth,3,1
D01,7510203,6.5,,3.2,6.2,,,,,,,ttth,19,5
D01,7810103,6.0,,7.8,5.75,,,,,,,ttth,33,4
A01,7340101,,,7.6,8.6,,,,8.25,,,ttth,2,1
D01,7480201,7.4,,8.4,7.5,,,,,,,ttth,16,0
A01,7340120,,,8.6,8.4,,,,7.0,,,ttth,4,1
D15,7380107,6.75,6.4,9.25,,,,,,,,ttth,12,8
A00,7480201,,,,8.5,,,,6.5,8.4,,ttth,16,0
D01,7340115,8.0,,7.4,8.0,,,,,,,ttth,3,1
D01,7480201,5.8,,8.2,7.0,,,,,,,ttth,16,0
A00,7340101,,,,8.0,,,,7.25,8.25,,ttth,2,1
D01,7220201,7.25,,9.4,8.0,,,,,,,ttth,0,8
A00,7810103,,,,7.5,,,,7.25,8.2,,ttth,33,4
A00,7340101,,,,7.0,,,,7.5,7.0,,ttth,2,1
A00,7510401,,,,6.8,,,,6.25,5.75,,ttth,22,6
D01,7340115,9.0,,8.4,7.6,,,,,,,ttth,3,1
B00,7819009,,,,6.5,,,,,7.0,7.2,ttth,36,4
D01,7510203,5.5,,4.6,6.6,,,,,,,ttth,19,5
A01,7340115,,,8.6,7.5,,,,7.4,,,ttth,3,1
D01,7340120,6.6,,7.2,9.0,,,,,,,ttth,4,1
D01,7380107,7.25,,8.0,8.0,,,,,,,ttth,12,8
A01,7340201,,,6.8,8.0,,,,8.5,,,ttth,8,2
A01,7480201,,,8.4,7.5,,,,7.2,,,ttth,16,0
D01,7340120,7.4,,7.0,7.25,,,,,,,ttth,4,1
A00,7520115,,,,7.0,,,,6.5,5.0,,ttth,27,6
A00,7510303,,,,5.6,,,,6.0,5.75,,ttth,21,5
B00,7819010,,,,6.25,,,,,7.5,6.6,ttth,37,4
D01,7340115,7.6,,8.0,7.75,,,,,,,ttth,3,1
D01,7340115,7.4,,7.6,8.5,,,,,,,ttth,3,1
A01,7480202,,,7.2,7.4,,,,5.75,,,ttth,17,0
D01,7340201,7.6,,8.2,7.5,,,,,,,ttth,8,2
A01,7340201,,,7.4,8.0,,,,7.6,,,ttth,8,2
D01,7340129,6.75,,6.4,7.0,,,,,,,ttth,7,7
D01,7340115,6.6,,6.8,8.75,,,,,,,ttth,3,1
A01,7540101,,,8.0,7.5,,,,7.8,,,ttth,28,7
A00,7510303,,,,7.0,,,,7.75,6.2,,ttth,21,5
D01,7340120,6.0,,7.4,8.75,,,,,,,ttth,4,1
A00,7480201,,,,8.25,,,,7.0,7.2,,ttth,16,0
D01,7340115,7.6,,7.8,8.0,,,,,,,ttth,3,1
D01,7810202,5.8,,8.2,7.75,,,,,,,ttth,35,4
D07,7480201,,,8.0,8.5,,,,,7.8,,ttth,16,0
D01,7220204,7.2,,7.8,8.5,,,,,,,ttth,1,8
D01,7510202,5.2,,5.8,7.5,,,,,,,ttth,18,5
D07,7480202,,,6.8,7.4,,,,,8.25,,ttth,17,0
A00,7510202,,,,6.75,,,,5.5,7.8,,ttth,18,5
D01,7220201,7.25,,8.0,8.6,,,,,,,ttth,0,8
A00,7380107,,,,7.5,,,,7.5,7.8,,ttth,12,8
A00,7480201,,,,8.0,,,,7.75,7.5,,ttth,16,0
A01,7220201,,,8.4,8.0,,,,8.0,,,ttth,0,8
D01,7220201,7.8,,5.6,7.5,,,,,,,ttth,0,8
D01,7810202,5.8,,6.8,7.0,,,,,,,ttth,35,4
B00,7540101,,,,7.5,,,,,7.25,7.8,ttth,28,7
D01,7380107,7.25,,7.2,7.2,,,,,,,ttth,12,8
D01,7340115,6.4,,6.6,9.0,,,,,,,ttth,3,1
A00,7480201,,,,8.2,,,,6.75,7.75,,ttth,16,0
D01,7220201,8.6,,6.6,8.5,,,,,,,ttth,0,8
A00,7340122,,,,7.5,,,,6.75,8.4,,ttth,5,1
A01,7340301,,,8.2,7.6,,,,7.25,,,ttth,10,2
A00,7420201,,,,7.25,,,,8.0,7.2,,ttth,13,7
A00,7540106,,,,7.0,,,,6.5,7.0,,ttth,30,7
D01,7340101,8.25,,8.2,8.0,,,,,,,ttth,2,1
B00,7850101,,,,6.75,,,,,6.0,6.2,ttth,38,7
B00,7420201,,,,8.2,,,,,7.5,7.5,ttth,13,7
D01,7380107,7.0,,5.8,8.2,,,,,,,ttth,12,8
B00,7540101,,,,8.0,,,,,8.5,7.75,ttth,28,7
A00,7480201,,,,8.2,,,,7.5,7.5,,ttth,16,0
D07,7540101,,,9.4,8.2,,,,,8.25,,ttth,28,7
A00,7510303,,,,7.8,,,,7.25,7.0,,ttth,21,5
A00,7540101,,,,8.0,,,,8.0,8.0,,ttth,28,7
D01,7220201,8.25,,8.8,7.8,,,,,,,ttth,0,8
A00,7510303,,,,7.25,,,,7.5,8.0,,ttth,21,5
A01,7220201,,,7.4,7.75,,,,7.0,,,ttth,0,8
D15,7810202,7.0,5.4,7.25,,,,,,,,ttth,35,4
A00,7510303,,,,7.2,,,,6.0,7.5,,ttth,21,5
B00,7540101,,,,6.8,,,,,8.75,8.25,ttth,28,7
D01,7380107,7.5,,7.0,7.0,,,,,,,ttth,12,8
A00,7850101,,,,8.0,,,,5.75,8.25,,ttth,38,7
D07,7540101,,,8.4,8.2,,,,,8.25,,ttth,28,7
A00,7340301,,,,8.2,,,,7.25,7.5,,ttth,10,2
D07,7340205,,,7.4,7.25,,,,,7.0,,ttth,9,2
A00,7340120,,,,7.8,,,,7.75,7.75,,ttth,4,1
A00,7340120,,,,7.75,,,,7.75,7.2,,ttth,4,1
D01,7810202,6.4,,6.0,6.0,,,,,,,ttth,35,4
D01,7340120,7.0,,8.8,8.4,,,,,,,ttth,4,1
A00,7340115,,,,7.25,,,,8.25,8.0,,ttth,3,1
D01,7340101,7.2,,6.8,8.0,,,,,,,ttth,2,1
A01,7810202,,,7.6,5.75,,,,8.4,,,ttth,35,4
A00,7480201,,,,8.0,,,,8.5,8.6,,ttth,16,0
D01,7340115,7.2,,7.8,8.0,,,,,,,ttth,3,1
A01,7340301,,,8.4,7.0,,,,6.6,,,ttth,10,2
D01,7380107,8.0,,7.6,7.6,,,,,,,ttth,12,8
D01,7510301,4.0,,7.0,6.0,,,,,,,ttth,20,5
D01,7340115,9.25,,7.8,8.2,,,,,,,ttth,3,1
A00,7540101,,,,8.2,,,,8.0,7.25,,ttth,28,7
A00,7510303,,,,8.2,,,,7.25,6.5,,ttth,21,5
A01,7819009,,,7.6,7.5,,,,7.8,,,ttth,36,4
A00,7340301,,,,8.4,,,,7.5,7.75,,ttth,10,2
D01,7480201,8.4,,7.6,7.0,,,,,,,ttth,16,0
D01,7480201,7.8,,8.0,7.5,,,,,,,ttth,16,0
A00,7340115,,,,7.25,,,,8.25,8.0,,ttth,3,1
D07,7540101,,,6.6,8.0,,,,,7.0,,ttth,28,7
D01,7540204,7.25,,7.2,7.0,,,,,,,ttth,31,6
A01,7340101,,,8.2,7.0,,,,7.2,,,ttth,2,1
A00,7340301,,,,8.0,,,,7.75,7.8,,ttth,10,2
D01,7480202,6.6,,6.8,7.75,,,,,,,ttth,17,0
A01,7220201,,,9.4,7.4,,,,6.5,,,ttth,0,8
D01,7460108,5.6,,7.0,6.25,,,,,,,ttth,14,0
A00,7510202,,,,4.5,,,,5.5,8.8,,ttth,18,5
A01,7340115,,,8.0,7.0,,,,8.8,,,ttth,3,1
D01,7220204,5.0,,6.8,8.75,,,,,,,ttth,1,8
D01,7510303,7.75,,3.2,6.8,,,,,,,ttth,21,5
D01,7480202,5.4,,8.2,8.75,,,,,,,ttth,17,0
D07,7540106,,,8.8,7.6,,,,,6.5,,ttth,30,7
A00,7340101,,,,7.75,,,,7.0,8.0,,ttth,2,1
D01,7340120,7.2,,7.4,8.0,,,,,,,ttth,4,1
A00,7540101,,,,7.5,,,,6.75,7.6,,ttth,28,7
A01,7850101,,,7.6,7.25,,,,8.0,,,ttth,38,7
A00,7540204,,,,6.5,,,,7.5,6.4,,ttth,31,6
D01,7340101,7.8,,7.4,7.25,,,,,,,ttth,2,1
A00,7540101,,,,8.0,,,,7.75,7.4,,ttth,28,7
A00,7810201,,,,5.5,,,,6.75,6.6,,ttth,34,4
A00,7540106,,,,7.6,,,,5.0,7.5,,ttth,30,7
D07,7340205,,,6.8,6.25,,,,,6.2,,ttth,9,2
D01,7810202,7.75,,9.4,6.2,,,,,,,ttth,35,4
A00,7480202,,,,7.6,,,,4.75,6.0,,ttth,17,0
D01,7340101,7.6,,8.0,7.5,,,,,,,ttth,2,1
D07,7510401,,,6.4,6.25,,,,,5.8,,ttth,22,6
D07,7420201,,,7.8,7.0,,,,,6.75,,ttth,13,7
D01,7510303,6.75,,8.0,7.6,,,,,,,ttth,21,5
A00,7340120,,,,9.0,,,,7.0,7.25,,ttth,4,1
D01,7810103,6.2,,6.8,6.25,,,,,,,ttth,33,4
A00,7819010,,,,6.0,,,,6.75,7.2,,ttth,37,4
B00,7510401,,,,6.5,,,,,7.75,6.2,ttth,22,6
D01,7220201,8.5,,9.2,6.4,,,,,,,ttth,0,8
A00,7510401,,,,7.5,,,,7.0,7.2,,ttth,22,6
A01,7340115,,,6.6,7.75,,,,7.6,,,ttth,3,1
A00,7520115,,,,7.25,,,,6.5,7.8,,ttth,27,6
D07,7540101,,,8.4,7.8,,,,,9.0,,ttth,28,7
A01,7810103,,,7.8,8.25,,,,6.8,,,ttth,33,4
D01,7810103,6.4,,6.6,5.0,,,,,,,ttth,33,4
D07,7480202,,,6.8,6.75,,,,,5.8,,ttth,17,0
A00,7480201,,,,6.25,,,,7.25,8.0,,ttth,16,0
A01,7480201,,,8.4,7.25,,,,7.2,,,ttth,16,0
A00,7810202,,,,8.4,,,,8.25,7.0,,ttth,35,4
D01,7480201,8.25,,7.6,7.2,,,,,,,ttth,16,0
A00,7510303,,,,6.0,,,,6.5,7.4,,ttth,21,5
D07,7540101,,,7.6,8.25,,,,,7.8,,ttth,28,7
A01,7340101,,,8.4,8.2,,,,8.5,,,ttth,2,1
A00,7340301,,,,7.5,,,,7.5,8.4,,ttth,10,2
D01,7480201,8.25,,7.4,8.2,,,,,,,ttth,16,0
A00,7810202,,,,8.2,,,,7.5,7.5,,ttth,35,4
D01,7220201,6.6,,7.2,8.25,,,,,,,ttth,0,8
D01,7510301,6.0,,7.0,7.4,,,,,,,ttth,20,5
A00,7340101,,,,6.5,,,,8.0,8.0,,ttth,2,1
D07,7540101,,,9.0,8.0,,,,,7.75,,ttth,28,7
A00,7510303,,,,6.0,,,,6.75,7.2,,ttth,21,5
A01,7810202,,,6.6,5.5,,,,7.0,,,ttth,35,4
A01,7340201,,,8.8,8.4,,,,6.25,,,ttth,8,2
A01,7480201,,,8.2,8.25,,,,7.0,,,ttth,16,0
D07,7510301,,,6.6,8.0,,,,,7.25,,ttth,20,5
D01,7340120,8.0,,7.6,8.0,,,,,,,ttth,4,1
A01,7340129,,,6.8,8.0,,,,6.25,,,ttth,7,7
D07,7510303,,,7.6,6.5,,,,,7.4,,ttth,21,5
A00,7480201,,,,8.5,,,,8.25,8.2,,ttth,16,0
D01,7540204,6.5,,4.6,6.6,,,,,,,ttth,31,6
D01,7340115,8.6,,7.0,7.5,,,,,,,ttth,3,1
A00,7340201,,,,6.0,,,,8.0,7.8,,ttth,8,2
D01,7340101,7.6,,7.4,7.5,,,,,,,ttth,2,1
D01,7340115,7.4,,6.8,8.5,,,,,,,ttth,3,1
D01,7340301,6.4,,7.0,7.25,,,,,,,ttth,10,2
D01,7480201,7.6,,7.6,7.0,,,,,,,ttth,16,0
D01,7510303,6.0,,5.8,7.25,,,,,,,ttth,21,5
D01,7340115,7.25,,8.6,8.0,,,,,,,ttth,3,1
D01,7340120,7.0,,7.0,7.75,,,,,,,ttth,4,1
A00,7510401,,,,6.0,,,,7.0,6.6,,ttth,22,6
D01,7340101,7.4,,6.6,8.0,,,,,,,ttth,2,1
D15,7810103,9.0,7.4,5.75,,,,,,,,ttth,33,4
B00,7540101,,,,7.25,,,,,8.0,8.2,ttth,28,7
D01,7340129,7.6,,6.0,6.75,,,,,,,ttth,7,7
D01,7340101,7.2,,7.8,8.0,,,,,,,ttth,2,1
B00,7819010,,,,6.25,,,,,6.75,6.0,ttth,37,4
A00,7340201,,,,7.0,,,,7.0,7.0,,ttth,8,2
A00,7510401,,,,8.0,,,,8.5,7.6,,ttth,22,6
D01,7340301,6.0,,9.4,7.2,,,,,,,ttth,10,2
B00,7510401,,,,7.6,,,,,8.0,8.0,ttth,22,6
D07,7540106,,,7.4,7.0,,,,,6.4,,ttth,30,7
D01,7220201,8.25,,8.4,6.8,,,,,,,ttth,0,8
D07,7819010,,,6.8,6.25,,,,,7.2,,ttth,37,4
D01,7340120,7.8,,7.2,7.75,,,,,,,ttth,4,1
A00,7540204,,,,7.25,,,,6.0,6.8,,ttth,31,6
A00,7480201,,,,7.25,,,,8.0,7.8,,ttth,16,0
A00,7480201,,,,7.5,,,,7.75,8.2,,ttth,16,0
D01,7480202,7.25,,8.0,6.2,,,,,,,ttth,17,0
A00,7420201,,,,6.6,,,,5.75,6.0,,ttth,13,7
A00,7340101,,,,6.75,,,,6.75,7.8,,ttth,2,1
D01,7340129,6.5,,6.8,8.0,,,,,,,ttth,7,7
A00,7340201,,,,8.25,,,,7.0,8.0,,ttth,8,2
A01,7340101,,,7.2,6.25,,,,7.4,,,ttth,2,1
A00,7340122,,,,7.25,,,,7.25,7.4,,ttth,5,1
A01,7340201,,,7.4,7.75,,,,6.8,,,ttth,8,2
A00,7340201,,,,7.0,,,,7.0,8.4,,ttth,8,2
A00,7340101,,,,7.25,,,,6.75,7.8,,ttth,2,1
A00,7510401,,,,7.8,,,,6.75,7.0,,ttth,22,6
D01,7220201,8.0,,8.8,8.6,,,,,,,ttth,0,8
D07,7540101,,,8.2,7.75,,,,,8.4,,ttth,28,7
D01,7540204,6.0,,5.8,7.0,,,,,,,ttth,31,6
A01,7340201,,,8.2,5.75,,,,7.6,,,ttth,8,2
A01,7340122,,,8.2,8.0,,,,7.6,,,ttth,5,1
A01,7340122,,,6.2,7.0,,,,8.8,,,ttth,5,1
D01,7340129,4.4,,7.2,7.0,,,,,,,ttth,7,7
A00,7480201,,,,8.5,,,,8.25,7.0,,ttth,16,0
A00,7340301,,,,7.0,,,,7.25,8.2,,ttth,10,2
A00,7380107,,,,8.2,,,,8.5,7.0,,ttth,12,8
D01,7510303,6.6,,7.0,7.25,,,,,,,ttth,21,5
A00,7340301,,,,7.75,,,,8.0,7.8,,ttth,10,2
A00,7340201,,,,8.0,,,,7.5,8.0,,ttth,8,2
A00,7480201,,,,7.75,,,,7.0,7.2,,ttth,16,0
A00,7340301,,,,7.75,,,,8.0,8.2,,ttth,10,2
A00,7510202,,,,5.5,,,,4.75,7.0,,ttth,18,5
D01,7480202,5.75,,8.6,7.6,,,,,,,ttth,17,0
A00,7480201,,,,7.75,,,,8.0,7.8,,ttth,16,0
A01,7480201,,,9.0,7.4,,,,6.25,,,ttth,16,0
D15,7810103,7.75,7.6,7.0,,,,,,,,ttth,33,4
A00,7340101,,,,8.0,,,,8.25,8.2,,ttth,2,1
A01,7540101,,,7.8,8.75,,,,8.0,,,ttth,28,7
B00,7540101,,,,8.0,,,,,7.5,6.8,ttth,28,7
A00,7340201,,,,6.5,,,,7.25,7.6,,ttth,8,2
A00,7340101,,,,8.4,,,,8.25,8.25,,ttth,2,1
D07,7540101,,,7.8,8.2,,,,,8.0,,ttth,28,7
A00,7340301,,,,7.0,,,,7.0,7.8,,ttth,10,2
D01,7510203,5.2,,8.6,7.75,,,,,,,ttth,19,5
D01,7220201,7.75,,9.2,7.8,,,,,,,ttth,0,8
D01,7340115,8.4,,7.6,7.25,,,,,,,ttth,3,1
D01,7810202,6.0,,7.2,7.0,,,,,,,ttth,35,4
D01,7480202,7.0,,8.2,6.6,,,,,,,ttth,17,0
D01,7510301,6.0,,5.4,6.0,,,,,,,ttth,20,5
D01,7340115,8.2,,6.6,7.75,,,,,,,ttth,3,1
A00,7340301,,,,8.2,,,,6.75,8.25,,ttth,10,2
D09,7220201,,,7.0,7.0,,,8.4,,,,ttth,0,8
B00,7420201,,,,7.75,,,,,8.25,8.6,ttth,13,7
A01,7540101,,,8.0,8.4,,,,7.75,,,ttth,28,7
A01,7510406,,,7.0,6.25,,,,8.2,,,ttth,24,7
D01,7810103,8.0,,7.2,7.8,,,,,,,ttth,33,4
A00,7510301,,,,7.0,,,,6.0,6.75,,ttth,20,5
D07,7540101,,,8.0,8.75,,,,,7.4,,ttth,28,7
D01,7480201,8.0,,8.6,7.5,,,,,,,ttth,16,0
A01,7540106,,,7.4,6.25,,,,7.0,,,ttth,30,7
D01,7340115,7.6,,8.2,8.25,,,,,,,ttth,3,1
D01,7340115,7.2,,7.2,8.75,,,,,,,ttth,3,1
D01,7380107,6.8,,6.4,6.5,,,,,,,ttth,12,8
A00,7510301,,,,7.2,,,,6.0,7.0,,ttth,20,5
D15,7810103,7.75,7.4,7.75,,,,,,,,ttth,33,4
A01,7220201,,,7.2,6.5,,,,7.8,,,ttth,0,8
A01,7510303,,,8.8,8.0,,,,7.0,,,ttth,21,5
A01,7340120,,,7.2,7.5,,,,8.2,,,ttth,4,1
D01,7460108,4.8,,6.2,6.5,,,,,,,ttth,14,0
D01,7810201,6.6,,8.0,8.75,,,,,,,ttth,34,4
D01,7510301,6.5,,6.8,7.2,,,,,,,ttth,20,5
D01,7480202,6.75,,5.4,7.0,,,,,,,ttth,17,0
D01,7510203,6.5,,4.0,5.8,,,,,,,ttth,19,5
D01,7340201,6.5,,7.8,7.8,,,,,,,ttth,8,2
D01,7220204,8.0,,8.2,7.2,,,,,,,ttth,1,8
A01,7340115,,,8.8,8.5,,,,7.2,,,ttth,3,1
A00,7480201,,,,8.0,,,,7.5,7.5,,ttth,16,0
D07,7540101,,,8.0,7.0,,,,,6.8,,ttth,28,7
A01,7340115,,,6.8,7.0,,,,8.8,,,ttth,3,1
A00,7340101,,,,8.2,,,,7.0,8.5,,ttth,2,1
D01,7340301,7.0,,7.2,7.0,,,,,,,ttth,10,2
A01,7340120,,,7.0,7.5,,,,7.6,,,ttth,4,1
A00,7340101,,,,6.75,,,,8.0,6.6,,ttth,2,1
A00,7340120,,,,8.0,,,,7.5,8.6,,ttth,4,1
A00,7340101,,,,7.5,,,,7.75,8.0,,ttth,2,1
B00,7420201,,,,7.75,,,,,8.25,8.4,ttth,13,7
D01,7510303,6.0,,4.2,7.6,,,,,,,ttth,21,5
D01,7340301,5.6,,7.2,8.0,,,,,,,ttth,10,2
A00,7480202,,,,7.2,,,,7.25,7.0,,ttth,17,0
A00,7480201,,,,7.5,,,,7.5,8.0,,ttth,16,0
A00,7510401,,,,7.4,,,,6.25,6.25,,ttth,22,6
A00,7340201,,,,6.25,,,,6.75,7.2,,ttth,8,2
D01,7340201,8.25,,8.4,7.8,,,,,,,ttth,8,2
D01,7520115,6.2,,7.0,7.5,,,,,,,ttth,27,6
A00,7480201,,,,7.5,,,,8.0,7.8,,ttth,16,0
D01,7480201,7.2,,6.8,7.5,,,,,,,ttth,16,0
D01,7340201,7.0,,7.6,8.2,,,,,,,ttth,8,2
D01,7480202,7.25,,4.0,4.8,,,,,,,ttth,17,0
D01,7810103,6.0,,6.6,6.0,,,,,,,ttth,33,4
A00,7340115,,,,8.2,,,,7.5,8.0,,ttth,3,1
A00,7540101,,,,7.5,,,,7.25,7.4,,ttth,28,7
A01,7510203,,,8.8,8.6,,,,4.0,,,ttth,19,5
A01,7340301,,,9.6,7.8,,,,6.5,,,ttth,10,2
D01,7340301,6.2,,7.6,7.0,,,,,,,ttth,10,2
D01,7510301,6.0,,5.0,8.0,,,,,,,ttth,20,5
A00,7810201,,,,6.75,,,,5.25,7.4,,ttth,34,4
A00,7540106,,,,6.5,,,,8.0,7.0,,ttth,30,7
A00,7540101,,,,7.5,,,,6.5,8.4,,ttth,28,7
A01,7340101,,,7.6,8.0,,,,7.2,,,ttth,2,1
B00,7540101,,,,8.25,,,,,7.25,7.4,ttth,28,7
D01,7460108,7.6,,6.4,5.5,,,,,,,ttth,14,0
A00,7380107,,,,7.8,,,,6.5,8.25,,ttth,12,8
A00,7380107,,,,8.25,,,,7.25,7.6,,ttth,12,8
B00,7850101,,,,6.75,,,,,6.75,7.0,ttth,38,7
A00,7340201,,,,8.0,,,,7.25,7.25,,ttth,8,2
A01,7480201,,,9.0,7.4,,,,7.5,,,ttth,16,0
D07,7480201,,,7.4,8.2,,,,,8.25,,ttth,16,0
D01,7340301,6.6,,7.8,7.0,,,,,,,ttth,10,2
D01,7340115,8.4,,7.2,8.0,,,,,,,ttth,3,1
D01,7510203,5.8,,5.6,6.5,,,,,,,ttth,19,5
A01,7340101,,,9.0,7.2,,,,7.75,,,ttth,2,1
A00,7340115,,,,8.0,,,,8.25,7.6,,ttth,3,1
D01,7480201,7.4,,7.0,7.25,,,,,,,ttth,16,0
D01,7810202,6.2,,7.0,8.75,,,,,,,ttth,35,4
D01,7480201,7.25,,8.4,7.2,,,,,,,ttth,16,0
A00,7480202,,,,6.8,,,,6.25,6.25,,ttth,17,0
D01,7380107,7.75,,6.6,7.4,,,,,,,ttth,12,8
D01,7520115,6.25,,6.0,6.4,,,,,,,ttth,27,6
A01,7340301,,,7.8,6.0,,,,6.4,,,ttth,10,2
D01,7480201,8.2,,7.0,5.75,,,,,,,ttth,16,0
D01,7340129,6.2,,7.4,9.0,,,,,,,ttth,7,7
A00,7340115,,,,7.5,,,,8.25,7.2,,ttth,3,1
D01,7480201,9.0,,6.4,6.25,,,,,,,ttth,16,0
D01,7340120,8.8,,8.0,8.0,,,,,,,ttth,4,1
D01,7340129,7.4,,7.2,7.25,,,,,,,ttth,7,7
B00,7540101,,,,8.6,,,,,8.0,8.75,ttth,28,7
D01,7340123,7.5,,5.0,6.8,,,,,,,ttth,6,3
A01,7340120,,,8.4,7.4,,,,7.75,,,ttth,4,1
D07,7540101,,,7.6,7.0,,,,,6.4,,ttth,28,7
D01,7480201,6.8,,6.8,8.75,,,,,,,ttth,16,0
A00,7340301,,,,7.5,,,,8.0,7.4,,ttth,10,2
D01,7510303,8.25,,6.8,8.0,,,,,,,ttth,21,5
B00,7420201,,,,5.0,,,,,6.25,5.0,ttth,13,7
A01,7340120,,,9.0,8.0,,,,7.25,,,ttth,4,1
D01,7810202,6.8,,7.0,8.5,,,,,,,ttth,35,4
A00,7460108,,,,7.25,,,,7.75,7.2,,ttth,14,0
D01,7220201,6.75,,8.6,7.8,,,,,,,ttth,0,8
D01,7510301,5.2,,6.4,4.75,,,,,,,ttth,20,5
A01,7480201,,,7.6,7.75,,,,8.2,,,ttth,16,0
D01,7510202,5.0,,6.6,7.25,,,,,,,ttth,18,5
D01,7220201,7.0,,7.2,7.5,,,,,,,ttth,0,8
D01,7380107,5.4,,6.6,7.0,,,,,,,ttth,12,8
B00,7540101,,,,8.25,,,,,8.0,7.2,ttth,28,7
D01,7510303,3.2,,7.6,7.5,,,,,,,ttth,21,5
D07,7480201,,,8.0,7.0,,,,,7.2,,ttth,16,0
D01,7380107,6.2,,7.6,8.75,,,,,,,ttth,12,8
D01,7510202,6.25,,5.0,7.4,,,,,,,ttth,18,5
D01,7380107,6.8,,7.8,7.75,,,,,,,ttth,12,8
B00,7540101,,,,8.75,,,,,8.75,8.4,ttth,28,7
A01,7480201,,,7.8,8.0,,,,7.8,,,ttth,16,0
D01,7510301,6.75,,6.2,6.0,,,,,,,ttth,20,5
D01,7220201,8.4,,6.8,7.0,,,,,,,ttth,0,8
A01,7810201,,,7.6,7.75,,,,7.2,,,ttth,34,4
D01,7460108,6.8,,6.8,5.75,,,,,,,ttth,14,0
A00,7480201,,,,9.0,,,,8.25,7.4,,ttth,16,0
D01,7340301,7.5,,8.8,7.6,,,,,,,ttth,10,2
A01,7480201,,,7.2,7.75,,,,7.6,,,ttth,16,0
A00,7510301,,,,6.5,,,,6.25,6.8,,ttth,20,5
D01,7480202,7.2,,7.8,6.5,,,,,,,ttth,17,0
D01,7540204,6.0,,6.6,8.0,,,,,,,ttth,31,6
A00,7480201,,,,7.75,,,,9.25,7.8,,ttth,16,0
D01,7810103,8.0,,7.6,7.4,,,,,,,ttth,33,4
D01,7520115,5.75,,3.8,7.0,,,,,,,ttth,27,6
B00,7819010,,,,6.75,,,,,6.25,6.6,ttth,37,4
A00,7340301,,,,8.0,,,,7.75,8.25,,ttth,10,2
D07,7480201,,,6.8,8.0,,,,,8.0,,ttth,16,0
A00,7420201,,,,7.6,,,,5.0,4.0,,ttth,13,7
D01,7540204,6.0,,5.0,6.6,,,,,,,ttth,31,6
A00,7510202,,,,6.8,,,,5.25,5.0,,ttth,18,5
A00,7340301,,,,8.0,,,,6.75,7.5,,ttth,10,2
A00,7510203,,,,7.4,,,,6.5,6.25,,ttth,19,5
A01,7540101,,,8.2,7.5,,,,8.4,,,ttth,28,7
A01,7340201,,,7.6,7.75,,,,7.0,,,ttth,8,2
A01,7220204,,,7.8,8.0,,,,7.75,,,ttth,1,8
A01,7540106,,,5.6,8.2,,,,6.0,,,ttth,30,7
A00,7510303,,,,5.5,,,,5.75,6.8,,ttth,21,5
B00,7420201,,,,7.25,,,,,6.5,7.0,ttth,13,7
D01,7510303,5.5,,6.4,7.2,,,,,,,ttth,21,5
A00,7340301,,,,7.6,,,,6.75,8.5,,ttth,10,2
A00,7340201,,,,7.5,,,,6.5,8.0,,ttth,8,2
A00,7510301,,,,7.6,,,,6.0,8.0,,ttth,20,5
A00,7480201,,,,7.8,,,,6.75,8.0,,ttth,16,0
A01,7220201,,,8.8,7.6,,,,7.25,,,ttth,0,8
B00,7510401,,,,6.75,,,,,5.25,6.2,ttth,22,6
A01,7810103,,,8.0,7.6,,,,6.75,,,ttth,33,4
A00,7510303,,,,7.5,,,,7.25,7.0,,ttth,21,5
A00,7340115,,,,7.5,,,,7.75,7.6,,ttth,3,1
A00,7510303,,,,7.2,,,,6.25,7.25,,ttth,21,5
D01,7480202,4.5,,6.8,5.6,,,,,,,ttth,17,0
A00,7510203,,,,4.25,,,,6.0,6.0,,ttth,19,5
A00,7540101,,,,8.6,,,,7.25,7.5,,ttth,28,7
D01,7340115,7.2,,6.6,8.0,,,,,,,ttth,3,1
A00,7340101,,,,7.0,,,,8.5,7.6,,ttth,2,1
A01,7220201,,,8.2,6.75,,,,7.6,,,ttth,0,8
D01,7340129,7.25,,5.6,6.6,,,,,,,ttth,7,7
D01,7510203,4.6,,8.0,7.25,,,,,,,ttth,19,5
A00,7340101,,,,7.75,,,,7.75,7.8,,ttth,2,1
D15,7810103,7.5,6.2,7.25,,,,,,,,ttth,33,4
A00,7340301,,,,8.8,,,,6.75,7.5,,ttth,10,2
A00,7510402,,,,7.0,,,,5.5,7.8,,ttth,23,6
A01,7480201,,,7.4,7.75,,,,6.8,,,ttth,16,0
D01,7480202,5.4,,7.2,6.75,,,,,,,ttth,17,0
A00,7480201,,,,8.4,,,,7.75,6.75,,ttth,16,0
A01,7480201,,,7.8,7.25,,,,7.6,,,ttth,16,0
A00,7340301,,,,7.6,,,,7.5,8.0,,ttth,10,2
A00,7340201,,,,7.6,,,,6.75,8.75,,ttth,8,2
D07,7480201,,,8.4,8.2,,,,,8.0,,ttth,16,0
A01,7819010,,,7.8,5.0,,,,3.8,,,ttth,37,4
A01,7810103,,,8.0,7.8,,,,6.75,,,ttth,33,4
A00,7340301,,,,8.2,,,,7.75,8.5,,ttth,10,2
A00,7480202,,,,7.0,,,,7.0,7.8,,ttth,17,0
D01,7810103,3.8,,6.8,7.5,,,,,,,ttth,33,4
D01,7340129,6.25,,8.0,7.0,,,,,,,ttth,7,7
A00,7340301,,,,8.2,,,,6.0,8.25,,ttth,10,2
A01,7510203,,,7.4,6.5,,,,8.2,,,ttth,19,5
A00,7480201,,,,7.4,,,,7.5,7.75,,ttth,16,0
D01,7510203,7.0,,6.4,7.6,,,,,,,ttth,19,5
A00,7340101,,,,8.4,,,,7.5,8.0,,ttth,2,1
D01,7220201,7.0,,8.6,7.8,,,,,,,ttth,0,8
D09,7220201,,,7.8,8.5,,,7.4,,,,ttth,0,8
D15,7380107,7.25,5.4,7.25,,,,,,,,ttth,12,8
A00,7510301,,,,7.4,,,,4.25,5.75,,ttth,20,5
A00,7340201,,,,6.75,,,,8.0,8.0,,ttth,8,2
B00,7510401,,,,5.75,,,,,6.5,6.0,ttth,22,6
D15,7810202,5.5,4.8,7.25,,,,,,,,ttth,35,4
B00,7420201,,,,8.8,,,,,7.75,7.25,ttth,13,7
A00,7340201,,,,8.6,,,,7.75,7.75,,ttth,8,2
D07,7510401,,,6.4,7.4,,,,,8.5,,ttth,22,6
D01,7220201,7.8,,7.4,8.25,,,,,,,ttth,0,8
D01,7380107,7.0,,7.0,6.75,,,,,,,ttth,12,8
D15,7380107,7.25,7.6,9.25,,,,,,,,ttth,12,8
D01,7510203,5.0,,6.4,7.25,,,,,,,ttth,19,5
D01,7380107,6.8,,7.0,7.75,,,,,,,ttth,12,8
D01,7810201,7.4,,7.8,8.25,,,,,,,ttth,34,4
D07,7480201,,,7.6,8.0,,,,,7.75,,ttth,16,0
D07,7510406,,,8.6,8.0,,,,,7.0,,ttth,24,7
D01,7480201,9.0,,7.2,7.0,,,,,,,ttth,16,0
D01,7510202,4.8,,6.2,6.75,,,,,,,ttth,18,5
A00,7340101,,,,6.25,,,,8.5,7.8,,ttth,2,1
A00,7480201,,,,7.5,,,,8.25,7.4,,ttth,16,0
D07,7510303,,,7.0,7.75,,,,,7.0,,ttth,21,5
A01,7340201,,,7.6,8.25,,,,7.0,,,ttth,8,2
D01,7510202,5.0,,6.6,6.0,,,,,,,ttth,18,5
A00,7819010,,,,7.0,,,,7.0,6.8,,ttth,37,4
D01,7540204,5.8,,7.0,8.0,,,,,,,ttth,31,6
D01,7220201,6.2,,7.0,7.75,,,,,,,ttth,0,8
D07,7480201,,,8.0,7.25,,,,,6.2,,ttth,16,0
A00,7810202,,,,8.4,,,,7.0,8.0,,ttth,35,4
A00,7340101,,,,7.25,,,,7.5,7.8,,ttth,2,1
D01,7380107,7.2,,6.8,7.0,,,,,,,ttth,12,8
A00,7480202,,,,6.0,,,,7.0,6.6,,ttth,17,0
D07,7420201,,,5.6,7.5,,,,,7.4,,ttth,13,7
D01,7340120,6.2,,8.4,8.25,,,,,,,ttth,4,1
D01,7340120,7.25,,9.2,7.6,,,,,,,ttth,4,1
A00,7340120,,,,7.0,,,,7.5,8.8,,ttth,4,1
D01,7510202,6.25,,4.6,7.2,,,,,,,ttth,18,5
B00,7420201,,,,6.5,,,,,6.25,8.0,ttth,13,7
D01,7810201,6.2,,6.8,6.75,,,,,,,ttth,34,4
A01,7540106,,,7.4,6.5,,,,7.2,,,ttth,30,7
A00,7819010,,,,7.25,,,,5.25,7.4,,ttth,37,4
D01,7220201,7.4,,7.6,7.5,,,,,,,ttth,0,8
D01,7340201,7.6,,8.0,6.25,,,,,,,ttth,8,2
A01,7510203,,,6.2,6.5,,,,5.8,,,ttth,19,5
A01,7340122,,,7.8,8.0,,,,8.4,,,ttth,5,1
A00,7510203,,,,5.6,,,,7.0,5.0,,ttth,19,5
A00,7510303,,,,7.2,,,,5.25,6.75,,ttth,21,5
D01,7510202,5.6,,6.4,6.5,,,,,,,ttth,18,5
D01,7340201,6.2,,6.8,7.25,,,,,,,ttth,8,2
A00,7510303,,,,8.75,,,,7.0,7.8,,ttth,21,5
A01,7220201,,,7.6,7.75,,,,7.6,,,ttth,0,8
D01,7340120,8.25,,8.4,7.8,,,,,,,ttth,4,1
D15,7380107,7.25,7.2,7.5,,,,,,,,ttth,12,8
D01,7510303,7.75,,8.0,6.4,,,,,,,ttth,21,5
A00,7340129,,,,7.6,,,,6.75,6.75,,ttth,7,7
D01,7340101,7.4,,7.4,8.0,,,,,,,ttth,2,1
A00,7810202,,,,6.25,,,,6.75,6.8,,ttth,35,4
A00,7480202,,,,7.5,,,,8.0,7.8,,ttth,17,0
D01,7340101,7.2,,5.8,8.25,,,,,,,ttth,2,1
A00,7510401,,,,6.5,,,,7.75,7.8,,ttth,22,6
A00,7340115,,,,8.25,,,,7.25,8.0,,ttth,3,1
D01,7340115,7.8,,8.0,7.0,,,,,,,ttth,3,1
A00,7510301,,,,7.6,,,,5.0,5.5,,ttth,20,5
D01,7510203,7.4,,7.4,7.25,,,,,,,ttth,19,5
A01,7510406,,,7.0,8.0,,,,6.8,,,ttth,24,7
A01,7510402,,,7.4,7.0,,,,6.5,,,ttth,23,6
A01,7810202,,,7.0,7.8,,,,7.75,,,ttth,35,4
A00,7340301,,,,7.0,,,,7.25,6.8,,ttth,10,2
A01,7340120,,,8.8,7.8,,,,6.75,,,ttth,4,1
D07,7540101,,,8.8,7.6,,,,,8.25,,ttth,28,7
A00,7810103,,,,5.0,,,,8.0,7.4,,ttth,33,4
D01,7340201,6.75,,8.0,8.6,,,,,,,ttth,8,2
D01,7510303,8.0,,7.6,6.5,,,,,,,ttth,21,5
A00,7480201,,,,5.75,,,,8.5,7.6,,ttth,16,0
A00,7340101,,,,7.8,,,,7.5,8.5,,ttth,2,1
A00,7510401,,,,6.0,,,,7.0,7.75,,ttth,22,6
A00,7340301,,,,7.8,,,,6.5,8.5,,ttth,10,2
D01,7810202,7.0,,7.6,7.75,,,,,,,ttth,35,4
D15,7810202,6.75,9.2,7.0,,,,,,,,ttth,35,4
D09,7220204,,,7.0,7.25,,,7.4,,,,ttth,1,8
D01,7510301,6.8,,8.4,7.5,,,,,,,ttth,20,5
D01,7810103,6.4,,6.2,7.5,,,,,,,ttth,33,4
D15,7380107,7.5,5.6,7.75,,,,,,,,ttth,12,8
A00,7540101,,,,7.25,,,,7.5,8.2,,ttth,28,7
A00,7340120,,,,7.25,,,,7.25,8.2,,ttth,4,1
A00,7480202,,,,7.25,,,,7.0,6.8,,ttth,17,0
A00,7480201,,,,7.6,,,,7.0,7.75,,ttth,16,0
A01,7340101,,,8.2,6.5,,,,7.0,,,ttth,2,1
A00,7480202,,,,6.2,,,,7.75,6.5,,ttth,17,0
D01,7810202,5.0,,7.0,8.5,,,,,,,ttth,35,4
A00,7480201,,,,7.75,,,,8.0,8.2,,ttth,16,0
A00,7510203,,,,6.2,,,,6.5,4.25,,ttth,19,5
D01,7810201,6.75,,7.2,8.6,,,,,,,ttth,34,4
A00,7510303,,,,7.0,,,,6.25,7.6,,ttth,21,5
D01,7480202,6.75,,4.8,6.6,,,,,,,ttth,17,0
D01,7810202,8.0,,8.4,6.4,,,,,,,ttth,35,4
A00,7340120,,,,8.0,,,,7.5,6.2,,ttth,4,1
D01,7810202,6.0,,7.2,6.0,,,,,,,ttth,35,4
D01,7520115,6.2,,7.0,6.25,,,,,,,ttth,27,6
D01,7480201,6.0,,8.8,7.6,,,,,,,ttth,16,0
A00,7380107,,,,8.0,,,,7.75,7.0,,ttth,12,8
D01,7340101,6.5,,9.4,7.6,,,,,,,ttth,2,1
D01,7340120,7.2,,8.0,7.75,,,,,,,ttth,4,1
A00,7510202,,,,5.75,,,,5.5,7.2,,ttth,18,5
A00,7340101,,,,7.0,,,,7.75,8.0,,ttth,2,1
A00,7510401,,,,7.4,,,,7.0,6.5,,ttth,22,6
A00,7380107,,,,7.5,,,,7.5,7.2,,ttth,12,8
D01,7340120,6.8,,7.0,8.0,,,,,,,ttth,4,1
D07,7540101,,,7.8,8.4,,,,,7.5,,ttth,28,7
D01,7380107,8.4,,7.4,6.5,,,,,,,ttth,12,8
A00,7340120,,,,7.25,,,,7.75,7.4,,ttth,4,1
D07,7480201,,,7.8,7.25,,,,,8.8,,ttth,16,0
A00,7340101,,,,7.25,,,,7.25,7.4,,ttth,2,1
A00,7340115,,,,8.0,,,,7.5,7.0,,ttth,3,1
A01,7480201,,,8.2,7.0,,,,6.2,,,ttth,16,0
A00,7810103,,,,5.0,,,,7.25,8.2,,ttth,33,4
D07,7540101,,,8.0,8.4,,,,,7.75,,ttth,28,7
D01,7810201,5.75,,8.8,7.4,,,,,,,ttth,34,4
D15,7380107,6.75,5.6,7.25,,,,,,,,ttth,12,8
A00,7340205,,,,6.75,,,,8.5,7.2,,ttth,9,2
D01,7340115,7.6,,7.6,8.25,,,,,,,ttth,3,1
A00,7810202,,,,7.6,,,,7.5,9.0,,ttth,35,4
A01,7480201,,,6.8,7.0,,,,8.4,,,ttth,16,0
D07,7480201,,,8.2,8.5,,,,,7.0,,ttth,16,0
D01,7510303,6.6,,7.6,7.5,,,,,,,ttth,21,5
D01,7340201,8.2,,6.6,7.75,,,,,,,ttth,8,2
A00,7510301,,,,6.25,,,,5.75,7.4,,ttth,20,5
A00,7510203,,,,6.0,,,,6.75,7.8,,ttth,19,5
A01,7340101,,,9.2,8.2,,,,7.5,,,ttth,2,1
D01,7340115,8.8,,7.4,8.25,,,,,,,ttth,3,1
A01,7340115,,,8.4,6.75,,,,9.0,,,ttth,3,1
D01,7510303,4.0,,7.0,7.0,,,,,,,ttth,21,5
D01,7510203,5.0,,7.2,7.0,,,,,,,ttth,19,5
D01,7540204,5.0,,5.0,7.2,,,,,,,ttth,31,6
A01,7480202,,,8.0,8.0,,,,7.8,,,ttth,17,0
D01,7340122,5.6,,7.4,8.5,,,,,,,ttth,5,1
A00,7340301,,,,8.6,,,,6.5,7.25,,ttth,10,2
A01,7340120,,,8.4,7.25,,,,7.8,,,ttth,4,1
A01,7340101,,,8.6,7.8,,,,6.75,,,ttth,2,1
D01,7480201,7.8,,7.4,7.75,,,,,,,ttth,16,0
D01,7810201,5.6,,7.2,6.0,,,,,,,ttth,34,4
A00,7340115,,,,8.25,,,,7.5,8.0,,ttth,3,1
A00,7460108,,,,6.0,,,,6.0,6.8,,ttth,14,0
D01,7340201,6.8,,7.2,7.0,,,,,,,ttth,8,2
D01,7340201,6.6,,6.2,8.0,,,,,,,ttth,8,2
D01,7340120,7.0,,7.6,8.75,,,,,,,ttth,4,1
D01,7340123,6.6,,7.8,8.25,,,,,,,ttth,6,3
B00,7420201,,,,6.4,,,,,6.75,5.5,ttth,13,7
D07,7480201,,,7.8,8.25,,,,,8.2,,ttth,16,0
D01,7220204,8.0,,7.6,7.4,,,,,,,ttth,1,8
A00,7810201,,,,7.6,,,,8.75,7.25,,ttth,34,4
D07,7510303,,,7.8,6.8,,,,,6.25,,ttth,21,5
D01,7340301,8.75,,8.0,8.2,,,,,,,ttth,10,2
A00,7540101,,,,8.0,,,,7.75,7.0,,ttth,28,7
D01,7480202,6.4,,8.2,7.75,,,,,,,ttth,17,0
D07,7480201,,,7.8,8.4,,,,,7.25,,ttth,16,0
D07,7819010,,,7.6,8.0,,,,,6.8,,ttth,37,4
D01,7340115,7.4,,7.4,8.0,,,,,,,ttth,3,1
A01,7340301,,,8.0,7.75,,,,8.4,,,ttth,10,2
A00,7540204,,,,8.0,,,,6.5,5.0,,ttth,31,6
D01,7810103,6.0,,6.8,7.0,,,,,,,ttth,33,4
D01,7480201,7.75,,9.0,7.2,,,,,,,ttth,16,0
D01,7510301,5.6,,6.6,9.25,,,,,,,ttth,20,5
A00,7340122,,,,7.0,,,,7.75,8.2,,ttth,5,1
D01,7540204,7.75,,8.6,6.6,,,,,,,ttth,31,6
A00,7810201,,,,6.75,,,,8.75,7.2,,ttth,34,4
D01,7340120,7.75,,8.4,7.2,,,,,,,ttth,4,1
D01,7340120,8.0,,7.2,7.5,,,,,,,ttth,4,1
A01,7510303,,,8.6,7.0,,,,6.4,,,ttth,21,5
B00,7850101,,,,7.2,,,,,7.0,6.0,ttth,38,7
A01,7480201,,,7.4,7.25,,,,9.2,,,ttth,16,0
A01,7340120,,,7.8,7.25,,,,7.8,,,ttth,4,1
A01,7340201,,,7.6,8.6,,,,6.75,,,ttth,8,2
D01,7510202,7.0,,5.6,7.0,,,,,,,ttth,18,5
D01,7380107,7.0,,7.0,8.25,,,,,,,ttth,12,8
D07,7480201,,,7.2,7.8,,,,,7.25,,ttth,16,0
A00,7540204,,,,6.6,,,,5.75,6.5,,ttth,31,6
A00,7540105,,,,7.6,,,,6.75,6.75,,ttth,29,7
A00,7540101,,,,8.0,,,,8.25,8.0,,ttth,28,7
A00,7480201,,,,8.8,,,,8.25,7.0,,ttth,16,0
A00,7810202,,,,7.75,,,,6.75,7.6,,ttth,35,4
D07,7420201,,,7.0,6.5,,,,,7.2,,ttth,13,7
A00,7340101,,,,7.75,,,,7.75,8.0,,ttth,2,1
D09,7220204,,,7.8,9.25,,,6.0,,,,ttth,1,8
D01,7220201,6.2,,6.2,9.0,,,,,,,ttth,0,8
A01,7480201,,,8.0,5.5,,,,8.6,,,ttth,16,0
A01,7480201,,,8.4,6.5,,,,7.8,,,ttth,16,0
A01,7220201,,,7.8,8.0,,,,7.5,,,ttth,0,8
A00,7510301,,,,7.25,,,,7.75,8.0,,ttth,20,5
D01,7340120,6.25,,9.0,8.4,,,,,,,ttth,4,1
D01,7340115,6.4,,7.6,8.5,,,,,,,ttth,3,1
A00,7540101,,,,8.4,,,,8.0,8.0,,ttth,28,7
D07,7540106,,,7.8,6.8,,,,,7.75,,ttth,30,7
D07,7510401,,,7.8,7.8,,,,,8.0,,ttth,22,6
A01,7220201,,,9.0,8.0,,,,7.25,,,ttth,0,8
D07,7480201,,,7.4,7.0,,,,,7.2,,ttth,16,0
D01,7510301,9.0,,7.2,6.25,,,,,,,ttth,20,5
D01,7220204,7.25,,8.4,7.4,,,,,,,ttth,1,8
A00,7540101,,,,7.75,,,,7.25,7.2,,ttth,28,7
D01,7510301,9.0,,7.6,6.25,,,,,,,ttth,20,5
A01,7510303,,,7.0,6.75,,,,7.4,,,ttth,21,5
A00,7510303,,,,7.8,,,,6.75,6.0,,ttth,21,5
D01,7380107,4.6,,7.0,9.0,,,,,,,ttth,12,8
A00,7810202,,,,8.4,,,,7.25,7.5,,ttth,35,4
D07,7819009,,,7.0,7.25,,,,,6.6,,ttth,36,4
D01,7480202,6.6,,7.2,7.5,,,,,,,ttth,17,0
D01,7340201,7.25,,8.0,8.4,,,,,,,ttth,8,2
A00,7340101,,,,6.5,,,,8.0,7.8,,ttth,2,1
D01,7510202,4.2,,6.0,6.75,,,,,,,ttth,18,5
A00,7510301,,,,5.75,,,,5.75,6.0,,ttth,20,5
D01,7340115,6.6,,7.4,8.25,,,,,,,ttth,3,1
D01,7340205,7.8,,6.2,6.5,,,,,,,ttth,9,2
A00,7520115,,,,6.5,,,,6.0,7.6,,ttth,27,6
D01,7340129,7.0,,7.0,6.6,,,,,,,ttth,7,7
A01,7420201,,,6.0,6.75,,,,7.6,,,ttth,13,7
A00,7340301,,,,6.25,,,,7.0,6.8,,ttth,10,2
A00,7340115,,,,7.5,,,,8.0,7.2,,ttth,3,1
D01,7340120,8.0,,7.6,7.75,,,,,,,ttth,4,1
D01,7510202,5.4,,7.2,6.75,,,,,,,ttth,18,5
D01,7340120,8.4,,7.6,7.5,,,,,,,ttth,4,1
A00,7340122,,,,8.0,,,,8.75,7.2,,ttth,5,1
D01,7220204,7.2,,7.0,8.25,,,,,,,ttth,1,8
A00,7480201,,,,7.8,,,,7.5,7.75,,ttth,16,0
D15,7810201,6.5,6.4,5.5,,,,,,,,ttth,34,4
A00,7850101,,,,7.5,,,,6.75,7.2,,ttth,38,7
D01,7340101,8.5,,8.8,8.0,,,,,,,ttth,2,1
A00,7850101,,,,7.6,,,,6.25,5.5,,ttth,38,7
A00,7340101,,,,9.2,,,,7.75,7.0,,ttth,2,1
A00,7510401,,,,7.2,,,,6.0,7.25,,ttth,22,6
D01,7340301,7.8,,7.6,7.5,,,,,,,ttth,10,2
A00,7510303,,,,8.6,,,,5.5,7.25,,ttth,21,5
D01,7220204,7.0,,7.0,8.0,,,,,,,ttth,1,8
A00,7460108,,,,6.5,,,,7.0,6.4,,ttth,14,0
B00,7420201,,,,8.5,,,,,8.25,8.0,ttth,13,7
A00,7340301,,,,7.75,,,,7.5,8.0,,ttth,10,2
D01,7510301,6.0,,7.4,7.0,,,,,,,ttth,20,5
D01,7480201,7.75,,8.4,7.0,,,,,,,ttth,16,0
B00,7420201,,,,5.0,,,,,6.5,6.6,ttth,13,7
D01,7220204,8.25,,6.8,8.0,,,,,,,ttth,1,8
A00,7380107,,,,6.25,,,,8.0,8.0,,ttth,12,8
A00,7480201,,,,7.6,,,,6.25,8.75,,ttth,16,0
A00,7510303,,,,7.6,,,,5.5,6.75,,ttth,21,5
D15,7810202,7.5,5.4,8.5,,,,,,,,ttth,35,4
A00,7340301,,,,8.0,,,,7.75,7.6,,ttth,10,2
A00,7340115,,,,7.5,,,,7.5,8.6,,ttth,3,1
D01,7810103,6.25,,9.2,8.4,,,,,,,ttth,33,4
D09,7220201,,,6.8,8.5,,,6.4,,,,ttth,0,8
D01,7340101,7.2,,7.8,7.0,,,,,,,ttth,2,1
A00,7510203,,,,8.8,,,,7.75,4.25,,ttth,19,5
D01,7540204,7.0,,8.4,7.0,,,,,,,ttth,31,6
A01,7510301,,,8.0,7.0,,,,6.0,,,ttth,20,5
A00,7340101,,,,8.2,,,,7.25,8.25,,ttth,2,1
A00,7480202,,,,7.8,,,,6.75,7.0,,ttth,17,0
A01,7850101,,,6.8,6.25,,,,6.6,,,ttth,38,7
B00,7540101,,,,7.5,,,,,7.0,8.2,ttth,28,7
A00,7510203,,,,7.5,,,,6.0,7.0,,ttth,19,5
D01,7510303,5.75,,5.8,5.0,,,,,,,ttth,21,5
A00,7480201,,,,7.75,,,,7.5,8.4,,ttth,16,0
D01,7810202,8.2,,7.8,6.0,,,,,,,ttth,35,4
D07,7420201,,,7.0,5.6,,,,,7.0,,ttth,13,7
D01,7340122,7.2,,7.6,8.5,,,,,,,ttth,5,1
A00,7340115,,,,7.25,,,,7.0,7.8,,ttth,3,1
A00,7340101,,,,8.2,,,,7.25,8.25,,ttth,2,1
D01,7340122,5.4,,7.4,9.0,,,,,,,ttth,5,1
A00,7480201,,,,7.25,,,,8.0,8.0,,ttth,16,0
A00,7380107,,,,7.5,,,,7.5,7.4,,ttth,12,8
A00,7340120,,,,6.75,,,,7.5,6.8,,ttth,4,1
D07,7480201,,,8.2,7.5,,,,,8.4,,ttth,16,0
A00,7480201,,,,7.5,,,,8.25,7.2,,ttth,16,0
D01,7220204,8.5,,7.2,8.6,,,,,,,ttth,1,8
D07,7480201,,,7.8,8.0,,,,,8.0,,ttth,16,0
A01,7340115,,,7.8,8.0,,,,8.8,,,ttth,3,1
D01,7340122,7.6,,7.0,7.0,,,,,,,ttth,5,1
A01,7340115,,,7.8,7.5,,,,8.8,,,ttth,3,1
D01,7480201,6.6,,7.4,7.5,,,,,,,ttth,16,0
D01,7810201,7.0,,8.2,7.4,,,,,,,ttth,34,4
A00,7340201,,,,7.8,,,,7.25,8.25,,ttth,8,2
D09,7220204,,,6.2,9.25,,,6.6,,,,ttth,1,8
A00,7340101,,,,8.25,,,,7.25,8.0,,ttth,2,1
A00,7520115,,,,6.5,,,,6.75,6.0,,ttth,27,6
D01,7480202,6.6,,6.6,6.0,,,,,,,ttth,17,0
D01,7810103,7.5,,7.6,7.0,,,,,,,ttth,33,4
A00,7819010,,,,8.25,,,,7.25,7.6,,ttth,37,4
D01,7810202,8.25,,8.0,7.8,,,,,,,ttth,35,4
D01,7510301,3.6,,7.0,6.0,,,,,,,ttth,20,5
A00,7460108,,,,6.75,,,,7.75,8.0,,ttth,14,0
B00,7510401,,,,7.2,,,,,9.0,9.25,ttth,22,6
A00,7540101,,,,7.25,,,,7.0,7.4,,ttth,28,7
D01,7340101,6.8,,8.2,8.0,,,,,,,ttth,2,1
D01,7510202,5.5,,3.8,6.8,,,,,,,ttth,18,5
D09,7220204,,,7.4,9.25,,,5.6,,,,ttth,1,8
A00,7340115,,,,8.25,,,,7.75,7.6,,ttth,3,1
A00,7480201,,,,8.0,,,,7.25,7.5,,ttth,16,0
A00,7380107,,,,7.6,,,,5.25,8.0,,ttth,12,8
D01,7380107,7.0,,7.4,7.4,,,,,,,ttth,12,8
A00,7510303,,,,7.8,,,,8.5,9.0,,ttth,21,5
A00,7510301,,,,5.75,,,,7.0,7.8,,ttth,20,5
D07,7460108,,,7.6,7.25,,,,,5.6,,ttth,14,0
D01,7510301,6.6,,5.4,6.5,,,,,,,ttth,20,5
D01,7810201,7.8,,6.6,5.75,,,,,,,ttth,34,4
A00,7340201,,,,8.25,,,,8.75,7.6,,ttth,8,2
B00,7510401,,,,6.5,,,,,7.0,6.4,ttth,22,6
A00,7810201,,,,8.0,,,,7.25,7.75,,ttth,34,4
A01,7810202,,,8.8,8.4,,,,6.75,,,ttth,35,4
D01,7340301,8.0,,7.0,8.5,,,,,,,ttth,10,2
D01,7340123,7.2,,7.4,5.75,,,,,,,ttth,6,3
A00,7380107,,,,6.8,,,,7.0,7.75,,ttth,12,8
B00,7540105,,,,8.2,,,,,4.5,5.25,ttth,29,7
A00,7340301,,,,6.75,,,,7.0,7.8,,ttth,10,2
A01,7340129,,,8.2,8.0,,,,8.4,,,ttth,7,7
A00,7340122,,,,8.0,,,,7.0,7.8,,ttth,5,1
D01,7340301,8.25,,6.2,8.2,,,,,,,ttth,10,2
A00,7480201,,,,8.6,,,,7.5,7.75,,ttth,16,0
D01,7340201,7.2,,6.8,7.75,,,,,,,ttth,8,2
A01,7510303,,,8.8,5.8,,,,5.5,,,ttth,21,5
A00,7380107,,,,6.0,,,,7.5,7.8,,ttth,12,8
A00,7340115,,,,8.5,,,,6.75,9.2,,ttth,3,1
A00,7340129,,,,7.0,,,,7.25,8.0,,ttth,7,7
D01,7340120,6.4,,7.2,8.25,,,,,,,ttth,4,1
A00,7480201,,,,7.5,,,,7.5,8.2,,ttth,16,0
D07,7510401,,,8.4,7.0,,,,,8.0,,ttth,22,6
A01,7480201,,,6.8,7.5,,,,7.8,,,ttth,16,0
D01,7340301,6.4,,7.0,8.25,,,,,,,ttth,10,2
A00,7340301,,,,7.4,,,,7.5,8.0,,ttth,10,2
D07,7510303,,,6.0,7.5,,,,,4.4,,ttth,21,5
A00,7480201,,,,8.8,,,,7.0,7.75,,ttth,16,0
D01,7340201,8.25,,8.0,6.8,,,,,,,ttth,8,2
A00,7510301,,,,6.0,,,,6.0,7.0,,ttth,20,5
D07,7510301,,,8.4,6.8,,,,,6.0,,ttth,20,5
A01,7510401,,,8.2,7.6,,,,6.25,,,ttth,22,6
A00,7540101,,,,7.25,,,,8.25,8.0,,ttth,28,7
A00,7420201,,,,6.75,,,,5.0,8.2,,ttth,13,7
A00,7340120,,,,6.5,,,,7.25,8.0,,ttth,4,1
A00,7340201,,,,7.5,,,,7.5,8.2,,ttth,8,2
A00,7340201,,,,7.6,,,,7.75,7.25,,ttth,8,2
B00,7540101,,,,7.75,,,,,6.5,8.2,ttth,28,7
D01,7380107,5.0,,5.6,8.5,,,,,,,ttth,12,8
D01,7380107,5.4,,7.4,8.25,,,,,,,ttth,12,8
D07,7510401,,,6.8,7.0,,,,,6.75,,ttth,22,6
D01,7510202,6.5,,6.2,5.6,,,,,,,ttth,18,5
A00,7540101,,,,7.8,,,,8.0,8.0,,ttth,28,7
B00,7420201,,,,7.6,,,,,8.75,6.5,ttth,13,7
B00,7420201,,,,6.5,,,,,7.0,6.8,ttth,13,7
B00,7540101,,,,8.25,,,,,8.0,8.2,ttth,28,7
A00,7460108,,,,6.75,,,,7.5,7.2,,ttth,14,0
A00,7380107,,,,6.5,,,,7.5,7.0,,ttth,12,8
A01,7480202,,,6.6,6.25,,,,7.0,,,ttth,17,0
A00,7540101,,,,8.2,,,,8.25,7.75,,ttth,28,7
D07,7540101,,,8.0,7.25,,,,,7.6,,ttth,28,7
A00,7510202,,,,7.0,,,,7.25,7.2,,ttth,18,5
D07,7819010,,,6.4,5.5,,,,,7.8,,ttth,37,4
B00,7540106,,,,6.8,,,,,7.0,6.25,ttth,30,7
D07,7510301,,,6.0,6.4,,,,,7.5,,ttth,20,5
D01,7460108,6.6,,7.2,6.0,,,,,,,ttth,14,0
D01,7340101,7.2,,7.2,7.5,,,,,,,ttth,2,1
A00,7340101,,,,8.2,,,,7.75,7.5,,ttth,2,1
D01,7340201,7.2,,6.2,8.25,,,,,,,ttth,8,2
D01,7510203,6.75,,5.6,7.6,,,,,,,ttth,19,5
A00,7340120,,,,8.2,,,,8.5,8.0,,ttth,4,1
D01,7510303,6.75,,6.0,6.6,,,,,,,ttth,21,5
A00,7510401,,,,7.2,,,,7.0,8.0,,ttth,22,6
D01,7340201,7.0,,8.8,7.6,,,,,,,ttth,8,2
A01,7480201,,,7.6,7.8,,,,7.75,,,ttth,16,0
A00,7340101,,,,7.25,,,,7.0,7.6,,ttth,2,1
D01,7220204,7.75,,9.0,7.6,,,,,,,ttth,1,8
D01,7340129,7.25,,6.8,8.2,,,,,,,ttth,7,7
A00,7480201,,,,7.8,,,,8.0,7.0,,ttth,16,0
A00,7540204,,,,7.2,,,,5.75,6.75,,ttth,31,6
D01,7340120,7.0,,7.6,8.4,,,,,,,ttth,4,1
D01,7340301,6.8,,7.6,7.25,,,,,,,ttth,10,2
D01,7340123,7.25,,4.2,5.4,,,,,,,ttth,6,3
A00,7510203,,,,6.75,,,,8.0,6.8,,ttth,19,5
A00,7420201,,,,6.75,,,,7.75,7.2,,ttth,13,7
D07,7480201,,,8.4,7.75,,,,,7.6,,ttth,16,0
D01,7510203,4.6,,6.4,7.0,,,,,,,ttth,19,5
A00,7480202,,,,6.25,,,,7.0,7.2,,ttth,17,0
D01,7810202,4.6,,5.4,8.25,,,,,,,ttth,35,4
D01,7340129,7.0,,7.8,7.0,,,,,,,ttth,7,7
D01,7340120,7.0,,7.4,6.75,,,,,,,ttth,4,1
A01,7810201,,,7.2,7.75,,,,7.6,,,ttth,34,4
A00,7480201,,,,8.2,,,,7.0,7.5,,ttth,16,0
D01,7510301,6.25,,4.0,7.0,,,,,,,ttth,20,5
A00,7510303,,,,7.25,,,,6.25,8.2,,ttth,21,5
D01,7340115,8.4,,7.2,7.75,,,,,,,ttth,3,1
A00,7510301,,,,6.5,,,,5.5,6.6,,ttth,20,5
B00,7540101,,,,7.75,,,,,8.75,7.8,ttth,28,7
A00,7340101,,,,7.5,,,,7.5,7.4,,ttth,2,1
D01,7340122,7.4,,6.6,8.0,,,,,,,ttth,5,1
A00,7340201,,,,5.25,,,,8.25,8.0,,ttth,8,2
A01,7540101,,,8.8,8.2,,,,7.75,,,ttth,28,7
D01,7340301,5.2,,7.2,8.25,,,,,,,ttth,10,2
A01,7819009,,,7.2,7.75,,,,7.8,,,ttth,36,4
D01,7480201,7.2,,8.2,6.25,,,,,,,ttth,16,0
D01,7380107,8.75,,7.2,7.4,,,,,,,ttth,12,8
A00,7340201,,,,7.6,,,,8.25,6.75,,ttth,8,2
A00,7510401,,,,7.5,,,,7.25,7.0,,ttth,22,6
D15,7810103,7.5,6.2,8.5,,,,,,,,ttth,33,4
A00,7510202,,,,6.8,,,,6.5,7.25,,ttth,18,5
D01,7510301,5.25,,4.8,7.4,,,,,,,ttth,20,5
A01,7340120,,,8.8,8.2,,,,7.0,,,ttth,4,1
A00,7340115,,,,7.75,,,,8.0,8.0,,ttth,3,1
D01,7220204,7.5,,8.2,8.0,,,,,,,ttth,1,8
A01,7510202,,,7.4,6.75,,,,7.2,,,ttth,18,5
D01,7510303,6.0,,7.2,5.25,,,,,,,ttth,21,5
D01,7480201,7.25,,6.6,8.2,,,,,,,ttth,16,0
A01,7480201,,,7.4,8.6,,,,7.0,,,ttth,16,0
A00,7510301,,,,7.4,,,,5.75,5.25,,ttth,20,5
D07,7420201,,,7.2,7.0,,,,,5.8,,ttth,13,7
A00,7540106,,,,7.6,,,,6.0,7.5,,ttth,30,7
D01,7480201,7.8,,7.4,7.92,,,,,,,ttth,16,0
D07,7520115,,,5.8,6.25,,,,,6.8,,ttth,27,6
D01,7510203,7.2,,6.6,6.25,,,,,,,ttth,19,5
A00,7340101,,,,7.75,,,,7.75,7.6,,ttth,2,1
A01,7480201,,,9.0,8.2,,,,6.5,,,ttth,16,0
D07,7480201,,,8.2,8.25,,,,,9.4,,ttth,16,0
B00,7819010,,,,6.0,,,,,5.0,6.6,ttth,37,4
B00,7819010,,,,6.75,,,,,7.5,6.8,ttth,37,4
D01,7340115,8.4,,7.2,8.5,,,,,,,ttth,3,1
A00,7540101,,,,7.75,,,,7.5,8.2,,ttth,28,7
B00,7540101,,,,8.0,,,,,6.75,7.8,ttth,28,7
D01,7340101,8.0,,7.4,8.0,,,,,,,ttth,2,1
B00,7850101,,,,7.2,,,,,5.25,4.25,ttth,38,7
D01,7510301,5.0,,7.6,7.2,,,,,,,ttth,20,5
A01,7480201,,,7.6,8.8,,,,6.5,,,ttth,16,0
D01,7380107,7.0,,7.6,8.2,,,,,,,ttth,12,8
B00,7540101,,,,8.5,,,,,8.25,7.4,ttth,28,7
D01,7220204,8.25,,7.6,8.0,,,,,,,ttth,1,8
A01,7819009,,,6.8,6.25,,,,6.0,,,ttth,36,4
A00,7340101,,,,7.8,,,,8.0,8.5,,ttth,2,1
D01,7510202,7.8,,5.2,5.5,,,,,,,ttth,18,5
D07,7540101,,,9.0,7.6,,,,,7.75,,ttth,28,7
D01,7380107,8.75,,5.6,7.4,,,,,,,ttth,12,8
A00,7510301,,,,8.0,,,,6.5,6.5,,ttth,20,5
D01,7340201,7.5,,9.0,7.0,,,,,,,ttth,8,2
A00,7510303,,,,6.5,,,,5.5,6.8,,ttth,21,5
A00,7510303,,,,7.0,,,,5.0,5.5,,ttth,21,5
D01,7340120,6.4,,7.8,7.0,,,,,,,ttth,4,1
B00,7540101,,,,8.0,,,,,8.5,8.75,ttth,28,7
A01,7510401,,,7.8,6.0,,,,5.6,,,ttth,22,6
D01,7220204,6.4,,7.4,7.25,,,,,,,ttth,1,8
D01,7340120,9.0,,8.4,6.8,,,,,,,ttth,4,1
A00,7480201,,,,7.25,,,,7.75,7.4,,ttth,16,0
A00,7480202,,,,6.75,,,,5.0,6.6,,ttth,17,0
B00,7540101,,,,8.5,,,,,6.5,8.2,ttth,28,7
A00,7340115,,,,8.0,,,,6.5,8.0,,ttth,3,1
A00,7340115,,,,7.75,,,,8.5,7.8,,ttth,3,1
A00,7340115,,,,8.0,,,,7.75,8.2,,ttth,3,1
D01,7340129,7.5,,7.4,7.0,,,,,,,ttth,7,7
D01,7510303,7.0,,6.6,8.6,,,,,,,ttth,21,5
A00,7340301,,,,6.75,,,,6.0,7.4,,ttth,10,2
D07,7510303,,,6.8,6.0,,,,,6.6,,ttth,21,5
D01,7340120,6.75,,8.6,7.6,,,,,,,ttth,4,1
D01,7340115,8.5,,7.4,8.0,,,,,,,ttth,3,1
A01,7540101,,,7.8,6.25,,,,7.2,,,ttth,28,7
D01,7810103,7.5,,7.6,7.8,,,,,,,ttth,33,4
D01,7810201,4.8,,7.2,7.0,,,,,,,ttth,34,4
D01,7340115,6.8,,8.4,8.25,,,,,,,ttth,3,1
A00,7340120,,,,8.0,,,,8.5,8.4,,ttth,4,1
A00,7810201,,,,6.75,,,,6.75,7.6,,ttth,34,4
A00,7510301,,,,7.8,,,,6.25,6.25,,ttth,20,5
A00,7340122,,,,7.75,,,,7.0,7.6,,ttth,5,1
D01,7480201,8.0,,6.4,7.75,,,,,,,ttth,16,0
D01,7340120,8.0,,7.4,7.25,,,,,,,ttth,4,1
D01,7220201,7.75,,8.8,8.2,,,,,,,ttth,0,8
A00,7540101,,,,9.2,,,,7.0,8.25,,ttth,28,7
A00,7810202,,,,7.0,,,,6.0,6.8,,ttth,35,4
A01,7340123,,,9.2,7.8,,,,7.5,,,ttth,6,3
D07,7480202,,,8.0,8.5,,,,,8.6,,ttth,17,0
A00,7810201,,,,7.5,,,,7.5,7.6,,ttth,34,4
D01,7810201,7.25,,9.0,7.0,,,,,,,ttth,34,4
D01,7810103,5.6,,7.0,7.0,,,,,,,ttth,33,4
A01,7340120,,,8.6,7.6,,,,7.0,,,ttth,4,1
A00,7540106,,,,7.2,,,,6.0,6.75,,ttth,30,7
D01,7340301,7.0,,7.0,7.25,,,,,,,ttth,10,2
B00,7420201,,,,7.2,,,,,6.25,6.0,ttth,13,7
A00,7540204,,,,8.0,,,,6.25,6.75,,ttth,31,6
D01,7480201,8.0,,8.2,7.0,,,,,,,ttth,16,0
A00,7480201,,,,8.6,,,,7.0,6.5,,ttth,16,0
D01,7510303,6.0,,6.6,8.25,,,,,,,ttth,21,5
D01,7810201,4.4,,6.8,7.25,,,,,,,ttth,34,4
D01,7540204,7.25,,5.2,7.6,,,,,,,ttth,31,6
B00,7420201,,,,6.25,,,,,5.75,5.6,ttth,13,7
A00,7810202,,,,8.4,,,,7.75,7.25,,ttth,35,4
A00,7480201,,,,7.8,,,,6.75,8.0,,ttth,16,0
B00,7540101,,,,8.75,,,,,7.25,8.2,ttth,28,7
D01,7340115,7.2,,7.0,8.5,,,,,,,ttth,3,1
A01,7340101,,,6.4,8.0,,,,7.4,,,ttth,2,1
D15,7380107,6.25,7.0,7.5,,,,,,,,ttth,12,8
D07,7480201,,,7.2,7.25,,,,,6.6,,ttth,16,0
D01,7220201,6.6,,8.0,8.5,,,,,,,ttth,0,8
A01,7340101,,,8.2,8.0,,,,6.8,,,ttth,2,1
D09,7220201,,,8.2,7.2,,,8.25,,,,ttth,0,8
D01,7810103,8.2,,7.8,6.5,,,,,,,ttth,33,4
D01,7810201,7.0,,8.6,7.2,,,,,,,ttth,34,4
D01,7380107,7.2,,8.4,7.5,,,,,,,ttth,12,8
D01,7540204,7.4,,6.6,5.75,,,,,,,ttth,31,6
A00,7340101,,,,8.4,,,,7.5,8.5,,ttth,2,1
D01,7340201,5.4,,7.0,8.25,,,,,,,ttth,8,2
B00,7510401,,,,7.2,,,,,7.75,8.25,ttth,22,6
D01,7340115,7.2,,7.0,8.5,,,,,,,ttth,3,1
A00,7480201,,,,7.0,,,,8.25,7.8,,ttth,16,0
D01,7810201,7.4,,6.6,8.25,,,,,,,ttth,34,4
A00,7340101,,,,8.25,,,,7.5,8.2,,ttth,2,1
A00,7540106,,,,7.2,,,,6.25,7.5,,ttth,30,7
D01,7340115,7.8,,8.0,8.0,,,,,,,ttth,3,1
D07,7819010,,,6.4,4.5,,,,,7.6,,ttth,37,4
A00,7480202,,,,7.2,,,,5.5,4.75,,ttth,17,0
D01,7340115,6.2,,7.8,8.75,,,,,,,ttth,3,1
D01,7480201,7.4,,8.2,8.75,,,,,,,ttth,16,0
D01,7340120,7.0,,7.4,8.25,,,,,,,ttth,4,1
D09,7220204,,,6.8,9.0,,,8.0,,,,ttth,1,8
B00,7819010,,,,7.0,,,,,6.75,7.0,ttth,37,4
D01,7510202,6.8,,6.6,6.0,,,,,,,ttth,18,5
A00,7340115,,,,7.5,,,,8.25,8.6,,ttth,3,1
A00,7540101,,,,8.0,,,,8.0,6.6,,ttth,28,7
D01,7480201,6.8,,7.8,8.5,,,,,,,ttth,16,0
D07,7420201,,,8.8,7.6,,,,,7.5,,ttth,13,7
A01,7540106,,,7.4,7.6,,,,6.0,,,ttth,30,7
A00,7480201,,,,8.0,,,,7.25,7.75,,ttth,16,0
D15,7810201,7.75,5.0,8.0,,,,,,,,ttth,34,4
A01,7480201,,,8.4,7.5,,,,7.6,,,ttth,16,0
D01,7220201,6.8,,7.0,7.25,,,,,,,ttth,0,8
A00,7540101,,,,8.4,,,,8.25,7.5,,ttth,28,7
D01,7220204,7.5,,7.6,7.8,,,,,,,ttth,1,8
A01,7340201,,,10.0,8.6,,,,7.75,,,ttth,8,2
D01,7340101,7.2,,6.6,7.25,,,,,,,ttth,2,1
A00,7810103,,,,7.4,,,,7.0,8.5,,ttth,33,4
A01,7540101,,,8.6,8.0,,,,7.0,,,ttth,28,7
A00,7340301,,,,8.0,,,,7.75,8.0,,ttth,10,2
D01,7220201,9.0,,6.2,7.0,,,,,,,ttth,0,8
D01,7340301,6.2,,6.4,8.5,,,,,,,ttth,10,2
B00,7420201,,,,7.6,,,,,6.0,6.5,ttth,13,7
A00,7510202,,,,7.25,,,,6.75,5.6,,ttth,18,5
D01,7220201,7.2,,8.6,7.5,,,,,,,ttth,0,8
D01,7380107,8.5,,7.0,7.4,,,,,,,ttth,12,8
D01,7220201,8.0,,9.4,8.2,,,,,,,ttth,0,8
D01,7480201,8.0,,6.8,8.6,,,,,,,ttth,16,0
D07,7510303,,,5.4,7.25,,,,,6.6,,ttth,21,5
A00,7510203,,,,5.25,,,,4.75,6.4,,ttth,19,5
A01,7480201,,,7.6,8.0,,,,7.0,,,ttth,16,0
D01,7340115,7.2,,7.4,7.75,,,,,,,ttth,3,1
D01,7510303,6.4,,7.6,7.25,,,,,,,ttth,21,5
A00,7420201,,,,7.0,,,,6.0,6.75,,ttth,13,7
A00,7340101,,,,8.0,,,,8.0,7.0,,ttth,2,1
A00,7340115,,,,7.75,,,,6.5,7.8,,ttth,3,1
D01,7810202,8.0,,7.2,7.0,,,,,,,ttth,35,4
D01,7220201,8.25,,8.6,6.4,,,,,,,ttth,0,8
A00,7340101,,,,7.5,,,,7.5,7.6,,ttth,2,1
A00,7480202,,,,7.5,,,,6.0,7.4,,ttth,17,0
A00,7510401,,,,7.6,,,,7.75,8.25,,ttth,22,6
D01,7340115,7.0,,7.4,7.75,,,,,,,ttth,3,1
A00,7480201,,,,8.75,,,,8.5,8.2,,ttth,16,0
A00,7420201,,,,7.5,,,,7.25,7.8,,ttth,13,7
D15,7810201,6.5,6.6,6.75,,,,,,,,ttth,34,4
D01,7810103,7.4,,7.0,7.0,,,,,,,ttth,33,4
D01,7480202,7.2,,7.4,7.75,,,,,,,ttth,17,0
B00,7850101,,,,6.75,,,,,6.5,6.6,ttth,38,7
A01,7480201,,,8.4,7.5,,,,7.8,,,ttth,16,0
D01,7220201,7.25,,9.2,7.8,,,,,,,ttth,0,8
A00,7810202,,,,7.6,,,,7.25,7.5,,ttth,35,4
A00,7510401,,,,7.0,,,,7.75,8.2,,ttth,22,6
A01,7810103,,,8.6,7.2,,,,6.75,,,ttth,33,4
A01,7810103,,,5.6,6.75,,,,6.8,,,ttth,33,4
D01,7480202,6.2,,5.4,6.0,,,,,,,ttth,17,0
D01,7340120,7.25,,8.4,7.4,,,,,,,ttth,4,1
A00,7510301,,,,6.4,,,,5.5,6.25,,ttth,20,5
D01,7540204,6.6,,7.8,8.25,,,,,,,ttth,31,6
D01,7340120,8.0,,6.8,8.75,,,,,,,ttth,4,1
D07,7480202,,,7.2,7.5,,,,,7.6,,ttth,17,0
A00,7480201,,,,7.8,,,,7.25,7.5,,ttth,16,0
A00,7480201,,,,8.2,,,,6.75,8.0,,ttth,16,0
A01,7340101,,,8.4,8.2,,,,8.0,,,ttth,2,1
D01,7480201,7.8,,6.8,7.75,,,,,,,ttth,16,0
A01,7340122,,,8.2,7.5,,,,7.8,,,ttth,5,1
D01,7380107,7.2,,6.8,7.75,,,,,,,ttth,12,8
D01,7340301,6.0,,7.2,7.5,,,,,,,ttth,10,2
D01,7510301,7.4,,6.6,7.5,,,,,,,ttth,20,5
A00,7510406,,,,5.5,,,,5.25,5.6,,ttth,24,7
A00,7540101,,,,7.0,,,,7.75,8.0,,ttth,28,7
D01,7340201,6.6,,8.6,8.75,,,,,,,ttth,8,2
A00,7340301,,,,7.4,,,,8.5,7.0,,ttth,10,2
A00,7510401,,,,8.0,,,,7.5,7.75,,ttth,22,6
A00,7480202,,,,6.75,,,,7.25,7.8,,ttth,17,0
B00,7420201,,,,6.0,,,,,4.75,6.75,ttth,13,7
A00,7510202,,,,5.25,,,,5.75,6.8,,ttth,18,5
D01,7340101,7.0,,7.4,8.0,,,,,,,ttth,2,1
D01,7510303,5.25,,7.4,5.8,,,,,,,ttth,21,5
D01,7220204,8.2,,7.6,8.5,,,,,,,ttth,1,8
D15,7810201,6.25,5.4,6.5,,,,,,,,ttth,34,4
D01,7340120,7.6,,6.2,8.75,,,,,,,ttth,4,1
A00,7540101,,,,7.25,,,,8.0,7.6,,ttth,28,7
A01,7819010,,,5.8,5.75,,,,9.2,,,ttth,37,4
A01,7480201,,,7.0,8.25,,,,8.6,,,ttth,16,0
A00,7340115,,,,6.75,,,,8.25,7.6,,ttth,3,1
A01,7810201,,,9.0,7.6,,,,6.0,,,ttth,34,4
D01,7520115,7.6,,7.8,7.0,,,,,,,ttth,27,6
A00,7810103,,,,7.4,,,,7.75,7.75,,ttth,33,4
A00,7340201,,,,7.8,,,,7.25,8.25,,ttth,8,2
A00,7480201,,,,8.25,,,,7.5,8.4,,ttth,16,0
D07,7480201,,,7.8,7.25,,,,,7.8,,ttth,16,0
A00,7480201,,,,7.5,,,,7.0,6.8,,ttth,16,0
D01,7480201,7.25,,8.8,8.0,,,,,,,ttth,16,0
D01,7540204,6.0,,8.8,4.2,,,,,,,ttth,31,6
D01,7510202,7.25,,6.0,6.2,,,,,,,ttth,18,5
A00,7540101,,,,7.75,,,,8.0,7.8,,ttth,28,7
A01,7480201,,,8.8,8.0,,,,6.75,,,ttth,16,0
A00,7480201,,,,8.25,,,,7.5,7.6,,ttth,16,0
D01,7340301,7.5,,8.8,7.2,,,,,,,ttth,10,2
D01,7480202,6.0,,5.0,6.8,,,,,,,ttth,17,0
A01,7540204,,,8.2,7.75,,,,6.8,,,ttth,31,6
A01,7540101,,,8.8,7.5,,,,6.4,,,ttth,28,7
A01,7340201,,,7.2,6.5,,,,7.2,,,ttth,8,2
D01,7510303,7.0,,4.2,6.0,,,,,,,ttth,21,5
A00,7340101,,,,7.6,,,,7.75,8.25,,ttth,2,1
B00,7540101,,,,7.5,,,,,7.25,8.2,ttth,28,7
D01,7340115,7.0,,7.4,8.0,,,,,,,ttth,3,1
A00,7510301,,,,6.75,,,,8.0,7.4,,ttth,20,5
A00,7510303,,,,7.0,,,,6.0,6.0,,ttth,21,5
D01,7340115,8.0,,8.8,8.0,,,,,,,ttth,3,1
A00,7340120,,,,8.5,,,,8.0,7.6,,ttth,4,1
D01,7480202,7.25,,5.8,5.4,,,,,,,ttth,17,0
A00,7510303,,,,7.0,,,,6.25,5.25,,ttth,21,5
A00,7540101,,,,7.0,,,,8.25,7.8,,ttth,28,7
D01,7220201,7.6,,7.2,9.0,,,,,,,ttth,0,8
D01,7480201,7.8,,7.8,7.5,,,,,,,ttth,16,0
D01,7340120,8.2,,7.8,6.25,,,,,,,ttth,4,1
A01,7480202,,,7.8,7.5,,,,6.8,,,ttth,17,0
A01,7380107,,,8.0,8.0,,,,7.0,,,ttth,12,8
D01,7340301,5.8,,7.4,9.25,,,,,,,ttth,10,2
D01,7810202,7.5,,8.8,7.2,,,,,,,ttth,35,4
A01,7340101,,,8.6,9.0,,,,7.75,,,ttth,2,1
A00,7480202,,,,8.0,,,,8.5,7.8,,ttth,17,0
A00,7340201,,,,8.2,,,,6.5,8.25,,ttth,8,2
A01,7480201,,,8.4,8.0,,,,8.0,,,ttth,16,0
D07,7340205,,,6.2,7.25,,,,,6.4,,ttth,9,2
A00,7810201,,,,8.2,,,,7.25,7.75,,ttth,34,4
A01,7540106,,,8.0,6.8,,,,5.0,,,ttth,30,7
A00,7340120,,,,7.8,,,,8.0,8.5,,ttth,4,1
A00,7340301,,,,5.75,,,,7.0,8.0,,ttth,10,2
D01,7340120,8.0,,7.6,7.5,,,,,,,ttth,4,1
A00,7540101,,,,8.5,,,,7.25,7.8,,ttth,28,7
A01,7340120,,,8.4,7.75,,,,7.2,,,ttth,4,1
D01,7510203,7.8,,5.6,5.75,,,,,,,ttth,19,5
A01,7480201,,,8.0,7.75,,,,6.0,,,ttth,16,0
D01,7340101,7.75,,8.8,7.4,,,,,,,ttth,2,1
A00,7340115,,,,7.25,,,,8.75,8.0,,ttth,3,1
A01,7340301,,,8.0,6.5,,,,7.6,,,ttth,10,2
D01,7380107,6.8,,6.8,6.5,,,,,,,ttth,12,8
B00,7540101,,,,7.5,,,,,7.75,8.2,ttth,28,7
A00,7510301,,,,7.0,,,,5.0,7.5,,ttth,20,5
D01,7510303,4.8,,6.6,6.25,,,,,,,ttth,21,5
A00,7420201,,,,7.6,,,,7.0,7.0,,ttth,13,7
D01,7510202,5.2,,6.4,6.75,,,,,,,ttth,18,5
A00,7340201,,,,7.0,,,,8.0,8.6,,ttth,8,2
A00,7480202,,,,7.5,,,,5.5,7.4,,ttth,17,0
D01,7340123,6.5,,5.6,6.8,,,,,,,ttth,6,3
A00,7510203,,,,4.25,,,,8.5,6.0,,ttth,19,5
B00,7540101,,,,8.0,,,,,8.75,7.4,ttth,28,7
A01,7480201,,,8.4,7.25,,,,7.8,,,ttth,16,0
A00,7340201,,,,7.25,,,,7.5,7.4,,ttth,8,2
A00,7340301,,,,7.4,,,,7.75,7.5,,ttth,10,2
D07,7480201,,,8.6,8.2,,,,,7.0,,ttth,16,0
D07,7480201,,,8.4,8.2,,,,,8.25,,ttth,16,0
A00,7340301,,,,6.75,,,,7.75,7.4,,ttth,10,2
A00,7380107,,,,7.8,,,,7.25,6.75,,ttth,12,8
B00,7510401,,,,8.5,,,,,7.0,7.6,ttth,22,6
A00,7540106,,,,7.2,,,,5.0,7.25,,ttth,30,7
A00,7340101,,,,8.2,,,,7.75,8.75,,ttth,2,1
D01,7510301,7.0,,6.6,6.6,,,,,,,ttth,20,5
D01,7380107,5.4,,7.6,8.5,,,,,,,ttth,12,8
D01,7340201,5.8,,7.4,7.25,,,,,,,ttth,8,2
D01,7340123,4.2,,5.6,8.0,,,,,,,ttth,6,3
A00,7510303,,,,7.75,,,,7.5,8.0,,ttth,21,5
D01,7480201,7.5,,7.2,8.2,,,,,,,ttth,16,0
D01,7510203,6.75,,4.0,7.0,,,,,,,ttth,19,5
A00,7510401,,,,7.0,,,,7.25,6.0,,ttth,22,6
D01,7510301,6.0,,7.6,7.0,,,,,,,ttth,20,5
D01,7340301,5.8,,7.4,7.0,,,,,,,ttth,10,2
D01,7340120,6.6,,7.4,8.5,,,,,,,ttth,4,1
D01,7480202,9.2,,7.2,7.25,,,,,,,ttth,17,0
A00,7480201,,,,7.25,,,,7.0,8.0,,ttth,16,0
D01,7380107,6.2,,7.0,6.5,,,,,,,ttth,12,8
A00,7340129,,,,7.0,,,,7.25,8.0,,ttth,7,7
A00,7510301,,,,7.2,,,,5.75,6.75,,ttth,20,5
A01,7340115,,,8.4,7.25,,,,7.2,,,ttth,3,1
D01,7340129,6.0,,8.0,7.5,,,,,,,ttth,7,7
D01,7340101,6.2,,6.6,8.5,,,,,,,ttth,2,1
A00,7340201,,,,7.5,,,,6.0,7.0,,ttth,8,2
A00,7340115,,,,7.6,,,,8.75,8.5,,ttth,3,1
A01,7340101,,,6.8,8.0,,,,7.4,,,ttth,2,1
A01,7340101,,,8.6,8.2,,,,7.0,,,ttth,2,1
B00,7420201,,,,5.25,,,,,7.0,7.0,ttth,13,7
A01,7340115,,,9.2,8.6,,,,7.25,,,ttth,3,1
A00,7540101,,,,7.5,,,,7.75,6.6,,ttth,28,7
A00,7340201,,,,7.75,,,,8.5,7.0,,ttth,8,2
D01,7340301,7.4,,8.0,7.5,,,,,,,ttth,10,2
D01,7220204,7.75,,7.8,7.8,,,,,,,ttth,1,8
D01,7220201,7.8,,7.0,7.5,,,,,,,ttth,0,8
D01,7340301,8.5,,7.8,6.8,,,,,,,ttth,10,2
A00,7510202,,,,6.25,,,,7.25,7.2,,ttth,18,5
A00,7810202,,,,8.0,,,,6.0,8.25,,ttth,35,4
D01,7810201,6.8,,7.4,6.25,,,,,,,ttth,34,4
D01,7810202,6.0,,8.2,6.75,,,,,,,ttth,35,4
A01,7220201,,,7.2,6.75,,,,8.0,,,ttth,0,8
A01,7510303,,,6.8,7.0,,,,8.6,,,ttth,21,5
A00,7340101,,,,7.0,,,,7.5,7.8,,ttth,2,1
A00,7340122,,,,6.75,,,,7.25,7.8,,ttth,5,1
A00,7340205,,,,5.0,,,,6.0,7.0,,ttth,9,2
D01,7340301,7.75,,7.2,7.4,,,,,,,ttth,10,2
D01,7510301,5.5,,4.6,6.6,,,,,,,ttth,20,5
A01,7480201,,,8.8,8.0,,,,7.75,,,ttth,16,0
A00,7510401,,,,7.75,,,,7.75,7.6,,ttth,22,6
D15,7810103,6.75,8.8,7.5,,,,,,,,ttth,33,4
D01,7340101,6.6,,6.8,8.25,,,,,,,ttth,2,1
A00,7340201,,,,7.0,,,,6.75,7.4,,ttth,8,2
A00,7480201,,,,7.8,,,,7.25,7.0,,ttth,16,0
D01,7340115,8.0,,6.8,7.75,,,,,,,ttth,3,1
D01,7340123,7.0,,6.6,7.0,,,,,,,ttth,6,3
A00,7340129,,,,7.25,,,,7.75,8.2,,ttth,7,7
D01,7510202,7.4,,6.6,7.25,,,,,,,ttth,18,5
D01,7340120,7.5,,8.8,8.2,,,,,,,ttth,4,1
D01,7810202,7.75,,8.4,7.4,,,,,,,ttth,35,4
B00,7540106,,,,6.8,,,,,6.5,7.25,ttth,30,7
D01,7220201,7.75,,7.4,8.4,,,,,,,ttth,0,8
A00,7510203,,,,7.0,,,,6.0,8.0,,ttth,19,5
D07,7480201,,,7.2,8.25,,,,,9.4,,ttth,16,0
D01,7810201,5.4,,7.4,7.25,,,,,,,ttth,34,4
A00,7510203,,,,7.4,,,,7.25,7.25,,ttth,19,5
A00,7340301,,,,8.0,,,,7.0,7.5,,ttth,10,2
A01,7480202,,,7.2,8.4,,,,6.5,,,ttth,17,0
A00,7480201,,,,8.0,,,,6.75,8.25,,ttth,16,0
A01,7340201,,,7.2,6.75,,,,7.2,,,ttth,8,2
D01,7220204,8.6,,7.2,6.5,,,,,,,ttth,1,8
A00,7810202,,,,7.6,,,,7.0,7.75,,ttth,35,4
D01,7340301,8.8,,7.2,7.0,,,,,,,ttth,10,2
D01,7340301,6.2,,7.6,7.75,,,,,,,ttth,10,2
D01,7510303,3.8,,7.2,8.25,,,,,,,ttth,21,5
D01,7340120,8.2,,7.0,8.25,,,,,,,ttth,4,1
A00,7480202,,,,6.4,,,,6.75,7.0,,ttth,17,0
A00,7380107,,,,8.0,,,,7.75,5.5,,ttth,12,8
A00,7340301,,,,6.5,,,,6.75,7.2,,ttth,10,2
A01,7810103,,,7.8,7.5,,,,7.2,,,ttth,33,4
D01,7340201,7.5,,8.2,8.0,,,,,,,ttth,8,2
A01,7480202,,,7.8,7.5,,,,8.6,,,ttth,17,0
A01,7819009,,,7.0,7.25,,,,4.8,,,ttth,36,4
D01,7380107,3.0,,8.2,7.75,,,,,,,ttth,12,8
D07,7510301,,,6.6,8.25,,,,,6.2,,ttth,20,5
D01,7220201,8.2,,8.2,8.25,,,,,,,ttth,0,8
D01,7540204,5.2,,7.2,7.5,,,,,,,ttth,31,6
D07,7510401,,,8.4,7.6,,,,,6.5,,ttth,22,6
A00,7510303,,,,6.75,,,,7.75,6.6,,ttth,21,5
D01,7340120,6.4,,6.8,9.0,,,,,,,ttth,4,1
A00,7340120,,,,8.75,,,,7.0,7.6,,ttth,4,1
B00,7420201,,,,7.4,,,,,6.75,5.5,ttth,13,7
A00,7340205,,,,6.25,,,,6.0,7.6,,ttth,9,2
D01,7380107,8.5,,5.0,7.8,,,,,,,ttth,12,8
A00,7340301,,,,7.0,,,,7.75,7.6,,ttth,10,2
A00,7340115,,,,7.0,,,,7.5,7.8,,ttth,3,1
A00,7480201,,,,7.5,,,,8.25,7.8,,ttth,16,0
A00,7340120,,,,7.25,,,,8.75,7.2,,ttth,4,1
A00,7380107,,,,5.5,,,,6.5,7.4,,ttth,12,8
D01,7340201,5.75,,9.2,8.2,,,,,,,ttth,8,2
D15,7810201,6.75,4.8,7.25,,,,,,,,ttth,34,4
D01,7220204,7.5,,8.2,8.0,,,,,,,ttth,1,8
B00,7540101,,,,8.5,,,,,6.75,8.6,ttth,28,7
D01,7480201,8.8,,7.6,6.0,,,,,,,ttth,16,0
A00,7810202,,,,7.0,,,,7.5,7.6,,ttth,35,4
A00,7340301,,,,7.5,,,,8.5,7.4,,ttth,10,2
A00,7510301,,,,7.0,,,,5.75,5.25,,ttth,20,5
D01,7380107,6.2,,7.4,6.75,,,,,,,ttth,12,8
A00,7480201,,,,7.25,,,,6.5,7.2,,ttth,16,0
A01,7340120,,,8.2,8.0,,,,7.75,,,ttth,4,1
A00,7380107,,,,6.75,,,,7.75,7.6,,ttth,12,8
D01,7220201,7.2,,7.2,7.0,,,,,,,ttth,0,8
D01,7480201,6.25,,8.4,8.0,,,,,,,ttth,16,0
A01,7480202,,,7.6,8.5,,,,9.6,,,ttth,17,0
D01,7220204,6.6,,7.4,7.25,,,,,,,ttth,1,8
D01,7480201,7.4,,8.2,7.0,,,,,,,ttth,16,0
B00,7510401,,,,7.25,,,,,7.25,8.6,ttth,22,6
A01,7340101,,,8.0,8.6,,,,7.25,,,ttth,2,1
D01,7340201,7.5,,8.2,7.0,,,,,,,ttth,8,2
D01,7340120,7.0,,6.8,7.5,,,,,,,ttth,4,1
D01,7380107,7.5,,7.8,7.0,,,,,,,ttth,12,8
B00,7540101,,,,8.5,,,,,7.25,8.2,ttth,28,7
D01,7380107,7.0,,8.0,8.25,,,,,,,ttth,12,8
A00,7340301,,,,7.75,,,,7.0,8.2,,ttth,10,2
D01,7480202,5.6,,7.4,7.0,,,,,,,ttth,17,0
A00,7340301,,,,8.2,,,,7.0,8.0,,ttth,10,2
A01,7340115,,,8.8,7.5,,,,7.8,,,ttth,3,1
B00,7540101,,,,8.0,,,,,6.25,7.0,ttth,28,7
D01,7810201,8.5,,7.8,6.8,,,,,,,ttth,34,4
A00,7540204,,,,7.0,,,,6.25,6.0,,ttth,31,6
D01,7220204,6.4,,7.0,8.5,,,,,,,ttth,1,8
D01,7220201,8.0,,7.0,8.0,,,,,,,ttth,0,8
A00,7520115,,,,5.75,,,,7.5,6.0,,ttth,27,6
A01,7480201,,,7.6,7.5,,,,8.8,,,ttth,16,0
A00,7340201,,,,7.6,,,,7.75,7.75,,ttth,8,2
D01,7340101,5.8,,8.4,6.75,,,,,,,ttth,2,1
D01,7340115,7.2,,7.8,7.75,,,,,,,ttth,3,1
D01,7510202,6.0,,3.4,6.8,,,,,,,ttth,18,5
D01,7220201,8.0,,6.8,8.0,,,,,,,ttth,0,8
A00,7340120,,,,7.0,,,,7.75,7.8,,ttth,4,1
A00,7340120,,,,8.6,,,,6.75,7.75,,ttth,4,1
A00,7540106,,,,8.0,,,,6.5,5.25,,ttth,30,7
D01,7480202,6.5,,6.8,5.8,,,,,,,ttth,17,0
D01,7510301,3.4,,5.4,7.25,,,,,,,ttth,20,5
D07,7480201,,,7.0,7.5,,,,,8.6,,ttth,16,0
D07,7540101,,,8.4,7.6,,,,,8.0,,ttth,28,7
A01,7340101,,,8.0,7.5,,,,8.0,,,ttth,2,1
D01,7380107,6.4,,7.0,7.75,,,,,,,ttth,12,8
D07,7540101,,,8.0,8.0,,,,,7.5,,ttth,28,7
A00,7340129,,,,7.0,,,,7.75,7.6,,ttth,7,7
A01,7220201,,,7.8,8.2,,,,7.25,,,ttth,0,8
D15,7810202,8.0,7.6,8.5,,,,,,,,ttth,35,4
D01,7510203,7.0,,5.4,7.6,,,,,,,ttth,19,5
D01,7340129,6.8,,6.2,6.25,,,,,,,ttth,7,7
A01,7340201,,,8.0,8.6,,,,7.25,,,ttth,8,2
A01,7340201,,,7.8,7.25,,,,8.6,,,ttth,8,2
D15,7810201,7.0,5.8,6.0,,,,,,,,ttth,34,4
A01,7340120,,,8.4,7.0,,,,7.6,,,ttth,4,1
D01,7340115,5.2,,7.6,9.0,,,,,,,ttth,3,1
D01,7510203,7.0,,6.8,7.6,,,,,,,ttth,19,5
D01,7510202,4.0,,5.6,6.75,,,,,,,ttth,18,5
D01,7340120,8.0,,8.4,8.0,,,,,,,ttth,4,1
D01,7480202,6.25,,3.6,5.8,,,,,,,ttth,17,0
D01,7340101,7.75,,8.2,7.4,,,,,,,ttth,2,1
D01,7220201,7.0,,7.6,7.5,,,,,,,ttth,0,8
D01,7380107,6.2,,7.2,7.0,,,,,,,ttth,12,8
A00,7510301,,,,7.5,,,,7.75,7.6,,ttth,20,5
A00,7510401,,,,7.6,,,,6.25,7.5,,ttth,22,6
D01,7480201,8.0,,7.8,8.0,,,,,,,ttth,16,0
A00,7540101,,,,8.25,,,,7.75,8.0,,ttth,28,7
A00,7480201,,,,7.25,,,,7.25,8.0,,ttth,16,0
A00,7340201,,,,8.2,,,,7.5,7.5,,ttth,8,2
D01,7340122,8.8,,7.4,8.25,,,,,,,ttth,5,1
D01,7380107,6.4,,7.6,7.25,,,,,,,ttth,12,8
A00,7510202,,,,8.0,,,,5.25,7.0,,ttth,18,5
D01,7810103,8.6,,7.6,8.25,,,,,,,ttth,33,4
A00,7380107,,,,7.0,,,,8.25,8.2,,ttth,12,8
D01,7810201,8.5,,6.0,8.0,,,,,,,ttth,34,4
A00,7510203,,,,6.0,,,,4.25,7.0,,ttth,19,5
A00,7340101,,,,7.25,,,,7.75,7.6,,ttth,2,1
B00,7540105,,,,4.25,,,,,6.0,5.8,ttth,29,7
D01,7540204,7.0,,5.6,7.0,,,,,,,ttth,31,6
D01,7340101,7.8,,7.4,6.0,,,,,,,ttth,2,1
A01,7480201,,,7.4,8.4,,,,7.75,,,ttth,16,0
D01,7380107,5.0,,7.2,8.0,,,,,,,ttth,12,8
A00,7480201,,,,8.6,,,,6.5,7.5,,ttth,16,0
A00,7510401,,,,6.6,,,,5.75,8.0,,ttth,22,6
D07,7510303,,,8.0,6.5,,,,,7.6,,ttth,21,5
A00,7340120,,,,8.5,,,,6.25,7.8,,ttth,4,1
D01,7340201,6.25,,9.0,8.0,,,,,,,ttth,8,2
D01,7220201,8.25,,7.0,7.8,,,,,,,ttth,0,8
A00,7510202,,,,6.6,,,,6.0,6.25,,ttth,18,5
A01,7340129,,,8.0,7.25,,,,7.6,,,ttth,7,7
A00,7520115,,,,6.0,,,,4.25,7.4,,ttth,27,6
D07,7540101,,,9.6,8.6,,,,,8.0,,ttth,28,7
A00,7380107,,,,6.0,,,,7.75,6.6,,ttth,12,8
A00,7340129,,,,6.5,,,,6.25,8.4,,ttth,7,7
D01,7510202,5.6,,5.4,7.25,,,,,,,ttth,18,5
A00,7480201,,,,7.8,,,,7.75,7.25,,ttth,16,0
D07,7540101,,,7.6,8.2,,,,,8.75,,ttth,28,7
D01,7480201,7.0,,8.2,7.8,,,,,,,ttth,16,0
D01,7340201,6.6,,7.0,8.5,,,,,,,ttth,8,2
B00,7540101,,,,7.0,,,,,7.0,6.8,ttth,28,7
D01,7480202,6.2,,8.0,8.25,,,,,,,ttth,17,0
A00,7380107,,,,7.8,,,,7.5,7.25,,ttth,12,8
A00,7810103,,,,7.4,,,,7.0,8.0,,ttth,33,4
A00,7340120,,,,7.0,,,,8.25,7.0,,ttth,4,1
D01,7340101,7.75,,7.8,7.8,,,,,,,ttth,2,1
D01,7480201,5.75,,8.8,8.0,,,,,,,ttth,16,0
D01,7220201,7.0,,8.8,8.4,,,,,,,ttth,0,8
A01,7540101,,,8.2,7.0,,,,6.6,,,ttth,28,7
D01,7340129,7.0,,9.2,7.0,,,,,,,ttth,7,7
A00,7340301,,,,6.75,,,,7.5,7.6,,ttth,10,2
A00,7810201,,,,6.75,,,,8.0,7.2,,ttth,34,4
D01,7340122,8.6,,6.8,7.0,,,,,,,ttth,5,1
A00,7420201,,,,7.2,,,,6.5,6.5,,ttth,13,7
A00,7480201,,,,7.25,,,,8.0,8.0,,ttth,16,0
B00,7540101,,,,7.5,,,,,7.5,7.8,ttth,28,7
D01,7340129,4.6,,6.6,6.75,,,,,,,ttth,7,7
D01,7340122,6.8,,7.6,8.75,,,,,,,ttth,5,1
A00,7540106,,,,6.75,,,,6.75,8.4,,ttth,30,7
D01,7340101,7.4,,6.6,7.0,,,,,,,ttth,2,1
A00,7340101,,,,7.25,,,,7.75,7.6,,ttth,2,1
A00,7540105,,,,5.5,,,,6.25,8.2,,ttth,29,7
A00,7510303,,,,6.6,,,,5.75,5.75,,ttth,21,5
A00,7510401,,,,6.4,,,,7.0,8.75,,ttth,22,6
D01,7340101,7.0,,6.8,7.5,,,,,,,ttth,2,1
D01,7340301,6.75,,9.2,7.6,,,,,,,ttth,10,2
D07,7540101,,,8.0,8.0,,,,,7.0,,ttth,28,7
D01,7540204,6.25,,4.2,6.8,,,,,,,ttth,31,6
A00,7380107,,,,7.8,,,,6.75,8.0,,ttth,12,8
A00,7480202,,,,6.4,,,,5.75,5.0,,ttth,17,0
A01,7540106,,,6.0,6.5,,,,6.6,,,ttth,30,7
D01,7340120,6.2,,8.0,7.25,,,,,,,ttth,4,1
A00,7340120,,,,6.75,,,,7.5,7.0,,ttth,4,1
D01,7340115,8.4,,7.8,7.5,,,,,,,ttth,3,1
D01,7220201,7.75,,9.0,7.4,,,,,,,ttth,0,8
A00,7340301,,,,8.25,,,,6.5,8.6,,ttth,10,2
A00,7850101,,,,8.6,,,,5.75,6.0,,ttth,38,7
D01,7810201,6.6,,6.4,7.25,,,,,,,ttth,34,4
D07,7510203,,,6.2,6.25,,,,,5.6,,ttth,19,5
A00,7480201,,,,7.0,,,,7.75,7.6,,ttth,16,0
A00,7510401,,,,7.8,,,,7.5,7.75,,ttth,22,6
D01,7540204,6.8,,8.2,6.75,,,,,,,ttth,31,6
A00,7340101,,,,8.0,,,,7.75,8.25,,ttth,2,1
A00,7340201,,,,7.0,,,,7.75,8.2,,ttth,8,2
D01,7340301,8.8,,7.2,6.75,,,,,,,ttth,10,2
A01,7340201,,,7.8,7.8,,,,7.25,,,ttth,8,2
D01,7340120,8.0,,6.6,8.25,,,,,,,ttth,4,1
A01,7340115,,,7.4,7.75,,,,7.8,,,ttth,3,1
A00,7340301,,,,7.25,,,,8.5,8.0,,ttth,10,2
D01,7340129,7.8,,8.0,6.5,,,,,,,ttth,7,7
A00,7340115,,,,8.5,,,,6.75,8.6,,ttth,3,1
D01,7340129,6.5,,6.6,7.4,,,,,,,ttth,7,7
A00,7420201,,,,7.2,,,,7.0,7.25,,ttth,13,7
A00,7340201,,,,7.25,,,,7.75,7.6,,ttth,8,2
D01,7810202,6.5,,8.8,7.8,,,,,,,ttth,35,4
D01,7480202,5.8,,7.2,7.25,,,,,,,ttth,17,0
A00,7510301,,,,7.8,,,,6.75,7.25,,ttth,20,5
A00,7420201,,,,5.75,,,,8.25,7.2,,ttth,13,7
B00,7420201,,,,6.75,,,,,6.75,6.8,ttth,13,7
B00,7540101,,,,8.0,,,,,8.0,7.6,ttth,28,7
D01,7340201,7.0,,6.8,7.75,,,,,,,ttth,8,2
A00,7480201,,,,6.5,,,,8.25,8.6,,ttth,16,0
D01,7480202,5.25,,6.8,7.4,,,,,,,ttth,17,0
D01,7340120,8.6,,6.2,8.5,,,,,,,ttth,4,1
A00,7510303,,,,7.5,,,,7.25,7.6,,ttth,21,5
A00,7340301,,,,8.2,,,,7.0,7.75,,ttth,10,2
D01,7520115,7.4,,6.8,5.75,,,,,,,ttth,27,6
D01,7510303,7.2,,7.2,6.75,,,,,,,ttth,21,5
D01,7340120,6.4,,6.8,8.5,,,,,,,ttth,4,1
B00,7540101,,,,7.25,,,,,6.5,6.8,ttth,28,7
A00,7540101,,,,7.5,,,,8.5,6.8,,ttth,28,7
D01,7380107,6.5,,7.6,9.2,,,,,,,ttth,12,8
A00,7819010,,,,6.5,,,,6.0,6.0,,ttth,37,4
D01,7340115,8.2,,7.2,8.25,,,,,,,ttth,3,1
A00,7340201,,,,8.5,,,,7.0,6.4,,ttth,8,2
A00,7340120,,,,8.0,,,,8.25,7.6,,ttth,4,1
D07,7540101,,,6.6,8.75,,,,,7.2,,ttth,28,7
D01,7340123,6.5,,5.8,7.0,,,,,,,ttth,6,3
D15,7810103,7.5,7.8,7.0,,,,,,,,ttth,33,4
D01,7810202,7.75,,8.8,7.4,,,,,,,ttth,35,4
D01,7340120,8.0,,5.4,8.0,,,,,,,ttth,4,1
A00,7480202,,,,5.75,,,,6.75,6.8,,ttth,17,0
D01,7810201,6.4,,7.6,7.0,,,,,,,ttth,34,4
D01,7340101,8.17,,8.0,8.2,,,,,,,ttth,2,1
D01,7510203,5.6,,7.0,6.0,,,,,,,ttth,19,5
D01,7810202,7.0,,8.4,6.6,,,,,,,ttth,35,4
A01,7480201,,,8.4,7.75,,,,6.8,,,ttth,16,0
D09,7220204,,,6.8,7.75,,,6.2,,,,ttth,1,8
A00,7340201,,,,7.25,,,,7.75,8.4,,ttth,8,2
D01,7340115,5.8,,7.2,9.0,,,,,,,ttth,3,1
A00,7510303,,,,7.0,,,,6.75,6.5,,ttth,21,5
D01,7810103,8.0,,6.8,7.6,,,,,,,ttth,33,4
D01,7220204,7.0,,8.6,7.8,,,,,,,ttth,1,8
D01,7340115,9.2,,8.0,7.75,,,,,,,ttth,3,1
D01,7510301,6.75,,5.2,5.0,,,,,,,ttth,20,5
A01,7220204,,,8.6,7.4,,,,7.0,,,ttth,1,8
A01,7340120,,,6.8,6.75,,,,8.4,,,ttth,4,1
A01,7480201,,,8.0,6.25,,,,8.0,,,ttth,16,0
D01,7340115,8.2,,7.4,8.25,,,,,,,ttth,3,1
A00,7480201,,,,8.0,,,,7.75,8.25,,ttth,16,0
A01,7480201,,,8.2,7.4,,,,6.75,,,ttth,16,0
D01,7540204,7.25,,5.8,6.8,,,,,,,ttth,31,6
D01,7340201,6.0,,7.2,8.75,,,,,,,ttth,8,2
D07,7480201,,,8.2,7.0,,,,,8.4,,ttth,16,0
A00,7420201,,,,7.6,,,,7.25,6.5,,ttth,13,7
D01,7810201,4.6,,7.6,8.0,,,,,,,ttth,34,4
D01,7520115,6.8,,6.6,7.25,,,,,,,ttth,27,6
A00,7510202,,,,8.2,,,,8.25,7.0,,ttth,18,5
D01,7340120,8.0,,7.6,7.4,,,,,,,ttth,4,1
D01,7380107,7.2,,7.0,8.75,,,,,,,ttth,12,8
D01,7380107,7.0,,8.4,7.6,,,,,,,ttth,12,8
A00,7810202,,,,8.0,,,,7.5,8.0,,ttth,35,4
D01,7480201,7.0,,7.6,8.25,,,,,,,ttth,16,0
A00,7480201,,,,7.25,,,,8.0,8.0,,ttth,16,0
D07,7540101,,,8.4,8.2,,,,,8.25,,ttth,28,7
D01,7380107,7.2,,7.2,7.75,,,,,,,ttth,12,8
D01,7340120,7.0,,8.6,7.75,,,,,,,ttth,4,1
A01,7819010,,,7.8,7.25,,,,5.8,,,ttth,37,4
A00,7510202,,,,7.0,,,,6.0,7.8,,ttth,18,5
D07,7420201,,,7.4,7.5,,,,,5.8,,ttth,13,7
D01,7340120,5.4,,7.2,8.5,,,,,,,ttth,4,1
D07,7480201,,,7.2,7.75,,,,,9.2,,ttth,16,0
D07,7480201,,,7.8,7.25,,,,,6.4,,ttth,16,0
D01,7510303,8.25,,5.8,6.4,,,,,,,ttth,21,5
D07,7520115,,,6.2,6.25,,,,,4.8,,ttth,27,6
D01,7220201,8.2,,7.0,6.25,,,,,,,ttth,0,8
A00,7340101,,,,7.75,,,,8.25,8.0,,ttth,2,1
D01,7510202,5.75,,4.8,5.6,,,,,,,ttth,18,5
D01,7340115,8.2,,7.6,8.25,,,,,,,ttth,3,1
A00,7510203,,,,6.25,,,,7.75,7.4,,ttth,19,5
B00,7819010,,,,4.75,,,,,7.25,6.0,ttth,37,4
A00,7480202,,,,7.0,,,,6.5,6.25,,ttth,17,0
D01,7220201,7.2,,7.0,9.0,,,,,,,ttth,0,8
A00,7340129,,,,6.6,,,,6.75,7.75,,ttth,7,7
D01,7340101,7.75,,8.0,8.6,,,,,,,ttth,2,1
A01,7480201,,,7.0,8.0,,,,8.4,,,ttth,16,0
A00,7540106,,,,7.4,,,,6.25,8.5,,ttth,30,7
D01,7810201,5.8,,7.2,5.5,,,,,,,ttth,34,4
B00,7540101,,,,8.4,,,,,7.75,8.25,ttth,28,7
B00,7540105,,,,7.6,,,,,6.75,6.25,ttth,29,7
A00,7810201,,,,7.8,,,,6.75,7.5,,ttth,34,4
A00,7480202,,,,8.0,,,,7.5,7.4,,ttth,17,0
A00,7340301,,,,8.25,,,,7.75,7.4,,ttth,10,2
D01,7340201,6.6,,7.4,7.0,,,,,,,ttth,8,2
A00,7340301,,,,8.2,,,,6.75,7.75,,ttth,10,2
A01,7480201,,,7.4,6.5,,,,8.0,,,ttth,16,0
A00,7480201,,,,6.75,,,,8.25,7.6,,ttth,16,0
B00,7540101,,,,7.5,,,,,7.0,7.8,ttth,28,7
A00,7380107,,,,7.8,,,,5.0,8.0,,ttth,12,8
A01,7380107,,,7.8,7.4,,,,7.5,,,ttth,12,8
A00,7480202,,,,6.2,,,,5.5,7.5,,ttth,17,0
D01,7340115,7.5,,9.0,7.6,,,,,,,ttth,3,1
A00,7480201,,,,8.5,,,,8.0,7.8,,ttth,16,0
D01,7480201,8.8,,5.8,6.5,,,,,,,ttth,16,0
A00,7540101,,,,8.4,,,,8.0,7.5,,ttth,28,7
D01,7340301,8.25,,6.4,7.6,,,,,,,ttth,10,2
A00,7540106,,,,7.8,,,,7.25,6.0,,ttth,30,7
D01,7810202,5.8,,6.6,8.0,,,,,,,ttth,35,4
A00,7380107,,,,8.8,,,,6.75,6.0,,ttth,12,8
A00,7480201,,,,7.0,,,,7.0,7.2,,ttth,16,0
A00,7340120,,,,8.2,,,,8.0,8.25,,ttth,4,1
D01,7510203,6.8,,7.4,6.75,,,,,,,ttth,19,5
A01,7850101,,,8.6,8.8,,,,7.75,,,ttth,38,7
A00,7810202,,,,7.25,,,,8.25,6.6,,ttth,35,4
D01,7340115,6.8,,8.0,7.75,,,,,,,ttth,3,1
A00,7340301,,,,8.0,,,,6.5,7.5,,ttth,10,2
A00,7340101,,,,7.25,,,,7.0,6.8,,ttth,2,1
D07,7460108,,,7.4,7.75,,,,,7.4,,ttth,14,0
A00,7480202,,,,6.8,,,,7.5,6.5,,ttth,17,0
A00,7480201,,,,7.75,,,,7.75,7.0,,ttth,16,0
D01,7810201,7.75,,8.0,7.8,,,,,,,ttth,34,4
D01,7380107,6.0,,8.0,7.6,,,,,,,ttth,12,8
D01,7510202,5.25,,4.2,7.4,,,,,,,ttth,18,5
D01,7340120,8.0,,7.6,8.5,,,,,,,ttth,4,1
A00,7510401,,,,7.5,,,,8.75,8.2,,ttth,22,6
A00,7340301,,,,8.2,,,,6.75,7.75,,ttth,10,2
A00,7340101,,,,6.0,,,,7.5,7.8,,ttth,2,1
D01,7810201,6.4,,7.0,7.0,,,,,,,ttth,34,4
D01,7510203,6.0,,7.4,7.5,,,,,,,ttth,19,5
A00,7340201,,,,7.8,,,,6.75,7.75,,ttth,8,2
A00,7510406,,,,5.0,,,,5.25,6.4,,ttth,24,7
B00,7510401,,,,7.0,,,,,7.75,5.0,ttth,22,6
A00,7480201,,,,6.75,,,,8.0,6.4,,ttth,16,0
D15,7810202,6.25,4.0,9.0,,,,,,,,ttth,35,4
A00,7480201,,,,8.75,,,,6.75,8.4,,ttth,16,0
A01,7340201,,,7.6,8.2,,,,7.75,,,ttth,8,2
D07,7510401,,,7.0,6.75,,,,,6.8,,ttth,22,6
A01,7540101,,,8.0,9.0,,,,8.2,,,ttth,28,7
A01,7540101,,,7.6,7.0,,,,7.6,,,ttth,28,7
A01,7540101,,,6.6,7.25,,,,8.2,,,ttth,28,7
D01,7520115,5.0,,3.8,7.4,,,,,,,ttth,27,6
A00,7340115,,,,8.5,,,,7.75,7.2,,ttth,3,1
A00,7510303,,,,8.0,,,,8.0,8.0,,ttth,21,5
D07,7480201,,,7.8,7.75,,,,,7.2,,ttth,16,0
D01,7810201,5.4,,6.6,6.5,,,,,,,ttth,34,4
D01,7510303,5.6,,7.0,7.5,,,,,,,ttth,21,5
A00,7340122,,,,7.5,,,,8.0,7.2,,ttth,5,1
D01,7340115,6.8,,8.0,7.25,,,,,,,ttth,3,1
A00,7340101,,,,7.75,,,,6.75,7.4,,ttth,2,1
D01,7340301,7.5,,8.6,7.4,,,,,,,ttth,10,2
D01,7810202,8.5,,7.8,6.6,,,,,,,ttth,35,4
D01,7340101,7.0,,6.6,7.25,,,,,,,ttth,2,1
A01,7510401,,,6.2,4.75,,,,5.0,,,ttth,22,6
D07,7540101,,,6.8,8.0,,,,,8.0,,ttth,28,7
A00,7340101,,,,6.5,,,,7.5,7.8,,ttth,2,1
A00,7480201,,,,6.25,,,,8.25,8.0,,ttth,16,0
D01,7340201,6.4,,7.8,7.5,,,,,,,ttth,8,2
B00,7540101,,,,7.75,,,,,6.75,8.8,ttth,28,7
B00,7420201,,,,6.2,,,,,6.75,6.5,ttth,13,7
D09,7220204,,,7.6,8.5,,,5.2,,,,ttth,1,8
A00,7340120,,,,8.25,,,,8.0,8.4,,ttth,4,1
B00,7540101,,,,7.5,,,,,7.0,8.0,ttth,28,7
A01,7480201,,,7.2,8.25,,,,7.6,,,ttth,16,0
A00,7340115,,,,7.25,,,,8.0,8.6,,ttth,3,1
D01,7340129,7.2,,6.6,8.0,,,,,,,ttth,7,7
B00,7420201,,,,7.8,,,,,7.0,5.75,ttth,13,7
D07,7540101,,,7.8,7.5,,,,,7.4,,ttth,28,7
A00,7340301,,,,8.0,,,,7.75,8.0,,ttth,10,2
A00,7340122,,,,6.75,,,,7.0,8.0,,ttth,5,1
D01,7220204,7.6,,7.4,8.75,,,,,,,ttth,1,8
D01,7810202,6.75,,9.0,7.4,,,,,,,ttth,35,4
D01,7220201,7.8,,7.0,6.75,,,,,,,ttth,0,8
A01,7480201,,,8.4,8.0,,,,7.8,,,ttth,16,0
B00,7540106,,,,6.75,,,,,6.75,6.2,ttth,30,7
D01,7810202,6.6,,8.2,6.75,,,,,,,ttth,35,4
D07,7540101,,,7.6,8.4,,,,,8.25,,ttth,28,7
D01,7340120,8.0,,7.8,8.0,,,,,,,ttth,4,1
A00,7380107,,,,7.4,,,,7.0,7.5,,ttth,12,8
D01,7810202,7.8,,8.0,7.0,,,,,,,ttth,35,4
A00,7340115,,,,7.0,,,,8.0,7.8,,ttth,3,1
D01,7340120,8.8,,7.6,7.75,,,,,,,ttth,4,1
A00,7380107,,,,7.2,,,,7.5,7.0,,ttth,12,8
D01,7340101,7.0,,7.0,8.0,,,,,,,ttth,2,1
D01,7340201,7.4,,7.2,8.0,,,,,,,ttth,8,2
D01,7510301,7.4,,7.4,7.0,,,,,,,ttth,20,5
D01,7340115,6.6,,7.0,8.75,,,,,,,ttth,3,1
A00,7480201,,,,7.6,,,,7.25,7.75,,ttth,16,0
A01,7480201,,,6.4,7.0,,,,8.8,,,ttth,16,0
D01,7540204,7.0,,5.8,7.0,,,,,,,ttth,31,6
D01,7480202,5.5,,3.2,7.0,,,,,,,ttth,17,0
D01,7340123,4.2,,6.4,7.25,,,,,,,ttth,6,3
D01,7340115,7.8,,7.8,7.5,,,,,,,ttth,3,1
D01,7480202,7.0,,6.0,5.8,,,,,,,ttth,17,0
A00,7340115,,,,8.0,,,,8.5,7.4,,ttth,3,1
A00,7819010,,,,7.75,,,,4.75,6.2,,ttth,37,4
B00,7510401,,,,7.5,,,,,8.75,7.6,ttth,22,6
D07,7510401,,,7.8,8.4,,,,,6.25,,ttth,22,6
A01,7340115,,,8.4,8.0,,,,8.2,,,ttth,3,1
D01,7340115,8.25,,8.4,8.4,,,,,,,ttth,3,1
A00,7510401,,,,8.2,,,,6.75,8.0,,ttth,22,6
B00,7819010,,,,6.25,,,,,6.75,5.4,ttth,37,4
A00,7340120,,,,7.5,,,,7.25,7.6,,ttth,4,1
D01,7340301,8.8,,7.8,8.0,,,,,,,ttth,10,2
D01,7480201,7.75,,9.6,7.0,,,,,,,ttth,16,0
D01,7340129,7.0,,7.8,7.25,,,,,,,ttth,7,7
A00,7480201,,,,7.25,,,,7.25,7.6,,ttth,16,0
A00,7340123,,,,6.6,,,,6.75,7.75,,ttth,6,3
A01,7810201,,,7.0,8.4,,,,7.75,,,ttth,34,4
A01,7480201,,,6.8,7.75,,,,8.0,,,ttth,16,0
A00,7520115,,,,6.5,,,,7.25,7.0,,ttth,27,6
D01,7810103,7.5,,7.4,7.4,,,,,,,ttth,33,4
D01,7540204,5.25,,5.2,7.4,,,,,,,ttth,31,6
A01,7420201,,,8.0,6.5,,,,8.0,,,ttth,13,7
A01,7480201,,,8.2,8.0,,,,7.6,,,ttth,16,0
D01,7510202,5.4,,6.6,5.25,,,,,,,ttth,18,5
A00,7380107,,,,7.0,,,,7.5,7.8,,ttth,12,8
A00,7510203,,,,7.2,,,,4.75,4.5,,ttth,19,5
A01,7340101,,,7.8,8.0,,,,6.8,,,ttth,2,1
B00,7540101,,,,8.5,,,,,8.0,8.2,ttth,28,7
D01,7810103,4.6,,7.2,7.25,,,,,,,ttth,33,4
D01,7220201,7.5,,9.4,6.8,,,,,,,ttth,0,8
D01,7510202,4.4,,6.0,7.0,,,,,,,ttth,18,5
D01,7340115,8.0,,8.0,7.5,,,,,,,ttth,3,1
A00,7340101,,,,7.0,,,,8.0,8.0,,ttth,2,1
D01,7340115,7.4,,7.6,8.5,,,,,,,ttth,3,1
A00,7340101,,,,7.75,,,,7.0,7.4,,ttth,2,1
A00,7540105,,,,6.4,,,,5.25,6.25,,ttth,29,7
D01,7510202,2.8,,8.2,7.0,,,,,,,ttth,18,5
D01,7540204,7.0,,7.6,7.6,,,,,,,ttth,31,6
D15,7810103,7.75,5.8,7.5,,,,,,,,ttth,33,4
A00,7510301,,,,5.8,,,,5.25,6.75,,ttth,20,5
D01,7340301,6.6,,6.2,7.0,,,,,,,ttth,10,2
D07,7540101,,,8.0,8.6,,,,,7.5,,ttth,28,7
D01,7340201,7.25,,8.8,7.6,,,,,,,ttth,8,2
D15,7810202,8.0,5.2,6.42,,,,,,,,ttth,35,4
A00,7540101,,,,9.0,,,,6.25,8.8,,ttth,28,7
A01,7380107,,,9.0,6.8,,,,7.5,,,ttth,12,8
D01,7340301,6.6,,6.6,7.5,,,,,,,ttth,10,2
D01,7480202,6.6,,5.4,6.0,,,,,,,ttth,17,0
B00,7510401,,,,7.6,,,,,8.25,5.75,ttth,22,6
A00,7340115,,,,7.75,,,,8.0,8.6,,ttth,3,1
D01,7340115,6.8,,6.8,8.75,,,,,,,ttth,3,1
D01,7340129,6.8,,7.6,7.0,,,,,,,ttth,7,7
A00,7340115,,,,8.75,,,,6.75,8.0,,ttth,3,1
D01,7510203,6.75,,7.6,6.2,,,,,,,ttth,19,5
D07,7510401,,,9.2,8.0,,,,,7.0,,ttth,22,6
D01,7220201,7.75,,8.2,7.4,,,,,,,ttth,0,8
D07,7480201,,,6.4,7.8,,,,,8.5,,ttth,16,0
D01,7510202,6.5,,3.8,6.8,,,,,,,ttth,18,5
B00,7540106,,,,7.0,,,,,6.5,7.4,ttth,30,7
D01,7340301,8.25,,8.8,7.6,,,,,,,ttth,10,2
D01,7510301,7.0,,5.0,9.0,,,,,,,ttth,20,5
D01,7340123,7.0,,4.4,6.2,,,,,,,ttth,6,3
A00,7540106,,,,7.2,,,,7.0,7.0,,ttth,30,7
D01,7340301,8.25,,6.6,7.4,,,,,,,ttth,10,2
D01,7220204,7.75,,7.0,7.8,,,,,,,ttth,1,8
D01,7340129,7.6,,6.0,8.0,,,,,,,ttth,7,7
D09,7220204,,,7.6,7.75,,,6.8,,,,ttth,1,8
D01,7540204,8.0,,7.2,7.0,,,,,,,ttth,31,6
D01,7340120,7.0,,7.0,8.75,,,,,,,ttth,4,1
A01,7340120,,,7.6,8.4,,,,7.5,,,ttth,4,1
D01,7340120,7.4,,6.8,8.25,,,,,,,ttth,4,1
A00,7340201,,,,7.5,,,,7.75,8.4,,ttth,8,2
A00,7340301,,,,6.25,,,,8.75,8.6,,ttth,10,2
A00,7340201,,,,6.5,,,,7.5,7.4,,ttth,8,2
D01,7340120,7.8,,7.6,8.75,,,,,,,ttth,4,1
A01,7380107,,,8.4,7.8,,,,6.75,,,ttth,12,8
D01,7520115,5.6,,6.2,7.75,,,,,,,ttth,27,6
A00,7340115,,,,7.0,,,,7.5,8.0,,ttth,3,1
D01,7380107,6.5,,9.0,9.0,,,,,,,ttth,12,8
A01,7340115,,,7.4,7.5,,,,8.8,,,ttth,3,1
A00,7340201,,,,5.75,,,,7.75,7.6,,ttth,8,2
D01,7220201,8.6,,5.8,7.75,,,,,,,ttth,0,8
A00,7540106,,,,8.0,,,,7.25,6.75,,ttth,30,7
A00,7510202,,,,7.4,,,,6.75,5.25,,ttth,18,5
A00,7340115,,,,8.0,,,,7.5,7.8,,ttth,3,1
A01,7340101,,,8.6,8.0,,,,7.5,,,ttth,2,1
D01,7340129,7.2,,8.2,8.0,,,,,,,ttth,7,7
D01,7220201,7.0,,8.8,7.6,,,,,,,ttth,0,8
A00,7480201,,,,7.5,,,,6.5,7.2,,ttth,16,0
B00,7420201,,,,6.4,,,,,6.0,4.75,ttth,13,7
D01,7340101,5.6,,7.6,9.5,,,,,,,ttth,2,1
A01,7810202,,,9.0,7.4,,,,7.0,,,ttth,35,4
D07,7420201,,,7.6,8.5,,,,,6.8,,ttth,13,7
D01,7220201,6.75,,8.4,7.6,,,,,,,ttth,0,8
D01,7480201,8.2,,7.6,7.25,,,,,,,ttth,16,0
A00,7340120,,,,8.25,,,,8.0,9.0,,ttth,4,1
D01,7340120,8.0,,6.8,8.75,,,,,,,ttth,4,1
D01,7380107,6.8,,6.8,7.25,,,,,,,ttth,12,8
B00,7420201,,,,7.2,,,,,6.5,7.25,ttth,13,7
A00,7340101,,,,6.5,,,,7.0,7.0,,ttth,2,1
A01,7340129,,,6.6,6.5,,,,6.6,,,ttth,7,7
A00,7510301,,,,6.0,,,,6.25,6.75,,ttth,20,5
A00,7480202,,,,6.0,,,,7.5,7.8,,ttth,17,0
A00,7510301,,,,8.4,,,,6.75,7.0,,ttth,20,5
D01,7220201,6.8,,7.8,8.5,,,,,,,ttth,0,8
A01,7340120,,,8.2,8.25,,,,8.0,,,ttth,4,1
D01,7340120,7.0,,7.8,7.25,,,,,,,ttth,4,1
A01,7810103,,,8.6,7.2,,,,6.5,,,ttth,33,4
D01,7380107,5.6,,7.4,7.0,,,,,,,ttth,12,8
A00,7340129,,,,6.0,,,,6.25,7.6,,ttth,7,7
D01,7340115,7.8,,7.0,8.5,,,,,,,ttth,3,1
D01,7340129,7.2,,8.2,6.5,,,,,,,ttth,7,7
A00,7340120,,,,7.8,,,,8.0,8.25,,ttth,4,1
B00,7420201,,,,7.25,,,,,6.75,7.2,ttth,13,7
D01,7380107,6.2,,8.4,7.75,,,,,,,ttth,12,8
D01,7810202,7.8,,8.0,6.75,,,,,,,ttth,35,4
D01,7340205,7.6,,7.2,8.0,,,,,,,ttth,9,2
A00,7340101,,,,7.5,,,,8.25,7.6,,ttth,2,1
D01,7510301,7.75,,5.0,8.4,,,,,,,ttth,20,5
A00,7540106,,,,7.8,,,,7.5,8.5,,ttth,30,7
A00,7850101,,,,6.75,,,,6.25,7.0,,ttth,38,7
A00,7510301,,,,6.25,,,,6.0,6.8,,ttth,20,5
B00,7540101,,,,7.75,,,,,7.5,7.8,ttth,28,7
D01,7340205,8.0,,5.6,6.25,,,,,,,ttth,9,2
D01,7510303,6.2,,7.6,6.25,,,,,,,ttth,21,5
D07,7510401,,,7.4,6.75,,,,,5.0,,ttth,22,6
A00,7340201,,,,7.5,,,,8.0,7.4,,ttth,8,2
D01,7340101,5.4,,8.0,8.0,,,,,,,ttth,2,1
D01,7520115,7.5,,6.6,7.8,,,,,,,ttth,27,6
D01,7810202,6.4,,7.6,8.5,,,,,,,ttth,35,4
A01,7480201,,,7.6,6.25,,,,7.2,,,ttth,16,0
D01,7540204,7.25,,5.6,8.0,,,,,,,ttth,31,6
A00,7340101,,,,7.75,,,,7.5,7.2,,ttth,2,1
D01,7340115,7.0,,7.4,7.75,,,,,,,ttth,3,1
D07,7510401,,,7.6,7.75,,,,,7.0,,ttth,22,6
D01,7220201,7.0,,8.8,7.6,,,,,,,ttth,0,8
D01,7810202,7.6,,7.4,7.0,,,,,,,ttth,35,4
D01,7380107,7.25,,6.6,7.8,,,,,,,ttth,12,8
D01,7220201,8.0,,8.6,7.2,,,,,,,ttth,0,8
D01,7340101,7.8,,6.4,8.25,,,,,,,ttth,2,1
A00,7480202,,,,8.6,,,,6.5,7.0,,ttth,17,0
A00,7480201,,,,8.2,,,,8.25,8.0,,ttth,16,0
A01,7340301,,,7.4,7.2,,,,8.0,,,ttth,10,2
D01,7380107,7.4,,6.2,6.25,,,,,,,ttth,12,8
A00,7480201,,,,7.75,,,,7.25,8.4,,ttth,16,0
A01,7510301,,,7.6,6.25,,,,7.4,,,ttth,20,5
D07,7510401,,,7.2,8.25,,,,,6.8,,ttth,22,6
A00,7819009,,,,6.0,,,,6.25,6.2,,ttth,36,4
D01,7340301,7.0,,7.6,7.8,,,,,,,ttth,10,2
D01,7810202,5.6,,7.0,7.25,,,,,,,ttth,35,4
A00,7340120,,,,8.0,,,,7.25,8.75,,ttth,4,1
D15,7810202,8.25,4.0,7.25,,,,,,,,ttth,35,4
A00,7540101,,,,8.6,,,,7.5,8.5,,ttth,28,7
A00,7340201,,,,8.2,,,,6.75,8.0,,ttth,8,2
D07,7480201,,,8.2,7.2,,,,,7.5,,ttth,16,0
A00,7340201,,,,8.25,,,,8.25,8.0,,ttth,8,2
D01,7340115,6.8,,8.0,8.25,,,,,,,ttth,3,1
D01,7340120,6.8,,7.0,8.5,,,,,,,ttth,4,1
A00,7340120,,,,6.75,,,,8.5,7.8,,ttth,4,1
A00,7510303,,,,4.75,,,,5.25,7.4,,ttth,21,5
A01,7380107,,,7.4,7.75,,,,8.0,,,ttth,12,8
A00,7340201,,,,8.0,,,,6.5,8.0,,ttth,8,2
A00,7510402,,,,6.75,,,,6.5,6.6,,ttth,23,6
A00,7340201,,,,6.75,,,,7.5,7.2,,ttth,8,2
D01,7810103,8.4,,7.0,6.75,,,,,,,ttth,33,4
D01,7340201,7.8,,6.0,6.5,,,,,,,ttth,8,2
D01,7510202,5.25,,7.0,4.8,,,,,,,ttth,18,5
D07,7510203,,,6.4,7.0,,,,,6.8,,ttth,19,5
A00,7340120,,,,7.8,,,,7.5,8.5,,ttth,4,1
A00,7340201,,,,7.0,,,,7.75,7.4,,ttth,8,2
A01,7480201,,,7.0,8.5,,,,8.0,,,ttth,16,0
D01,7480201,8.6,,8.2,7.25,,,,,,,ttth,16,0
A00,7340201,,,,7.25,,,,7.75,8.6,,ttth,8,2
D01,7340120,7.4,,8.0,9.0,,,,,,,ttth,4,1
D01,7480202,6.5,,5.4,5.4,,,,,,,ttth,17,0
D01,7480201,6.5,,8.0,8.0,,,,,,,ttth,16,0
B00,7510401,,,,6.0,,,,,7.0,7.2,ttth,22,6
D01,7380107,5.0,,7.0,8.5,,,,,,,ttth,12,8
D01,7340301,8.0,,7.4,7.2,,,,,,,ttth,10,2
A01,7380107,,,8.0,6.75,,,,8.0,,,ttth,12,8
A00,7510301,,,,6.4,,,,5.75,5.5,,ttth,20,5
A01,7340201,,,6.0,7.0,,,,8.0,,,ttth,8,2
A00,7340115,,,,8.5,,,,6.5,7.8,,ttth,3,1
D01,7480201,8.4,,7.0,8.25,,,,,,,ttth,16,0
A00,7340201,,,,8.8,,,,7.0,7.5,,ttth,8,2
A01,7340101,,,8.8,8.4,,,,6.75,,,ttth,2,1
D01,7480202,7.6,,7.6,6.25,,,,,,,ttth,17,0
A01,7340120,,,8.2,8.0,,,,7.5,,,ttth,4,1
A00,7480201,,,,7.25,,,,7.75,7.8,,ttth,16,0
A00,7340101,,,,7.25,,,,7.75,7.6,,ttth,2,1
A00,7340101,,,,7.0,,,,6.75,6.8,,ttth,2,1
D01,7340301,7.25,,7.8,7.6,,,,,,,ttth,10,2
D01,7810201,7.4,,7.2,7.5,,,,,,,ttth,34,4
D01,7810201,6.0,,7.2,8.0,,,,,,,ttth,34,4
D01,7480201,6.6,,8.0,7.75,,,,,,,ttth,16,0
D01,7340115,7.4,,7.6,8.25,,,,,,,ttth,3,1
A00,7510301,,,,6.25,,,,5.75,6.4,,ttth,20,5
D01,7380107,7.4,,7.8,7.5,,,,,,,ttth,12,8
D01,7220201,7.25,,8.6,7.6,,,,,,,ttth,0,8
D01,7220201,8.0,,8.8,7.2,,,,,,,ttth,0,8
A00,7540101,,,,7.5,,,,7.5,8.0,,ttth,28,7
A00,7480202,,,,6.5,,,,6.75,6.6,,ttth,17,0
D01,7340120,8.0,,6.8,7.0,,,,,,,ttth,4,1
D01,7340201,7.0,,7.2,7.75,,,,,,,ttth,8,2
A00,7480201,,,,6.5,,,,7.75,7.8,,ttth,16,0
D01,7810202,6.8,,7.2,8.5,,,,,,,ttth,35,4
B00,7850101,,,,6.8,,,,,7.75,6.25,ttth,38,7
D01,7510202,8.0,,7.6,5.5,,,,,,,ttth,18,5
D01,7810201,6.4,,8.8,8.25,,,,,,,ttth,34,4
D01,7340201,7.0,,8.6,7.8,,,,,,,ttth,8,2
A01,7380107,,,8.2,7.8,,,,6.0,,,ttth,12,8
D01,7810201,8.0,,6.8,6.25,,,,,,,ttth,34,4
D01,7340115,8.25,,7.4,8.2,,,,,,,ttth,3,1
B00,7510401,,,,7.6,,,,,7.0,7.25,ttth,22,6
A00,7340101,,,,7.0,,,,7.5,7.4,,ttth,2,1
A00,7380107,,,,7.8,,,,7.25,8.75,,ttth,12,8
A01,7220201,,,9.2,7.4,,,,7.5,,,ttth,0,8
D01,7810202,7.0,,7.6,7.4,,,,,,,ttth,35,4
A00,7510303,,,,8.4,,,,7.0,7.5,,ttth,21,5
D01,7510303,7.0,,7.2,8.25,,,,,,,ttth,21,5
D01,7220201,7.5,,9.2,6.8,,,,,,,ttth,0,8
D01,7340120,7.8,,7.8,8.25,,,,,,,ttth,4,1
D01,7380107,7.5,,7.6,6.8,,,,,,,ttth,12,8
A00,7480201,,,,6.25,,,,7.75,7.8,,ttth,16,0
A00,7480201,,,,7.4,,,,7.0,8.0,,ttth,16,0
B00,7420201,,,,8.0,,,,,7.25,5.75,ttth,13,7
A00,7520115,,,,5.75,,,,5.25,8.0,,ttth,27,6
A00,7810103,,,,5.75,,,,7.75,6.2,,ttth,33,4
D01,7340301,5.4,,7.0,9.0,,,,,,,ttth,10,2
D01,7480201,8.0,,8.2,7.0,,,,,,,ttth,16,0
A00,7540204,,,,7.6,,,,6.0,4.75,,ttth,31,6
A01,7810201,,,8.2,7.8,,,,6.5,,,ttth,34,4
A00,7480201,,,,7.75,,,,7.5,7.4,,ttth,16,0
D01,7340101,7.0,,8.8,7.2,,,,,,,ttth,2,1
D01,7340115,7.2,,7.2,8.75,,,,,,,ttth,3,1
B00,7540101,,,,7.75,,,,,8.0,7.0,ttth,28,7
A00,7340123,,,,6.5,,,,6.75,8.0,,ttth,6,3
D01,7340115,7.8,,6.8,8.0,,,,,,,ttth,3,1
D01,7810103,7.75,,7.8,7.0,,,,,,,ttth,33,4
D07,7480201,,,7.0,7.0,,,,,7.2,,ttth,16,0
A00,7510203,,,,6.5,,,,7.0,7.6,,ttth,19,5
A00,7340301,,,,8.0,,,,7.5,7.5,,ttth,10,2
D07,7510303,,,7.8,7.0,,,,,7.6,,ttth,21,5
A00,7810202,,,,6.5,,,,6.75,7.6,,ttth,35,4
A01,7480202,,,8.2,8.2,,,,7.5,,,ttth,17,0
A00,7510303,,,,6.25,,,,6.25,9.0,,ttth,21,5
A00,7340201,,,,6.75,,,,7.75,6.6,,ttth,8,2
D15,7380107,6.75,6.4,7.25,,,,,,,,ttth,12,8
D01,7340123,6.75,,8.0,6.4,,,,,,,ttth,6,3
A00,7380107,,,,7.6,,,,6.75,7.25,,ttth,12,8
D01,7340115,7.2,,7.6,8.75,,,,,,,ttth,3,1
A00,7340115,,,,8.25,,,,8.75,7.6,,ttth,3,1
B00,7540101,,,,7.0,,,,,7.25,8.2,ttth,28,7
D01,7510303,6.8,,8.2,7.5,,,,,,,ttth,21,5
A00,7480201,,,,8.6,,,,8.0,6.75,,ttth,16,0
A00,7480201,,,,8.6,,,,6.75,8.0,,ttth,16,0
A00,7480201,,,,7.0,,,,8.25,8.2,,ttth,16,0
A01,7340205,,,7.8,6.25,,,,5.8,,,ttth,9,2
D01,7540204,4.6,,7.4,6.5,,,,,,,ttth,31,6
D01,7220204,8.5,,6.2,8.0,,,,,,,ttth,1,8
B00,7540101,,,,9.0,,,,,8.25,8.0,ttth,28,7
D01,7340101,7.8,,6.6,8.0,,,,,,,ttth,2,1
D01,7480201,9.2,,6.8,7.5,,,,,,,ttth,16,0
D01,7340201,8.4,,8.0,8.0,,,,,,,ttth,8,2
A00,7480202,,,,7.25,,,,7.5,8.0,,ttth,17,0
A00,7340301,,,,7.75,,,,8.25,7.0,,ttth,10,2
A00,7340101,,,,8.2,,,,7.5,8.25,,ttth,2,1
D01,7340129,6.2,,7.0,7.5,,,,,,,ttth,7,7
D01,7340301,6.4,,7.8,7.25,,,,,,,ttth,10,2
B00,7540101,,,,8.0,,,,,7.5,7.4,ttth,28,7
D01,7510303,6.25,,7.6,6.2,,,,,,,ttth,21,5
D01,7340115,7.4,,8.0,7.75,,,,,,,ttth,3,1
D01,7480202,6.2,,5.8,5.75,,,,,,,ttth,17,0
A01,7220201,,,8.4,7.5,,,,8.0,,,ttth,0,8
D01,7380107,7.0,,7.4,8.25,,,,,,,ttth,12,8
D01,7540204,6.5,,6.4,5.2,,,,,,,ttth,31,6
A00,7340115,,,,8.0,,,,8.25,8.4,,ttth,3,1
D01,7340129,4.8,,7.4,6.75,,,,,,,ttth,7,7
D01,7340201,5.2,,7.8,7.0,,,,,,,ttth,8,2
A00,7340120,,,,8.25,,,,8.0,8.0,,ttth,4,1
D01,7510202,7.2,,7.0,8.0,,,,,,,ttth,18,5
D01,7480201,6.2,,8.4,8.25,,,,,,,ttth,16,0
A00,7380107,,,,8.6,,,,7.25,7.0,,ttth,12,8
B00,7850101,,,,7.6,,,,,5.0,6.5,ttth,38,7
A01,7220201,,,8.2,8.4,,,,7.5,,,ttth,0,8
D01,7340120,7.2,,7.2,8.0,,,,,,,ttth,4,1
D01,7220204,7.75,,7.8,7.2,,,,,,,ttth,1,8
A01,7480201,,,8.4,7.25,,,,7.6,,,ttth,16,0
A01,7340205,,,7.4,7.5,,,,7.6,,,ttth,9,2
D01,7380107,7.6,,8.0,7.25,,,,,,,ttth,12,8
A00,7480201,,,,6.5,,,,9.0,7.4,,ttth,16,0
D01,7340201,6.6,,6.8,7.25,,,,,,,ttth,8,2
A01,7480201,,,7.2,7.5,,,,9.2,,,ttth,16,0
D01,7510301,6.5,,7.4,6.4,,,,,,,ttth,20,5
D01,7220201,7.5,,9.0,7.4,,,,,,,ttth,0,8
D01,7510301,5.75,,5.8,6.4,,,,,,,ttth,20,5
A01,7520115,,,7.0,6.0,,,,5.4,,,ttth,27,6
D01,7340120,7.4,,8.4,7.5,,,,,,,ttth,4,1
D01,7510303,5.75,,6.4,6.6,,,,,,,ttth,21,5
A01,7480201,,,8.4,7.2,,,,7.5,,,ttth,16,0
D01,7510203,6.25,,6.2,5.4,,,,,,,ttth,19,5
A00,7340101,,,,7.5,,,,6.5,7.4,,ttth,2,1
A00,7340201,,,,7.0,,,,7.25,6.2,,ttth,8,2
D07,7540106,,,7.4,6.5,,,,,7.0,,ttth,30,7
A01,7340201,,,8.2,7.0,,,,7.4,,,ttth,8,2
A00,7480201,,,,7.25,,,,8.25,8.4,,ttth,16,0
A00,7340101,,,,8.25,,,,7.75,7.8,,ttth,2,1
D01,7340101,8.75,,9.0,7.0,,,,,,,ttth,2,1
D01,7510202,5.8,,5.0,6.25,,,,,,,ttth,18,5
A00,7340115,,,,8.25,,,,8.5,8.0,,ttth,3,1
D01,7380107,7.5,,7.0,7.4,,,,,,,ttth,12,8
D01,7340201,7.8,,6.4,7.25,,,,,,,ttth,8,2
D01,7340122,7.2,,7.4,8.25,,,,,,,ttth,5,1
D09,7220201,,,7.8,7.75,,,6.8,,,,ttth,0,8
D01,7510203,4.6,,7.0,6.75,,,,,,,ttth,19,5
A00,7340201,,,,6.5,,,,7.0,7.2,,ttth,8,2
D01,7340122,6.4,,7.8,8.75,,,,,,,ttth,5,1
D01,7510202,7.75,,4.2,6.6,,,,,,,ttth,18,5
D01,7220201,6.8,,7.4,8.0,,,,,,,ttth,0,8
D01,7340201,8.75,,8.4,7.2,,,,,,,ttth,8,2
B00,7510401,,,,8.25,,,,,7.75,8.0,ttth,22,6
A00,7340120,,,,7.25,,,,7.25,8.6,,ttth,4,1
D07,7510301,,,6.6,7.0,,,,,7.4,,ttth,20,5
D01,7220201,6.6,,8.0,8.75,,,,,,,ttth,0,8
D01,7510301,5.75,,5.8,7.8,,,,,,,ttth,20,5
A00,7810201,,,,5.0,,,,6.25,7.0,,ttth,34,4
A01,7220201,,,8.2,7.8,,,,7.25,,,ttth,0,8
D01,7220201,7.8,,7.4,8.5,,,,,,,ttth,0,8
D01,7340301,7.5,,6.2,8.6,,,,,,,ttth,10,2
A00,7340301,,,,7.4,,,,7.0,8.25,,ttth,10,2
D01,7510202,6.5,,4.6,7.2,,,,,,,ttth,18,5
D01,7340301,8.0,,6.2,8.6,,,,,,,ttth,10,2
D01,7480202,8.0,,6.4,6.4,,,,,,,ttth,17,0
D01,7480201,7.25,,7.4,7.4,,,,,,,ttth,16,0
D01,7380107,6.5,,8.2,7.8,,,,,,,ttth,12,8
D01,7220204,5.8,,6.2,8.75,,,,,,,ttth,1,8
A00,7340101,,,,7.75,,,,8.0,7.4,,ttth,2,1
A01,7340120,,,7.6,7.75,,,,8.6,,,ttth,4,1
D01,7340120,6.4,,8.0,8.75,,,,,,,ttth,4,1
D07,7480202,,,9.0,7.6,,,,,7.25,,ttth,17,0
A01,7340301,,,7.2,8.4,,,,7.75,,,ttth,10,2
D01,7340122,7.0,,7.4,8.0,,,,,,,ttth,5,1
D01,7220201,8.6,,7.0,7.5,,,,,,,ttth,0,8
A00,7510203,,,,5.75,,,,6.75,7.0,,ttth,19,5
D01,7340301,8.75,,5.8,8.2,,,,,,,ttth,10,2
D01,7220204,6.8,,5.6,8.5,,,,,,,ttth,1,8
D01,7480201,7.5,,8.2,7.2,,,,,,,ttth,16,0
D01,7510202,6.4,,7.6,6.25,,,,,,,ttth,18,5
A01,7480201,,,7.2,7.75,,,,7.8,,,ttth,16,0
A00,7510303,,,,6.8,,,,5.0,7.5,,ttth,21,5
D01,7220201,8.8,,7.4,6.5,,,,,,,ttth,0,8
D01,7340205,5.0,,6.8,7.5,,,,,,,ttth,9,2
B00,7540101,,,,8.25,,,,,7.0,7.6,ttth,28,7
A00,7380107,,,,7.75,,,,7.25,8.4,,ttth,12,8
A00,7540101,,,,7.6,,,,7.25,8.5,,ttth,28,7
D01,7810202,7.5,,9.0,6.6,,,,,,,ttth,35,4
D01,7340129,7.0,,7.4,8.0,,,,,,,ttth,7,7
B00,7850101,,,,7.6,,,,,7.0,6.75,ttth,38,7
A00,7510301,,,,8.25,,,,7.0,7.0,,ttth,20,5
D01,7340301,6.4,,7.6,7.0,,,,,,,ttth,10,2
D01,7480201,8.2,,8.0,6.75,,,,,,,ttth,16,0
A00,7340101,,,,6.5,,,,7.75,8.0,,ttth,2,1
A00,7510401,,,,7.0,,,,6.0,6.75,,ttth,22,6
A00,7340301,,,,7.5,,,,7.5,8.2,,ttth,10,2
A01,7480201,,,8.6,7.5,,,,7.8,,,ttth,16,0
A00,7480201,,,,8.6,,,,7.25,7.25,,ttth,16,0
A00,7510203,,,,6.4,,,,5.25,4.5,,ttth,19,5
A00,7340301,,,,6.75,,,,6.25,7.2,,ttth,10,2
A00,7540105,,,,6.75,,,,6.75,7.2,,ttth,29,7
D01,7380107,7.2,,7.0,6.75,,,,,,,ttth,12,8
D01,7510202,6.0,,5.8,5.2,,,,,,,ttth,18,5
A00,7340301,,,,7.2,,,,7.75,9.0,,ttth,10,2
D01,7340120,6.8,,7.2,7.25,,,,,,,ttth,4,1
A01,7340201,,,7.6,7.8,,,,8.0,,,ttth,8,2
D01,7510202,6.6,,7.6,7.5,,,,,,,ttth,18,5
D01,7340201,7.4,,6.6,7.5,,,,,,,ttth,8,2
D01,7480201,7.0,,9.2,6.8,,,,,,,ttth,16,0
D01,7510202,3.4,,7.0,6.5,,,,,,,ttth,18,5
D01,7340115,7.8,,7.2,8.75,,,,,,,ttth,3,1
D01,7220201,6.75,,9.6,7.4,,,,,,,ttth,0,8
D15,7810103,5.75,5.6,7.25,,,,,,,,ttth,33,4
A00,7340301,,,,7.6,,,,8.25,7.25,,ttth,10,2
A00,7380107,,,,7.8,,,,6.75,7.5,,ttth,12,8
D01,7220204,7.2,,7.8,8.0,,,,,,,ttth,1,8
A00,7540101,,,,6.75,,,,7.75,8.2,,ttth,28,7
D01,7220201,7.8,,7.2,6.75,,,,,,,ttth,0,8
D01,7340115,7.4,,8.2,7.75,,,,,,,ttth,3,1
D01,7220201,7.0,,8.8,7.8,,,,,,,ttth,0,8
A00,7340120,,,,8.0,,,,6.5,8.2,,ttth,4,1
A00,7480201,,,,8.0,,,,7.75,7.4,,ttth,16,0
A00,7510401,,,,7.5,,,,8.5,7.6,,ttth,22,6
D01,7480202,4.4,,6.6,7.75,,,,,,,ttth,17,0
A00,7540101,,,,7.0,,,,6.25,7.4,,ttth,28,7
B00,7540101,,,,8.2,,,,,8.5,8.25,ttth,28,7
D01,7340201,6.6,,7.8,6.75,,,,,,,ttth,8,2
D01,7340115,8.4,,8.2,7.5,,,,,,,ttth,3,1
D01,7540204,3.0,,7.2,6.5,,,,,,,ttth,31,6
D01,7540204,6.5,,4.4,7.4,,,,,,,ttth,31,6
D01,7220201,7.6,,6.0,7.5,,,,,,,ttth,0,8
D01,7340201,8.5,,8.2,7.6,,,,,,,ttth,8,2
A01,7340115,,,8.6,8.25,,,,7.8,,,ttth,3,1
A00,7340120,,,,7.25,,,,8.0,7.2,,ttth,4,1
D01,7540204,7.5,,9.6,6.6,,,,,,,ttth,31,6
D01,7340123,7.5,,4.8,6.4,,,,,,,ttth,6,3
D01,7340301,6.2,,7.6,7.75,,,,,,,ttth,10,2
A00,7340115,,,,8.0,,,,8.0,8.2,,ttth,3,1
D01,7510301,6.75,,5.4,5.2,,,,,,,ttth,20,5
A01,7340120,,,9.2,7.8,,,,7.0,,,ttth,4,1
A01,7380107,,,6.0,8.2,,,,7.5,,,ttth,12,8
A00,7540105,,,,7.2,,,,7.0,7.75,,ttth,29,7
D01,7380107,7.25,,6.6,7.0,,,,,,,ttth,12,8
D01,7480202,7.25,,8.0,8.2,,,,,,,ttth,17,0
A00,7340120,,,,6.75,,,,7.5,7.8,,ttth,4,1
B00,7540101,,,,7.75,,,,,7.75,7.8,ttth,28,7
D01,7380107,6.5,,7.2,8.0,,,,,,,ttth,12,8
A01,7480201,,,7.4,6.5,,,,7.2,,,ttth,16,0
D01,7510301,7.2,,7.4,7.25,,,,,,,ttth,20,5
A00,7340201,,,,8.6,,,,7.25,7.25,,ttth,8,2
D01,7220201,8.5,,8.0,7.6,,,,,,,ttth,0,8
B00,7420201,,,,4.75,,,,,6.25,6.2,ttth,13,7
A00,7340101,,,,8.4,,,,8.0,8.0,,ttth,2,1
B00,7850101,,,,7.0,,,,,5.5,5.5,ttth,38,7
A01,7340120,,,9.0,8.2,,,,8.0,,,ttth,4,1
A00,7340122,,,,7.75,,,,7.25,7.0,,ttth,5,1
A00,7540106,,,,6.5,,,,7.0,7.4,,ttth,30,7
D01,7540204,7.5,,8.4,7.4,,,,,,,ttth,31,6
A00,7340101,,,,7.25,,,,6.25,8.4,,ttth,2,1
D01,7220204,6.0,,7.2,8.25,,,,,,,ttth,1,8
D01,7340201,8.4,,7.2,7.0,,,,,,,ttth,8,2
D01,7220201,7.75,,8.6,7.4,,,,,,,ttth,0,8
A00,7540101,,,,8.0,,,,7.25,7.4,,ttth,28,7
D01,7810201,5.6,,6.6,6.75,,,,,,,ttth,34,4
A01,7420201,,,7.4,7.5,,,,8.4,,,ttth,13,7
A00,7340120,,,,8.6,,,,7.25,7.75,,ttth,4,1
A00,7480202,,,,6.25,,,,8.0,8.6,,ttth,17,0
D01,7480201,6.6,,8.2,6.0,,,,,,,ttth,16,0
D01,7810103,8.0,,4.8,6.75,,,,,,,ttth,33,4
A00,7340120,,,,7.4,,,,7.5,8.25,,ttth,4,1
A00,7480201,,,,7.75,,,,7.5,8.0,,ttth,16,0
A00,7520115,,,,6.25,,,,5.25,7.4,,ttth,27,6
D01,7220201,8.2,,8.0,7.25,,,,,,,ttth,0,8
A00,7380107,,,,7.6,,,,6.75,7.5,,ttth,12,8
D01,7540204,7.75,,5.4,6.4,,,,,,,ttth,31,6
A00,7340129,,,,5.75,,,,5.5,7.0,,ttth,7,7
A00,7510303,,,,7.0,,,,7.25,9.0,,ttth,21,5
D01,7220204,7.5,,8.4,8.0,,,,,,,ttth,1,8
A00,7340115,,,,8.25,,,,7.75,7.4,,ttth,3,1
A01,7510202,,,6.8,6.25,,,,5.8,,,ttth,18,5
A00,7340101,,,,7.0,,,,7.75,7.4,,ttth,2,1
A00,7340120,,,,8.0,,,,8.5,7.6,,ttth,4,1
D01,7340101,8.25,,8.4,7.2,,,,,,,ttth,2,1
D01,7810201,7.5,,8.0,8.0,,,,,,,ttth,34,4
B00,7510401,,,,6.6,,,,,6.75,3.5,ttth,22,6
D01,7220204,6.4,,6.8,7.75,,,,,,,ttth,1,8
A00,7340120,,,,8.2,,,,7.25,8.0,,ttth,4,1
D07,7540106,,,7.0,7.2,,,,,7.25,,ttth,30,7
D01,7480201,7.75,,7.4,7.0,,,,,,,ttth,16,0
D01,7340101,6.8,,7.0,7.25,,,,,,,ttth,2,1
A01,7220201,,,7.8,7.5,,,,8.4,,,ttth,0,8
D01,7460108,6.6,,7.2,6.5,,,,,,,ttth,14,0
D01,7340205,6.4,,6.6,7.0,,,,,,,ttth,9,2
A00,7480201,,,,8.0,,,,7.75,8.0,,ttth,16,0
D01,7810201,8.0,,7.0,7.8,,,,,,,ttth,34,4
A00,7480202,,,,7.75,,,,6.5,8.2,,ttth,17,0
D01,7510203,7.0,,5.6,8.0,,,,,,,ttth,19,5
A01,7480201,,,8.0,8.0,,,,7.5,,,ttth,16,0
B00,7540101,,,,8.5,,,,,6.25,7.4,ttth,28,7
A01,7810103,,,8.2,7.0,,,,8.0,,,ttth,33,4
D01,7340101,6.75,,8.4,8.4,,,,,,,ttth,2,1
D01,7510303,7.0,,7.0,7.5,,,,,,,ttth,21,5
D01,7340201,7.25,,9.6,7.0,,,,,,,ttth,8,2
A00,7480201,,,,6.75,,,,7.5,6.8,,ttth,16,0
D01,7220204,7.25,,8.8,7.0,,,,,,,ttth,1,8
A00,7340101,,,,6.25,,,,8.25,8.6,,ttth,2,1
D01,7380107,7.6,,8.4,7.5,,,,,,,ttth,12,8
A00,7480201,,,,7.0,,,,7.75,7.6,,ttth,16,0
A00,7480201,,,,7.0,,,,8.5,7.8,,ttth,16,0
A00,7540101,,,,8.5,,,,7.5,8.2,,ttth,28,7
A00,7540106,,,,8.4,,,,6.75,8.25,,ttth,30,7
A01,7340201,,,8.4,8.2,,,,7.25,,,ttth,8,2
A00,7480202,,,,7.2,,,,6.5,6.5,,ttth,17,0
D15,7810202,6.75,6.4,8.25,,,,,,,,ttth,35,4
D07,7540105,,,7.0,5.75,,,,,7.0,,ttth,29,7
A01,7480201,,,8.8,6.8,,,,6.5,,,ttth,16,0
A00,7510202,,,,7.6,,,,7.25,7.5,,ttth,18,5
A00,7480201,,,,8.2,,,,6.75,7.5,,ttth,16,0
A00,7540106,,,,7.0,,,,6.5,6.75,,ttth,30,7
A01,7340115,,,7.8,7.0,,,,7.8,,,ttth,3,1
A00,7340115,,,,8.8,,,,7.5,8.0,,ttth,3,1
D01,7340115,7.0,,7.8,8.75,,,,,,,ttth,3,1
D01,7510202,4.4,,4.8,7.5,,,,,,,ttth,18,5
A00,7480201,,,,7.4,,,,7.75,7.75,,ttth,16,0
A00,7340101,,,,7.5,,,,7.5,8.2,,ttth,2,1
D01,7340201,8.0,,7.0,7.0,,,,,,,ttth,8,2
A01,7480201,,,8.4,7.75,,,,7.4,,,ttth,16,0
A01,7480201,,,8.8,5.75,,,,7.6,,,ttth,16,0
A00,7340201,,,,6.25,,,,7.5,7.6,,ttth,8,2
D01,7220204,7.6,,7.4,8.25,,,,,,,ttth,1,8
A00,7480202,,,,8.2,,,,7.25,7.75,,ttth,17,0
A00,7340120,,,,7.5,,,,7.75,6.6,,ttth,4,1
D01,7520115,3.6,,6.6,7.25,,,,,,,ttth,27,6
D01,7480201,6.4,,7.8,7.25,,,,,,,ttth,16,0
D01,7510203,6.5,,5.4,7.4,,,,,,,ttth,19,5
D01,7810202,6.75,,8.2,8.0,,,,,,,ttth,35,4
A01,7340115,,,6.8,8.25,,,,9.0,,,ttth,3,1
A01,7480201,,,8.2,6.25,,,,8.0,,,ttth,16,0
A01,7220201,,,9.4,7.2,,,,7.0,,,ttth,0,8
D01,7340101,6.6,,7.4,8.25,,,,,,,ttth,2,1
A00,7480201,,,,8.6,,,,6.25,7.5,,ttth,16,0
A00,7340101,,,,7.75,,,,6.75,8.8,,ttth,2,1
B00,7850101,,,,6.5,,,,,5.75,6.2,ttth,38,7
D01,7510303,7.5,,4.2,5.4,,,,,,,ttth,21,5
D01,7220201,8.5,,7.8,7.4,,,,,,,ttth,0,8
D01,7510203,5.8,,6.2,7.25,,,,,,,ttth,19,5
D01,7380107,7.2,,7.4,8.0,,,,,,,ttth,12,8
A00,7340101,,,,8.2,,,,8.5,7.25,,ttth,2,1
A00,7340201,,,,7.25,,,,7.75,6.8,,ttth,8,2
D01,7510303,7.0,,7.0,5.4,,,,,,,ttth,21,5
D01,7480202,6.0,,3.8,8.2,,,,,,,ttth,17,0
D01,7340129,8.0,,6.8,7.0,,,,,,,ttth,7,7
A00,7540101,,,,8.4,,,,8.0,8.75,,ttth,28,7
D01,7220201,8.25,,9.6,7.8,,,,,,,ttth,0,8
D01,7340101,6.2,,7.6,8.25,,,,,,,ttth,2,1
D01,7460108,5.6,,6.2,7.0,,,,,,,ttth,14,0
D01,7810201,4.0,,7.4,7.25,,,,,,,ttth,34,4
A00,7510303,,,,7.2,,,,6.75,4.25,,ttth,21,5
A01,7480201,,,7.4,7.8,,,,7.0,,,ttth,16,0
D01,7810201,6.6,,7.8,8.0,,,,,,,ttth,34,4
A00,7510202,,,,7.0,,,,6.5,7.5,,ttth,18,5
D01,7520115,5.2,,7.2,7.0,,,,,,,ttth,27,6
A00,7340122,,,,7.5,,,,6.75,7.6,,ttth,5,1
D07,7480201,,,6.4,7.25,,,,,8.0,,ttth,16,0
D01,7380107,7.4,,7.6,7.25,,,,,,,ttth,12,8
A00,7340115,,,,7.5,,,,8.25,8.0,,ttth,3,1
D01,7220201,8.25,,7.8,7.2,,,,,,,ttth,0,8
A01,7340101,,,7.6,7.25,,,,8.8,,,ttth,2,1
D01,7220201,7.5,,9.0,8.2,,,,,,,ttth,0,8
D01,7340115,8.4,,7.8,7.25,,,,,,,ttth,3,1
D01,7810201,6.8,,7.8,6.5,,,,,,,ttth,34,4
A00,7480201,,,,8.4,,,,7.75,7.25,,ttth,16,0
D01,7810201,8.6,,7.0,7.75,,,,,,,ttth,34,4
A00,7850101,,,,7.6,,,,7.5,7.75,,ttth,38,7
A01,7220204,,,8.0,7.25,,,,6.4,,,ttth,1,8
A00,7810103,,,,7.0,,,,7.75,7.4,,ttth,33,4
A01,7340120,,,7.4,6.75,,,,8.2,,,ttth,4,1
D01,7340122,8.0,,7.4,7.25,,,,,,,ttth,5,1
A00,7540105,,,,7.75,,,,7.5,7.2,,ttth,29,7
D01,7340129,6.2,,6.0,7.5,,,,,,,ttth,7,7
A00,7480202,,,,7.25,,,,7.0,7.2,,ttth,17,0
A00,7380107,,,,8.0,,,,8.5,7.5,,ttth,12,8
D01,7220201,8.0,,8.4,7.8,,,,,,,ttth,0,8
D01,7520115,7.6,,6.4,7.25,,,,,,,ttth,27,6
A00,7480201,,,,7.75,,,,7.5,7.6,,ttth,16,0
A00,7340301,,,,8.0,,,,7.5,7.75,,ttth,10,2
B00,7420201,,,,7.8,,,,,6.5,6.75,ttth,13,7
A00,7340101,,,,7.5,,,,6.25,8.4,,ttth,2,1
D01,7540204,6.75,,5.8,6.8,,,,,,,ttth,31,6
D01,7340115,7.6,,6.8,8.5,,,,,,,ttth,3,1
A00,7380107,,,,6.0,,,,6.75,6.6,,ttth,12,8
D01,7510301,6.8,,7.2,7.5,,,,,,,ttth,20,5
A01,7340101,,,8.4,7.25,,,,8.6,,,ttth,2,1
B00,7540105,,,,7.6,,,,,7.75,7.0,ttth,29,7
D01,7480201,6.5,,8.8,7.8,,,,,,,ttth,16,0
D07,7540101,,,8.6,8.0,,,,,6.8,,ttth,28,7
D01,7480201,7.6,,7.6,7.75,,,,,,,ttth,16,0
A00,7340301,,,,6.75,,,,7.25,7.6,,ttth,10,2
A00,7510301,,,,6.5,,,,6.75,8.0,,ttth,20,5
D09,7220204,,,8.6,8.0,,,7.75,,,,ttth,1,8
D01,7340120,8.5,,7.8,8.0,,,,,,,ttth,4,1
B00,7540101,,,,7.25,,,,,8.0,7.0,ttth,28,7
D07,7480201,,,7.6,7.5,,,,,8.0,,ttth,16,0
D01,7510301,7.0,,7.2,8.0,,,,,,,ttth,20,5
A00,7340301,,,,7.25,,,,8.25,7.8,,ttth,10,2
A00,7480201,,,,6.5,,,,8.25,7.8,,ttth,16,0
D01,7220201,7.5,,9.2,7.2,,,,,,,ttth,0,8
A01,7380107,,,8.6,6.6,,,,7.0,,,ttth,12,8
A00,7480201,,,,7.0,,,,7.75,7.5,,ttth,16,0
D07,7480201,,,7.4,7.25,,,,,7.2,,ttth,16,0
A00,7510401,,,,7.8,,,,5.75,6.0,,ttth,22,6
A00,7540106,,,,7.2,,,,7.75,7.5,,ttth,30,7
A00,7480201,,,,7.8,,,,8.25,7.5,,ttth,16,0
A00,7480201,,,,7.0,,,,7.25,7.8,,ttth,16,0
D01,7220201,7.6,,5.6,8.0,,,,,,,ttth,0,8
D01,7510203,7.6,,7.0,7.0,,,,,,,ttth,19,5
D01,7510202,3.8,,6.6,7.5,,,,,,,ttth,18,5
D01,7340123,7.0,,4.4,7.0,,,,,,,ttth,6,3
A00,7340129,,,,7.6,,,,7.0,7.0,,ttth,7,7
D01,7340101,8.6,,6.8,8.0,,,,,,,ttth,2,1
D01,7340129,7.2,,7.2,7.25,,,,,,,ttth,7,7
D01,7340101,8.4,,8.0,8.25,,,,,,,ttth,2,1
D01,7220201,7.75,,8.6,8.0,,,,,,,ttth,0,8
D01,7220204,7.75,,8.8,7.2,,,,,,,ttth,1,8
A00,7480201,,,,8.25,,,,8.0,7.2,,ttth,16,0
A00,7340201,,,,8.2,,,,8.0,7.0,,ttth,8,2
A01,7340101,,,7.4,7.75,,,,7.6,,,ttth,2,1
D01,7340115,7.6,,6.8,8.0,,,,,,,ttth,3,1
A00,7480201,,,,8.2,,,,6.75,7.75,,ttth,16,0
B00,7540101,,,,8.5,,,,,7.5,7.6,ttth,28,7
A01,7480201,,,8.0,8.0,,,,7.0,,,ttth,16,0
D01,7380107,7.6,,7.8,7.75,,,,,,,ttth,12,8
D01,7480201,6.4,,7.4,7.25,,,,,,,ttth,16,0
D01,7380107,6.0,,8.6,7.2,,,,,,,ttth,12,8
D09,7220201,,,6.4,8.25,,,7.6,,,,ttth,0,8
D01,7510303,7.4,,6.6,7.0,,,,,,,ttth,21,5
A00,7540101,,,,8.0,,,,8.5,8.2,,ttth,28,7
A00,7480201,,,,6.75,,,,7.0,7.8,,ttth,16,0
A00,7520115,,,,7.0,,,,7.25,6.75,,ttth,27,6
D01,7480202,8.0,,6.2,6.5,,,,,,,ttth,17,0
A00,7340201,,,,7.0,,,,7.5,7.6,,ttth,8,2
D01,7510301,7.4,,7.2,7.75,,,,,,,ttth,20,5
D01,7510203,6.25,,5.4,6.0,,,,,,,ttth,19,5
A01,7220201,,,7.8,7.0,,,,8.8,,,ttth,0,8
D01,7380107,7.0,,6.6,8.25,,,,,,,ttth,12,8
A00,7510202,,,,7.8,,,,7.0,7.0,,ttth,18,5
D01,7480201,6.8,,7.2,7.75,,,,,,,ttth,16,0
A01,7819009,,,7.4,6.0,,,,5.4,,,ttth,36,4
D07,7480201,,,6.6,8.2,,,,,8.25,,ttth,16,0
D01,7510202,3.4,,8.0,6.75,,,,,,,ttth,18,5
D01,7340120,6.2,,7.8,8.0,,,,,,,ttth,4,1
A00,7480201,,,,7.5,,,,8.0,7.6,,ttth,16,0
D01,7480202,6.0,,6.4,6.4,,,,,,,ttth,17,0
A01,7480201,,,7.6,7.75,,,,8.2,,,ttth,16,0
A00,7340201,,,,6.5,,,,7.5,7.2,,ttth,8,2
A00,7480201,,,,8.0,,,,8.0,7.75,,ttth,16,0
D01,7340301,7.75,,7.4,8.0,,,,,,,ttth,10,2
A00,7510401,,,,6.0,,,,7.5,7.4,,ttth,22,6
D01,7510303,7.25,,6.0,7.8,,,,,,,ttth,21,5
A00,7340101,,,,7.8,,,,8.25,7.75,,ttth,2,1
A00,7540105,,,,7.6,,,,7.25,7.25,,ttth,29,7
D01,7340201,7.2,,7.0,6.75,,,,,,,ttth,8,2
B00,7540101,,,,7.5,,,,,7.5,8.6,ttth,28,7
D01,7510202,5.8,,6.8,6.0,,,,,,,ttth,18,5
A00,7380107,,,,8.25,,,,7.0,8.6,,ttth,12,8
A00,7480201,,,,8.25,,,,8.75,7.8,,ttth,16,0
A01,7340101,,,9.2,8.4,,,,7.75,,,ttth,2,1
D01,7810201,5.2,,7.0,7.5,,,,,,,ttth,34,4
A00,7340201,,,,8.2,,,,7.25,7.5,,ttth,8,2
D01,7810201,6.2,,6.8,7.0,,,,,,,ttth,34,4
D07,7540101,,,7.0,6.5,,,,,8.6,,ttth,28,7
A01,7510406,,,7.0,5.0,,,,4.6,,,ttth,24,7
A01,7540106,,,4.6,7.6,,,,7.25,,,ttth,30,7
D07,7480201,,,8.0,8.4,,,,,8.25,,ttth,16,0
A00,7810202,,,,8.25,,,,6.5,6.8,,ttth,35,4
D01,7340120,8.5,,8.8,7.4,,,,,,,ttth,4,1
A00,7810201,,,,7.25,,,,7.0,7.0,,ttth,34,4
A00,7810202,,,,7.25,,,,7.75,7.8,,ttth,35,4
D01,7340101,7.6,,7.0,7.0,,,,,,,ttth,2,1
D01,7340129,5.4,,7.8,8.25,,,,,,,ttth,7,7
D01,7220201,8.6,,7.4,7.75,,,,,,,ttth,0,8
A00,7340101,,,,8.0,,,,7.75,7.5,,ttth,2,1
A00,7510203,,,,7.25,,,,7.75,8.2,,ttth,19,5
A00,7510303,,,,7.8,,,,7.25,7.5,,ttth,21,5
D15,7380107,7.75,6.8,7.25,,,,,,,,ttth,12,8
A00,7510203,,,,7.5,,,,6.25,7.8,,ttth,19,5
A00,7340201,,,,8.5,,,,6.75,8.2,,ttth,8,2
A00,7340201,,,,6.5,,,,6.0,8.2,,ttth,8,2
A00,7380107,,,,8.8,,,,6.75,8.25,,ttth,12,8
A01,7340201,,,6.8,8.0,,,,7.0,,,ttth,8,2
A00,7380107,,,,8.2,,,,6.75,7.5,,ttth,12,8
A00,7510202,,,,7.8,,,,5.5,7.0,,ttth,18,5
B00,7510401,,,,7.25,,,,,6.25,6.4,ttth,22,6
D15,7810202,6.75,5.8,6.0,,,,,,,,ttth,35,4
A00,7480201,,,,7.5,,,,8.0,7.8,,ttth,16,0
A00,7510202,,,,6.0,,,,4.75,5.75,,ttth,18,5
D01,7340301,5.75,,8.6,7.8,,,,,,,ttth,10,2
A00,7540101,,,,9.2,,,,7.25,8.0,,ttth,28,7
A01,7810103,,,8.0,7.4,,,,7.0,,,ttth,33,4
D01,7810103,7.0,,8.4,7.6,,,,,,,ttth,33,4
A00,7340101,,,,8.0,,,,7.25,8.5,,ttth,2,1
D01,7220204,7.0,,7.6,9.25,,,,,,,ttth,1,8
A00,7340201,,,,8.0,,,,6.25,7.4,,ttth,8,2
D01,7380107,5.0,,7.2,8.0,,,,,,,ttth,12,8
D01,7340129,6.8,,7.8,7.5,,,,,,,ttth,7,7
A00,7480201,,,,8.0,,,,7.25,8.4,,ttth,16,0
B00,7819009,,,,4.75,,,,,6.5,5.0,ttth,36,4
A00,7340201,,,,7.6,,,,8.5,8.5,,ttth,8,2
D01,7810202,4.8,,8.4,6.75,,,,,,,ttth,35,4
A00,7480202,,,,7.6,,,,5.5,5.75,,ttth,17,0
A01,7480201,,,7.4,6.5,,,,7.8,,,ttth,16,0
A00,7380107,,,,7.6,,,,7.75,7.5,,ttth,12,8
D01,7340115,8.2,,7.2,7.0,,,,,,,ttth,3,1
D01,7220201,8.4,,7.0,7.25,,,,,,,ttth,0,8
D01,7480201,5.2,,7.8,7.75,,,,,,,ttth,16,0
D01,7510203,8.25,,4.6,5.0,,,,,,,ttth,19,5
A00,7340201,,,,8.2,,,,7.75,7.25,,ttth,8,2
B00,7420201,,,,8.25,,,,,7.0,6.6,ttth,13,7
A01,7220201,,,7.4,7.0,,,,6.8,,,ttth,0,8
D01,7340129,5.2,,6.8,7.0,,,,,,,ttth,7,7
A01,7480201,,,7.8,8.0,,,,8.4,,,ttth,16,0
D01,7380107,7.25,,8.4,6.6,,,,,,,ttth,12,8
A01,7340201,,,8.0,8.25,,,,6.8,,,ttth,8,2
A00,7380107,,,,7.0,,,,7.0,8.0,,ttth,12,8
D01,7510303,5.8,,7.2,7.0,,,,,,,ttth,21,5
A00,7510401,,,,7.0,,,,7.5,7.2,,ttth,22,6
A00,7510301,,,,7.25,,,,6.75,7.2,,ttth,20,5
D01,7340120,7.6,,7.2,8.0,,,,,,,ttth,4,1
A00,7510301,,,,5.0,,,,7.75,7.0,,ttth,20,5
D01,7380107,4.4,,7.6,7.5,,,,,,,ttth,12,8
A01,7340120,,,7.4,7.5,,,,6.8,,,ttth,4,1
D07,7480201,,,8.4,8.25,,,,,8.6,,ttth,16,0
D15,7810201,7.75,7.2,6.5,,,,,,,,ttth,34,4
A00,7480201,,,,7.75,,,,6.5,8.8,,ttth,16,0
D01,7340201,7.2,,8.0,7.75,,,,,,,ttth,8,2
A00,7340115,,,,7.75,,,,7.75,8.4,,ttth,3,1
D01,7340120,7.5,,8.0,7.8,,,,,,,ttth,4,1
A01,7480202,,,7.2,7.0,,,,6.4,,,ttth,17,0
A00,7540101,,,,6.75,,,,7.0,6.8,,ttth,28,7
D01,7340115,8.25,,8.8,7.8,,,,,,,ttth,3,1
D01,7340120,7.5,,8.2,7.6,,,,,,,ttth,4,1
A00,7810201,,,,7.25,,,,8.0,7.4,,ttth,34,4
B00,7540101,,,,8.2,,,,,7.75,8.0,ttth,28,7
D01,7480201,6.75,,9.0,7.2,,,,,,,ttth,16,0
D01,7220204,6.6,,6.2,8.25,,,,,,,ttth,1,8
A00,7480201,,,,6.75,,,,7.25,7.2,,ttth,16,0
A00,7510303,,,,7.8,,,,6.0,8.0,,ttth,21,5
A00,7340201,,,,6.5,,,,7.0,8.2,,ttth,8,2
D01,7380107,9.4,,7.8,6.0,,,,,,,ttth,12,8
B00,7420201,,,,8.0,,,,,7.75,7.2,ttth,13,7
D01,7220204,8.25,,8.4,7.6,,,,,,,ttth,1,8
A00,7340115,,,,8.0,,,,8.25,7.4,,ttth,3,1
D01,7340101,6.8,,7.4,8.0,,,,,,,ttth,2,1
A00,7340115,,,,8.25,,,,7.25,8.0,,ttth,3,1
D01,7810202,8.25,,7.0,6.8,,,,,,,ttth,35,4
A00,7340101,,,,7.75,,,,8.75,8.0,,ttth,2,1
D01,7340201,7.75,,8.2,7.0,,,,,,,ttth,8,2
D01,7480202,7.4,,8.0,6.5,,,,,,,ttth,17,0
A00,7340120,,,,7.0,,,,7.5,8.0,,ttth,4,1
D01,7810202,7.0,,7.8,8.0,,,,,,,ttth,35,4
D01,7340301,8.0,,6.6,8.0,,,,,,,ttth,10,2
D01,7510301,7.5,,3.6,6.8,,,,,,,ttth,20,5
D15,7380107,6.0,6.4,8.0,,,,,,,,ttth,12,8
D01,7480202,6.25,,7.0,7.2,,,,,,,ttth,17,0
D01,7340120,8.25,,8.8,7.4,,,,,,,ttth,4,1
A00,7480201,,,,7.25,,,,7.25,7.4,,ttth,16,0
D01,7340205,6.0,,7.2,7.0,,,,,,,ttth,9,2
A00,7340301,,,,6.8,,,,7.5,8.0,,ttth,10,2
A00,7520115,,,,5.25,,,,5.75,6.8,,ttth,27,6
A00,7850101,,,,7.0,,,,5.75,6.5,,ttth,38,7
D07,7480201,,,8.8,6.8,,,,,7.0,,ttth,16,0
A00,7340101,,,,8.2,,,,8.25,8.75,,ttth,2,1
A00,7480202,,,,7.0,,,,7.0,6.8,,ttth,17,0
A00,7540101,,,,9.0,,,,8.75,8.75,,ttth,28,7
D01,7520115,5.4,,5.8,5.75,,,,,,,ttth,27,6
A01,7220201,,,7.2,7.75,,,,7.6,,,ttth,0,8
D01,7220201,7.8,,6.6,7.5,,,,,,,ttth,0,8
A00,7340120,,,,7.0,,,,7.5,8.4,,ttth,4,1
A00,7480201,,,,8.2,,,,7.5,8.0,,ttth,16,0
D01,7810103,8.2,,7.2,5.75,,,,,,,ttth,33,4
D01,7480201,7.2,,8.6,8.5,,,,,,,ttth,16,0
D01,7540204,5.75,,5.2,5.6,,,,,,,ttth,31,6
D01,7510203,6.5,,6.0,6.8,,,,,,,ttth,19,5
A00,7380107,,,,7.4,,,,7.25,7.0,,ttth,12,8
D01,7340129,8.4,,7.8,6.5,,,,,,,ttth,7,7
D01,7340129,7.0,,7.2,6.4,,,,,,,ttth,7,7
A00,7510301,,,,7.5,,,,7.5,7.6,,ttth,20,5
D01,7340120,6.6,,7.6,7.75,,,,,,,ttth,4,1
A00,7510202,,,,7.2,,,,5.5,5.25,,ttth,18,5
D01,7220204,7.5,,8.8,7.6,,,,,,,ttth,1,8
D01,7480201,7.6,,8.4,6.5,,,,,,,ttth,16,0
D01,7520115,7.0,,5.4,8.0,,,,,,,ttth,27,6
A00,7340123,,,,6.25,,,,8.0,8.0,,ttth,6,3
D01,7810201,5.6,,7.6,6.25,,,,,,,ttth,34,4
A00,7510203,,,,7.8,,,,7.0,8.25,,ttth,19,5
A00,7380107,,,,7.2,,,,6.5,8.25,,ttth,12,8
A00,7340122,,,,8.25,,,,6.75,7.8,,ttth,5,1
D01,7510202,4.4,,7.0,9.0,,,,,,,ttth,18,5
D01,7220201,7.25,,9.0,8.4,,,,,,,ttth,0,8
B00,7510401,,,,6.2,,,,,7.0,5.0,ttth,22,6
A01,7220204,,,8.0,8.0,,,,8.6,,,ttth,1,8
D07,7510203,,,8.6,7.5,,,,,6.4,,ttth,19,5
B00,7420201,,,,8.0,,,,,7.0,7.0,ttth,13,7
D01,7340101,8.4,,6.6,6.0,,,,,,,ttth,2,1
D01,7340201,6.4,,8.4,8.0,,,,,,,ttth,8,2
D07,7510303,,,7.6,6.75,,,,,7.6,,ttth,21,5
D09,7220201,,,6.2,8.75,,,7.6,,,,ttth,0,8
A01,7340115,,,7.6,8.0,,,,8.0,,,ttth,3,1
A01,7480201,,,7.4,6.75,,,,8.0,,,ttth,16,0
A00,7420201,,,,7.2,,,,6.0,5.0,,ttth,13,7
A00,7340201,,,,7.0,,,,7.5,7.8,,ttth,8,2
A00,7340201,,,,8.2,,,,8.25,7.0,,ttth,8,2
D01,7340120,7.5,,9.0,6.8,,,,,,,ttth,4,1
A00,7480201,,,,7.5,,,,7.25,7.2,,ttth,16,0
A01,7220201,,,7.0,7.25,,,,9.0,,,ttth,0,8
A00,7540101,,,,7.0,,,,7.5,6.8,,ttth,28,7
D01,7480201,6.2,,8.0,8.5,,,,,,,ttth,16,0
D07,7540101,,,7.6,8.25,,,,,6.8,,ttth,28,7
D01,7540204,7.25,,6.6,6.0,,,,,,,ttth,31,6
D01,7380107,8.75,,7.6,7.0,,,,,,,ttth,12,8
A00,7480201,,,,7.0,,,,7.25,7.4,,ttth,16,0
D01,7510202,6.0,,7.6,6.5,,,,,,,ttth,18,5
A00,7420201,,,,7.25,,,,7.5,7.4,,ttth,13,7
A00,7510301,,,,7.8,,,,5.5,8.0,,ttth,20,5
A00,7340101,,,,6.5,,,,7.75,7.8,,ttth,2,1
D01,7510203,5.4,,5.6,4.5,,,,,,,ttth,19,5
A01,7510301,,,6.8,7.4,,,,6.5,,,ttth,20,5
A00,7340201,,,,6.25,,,,7.25,7.6,,ttth,8,2
A00,7510202,,,,7.25,,,,7.25,6.0,,ttth,18,5
D01,7220201,6.6,,7.2,7.75,,,,,,,ttth,0,8
D01,7220201,8.4,,6.8,8.75,,,,,,,ttth,0,8
A00,7380107,,,,5.0,,,,7.0,7.2,,ttth,12,8
A00,7340120,,,,8.0,,,,8.0,8.75,,ttth,4,1
D07,7510401,,,8.0,7.5,,,,,7.2,,ttth,22,6
A00,7510202,,,,8.0,,,,4.75,7.25,,ttth,18,5
B00,7850101,,,,7.5,,,,,6.0,6.8,ttth,38,7
A00,7340101,,,,7.25,,,,8.0,7.6,,ttth,2,1
A00,7510203,,,,5.2,,,,6.75,4.25,,ttth,19,5
D01,7810103,6.0,,6.4,8.25,,,,,,,ttth,33,4
A01,7510202,,,4.2,8.2,,,,6.25,,,ttth,18,5
A00,7850101,,,,5.8,,,,4.5,6.5,,ttth,38,7
A00,7340101,,,,8.0,,,,7.0,8.2,,ttth,2,1
B00,7420201,,,,8.0,,,,,8.5,7.6,ttth,13,7
B00,7420201,,,,6.5,,,,,7.75,6.8,ttth,13,7
A01,7510301,,,8.4,6.6,,,,4.75,,,ttth,20,5
A01,7220201,,,6.2,6.0,,,,9.2,,,ttth,0,8
A00,7540101,,,,7.75,,,,7.75,7.2,,ttth,28,7
A00,7480201,,,,6.5,,,,7.25,7.6,,ttth,16,0
D01,7510303,6.2,,7.2,7.5,,,,,,,ttth,21,5
D01,7510301,6.2,,6.2,7.25,,,,,,,ttth,20,5
A00,7510202,,,,8.2,,,,6.75,6.75,,ttth,18,5
A00,7540106,,,,7.0,,,,7.5,7.25,,ttth,30,7
D01,7340115,5.8,,7.8,9.0,,,,,,,ttth,3,1
D01,7810202,7.0,,8.6,7.6,,,,,,,ttth,35,4
D01,7340101,7.0,,8.6,7.8,,,,,,,ttth,2,1
D01,7340301,6.4,,7.8,7.5,,,,,,,ttth,10,2
A01,7220201,,,8.0,7.5,,,,8.2,,,ttth,0,8
D01,7340129,6.2,,7.0,7.5,,,,,,,ttth,7,7
A00,7340301,,,,8.2,,,,7.5,8.0,,ttth,10,2
A01,7480201,,,8.2,8.0,,,,7.0,,,ttth,16,0
D01,7340120,7.4,,8.4,7.75,,,,,,,ttth,4,1
A00,7819010,,,,5.5,,,,5.75,8.0,,ttth,37,4
D01,7340123,5.2,,6.8,7.0,,,,,,,ttth,6,3
D01,7510203,4.2,,6.4,6.0,,,,,,,ttth,19,5
A00,7460108,,,,6.25,,,,6.25,7.6,,ttth,14,0
A00,7480201,,,,7.8,,,,6.75,7.5,,ttth,16,0
A00,7540106,,,,7.0,,,,7.25,7.0,,ttth,30,7
A00,7480201,,,,8.25,,,,7.5,7.6,,ttth,16,0
A00,7810201,,,,8.0,,,,7.25,8.25,,ttth,34,4
D01,7340120,6.6,,6.4,8.25,,,,,,,ttth,4,1
A00,7510303,,,,7.6,,,,6.5,6.25,,ttth,21,5
A01,7220201,,,6.0,6.25,,,,8.8,,,ttth,0,8
A00,7480201,,,,7.5,,,,6.5,7.4,,ttth,16,0
D01,7220204,7.0,,8.2,8.2,,,,,,,ttth,1,8
A00,7510301,,,,7.6,,,,5.0,6.25,,ttth,20,5
D01,7540204,6.5,,5.2,7.6,,,,,,,ttth,31,6
A00,7810103,,,,7.75,,,,7.0,8.2,,ttth,33,4
A00,7540106,,,,7.6,,,,5.75,4.75,,ttth,30,7
D07,7540101,,,8.6,7.8,,,,,7.75,,ttth,28,7
A00,7340101,,,,7.75,,,,7.75,8.0,,ttth,2,1
A00,7540106,,,,8.2,,,,6.5,6.5,,ttth,30,7
A00,7340120,,,,6.5,,,,8.25,7.8,,ttth,4,1
A00,7480201,,,,7.8,,,,7.0,7.25,,ttth,16,0
D07,7510406,,,6.2,6.5,,,,,6.8,,ttth,24,7
D07,7480202,,,7.2,7.8,,,,,6.75,,ttth,17,0
D01,7510301,7.0,,7.6,7.6,,,,,,,ttth,20,5
A00,7380107,,,,7.25,,,,7.5,8.0,,ttth,12,8
D01,7340115,7.4,,8.4,7.75,,,,,,,ttth,3,1
A00,7510401,,,,7.2,,,,6.75,8.25,,ttth,22,6
D01,7340122,7.8,,7.6,6.5,,,,,,,ttth,5,1
D01,7340122,6.4,,7.2,8.25,,,,,,,ttth,5,1
A00,7340115,,,,6.75,,,,8.25,8.4,,ttth,3,1
D01,7220204,7.25,,9.4,8.0,,,,,,,ttth,1,8
A01,7340115,,,8.4,8.75,,,,7.4,,,ttth,3,1
A00,7340101,,,,8.6,,,,7.0,8.25,,ttth,2,1
A00,7340129,,,,6.75,,,,7.25,8.0,,ttth,7,7
D01,7810201,8.0,,6.2,7.6,,,,,,,ttth,34,4
A00,7540101,,,,7.75,,,,7.0,6.6,,ttth,28,7
D01,7540204,8.0,,5.6,7.8,,,,,,,ttth,31,6
D01,7520115,5.8,,6.4,6.25,,,,,,,ttth,27,6
D01,7340115,7.4,,7.8,9.0,,,,,,,ttth,3,1
A00,7540101,,,,7.0,,,,8.25,8.2,,ttth,28,7
A00,7810202,,,,7.6,,,,7.25,7.5,,ttth,35,4
D01,7810201,9.0,,7.2,7.4,,,,,,,ttth,34,4
D01,7480201,7.8,,7.2,8.5,,,,,,,ttth,16,0
D01,7380107,5.75,,8.4,8.2,,,,,,,ttth,12,8
A00,7480201,,,,7.4,,,,6.5,8.0,,ttth,16,0
D01,7810202,7.25,,8.8,7.6,,,,,,,ttth,35,4
A00,7510301,,,,7.6,,,,5.75,6.5,,ttth,20,5
D07,7540101,,,8.2,8.25,,,,,8.4,,ttth,28,7
D15,7810201,7.5,7.0,7.0,,,,,,,,ttth,34,4
A00,7340120,,,,8.25,,,,7.5,7.8,,ttth,4,1
D01,7340115,8.0,,8.0,8.25,,,,,,,ttth,3,1
D01,7510202,6.4,,5.6,6.5,,,,,,,ttth,18,5
D01,7220201,7.5,,8.2,7.4,,,,,,,ttth,0,8
D01,7340101,6.4,,8.4,8.0,,,,,,,ttth,2,1
A00,7510303,,,,7.4,,,,7.0,8.0,,ttth,21,5
B00,7510401,,,,7.5,,,,,6.5,6.2,ttth,22,6
A00,7340129,,,,6.5,,,,8.25,7.6,,ttth,7,7
D01,7220201,8.0,,8.2,6.6,,,,,,,ttth,0,8
A00,7540204,,,,6.8,,,,5.75,6.25,,ttth,31,6
D01,7510202,6.2,,7.4,6.5,,,,,,,ttth,18,5
D01,7480201,8.25,,7.4,7.4,,,,,,,ttth,16,0
D01,7810201,6.0,,5.4,6.5,,,,,,,ttth,34,4
A01,7480202,,,8.8,7.6,,,,7.75,,,ttth,17,0
A01,7340101,,,7.8,7.8,,,,8.75,,,ttth,2,1
D01,7510301,8.0,,5.0,6.2,,,,,,,ttth,20,5
D01,7340120,8.0,,7.6,8.25,,,,,,,ttth,4,1
A00,7810201,,,,5.25,,,,6.0,7.2,,ttth,34,4
A01,7480201,,,8.4,6.6,,,,8.0,,,ttth,16,0
A00,7340115,,,,7.25,,,,8.25,8.4,,ttth,3,1
D01,7540204,5.75,,6.4,7.0,,,,,,,ttth,31,6
A00,7340115,,,,8.25,,,,7.75,7.8,,ttth,3,1
D01,7340101,8.25,,7.6,7.6,,,,,,,ttth,2,1
D01,7340101,6.4,,7.4,8.0,,,,,,,ttth,2,1
A01,7340201,,,8.4,8.8,,,,7.0,,,ttth,8,2
A00,7510203,,,,6.8,,,,6.5,5.25,,ttth,19,5
A01,7540106,,,8.0,8.0,,,,7.0,,,ttth,30,7
A01,7220201,,,9.4,8.4,,,,6.25,,,ttth,0,8
A00,7819009,,,,5.75,,,,4.5,7.2,,ttth,36,4
D01,7340201,6.6,,7.4,8.5,,,,,,,ttth,8,2
A00,7340201,,,,7.25,,,,7.75,8.8,,ttth,8,2
D01,7460108,8.4,,5.8,5.5,,,,,,,ttth,14,0
D01,7220201,7.6,,7.4,7.5,,,,,,,ttth,0,8
A00,7540101,,,,7.75,,,,7.75,7.4,,ttth,28,7
A00,7340101,,,,7.5,,,,6.75,8.2,,ttth,2,1
D01,7220201,8.4,,8.2,7.75,,,,,,,ttth,0,8
A00,7340115,,,,7.5,,,,8.5,8.4,,ttth,3,1
D01,7480202,7.0,,2.8,6.2,,,,,,,ttth,17,0
D01,7510202,6.5,,7.2,5.6,,,,,,,ttth,18,5
A00,7340201,,,,7.5,,,,8.0,8.4,,ttth,8,2
A00,7540106,,,,5.6,,,,6.0,6.75,,ttth,30,7
A00,7340120,,,,8.0,,,,7.5,8.0,,ttth,4,1
A01,7480202,,,6.8,6.6,,,,6.5,,,ttth,17,0
A01,7340120,,,7.4,7.75,,,,7.8,,,ttth,4,1
D01,7510202,5.5,,6.4,7.8,,,,,,,ttth,18,5
A01,7510203,,,9.0,8.0,,,,7.0,,,ttth,19,5
D01,7510202,5.0,,3.6,7.4,,,,,,,ttth,18,5
A00,7480201,,,,8.0,,,,8.0,7.0,,ttth,16,0
D01,7510303,7.2,,5.8,6.75,,,,,,,ttth,21,5
B00,7420201,,,,6.8,,,,,7.0,6.5,ttth,13,7
A00,7510406,,,,4.5,,,,6.0,7.0,,ttth,24,7
A01,7480201,,,7.8,6.75,,,,6.6,,,ttth,16,0
A00,7480202,,,,7.4,,,,6.0,8.25,,ttth,17,0
A00,7340115,,,,7.25,,,,8.0,7.6,,ttth,3,1
A00,7340115,,,,7.25,,,,6.5,8.4,,ttth,3,1
D01,7340115,7.6,,7.2,9.25,,,,,,,ttth,3,1
D01,7340115,8.2,,8.4,8.25,,,,,,,ttth,3,1
B00,7540101,,,,7.25,,,,,7.5,7.8,ttth,28,7
A00,7380107,,,,6.75,,,,7.5,7.4,,ttth,12,8
D01,7510301,6.25,,5.6,6.6,,,,,,,ttth,20,5
D01,7480202,8.0,,6.6,7.75,,,,,,,ttth,17,0
A00,7480202,,,,6.75,,,,5.75,7.8,,ttth,17,0
D01,7340301,6.4,,6.4,7.5,,,,,,,ttth,10,2
D07,7540101,,,6.4,6.5,,,,,8.4,,ttth,28,7
D01,7480201,6.2,,8.0,6.75,,,,,,,ttth,16,0
D01,7810103,7.8,,7.0,8.0,,,,,,,ttth,33,4
D01,7510203,6.5,,8.4,6.2,,,,,,,ttth,19,5
D01,7540204,7.8,,8.0,6.75,,,,,,,ttth,31,6
A00,7340201,,,,8.4,,,,7.5,7.25,,ttth,8,2
D01,7810201,8.5,,8.4,7.0,,,,,,,ttth,34,4
A01,7510303,,,7.4,6.6,,,,7.75,,,ttth,21,5
D01,7810201,8.25,,7.0,7.4,,,,,,,ttth,34,4
D01,7510301,4.0,,6.6,5.8,,,,,,,ttth,20,5
A00,7340201,,,,8.25,,,,7.75,8.2,,ttth,8,2
D15,7380107,8.0,5.0,7.5,,,,,,,,ttth,12,8
D01,7510203,6.25,,6.6,6.6,,,,,,,ttth,19,5
A00,7340122,,,,8.0,,,,8.25,6.4,,ttth,5,1
A01,7510303,,,7.0,7.5,,,,7.0,,,ttth,21,5
D01,7340201,7.6,,7.8,7.5,,,,,,,ttth,8,2
A00,7480201,,,,7.75,,,,8.25,6.2,,ttth,16,0
D01,7510301,5.75,,4.2,6.6,,,,,,,ttth,20,5
A00,7340101,,,,8.4,,,,7.75,8.0,,ttth,2,1
B00,7540101,,,,8.0,,,,,7.75,7.8,ttth,28,7
B00,7420201,,,,7.6,,,,,7.0,6.0,ttth,13,7
A01,7480201,,,7.8,6.75,,,,7.6,,,ttth,16,0
A00,7420201,,,,6.5,,,,7.25,7.8,,ttth,13,7
D01,7220201,8.0,,8.2,8.0,,,,,,,ttth,0,8
A01,7850101,,,7.2,5.0,,,,4.6,,,ttth,38,7
A00,7480201,,,,8.4,,,,6.75,7.5,,ttth,16,0
D07,7540101,,,8.2,8.0,,,,,6.4,,ttth,28,7
D07,7420201,,,6.6,6.8,,,,,6.0,,ttth,13,7
A00,7340201,,,,7.4,,,,7.0,8.75,,ttth,8,2
A00,7380107,,,,8.4,,,,8.0,6.25,,ttth,12,8
D01,7380107,5.8,,6.4,7.5,,,,,,,ttth,12,8
D15,7810201,7.25,7.6,6.75,,,,,,,,ttth,34,4
D01,7510202,4.0,,6.2,7.5,,,,,,,ttth,18,5
D01,7340115,7.4,,8.4,8.0,,,,,,,ttth,3,1
A00,7340115,,,,7.0,,,,8.75,7.8,,ttth,3,1
A00,7540101,,,,8.2,,,,8.0,8.5,,ttth,28,7
A00,7340115,,,,8.6,,,,7.5,8.0,,ttth,3,1
A00,7510202,,,,5.25,,,,6.25,7.0,,ttth,18,5
D15,7810103,7.0,4.2,7.0,,,,,,,,ttth,33,4
A00,7340301,,,,5.75,,,,6.75,7.4,,ttth,10,2
A00,7850101,,,,5.75,,,,5.75,6.2,,ttth,38,7
A01,7220201,,,8.2,7.6,,,,7.75,,,ttth,0,8
D15,7810202,6.5,5.8,6.25,,,,,,,,ttth,35,4
A00,7340101,,,,7.0,,,,7.5,8.0,,ttth,2,1
D07,7480201,,,9.2,7.0,,,,,7.5,,ttth,16,0
A01,7810103,,,7.4,6.25,,,,7.4,,,ttth,33,4
A00,7340301,,,,8.0,,,,5.25,7.2,,ttth,10,2
A01,7340120,,,8.0,7.0,,,,7.6,,,ttth,4,1
A00,7340101,,,,6.5,,,,7.75,7.4,,ttth,2,1
D09,7220204,,,7.4,8.5,,,7.0,,,,ttth,1,8
D01,7340301,6.4,,6.2,7.25,,,,,,,ttth,10,2
A00,7340201,,,,7.8,,,,7.0,8.25,,ttth,8,2
D01,7480201,9.0,,7.6,6.75,,,,,,,ttth,16,0
D01,7340120,8.2,,8.2,7.75,,,,,,,ttth,4,1
D07,7420201,,,7.2,6.0,,,,,5.4,,ttth,13,7
D01,7340120,7.5,,9.2,8.2,,,,,,,ttth,4,1
A00,7540101,,,,7.5,,,,8.0,8.0,,ttth,28,7
A00,7340201,,,,7.5,,,,8.0,7.2,,ttth,8,2
B00,7420201,,,,6.6,,,,,6.25,6.25,ttth,13,7
D01,7340301,5.8,,7.8,6.25,,,,,,,ttth,10,2
D07,7480202,,,7.0,6.75,,,,,6.4,,ttth,17,0
D01,7510203,8.75,,7.2,5.2,,,,,,,ttth,19,5
A00,7510203,,,,7.5,,,,7.0,8.2,,ttth,19,5
A01,7340115,,,7.6,7.5,,,,8.6,,,ttth,3,1
A00,7810202,,,,6.5,,,,8.25,7.8,,ttth,35,4
D01,7340101,8.0,,8.4,7.0,,,,,,,ttth,2,1
A00,7340201,,,,7.75,,,,8.0,7.6,,ttth,8,2
D01,7340201,6.4,,7.6,7.25,,,,,,,ttth,8,2
D01,7340129,4.2,,6.0,8.0,,,,,,,ttth,7,7
D01,7810201,6.2,,7.2,7.0,,,,,,,ttth,34,4
A00,7510203,,,,6.8,,,,6.0,6.5,,ttth,19,5
A01,7340101,,,7.4,6.75,,,,7.4,,,ttth,2,1
D01,7340201,7.6,,8.2,6.25,,,,,,,ttth,8,2
D07,7510401,,,5.8,7.0,,,,,6.8,,ttth,22,6
A00,7460108,,,,7.75,,,,7.0,6.6,,ttth,14,0
D01,7810201,5.4,,7.6,7.0,,,,,,,ttth,34,4
A01,7340301,,,8.4,7.6,,,,7.75,,,ttth,10,2
A01,7480202,,,7.4,7.2,,,,5.5,,,ttth,17,0
D01,7340101,8.25,,8.2,7.2,,,,,,,ttth,2,1
D01,7340101,6.8,,7.4,7.75,,,,,,,ttth,2,1
A00,7340301,,,,7.5,,,,7.5,6.2,,ttth,10,2
D07,7540106,,,7.2,7.6,,,,,7.5,,ttth,30,7
A00,7540204,,,,6.6,,,,6.25,6.75,,ttth,31,6
D01,7220204,5.4,,7.0,8.25,,,,,,,ttth,1,8
D01,7340301,6.0,,6.4,8.75,,,,,,,ttth,10,2
D01,7220201,7.25,,9.0,8.2,,,,,,,ttth,0,8
D01,7380107,8.0,,6.2,6.8,,,,,,,ttth,12,8
D01,7220201,8.4,,7.0,6.5,,,,,,,ttth,0,8
D01,7540204,7.6,,6.4,6.75,,,,,,,ttth,31,6
A00,7480201,,,,7.75,,,,7.5,7.2,,ttth,16,0
D01,7340201,6.75,,8.6,8.0,,,,,,,ttth,8,2
A00,7819010,,,,6.25,,,,6.25,6.0,,ttth,37,4
A00,7480201,,,,7.75,,,,8.25,7.4,,ttth,16,0
A01,7480201,,,7.0,7.5,,,,6.8,,,ttth,16,0
A01,7340201,,,7.6,6.0,,,,6.8,,,ttth,8,2
D01,7220201,7.0,,8.2,7.8,,,,,,,ttth,0,8
A00,7340101,,,,7.25,,,,8.25,8.2,,ttth,2,1
D01,7340120,7.25,,8.4,7.8,,,,,,,ttth,4,1
A00,7340101,,,,6.75,,,,7.5,6.8,,ttth,2,1
A00,7340115,,,,8.0,,,,8.25,7.8,,ttth,3,1
A01,7819009,,,7.2,6.0,,,,5.2,,,ttth,36,4
A01,7810202,,,7.2,5.75,,,,7.0,,,ttth,35,4
D01,7340301,6.6,,7.6,7.25,,,,,,,ttth,10,2
A00,7420201,,,,7.75,,,,8.0,8.0,,ttth,13,7
D01,7480202,5.6,,7.6,7.0,,,,,,,ttth,17,0
D01,7810201,7.75,,6.6,7.6,,,,,,,ttth,34,4
D01,7810201,7.4,,6.8,8.0,,,,,,,ttth,34,4
A00,7540101,,,,7.25,,,,6.75,7.4,,ttth,28,7
A00,7810202,,,,7.0,,,,8.75,7.2,,ttth,35,4
A00,7810202,,,,6.5,,,,7.0,6.8,,ttth,35,4
A00,7340120,,,,7.5,,,,8.25,8.2,,ttth,4,1
A01,7340201,,,7.6,7.25,,,,6.8,,,ttth,8,2
A00,7340201,,,,7.8,,,,7.0,8.5,,ttth,8,2
D01,7340120,8.8,,7.8,8.5,,,,,,,ttth,4,1
D09,7220204,,,7.0,8.5,,,7.2,,,,ttth,1,8
A01,7480201,,,7.8,7.6,,,,6.75,,,ttth,16,0
A00,7480202,,,,4.75,,,,7.5,5.6,,ttth,17,0
A00,7810103,,,,7.25,,,,7.25,7.4,,ttth,33,4
D01,7480202,5.25,,5.6,6.2,,,,,,,ttth,17,0
A00,7340123,,,,8.5,,,,7.0,7.4,,ttth,6,3
D01,7220201,7.4,,7.6,6.75,,,,,,,ttth,0,8
A00,7510301,,,,6.8,,,,5.0,5.75,,ttth,20,5
A00,7540106,,,,7.6,,,,5.75,6.5,,ttth,30,7
D01,7340201,6.0,,6.8,7.5,,,,,,,ttth,8,2
D01,7510303,6.0,,5.2,6.6,,,,,,,ttth,21,5
A00,7340201,,,,8.4,,,,6.75,8.75,,ttth,8,2
A00,7340301,,,,7.0,,,,7.5,8.2,,ttth,10,2
A00,7340115,,,,7.75,,,,8.25,8.0,,ttth,3,1
A00,7340201,,,,6.75,,,,7.25,6.8,,ttth,8,2
A00,7540204,,,,7.4,,,,7.5,8.25,,ttth,31,6
D01,7510303,7.5,,4.8,7.0,,,,,,,ttth,21,5
D01,7510203,6.0,,8.6,8.6,,,,,,,ttth,19,5
D07,7480202,,,8.2,7.4,,,,,6.75,,ttth,17,0
A00,7340115,,,,6.75,,,,8.5,8.2,,ttth,3,1
A00,7340101,,,,6.25,,,,7.75,6.6,,ttth,2,1
D01,7220201,7.25,,7.2,8.4,,,,,,,ttth,0,8
D01,7540204,7.25,,8.0,8.0,,,,,,,ttth,31,6
D01,7810103,4.0,,7.2,8.5,,,,,,,ttth,33,4
A01,7340120,,,7.8,7.5,,,,8.0,,,ttth,4,1
A00,7480201,,,,8.4,,,,7.75,7.75,,ttth,16,0
A00,7810201,,,,8.0,,,,7.25,7.25,,ttth,34,4
A00,7340201,,,,8.2,,,,8.0,8.25,,ttth,8,2
A00,7340301,,,,7.8,,,,7.0,7.75,,ttth,10,2
D07,7540101,,,9.4,8.2,,,,,7.5,,ttth,28,7
D01,7220204,7.0,,7.6,8.75,,,,,,,ttth,1,8
D01,7340201,7.25,,7.2,8.4,,,,,,,ttth,8,2
D01,7810201,7.75,,6.6,7.8,,,,,,,ttth,34,4
A01,7480201,,,8.6,7.25,,,,6.4,,,ttth,16,0
A01,7340301,,,6.6,6.0,,,,9.0,,,ttth,10,2
D01,7340101,7.0,,9.0,7.8,,,,,,,ttth,2,1
D01,7810201,4.0,,7.0,6.5,,,,,,,ttth,34,4
A00,7420201,,,,6.75,,,,6.5,7.2,,ttth,13,7
D01,7810103,5.6,,6.6,7.0,,,,,,,ttth,33,4
A00,7480201,,,,8.8,,,,7.0,7.0,,ttth,16,0
D01,7340120,7.5,,8.4,8.2,,,,,,,ttth,4,1
A01,7340120,,,7.8,8.0,,,,7.8,,,ttth,4,1
D07,7850101,,,6.8,7.8,,,,,8.25,,ttth,38,7
A00,7510401,,,,7.0,,,,6.5,7.75,,ttth,22,6
B00,7819009,,,,7.0,,,,,7.25,6.6,ttth,36,4
D07,7480201,,,7.4,6.25,,,,,9.2,,ttth,16,0
D01,7340201,8.25,,7.4,6.8,,,,,,,ttth,8,2
A00,7340201,,,,6.75,,,,7.75,8.0,,ttth,8,2
A00,7480201,,,,8.75,,,,6.75,7.6,,ttth,16,0
A00,7540101,,,,6.5,,,,6.75,8.8,,ttth,28,7
D07,7540101,,,8.2,7.25,,,,,7.6,,ttth,28,7
D01,7220204,6.6,,7.0,9.5,,,,,,,ttth,1,8
D01,7340205,5.8,,7.6,7.0,,,,,,,ttth,9,2
A01,7380107,,,7.6,8.2,,,,7.0,,,ttth,12,8
A00,7510303,,,,6.6,,,,6.5,4.5,,ttth,21,5
A00,7540101,,,,8.2,,,,7.75,7.75,,ttth,28,7
D01,7810201,6.4,,6.0,5.75,,,,,,,ttth,34,4
A00,7340101,,,,6.5,,,,6.25,7.8,,ttth,2,1
D01,7540204,7.75,,6.0,8.0,,,,,,,ttth,31,6
D01,7220204,6.58,,9.2,7.2,,,,,,,ttth,1,8
A00,7420201,,,,7.8,,,,6.25,5.0,,ttth,13,7
A00,7510203,,,,7.25,,,,7.0,7.2,,ttth,19,5
A00,7340115,,,,7.5,,,,8.0,7.2,,ttth,3,1
D01,7480201,7.2,,6.6,7.5,,,,,,,ttth,16,0
A00,7480201,,,,8.0,,,,7.0,7.2,,ttth,16,0
A00,7510303,,,,7.75,,,,8.75,8.0,,ttth,21,5
D01,7340201,5.8,,7.0,7.0,,,,,,,ttth,8,2
A00,7510401,,,,8.4,,,,7.0,7.5,,ttth,22,6
D01,7380107,7.0,,7.8,7.4,,,,,,,ttth,12,8
A01,7220201,,,6.4,7.25,,,,8.0,,,ttth,0,8
B00,7420201,,,,5.0,,,,,7.0,3.8,ttth,13,7
D01,7810202,6.6,,7.2,7.75,,,,,,,ttth,35,4
D01,7810103,7.0,,6.2,7.25,,,,,,,ttth,33,4
D01,7220204,8.0,,8.2,7.4,,,,,,,ttth,1,8
B00,7420201,,,,6.5,,,,,7.25,7.0,ttth,13,7
D01,7540204,7.6,,7.4,6.75,,,,,,,ttth,31,6
D01,7480201,7.8,,8.4,6.5,,,,,,,ttth,16,0
A00,7480201,,,,8.0,,,,6.25,8.5,,ttth,16,0
D01,7340129,7.2,,7.4,7.25,,,,,,,ttth,7,7
A01,7340115,,,8.4,8.25,,,,7.6,,,ttth,3,1
A00,7510202,,,,7.4,,,,4.5,7.25,,ttth,18,5
D01,7340201,6.0,,8.6,8.0,,,,,,,ttth,8,2
A00,7510401,,,,7.0,,,,5.0,6.2,,ttth,22,6
A00,7340120,,,,6.5,,,,8.0,7.0,,ttth,4,1
A00,7540101,,,,7.2,,,,7.75,9.0,,ttth,28,7
D01,7540204,7.5,,4.2,7.2,,,,,,,ttth,31,6
D01,7480201,8.6,,7.6,8.0,,,,,,,ttth,16,0
A00,7340301,,,,7.0,,,,6.5,7.0,,ttth,10,2
A00,7340101,,,,6.75,,,,7.75,7.2,,ttth,2,1
A00,7340201,,,,7.5,,,,8.25,7.8,,ttth,8,2
A00,7850101,,,,7.6,,,,5.5,5.75,,ttth,38,7
A01,7480201,,,7.4,6.5,,,,7.2,,,ttth,16,0
D01,7220204,5.6,,7.6,7.75,,,,,,,ttth,1,8
D01,7340101,7.0,,6.8,9.25,,,,,,,ttth,2,1
A00,7480201,,,,7.5,,,,8.0,7.0,,ttth,16,0
A01,7380107,,,8.4,7.8,,,,7.25,,,ttth,12,8
A00,7340205,,,,7.0,,,,7.0,8.0,,ttth,9,2
A00,7380107,,,,6.5,,,,7.25,7.6,,ttth,12,8
D01,7810201,7.25,,8.2,7.0,,,,,,,ttth,34,4
D01,7810202,8.75,,6.4,7.6,,,,,,,ttth,35,4
A01,7340101,,,8.0,8.0,,,,7.25,,,ttth,2,1
D01,7220204,7.0,,7.6,8.5,,,,,,,ttth,1,8
A00,7819009,,,,5.75,,,,7.0,7.6,,ttth,36,4
B00,7540101,,,,7.5,,,,,8.5,8.6,ttth,28,7
D01,7340301,8.75,,6.4,7.6,,,,,,,ttth,10,2
A00,7340101,,,,7.8,,,,8.25,8.0,,ttth,2,1
D01,7480201,7.4,,8.0,7.0,,,,,,,ttth,16,0
D07,7480201,,,7.0,8.2,,,,,7.75,,ttth,16,0
A00,7480201,,,,8.5,,,,8.0,8.2,,ttth,16,0
D01,7510202,4.2,,7.8,6.08,,,,,,,ttth,18,5
A00,7340301,,,,7.75,,,,7.75,8.2,,ttth,10,2
D01,7480201,6.2,,7.8,7.75,,,,,,,ttth,16,0
D01,7510301,6.75,,7.2,7.2,,,,,,,ttth,20,5
A00,7810202,,,,7.6,,,,7.75,8.0,,ttth,35,4
D01,7810201,8.4,,6.4,6.75,,,,,,,ttth,34,4
A01,7340123,,,7.2,7.5,,,,8.2,,,ttth,6,3
D01,7340201,7.8,,6.6,7.25,,,,,,,ttth,8,2
A01,7340101,,,8.8,8.0,,,,7.25,,,ttth,2,1
A00,7510406,,,,8.4,,,,7.5,5.0,,ttth,24,7
D01,7340301,8.5,,6.8,8.0,,,,,,,ttth,10,2
D01,7380107,6.2,,7.0,6.75,,,,,,,ttth,12,8
A00,7340201,,,,7.5,,,,7.25,7.4,,ttth,8,2
D07,7480202,,,6.6,7.25,,,,,7.6,,ttth,17,0
D01,7510301,6.0,,7.4,7.0,,,,,,,ttth,20,5
D01,7340120,8.6,,7.8,7.0,,,,,,,ttth,4,1
D01,7340115,6.8,,7.4,8.5,,,,,,,ttth,3,1
D01,7810202,7.25,,7.2,8.6,,,,,,,ttth,35,4
D01,7340120,7.2,,7.4,7.5,,,,,,,ttth,4,1
D01,7510301,4.4,,6.8,5.0,,,,,,,ttth,20,5
A01,7340122,,,8.2,7.25,,,,7.6,,,ttth,5,1
D01,7340120,7.75,,8.4,7.0,,,,,,,ttth,4,1
D07,7510401,,,8.2,7.0,,,,,7.75,,ttth,22,6
A00,7340115,,,,7.25,,,,7.0,8.2,,ttth,3,1
D01,7340115,8.4,,6.4,9.0,,,,,,,ttth,3,1
D01,7340123,5.0,,7.2,8.0,,,,,,,ttth,6,3
A00,7850101,,,,7.0,,,,6.75,7.4,,ttth,38,7
A01,7540101,,,8.8,8.4,,,,8.5,,,ttth,28,7
A01,7480202,,,6.8,8.0,,,,6.75,,,ttth,17,0
D01,7340115,8.0,,8.2,6.25,,,,,,,ttth,3,1
B00,7819010,,,,6.75,,,,,6.5,8.2,ttth,37,4
D07,7480201,,,6.8,7.8,,,,,7.75,,ttth,16,0
A01,7510303,,,6.2,8.0,,,,6.6,,,ttth,21,5
D01,7340101,6.8,,7.6,8.0,,,,,,,ttth,2,1
A01,7480201,,,8.4,8.2,,,,7.0,,,ttth,16,0
A00,7340101,,,,7.75,,,,7.5,7.8,,ttth,2,1
A00,7510203,,,,7.75,,,,7.75,7.8,,ttth,19,5
D01,7340101,7.4,,7.6,7.5,,,,,,,ttth,2,1
D01,7480202,6.8,,7.8,6.5,,,,,,,ttth,17,0
A00,7340115,,,,6.5,,,,8.0,7.6,,ttth,3,1
D07,7540105,,,6.2,8.0,,,,,6.0,,ttth,29,7
A00,7510401,,,,8.0,,,,7.75,7.5,,ttth,22,6
A00,7510303,,,,6.6,,,,5.25,8.0,,ttth,21,5
A01,7340120,,,7.6,7.75,,,,6.6,,,ttth,4,1
A00,7510301,,,,8.25,,,,6.5,8.2,,ttth,20,5
D01,7480201,7.5,,8.4,6.6,,,,,,,ttth,16,0
A00,7340201,,,,7.4,,,,8.0,7.75,,ttth,8,2
A01,7340101,,,9.4,8.4,,,,7.25,,,ttth,2,1
A00,7340123,,,,6.75,,,,7.5,6.6,,ttth,6,3
D01,7340101,7.75,,8.2,7.6,,,,,,,ttth,2,1
A00,7510301,,,,7.25,,,,8.25,7.0,,ttth,20,5
D01,7380107,7.75,,7.4,7.6,,,,,,,ttth,12,8
D01,7380107,7.2,,6.4,8.25,,,,,,,ttth,12,8
A00,7340101,,,,8.4,,,,7.75,8.25,,ttth,2,1
A01,7480201,,,7.6,7.5,,,,8.0,,,ttth,16,0
A00,7510401,,,,7.25,,,,6.5,6.4,,ttth,22,6
D01,7510202,4.4,,6.2,7.25,,,,,,,ttth,18,5
D01,7340201,5.4,,7.0,8.0,,,,,,,ttth,8,2
A01,7850101,,,4.8,7.6,,,,6.25,,,ttth,38,7
A00,7510401,,,,8.2,,,,7.0,7.75,,ttth,22,6
D01,7340101,5.8,,7.0,8.5,,,,,,,ttth,2,1
D01,7480201,7.0,,6.2,7.75,,,,,,,ttth,16,0
D01,7340115,7.2,,8.2,7.75,,,,,,,ttth,3,1
A00,7510203,,,,6.6,,,,4.75,6.25,,ttth,19,5
D01,7810103,7.75,,7.6,7.2,,,,,,,ttth,33,4
A00,7480201,,,,8.0,,,,8.0,7.4,,ttth,16,0
D01,7510301,6.0,,5.2,6.6,,,,,,,ttth,20,5
D01,7340115,5.8,,8.2,9.0,,,,,,,ttth,3,1
D01,7510203,7.25,,4.6,7.0,,,,,,,ttth,19,5
D01,7510203,7.0,,8.2,8.0,,,,,,,ttth,19,5
A00,7480201,,,,8.25,,,,8.5,8.4,,ttth,16,0
D07,7480201,,,7.2,7.25,,,,,6.4,,ttth,16,0
A01,7340120,,,8.4,7.75,,,,8.2,,,ttth,4,1
A00,7520115,,,,4.75,,,,6.25,6.8,,ttth,27,6
D01,7220201,6.25,,9.4,7.6,,,,,,,ttth,0,8
A01,7220201,,,7.2,7.75,,,,8.2,,,ttth,0,8
A00,7340301,,,,7.0,,,,8.0,7.2,,ttth,10,2
A00,7510202,,,,6.4,,,,4.5,5.0,,ttth,18,5
D01,7480201,7.2,,6.8,7.25,,,,,,,ttth,16,0
A00,7480202,,,,7.75,,,,7.5,7.4,,ttth,17,0
A00,7340205,,,,6.5,,,,8.5,6.4,,ttth,9,2
A00,7540101,,,,8.25,,,,8.0,7.4,,ttth,28,7
A00,7380107,,,,8.25,,,,7.5,7.6,,ttth,12,8
D01,7480202,9.0,,7.4,7.75,,,,,,,ttth,17,0
D01,7510203,6.0,,8.0,7.0,,,,,,,ttth,19,5
A00,7480201,,,,7.0,,,,6.75,7.6,,ttth,16,0
A01,7340101,,,7.2,6.75,,,,8.8,,,ttth,2,1
A00,7540105,,,,7.6,,,,6.75,7.25,,ttth,29,7
D01,7340129,6.6,,7.6,7.75,,,,,,,ttth,7,7
B00,7540101,,,,6.75,,,,,6.75,8.0,ttth,28,7
A00,7340101,,,,8.4,,,,7.5,8.0,,ttth,2,1
A00,7340120,,,,8.0,,,,8.75,7.4,,ttth,4,1
D15,7810103,7.75,8.6,8.25,,,,,,,,ttth,33,4
A00,7340301,,,,5.75,,,,6.75,8.4,,ttth,10,2
A00,7340301,,,,8.6,,,,7.75,7.75,,ttth,10,2
A00,7510401,,,,6.5,,,,7.0,6.4,,ttth,22,6
D01,7510301,5.6,,5.4,6.5,,,,,,,ttth,20,5
A00,7510303,,,,7.4,,,,5.5,6.5,,ttth,21,5
D01,7220204,6.2,,7.2,7.75,,,,,,,ttth,1,8
D01,7480201,7.0,,6.8,8.0,,,,,,,ttth,16,0
D01,7340205,5.8,,7.0,8.25,,,,,,,ttth,9,2
A00,7810201,,,,5.75,,,,6.25,6.4,,ttth,34,4
A00,7510202,,,,7.0,,,,5.25,6.0,,ttth,18,5
A00,7340201,,,,6.5,,,,7.5,6.8,,ttth,8,2
D07,7420201,,,7.4,7.75,,,,,6.2,,ttth,13,7
D01,7480201,7.75,,8.6,7.4,,,,,,,ttth,16,0
A00,7510303,,,,5.75,,,,6.75,8.0,,ttth,21,5
D01,7220204,8.0,,7.8,7.0,,,,,,,ttth,1,8
A00,7340301,,,,7.25,,,,8.0,7.2,,ttth,10,2
A00,7510203,,,,6.5,,,,6.75,7.0,,ttth,19,5
D01,7510202,5.4,,7.2,6.0,,,,,,,ttth,18,5
D01,7510303,7.0,,4.4,7.8,,,,,,,ttth,21,5
D01,7340101,7.0,,8.6,7.8,,,,,,,ttth,2,1
A00,7380107,,,,7.5,,,,7.25,7.8,,ttth,12,8
D01,7340205,4.6,,6.8,7.0,,,,,,,ttth,9,2
D01,7540204,7.0,,5.2,5.4,,,,,,,ttth,31,6
D01,7510303,5.8,,7.0,5.5,,,,,,,ttth,21,5
D01,7540204,4.8,,7.4,8.0,,,,,,,ttth,31,6
A01,7510303,,,8.0,7.75,,,,7.0,,,ttth,21,5
A00,7480201,,,,7.5,,,,7.5,7.0,,ttth,16,0
D09,7220204,,,8.2,6.4,,,8.5,,,,ttth,1,8
A00,7810103,,,,7.25,,,,7.25,8.4,,ttth,33,4
A00,7340115,,,,7.75,,,,8.5,7.6,,ttth,3,1
D01,7340201,7.0,,8.0,7.6,,,,,,,ttth,8,2
A01,7480201,,,7.4,6.75,,,,6.6,,,ttth,16,0
D01,7340115,6.6,,7.0,8.75,,,,,,,ttth,3,1
A00,7340205,,,,6.5,,,,6.75,7.0,,ttth,9,2
B00,7540101,,,,6.5,,,,,8.5,6.8,ttth,28,7
D09,7220204,,,7.2,7.8,,,8.5,,,,ttth,1,8
A00,7340101,,,,7.5,,,,8.0,7.6,,ttth,2,1
D01,7480202,6.75,,6.8,6.0,,,,,,,ttth,17,0
D01,7340129,7.0,,6.4,8.25,,,,,,,ttth,7,7
A00,7510303,,,,8.2,,,,6.75,7.25,,ttth,21,5
D01,7510301,8.5,,4.2,5.2,,,,,,,ttth,20,5
D01,7340120,8.5,,8.4,7.2,,,,,,,ttth,4,1
D01,7340301,8.0,,6.0,6.0,,,,,,,ttth,10,2
A00,7810201,,,,6.5,,,,6.75,7.4,,ttth,34,4
D01,7810201,6.6,,7.2,5.75,,,,,,,ttth,34,4
D15,7810202,6.5,6.4,7.25,,,,,,,,ttth,35,4
D01,7540204,7.0,,4.4,7.0,,,,,,,ttth,31,6
A00,7480201,,,,6.75,,,,6.25,7.6,,ttth,16,0
A01,7480202,,,6.4,5.5,,,,6.4,,,ttth,17,0
A00,7540101,,,,8.0,,,,8.5,7.6,,ttth,28,7
D01,7340129,5.0,,7.4,7.5,,,,,,,ttth,7,7
A00,7510301,,,,7.0,,,,6.5,6.0,,ttth,20,5
A00,7480201,,,,6.5,,,,7.75,7.2,,ttth,16,0
D01,7340101,7.6,,6.8,9.0,,,,,,,ttth,2,1
D01,7220201,8.25,,7.2,7.6,,,,,,,ttth,0,8
D01,7220201,6.75,,9.2,7.8,,,,,,,ttth,0,8
A00,7819010,,,,6.75,,,,7.25,8.0,,ttth,37,4
D01,7810202,7.0,,8.8,8.2,,,,,,,ttth,35,4
A00,7340123,,,,7.0,,,,7.5,7.0,,ttth,6,3
A00,7480201,,,,8.6,,,,7.75,8.25,,ttth,16,0
B00,7510401,,,,6.4,,,,,5.0,4.25,ttth,22,6
D15,7810201,8.25,6.8,5.75,,,,,,,,ttth,34,4
D01,7380107,6.8,,7.2,8.5,,,,,,,ttth,12,8
D01,7340301,7.4,,7.2,9.0,,,,,,,ttth,10,2
D01,7510301,7.0,,7.2,7.5,,,,,,,ttth,20,5
A00,7540101,,,,8.2,,,,7.5,8.75,,ttth,28,7
A00,7340201,,,,8.0,,,,6.75,8.0,,ttth,8,2
D01,7340301,6.75,,8.4,7.2,,,,,,,ttth,10,2
D01,7510202,6.5,,8.4,6.6,,,,,,,ttth,18,5
D01,7380107,7.8,,7.8,6.75,,,,,,,ttth,12,8
D01,7220204,7.2,,7.0,8.5,,,,,,,ttth,1,8
D01,7340101,6.4,,7.4,6.75,,,,,,,ttth,2,1
D01,7220201,7.75,,8.2,8.2,,,,,,,ttth,0,8
A01,7540106,,,7.4,7.6,,,,6.5,,,ttth,30,7
A01,7540106,,,7.4,7.6,,,,6.5,,,ttth,30,7
D01,7380107,7.5,,7.4,6.4,,,,,,,ttth,12,8
D07,7480202,,,7.6,7.25,,,,,8.6,,ttth,17,0
A01,7340301,,,7.8,8.2,,,,7.0,,,ttth,10,2
D01,7220201,8.5,,7.2,8.0,,,,,,,ttth,0,8
A01,7480201,,,8.2,7.2,,,,7.5,,,ttth,16,0
A00,7510303,,,,7.5,,,,7.25,8.0,,ttth,21,5
B00,7819009,,,,4.5,,,,,6.25,7.2,ttth,36,4
A00,7540101,,,,6.75,,,,7.5,8.0,,ttth,28,7
D01,7810202,8.25,,7.6,6.4,,,,,,,ttth,35,4
A00,7340115,,,,8.0,,,,7.75,8.5,,ttth,3,1
D01,7510202,6.5,,3.6,6.6,,,,,,,ttth,18,5
A01,7340120,,,8.0,8.0,,,,8.6,,,ttth,4,1
A01,7540101,,,7.0,7.25,,,,7.6,,,ttth,28,7
A00,7510401,,,,6.0,,,,6.25,7.8,,ttth,22,6
A00,7810201,,,,6.5,,,,7.5,8.0,,ttth,34,4
A01,7340115,,,8.2,8.25,,,,8.0,,,ttth,3,1
D01,7340123,5.6,,6.8,7.25,,,,,,,ttth,6,3
D01,7220204,7.5,,7.4,7.8,,,,,,,ttth,1,8
D01,7340301,6.2,,7.2,7.5,,,,,,,ttth,10,2
A00,7380107,,,,7.2,,,,6.25,8.5,,ttth,12,8
D01,7510203,6.5,,4.8,6.0,,,,,,,ttth,19,5
D01,7380107,6.2,,6.8,8.25,,,,,,,ttth,12,8
A00,7480201,,,,7.6,,,,7.0,7.75,,ttth,16,0
D01,7220201,6.6,,7.8,8.0,,,,,,,ttth,0,8
D01,7340115,9.2,,7.4,7.5,,,,,,,ttth,3,1
A00,7540204,,,,7.0,,,,6.25,5.25,,ttth,31,6
A01,7480201,,,7.6,7.8,,,,7.25,,,ttth,16,0
A01,7540106,,,8.4,7.25,,,,8.0,,,ttth,30,7
D01,7510203,5.0,,5.2,7.25,,,,,,,ttth,19,5
D01,7220204,7.2,,7.8,8.75,,,,,,,ttth,1,8
A01,7220201,,,9.0,8.4,,,,6.75,,,ttth,0,8
A00,7340301,,,,8.4,,,,8.25,7.75,,ttth,10,2
D01,7510303,7.0,,6.6,7.8,,,,,,,ttth,21,5
A00,7340120,,,,7.0,,,,7.75,7.6,,ttth,4,1
A00,7340101,,,,6.5,,,,8.0,8.4,,ttth,2,1
A01,7810202,,,7.0,7.0,,,,7.2,,,ttth,35,4
A00,7510401,,,,6.5,,,,7.5,8.0,,ttth,22,6
D01,7510301,6.0,,4.0,7.0,,,,,,,ttth,20,5
A00,7340201,,,,7.0,,,,8.25,7.8,,ttth,8,2
D01,7220204,7.5,,8.0,8.6,,,,,,,ttth,1,8
D01,7480201,7.0,,7.2,7.0,,,,,,,ttth,16,0
D07,7540101,,,7.2,7.5,,,,,8.6,,ttth,28,7
D01,7540204,8.5,,5.2,7.0,,,,,,,ttth,31,6
D01,7340115,7.6,,7.6,8.25,,,,,,,ttth,3,1
B00,7420201,,,,7.5,,,,,8.0,5.4,ttth,13,7
D01,7480202,7.0,,6.2,6.8,,,,,,,ttth,17,0
A01,7340301,,,8.4,7.5,,,,8.0,,,ttth,10,2
D01,7380107,5.8,,8.0,7.0,,,,,,,ttth,12,8
A00,7340101,,,,8.4,,,,7.75,7.75,,ttth,2,1
A00,7340120,,,,6.0,,,,8.5,7.0,,ttth,4,1
D15,7810103,7.0,3.8,7.5,,,,,,,,ttth,33,4
A01,7540106,,,7.8,7.8,,,,5.0,,,ttth,30,7
A00,7480202,,,,6.5,,,,6.25,6.4,,ttth,17,0
A01,7480201,,,7.6,6.25,,,,7.4,,,ttth,16,0
A00,7510303,,,,7.0,,,,4.5,6.25,,ttth,21,5
A00,7810201,,,,7.0,,,,7.75,8.6,,ttth,34,4
A00,7540101,,,,8.4,,,,8.0,8.0,,ttth,28,7
D01,7340101,6.0,,7.0,8.0,,,,,,,ttth,2,1
D01,7380107,8.0,,6.4,8.0,,,,,,,ttth,12,8
A01,7220204,,,8.2,7.25,,,,8.0,,,ttth,1,8
D01,7220204,7.5,,10.0,7.0,,,,,,,ttth,1,8
A00,7340101,,,,7.8,,,,8.5,7.25,,ttth,2,1
A00,7510203,,,,6.4,,,,3.75,6.5,,ttth,19,5
D01,7220201,8.5,,7.4,7.6,,,,,,,ttth,0,8
D01,7480201,7.5,,8.8,8.0,,,,,,,ttth,16,0
A00,7340201,,,,5.75,,,,7.75,7.0,,ttth,8,2
D01,7340129,5.8,,5.8,7.5,,,,,,,ttth,7,7
A00,7810202,,,,8.4,,,,7.0,7.25,,ttth,35,4
D07,7480201,,,8.6,8.2,,,,,7.25,,ttth,16,0
D01,7340201,6.0,,8.0,8.5,,,,,,,ttth,8,2
A00,7340120,,,,8.0,,,,7.0,7.75,,ttth,4,1
A00,7480201,,,,7.4,,,,7.75,8.5,,ttth,16,0
A00,7510203,,,,6.25,,,,6.25,6.0,,ttth,19,5
A01,7340129,,,8.6,7.4,,,,8.0,,,ttth,7,7
A00,7340201,,,,7.75,,,,8.5,7.2,,ttth,8,2
D01,7340301,7.6,,6.4,6.75,,,,,,,ttth,10,2
A00,7340101,,,,8.0,,,,8.5,7.8,,ttth,2,1
D01,7540204,4.4,,8.4,6.5,,,,,,,ttth,31,6
D01,7220204,8.25,,8.2,8.4,,,,,,,ttth,1,8
A01,7480201,,,7.8,8.8,,,,6.25,,,ttth,16,0
D01,7480201,6.75,,9.0,7.6,,,,,,,ttth,16,0
D01,7510301,6.5,,5.6,7.0,,,,,,,ttth,20,5
D01,7220204,8.25,,7.8,7.0,,,,,,,ttth,1,8
A00,7540101,,,,7.0,,,,7.25,8.6,,ttth,28,7
D01,7220204,9.0,,7.2,7.4,,,,,,,ttth,1,8
A01,7819010,,,5.8,6.75,,,,5.8,,,ttth,37,4
D15,7380107,6.5,6.4,7.5,,,,,,,,ttth,12,8
A00,7540101,,,,7.0,,,,6.75,7.0,,ttth,28,7
A00,7340101,,,,8.25,,,,7.0,7.2,,ttth,2,1
D01,7480201,8.4,,7.0,8.0,,,,,,,ttth,16,0
A00,7510401,,,,6.25,,,,4.5,7.0,,ttth,22,6
D01,7220201,9.4,,8.0,6.25,,,,,,,ttth,0,8
A00,7480201,,,,7.5,,,,7.75,8.0,,ttth,16,0
A00,7540101,,,,8.8,,,,7.5,8.5,,ttth,28,7
D01,7510303,6.2,,6.4,7.0,,,,,,,ttth,21,5
A00,7480201,,,,8.2,,,,7.75,8.0,,ttth,16,0
D01,7340120,8.2,,7.2,6.25,,,,,,,ttth,4,1
D01,7380107,5.8,,6.2,7.25,,,,,,,ttth,12,8
D01,7340101,8.4,,6.8,7.25,,,,,,,ttth,2,1
A00,7380107,,,,7.8,,,,7.25,7.75,,ttth,12,8
B00,7420201,,,,4.5,,,,,6.25,5.8,ttth,13,7
D15,7810103,7.0,6.6,7.0,,,,,,,,ttth,33,4
D01,7810202,8.5,,7.6,7.4,,,,,,,ttth,35,4
A00,7340120,,,,7.5,,,,7.5,8.2,,ttth,4,1
A01,7340120,,,8.2,7.8,,,,7.5,,,ttth,4,1
B00,7510401,,,,7.8,,,,,7.75,6.75,ttth,22,6
A01,7480201,,,7.2,8.0,,,,7.25,,,ttth,16,0
A00,7810201,,,,8.2,,,,7.25,7.75,,ttth,34,4
A00,7380107,,,,7.0,,,,7.0,6.8,,ttth,12,8
A01,7340101,,,8.8,7.0,,,,8.0,,,ttth,2,1
B00,7420201,,,,6.8,,,,,6.75,6.25,ttth,13,7
D01,7510203,6.5,,7.4,7.8,,,,,,,ttth,19,5
A00,7510406,,,,5.0,,,,6.0,5.6,,ttth,24,7
D01,7480202,5.75,,6.0,7.2,,,,,,,ttth,17,0
A00,7380107,,,,8.2,,,,7.25,6.75,,ttth,12,8
B00,7540101,,,,8.0,,,,,7.5,7.8,ttth,28,7
A01,7340120,,,8.0,7.75,,,,8.4,,,ttth,4,1
D01,7340101,7.2,,6.8,7.75,,,,,,,ttth,2,1
A00,7819010,,,,6.75,,,,6.0,6.8,,ttth,37,4
A00,7340201,,,,8.4,,,,7.0,7.25,,ttth,8,2
A00,7480201,,,,8.8,,,,6.75,7.75,,ttth,16,0
D01,7810202,5.0,,7.4,7.5,,,,,,,ttth,35,4
D01,7220201,6.6,,7.8,7.0,,,,,,,ttth,0,8
A00,7510303,,,,6.75,,,,6.25,8.0,,ttth,21,5
A01,7380107,,,8.4,7.25,,,,7.2,,,ttth,12,8
A01,7340301,,,9.0,7.2,,,,8.0,,,ttth,10,2
D01,7340101,5.8,,8.2,7.5,,,,,,,ttth,2,1
D01,7810202,5.8,,7.0,8.0,,,,,,,ttth,35,4
A00,7340301,,,,7.75,,,,8.0,8.4,,ttth,10,2
D01,7380107,8.5,,6.8,7.2,,,,,,,ttth,12,8
D01,7340201,7.8,,6.0,7.5,,,,,,,ttth,8,2
D01,7340120,7.2,,7.8,7.25,,,,,,,ttth,4,1
B00,7420201,,,,6.25,,,,,7.25,6.0,ttth,13,7
A01,7510203,,,5.8,6.0,,,,4.75,,,ttth,19,5
D01,7810201,7.0,,6.6,6.25,,,,,,,ttth,34,4
D01,7340301,7.0,,8.6,7.8,,,,,,,ttth,10,2
D01,7380107,7.0,,7.8,7.4,,,,,,,ttth,12,8
D01,7810201,7.5,,7.8,7.6,,,,,,,ttth,34,4
A00,7340201,,,,8.6,,,,6.75,7.5,,ttth,8,2
A00,7340123,,,,5.0,,,,7.5,6.6,,ttth,6,3
D01,7810103,6.2,,7.4,4.5,,,,,,,ttth,33,4
A01,7340101,,,6.8,7.5,,,,7.0,,,ttth,2,1
A00,7480201,,,,7.75,,,,7.25,7.6,,ttth,16,0
D01,7810202,7.2,,7.4,7.0,,,,,,,ttth,35,4
D07,7420201,,,7.6,6.4,,,,,6.0,,ttth,13,7
A00,7340120,,,,7.75,,,,7.75,8.4,,ttth,4,1
D01,7340115,8.4,,7.6,8.75,,,,,,,ttth,3,1
A00,7340301,,,,7.75,,,,8.25,8.2,,ttth,10,2
A00,7540204,,,,8.2,,,,6.0,8.25,,ttth,31,6
D01,7340301,6.8,,7.0,6.75,,,,,,,ttth,10,2
D01,7510203,6.0,,7.4,8.25,,,,,,,ttth,19,5
A00,7510303,,,,7.0,,,,6.5,6.8,,ttth,21,5
D01,7810103,6.4,,6.6,7.0,,,,,,,ttth,33,4
A00,7510301,,,,6.75,,,,6.25,7.6,,ttth,20,5
D01,7340301,6.8,,7.0,7.0,,,,,,,ttth,10,2
B00,7540101,,,,7.8,,,,,7.75,8.25,ttth,28,7
A00,7340115,,,,7.75,,,,8.25,8.4,,ttth,3,1
A01,7340115,,,7.8,8.25,,,,7.6,,,ttth,3,1
D01,7340115,6.4,,7.8,8.0,,,,,,,ttth,3,1
D01,7510202,4.8,,7.4,6.5,,,,,,,ttth,18,5
A01,7480202,,,7.4,6.75,,,,5.4,,,ttth,17,0
D01,7220201,7.4,,7.0,7.75,,,,,,,ttth,0,8
A01,7810201,,,8.4,6.25,,,,5.8,,,ttth,34,4
D01,7340201,7.5,,8.8,7.8,,,,,,,ttth,8,2
D07,7540101,,,7.4,7.25,,,,,7.4,,ttth,28,7
D01,7810202,8.2,,7.6,6.75,,,,,,,ttth,35,4
D01,7380107,7.75,,8.0,8.8,,,,,,,ttth,12,8
D01,7340129,7.0,,7.4,7.0,,,,,,,ttth,7,7
A00,7340123,,,,5.75,,,,8.0,7.4,,ttth,6,3
D01,7340129,6.25,,7.8,6.4,,,,,,,ttth,7,7
A00,7510401,,,,5.75,,,,7.75,7.2,,ttth,22,6
D07,7480201,,,8.4,7.75,,,,,7.8,,ttth,16,0
D01,7220204,7.75,,7.4,7.4,,,,,,,ttth,1,8
A00,7480201,,,,7.75,,,,7.75,7.0,,ttth,16,0
B00,7420201,,,,7.0,,,,,7.75,7.2,ttth,13,7
D01,7510303,5.75,,5.6,6.6,,,,,,,ttth,21,5
D09,7220201,,,5.4,8.5,,,7.6,,,,ttth,0,8
D01,7510303,7.0,,3.6,6.6,,,,,,,ttth,21,5
D01,7810202,8.75,,6.6,7.6,,,,,,,ttth,35,4
D01,7220201,7.0,,8.6,8.0,,,,,,,ttth,0,8
D01,7340123,6.8,,6.2,7.25,,,,,,,ttth,6,3
A00,7340301,,,,8.6,,,,7.0,8.0,,ttth,10,2
A00,7819010,,,,7.75,,,,6.75,6.6,,ttth,37,4
A00,7340301,,,,8.4,,,,6.75,7.75,,ttth,10,2
A00,7340201,,,,8.2,,,,7.0,8.25,,ttth,8,2
D01,7480202,7.8,,7.8,6.5,,,,,,,ttth,17,0
A00,7810201,,,,8.2,,,,7.75,7.5,,ttth,34,4
D01,7340129,5.8,,6.8,7.5,,,,,,,ttth,7,7
D01,7340101,6.8,,8.0,7.25,,,,,,,ttth,2,1
D01,7810202,7.4,,7.2,7.0,,,,,,,ttth,35,4
D01,7480202,5.25,,5.6,8.0,,,,,,,ttth,17,0
D01,7340201,5.6,,7.2,8.75,,,,,,,ttth,8,2
A01,7220201,,,8.6,8.0,,,,8.5,,,ttth,0,8
D01,7340301,7.5,,8.0,7.8,,,,,,,ttth,10,2
D01,7220201,8.0,,7.4,8.0,,,,,,,ttth,0,8
D07,7420201,,,7.8,7.75,,,,,7.4,,ttth,13,7
A01,7510203,,,7.8,7.6,,,,7.0,,,ttth,19,5
D01,7340301,8.0,,6.8,6.25,,,,,,,ttth,10,2
D07,7510301,,,5.4,6.8,,,,,5.75,,ttth,20,5
A00,7540101,,,,7.25,,,,6.75,7.4,,ttth,28,7
D07,7510203,,,7.2,6.6,,,,,6.75,,ttth,19,5
A00,7340301,,,,7.5,,,,8.25,7.8,,ttth,10,2
A00,7850101,,,,6.6,,,,6.5,5.0,,ttth,38,7
D01,7340122,7.4,,7.6,7.0,,,,,,,ttth,5,1
D01,7340129,7.75,,7.6,5.2,,,,,,,ttth,7,7
D01,7480201,6.8,,5.8,8.5,,,,,,,ttth,16,0
A00,7850101,,,,6.8,,,,5.0,5.25,,ttth,38,7
A00,7819010,,,,7.5,,,,7.0,7.2,,ttth,37,4
A00,7340115,,,,7.5,,,,7.25,7.6,,ttth,3,1
D01,7340301,6.0,,7.4,8.25,,,,,,,ttth,10,2
D01,7340120,8.0,,7.8,7.5,,,,,,,ttth,4,1
A00,7540101,,,,7.25,,,,8.0,7.6,,ttth,28,7
B00,7540101,,,,8.25,,,,,7.5,8.4,ttth,28,7
D01,7480201,7.0,,8.2,7.2,,,,,,,ttth,16,0
A01,7380107,,,7.6,8.0,,,,8.0,,,ttth,12,8
A00,7340301,,,,7.6,,,,7.25,8.0,,ttth,10,2
D01,7340301,7.75,,7.6,7.8,,,,,,,ttth,10,2
D01,7340101,6.6,,7.8,6.16,,,,,,,ttth,2,1
A00,7340301,,,,8.5,,,,6.0,7.8,,ttth,10,2
A00,7340120,,,,8.0,,,,7.0,8.0,,ttth,4,1
D01,7340201,8.0,,8.4,6.8,,,,,,,ttth,8,2
A01,7340201,,,8.0,6.5,,,,8.2,,,ttth,8,2
D07,7510401,,,7.6,6.6,,,,,8.25,,ttth,22,6
A00,7510301,,,,6.0,,,,4.25,6.8,,ttth,20,5
A01,7340201,,,8.2,8.2,,,,7.0,,,ttth,8,2
D07,7480201,,,7.4,7.75,,,,,8.2,,ttth,16,0
B00,7420201,,,,5.75,,,,,7.0,5.8,ttth,13,7
B00,7420201,,,,6.75,,,,,8.0,6.2,ttth,13,7
A00,7340201,,,,8.0,,,,6.25,8.75,,ttth,8,2
D01,7340101,8.25,,8.4,7.8,,,,,,,ttth,2,1
D01,7220201,8.8,,7.2,7.0,,,,,,,ttth,0,8
A00,7340129,,,,8.2,,,,6.0,7.5,,ttth,7,7
A01,7340120,,,7.4,7.75,,,,7.6,,,ttth,4,1
A00,7540106,,,,7.2,,,,7.5,3.75,,ttth,30,7
D01,7340101,5.2,,7.2,8.75,,,,,,,ttth,2,1
D01,7380107,8.25,,7.2,6.6,,,,,,,ttth,12,8
A00,7480202,,,,7.75,,,,6.5,7.6,,ttth,17,0
D01,7340115,8.4,,7.8,7.0,,,,,,,ttth,3,1
D09,7220201,,,7.0,9.25,,,8.0,,,,ttth,0,8
A00,7810201,,,,8.0,,,,8.25,7.2,,ttth,34,4
B00,7420201,,,,7.0,,,,,7.0,7.75,ttth,13,7
A00,7340129,,,,7.0,,,,5.75,8.0,,ttth,7,7
D01,7340120,7.2,,7.4,7.25,,,,,,,ttth,4,1
A00,7540101,,,,9.2,,,,7.75,7.75,,ttth,28,7
A01,7810202,,,8.4,8.4,,,,7.5,,,ttth,35,4
D01,7810103,5.0,,5.6,7.5,,,,,,,ttth,33,4
A00,7340115,,,,8.25,,,,6.75,7.6,,ttth,3,1
D01,7810202,6.5,,8.6,7.8,,,,,,,ttth,35,4
A00,7819010,,,,6.0,,,,6.5,8.4,,ttth,37,4
D01,7810103,8.4,,7.6,7.5,,,,,,,ttth,33,4
A00,7510202,,,,5.75,,,,7.0,6.0,,ttth,18,5
D01,7810103,8.0,,8.0,7.0,,,,,,,ttth,33,4
A00,7480201,,,,7.6,,,,6.25,8.25,,ttth,16,0
A00,7340301,,,,7.6,,,,7.25,7.25,,ttth,10,2
D01,7340129,6.5,,6.8,7.6,,,,,,,ttth,7,7
B00,7420201,,,,7.5,,,,,8.25,8.0,ttth,13,7
A00,7420201,,,,6.6,,,,5.25,6.5,,ttth,13,7
D01,7340101,6.6,,7.4,8.25,,,,,,,ttth,2,1
D01,7380107,8.0,,6.4,7.8,,,,,,,ttth,12,8
A00,7510301,,,,7.0,,,,5.0,6.25,,ttth,20,5
D15,7380107,6.0,6.4,8.25,,,,,,,,ttth,12,8
D01,7510301,8.0,,4.4,5.6,,,,,,,ttth,20,5
A00,7340101,,,,7.25,,,,7.5,8.4,,ttth,2,1
A00,7510301,,,,7.8,,,,4.75,6.5,,ttth,20,5
D15,7810201,7.5,6.2,6.0,,,,,,,,ttth,34,4
D01,7340120,4.6,,7.4,9.25,,,,,,,ttth,4,1
D01,7540204,8.0,,5.4,6.2,,,,,,,ttth,31,6
D01,7510202,6.2,,7.0,7.5,,,,,,,ttth,18,5
A00,7510303,,,,5.75,,,,6.0,6.4,,ttth,21,5
A01,7510303,,,7.0,7.2,,,,6.5,,,ttth,21,5
D01,7340122,6.8,,7.2,7.75,,,,,,,ttth,5,1
D01,7220204,8.0,,7.0,7.6,,,,,,,ttth,1,8
D01,7510303,6.75,,5.6,6.4,,,,,,,ttth,21,5
D01,7510303,6.0,,6.0,6.4,,,,,,,ttth,21,5
A00,7540101,,,,7.75,,,,7.25,7.6,,ttth,28,7
A00,7480201,,,,6.0,,,,8.5,8.4,,ttth,16,0
D01,7480201,9.0,,7.2,7.25,,,,,,,ttth,16,0
D01,7340301,7.5,,8.2,7.6,,,,,,,ttth,10,2
A00,7340120,,,,8.0,,,,7.75,7.8,,ttth,4,1
D01,7480201,7.8,,6.4,7.5,,,,,,,ttth,16,0
D01,7480202,4.8,,5.6,7.5,,,,,,,ttth,17,0
A00,7380107,,,,7.4,,,,8.25,7.25,,ttth,12,8
A00,7340120,,,,7.75,,,,8.0,7.6,,ttth,4,1
D01,7340120,6.8,,7.6,8.25,,,,,,,ttth,4,1
D01,7480201,7.2,,8.0,6.5,,,,,,,ttth,16,0
D01,7340120,6.25,,9.0,8.4,,,,,,,ttth,4,1
B00,7420201,,,,8.25,,,,,8.0,7.8,ttth,13,7
A00,7340101,,,,7.75,,,,7.25,7.0,,ttth,2,1
D01,7220201,8.25,,8.4,7.8,,,,,,,ttth,0,8
A00,7540101,,,,7.25,,,,8.5,6.8,,ttth,28,7
B00,7540106,,,,6.5,,,,,8.0,6.6,ttth,30,7
A00,7340101,,,,7.25,,,,8.25,7.4,,ttth,2,1
D01,7510303,3.8,,6.8,6.25,,,,,,,ttth,21,5
D01,7340201,8.0,,7.2,7.8,,,,,,,ttth,8,2
D01,7340301,4.8,,7.2,8.0,,,,,,,ttth,10,2
D07,7819010,,,7.6,5.25,,,,,5.2,,ttth,37,4
D01,7340120,6.6,,7.0,8.5,,,,,,,ttth,4,1
A00,7540204,,,,6.4,,,,6.5,7.75,,ttth,31,6
D01,7340101,5.2,,7.2,8.75,,,,,,,ttth,2,1
A00,7819010,,,,5.0,,,,5.75,7.2,,ttth,37,4
A01,7340101,,,8.0,8.25,,,,6.8,,,ttth,2,1
D01,7340101,7.2,,6.2,7.5,,,,,,,ttth,2,1
D01,7340101,8.5,,8.0,8.6,,,,,,,ttth,2,1
A00,7340115,,,,8.25,,,,8.25,8.0,,ttth,3,1
A00,7340201,,,,8.2,,,,7.25,8.0,,ttth,8,2
D15,7380107,7.0,4.8,7.0,,,,,,,,ttth,12,8
A01,7480201,,,6.8,8.5,,,,7.6,,,ttth,16,0
A00,7540101,,,,7.0,,,,6.25,7.8,,ttth,28,7
D01,7220201,7.58,,9.0,7.2,,,,,,,ttth,0,8
A00,7480201,,,,5.75,,,,7.0,8.4,,ttth,16,0
A00,7810202,,,,7.8,,,,6.5,8.5,,ttth,35,4
D01,7220204,7.5,,7.2,7.6,,,,,,,ttth,1,8
A00,7340120,,,,8.6,,,,8.0,8.25,,ttth,4,1
A00,7510303,,,,6.5,,,,7.0,7.4,,ttth,21,5
D01,7480202,5.0,,5.2,6.6,,,,,,,ttth,17,0
A00,7510203,,,,7.5,,,,7.25,7.8,,ttth,19,5
D01,7480201,6.8,,7.4,7.5,,,,,,,ttth,16,0
A00,7340201,,,,8.0,,,,7.5,7.8,,ttth,8,2
A01,7340120,,,8.2,8.25,,,,6.8,,,ttth,4,1
D01,7480202,5.4,,5.6,8.0,,,,,,,ttth,17,0
D09,7220204,,,6.4,8.5,,,6.4,,,,ttth,1,8
A00,7340101,,,,7.25,,,,8.0,8.2,,ttth,2,1
A00,7340301,,,,8.25,,,,7.5,8.4,,ttth,10,2
A00,7340129,,,,6.5,,,,7.5,7.0,,ttth,7,7
D01,7340115,7.6,,8.4,8.25,,,,,,,ttth,3,1
A01,7340101,,,7.8,7.5,,,,8.4,,,ttth,2,1
D01,7510202,5.4,,7.6,6.0,,,,,,,ttth,18,5
A00,7340115,,,,7.5,,,,7.75,7.8,,ttth,3,1
D01,7480202,6.75,,6.8,5.6,,,,,,,ttth,17,0
D01,7810201,9.25,,7.2,7.0,,,,,,,ttth,34,4
A00,7510303,,,,5.75,,,,6.5,6.2,,ttth,21,5
A00,7540101,,,,8.8,,,,7.75,7.75,,ttth,28,7
A00,7420201,,,,6.75,,,,7.25,6.4,,ttth,13,7
D01,7340120,6.8,,8.4,8.25,,,,,,,ttth,4,1
B00,7540101,,,,6.5,,,,,7.0,7.0,ttth,28,7
A00,7810103,,,,8.0,,,,6.25,8.25,,ttth,33,4
A00,7510401,,,,6.75,,,,7.0,7.6,,ttth,22,6
D01,7220204,6.6,,7.2,7.75,,,,,,,ttth,1,8
D01,7340115,9.2,,6.6,7.5,,,,,,,ttth,3,1
A00,7340115,,,,8.0,,,,7.5,9.0,,ttth,3,1
A01,7340120,,,7.4,6.0,,,,8.6,,,ttth,4,1
A00,7340101,,,,7.0,,,,8.0,6.8,,ttth,2,1
A00,7340101,,,,7.75,,,,6.25,7.4,,ttth,2,1
B00,7540101,,,,8.75,,,,,8.0,8.8,ttth,28,7
A00,7380107,,,,6.25,,,,6.75,7.0,,ttth,12,8
A00,7540204,,,,7.6,,,,7.25,6.75,,ttth,31,6
D01,7340120,8.0,,9.0,7.0,,,,,,,ttth,4,1
D01,7510203,6.8,,5.4,7.0,,,,,,,ttth,19,5
A01,7340101,,,8.8,8.0,,,,7.0,,,ttth,2,1
A00,7510202,,,,8.4,,,,6.25,7.75,,ttth,18,5
A00,7340301,,,,8.8,,,,8.0,5.75,,ttth,10,2
A00,7340120,,,,8.0,,,,8.0,8.0,,ttth,4,1
A00,7510401,,,,6.5,,,,6.75,7.2,,ttth,22,6
D01,7220204,7.8,,7.6,8.0,,,,,,,ttth,1,8
B00,7540101,,,,7.5,,,,,7.5,6.8,ttth,28,7
D09,7220201,,,6.6,6.75,,,7.6,,,,ttth,0,8
A00,7510401,,,,7.0,,,,7.75,7.8,,ttth,22,6
B00,7510401,,,,7.75,,,,,7.0,7.8,ttth,22,6
D01,7340301,5.4,,7.4,7.25,,,,,,,ttth,10,2
D01,7380107,7.0,,9.8,7.2,,,,,,,ttth,12,8
A01,7340120,,,7.2,8.25,,,,8.2,,,ttth,4,1
A00,7510202,,,,6.5,,,,6.75,5.2,,ttth,18,5
D15,7380107,6.5,5.8,6.5,,,,,,,,ttth,12,8
A01,7340122,,,8.2,7.5,,,,7.8,,,ttth,5,1
B00,7850101,,,,7.25,,,,,7.5,6.8,ttth,38,7
A00,7340120,,,,6.25,,,,7.25,8.2,,ttth,4,1
D01,7340120,7.25,,8.6,8.2,,,,,,,ttth,4,1
A00,7510202,,,,7.4,,,,6.25,7.25,,ttth,18,5
A00,7510401,,,,6.75,,,,5.75,6.8,,ttth,22,6
A01,7480201,,,8.2,8.0,,,,7.25,,,ttth,16,0
B00,7540101,,,,8.0,,,,,7.75,7.0,ttth,28,7
A00,7340115,,,,7.25,,,,8.0,7.8,,ttth,3,1
A00,7480201,,,,6.75,,,,7.25,7.8,,ttth,16,0
A01,7340201,,,8.8,7.4,,,,6.0,,,ttth,8,2
B00,7420201,,,,6.75,,,,,7.0,7.2,ttth,13,7
A00,7340101,,,,8.0,,,,7.75,8.0,,ttth,2,1
A00,7340123,,,,7.25,,,,6.25,7.6,,ttth,6,3
D01,7810103,8.0,,9.0,7.4,,,,,,,ttth,33,4
A00,7810201,,,,7.25,,,,7.25,6.0,,ttth,34,4
A00,7480201,,,,8.0,,,,7.25,7.8,,ttth,16,0
A01,7480201,,,7.4,6.25,,,,9.2,,,ttth,16,0
A00,7340301,,,,7.8,,,,7.0,7.75,,ttth,10,2
D01,7340301,7.25,,6.6,8.2,,,,,,,ttth,10,2
D01,7340115,7.5,,8.2,7.8,,,,,,,ttth,3,1
A00,7480202,,,,7.0,,,,8.0,7.8,,ttth,17,0
D01,7220201,7.25,,9.2,7.6,,,,,,,ttth,0,8
D01,7340120,7.5,,8.6,7.8,,,,,,,ttth,4,1
D01,7480201,8.4,,7.2,8.25,,,,,,,ttth,16,0
D01,7810103,8.2,,7.8,7.0,,,,,,,ttth,33,4
A00,7340101,,,,7.0,,,,6.0,7.8,,ttth,2,1
D01,7810201,4.0,,7.0,7.0,,,,,,,ttth,34,4
A01,7480201,,,7.6,7.75,,,,6.8,,,ttth,16,0
A00,7480202,,,,7.0,,,,7.5,7.6,,ttth,17,0
D01,7510301,6.6,,7.0,8.5,,,,,,,ttth,20,5
A01,7340101,,,7.0,8.0,,,,8.0,,,ttth,2,1
D07,7540106,,,6.4,7.4,,,,,5.5,,ttth,30,7
D01,7510303,7.0,,4.6,7.8,,,,,,,ttth,21,5
B00,7510406,,,,5.5,,,,,4.25,7.4,ttth,24,7
B00,7510401,,,,7.0,,,,,6.0,4.8,ttth,22,6
D01,7380107,6.2,,7.4,9.5,,,,,,,ttth,12,8
D01,7220201,7.75,,9.4,8.0,,,,,,,ttth,0,8
A00,7340101,,,,7.25,,,,7.75,7.8,,ttth,2,1
D01,7810103,3.8,,8.2,5.5,,,,,,,ttth,33,4
D01,7340120,7.0,,6.8,7.25,,,,,,,ttth,4,1
A00,7850101,,,,5.75,,,,6.75,7.0,,ttth,38,7
D07,7850101,,,5.2,6.25,,,,,7.0,,ttth,38,7
D01,7340101,7.2,,5.8,8.5,,,,,,,ttth,2,1
A00,7510203,,,,6.75,,,,7.5,7.0,,ttth,19,5
A00,7540204,,,,7.0,,,,7.0,6.8,,ttth,31,6
D01,7340122,8.2,,7.2,7.5,,,,,,,ttth,5,1
A00,7480201,,,,7.8,,,,7.0,7.25,,ttth,16,0
D01,7220201,8.75,,8.0,8.8,,,,,,,ttth,0,8
B00,7510401,,,,7.0,,,,,6.25,7.0,ttth,22,6
D01,7810202,8.0,,6.6,7.2,,,,,,,ttth,35,4
A01,7340115,,,8.6,8.5,,,,7.0,,,ttth,3,1
D01,7220204,7.25,,8.4,7.4,,,,,,,ttth,1,8
D01,7480201,7.8,,7.4,8.25,,,,,,,ttth,16,0
D01,7810201,7.6,,6.4,7.5,,,,,,,ttth,34,4
A00,7810202,,,,8.0,,,,6.5,7.75,,ttth,35,4
D01,7510203,6.75,,6.8,7.6,,,,,,,ttth,19,5
A00,7510301,,,,6.4,,,,5.5,7.25,,ttth,20,5
A00,7510202,,,,6.25,,,,4.25,7.8,,ttth,18,5
A01,7340101,,,8.0,7.6,,,,7.75,,,ttth,2,1
D01,7480202,4.2,,5.8,7.25,,,,,,,ttth,17,0
A01,7480201,,,8.8,7.8,,,,7.0,,,ttth,16,0
A01,7340101,,,8.2,7.6,,,,7.5,,,ttth,2,1
A00,7340129,,,,7.25,,,,7.75,7.6,,ttth,7,7
D01,7340101,5.4,,7.6,7.75,,,,,,,ttth,2,1
D07,7480201,,,7.2,8.4,,,,,6.5,,ttth,16,0
D01,7340101,8.4,,7.6,7.0,,,,,,,ttth,2,1
D01,7340120,8.2,,7.8,7.0,,,,,,,ttth,4,1
A00,7380107,,,,8.2,,,,5.5,8.0,,ttth,12,8
D01,7810201,7.5,,7.4,7.8,,,,,,,ttth,34,4
A00,7819010,,,,7.25,,,,7.0,7.2,,ttth,37,4
A00,7340301,,,,6.25,,,,7.25,8.2,,ttth,10,2
A00,7510202,,,,8.0,,,,8.5,8.0,,ttth,18,5
A00,7810202,,,,9.0,,,,6.5,8.0,,ttth,35,4
A00,7510203,,,,6.8,,,,7.75,7.0,,ttth,19,5
D07,7510202,,,7.4,6.5,,,,,5.8,,ttth,18,5
D01,7480201,6.25,,9.2,7.8,,,,,,,ttth,16,0
A00,7340205,,,,6.5,,,,7.0,6.2,,ttth,9,2
D07,7480201,,,7.8,7.2,,,,,7.5,,ttth,16,0
A01,7480201,,,8.4,6.75,,,,6.4,,,ttth,16,0
B00,7540106,,,,8.0,,,,,7.5,7.0,ttth,30,7
D07,7540204,,,7.6,7.2,,,,,7.5,,ttth,31,6
B00,7819010,,,,7.25,,,,,6.75,5.4,ttth,37,4
A00,7480201,,,,7.0,,,,8.0,8.0,,ttth,16,0
A00,7340301,,,,8.0,,,,7.5,7.5,,ttth,10,2
D01,7340123,4.6,,6.2,7.0,,,,,,,ttth,6,3
D01,7810201,6.75,,8.2,7.6,,,,,,,ttth,34,4
D01,7480202,7.4,,6.6,6.75,,,,,,,ttth,17,0
D01,7340115,6.6,,7.6,8.75,,,,,,,ttth,3,1
D01,7510303,5.75,,4.0,7.2,,,,,,,ttth,21,5
A00,7850101,,,,5.5,,,,6.0,6.8,,ttth,38,7
A00,7540106,,,,7.6,,,,5.75,7.25,,ttth,30,7
D01,7480202,7.5,,6.4,5.6,,,,,,,ttth,17,0
D07,7510401,,,7.8,7.5,,,,,7.4,,ttth,22,6
A01,7340301,,,7.6,7.75,,,,8.4,,,ttth,10,2
D07,7480201,,,8.8,7.4,,,,,7.0,,ttth,16,0
D01,7510303,4.2,,6.6,7.75,,,,,,,ttth,21,5
D07,7480202,,,6.6,7.75,,,,,7.2,,ttth,17,0
D07,7480201,,,8.4,6.75,,,,,7.4,,ttth,16,0
D01,7480202,6.8,,7.0,9.0,,,,,,,ttth,17,0
A00,7810201,,,,7.25,,,,6.75,7.6,,ttth,34,4
D01,7810202,8.25,,8.4,6.8,,,,,,,ttth,35,4
A01,7480201,,,8.4,8.4,,,,7.5,,,ttth,16,0
A00,7340115,,,,7.5,,,,8.25,7.6,,ttth,3,1
A00,7340301,,,,6.5,,,,6.5,8.0,,ttth,10,2
A01,7340201,,,9.0,7.8,,,,8.0,,,ttth,8,2
A00,7340201,,,,8.0,,,,7.25,8.25,,ttth,8,2
D01,7340129,6.0,,6.4,8.0,,,,,,,ttth,7,7
A01,7340201,,,6.8,6.75,,,,8.4,,,ttth,8,2
D01,7810103,8.0,,6.6,6.25,,,,,,,ttth,33,4
D01,7480201,4.0,,7.2,9.5,,,,,,,ttth,16,0
D15,7810201,6.75,6.2,7.75,,,,,,,,ttth,34,4
A00,7480201,,,,6.5,,,,7.5,7.2,,ttth,16,0
D01,7340115,8.4,,6.6,8.0,,,,,,,ttth,3,1
A00,7480201,,,,7.8,,,,7.0,7.25,,ttth,16,0
D01,7220201,7.0,,8.4,7.75,,,,,,,ttth,0,8
A00,7340129,,,,8.4,,,,5.5,8.5,,ttth,7,7
D01,7480202,6.5,,6.4,7.8,,,,,,,ttth,17,0
D01,7510303,5.8,,7.2,8.0,,,,,,,ttth,21,5
A01,7340301,,,8.6,8.0,,,,8.0,,,ttth,10,2
A01,7520115,,,7.2,6.25,,,,6.6,,,ttth,27,6
A00,7540101,,,,7.0,,,,7.75,8.0,,ttth,28,7
A00,7340129,,,,8.0,,,,6.25,7.4,,ttth,7,7
A00,7340301,,,,7.6,,,,7.0,7.75,,ttth,10,2
A01,7480202,,,7.2,6.75,,,,6.6,,,ttth,17,0
D01,7340120,9.0,,8.0,8.2,,,,,,,ttth,4,1
A00,7340101,,,,7.5,,,,6.5,8.4,,ttth,2,1
D01,7380107,8.0,,7.6,7.5,,,,,,,ttth,12,8
A00,7340115,,,,8.2,,,,7.5,8.0,,ttth,3,1
D01,7480201,8.4,,7.4,6.0,,,,,,,ttth,16,0
A01,7480201,,,8.6,7.8,,,,8.0,,,ttth,16,0
D01,7540204,6.0,,7.4,7.2,,,,,,,ttth,31,6
D01,7340301,6.6,,7.0,7.0,,,,,,,ttth,10,2
A00,7340129,,,,7.4,,,,7.5,6.75,,ttth,7,7
D01,7220201,8.6,,7.0,7.75,,,,,,,ttth,0,8
A00,7340120,,,,6.0,,,,7.5,7.6,,ttth,4,1
D01,7480201,8.2,,7.8,7.75,,,,,,,ttth,16,0
D01,7340301,7.25,,8.4,8.0,,,,,,,ttth,10,2
D01,7380107,7.0,,8.0,7.2,,,,,,,ttth,12,8
D01,7340101,6.0,,8.6,8.25,,,,,,,ttth,2,1
D01,7340120,7.8,,8.0,7.0,,,,,,,ttth,4,1
D07,7510401,,,6.6,6.25,,,,,8.8,,ttth,22,6
D07,7540101,,,7.8,8.0,,,,,7.0,,ttth,28,7
D01,7510202,6.4,,6.4,7.0,,,,,,,ttth,18,5
D01,7480201,7.2,,7.4,6.75,,,,,,,ttth,16,0
A01,7380107,,,7.4,5.0,,,,7.2,,,ttth,12,8
D01,7810103,8.2,,7.8,6.75,,,,,,,ttth,33,4
A00,7510303,,,,7.0,,,,6.0,7.0,,ttth,21,5
A00,7340129,,,,6.25,,,,7.75,8.2,,ttth,7,7
A00,7340101,,,,7.8,,,,7.25,8.0,,ttth,2,1
D01,7510202,5.5,,4.0,6.6,,,,,,,ttth,18,5
A00,7340122,,,,7.5,,,,7.0,7.6,,ttth,5,1
D01,7340101,6.2,,7.6,7.25,,,,,,,ttth,2,1
D01,7810103,8.2,,6.6,7.5,,,,,,,ttth,33,4
D01,7340129,7.75,,8.0,6.8,,,,,,,ttth,7,7
A00,7480201,,,,7.8,,,,7.0,7.5,,ttth,16,0
D01,7480201,8.4,,7.0,6.25,,,,,,,ttth,16,0
A00,7340301,,,,7.0,,,,7.5,7.6,,ttth,10,2
D07,7540101,,,8.2,8.0,,,,,7.75,,ttth,28,7
A00,7340123,,,,5.5,,,,8.25,7.8,,ttth,6,3
D01,7540204,5.2,,6.6,8.0,,,,,,,ttth,31,6
B00,7420201,,,,6.0,,,,,6.75,4.75,ttth,13,7
A00,7340201,,,,7.6,,,,7.25,7.5,,ttth,8,2
A01,7850101,,,6.6,6.0,,,,9.0,,,ttth,38,7
D01,7480202,5.5,,7.0,7.6,,,,,,,ttth,17,0
A01,7510203,,,7.0,7.25,,,,8.8,,,ttth,19,5
A01,7480201,,,8.0,8.4,,,,6.5,,,ttth,16,0
D01,7510203,4.6,,7.2,8.0,,,,,,,ttth,19,5
B00,7540106,,,,7.2,,,,,5.75,6.0,ttth,30,7
D01,7510301,7.25,,5.4,7.2,,,,,,,ttth,20,5
A00,7480201,,,,7.25,,,,8.0,7.8,,ttth,16,0
A00,7480201,,,,8.0,,,,6.75,7.75,,ttth,16,0
D01,7340205,6.4,,6.4,7.25,,,,,,,ttth,9,2
A00,7340120,,,,8.25,,,,7.75,7.4,,ttth,4,1
D01,7510202,5.4,,6.8,5.0,,,,,,,ttth,18,5
A00,7480201,,,,6.75,,,,7.5,6.8,,ttth,16,0
D01,7340201,5.8,,7.6,7.25,,,,,,,ttth,8,2
D01,7340101,6.75,,9.2,8.0,,,,,,,ttth,2,1
A00,7340301,,,,7.5,,,,8.0,7.2,,ttth,10,2
D01,7480202,5.75,,6.6,7.2,,,,,,,ttth,17,0
A00,7510202,,,,6.75,,,,7.5,7.0,,ttth,18,5
D01,7220204,7.6,,7.2,8.25,,,,,,,ttth,1,8
A00,7480201,,,,8.0,,,,8.25,7.4,,ttth,16,0
D01,7480202,6.2,,7.8,8.25,,,,,,,ttth,17,0
D01,7810103,7.8,,7.0,7.75,,,,,,,ttth,33,4
A00,7480202,,,,7.25,,,,7.75,8.4,,ttth,17,0
A00,7510401,,,,7.0,,,,7.25,7.6,,ttth,22,6
A00,7340101,,,,7.75,,,,7.75,6.8,,ttth,2,1
D01,7220204,7.5,,8.2,7.6,,,,,,,ttth,1,8
A01,7340101,,,8.4,7.25,,,,8.6,,,ttth,2,1
D01,7510202,7.2,,6.8,7.5,,,,,,,ttth,18,5
D07,7480201,,,8.6,6.6,,,,,7.0,,ttth,16,0
A00,7510301,,,,7.2,,,,7.25,6.75,,ttth,20,5
A00,7510203,,,,6.75,,,,5.25,6.4,,ttth,19,5
A00,7810202,,,,6.0,,,,7.5,6.6,,ttth,35,4
A00,7510401,,,,6.0,,,,6.5,6.8,,ttth,22,6
A01,7540106,,,6.6,7.25,,,,6.6,,,ttth,30,7
A00,7810202,,,,6.0,,,,7.5,5.8,,ttth,35,4
D01,7480202,7.2,,6.8,5.25,,,,,,,ttth,17,0
D01,7340301,6.4,,7.0,7.5,,,,,,,ttth,10,2
D01,7480201,6.75,,7.2,8.2,,,,,,,ttth,16,0
D01,7520115,5.6,,7.2,5.75,,,,,,,ttth,27,6
D01,7480201,7.25,,8.2,7.8,,,,,,,ttth,16,0
D01,7380107,7.5,,7.6,7.0,,,,,,,ttth,12,8
B00,7850101,,,,5.0,,,,,5.25,7.0,ttth,38,7
D01,7340120,5.8,,7.8,7.5,,,,,,,ttth,4,1
A00,7340120,,,,8.0,,,,8.0,7.8,,ttth,4,1
D01,7480201,7.0,,8.2,7.4,,,,,,,ttth,16,0
D01,7510301,6.8,,6.8,6.75,,,,,,,ttth,20,5
A00,7380107,,,,6.75,,,,8.0,8.6,,ttth,12,8
A00,7480202,,,,8.0,,,,6.75,7.6,,ttth,17,0
D01,7340301,8.25,,6.6,8.4,,,,,,,ttth,10,2
A01,7340120,,,7.4,8.0,,,,7.8,,,ttth,4,1
A01,7480201,,,8.8,7.4,,,,7.0,,,ttth,16,0
A00,7340115,,,,7.75,,,,8.0,8.2,,ttth,3,1
A00,7340101,,,,8.2,,,,7.5,8.0,,ttth,2,1
D07,7540101,,,8.4,8.2,,,,,7.25,,ttth,28,7
D01,7340201,8.25,,6.6,8.0,,,,,,,ttth,8,2
D01,7340301,8.2,,8.0,7.5,,,,,,,ttth,10,2
A00,7510303,,,,7.0,,,,5.75,7.6,,ttth,21,5
A00,7340201,,,,7.75,,,,7.75,7.8,,ttth,8,2
A01,7480201,,,7.6,7.8,,,,7.25,,,ttth,16,0
A00,7510203,,,,6.25,,,,6.0,7.4,,ttth,19,5
A00,7510301,,,,7.0,,,,6.75,7.6,,ttth,20,5
A01,7540105,,,7.6,6.0,,,,5.2,,,ttth,29,7
D01,7510303,6.6,,6.4,6.25,,,,,,,ttth,21,5
B00,7540106,,,,6.75,,,,,6.5,7.8,ttth,30,7
A00,7480202,,,,6.75,,,,6.75,6.0,,ttth,17,0
D01,7340301,7.0,,8.4,8.5,,,,,,,ttth,10,2
D01,7480201,7.2,,7.4,6.5,,,,,,,ttth,16,0
A00,7510401,,,,7.25,,,,6.5,6.0,,ttth,22,6
A01,7480201,,,8.2,7.0,,,,7.8,,,ttth,16,0
D01,7510202,6.8,,6.8,5.0,,,,,,,ttth,18,5
D01,7340123,7.0,,7.8,8.0,,,,,,,ttth,6,3
D01,7520115,8.0,,6.8,5.5,,,,,,,ttth,27,6
D07,7480201,,,7.0,7.0,,,,,7.4,,ttth,16,0
A00,7340201,,,,8.8,,,,6.0,8.0,,ttth,8,2
D01,7340301,6.5,,9.0,8.0,,,,,,,ttth,10,2
D01,7480201,6.75,,7.6,8.0,,,,,,,ttth,16,0
A01,7510401,,,6.8,7.2,,,,6.25,,,ttth,22,6
A00,7480202,,,,7.5,,,,7.5,7.6,,ttth,17,0
D01,7340301,6.6,,7.6,7.75,,,,,,,ttth,10,2
A00,7340205,,,,6.75,,,,6.0,7.4,,ttth,9,2
A00,7540106,,,,7.2,,,,6.25,5.25,,ttth,30,7
A00,7340115,,,,7.0,,,,8.75,8.2,,ttth,3,1
D01,7340101,8.75,,8.2,7.4,,,,,,,ttth,2,1
D07,7540106,,,8.4,7.6,,,,,7.0,,ttth,30,7
D01,7810201,6.2,,7.2,6.75,,,,,,,ttth,34,4
D15,7810201,6.25,5.6,6.75,,,,,,,,ttth,34,4
D01,7510303,8.0,,7.0,6.5,,,,,,,ttth,21,5
A00,7340201,,,,8.25,,,,8.25,7.0,,ttth,8,2
D01,7340201,7.5,,8.0,8.0,,,,,,,ttth,8,2
A00,7480201,,,,7.25,,,,8.75,7.8,,ttth,16,0
D07,7340205,,,6.6,7.25,,,,,6.0,,ttth,9,2
D01,7220204,7.6,,7.8,8.0,,,,,,,ttth,1,8
A00,7510401,,,,7.0,,,,6.25,7.75,,ttth,22,6
A00,7480202,,,,4.75,,,,6.5,7.2,,ttth,17,0
B00,7420201,,,,7.5,,,,,7.25,6.6,ttth,13,7
B00,7540106,,,,6.75,,,,,6.75,6.6,ttth,30,7
A00,7540106,,,,6.2,,,,4.75,6.75,,ttth,30,7
D01,7510303,7.5,,4.4,6.0,,,,,,,ttth,21,5
A00,7540106,,,,8.0,,,,6.75,7.8,,ttth,30,7
A01,7220201,,,9.0,7.2,,,,7.25,,,ttth,0,8
B00,7540101,,,,7.5,,,,,7.75,7.8,ttth,28,7
D07,7540101,,,7.6,7.5,,,,,7.8,,ttth,28,7
B00,7510401,,,,6.75,,,,,6.5,7.0,ttth,22,6
A00,7380107,,,,7.5,,,,7.75,7.0,,ttth,12,8
D07,7480201,,,7.4,8.25,,,,,9.2,,ttth,16,0
A00,7340101,,,,7.25,,,,7.0,7.8,,ttth,2,1
D01,7510202,4.2,,5.2,7.25,,,,,,,ttth,18,5
A00,7540101,,,,7.0,,,,7.25,7.8,,ttth,28,7
A01,7340201,,,7.4,8.25,,,,7.8,,,ttth,8,2
A00,7340115,,,,8.0,,,,7.5,7.6,,ttth,3,1
A01,7460108,,,5.6,5.25,,,,6.2,,,ttth,14,0
A01,7340101,,,8.0,7.25,,,,8.2,,,ttth,2,1
A00,7340115,,,,8.0,,,,6.25,7.8,,ttth,3,1
D01,7380107,8.6,,6.8,6.5,,,,,,,ttth,12,8
A00,7340205,,,,7.25,,,,7.25,8.0,,ttth,9,2
A01,7510303,,,7.6,6.75,,,,6.0,,,ttth,21,5
B00,7540101,,,,8.5,,,,,7.75,7.6,ttth,28,7
A00,7340101,,,,7.25,,,,7.75,7.0,,ttth,2,1
D01,7340120,7.0,,7.0,8.0,,,,,,,ttth,4,1
D01,7340122,8.2,,7.8,6.75,,,,,,,ttth,5,1
A00,7510301,,,,6.0,,,,8.25,7.6,,ttth,20,5
B00,7540101,,,,8.0,,,,,7.25,7.0,ttth,28,7
D01,7510203,5.75,,7.4,7.0,,,,,,,ttth,19,5
A00,7340101,,,,7.75,,,,8.75,7.4,,ttth,2,1
A00,7340120,,,,8.4,,,,8.25,8.25,,ttth,4,1
D01,7380107,5.4,,7.2,8.25,,,,,,,ttth,12,8
D01,7380107,7.0,,7.6,7.2,,,,,,,ttth,12,8
B00,7510401,,,,6.4,,,,,8.0,4.75,ttth,22,6
A01,7819010,,,6.4,7.0,,,,6.8,,,ttth,37,4
D01,7340115,7.8,,7.4,8.25,,,,,,,ttth,3,1
A01,7340201,,,9.0,7.6,,,,7.5,,,ttth,8,2
D01,7510301,4.6,,7.4,6.0,,,,,,,ttth,20,5
D01,7510301,6.5,,7.6,7.2,,,,,,,ttth,20,5
D01,7480201,6.4,,8.0,6.75,,,,,,,ttth,16,0
A00,7510202,,,,8.0,,,,6.5,7.5,,ttth,18,5
D01,7340301,7.75,,8.2,8.2,,,,,,,ttth,10,2
D01,7220201,7.0,,6.8,7.0,,,,,,,ttth,0,8
A00,7510202,,,,5.75,,,,6.5,7.2,,ttth,18,5
A00,7340301,,,,6.75,,,,8.75,7.8,,ttth,10,2
D01,7810202,6.2,,6.2,8.75,,,,,,,ttth,35,4
A00,7340120,,,,7.8,,,,8.0,7.25,,ttth,4,1
A00,7510202,,,,6.8,,,,5.25,4.0,,ttth,18,5
A00,7850101,,,,5.6,,,,5.5,6.25,,ttth,38,7
D01,7340301,7.25,,7.8,8.0,,,,,,,ttth,10,2
A00,7340201,,,,7.25,,,,7.25,8.2,,ttth,8,2
D01,7810201,6.0,,6.6,7.0,,,,,,,ttth,34,4
A01,7510202,,,7.0,5.75,,,,5.2,,,ttth,18,5
A00,7480201,,,,7.5,,,,7.0,7.6,,ttth,16,0
B00,7540101,,,,7.25,,,,,7.5,6.4,ttth,28,7
D01,7510203,6.25,,7.2,7.0,,,,,,,ttth,19,5
A00,7380107,,,,8.0,,,,7.5,7.2,,ttth,12,8
A00,7480202,,,,7.75,,,,6.75,8.4,,ttth,17,0
D01,7510303,7.6,,7.2,7.25,,,,,,,ttth,21,5
A00,7340301,,,,6.5,,,,7.25,7.4,,ttth,10,2
A01,7480201,,,7.2,6.5,,,,8.0,,,ttth,16,0
A00,7340201,,,,7.0,,,,7.75,7.2,,ttth,8,2
D01,7340201,8.5,,7.8,7.0,,,,,,,ttth,8,2
D01,7480201,6.0,,7.2,8.5,,,,,,,ttth,16,0
D01,7480202,7.0,,6.2,6.75,,,,,,,ttth,17,0
D01,7810103,6.75,,8.8,6.6,,,,,,,ttth,33,4
A00,7340101,,,,7.75,,,,7.0,7.2,,ttth,2,1
D01,7510202,6.0,,6.0,6.6,,,,,,,ttth,18,5
D01,7480201,8.0,,8.2,6.75,,,,,,,ttth,16,0
A00,7340301,,,,7.4,,,,7.25,8.25,,ttth,10,2
A00,7340101,,,,7.5,,,,7.75,8.0,,ttth,2,1
A00,7540106,,,,8.0,,,,6.5,6.5,,ttth,30,7
A00,7540101,,,,8.0,,,,7.75,8.0,,ttth,28,7
B00,7540101,,,,8.0,,,,,7.0,6.4,ttth,28,7
D07,7480201,,,8.0,7.2,,,,,7.5,,ttth,16,0
A00,7380107,,,,7.6,,,,6.75,7.75,,ttth,12,8
A00,7340120,,,,8.6,,,,7.5,8.5,,ttth,4,1
D01,7810201,8.0,,7.8,7.8,,,,,,,ttth,34,4
A00,7510301,,,,7.8,,,,5.5,5.5,,ttth,20,5
A00,7380107,,,,7.4,,,,7.75,7.75,,ttth,12,8
A00,7340120,,,,6.5,,,,7.5,7.4,,ttth,4,1
A01,7480201,,,8.6,8.0,,,,7.0,,,ttth,16,0
D01,7220204,6.8,,6.2,8.25,,,,,,,ttth,1,8
A00,7510202,,,,5.0,,,,6.5,7.2,,ttth,18,5
D01,7340115,6.6,,7.0,9.0,,,,,,,ttth,3,1
D01,7810202,6.4,,7.6,6.25,,,,,,,ttth,35,4
B00,7540106,,,,6.4,,,,,5.75,6.5,ttth,30,7
B00,7819010,,,,6.0,,,,,7.0,5.8,ttth,37,4
A00,7510202,,,,8.0,,,,6.25,7.25,,ttth,18,5
A01,7340201,,,8.0,7.8,,,,6.5,,,ttth,8,2
D01,7340101,6.2,,7.8,7.5,,,,,,,ttth,2,1
D01,7340101,6.6,,6.8,7.25,,,,,,,ttth,2,1
A00,7340115,,,,7.25,,,,8.25,8.6,,ttth,3,1
A00,7340120,,,,6.5,,,,8.25,8.4,,ttth,4,1
D01,7220204,7.08,,8.2,8.4,,,,,,,ttth,1,8
A00,7340201,,,,8.0,,,,6.5,8.5,,ttth,8,2
A00,7510401,,,,8.25,,,,8.75,8.0,,ttth,22,6
A01,7340120,,,9.2,7.4,,,,7.0,,,ttth,4,1
A00,7340115,,,,7.75,,,,7.75,7.8,,ttth,3,1
D01,7220204,6.2,,7.6,9.25,,,,,,,ttth,1,8
A00,7340120,,,,6.5,,,,8.25,7.0,,ttth,4,1
A00,7520115,,,,6.75,,,,6.25,8.4,,ttth,27,6
A00,7480202,,,,5.5,,,,7.25,7.6,,ttth,17,0
A01,7340115,,,7.4,6.5,,,,8.6,,,ttth,3,1
A00,7510301,,,,6.75,,,,8.25,6.8,,ttth,20,5
A01,7340115,,,8.4,7.75,,,,7.6,,,ttth,3,1
A01,7810103,,,8.8,6.6,,,,7.25,,,ttth,33,4
A00,7480202,,,,7.8,,,,6.5,7.5,,ttth,17,0
A00,7340201,,,,7.5,,,,8.75,7.6,,ttth,8,2
A00,7540204,,,,6.0,,,,6.75,6.8,,ttth,31,6
A00,7480201,,,,8.8,,,,7.5,6.75,,ttth,16,0
D01,7480201,6.6,,8.6,9.25,,,,,,,ttth,16,0
D01,7340101,7.0,,7.4,8.25,,,,,,,ttth,2,1
D01,7460108,5.6,,6.2,6.5,,,,,,,ttth,14,0
D01,7340115,8.6,,6.6,8.25,,,,,,,ttth,3,1
D01,7480201,8.6,,7.8,6.0,,,,,,,ttth,16,0
A00,7510202,,,,6.6,,,,7.0,7.5,,ttth,18,5
A00,7480201,,,,8.25,,,,7.75,8.4,,ttth,16,0
D15,7380107,8.0,6.4,8.25,,,,,,,,ttth,12,8
A01,7340101,,,9.2,7.6,,,,6.75,,,ttth,2,1
D01,7340201,6.8,,7.2,8.0,,,,,,,ttth,8,2
A00,7480201,,,,7.5,,,,7.25,8.0,,ttth,16,0
A00,7520115,,,,5.5,,,,5.75,5.8,,ttth,27,6
D01,7220204,8.25,,7.2,8.2,,,,,,,ttth,1,8
D01,7340301,7.0,,8.4,8.0,,,,,,,ttth,10,2
D01,7510202,7.25,,3.8,7.0,,,,,,,ttth,18,5
D01,7340129,6.4,,7.6,8.0,,,,,,,ttth,7,7
D01,7380107,6.0,,6.6,8.5,,,,,,,ttth,12,8
A00,7340115,,,,8.75,,,,8.25,7.0,,ttth,3,1
A00,7340101,,,,7.4,,,,8.25,7.75,,ttth,2,1
D01,7480201,7.4,,7.8,8.0,,,,,,,ttth,16,0
A01,7340120,,,8.6,8.4,,,,6.75,,,ttth,4,1
D01,7510203,4.75,,5.4,6.2,,,,,,,ttth,19,5
A00,7510401,,,,6.0,,,,6.25,6.6,,ttth,22,6
D07,7540204,,,5.8,7.6,,,,,5.5,,ttth,31,6
A00,7340115,,,,7.5,,,,8.25,8.0,,ttth,3,1
D01,7480201,6.0,,7.8,7.75,,,,,,,ttth,16,0
D01,7340101,7.6,,7.6,7.5,,,,,,,ttth,2,1
A00,7340301,,,,7.5,,,,7.0,8.6,,ttth,10,2
A00,7340301,,,,8.0,,,,6.5,7.6,,ttth,10,2
A00,7480201,,,,7.4,,,,7.5,7.5,,ttth,16,0
D01,7340205,5.0,,7.6,6.5,,,,,,,ttth,9,2
A00,7540101,,,,7.8,,,,8.25,8.0,,ttth,28,7
A00,7810202,,,,7.4,,,,7.75,7.5,,ttth,35,4
A00,7540101,,,,8.4,,,,8.0,8.5,,ttth,28,7
A00,7480201,,,,7.8,,,,7.0,7.25,,ttth,16,0
A00,7480201,,,,7.0,,,,8.25,7.4,,ttth,16,0
D01,7340301,7.25,,8.6,7.4,,,,,,,ttth,10,2
D01,7220204,6.6,,7.0,7.75,,,,,,,ttth,1,8
B00,7540101,,,,8.25,,,,,7.75,8.2,ttth,28,7
A01,7480202,,,7.6,6.75,,,,8.4,,,ttth,17,0
A01,7380107,,,8.6,7.5,,,,7.6,,,ttth,12,8
D01,7810103,7.6,,7.6,8.25,,,,,,,ttth,33,4
A00,7510202,,,,6.5,,,,7.0,7.0,,ttth,18,5
A00,7540101,,,,7.5,,,,8.5,7.2,,ttth,28,7
A00,7480201,,,,7.5,,,,7.5,8.4,,ttth,16,0
A00,7420201,,,,7.0,,,,5.0,5.75,,ttth,13,7
D01,7340120,6.8,,7.4,7.5,,,,,,,ttth,4,1
A00,7340201,,,,7.6,,,,7.75,7.5,,ttth,8,2
B00,7540106,,,,8.2,,,,,6.0,4.25,ttth,30,7
D01,7540204,7.5,,4.0,7.2,,,,,,,ttth,31,6
A00,7540101,,,,7.25,,,,7.25,6.8,,ttth,28,7
A00,7340101,,,,8.8,,,,8.25,7.5,,ttth,2,1
D01,7810201,6.6,,6.4,6.25,,,,,,,ttth,34,4
D07,7510203,,,7.4,6.5,,,,,7.2,,ttth,19,5
D01,7510203,3.6,,6.0,6.25,,,,,,,ttth,19,5
D01,7340120,6.6,,6.8,8.5,,,,,,,ttth,4,1
D01,7380107,8.75,,6.2,7.4,,,,,,,ttth,12,8
A00,7340101,,,,7.5,,,,6.75,7.2,,ttth,2,1
A00,7380107,,,,7.0,,,,7.75,6.25,,ttth,12,8
A00,7340120,,,,6.75,,,,7.5,8.0,,ttth,4,1
A00,7480201,,,,7.25,,,,8.0,7.8,,ttth,16,0
A00,7510301,,,,6.8,,,,6.75,6.5,,ttth,20,5
D01,7340120,7.8,,7.8,8.0,,,,,,,ttth,4,1
D01,7340115,8.8,,7.6,8.0,,,,,,,ttth,3,1
D09,7220204,,,6.4,8.25,,,6.6,,,,ttth,1,8
A00,7340101,,,,7.5,,,,8.0,7.8,,ttth,2,1
A00,7340115,,,,7.75,,,,7.75,7.4,,ttth,3,1
A00,7540106,,,,6.2,,,,7.0,6.5,,ttth,30,7
A01,7380107,,,9.0,7.0,,,,7.75,,,ttth,12,8
A00,7480201,,,,7.5,,,,7.5,8.0,,ttth,16,0
D01,7480202,6.0,,5.8,6.8,,,,,,,ttth,17,0
A00,7510203,,,,4.75,,,,5.25,6.8,,ttth,19,5
A00,7340201,,,,7.6,,,,7.75,8.0,,ttth,8,2
A01,7380107,,,6.4,7.5,,,,6.8,,,ttth,12,8
A00,7540106,,,,6.25,,,,7.25,6.4,,ttth,30,7
A00,7340201,,,,8.0,,,,6.75,8.0,,ttth,8,2
D01,7340205,5.2,,7.2,6.75,,,,,,,ttth,9,2
D01,7810103,7.25,,8.0,7.6,,,,,,,ttth,33,4
A01,7220204,,,7.4,8.0,,,,7.6,,,ttth,1,8
D01,7810202,7.0,,8.8,7.2,,,,,,,ttth,35,4
D01,7510301,4.4,,6.2,5.5,,,,,,,ttth,20,5
A00,7340301,,,,6.75,,,,6.5,8.0,,ttth,10,2
A00,7540101,,,,7.0,,,,8.0,8.0,,ttth,28,7
A01,7340301,,,8.6,7.0,,,,9.0,,,ttth,10,2
D09,7220204,,,8.6,7.0,,,7.6,,,,ttth,1,8
A00,7340201,,,,9.0,,,,8.0,7.5,,ttth,8,2
A00,7810201,,,,6.75,,,,7.5,7.2,,ttth,34,4
A00,7510303,,,,7.25,,,,7.5,7.4,,ttth,21,5
A00,7340120,,,,7.25,,,,7.5,7.8,,ttth,4,1
A01,7480201,,,8.0,7.5,,,,6.6,,,ttth,16,0
D01,7480202,5.75,,6.2,6.6,,,,,,,ttth,17,0
D15,7810201,7.5,4.4,8.25,,,,,,,,ttth,34,4
A00,7340201,,,,5.5,,,,7.25,8.0,,ttth,8,2
D01,7340201,7.25,,8.2,7.4,,,,,,,ttth,8,2
D01,7340301,6.0,,6.4,8.0,,,,,,,ttth,10,2
D01,7340205,6.6,,6.2,7.25,,,,,,,ttth,9,2
D01,7340115,7.0,,8.0,8.25,,,,,,,ttth,3,1
A00,7340120,,,,8.0,,,,7.5,8.0,,ttth,4,1
B00,7420201,,,,8.2,,,,,7.25,7.75,ttth,13,7
D01,7480201,8.25,,6.8,7.0,,,,,,,ttth,16,0
A00,7510203,,,,7.0,,,,7.75,7.0,,ttth,19,5
A00,7480202,,,,6.6,,,,5.5,6.25,,ttth,17,0
A01,7380107,,,7.6,7.8,,,,6.0,,,ttth,12,8
A00,7540101,,,,7.5,,,,8.25,7.4,,ttth,28,7
A00,7510203,,,,6.6,,,,4.0,6.5,,ttth,19,5
B00,7420201,,,,8.4,,,,,8.25,7.25,ttth,13,7
D15,7810202,6.75,4.2,7.5,,,,,,,,ttth,35,4
A00,7340301,,,,8.0,,,,7.0,7.2,,ttth,10,2
D01,7510301,8.0,,4.0,4.8,,,,,,,ttth,20,5
A01,7540101,,,8.4,7.5,,,,7.6,,,ttth,28,7
D07,7480201,,,7.2,7.75,,,,,8.2,,ttth,16,0
D01,7810202,8.2,,5.4,5.5,,,,,,,ttth,35,4
A00,7510301,,,,6.8,,,,5.5,4.75,,ttth,20,5
A00,7480201,,,,7.6,,,,7.25,8.5,,ttth,16,0
D01,7380107,7.25,,8.4,7.0,,,,,,,ttth,12,8
D01,7340120,6.6,,7.6,8.5,,,,,,,ttth,4,1
B00,7420201,,,,8.0,,,,,8.25,7.6,ttth,13,7
A00,7540101,,,,7.5,,,,8.25,7.2,,ttth,28,7
D01,7220204,6.6,,7.0,8.5,,,,,,,ttth,1,8
A00,7540106,,,,7.8,,,,6.5,7.0,,ttth,30,7
A01,7480201,,,8.2,6.25,,,,6.4,,,ttth,16,0
A00,7340129,,,,5.75,,,,8.0,8.0,,ttth,7,7
A00,7340201,,,,7.8,,,,7.75,7.0,,ttth,8,2
A00,7480201,,,,7.5,,,,7.75,8.0,,ttth,16,0
D09,7220204,,,7.0,8.0,,,7.4,,,,ttth,1,8
A01,7480201,,,7.2,7.75,,,,7.2,,,ttth,16,0
A00,7340101,,,,7.75,,,,7.5,7.8,,ttth,2,1
D01,7540204,7.25,,4.4,5.4,,,,,,,ttth,31,6
D01,7480202,7.8,,6.6,7.75,,,,,,,ttth,17,0
D01,7340201,7.2,,7.4,6.5,,,,,,,ttth,8,2
A00,7480201,,,,7.5,,,,7.75,8.0,,ttth,16,0
A00,7520115,,,,5.25,,,,6.5,6.8,,ttth,27,6
A00,7480201,,,,8.4,,,,5.75,8.25,,ttth,16,0
A00,7540204,,,,5.5,,,,6.25,5.8,,ttth,31,6
A00,7510401,,,,8.0,,,,5.75,4.75,,ttth,22,6
A01,7340301,,,8.4,7.0,,,,7.75,,,ttth,10,2
A00,7340301,,,,8.6,,,,7.25,7.25,,ttth,10,2
D01,7510202,4.2,,7.4,6.0,,,,,,,ttth,18,5
D01,7340115,6.2,,7.2,8.75,,,,,,,ttth,3,1
A00,7510303,,,,8.25,,,,8.0,7.4,,ttth,21,5
A01,7220201,,,9.2,7.0,,,,6.75,,,ttth,0,8
D07,7420201,,,8.4,6.75,,,,,7.8,,ttth,13,7
B00,7420201,,,,8.2,,,,,8.0,6.25,ttth,13,7
D01,7340129,8.0,,6.6,7.0,,,,,,,ttth,7,7
A00,7810202,,,,7.25,,,,7.5,8.2,,ttth,35,4
A00,7540101,,,,8.4,,,,7.75,8.0,,ttth,28,7
A00,7480201,,,,7.25,,,,7.75,7.8,,ttth,16,0
D01,7480202,7.25,,7.4,7.8,,,,,,,ttth,17,0
D01,7380107,8.0,,6.6,7.2,,,,,,,ttth,12,8
A00,7810201,,,,7.5,,,,7.75,8.2,,ttth,34,4
A01,7340120,,,8.2,8.0,,,,7.75,,,ttth,4,1
D01,7480201,8.4,,8.2,7.75,,,,,,,ttth,16,0
D01,7340115,8.6,,7.0,7.0,,,,,,,ttth,3,1
D07,7480201,,,8.4,8.25,,,,,7.0,,ttth,16,0
D01,7340123,5.6,,6.8,7.0,,,,,,,ttth,6,3
A00,7340120,,,,8.0,,,,7.0,8.5,,ttth,4,1
A00,7480201,,,,7.25,,,,6.5,7.4,,ttth,16,0
D01,7380107,6.2,,5.4,8.0,,,,,,,ttth,12,8
A00,7480201,,,,7.0,,,,8.25,7.4,,ttth,16,0
A00,7540106,,,,7.2,,,,5.5,7.5,,ttth,30,7
D01,7340201,6.8,,8.4,8.5,,,,,,,ttth,8,2
A01,7340201,,,7.4,7.25,,,,7.4,,,ttth,8,2
D01,7510301,7.25,,6.2,6.4,,,,,,,ttth,20,5
D07,7480202,,,8.6,6.75,,,,,8.4,,ttth,17,0
B00,7420201,,,,6.0,,,,,5.5,6.25,ttth,13,7
D01,7220201,7.2,,7.6,8.25,,,,,,,ttth,0,8
A01,7480202,,,8.8,7.8,,,,5.75,,,ttth,17,0
A01,7480201,,,8.4,6.0,,,,8.6,,,ttth,16,0
A01,7340120,,,8.2,8.0,,,,6.4,,,ttth,4,1
A01,7510202,,,7.8,6.5,,,,5.6,,,ttth,18,5
A00,7340115,,,,8.5,,,,7.5,7.6,,ttth,3,1
D01,7340101,7.0,,9.8,6.8,,,,,,,ttth,2,1
D07,7480202,,,8.8,6.6,,,,,6.5,,ttth,17,0
A01,7220201,,,8.0,7.75,,,,7.4,,,ttth,0,8
D07,7540101,,,7.8,8.0,,,,,7.6,,ttth,28,7
A01,7340101,,,8.8,7.8,,,,7.25,,,ttth,2,1
A00,7340120,,,,8.0,,,,7.25,7.75,,ttth,4,1
D01,7340120,6.75,,9.4,7.4,,,,,,,ttth,4,1
D01,7220204,5.6,,6.2,9.0,,,,,,,ttth,1,8
A00,7340120,,,,8.8,,,,8.25,8.25,,ttth,4,1
D01,7220204,8.25,,8.2,6.8,,,,,,,ttth,1,8
B00,7819009,,,,6.25,,,,,5.5,7.2,ttth,36,4
A00,7540106,,,,6.6,,,,7.25,7.0,,ttth,30,7
D01,7220204,8.0,,7.6,7.6,,,,,,,ttth,1,8
D01,7510202,5.4,,7.0,5.5,,,,,,,ttth,18,5
A00,7540106,,,,7.5,,,,6.75,6.0,,ttth,30,7
A00,7540105,,,,5.25,,,,6.75,5.8,,ttth,29,7
D01,7340123,5.4,,6.8,7.5,,,,,,,ttth,6,3
B00,7540101,,,,6.5,,,,,7.75,7.6,ttth,28,7
A01,7340101,,,8.8,7.8,,,,7.25,,,ttth,2,1
D01,7510303,4.4,,5.6,9.0,,,,,,,ttth,21,5
D01,7480202,6.75,,7.6,7.8,,,,,,,ttth,17,0
A00,7340115,,,,6.75,,,,7.5,8.0,,ttth,3,1
A00,7340115,,,,7.75,,,,8.25,7.6,,ttth,3,1
A00,7340301,,,,8.6,,,,7.25,8.0,,ttth,10,2
D01,7480201,6.75,,8.2,8.0,,,,,,,ttth,16,0
A00,7480201,,,,6.5,,,,7.5,8.0,,ttth,16,0
D09,7220204,,,8.4,6.6,,,8.0,,,,ttth,1,8
D01,7510202,5.5,,5.6,6.2,,,,,,,ttth,18,5
D01,7220201,7.75,,8.0,8.4,,,,,,,ttth,0,8
D01,7340115,8.0,,8.4,8.25,,,,,,,ttth,3,1
D01,7520115,3.0,,7.4,7.75,,,,,,,ttth,27,6
A00,7340101,,,,8.2,,,,7.25,8.0,,ttth,2,1
A00,7510301,,,,6.75,,,,7.5,7.2,,ttth,20,5
A00,7810202,,,,7.2,,,,7.25,8.0,,ttth,35,4
D01,7480202,7.0,,3.2,8.0,,,,,,,ttth,17,0
D01,7480202,5.5,,6.0,7.0,,,,,,,ttth,17,0
D01,7480202,8.2,,8.0,6.5,,,,,,,ttth,17,0
A00,7340101,,,,6.5,,,,7.25,7.2,,ttth,2,1
D01,7340129,6.4,,7.4,7.5,,,,,,,ttth,7,7
A01,7540106,,,7.6,7.2,,,,7.25,,,ttth,30,7
D01,7520115,7.0,,8.4,7.0,,,,,,,ttth,27,6
D01,7480201,7.5,,8.0,8.2,,,,,,,ttth,16,0
A00,7340101,,,,7.5,,,,7.25,8.0,,ttth,2,1
D01,7810201,5.2,,8.0,7.0,,,,,,,ttth,34,4
D01,7510301,7.8,,7.6,6.0,,,,,,,ttth,20,5
D07,7540101,,,8.2,6.5,,,,,8.8,,ttth,28,7
D15,7380107,7.75,5.8,6.5,,,,,,,,ttth,12,8
A00,7510301,,,,7.4,,,,5.5,5.75,,ttth,20,5
D15,7810202,6.25,6.6,7.5,,,,,,,,ttth,35,4
D01,7220201,8.0,,9.0,7.75,,,,,,,ttth,0,8
D01,7510301,6.0,,7.6,5.6,,,,,,,ttth,20,5
A00,7340115,,,,8.0,,,,7.5,6.6,,ttth,3,1
A00,7340301,,,,8.0,,,,7.5,8.4,,ttth,10,2
D01,7510303,6.75,,5.4,7.4,,,,,,,ttth,21,5
D09,7220201,,,7.8,7.75,,,9.0,,,,ttth,0,8
D01,7340120,5.6,,7.2,9.25,,,,,,,ttth,4,1
A00,7340115,,,,7.5,,,,8.25,8.2,,ttth,3,1
A00,7510203,,,,6.6,,,,4.75,5.0,,ttth,19,5
D01,7340201,7.8,,7.6,7.0,,,,,,,ttth,8,2
A00,7340120,,,,7.75,,,,7.0,7.4,,ttth,4,1
D01,7340301,8.2,,6.8,8.0,,,,,,,ttth,10,2
A00,7510301,,,,7.6,,,,4.5,6.0,,ttth,20,5
D01,7510301,6.0,,4.8,5.6,,,,,,,ttth,20,5
A00,7340101,,,,6.75,,,,7.5,7.0,,ttth,2,1
D01,7340301,5.4,,7.6,8.25,,,,,,,ttth,10,2
A00,7420201,,,,7.25,,,,7.5,7.8,,ttth,13,7
B00,7420201,,,,6.75,,,,,7.0,7.0,ttth,13,7
A00,7480201,,,,8.25,,,,8.25,7.6,,ttth,16,0
D01,7480201,7.75,,8.6,8.0,,,,,,,ttth,16,0
A01,7340129,,,8.6,7.6,,,,7.0,,,ttth,7,7
A00,7480201,,,,8.0,,,,7.0,8.0,,ttth,16,0
A00,7480202,,,,8.0,,,,6.75,6.5,,ttth,17,0
A00,7340201,,,,6.0,,,,7.5,8.2,,ttth,8,2
A00,7510202,,,,7.25,,,,6.5,7.6,,ttth,18,5
D01,7340122,7.0,,7.8,6.75,,,,,,,ttth,5,1
A00,7510303,,,,7.8,,,,6.25,5.75,,ttth,21,5
D01,7510202,6.2,,7.6,7.0,,,,,,,ttth,18,5
D01,7340301,5.8,,6.8,8.0,,,,,,,ttth,10,2
A00,7340201,,,,7.25,,,,7.0,7.0,,ttth,8,2
D01,7340129,7.0,,7.8,7.6,,,,,,,ttth,7,7
A00,7520115,,,,5.5,,,,6.75,6.8,,ttth,27,6
A00,7480202,,,,6.75,,,,7.75,8.8,,ttth,17,0
D01,7510202,7.2,,6.4,7.0,,,,,,,ttth,18,5
A01,7340301,,,7.2,8.0,,,,6.8,,,ttth,10,2
D01,7510303,6.75,,7.0,6.6,,,,,,,ttth,21,5
A01,7340201,,,6.4,6.5,,,,8.6,,,ttth,8,2
A00,7540106,,,,6.75,,,,6.25,6.4,,ttth,30,7
A00,7340201,,,,8.4,,,,6.25,7.75,,ttth,8,2
D01,7340120,8.6,,6.2,8.75,,,,,,,ttth,4,1
A00,7510301,,,,8.0,,,,7.25,8.2,,ttth,20,5
A00,7510303,,,,7.0,,,,6.25,6.0,,ttth,21,5
A00,7510303,,,,7.0,,,,7.0,8.2,,ttth,21,5
D01,7340201,7.4,,8.0,6.5,,,,,,,ttth,8,2
A00,7340301,,,,7.5,,,,8.75,7.2,,ttth,10,2
D01,7340101,5.2,,7.2,8.5,,,,,,,ttth,2,1
D01,7810202,9.0,,7.2,7.25,,,,,,,ttth,35,4
D15,7380107,5.5,8.0,6.0,,,,,,,,ttth,12,8
A00,7540101,,,,8.25,,,,6.75,8.4,,ttth,28,7
D01,7810201,7.25,,8.6,8.2,,,,,,,ttth,34,4
D01,7380107,7.2,,8.2,7.5,,,,,,,ttth,12,8
B00,7510401,,,,8.5,,,,,6.75,8.0,ttth,22,6
D01,7340115,7.25,,8.6,8.2,,,,,,,ttth,3,1
A00,7510303,,,,7.0,,,,8.25,7.2,,ttth,21,5
D07,7540101,,,7.2,8.4,,,,,8.75,,ttth,28,7
D01,7380107,8.25,,6.0,7.2,,,,,,,ttth,12,8
D01,7480202,7.2,,6.4,5.75,,,,,,,ttth,17,0
A01,7340301,,,7.8,8.0,,,,7.0,,,ttth,10,2
D01,7340205,7.8,,6.2,6.25,,,,,,,ttth,9,2
A00,7480201,,,,7.4,,,,7.0,7.5,,ttth,16,0
A00,7510303,,,,8.2,,,,6.25,6.75,,ttth,21,5
A00,7340115,,,,7.75,,,,8.5,8.4,,ttth,3,1
D01,7480202,5.5,,8.8,6.2,,,,,,,ttth,17,0
D01,7340201,7.0,,7.4,8.25,,,,,,,ttth,8,2
D01,7220201,7.75,,8.4,7.6,,,,,,,ttth,0,8
A00,7340201,,,,7.5,,,,8.0,8.4,,ttth,8,2
D01,7220201,7.25,,9.0,7.8,,,,,,,ttth,0,8
D01,7340301,7.0,,7.4,8.5,,,,,,,ttth,10,2
A00,7340301,,,,6.0,,,,7.25,6.4,,ttth,10,2
D01,7340101,6.8,,7.6,6.75,,,,,,,ttth,2,1
B00,7420201,,,,6.5,,,,,8.0,7.2,ttth,13,7
D01,7340120,8.4,,7.0,7.5,,,,,,,ttth,4,1
D01,7220204,9.0,,7.0,8.4,,,,,,,ttth,1,8
D01,7380107,7.8,,5.0,7.75,,,,,,,ttth,12,8
D01,7810103,4.2,,6.6,8.75,,,,,,,ttth,33,4
A00,7540204,,,,6.0,,,,5.0,6.5,,ttth,31,6
D01,7340301,8.0,,8.0,7.2,,,,,,,ttth,10,2
A01,7540106,,,7.4,6.0,,,,7.4,,,ttth,30,7
D01,7480201,7.2,,7.2,7.0,,,,,,,ttth,16,0
A00,7340115,,,,8.5,,,,8.5,7.8,,ttth,3,1
A00,7480201,,,,8.0,,,,7.75,7.8,,ttth,16,0
A00,7540106,,,,7.2,,,,8.0,7.0,,ttth,30,7
D01,7810201,6.2,,6.6,6.0,,,,,,,ttth,34,4
A00,7510401,,,,7.75,,,,7.5,7.4,,ttth,22,6
A01,7340115,,,7.6,8.0,,,,8.8,,,ttth,3,1
A00,7510401,,,,7.6,,,,5.25,8.75,,ttth,22,6
D01,7510202,6.6,,7.2,6.75,,,,,,,ttth,18,5
D01,7810103,8.25,,7.0,7.6,,,,,,,ttth,33,4
D01,7510203,7.0,,4.8,5.0,,,,,,,ttth,19,5
A01,7540101,,,8.8,8.4,,,,6.5,,,ttth,28,7
A00,7540101,,,,7.0,,,,7.5,6.8,,ttth,28,7
D01,7220204,7.25,,9.0,6.8,,,,,,,ttth,1,8
A00,7510301,,,,7.2,,,,7.25,6.25,,ttth,20,5
A01,7480201,,,8.0,8.8,,,,6.0,,,ttth,16,0
D01,7810202,7.6,,8.0,6.25,,,,,,,ttth,35,4
A00,7340201,,,,8.0,,,,6.75,7.8,,ttth,8,2
A00,7819010,,,,6.25,,,,5.75,6.8,,ttth,37,4
A00,7480201,,,,7.5,,,,7.5,8.8,,ttth,16,0
D01,7340201,7.0,,7.8,8.4,,,,,,,ttth,8,2
A01,7220204,,,7.6,8.4,,,,8.0,,,ttth,1,8
A00,7540105,,,,7.8,,,,6.75,6.25,,ttth,29,7
D07,7480202,,,6.8,6.5,,,,,7.0,,ttth,17,0
D01,7480201,7.0,,8.0,7.0,,,,,,,ttth,16,0
A00,7340115,,,,7.5,,,,8.0,8.2,,ttth,3,1
D01,7810202,8.5,,7.2,7.6,,,,,,,ttth,35,4
D01,7340101,7.75,,8.2,7.4,,,,,,,ttth,2,1
A00,7510303,,,,5.5,,,,4.5,6.6,,ttth,21,5
A00,7540101,,,,7.0,,,,7.25,6.8,,ttth,28,7
D01,7340115,6.0,,7.8,8.5,,,,,,,ttth,3,1
B00,7540101,,,,8.5,,,,,6.5,7.8,ttth,28,7
A00,7340120,,,,7.75,,,,7.75,8.0,,ttth,4,1
D01,7480201,7.0,,6.8,8.75,,,,,,,ttth,16,0
D01,7340201,5.2,,7.8,8.25,,,,,,,ttth,8,2
D07,7480201,,,7.2,7.75,,,,,8.4,,ttth,16,0
B00,7540101,,,,8.0,,,,,7.75,7.5,ttth,28,7
D01,7380107,7.0,,6.8,8.75,,,,,,,ttth,12,8
D01,7380107,7.8,,6.8,7.5,,,,,,,ttth,12,8
D01,7510301,7.25,,6.0,7.6,,,,,,,ttth,20,5
D01,7340120,7.0,,6.8,7.5,,,,,,,ttth,4,1
D01,7340120,7.2,,7.6,9.25,,,,,,,ttth,4,1
A00,7540101,,,,8.4,,,,8.0,8.0,,ttth,28,7
D07,7460108,,,6.8,5.25,,,,,6.0,,ttth,14,0
D01,7220201,7.75,,8.8,8.2,,,,,,,ttth,0,8
A00,7340201,,,,7.5,,,,8.5,7.6,,ttth,8,2
B00,7540101,,,,7.0,,,,,7.5,7.6,ttth,28,7
D01,7510301,4.0,,6.8,6.5,,,,,,,ttth,20,5
D01,7520115,7.4,,5.0,6.25,,,,,,,ttth,27,6
D01,7340301,6.4,,6.6,8.0,,,,,,,ttth,10,2
D01,7340115,7.4,,7.8,8.5,,,,,,,ttth,3,1
D01,7340115,5.8,,7.0,9.25,,,,,,,ttth,3,1
A00,7480201,,,,7.25,,,,8.75,8.4,,ttth,16,0
D01,7340115,7.8,,7.4,7.5,,,,,,,ttth,3,1
A00,7540105,,,,7.2,,,,6.5,6.5,,ttth,29,7
D01,7510202,4.2,,6.2,6.5,,,,,,,ttth,18,5
D09,7220201,,,7.2,8.0,,,8.4,,,,ttth,0,8
D01,7810202,7.0,,8.4,7.2,,,,,,,ttth,35,4
A00,7819009,,,,7.75,,,,6.5,6.6,,ttth,36,4
A00,7480201,,,,7.6,,,,7.5,8.75,,ttth,16,0
D01,7340120,7.8,,7.2,7.75,,,,,,,ttth,4,1
A00,7340115,,,,7.0,,,,7.75,7.8,,ttth,3,1
A00,7340120,,,,7.0,,,,8.25,8.0,,ttth,4,1
B00,7420201,,,,7.25,,,,,6.5,7.8,ttth,13,7
D01,7810201,6.0,,7.4,7.5,,,,,,,ttth,34,4
A00,7520115,,,,8.25,,,,7.0,7.8,,ttth,27,6
A00,7340123,,,,7.5,,,,6.25,6.6,,ttth,6,3
A01,7480201,,,6.8,7.0,,,,8.0,,,ttth,16,0
A00,7340205,,,,6.5,,,,6.5,7.8,,ttth,9,2
D01,7340201,7.5,,7.8,7.8,,,,,,,ttth,8,2
B00,7420201,,,,7.2,,,,,7.0,6.0,ttth,13,7
D01,7540204,5.2,,7.4,7.0,,,,,,,ttth,31,6
D01,7340101,7.0,,7.8,6.75,,,,,,,ttth,2,1
A00,7480201,,,,8.2,,,,7.75,7.5,,ttth,16,0
A00,7380107,,,,8.2,,,,7.0,6.75,,ttth,12,8
D01,7340201,7.0,,7.6,7.0,,,,,,,ttth,8,2
A00,7819010,,,,7.25,,,,6.5,7.6,,ttth,37,4
A00,7380107,,,,7.6,,,,7.0,7.0,,ttth,12,8
D01,7340129,4.6,,7.4,8.75,,,,,,,ttth,7,7
D09,7220201,,,6.2,8.0,,,7.8,,,,ttth,0,8
D01,7510203,5.2,,7.8,7.0,,,,,,,ttth,19,5
A00,7340201,,,,7.25,,,,8.75,7.6,,ttth,8,2
D01,7340301,4.8,,7.8,7.5,,,,,,,ttth,10,2
D09,7220204,,,8.0,8.75,,,7.6,,,,ttth,1,8
A00,7510202,,,,5.75,,,,7.0,7.0,,ttth,18,5
D01,7340120,8.6,,8.0,7.0,,,,,,,ttth,4,1
D01,7810201,5.2,,7.0,8.25,,,,,,,ttth,34,4
A00,7380107,,,,8.2,,,,6.0,7.5,,ttth,12,8
D01,7340115,7.75,,8.6,8.6,,,,,,,ttth,3,1
A01,7340120,,,8.0,7.8,,,,7.25,,,ttth,4,1
D01,7220204,8.75,,7.2,8.2,,,,,,,ttth,1,8
B00,7510401,,,,7.5,,,,,7.75,7.2,ttth,22,6
A00,7480201,,,,7.5,,,,8.25,8.6,,ttth,16,0
A00,7340115,,,,8.0,,,,8.0,7.6,,ttth,3,1
D01,7380107,7.5,,8.0,7.4,,,,,,,ttth,12,8
D01,7220204,6.25,,9.0,7.6,,,,,,,ttth,1,8
A00,7510203,,,,7.2,,,,7.75,6.25,,ttth,19,5
D01,7340201,8.4,,9.0,8.5,,,,,,,ttth,8,2
A00,7340120,,,,7.75,,,,8.25,8.0,,ttth,4,1
D07,7510303,,,7.8,7.5,,,,,7.6,,ttth,21,5
A00,7480201,,,,8.0,,,,7.0,7.5,,ttth,16,0
B00,7850101,,,,6.4,,,,,8.5,6.75,ttth,38,7
D01,7510303,6.0,,5.0,8.0,,,,,,,ttth,21,5
A00,7480201,,,,6.5,,,,7.5,8.2,,ttth,16,0
A01,7340115,,,8.2,6.5,,,,8.6,,,ttth,3,1
A00,7480201,,,,7.25,,,,6.0,7.8,,ttth,16,0
D01,7380107,8.25,,6.4,7.6,,,,,,,ttth,12,8
D01,7340201,6.5,,8.6,7.6,,,,,,,ttth,8,2
D01,7810202,7.5,,8.8,7.4,,,,,,,ttth,35,4
A01,7420201,,,4.8,5.8,,,,5.5,,,ttth,13,7
D01,7510202,7.0,,6.2,7.0,,,,,,,ttth,18,5
A00,7510303,,,,7.0,,,,7.25,6.8,,ttth,21,5
D01,7340301,7.0,,7.2,7.5,,,,,,,ttth,10,2
A00,7340301,,,,7.0,,,,7.75,6.6,,ttth,10,2
D01,7340201,7.75,,7.0,7.4,,,,,,,ttth,8,2
A00,7340301,,,,8.25,,,,8.0,7.2,,ttth,10,2
D01,7480201,8.0,,5.6,8.6,,,,,,,ttth,16,0
A00,7340101,,,,7.5,,,,6.5,7.2,,ttth,2,1
D01,7340123,7.75,,7.4,5.4,,,,,,,ttth,6,3
B00,7420201,,,,7.8,,,,,6.5,7.0,ttth,13,7
D15,7380107,7.75,5.6,7.25,,,,,,,,ttth,12,8
A01,7220201,,,7.8,6.5,,,,6.8,,,ttth,0,8
A00,7510303,,,,5.25,,,,7.25,7.2,,ttth,21,5
A00,7340120,,,,8.0,,,,8.0,7.6,,ttth,4,1
D01,7340301,7.0,,7.6,7.6,,,,,,,ttth,10,2
A01,7480201,,,9.0,7.2,,,,7.25,,,ttth,16,0
D01,7480201,6.25,,8.6,8.0,,,,,,,ttth,16,0
D01,7340115,9.0,,7.0,8.0,,,,,,,ttth,3,1
D01,7340101,6.0,,7.6,9.25,,,,,,,ttth,2,1
D01,7540204,5.75,,5.8,6.0,,,,,,,ttth,31,6
A00,7340301,,,,6.0,,,,6.75,7.8,,ttth,10,2
D01,7510301,3.8,,7.4,5.67,,,,,,,ttth,20,5
D01,7810202,7.6,,7.8,6.75,,,,,,,ttth,35,4
D15,7380107,7.0,7.6,8.0,,,,,,,,ttth,12,8
A00,7480202,,,,6.0,,,,5.5,7.8,,ttth,17,0
A00,7810201,,,,6.75,,,,8.25,8.2,,ttth,34,4
B00,7540101,,,,7.25,,,,,7.0,8.2,ttth,28,7
A00,7510303,,,,6.5,,,,6.25,6.0,,ttth,21,5
A00,7340115,,,,8.0,,,,7.75,7.4,,ttth,3,1
D01,7510303,7.5,,6.6,6.8,,,,,,,ttth,21,5
A00,7510301,,,,7.8,,,,3.75,5.25,,ttth,20,5
D07,7540101,,,7.4,7.25,,,,,6.8,,ttth,28,7
D07,7540106,,,7.4,7.75,,,,,6.8,,ttth,30,7
D01,7220204,7.2,,6.4,7.25,,,,,,,ttth,1,8
A01,7340115,,,9.0,7.25,,,,8.4,,,ttth,3,1
D15,7810201,7.0,6.6,5.25,,,,,,,,ttth,34,4
A00,7540101,,,,7.5,,,,8.0,8.2,,ttth,28,7
D01,7340101,6.6,,7.2,7.75,,,,,,,ttth,2,1
A00,7420201,,,,5.4,,,,6.75,5.5,,ttth,13,7
D01,7510303,7.25,,5.0,5.0,,,,,,,ttth,21,5
B00,7540106,,,,7.2,,,,,8.0,7.0,ttth,30,7
D01,7340115,8.8,,7.6,9.0,,,,,,,ttth,3,1
A01,7819010,,,8.2,7.0,,,,8.0,,,ttth,37,4
D01,7340129,8.4,,6.4,7.25,,,,,,,ttth,7,7
D01,7510301,8.4,,7.6,5.83,,,,,,,ttth,20,5
D01,7340129,7.25,,6.8,7.2,,,,,,,ttth,7,7
D01,7480202,7.5,,4.6,6.2,,,,,,,ttth,17,0
B00,7819009,,,,5.75,,,,,7.0,6.6,ttth,36,4
D01,7220201,8.0,,8.2,8.5,,,,,,,ttth,0,8
A00,7819010,,,,7.0,,,,6.5,6.4,,ttth,37,4
D01,7340101,5.8,,7.4,8.25,,,,,,,ttth,2,1
D01,7510301,6.0,,5.4,7.0,,,,,,,ttth,20,5
D01,7810201,7.5,,7.4,7.2,,,,,,,ttth,34,4
A01,7480202,,,7.2,7.75,,,,4.2,,,ttth,17,0
D01,7220201,8.6,,8.0,6.25,,,,,,,ttth,0,8
A01,7220204,,,8.2,8.4,,,,7.75,,,ttth,1,8
B00,7420201,,,,7.0,,,,,6.0,6.2,ttth,13,7
A01,7810202,,,8.6,7.0,,,,7.6,,,ttth,35,4
A01,7340301,,,7.8,6.75,,,,8.0,,,ttth,10,2
A01,7340115,,,8.4,6.75,,,,9.0,,,ttth,3,1
A00,7420201,,,,7.0,,,,5.5,7.5,,ttth,13,7
A00,7480201,,,,8.2,,,,6.5,7.5,,ttth,16,0
A00,7540105,,,,8.0,,,,7.0,5.75,,ttth,29,7
D07,7520115,,,7.8,5.75,,,,,6.4,,ttth,27,6
D15,7380107,7.5,5.2,7.5,,,,,,,,ttth,12,8
A00,7520115,,,,5.25,,,,6.5,5.4,,ttth,27,6
D01,7340301,7.5,,8.6,7.2,,,,,,,ttth,10,2
A01,7510303,,,8.0,7.5,,,,5.4,,,ttth,21,5
D01,7480201,7.0,,8.8,6.6,,,,,,,ttth,16,0
D07,7510303,,,7.0,7.8,,,,,7.25,,ttth,21,5
D15,7380107,7.25,5.0,8.0,,,,,,,,ttth,12,8
A00,7850101,,,,6.0,,,,6.0,6.0,,ttth,38,7
D01,7220201,7.42,,8.2,7.8,,,,,,,ttth,0,8
D01,7810103,5.6,,7.4,7.0,,,,,,,ttth,33,4
A00,7340301,,,,7.5,,,,5.75,8.0,,ttth,10,2
B00,7819010,,,,6.75,,,,,6.25,7.4,ttth,37,4
A00,7380107,,,,8.25,,,,6.75,7.6,,ttth,12,8
A01,7510301,,,7.8,6.75,,,,6.4,,,ttth,20,5
D01,7510202,6.0,,6.0,7.4,,,,,,,ttth,18,5
A00,7510303,,,,6.75,,,,6.75,7.6,,ttth,21,5
A00,7480201,,,,7.0,,,,8.75,7.6,,ttth,16,0
D01,7340129,7.0,,5.8,7.25,,,,,,,ttth,7,7
A01,7810103,,,7.4,7.8,,,,7.0,,,ttth,33,4
A00,7540106,,,,6.8,,,,6.0,5.5,,ttth,30,7
D01,7480202,7.6,,7.4,5.75,,,,,,,ttth,17,0
D01,7340120,7.4,,7.0,7.25,,,,,,,ttth,4,1
D01,7340201,6.2,,6.8,7.25,,,,,,,ttth,8,2
D01,7810201,7.0,,8.0,7.0,,,,,,,ttth,34,4
D07,7540105,,,7.0,5.75,,,,,7.4,,ttth,29,7
D07,7420201,,,8.2,6.2,,,,,5.75,,ttth,13,7
A00,7480201,,,,7.75,,,,8.5,7.4,,ttth,16,0
A00,7480201,,,,6.5,,,,8.25,7.0,,ttth,16,0
A00,7340205,,,,5.5,,,,5.75,7.0,,ttth,9,2
A00,7340129,,,,5.25,,,,6.25,7.6,,ttth,7,7
A00,7510202,,,,8.0,,,,5.75,7.5,,ttth,18,5
D01,7340301,8.0,,6.4,7.0,,,,,,,ttth,10,2
A00,7340201,,,,6.0,,,,8.0,8.0,,ttth,8,2
A00,7340101,,,,7.75,,,,7.0,7.6,,ttth,2,1
D01,7810201,6.4,,5.8,7.25,,,,,,,ttth,34,4
D01,7220204,7.0,,8.2,8.75,,,,,,,ttth,1,8
A00,7480201,,,,7.25,,,,7.75,8.0,,ttth,16,0
D01,7380107,6.8,,7.0,7.5,,,,,,,ttth,12,8
A00,7480202,,,,7.0,,,,7.75,8.2,,ttth,17,0
D01,7480202,6.75,,5.6,8.0,,,,,,,ttth,17,0
A00,7510303,,,,6.8,,,,6.5,5.75,,ttth,21,5
D01,7510303,4.4,,6.8,6.5,,,,,,,ttth,21,5
A00,7480202,,,,7.5,,,,7.25,7.4,,ttth,17,0
A00,7510301,,,,6.4,,,,6.5,7.25,,ttth,20,5
D01,7340301,7.25,,8.6,7.6,,,,,,,ttth,10,2
B00,7420201,,,,8.5,,,,,8.0,7.6,ttth,13,7
A00,7510203,,,,8.0,,,,8.25,7.8,,ttth,19,5
D07,7540101,,,8.6,8.2,,,,,7.75,,ttth,28,7
D01,7480201,7.4,,7.6,5.75,,,,,,,ttth,16,0
D01,7810201,7.0,,8.0,7.4,,,,,,,ttth,34,4
A01,7380107,,,7.4,7.5,,,,8.0,,,ttth,12,8
A01,7340101,,,8.4,8.2,,,,7.0,,,ttth,2,1
A00,7510303,,,,6.5,,,,6.25,6.6,,ttth,21,5
A01,7340201,,,9.0,7.8,,,,7.25,,,ttth,8,2
A01,7480201,,,7.4,8.5,,,,8.4,,,ttth,16,0
A01,7340201,,,9.2,8.4,,,,6.75,,,ttth,8,2
A00,7340120,,,,7.5,,,,8.0,8.2,,ttth,4,1
A01,7220201,,,8.8,7.75,,,,8.8,,,ttth,0,8
B00,7540101,,,,7.8,,,,,8.25,7.75,ttth,28,7
D01,7510303,6.2,,7.2,6.0,,,,,,,ttth,21,5
D01,7810202,6.2,,6.0,8.0,,,,,,,ttth,35,4
D01,7340120,8.0,,7.4,7.8,,,,,,,ttth,4,1
D01,7810103,6.0,,5.0,8.75,,,,,,,ttth,33,4
D07,7540101,,,8.2,7.0,,,,,7.6,,ttth,28,7
A01,7819009,,,6.0,5.25,,,,5.0,,,ttth,36,4
A01,7480201,,,8.0,7.5,,,,8.4,,,ttth,16,0
D01,7340301,9.0,,6.8,7.5,,,,,,,ttth,10,2
A01,7340101,,,7.4,7.0,,,,6.4,,,ttth,2,1
D01,7480201,8.6,,5.6,7.5,,,,,,,ttth,16,0
A01,7220201,,,8.2,7.5,,,,7.6,,,ttth,0,8
A01,7510303,,,8.6,7.6,,,,7.25,,,ttth,21,5
D01,7380107,7.25,,8.2,7.2,,,,,,,ttth,12,8
D01,7810103,6.2,,6.2,9.25,,,,,,,ttth,33,4
A00,7340301,,,,7.25,,,,8.0,8.0,,ttth,10,2
D01,7520115,5.6,,6.6,6.25,,,,,,,ttth,27,6
A00,7340120,,,,7.75,,,,7.25,8.2,,ttth,4,1
A00,7340101,,,,7.0,,,,7.75,8.0,,ttth,2,1
D01,7340301,7.2,,7.0,8.0,,,,,,,ttth,10,2
A00,7810103,,,,7.0,,,,7.75,7.0,,ttth,33,4
D01,7220204,6.2,,6.6,7.75,,,,,,,ttth,1,8
D01,7340205,6.2,,7.4,7.5,,,,,,,ttth,9,2
D01,7480201,7.5,,8.6,7.2,,,,,,,ttth,16,0
D01,7340115,8.8,,7.2,7.75,,,,,,,ttth,3,1
A00,7340301,,,,8.25,,,,6.25,7.0,,ttth,10,2
A00,7480201,,,,8.4,,,,7.25,8.0,,ttth,16,0
A01,7480201,,,7.4,7.0,,,,6.8,,,ttth,16,0
A00,7480201,,,,8.2,,,,6.5,8.25,,ttth,16,0
A00,7510203,,,,7.5,,,,7.75,7.6,,ttth,19,5
D01,7340129,6.75,,6.4,7.0,,,,,,,ttth,7,7
D07,7540106,,,6.8,7.5,,,,,7.2,,ttth,30,7
A00,7510203,,,,6.8,,,,5.75,5.5,,ttth,19,5
A00,7380107,,,,6.25,,,,8.5,7.8,,ttth,12,8
D01,7510202,4.4,,8.0,5.75,,,,,,,ttth,18,5
A01,7510203,,,6.4,6.0,,,,4.25,,,ttth,19,5
A00,7510303,,,,6.2,,,,6.0,5.0,,ttth,21,5
A00,7810103,,,,6.5,,,,7.75,7.8,,ttth,33,4
A00,7540106,,,,7.25,,,,7.25,7.4,,ttth,30,7
A01,7220201,,,6.6,6.75,,,,8.8,,,ttth,0,8
D01,7480201,8.4,,7.8,6.25,,,,,,,ttth,16,0
A00,7540101,,,,7.75,,,,8.0,8.4,,ttth,28,7
D15,7810202,7.0,6.2,8.5,,,,,,,,ttth,35,4
D01,7340120,7.0,,8.4,8.2,,,,,,,ttth,4,1
A00,7340101,,,,8.2,,,,7.25,7.75,,ttth,2,1
A01,7510301,,,7.6,6.0,,,,8.2,,,ttth,20,5
D09,7220201,,,6.8,8.5,,,7.6,,,,ttth,0,8
D01,7510202,6.0,,6.2,4.6,,,,,,,ttth,18,5
A00,7480201,,,,7.0,,,,6.75,7.4,,ttth,16,0
D01,7340201,6.4,,7.2,7.5,,,,,,,ttth,8,2
A01,7810201,,,9.4,8.0,,,,5.75,,,ttth,34,4
D01,7340115,7.6,,8.2,8.75,,,,,,,ttth,3,1
D01,7480201,5.2,,7.8,7.5,,,,,,,ttth,16,0
A00,7340301,,,,7.25,,,,6.25,7.2,,ttth,10,2
D01,7480201,7.5,,7.4,7.6,,,,,,,ttth,16,0
A00,7340120,,,,7.25,,,,7.0,7.2,,ttth,4,1
D01,7340115,7.25,,9.0,8.0,,,,,,,ttth,3,1
D15,7810202,6.75,4.2,8.0,,,,,,,,ttth,35,4
D01,7340201,7.6,,7.0,7.0,,,,,,,ttth,8,2
D01,7340120,8.2,,7.4,8.0,,,,,,,ttth,4,1
A00,7510203,,,,8.8,,,,6.5,7.75,,ttth,19,5
D01,7480201,5.0,,7.2,8.5,,,,,,,ttth,16,0
D01,7340115,7.8,,7.0,7.75,,,,,,,ttth,3,1
A01,7340120,,,8.0,8.0,,,,8.25,,,ttth,4,1
A00,7540106,,,,6.5,,,,7.75,7.2,,ttth,30,7
A00,7810103,,,,6.0,,,,6.25,6.6,,ttth,33,4
A00,7480201,,,,7.0,,,,7.0,7.6,,ttth,16,0
D01,7510202,8.5,,3.0,5.2,,,,,,,ttth,18,5
D01,7340101,7.0,,9.0,8.0,,,,,,,ttth,2,1
A00,7340201,,,,8.2,,,,8.0,8.0,,ttth,8,2
A01,7340101,,,7.6,7.25,,,,7.2,,,ttth,2,1
D07,7819010,,,6.6,6.5,,,,,4.4,,ttth,37,4
A01,7380107,,,8.6,7.2,,,,7.5,,,ttth,12,8
A00,7380107,,,,7.5,,,,7.5,7.4,,ttth,12,8
A00,7340115,,,,7.5,,,,8.5,7.8,,ttth,3,1
A01,7480201,,,9.0,7.6,,,,6.5,,,ttth,16,0
D01,7340120,6.6,,7.8,7.75,,,,,,,ttth,4,1
D01,7380107,6.2,,6.4,7.5,,,,,,,ttth,12,8
D01,7340101,6.4,,8.4,8.5,,,,,,,ttth,2,1
A01,7510303,,,7.8,6.4,,,,3.5,,,ttth,21,5
A00,7510303,,,,7.75,,,,6.5,7.0,,ttth,21,5
D01,7340101,6.75,,9.0,8.4,,,,,,,ttth,2,1
D01,7810201,8.0,,7.8,6.0,,,,,,,ttth,34,4
A00,7480201,,,,7.0,,,,6.75,7.2,,ttth,16,0
A00,7540101,,,,7.25,,,,6.0,7.8,,ttth,28,7
A01,7340120,,,8.6,8.0,,,,7.25,,,ttth,4,1
A01,7510303,,,7.6,6.75,,,,3.6,,,ttth,21,5
A00,7340101,,,,7.5,,,,7.25,8.0,,ttth,2,1
A00,7480201,,,,7.5,,,,6.25,7.4,,ttth,16,0
A00,7510303,,,,6.6,,,,5.25,5.75,,ttth,21,5
D01,7220204,8.25,,7.4,7.8,,,,,,,ttth,1,8
A00,7340120,,,,7.25,,,,7.5,8.2,,ttth,4,1
D07,7510203,,,7.2,7.75,,,,,6.6,,ttth,19,5
A00,7850101,,,,7.6,,,,5.25,8.25,,ttth,38,7
D01,7340115,8.4,,7.4,7.75,,,,,,,ttth,3,1
B00,7540106,,,,6.5,,,,,6.5,7.2,ttth,30,7
A00,7340301,,,,7.6,,,,7.0,8.0,,ttth,10,2
D01,7220201,8.0,,6.4,7.25,,,,,,,ttth,0,8
B00,7420201,,,,7.0,,,,,5.5,5.0,ttth,13,7
A00,7510303,,,,6.5,,,,7.75,7.8,,ttth,21,5
B00,7510401,,,,7.5,,,,,7.5,7.8,ttth,22,6
A00,7540105,,,,8.2,,,,6.25,5.75,,ttth,29,7
D01,7380107,6.2,,5.8,7.25,,,,,,,ttth,12,8
A00,7540106,,,,6.6,,,,5.0,6.75,,ttth,30,7
A00,7540101,,,,8.6,,,,7.75,8.25,,ttth,28,7
D07,7510203,,,7.4,7.0,,,,,5.6,,ttth,19,5
D07,7540101,,,9.0,8.2,,,,,8.0,,ttth,28,7
A00,7380107,,,,7.6,,,,6.5,8.0,,ttth,12,8
D01,7810103,8.25,,7.6,7.4,,,,,,,ttth,33,4
D01,7480201,8.0,,8.0,7.8,,,,,,,ttth,16,0
A00,7510203,,,,6.5,,,,7.5,7.0,,ttth,19,5
D01,7340101,7.2,,6.8,7.75,,,,,,,ttth,2,1
D01,7340115,8.2,,8.2,7.67,,,,,,,ttth,3,1
D01,7480202,7.8,,8.2,7.0,,,,,,,ttth,17,0
B00,7420201,,,,7.0,,,,,5.25,6.25,ttth,13,7
D01,7340120,6.4,,8.4,8.25,,,,,,,ttth,4,1
A00,7340129,,,,8.2,,,,7.0,7.0,,ttth,7,7
D01,7340101,7.75,,8.4,7.6,,,,,,,ttth,2,1
D01,7340115,7.0,,7.4,9.25,,,,,,,ttth,3,1
A00,7340301,,,,7.75,,,,8.5,8.0,,ttth,10,2
A00,7340201,,,,6.5,,,,8.5,8.2,,ttth,8,2
A01,7510303,,,7.6,6.75,,,,7.6,,,ttth,21,5
B00,7819010,,,,4.75,,,,,6.0,6.0,ttth,37,4
D01,7480201,7.5,,6.8,8.0,,,,,,,ttth,16,0
A00,7340101,,,,7.25,,,,8.25,7.6,,ttth,2,1
A00,7480201,,,,7.25,,,,8.25,8.2,,ttth,16,0
D01,7220201,8.4,,5.8,6.75,,,,,,,ttth,0,8
A00,7420201,,,,6.75,,,,6.75,7.6,,ttth,13,7
D01,7520115,5.2,,7.0,6.0,,,,,,,ttth,27,6
B00,7540106,,,,6.4,,,,,6.75,6.25,ttth,30,7
D01,7340120,6.8,,8.0,8.25,,,,,,,ttth,4,1
D01,7510203,6.5,,5.2,6.6,,,,,,,ttth,19,5
A01,7340101,,,6.6,8.0,,,,7.2,,,ttth,2,1
A00,7340101,,,,7.25,,,,7.5,7.8,,ttth,2,1
A00,7480201,,,,9.0,,,,8.25,7.25,,ttth,16,0
D01,7480201,7.75,,6.6,8.2,,,,,,,ttth,16,0
D01,7510303,5.5,,5.4,7.2,,,,,,,ttth,21,5
A01,7510202,,,7.0,6.25,,,,4.4,,,ttth,18,5
A00,7340101,,,,7.25,,,,7.5,9.0,,ttth,2,1
D01,7380107,4.8,,7.0,7.25,,,,,,,ttth,12,8
A00,7340201,,,,7.75,,,,6.5,7.2,,ttth,8,2
A00,7340115,,,,8.5,,,,8.0,8.4,,ttth,3,1
D01,7340129,6.2,,7.2,8.75,,,,,,,ttth,7,7
A00,7510301,,,,7.8,,,,5.75,6.0,,ttth,20,5
A00,7480201,,,,8.5,,,,7.75,7.2,,ttth,16,0
A00,7340115,,,,8.5,,,,7.25,8.0,,ttth,3,1
A00,7520115,,,,6.0,,,,6.5,6.6,,ttth,27,6
A00,7340201,,,,9.0,,,,8.25,8.0,,ttth,8,2
A00,7340115,,,,7.75,,,,8.25,8.0,,ttth,3,1
A00,7510303,,,,8.0,,,,6.5,6.0,,ttth,21,5
B00,7420201,,,,8.0,,,,,8.0,7.5,ttth,13,7
A01,7340201,,,6.6,8.4,,,,8.0,,,ttth,8,2
A01,7220201,,,8.2,7.0,,,,8.6,,,ttth,0,8
D01,7510202,6.08,,7.4,6.2,,,,,,,ttth,18,5
A00,7340301,,,,7.5,,,,8.0,8.2,,ttth,10,2
A00,7540101,,,,7.5,,,,9.0,8.0,,ttth,28,7
D07,7510303,,,6.6,6.75,,,,,4.2,,ttth,21,5
D01,7220204,8.0,,7.4,7.5,,,,,,,ttth,1,8
A00,7510301,,,,6.5,,,,6.75,8.0,,ttth,20,5
A00,7480202,,,,6.75,,,,8.25,8.0,,ttth,17,0
A01,7520115,,,4.6,6.75,,,,6.2,,,ttth,27,6
A00,7510203,,,,6.75,,,,7.0,8.0,,ttth,19,5
A00,7340205,,,,6.5,,,,8.0,5.6,,ttth,9,2
D01,7520115,5.2,,7.2,6.25,,,,,,,ttth,27,6
D15,7380107,7.0,7.0,8.75,,,,,,,,ttth,12,8
A00,7510202,,,,6.75,,,,5.5,6.4,,ttth,18,5
A00,7510301,,,,6.4,,,,6.0,4.75,,ttth,20,5
A00,7480202,,,,6.25,,,,7.25,7.6,,ttth,17,0
A00,7340120,,,,6.25,,,,7.5,7.4,,ttth,4,1
D01,7340123,6.2,,7.4,7.0,,,,,,,ttth,6,3
D07,7480201,,,8.4,7.25,,,,,7.6,,ttth,16,0
A00,7520115,,,,5.75,,,,6.5,5.4,,ttth,27,6
D01,7220201,8.75,,8.8,7.2,,,,,,,ttth,0,8
B00,7420201,,,,7.75,,,,,7.75,8.0,ttth,13,7
D01,7340201,7.75,,8.6,7.2,,,,,,,ttth,8,2
A00,7340129,,,,6.0,,,,7.5,6.6,,ttth,7,7
A00,7510303,,,,8.4,,,,7.75,7.25,,ttth,21,5
D01,7340115,8.0,,7.6,8.0,,,,,,,ttth,3,1
D01,7340122,7.8,,7.0,8.0,,,,,,,ttth,5,1
A01,7480201,,,8.6,7.25,,,,7.8,,,ttth,16,0
A00,7480201,,,,6.5,,,,7.25,8.4,,ttth,16,0
D01,7220201,9.0,,8.8,7.4,,,,,,,ttth,0,8
D01,7340123,6.2,,5.4,7.0,,,,,,,ttth,6,3
D01,7540204,5.0,,4.4,7.0,,,,,,,ttth,31,6
B00,7819009,,,,6.0,,,,,6.5,7.2,ttth,36,4
D01,7340201,7.25,,7.4,8.2,,,,,,,ttth,8,2
D01,7220201,7.0,,8.8,8.0,,,,,,,ttth,0,8
A01,7340122,,,7.6,7.5,,,,7.2,,,ttth,5,1
D01,7810202,7.5,,6.6,8.2,,,,,,,ttth,35,4
B00,7540101,,,,7.0,,,,,7.0,8.2,ttth,28,7
D01,7340101,6.6,,8.2,7.5,,,,,,,ttth,2,1
A01,7420201,,,8.0,6.75,,,,7.2,,,ttth,13,7
A00,7340120,,,,7.5,,,,8.0,7.6,,ttth,4,1
A00,7480201,,,,7.5,,,,7.5,8.0,,ttth,16,0
A00,7510303,,,,6.6,,,,5.75,5.5,,ttth,21,5
D07,7480201,,,9.0,8.6,,,,,7.5,,ttth,16,0
A00,7480201,,,,7.0,,,,8.5,8.6,,ttth,16,0
A00,7510303,,,,6.5,,,,5.75,7.2,,ttth,21,5
D07,7510406,,,7.8,5.0,,,,,7.0,,ttth,24,7
D01,7340129,7.25,,6.2,6.8,,,,,,,ttth,7,7
A01,7480201,,,8.0,7.5,,,,6.4,,,ttth,16,0
A01,7340115,,,7.6,6.25,,,,8.6,,,ttth,3,1
A00,7810201,,,,7.8,,,,7.75,7.75,,ttth,34,4
D07,7480201,,,6.6,8.4,,,,,7.75,,ttth,16,0
D07,7480202,,,8.0,7.25,,,,,6.6,,ttth,17,0
A01,7380107,,,7.6,6.25,,,,6.2,,,ttth,12,8
D01,7380107,7.8,,7.4,6.5,,,,,,,ttth,12,8
A00,7340301,,,,7.25,,,,8.25,7.6,,ttth,10,2
D01,7340120,7.0,,6.8,8.5,,,,,,,ttth,4,1
A01,7220201,,,7.8,8.25,,,,7.6,,,ttth,0,8
D07,7540101,,,7.8,8.2,,,,,9.0,,ttth,28,7
B00,7540101,,,,8.25,,,,,7.5,7.6,ttth,28,7
A01,7810202,,,7.4,8.0,,,,8.0,,,ttth,35,4
A01,7480201,,,7.8,8.4,,,,6.75,,,ttth,16,0
A00,7340120,,,,8.4,,,,7.75,7.25,,ttth,4,1
A00,7480201,,,,7.0,,,,8.25,7.4,,ttth,16,0
A01,7850101,,,6.8,5.25,,,,4.8,,,ttth,38,7
D07,7480201,,,7.8,8.5,,,,,7.6,,ttth,16,0
A01,7340120,,,9.2,8.6,,,,7.25,,,ttth,4,1
A00,7340201,,,,6.75,,,,8.0,8.2,,ttth,8,2
A00,7380107,,,,7.75,,,,7.25,8.2,,ttth,12,8
A01,7380107,,,6.6,8.4,,,,8.75,,,ttth,12,8
D01,7340101,8.2,,6.6,7.25,,,,,,,ttth,2,1
A00,7340101,,,,8.6,,,,7.25,8.5,,ttth,2,1
D01,7340123,4.4,,5.6,6.0,,,,,,,ttth,6,3
A00,7340101,,,,7.25,,,,7.25,7.2,,ttth,2,1
A00,7510406,,,,4.75,,,,6.25,5.8,,ttth,24,7
D01,7380107,8.0,,7.6,7.2,,,,,,,ttth,12,8
A01,7420201,,,7.8,7.25,,,,8.4,,,ttth,13,7
A00,7510202,,,,6.25,,,,6.25,7.2,,ttth,18,5
A00,7480202,,,,4.75,,,,6.5,7.6,,ttth,17,0
A00,7340301,,,,7.0,,,,6.75,8.2,,ttth,10,2
D07,7540101,,,7.2,6.5,,,,,8.2,,ttth,28,7
A01,7220201,,,7.0,7.25,,,,8.2,,,ttth,0,8
A01,7340201,,,7.6,8.6,,,,7.0,,,ttth,8,2
A01,7480201,,,8.0,7.5,,,,7.8,,,ttth,16,0
A00,7810201,,,,8.0,,,,7.25,8.25,,ttth,34,4
A00,7510303,,,,7.0,,,,7.5,7.2,,ttth,21,5
A00,7340301,,,,8.0,,,,7.5,6.75,,ttth,10,2
D01,7810202,8.0,,6.4,8.2,,,,,,,ttth,35,4
A01,7340120,,,8.8,8.0,,,,8.0,,,ttth,4,1
D01,7810202,7.75,,7.2,7.8,,,,,,,ttth,35,4
A01,7510303,,,4.2,8.2,,,,8.25,,,ttth,21,5
D01,7340301,5.6,,6.2,8.25,,,,,,,ttth,10,2
A00,7340129,,,,5.25,,,,6.5,7.0,,ttth,7,7
A00,7380107,,,,7.6,,,,7.0,7.25,,ttth,12,8
A00,7340115,,,,8.0,,,,8.5,7.4,,ttth,3,1
A00,7340115,,,,8.8,,,,6.5,8.5,,ttth,3,1
A01,7510301,,,7.0,6.25,,,,7.6,,,ttth,20,5
D01,7340101,8.2,,6.8,8.0,,,,,,,ttth,2,1
D01,7340122,7.0,,7.8,7.75,,,,,,,ttth,5,1
D01,7510202,6.6,,7.2,5.75,,,,,,,ttth,18,5
D01,7810201,6.0,,6.6,7.75,,,,,,,ttth,34,4
D07,7540106,,,7.4,9.0,,,,,6.8,,ttth,30,7
A00,7510401,,,,5.5,,,,6.25,6.6,,ttth,22,6
A01,7810201,,,8.6,8.2,,,,6.75,,,ttth,34,4
A00,7850101,,,,5.75,,,,5.5,7.0,,ttth,38,7
D01,7340123,5.6,,6.4,7.0,,,,,,,ttth,6,3
D01,7340101,8.0,,8.0,7.6,,,,,,,ttth,2,1
A00,7420201,,,,7.5,,,,6.75,7.8,,ttth,13,7
B00,7420201,,,,6.0,,,,,8.0,5.75,ttth,13,7
A01,7480201,,,9.2,8.0,,,,7.25,,,ttth,16,0
D01,7480201,6.0,,8.2,7.0,,,,,,,ttth,16,0
A00,7510401,,,,5.0,,,,6.5,6.8,,ttth,22,6
D01,7480202,6.2,,7.4,8.25,,,,,,,ttth,17,0
B00,7540101,,,,8.2,,,,,7.75,8.25,ttth,28,7
A00,7510303,,,,5.5,,,,7.0,7.0,,ttth,21,5
A01,7340115,,,7.6,7.25,,,,7.2,,,ttth,3,1
D01,7340201,7.75,,8.6,6.8,,,,,,,ttth,8,2
D07,7420201,,,8.2,8.25,,,,,7.0,,ttth,13,7
A00,7340115,,,,7.75,,,,7.75,8.0,,ttth,3,1
D01,7340122,8.0,,6.4,7.75,,,,,,,ttth,5,1
A00,7480201,,,,8.2,,,,7.5,7.5,,ttth,16,0
A01,7510303,,,7.4,6.75,,,,7.8,,,ttth,21,5
D01,7510301,7.25,,5.8,7.2,,,,,,,ttth,20,5
A01,7220201,,,7.8,6.0,,,,7.4,,,ttth,0,8
D01,7220201,7.4,,6.4,8.0,,,,,,,ttth,0,8
A00,7340123,,,,7.5,,,,6.75,7.8,,ttth,6,3
A00,7480201,,,,9.2,,,,7.5,8.0,,ttth,16,0
A00,7480201,,,,8.25,,,,7.75,7.8,,ttth,16,0
A00,7510203,,,,6.0,,,,7.75,8.2,,ttth,19,5
D01,7540204,3.6,,4.8,7.5,,,,,,,ttth,31,6
A01,7480201,,,8.2,7.8,,,,6.75,,,ttth,16,0
A00,7340120,,,,6.5,,,,7.25,7.6,,ttth,4,1
D01,7340120,7.6,,7.2,8.75,,,,,,,ttth,4,1
A00,7480201,,,,8.6,,,,6.5,7.0,,ttth,16,0
A00,7340129,,,,6.75,,,,7.0,7.6,,ttth,7,7
A00,7540106,,,,6.4,,,,3.75,7.75,,ttth,30,7
D01,7380107,7.0,,6.2,7.5,,,,,,,ttth,12,8
A01,7340115,,,8.8,8.4,,,,7.75,,,ttth,3,1
A01,7480201,,,7.6,8.4,,,,7.75,,,ttth,16,0
A00,7340115,,,,7.8,,,,7.25,8.5,,ttth,3,1
A00,7520115,,,,7.25,,,,7.5,7.2,,ttth,27,6
A01,7480201,,,8.2,8.75,,,,7.6,,,ttth,16,0
A00,7340129,,,,7.2,,,,6.5,6.5,,ttth,7,7
D01,7340115,7.6,,7.6,8.75,,,,,,,ttth,3,1
A00,7340201,,,,7.75,,,,7.25,7.8,,ttth,8,2
D01,7340201,8.25,,7.8,7.2,,,,,,,ttth,8,2
A00,7510401,,,,8.6,,,,5.25,7.0,,ttth,22,6
B00,7510401,,,,6.0,,,,,5.75,7.6,ttth,22,6
D01,7380107,7.4,,7.4,7.5,,,,,,,ttth,12,8
B00,7420201,,,,7.6,,,,,7.25,7.25,ttth,13,7
A00,7480202,,,,7.5,,,,7.25,8.0,,ttth,17,0
D01,7340101,8.4,,7.6,7.5,,,,,,,ttth,2,1
A00,7380107,,,,5.75,,,,7.25,7.0,,ttth,12,8
A00,7480201,,,,7.0,,,,8.25,7.2,,ttth,16,0
A00,7480201,,,,7.5,,,,7.0,7.0,,ttth,16,0
B00,7510401,,,,7.0,,,,,8.0,7.5,ttth,22,6
D01,7810103,7.6,,6.8,5.75,,,,,,,ttth,33,4
D07,7480201,,,8.6,7.6,,,,,8.0,,ttth,16,0
A00,7340120,,,,8.75,,,,7.5,7.8,,ttth,4,1
A00,7819010,,,,7.25,,,,7.25,7.2,,ttth,37,4
D01,7220201,8.0,,7.2,7.25,,,,,,,ttth,0,8
D15,7810103,7.25,7.2,7.5,,,,,,,,ttth,33,4
A00,7540105,,,,7.5,,,,6.0,8.0,,ttth,29,7
A00,7340301,,,,7.6,,,,7.25,8.25,,ttth,10,2
A00,7510303,,,,7.0,,,,6.0,5.0,,ttth,21,5
D01,7810202,8.25,,8.2,6.6,,,,,,,ttth,35,4
A01,7510301,,,7.6,6.5,,,,5.6,,,ttth,20,5
D01,7340115,6.6,,7.6,8.25,,,,,,,ttth,3,1
A01,7340201,,,8.4,8.4,,,,7.5,,,ttth,8,2
A01,7540105,,,5.6,5.6,,,,5.75,,,ttth,29,7
A00,7340201,,,,7.6,,,,8.0,8.0,,ttth,8,2
A01,7220201,,,9.0,8.2,,,,7.0,,,ttth,0,8
D01,7540204,6.75,,6.8,7.4,,,,,,,ttth,31,6
A00,7340201,,,,6.5,,,,8.5,7.6,,ttth,8,2
A01,7340101,,,8.2,7.8,,,,8.25,,,ttth,2,1
D07,7510303,,,7.0,6.75,,,,,6.8,,ttth,21,5
D01,7510203,5.25,,4.8,5.6,,,,,,,ttth,19,5
D01,7810201,7.6,,5.8,8.0,,,,,,,ttth,34,4
D01,7340101,8.4,,7.4,6.0,,,,,,,ttth,2,1
A01,7340115,,,6.8,7.0,,,,8.2,,,ttth,3,1
D01,7340129,5.6,,6.4,8.0,,,,,,,ttth,7,7
A01,7220201,,,7.6,7.25,,,,8.6,,,ttth,0,8
A00,7480201,,,,8.6,,,,7.75,7.25,,ttth,16,0
A00,7540105,,,,8.4,,,,8.25,8.25,,ttth,29,7
D01,7480201,5.4,,8.0,8.5,,,,,,,ttth,16,0
A00,7340101,,,,7.5,,,,8.0,6.8,,ttth,2,1
D01,7380107,7.0,,6.4,7.4,,,,,,,ttth,12,8
A00,7340120,,,,8.0,,,,7.75,7.6,,ttth,4,1
A00,7340122,,,,7.0,,,,7.5,7.8,,ttth,5,1
A00,7340101,,,,8.2,,,,8.0,7.75,,ttth,2,1
D01,7480201,8.0,,5.6,7.5,,,,,,,ttth,16,0
A00,7540106,,,,6.6,,,,7.0,7.5,,ttth,30,7
A01,7340201,,,8.0,7.5,,,,6.2,,,ttth,8,2
A00,7380107,,,,7.75,,,,7.0,7.8,,ttth,12,8
A01,7810201,,,7.6,7.5,,,,7.4,,,ttth,34,4
B00,7420201,,,,6.6,,,,,5.25,5.25,ttth,13,7
D01,7340101,6.2,,7.4,8.25,,,,,,,ttth,2,1
A01,7340101,,,7.4,7.5,,,,7.8,,,ttth,2,1
A00,7340129,,,,6.8,,,,7.5,7.5,,ttth,7,7
A00,7510202,,,,6.5,,,,7.5,6.6,,ttth,18,5
A00,7340129,,,,7.25,,,,6.75,8.0,,ttth,7,7
A01,7340120,,,8.0,7.75,,,,8.2,,,ttth,4,1
D01,7340115,7.4,,8.2,8.5,,,,,,,ttth,3,1
D01,7380107,7.5,,6.4,8.0,,,,,,,ttth,12,8
A00,7540101,,,,6.75,,,,7.75,7.4,,ttth,28,7
A00,7420201,,,,6.75,,,,7.5,7.2,,ttth,13,7
D07,7540101,,,9.0,7.4,,,,,8.0,,ttth,28,7
D07,7480201,,,8.2,8.5,,,,,7.0,,ttth,16,0
A01,7510303,,,7.8,6.5,,,,7.4,,,ttth,21,5
D01,7380107,7.2,,7.0,6.75,,,,,,,ttth,12,8
A01,7810201,,,7.4,8.0,,,,7.75,,,ttth,34,4
A00,7480202,,,,6.25,,,,9.0,8.0,,ttth,17,0
D15,7380107,7.5,5.6,6.75,,,,,,,,ttth,12,8
D01,7380107,6.25,,8.0,7.8,,,,,,,ttth,12,8
A00,7540101,,,,8.6,,,,7.75,7.25,,ttth,28,7
D01,7510301,7.0,,6.0,6.4,,,,,,,ttth,20,5
A00,7510203,,,,6.6,,,,5.75,5.75,,ttth,19,5
A00,7340201,,,,8.0,,,,8.0,7.8,,ttth,8,2
A00,7340201,,,,8.8,,,,7.75,8.75,,ttth,8,2
D15,7380107,6.0,7.8,6.25,,,,,,,,ttth,12,8
A00,7510202,,,,7.4,,,,6.75,7.25,,ttth,18,5
D01,7340201,7.5,,8.2,8.4,,,,,,,ttth,8,2
A01,7819009,,,6.0,6.25,,,,6.8,,,ttth,36,4
D01,7340115,7.25,,9.2,8.2,,,,,,,ttth,3,1
A00,7819010,,,,6.0,,,,7.25,7.6,,ttth,37,4
D01,7340115,6.2,,7.0,9.0,,,,,,,ttth,3,1
A00,7340301,,,,7.75,,,,8.0,7.8,,ttth,10,2
D01,7810201,5.2,,7.0,7.0,,,,,,,ttth,34,4
D01,7340115,7.8,,8.6,8.0,,,,,,,ttth,3,1
D01,7340123,8.0,,4.4,7.6,,,,,,,ttth,6,3
A00,7540101,,,,7.25,,,,7.75,7.6,,ttth,28,7
A00,7340101,,,,7.5,,,,7.0,7.0,,ttth,2,1
D01,7380107,6.2,,6.8,8.25,,,,,,,ttth,12,8
B00,7540105,,,,6.0,,,,,6.75,6.4,ttth,29,7
D01,7510303,4.5,,7.8,6.2,,,,,,,ttth,21,5
D07,7480201,,,8.4,7.5,,,,,7.8,,ttth,16,0
A00,7340301,,,,7.6,,,,7.0,8.0,,ttth,10,2
D01,7380107,6.5,,7.6,7.8,,,,,,,ttth,12,8
A00,7340201,,,,8.0,,,,6.25,6.8,,ttth,8,2
D01,7460108,6.6,,7.4,8.5,,,,,,,ttth,14,0
B00,7420201,,,,6.75,,,,,6.5,6.2,ttth,13,7
A00,7340301,,,,6.75,,,,5.75,8.0,,ttth,10,2
D01,7810201,8.0,,7.8,6.8,,,,,,,ttth,34,4
A00,7340205,,,,7.25,,,,7.75,6.6,,ttth,9,2
A00,7510202,,,,5.75,,,,7.75,7.2,,ttth,18,5
A00,7340122,,,,7.25,,,,8.25,8.0,,ttth,5,1
A00,7340129,,,,7.25,,,,7.75,7.0,,ttth,7,7
B00,7540101,,,,8.5,,,,,8.0,7.4,ttth,28,7
A00,7480201,,,,7.25,,,,8.0,9.2,,ttth,16,0
D01,7340301,4.8,,6.8,9.0,,,,,,,ttth,10,2
A01,7340115,,,8.0,7.8,,,,8.25,,,ttth,3,1
D01,7480202,6.5,,4.4,7.2,,,,,,,ttth,17,0
A00,7510303,,,,8.0,,,,6.25,7.25,,ttth,21,5
A00,7480202,,,,7.5,,,,8.25,7.2,,ttth,17,0
D15,7810202,7.0,4.2,7.25,,,,,,,,ttth,35,4
A00,7340201,,,,7.2,,,,8.25,8.25,,ttth,8,2
D01,7480201,6.25,,8.0,7.6,,,,,,,ttth,16,0
D01,7340301,7.5,,7.8,6.8,,,,,,,ttth,10,2
A00,7510202,,,,6.2,,,,4.5,6.25,,ttth,18,5
D01,7220201,7.2,,6.8,7.25,,,,,,,ttth,0,8
D01,7340205,6.6,,5.6,6.5,,,,,,,ttth,9,2
A00,7340301,,,,6.0,,,,7.25,7.4,,ttth,10,2
D15,7810103,6.75,7.4,6.5,,,,,,,,ttth,33,4
A01,7340120,,,7.6,7.75,,,,7.8,,,ttth,4,1
A01,7540101,,,7.8,8.0,,,,6.6,,,ttth,28,7
D01,7480201,6.5,,9.0,8.2,,,,,,,ttth,16,0
D01,7510301,6.0,,4.6,6.6,,,,,,,ttth,20,5
A00,7510303,,,,6.75,,,,4.25,6.8,,ttth,21,5
D01,7340115,7.75,,8.4,7.4,,,,,,,ttth,3,1
D01,7510202,6.25,,4.6,6.0,,,,,,,ttth,18,5
D01,7510202,7.25,,6.4,6.2,,,,,,,ttth,18,5
D01,7540204,5.75,,5.6,7.0,,,,,,,ttth,31,6
D01,7380107,8.0,,7.8,7.0,,,,,,,ttth,12,8
D15,7810103,6.75,7.8,8.0,,,,,,,,ttth,33,4
A00,7380107,,,,8.25,,,,6.75,8.0,,ttth,12,8
D01,7340115,8.0,,7.8,8.25,,,,,,,ttth,3,1
B00,7420201,,,,8.0,,,,,7.75,6.25,ttth,13,7
A00,7480201,,,,8.2,,,,6.5,7.75,,ttth,16,0
D01,7480201,7.25,,8.8,7.8,,,,,,,ttth,16,0
A00,7340101,,,,6.75,,,,8.5,6.6,,ttth,2,1
D01,7810201,4.8,,7.6,7.0,,,,,,,ttth,34,4
A01,7480201,,,8.0,7.5,,,,6.8,,,ttth,16,0
A00,7340301,,,,8.25,,,,7.5,7.8,,ttth,10,2
A01,7480201,,,7.6,7.8,,,,8.0,,,ttth,16,0
D07,7480201,,,8.0,7.0,,,,,7.5,,ttth,16,0
D01,7540204,4.4,,4.4,6.75,,,,,,,ttth,31,6
D01,7510203,5.0,,3.6,7.0,,,,,,,ttth,19,5
D09,7220201,,,7.0,7.75,,,6.6,,,,ttth,0,8
A00,7340115,,,,8.0,,,,8.0,7.5,,ttth,3,1
A00,7340201,,,,7.6,,,,6.25,8.75,,ttth,8,2
D01,7220201,7.5,,9.0,7.6,,,,,,,ttth,0,8
D01,7340205,7.2,,6.2,6.5,,,,,,,ttth,9,2
A00,7340201,,,,7.8,,,,6.0,8.5,,ttth,8,2
D01,7810201,5.6,,6.4,6.0,,,,,,,ttth,34,4
B00,7420201,,,,7.4,,,,,7.75,6.75,ttth,13,7
A01,7480201,,,9.4,7.0,,,,7.25,,,ttth,16,0
A00,7340101,,,,6.75,,,,6.75,7.6,,ttth,2,1
A00,7460108,,,,6.5,,,,6.25,7.2,,ttth,14,0
A00,7340115,,,,8.5,,,,7.5,7.8,,ttth,3,1
D01,7220201,8.2,,6.4,8.0,,,,,,,ttth,0,8
D01,7540204,7.0,,7.4,6.0,,,,,,,ttth,31,6
D01,7810103,6.6,,5.6,7.0,,,,,,,ttth,33,4
A00,7340301,,,,7.8,,,,6.75,7.5,,ttth,10,2
D01,7340301,6.8,,6.4,7.0,,,,,,,ttth,10,2
D01,7810202,7.8,,7.6,7.75,,,,,,,ttth,35,4
D01,7540204,6.8,,7.4,7.5,,,,,,,ttth,31,6
D01,7480201,8.2,,6.8,6.5,,,,,,,ttth,16,0
A00,7810202,,,,8.0,,,,8.25,8.0,,ttth,35,4
A00,7460108,,,,6.5,,,,6.5,7.0,,ttth,14,0
D01,7540204,8.75,,7.0,6.0,,,,,,,ttth,31,6
A00,7340301,,,,7.2,,,,7.25,8.0,,ttth,10,2
D01,7220204,6.8,,7.6,8.5,,,,,,,ttth,1,8
D01,7480202,5.8,,7.4,6.25,,,,,,,ttth,17,0
D07,7480201,,,7.4,7.5,,,,,6.4,,ttth,16,0
A00,7340115,,,,8.0,,,,8.25,8.2,,ttth,3,1
A00,7510301,,,,7.4,,,,6.5,5.5,,ttth,20,5
A01,7340201,,,8.8,8.0,,,,6.5,,,ttth,8,2
A00,7510202,,,,5.0,,,,7.75,7.2,,ttth,18,5
A00,7340120,,,,6.5,,,,7.75,7.2,,ttth,4,1
D07,7510401,,,7.8,7.0,,,,,7.75,,ttth,22,6
B00,7540106,,,,7.6,,,,,6.5,7.5,ttth,30,7
D01,7380107,7.5,,6.6,7.6,,,,,,,ttth,12,8
A00,7510301,,,,5.25,,,,7.5,6.2,,ttth,20,5
A01,7340301,,,8.4,7.5,,,,8.0,,,ttth,10,2
B00,7420201,,,,7.0,,,,,7.5,7.8,ttth,13,7
A01,7510202,,,8.0,6.6,,,,4.5,,,ttth,18,5
A00,7480201,,,,7.8,,,,7.0,8.25,,ttth,16,0
A00,7850101,,,,6.4,,,,5.25,6.75,,ttth,38,7
D01,7380107,8.75,,5.6,7.0,,,,,,,ttth,12,8
A01,7540101,,,7.8,8.6,,,,7.25,,,ttth,28,7
D01,7340120,7.0,,8.4,8.2,,,,,,,ttth,4,1
A00,7480201,,,,7.0,,,,7.25,7.4,,ttth,16,0
D01,7510203,6.5,,4.4,5.6,,,,,,,ttth,19,5
A00,7510202,,,,8.2,,,,5.5,7.25,,ttth,18,5
D01,7510301,6.4,,7.4,7.0,,,,,,,ttth,20,5
A00,7340120,,,,6.75,,,,8.5,8.4,,ttth,4,1
A00,7540101,,,,8.0,,,,8.0,8.25,,ttth,28,7
A00,7340301,,,,8.0,,,,8.0,7.4,,ttth,10,2
D15,7810202,6.5,5.0,7.75,,,,,,,,ttth,35,4
D01,7340129,7.2,,8.4,7.0,,,,,,,ttth,7,7
A00,7810201,,,,7.25,,,,7.0,7.4,,ttth,34,4
D01,7220201,8.8,,5.4,7.5,,,,,,,ttth,0,8
D07,7510401,,,7.2,7.5,,,,,6.4,,ttth,22,6
A00,7340120,,,,6.5,,,,7.25,7.6,,ttth,4,1
D07,7480201,,,6.2,8.25,,,,,8.2,,ttth,16,0
D01,7220204,6.75,,8.0,7.8,,,,,,,ttth,1,8
D15,7380107,6.5,6.6,7.0,,,,,,,,ttth,12,8
D07,7480201,,,8.2,8.2,,,,,7.5,,ttth,16,0
A00,7480201,,,,6.75,,,,6.25,8.4,,ttth,16,0
A00,7510401,,,,8.0,,,,6.0,8.25,,ttth,22,6
A00,7810103,,,,7.5,,,,8.0,7.4,,ttth,33,4
D01,7810202,7.5,,8.6,7.8,,,,,,,ttth,35,4
A00,7480201,,,,7.25,,,,8.75,8.2,,ttth,16,0
D01,7480202,4.2,,7.0,5.5,,,,,,,ttth,17,0
A00,7510203,,,,8.2,,,,6.5,6.25,,ttth,19,5
A00,7340101,,,,7.25,,,,8.0,8.2,,ttth,2,1
D01,7510202,4.0,,6.8,8.0,,,,,,,ttth,18,5
B00,7540101,,,,8.5,,,,,7.0,8.0,ttth,28,7
D01,7220201,6.75,,9.0,7.8,,,,,,,ttth,0,8
D01,7340201,7.4,,7.2,6.75,,,,,,,ttth,8,2
D01,7480201,7.0,,7.8,8.0,,,,,,,ttth,16,0
A01,7340120,,,7.8,8.5,,,,8.2,,,ttth,4,1
A00,7380107,,,,5.0,,,,6.5,6.8,,ttth,12,8
D01,7340101,7.8,,7.0,7.0,,,,,,,ttth,2,1
A00,7819010,,,,6.0,,,,5.0,7.6,,ttth,37,4
D07,7540101,,,9.6,7.8,,,,,8.75,,ttth,28,7
A00,7340129,,,,8.2,,,,6.5,7.25,,ttth,7,7
A01,7380107,,,7.8,7.6,,,,6.75,,,ttth,12,8
A00,7340122,,,,8.0,,,,7.0,8.2,,ttth,5,1
D01,7810202,5.0,,6.6,6.5,,,,,,,ttth,35,4
A00,7810201,,,,8.75,,,,8.0,7.6,,ttth,34,4
A00,7380107,,,,7.25,,,,7.5,8.2,,ttth,12,8
D07,7819010,,,8.4,5.5,,,,,6.2,,ttth,37,4
D01,7480202,6.25,,3.2,7.0,,,,,,,ttth,17,0
D01,7340101,7.2,,7.4,6.5,,,,,,,ttth,2,1
A00,7480201,,,,7.5,,,,7.0,7.6,,ttth,16,0
D01,7810202,6.8,,6.8,6.75,,,,,,,ttth,35,4
A00,7540101,,,,7.25,,,,8.0,8.0,,ttth,28,7
A00,7340101,,,,6.75,,,,7.5,8.0,,ttth,2,1
A00,7340201,,,,7.75,,,,6.5,6.6,,ttth,8,2
A00,7480202,,,,7.75,,,,7.0,6.8,,ttth,17,0
A00,7480201,,,,8.0,,,,8.25,7.25,,ttth,16,0
D01,7510303,7.4,,7.2,6.75,,,,,,,ttth,21,5
A01,7340115,,,8.4,7.75,,,,8.0,,,ttth,3,1
A00,7340201,,,,8.6,,,,8.0,7.5,,ttth,8,2
D01,7220201,7.5,,8.6,7.4,,,,,,,ttth,0,8
D01,7340101,7.5,,8.6,8.2,,,,,,,ttth,2,1
D07,7540101,,,7.8,6.75,,,,,9.0,,ttth,28,7
A01,7810202,,,7.0,5.25,,,,8.6,,,ttth,35,4
A00,7520115,,,,7.0,,,,7.25,8.8,,ttth,27,6
D01,7380107,6.6,,8.2,7.75,,,,,,,ttth,12,8
D01,7810103,7.2,,6.8,8.25,,,,,,,ttth,33,4
D07,7510303,,,7.2,6.75,,,,,6.4,,ttth,21,5
D01,7540204,5.0,,6.8,7.75,,,,,,,ttth,31,6
D01,7340201,6.8,,8.0,6.5,,,,,,,ttth,8,2
D01,7510202,7.0,,7.0,7.25,,,,,,,ttth,18,5
D01,7220201,7.75,,8.0,7.8,,,,,,,ttth,0,8
D01,7340115,8.4,,7.8,8.0,,,,,,,ttth,3,1
A00,7480201,,,,7.75,,,,8.0,8.2,,ttth,16,0
A01,7810201,,,7.0,4.5,,,,7.4,,,ttth,34,4
D01,7520115,6.2,,7.6,5.75,,,,,,,ttth,27,6
D01,7810201,6.0,,8.2,8.5,,,,,,,ttth,34,4
D01,7340129,8.75,,5.2,6.8,,,,,,,ttth,7,7
A01,7540101,,,8.4,8.4,,,,7.25,,,ttth,28,7
A01,7340115,,,8.4,7.5,,,,8.0,,,ttth,3,1
A00,7340129,,,,7.5,,,,5.5,8.4,,ttth,7,7
D01,7380107,6.75,,8.4,7.4,,,,,,,ttth,12,8
D01,7380107,7.75,,7.2,8.2,,,,,,,ttth,12,8
A00,7340101,,,,7.0,,,,7.5,6.6,,ttth,2,1
A01,7340201,,,7.2,8.4,,,,7.5,,,ttth,8,2
D09,7220204,,,7.0,7.5,,,7.8,,,,ttth,1,8
A00,7510401,,,,8.4,,,,6.75,7.75,,ttth,22,6
D01,7340122,6.2,,8.0,8.25,,,,,,,ttth,5,1
B00,7850101,,,,7.4,,,,,7.75,7.25,ttth,38,7
A00,7810103,,,,8.6,,,,7.25,6.75,,ttth,33,4
A01,7340201,,,7.6,7.4,,,,7.25,,,ttth,8,2
D01,7810103,6.25,,8.2,7.4,,,,,,,ttth,33,4
D07,7480201,,,7.6,7.75,,,,,8.6,,ttth,16,0
D01,7220201,6.5,,9.4,7.8,,,,,,,ttth,0,8
A00,7510401,,,,4.0,,,,5.75,5.8,,ttth,22,6
D01,7460108,4.8,,8.0,6.75,,,,,,,ttth,14,0
D01,7380107,7.5,,7.4,6.2,,,,,,,ttth,12,8
D07,7540101,,,9.0,7.8,,,,,7.5,,ttth,28,7
A00,7340101,,,,5.75,,,,7.5,7.8,,ttth,2,1
A00,7340123,,,,7.25,,,,7.25,7.2,,ttth,6,3
A01,7480202,,,7.2,6.25,,,,6.4,,,ttth,17,0
B00,7540101,,,,6.5,,,,,7.75,7.8,ttth,28,7
A00,7340115,,,,7.0,,,,8.5,7.2,,ttth,3,1
D01,7480201,7.8,,8.0,7.75,,,,,,,ttth,16,0
D01,7340120,5.6,,8.2,8.75,,,,,,,ttth,4,1
A01,7340201,,,8.0,8.25,,,,7.8,,,ttth,8,2
A01,7340120,,,8.6,8.4,,,,7.25,,,ttth,4,1
D01,7340205,9.0,,7.0,5.5,,,,,,,ttth,9,2
D01,7510202,6.0,,4.2,7.0,,,,,,,ttth,18,5
A00,7340301,,,,8.0,,,,6.5,7.75,,ttth,10,2
A00,7340101,,,,7.25,,,,8.5,8.2,,ttth,2,1
A00,7810202,,,,8.6,,,,7.75,6.25,,ttth,35,4
A00,7340120,,,,7.75,,,,7.25,8.0,,ttth,4,1
D01,7460108,9.0,,7.2,8.5,,,,,,,ttth,14,0
A00,7540105,,,,7.75,,,,7.25,6.6,,ttth,29,7
D07,7480201,,,7.6,8.5,,,,,8.6,,ttth,16,0
A01,7220201,,,7.8,7.25,,,,9.4,,,ttth,0,8
A00,7340120,,,,7.6,,,,8.0,7.5,,ttth,4,1
D01,7510203,6.25,,4.4,5.8,,,,,,,ttth,19,5
D01,7340205,5.8,,7.8,6.0,,,,,,,ttth,9,2
D01,7510202,6.0,,5.8,8.2,,,,,,,ttth,18,5
D01,7510303,7.25,,8.0,6.0,,,,,,,ttth,21,5
D07,7540101,,,8.4,8.25,,,,,8.6,,ttth,28,7
A00,7810103,,,,7.6,,,,7.75,7.5,,ttth,33,4
D01,7480201,6.6,,7.6,8.0,,,,,,,ttth,16,0
D01,7480201,8.6,,7.2,6.0,,,,,,,ttth,16,0
B00,7420201,,,,7.75,,,,,8.75,7.6,ttth,13,7
A00,7340101,,,,8.0,,,,7.25,7.0,,ttth,2,1
D01,7220204,9.25,,8.2,7.4,,,,,,,ttth,1,8
D01,7340120,7.0,,6.8,7.75,,,,,,,ttth,4,1
A00,7340301,,,,8.0,,,,6.75,7.25,,ttth,10,2
A00,7480201,,,,7.25,,,,6.75,7.4,,ttth,16,0
A00,7340201,,,,8.0,,,,6.5,7.75,,ttth,8,2
D01,7510301,6.75,,5.6,7.0,,,,,,,ttth,20,5
A00,7540204,,,,7.25,,,,6.5,7.8,,ttth,31,6
A00,7340129,,,,6.75,,,,7.5,7.0,,ttth,7,7
A00,7340120,,,,7.5,,,,8.75,8.6,,ttth,4,1
D01,7380107,7.75,,7.0,7.0,,,,,,,ttth,12,8
D01,7510303,4.75,,6.0,8.0,,,,,,,ttth,21,5
B00,7850101,,,,6.8,,,,,7.75,6.25,ttth,38,7
A00,7480201,,,,8.2,,,,6.75,8.0,,ttth,16,0
B00,7540101,,,,8.75,,,,,8.25,7.2,ttth,28,7
D01,7340129,7.8,,7.2,7.0,,,,,,,ttth,7,7
D01,7810201,5.2,,7.8,6.75,,,,,,,ttth,34,4
D01,7340101,7.6,,7.0,7.25,,,,,,,ttth,2,1
D01,7540204,4.5,,5.4,7.6,,,,,,,ttth,31,6
D01,7220201,8.0,,7.8,7.6,,,,,,,ttth,0,8
A00,7340301,,,,8.4,,,,7.25,7.75,,ttth,10,2
A00,7480202,,,,7.4,,,,7.5,7.25,,ttth,17,0
B00,7510401,,,,7.25,,,,,6.5,6.8,ttth,22,6
D15,7380107,6.0,7.0,7.0,,,,,,,,ttth,12,8
D07,7540101,,,7.0,8.0,,,,,7.6,,ttth,28,7
A00,7340115,,,,8.0,,,,8.0,8.2,,ttth,3,1
D07,7480201,,,7.6,8.5,,,,,6.8,,ttth,16,0
B00,7540105,,,,7.8,,,,,6.25,6.75,ttth,29,7
A01,7340122,,,8.0,6.75,,,,8.0,,,ttth,5,1
B00,7510401,,,,7.8,,,,,7.0,6.25,ttth,22,6
A00,7480201,,,,7.8,,,,7.5,7.5,,ttth,16,0
D01,7510303,7.8,,6.4,6.0,,,,,,,ttth,21,5
D01,7480201,8.2,,7.4,7.25,,,,,,,ttth,16,0
A00,7480201,,,,6.75,,,,6.75,7.4,,ttth,16,0
A00,7480201,,,,7.25,,,,8.0,8.0,,ttth,16,0
A00,7340115,,,,8.25,,,,8.0,7.6,,ttth,3,1
A00,7340301,,,,8.2,,,,8.0,7.5,,ttth,10,2
B00,7420201,,,,5.0,,,,,6.0,6.2,ttth,13,7
A00,7340129,,,,7.75,,,,7.0,7.8,,ttth,7,7
A00,7340201,,,,7.8,,,,8.25,7.5,,ttth,8,2
D01,7480201,6.5,,8.8,7.8,,,,,,,ttth,16,0
A00,7480202,,,,6.6,,,,7.75,7.25,,ttth,17,0
A00,7340301,,,,7.5,,,,8.0,7.8,,ttth,10,2
A00,7540101,,,,7.5,,,,9.0,8.6,,ttth,28,7
A00,7810201,,,,8.25,,,,7.75,7.4,,ttth,34,4
D07,7540106,,,6.4,7.0,,,,,6.0,,ttth,30,7
D01,7540204,5.6,,7.0,7.25,,,,,,,ttth,31,6
D01,7220201,7.6,,6.6,8.25,,,,,,,ttth,0,8
A00,7340201,,,,8.4,,,,7.75,6.0,,ttth,8,2
A01,7340301,,,9.2,8.0,,,,6.75,,,ttth,10,2
D01,7340115,8.2,,7.8,7.5,,,,,,,ttth,3,1
D01,7460108,5.2,,7.6,6.25,,,,,,,ttth,14,0
A00,7380107,,,,7.5,,,,7.25,7.6,,ttth,12,8
D01,7340101,6.6,,7.8,8.75,,,,,,,ttth,2,1
A01,7340115,,,7.4,7.75,,,,8.4,,,ttth,3,1
A00,7340115,,,,8.25,,,,7.5,9.0,,ttth,3,1
D01,7540204,7.0,,2.2,7.4,,,,,,,ttth,31,6
D01,7340122,7.4,,8.6,6.25,,,,,,,ttth,5,1
D01,7340129,7.4,,6.8,7.5,,,,,,,ttth,7,7
A01,7340115,,,8.0,6.75,,,,8.2,,,ttth,3,1
A00,7480201,,,,7.0,,,,7.75,8.0,,ttth,16,0
A01,7340115,,,8.0,8.0,,,,7.8,,,ttth,3,1
D01,7480201,7.5,,8.8,8.4,,,,,,,ttth,16,0
A00,7510203,,,,7.8,,,,7.5,7.0,,ttth,19,5
A00,7480201,,,,8.2,,,,7.25,7.75,,ttth,16,0
A01,7340101,,,8.6,7.8,,,,7.0,,,ttth,2,1
A01,7510303,,,7.2,6.75,,,,7.6,,,ttth,21,5
A00,7340115,,,,8.25,,,,8.0,7.8,,ttth,3,1
D07,7510303,,,7.4,7.25,,,,,6.8,,ttth,21,5
A00,7380107,,,,7.75,,,,7.75,7.8,,ttth,12,8
D01,7480201,7.5,,7.6,8.2,,,,,,,ttth,16,0
D01,7460108,5.4,,6.8,8.25,,,,,,,ttth,14,0
A01,7810202,,,7.6,8.6,,,,7.5,,,ttth,35,4
A00,7340201,,,,7.8,,,,7.0,8.0,,ttth,8,2
B00,7420201,,,,6.4,,,,,7.0,5.0,ttth,13,7
D01,7810202,6.2,,8.4,8.75,,,,,,,ttth,35,4
A00,7380107,,,,7.75,,,,8.0,6.8,,ttth,12,8
D01,7340101,7.75,,8.6,7.8,,,,,,,ttth,2,1
A00,7480201,,,,7.8,,,,6.5,7.5,,ttth,16,0
D01,7340129,7.0,,7.8,6.4,,,,,,,ttth,7,7
A01,7510202,,,7.4,7.6,,,,6.5,,,ttth,18,5
D01,7810202,8.5,,6.4,7.4,,,,,,,ttth,35,4
A00,7340115,,,,8.0,,,,8.25,8.5,,ttth,3,1
A00,7510303,,,,6.25,,,,4.75,7.4,,ttth,21,5
A00,7340129,,,,6.0,,,,7.75,6.6,,ttth,7,7
D01,7380107,4.8,,6.6,7.5,,,,,,,ttth,12,8
D01,7480202,6.75,,7.2,8.0,,,,,,,ttth,17,0
D01,7340115,8.0,,8.0,8.5,,,,,,,ttth,3,1
D01,7340129,7.25,,7.8,7.2,,,,,,,ttth,7,7
A01,7340115,,,8.6,7.0,,,,9.2,,,ttth,3,1
A00,7340101,,,,7.75,,,,7.25,7.2,,ttth,2,1
D01,7510301,6.25,,4.6,7.4,,,,,,,ttth,20,5
A00,7810201,,,,7.25,,,,8.25,7.6,,ttth,34,4
D01,7380107,6.4,,7.6,8.25,,,,,,,ttth,12,8
A00,7340120,,,,7.75,,,,7.5,7.6,,ttth,4,1
D01,7340120,6.6,,8.0,8.75,,,,,,,ttth,4,1
A00,7480201,,,,8.0,,,,8.0,8.6,,ttth,16,0
A01,7480202,,,7.8,7.2,,,,4.5,,,ttth,17,0
A00,7540101,,,,7.25,,,,8.25,7.6,,ttth,28,7
A00,7340101,,,,7.75,,,,8.25,7.6,,ttth,2,1
A01,7340101,,,8.6,8.4,,,,7.0,,,ttth,2,1
D01,7380107,7.0,,7.2,7.8,,,,,,,ttth,12,8
A00,7480201,,,,7.0,,,,7.75,8.2,,ttth,16,0
A00,7810201,,,,6.5,,,,7.0,6.8,,ttth,34,4
D01,7380107,8.0,,7.2,7.2,,,,,,,ttth,12,8
D09,7220204,,,8.0,8.4,,,7.75,,,,ttth,1,8
D01,7340120,8.0,,7.6,8.25,,,,,,,ttth,4,1
A00,7340115,,,,7.25,,,,7.25,8.0,,ttth,3,1
D01,7380107,7.5,,6.4,8.2,,,,,,,ttth,12,8
D01,7810201,5.8,,6.2,6.75,,,,,,,ttth,34,4
A00,7340301,,,,8.0,,,,8.0,8.0,,ttth,10,2
D01,7510301,7.6,,7.0,7.25,,,,,,,ttth,20,5
D07,7540101,,,7.6,8.5,,,,,7.8,,ttth,28,7
A01,7340301,,,8.4,8.0,,,,6.5,,,ttth,10,2
D01,7340201,8.2,,6.8,6.75,,,,,,,ttth,8,2
D15,7810202,7.75,7.2,6.75,,,,,,,,ttth,35,4
A00,7380107,,,,7.6,,,,6.5,8.5,,ttth,12,8
D01,7340301,7.75,,7.8,7.4,,,,,,,ttth,10,2
D01,7340301,7.25,,8.4,7.6,,,,,,,ttth,10,2
A00,7510203,,,,8.6,,,,5.5,7.0,,ttth,19,5
D07,7480201,,,8.0,8.5,,,,,7.6,,ttth,16,0
B00,7420201,,,,7.5,,,,,7.5,7.8,ttth,13,7
D01,7340115,7.6,,8.4,7.25,,,,,,,ttth,3,1
D01,7220204,8.2,,7.4,7.25,,,,,,,ttth,1,8
A01,7340115,,,8.8,7.5,,,,7.2,,,ttth,3,1
A00,7540101,,,,8.2,,,,8.0,8.25,,ttth,28,7
D01,7480201,8.2,,7.4,8.0,,,,,,,ttth,16,0
D01,7810202,7.0,,7.4,7.25,,,,,,,ttth,35,4
D07,7510401,,,7.2,7.0,,,,,7.6,,ttth,22,6
A01,7340115,,,8.2,7.25,,,,6.6,,,ttth,3,1
D01,7340205,4.6,,8.2,7.5,,,,,,,ttth,9,2
A00,7380107,,,,7.0,,,,7.0,7.8,,ttth,12,8
A00,7480201,,,,7.75,,,,7.5,8.2,,ttth,16,0
D07,7480202,,,7.4,8.0,,,,,7.8,,ttth,17,0
D15,7810202,7.0,5.6,6.5,,,,,,,,ttth,35,4
A01,7540101,,,7.6,8.25,,,,7.4,,,ttth,28,7
D07,7819010,,,7.2,7.0,,,,,7.6,,ttth,37,4
A00,7810103,,,,8.0,,,,7.5,7.25,,ttth,33,4
A00,7510406,,,,6.5,,,,4.75,6.6,,ttth,24,7
D01,7340115,7.5,,8.6,8.2,,,,,,,ttth,3,1
D01,7340101,7.25,,7.8,8.8,,,,,,,ttth,2,1
A00,7540101,,,,8.8,,,,7.25,8.25,,ttth,28,7
D15,7810201,7.5,7.2,7.5,,,,,,,,ttth,34,4
A01,7340115,,,8.8,8.25,,,,7.2,,,ttth,3,1
A01,7340301,,,8.0,8.0,,,,7.25,,,ttth,10,2
D01,7340101,6.2,,7.6,7.25,,,,,,,ttth,2,1
B00,7510406,,,,5.5,,,,,6.25,6.4,ttth,24,7
A00,7510303,,,,7.0,,,,7.0,6.5,,ttth,21,5
A01,7380107,,,8.2,8.2,,,,7.25,,,ttth,12,8
A00,7340201,,,,7.0,,,,7.25,7.4,,ttth,8,2
A00,7810201,,,,7.25,,,,8.25,7.0,,ttth,34,4
D01,7340301,7.8,,7.6,9.0,,,,,,,ttth,10,2
A01,7810202,,,7.0,6.75,,,,6.2,,,ttth,35,4
A00,7380107,,,,8.0,,,,7.25,8.0,,ttth,12,8
D01,7220201,7.0,,9.2,7.8,,,,,,,ttth,0,8
B00,7819010,,,,6.75,,,,,7.0,7.2,ttth,37,4
D01,7340120,8.6,,6.6,8.0,,,,,,,ttth,4,1
A00,7480201,,,,7.25,,,,7.0,7.8,,ttth,16,0
A00,7510203,,,,5.75,,,,4.5,6.4,,ttth,19,5
D01,7220204,7.0,,8.0,7.8,,,,,,,ttth,1,8
D01,7810103,5.6,,6.8,6.5,,,,,,,ttth,33,4
A00,7540101,,,,8.5,,,,8.25,8.6,,ttth,28,7
A00,7540101,,,,6.75,,,,7.0,7.2,,ttth,28,7
D01,7480201,6.2,,8.2,8.0,,,,,,,ttth,16,0
D01,7340201,7.25,,8.0,8.2,,,,,,,ttth,8,2
D07,7540101,,,7.6,7.5,,,,,7.2,,ttth,28,7
D01,7480202,6.0,,7.4,5.75,,,,,,,ttth,17,0
A00,7540101,,,,8.4,,,,7.0,8.25,,ttth,28,7
D01,7510202,7.2,,7.8,7.5,,,,,,,ttth,18,5
B00,7420201,,,,6.75,,,,,6.5,7.6,ttth,13,7
A00,7340201,,,,8.0,,,,8.0,7.5,,ttth,8,2
A00,7480202,,,,7.0,,,,4.5,5.75,,ttth,17,0
D01,7340120,7.25,,8.4,8.2,,,,,,,ttth,4,1
A00,7510203,,,,8.0,,,,5.75,8.6,,ttth,19,5
A01,7540101,,,8.6,7.4,,,,8.25,,,ttth,28,7
D07,7510401,,,6.4,6.4,,,,,8.25,,ttth,22,6
A01,7340120,,,7.8,8.25,,,,7.0,,,ttth,4,1
D07,7540101,,,8.0,7.25,,,,,6.2,,ttth,28,7
A01,7480201,,,7.4,7.5,,,,7.6,,,ttth,16,0
D01,7340201,6.8,,6.6,8.0,,,,,,,ttth,8,2
D01,7510202,4.8,,6.2,6.25,,,,,,,ttth,18,5
A00,7810202,,,,7.5,,,,7.5,7.6,,ttth,35,4
A00,7340101,,,,7.75,,,,7.75,7.8,,ttth,2,1
D01,7340101,5.0,,6.6,8.75,,,,,,,ttth,2,1
D01,7510301,6.8,,7.6,5.0,,,,,,,ttth,20,5
A00,7540101,,,,7.25,,,,8.25,8.0,,ttth,28,7
D01,7340123,6.6,,7.4,7.25,,,,,,,ttth,6,3
D01,7340101,6.4,,5.6,8.75,,,,,,,ttth,2,1
D01,7340129,6.5,,8.6,5.2,,,,,,,ttth,7,7
D01,7510202,6.25,,8.2,5.4,,,,,,,ttth,18,5
D01,7340115,8.0,,9.2,7.4,,,,,,,ttth,3,1
D01,7340115,8.0,,7.2,8.0,,,,,,,ttth,3,1
A00,7340301,,,,8.0,,,,8.0,6.25,,ttth,10,2
D01,7510202,6.6,,6.8,6.25,,,,,,,ttth,18,5
A01,7540106,,,7.4,7.2,,,,5.5,,,ttth,30,7
D01,7380107,6.75,,9.2,7.2,,,,,,,ttth,12,8
A00,7340301,,,,6.75,,,,6.25,8.2,,ttth,10,2
A00,7340115,,,,8.0,,,,8.5,7.75,,ttth,3,1
A00,7340115,,,,8.4,,,,7.5,8.25,,ttth,3,1
D01,7510303,7.2,,6.2,7.42,,,,,,,ttth,21,5
D01,7340301,8.0,,7.0,7.4,,,,,,,ttth,10,2
A00,7510303,,,,6.25,,,,6.75,6.8,,ttth,21,5
D01,7480201,7.75,,6.2,8.0,,,,,,,ttth,16,0
D01,7340101,7.8,,7.6,7.25,,,,,,,ttth,2,1
A01,7480201,,,7.8,8.25,,,,7.6,,,ttth,16,0
D01,7340129,8.0,,5.0,7.2,,,,,,,ttth,7,7
A00,7340115,,,,7.25,,,,8.0,7.6,,ttth,3,1
A00,7510301,,,,7.0,,,,5.75,8.0,,ttth,20,5
D01,7510202,5.75,,6.0,6.8,,,,,,,ttth,18,5
A00,7340115,,,,7.25,,,,8.0,8.4,,ttth,3,1
A00,7810103,,,,6.75,,,,7.25,8.6,,ttth,33,4
D01,7340301,6.8,,7.0,8.5,,,,,,,ttth,10,2
A00,7540101,,,,7.75,,,,7.75,7.4,,ttth,28,7
A00,7380107,,,,7.5,,,,7.5,7.4,,ttth,12,8
A00,7420201,,,,7.8,,,,6.0,6.5,,ttth,13,7
D01,7510301,7.25,,7.4,6.8,,,,,,,ttth,20,5
D01,7540204,7.25,,7.6,6.0,,,,,,,ttth,31,6
A00,7510301,,,,6.0,,,,4.0,7.5,,ttth,20,5
D07,7480201,,,8.2,7.4,,,,,7.75,,ttth,16,0
D01,7380107,6.0,,6.0,8.0,,,,,,,ttth,12,8
A01,7480202,,,6.8,7.0,,,,5.5,,,ttth,17,0
A01,7340101,,,8.4,7.2,,,,8.0,,,ttth,2,1
A00,7510401,,,,6.0,,,,7.5,7.4,,ttth,22,6
A00,7480201,,,,8.0,,,,7.25,7.5,,ttth,16,0
D01,7340115,8.2,,7.6,7.25,,,,,,,ttth,3,1
A01,7340120,,,7.6,6.75,,,,7.6,,,ttth,4,1
D01,7540204,7.4,,5.8,7.0,,,,,,,ttth,31,6
A01,7340120,,,8.2,8.2,,,,8.0,,,ttth,4,1
D01,7340120,7.25,,9.0,8.0,,,,,,,ttth,4,1
A00,7480201,,,,7.75,,,,7.5,8.2,,ttth,16,0
B00,7420201,,,,6.4,,,,,6.5,7.25,ttth,13,7
A00,7340301,,,,7.25,,,,8.25,8.8,,ttth,10,2
D01,7480201,6.25,,8.0,8.0,,,,,,,ttth,16,0
D01,7810202,6.2,,8.0,8.0,,,,,,,ttth,35,4
B00,7540101,,,,8.4,,,,,7.75,8.0,ttth,28,7
D01,7510303,6.5,,7.8,7.6,,,,,,,ttth,21,5
A00,7340115,,,,7.75,,,,8.75,7.2,,ttth,3,1
D01,7220204,8.0,,8.0,7.0,,,,,,,ttth,1,8
D01,7380107,5.2,,8.4,7.25,,,,,,,ttth,12,8
A01,7340115,,,8.2,8.0,,,,7.2,,,ttth,3,1
A00,7540101,,,,7.5,,,,8.0,8.4,,ttth,28,7
D01,7540204,7.4,,6.0,7.0,,,,,,,ttth,31,6
D15,7810201,8.0,6.8,8.0,,,,,,,,ttth,34,4
A00,7340101,,,,6.75,,,,7.75,6.8,,ttth,2,1
D01,7340201,5.6,,8.0,8.5,,,,,,,ttth,8,2
D01,7340205,6.8,,6.6,7.25,,,,,,,ttth,9,2
A01,7480201,,,8.2,7.8,,,,6.75,,,ttth,16,0
D07,7819010,,,6.8,7.5,,,,,6.2,,ttth,37,4
D07,7540101,,,7.8,8.2,,,,,7.75,,ttth,28,7
A00,7340101,,,,8.0,,,,7.25,8.0,,ttth,2,1
A00,7810201,,,,7.5,,,,6.75,7.6,,ttth,34,4
A00,7480202,,,,7.8,,,,6.5,7.75,,ttth,17,0
D01,7510301,6.0,,6.6,7.25,,,,,,,ttth,20,5
A00,7810103,,,,4.75,,,,6.75,7.2,,ttth,33,4
A00,7340201,,,,7.0,,,,6.25,6.8,,ttth,8,2
D01,7340301,7.5,,7.4,7.4,,,,,,,ttth,10,2
A01,7510301,,,8.0,7.25,,,,8.0,,,ttth,20,5
A00,7480201,,,,8.8,,,,7.25,7.75,,ttth,16,0
D15,7810202,6.75,7.0,7.0,,,,,,,,ttth,35,4
A00,7850101,,,,6.0,,,,6.5,7.2,,ttth,38,7
A00,7340115,,,,7.75,,,,7.0,7.4,,ttth,3,1
D01,7340101,8.0,,7.0,7.5,,,,,,,ttth,2,1
D01,7810201,7.75,,9.2,7.0,,,,,,,ttth,34,4
D01,7340120,6.8,,7.4,7.75,,,,,,,ttth,4,1
D01,7480202,5.25,,6.0,7.4,,,,,,,ttth,17,0
A00,7510401,,,,8.0,,,,6.5,7.75,,ttth,22,6
D01,7340120,6.6,,7.6,9.0,,,,,,,ttth,4,1
D01,7380107,8.0,,5.4,7.6,,,,,,,ttth,12,8
A00,7540106,,,,7.0,,,,7.75,7.25,,ttth,30,7
A00,7340301,,,,8.0,,,,6.75,7.5,,ttth,10,2
A01,7340122,,,8.0,6.75,,,,7.6,,,ttth,5,1
A00,7340201,,,,8.0,,,,6.75,8.25,,ttth,8,2
A00,7340129,,,,6.25,,,,7.75,8.2,,ttth,7,7
D01,7520115,5.8,,8.0,5.0,,,,,,,ttth,27,6
D01,7380107,6.6,,6.8,7.0,,,,,,,ttth,12,8
A00,7480201,,,,7.4,,,,7.25,7.25,,ttth,16,0
A01,7540106,,,6.2,5.8,,,,7.5,,,ttth,30,7
D01,7510202,6.5,,4.2,7.2,,,,,,,ttth,18,5
D01,7340115,8.4,,7.6,8.0,,,,,,,ttth,3,1
D01,7810201,7.6,,7.4,7.75,,,,,,,ttth,34,4
D01,7810201,6.8,,7.4,7.0,,,,,,,ttth,34,4
D01,7220201,6.6,,8.2,8.25,,,,,,,ttth,0,8
D01,7810202,7.4,,7.0,5.5,,,,,,,ttth,35,4
A00,7340101,,,,6.0,,,,7.75,8.0,,ttth,2,1
A01,7220201,,,6.8,6.75,,,,8.4,,,ttth,0,8
D01,7540204,6.0,,4.0,7.6,,,,,,,ttth,31,6
D01,7480202,4.8,,8.0,5.25,,,,,,,ttth,17,0
D01,7340115,8.5,,7.4,7.4,,,,,,,ttth,3,1
A01,7340201,,,8.0,7.8,,,,7.5,,,ttth,8,2
D01,7510301,6.0,,6.8,4.8,,,,,,,ttth,20,5
D01,7510203,4.2,,6.2,8.25,,,,,,,ttth,19,5
A00,7340115,,,,7.0,,,,8.25,7.8,,ttth,3,1
D01,7340201,5.2,,7.6,7.5,,,,,,,ttth,8,2
B00,7420201,,,,6.75,,,,,8.0,7.6,ttth,13,7
D01,7510203,7.5,,6.6,6.4,,,,,,,ttth,19,5
D01,7220201,8.5,,8.0,8.0,,,,,,,ttth,0,8
A01,7340201,,,8.6,6.75,,,,6.0,,,ttth,8,2
A00,7340101,,,,8.0,,,,7.75,7.75,,ttth,2,1
A00,7810201,,,,5.75,,,,7.75,6.8,,ttth,34,4
A00,7510303,,,,7.6,,,,6.25,6.75,,ttth,21,5
A00,7340115,,,,6.5,,,,7.75,8.2,,ttth,3,1
A00,7510303,,,,7.0,,,,6.25,7.75,,ttth,21,5
A00,7340201,,,,8.0,,,,6.5,8.0,,ttth,8,2
D01,7340101,7.0,,8.2,8.0,,,,,,,ttth,2,1
A01,7340115,,,7.2,7.25,,,,8.6,,,ttth,3,1
D09,7220204,,,7.0,7.25,,,7.4,,,,ttth,1,8
D01,7340122,9.2,,7.4,7.25,,,,,,,ttth,5,1
A00,7540101,,,,6.75,,,,7.75,8.6,,ttth,28,7
A00,7540101,,,,7.75,,,,7.5,7.8,,ttth,28,7
A00,7340101,,,,6.25,,,,8.0,7.2,,ttth,2,1
D01,7510301,7.0,,5.8,5.8,,,,,,,ttth,20,5
A00,7340101,,,,8.0,,,,7.75,7.4,,ttth,2,1
D01,7220201,7.8,,7.6,8.0,,,,,,,ttth,0,8
A00,7340101,,,,6.75,,,,6.75,7.2,,ttth,2,1
A00,7480201,,,,8.0,,,,8.5,8.2,,ttth,16,0
A00,7340201,,,,6.75,,,,7.5,7.4,,ttth,8,2
D15,7810103,6.75,6.2,5.75,,,,,,,,ttth,33,4
A01,7480201,,,7.2,8.0,,,,8.2,,,ttth,16,0
D01,7510301,3.8,,7.2,7.0,,,,,,,ttth,20,5
A00,7480202,,,,6.4,,,,6.25,7.5,,ttth,17,0
D01,7340301,8.5,,8.2,6.4,,,,,,,ttth,10,2
D01,7480202,7.4,,7.4,7.0,,,,,,,ttth,17,0
D01,7340115,7.0,,8.4,8.25,,,,,,,ttth,3,1
D01,7340205,6.0,,8.0,8.25,,,,,,,ttth,9,2
A00,7480201,,,,7.75,,,,8.0,7.6,,ttth,16,0
A00,7340201,,,,5.5,,,,8.0,8.2,,ttth,8,2
A00,7850101,,,,6.8,,,,5.25,7.0,,ttth,38,7
D01,7340201,8.5,,8.2,7.2,,,,,,,ttth,8,2
A00,7510401,,,,6.5,,,,7.25,8.0,,ttth,22,6
B00,7540106,,,,7.75,,,,,6.25,5.8,ttth,30,7
A01,7510301,,,8.0,6.25,,,,6.4,,,ttth,20,5
A00,7340201,,,,8.4,,,,7.75,8.0,,ttth,8,2
A00,7480201,,,,6.8,,,,8.5,7.25,,ttth,16,0
D01,7810103,8.0,,8.6,6.6,,,,,,,ttth,33,4
D01,7220201,6.8,,7.6,7.0,,,,,,,ttth,0,8
B00,7540101,,,,7.5,,,,,7.5,7.4,ttth,28,7
D01,7380107,8.75,,7.4,6.8,,,,,,,ttth,12,8
A00,7850101,,,,5.25,,,,7.25,6.6,,ttth,38,7
D01,7340122,7.6,,8.2,8.25,,,,,,,ttth,5,1
D07,7510303,,,7.2,7.4,,,,,7.0,,ttth,21,5
D01,7220201,8.8,,7.0,7.75,,,,,,,ttth,0,8
D01,7480202,7.0,,4.2,4.8,,,,,,,ttth,17,0
D01,7380107,8.0,,6.2,7.8,,,,,,,ttth,12,8
A01,7480201,,,7.8,7.75,,,,7.6,,,ttth,16,0
B00,7420201,,,,6.5,,,,,6.25,7.2,ttth,13,7
A01,7380107,,,8.8,8.6,,,,8.0,,,ttth,12,8
D01,7510303,7.0,,7.4,7.0,,,,,,,ttth,21,5
D01,7510303,6.5,,8.0,6.6,,,,,,,ttth,21,5
A00,7340122,,,,8.0,,,,8.25,8.4,,ttth,5,1
D01,7480202,6.25,,6.6,7.4,,,,,,,ttth,17,0
A00,7340115,,,,8.0,,,,8.25,7.4,,ttth,3,1
D01,7810103,6.5,,8.6,7.2,,,,,,,ttth,33,4
A00,7810201,,,,7.25,,,,6.75,8.4,,ttth,34,4
D01,7340120,7.4,,7.0,9.0,,,,,,,ttth,4,1
A00,7340129,,,,4.5,,,,7.25,6.4,,ttth,7,7
D01,7220204,6.2,,8.0,6.75,,,,,,,ttth,1,8
D01,7480202,6.5,,5.8,5.6,,,,,,,ttth,17,0
A00,7540106,,,,8.2,,,,8.25,8.0,,ttth,30,7
D01,7510202,5.2,,5.8,6.0,,,,,,,ttth,18,5
A01,7340201,,,7.2,6.5,,,,7.2,,,ttth,8,2
A00,7340205,,,,7.25,,,,6.5,6.0,,ttth,9,2
A00,7480201,,,,8.0,,,,7.0,7.75,,ttth,16,0
D01,7810202,6.25,,9.0,7.2,,,,,,,ttth,35,4
D01,7520115,5.2,,5.6,6.25,,,,,,,ttth,27,6
A00,7340115,,,,7.0,,,,8.0,8.4,,ttth,3,1
A00,7540106,,,,6.75,,,,8.0,7.4,,ttth,30,7
D01,7810201,5.6,,6.8,7.5,,,,,,,ttth,34,4
A00,7480201,,,,8.2,,,,8.0,7.75,,ttth,16,0
A00,7510303,,,,6.5,,,,7.0,7.4,,ttth,21,5
D01,7810201,7.0,,6.8,7.5,,,,,,,ttth,34,4
D01,7340115,7.8,,7.2,7.5,,,,,,,ttth,3,1
A00,7340205,,,,7.5,,,,7.0,7.2,,ttth,9,2
D01,7810201,6.8,,6.4,7.0,,,,,,,ttth,34,4
D01,7340101,5.4,,7.0,8.25,,,,,,,ttth,2,1
A00,7810202,,,,7.25,,,,8.0,7.6,,ttth,35,4
D01,7460108,6.2,,7.4,6.25,,,,,,,ttth,14,0
A00,7460108,,,,6.75,,,,6.25,7.6,,ttth,14,0
D15,7810202,6.0,7.2,7.25,,,,,,,,ttth,35,4
D01,7810201,5.4,,6.0,7.0,,,,,,,ttth,34,4
D01,7340120,8.2,,8.0,6.75,,,,,,,ttth,4,1
A01,7340101,,,8.8,6.25,,,,8.0,,,ttth,2,1
D01,7510301,6.75,,6.0,6.8,,,,,,,ttth,20,5
A00,7340201,,,,7.5,,,,8.5,7.2,,ttth,8,2
A00,7380107,,,,6.75,,,,7.5,8.0,,ttth,12,8
D01,7510301,5.0,,5.8,6.25,,,,,,,ttth,20,5
D01,7510203,5.8,,5.8,4.25,,,,,,,ttth,19,5
A00,7480201,,,,7.5,,,,8.25,8.0,,ttth,16,0
D01,7380107,7.25,,7.4,7.6,,,,,,,ttth,12,8
B00,7420201,,,,7.0,,,,,7.5,7.0,ttth,13,7
D01,7510202,7.0,,4.0,6.6,,,,,,,ttth,18,5
A00,7340101,,,,7.75,,,,7.75,7.6,,ttth,2,1
D01,7220201,6.0,,8.8,8.2,,,,,,,ttth,0,8
A00,7340301,,,,8.2,,,,6.0,8.5,,ttth,10,2
D01,7480201,9.4,,6.0,8.0,,,,,,,ttth,16,0
A00,7810201,,,,8.0,,,,7.0,6.75,,ttth,34,4
D01,7340301,7.6,,7.2,7.75,,,,,,,ttth,10,2
D01,7220204,7.6,,8.2,8.0,,,,,,,ttth,1,8
A00,7540106,,,,7.2,,,,5.5,6.25,,ttth,30,7
D01,7510303,7.5,,7.0,8.2,,,,,,,ttth,21,5
A00,7340301,,,,7.8,,,,7.5,7.5,,ttth,10,2
D01,7340129,5.2,,7.8,6.75,,,,,,,ttth,7,7
A01,7340115,,,8.2,7.75,,,,7.8,,,ttth,3,1
D01,7510303,5.4,,7.8,8.0,,,,,,,ttth,21,5
D09,7220201,,,7.6,8.25,,,8.0,,,,ttth,0,8
A00,7340101,,,,6.0,,,,8.0,6.8,,ttth,2,1
D07,7540101,,,9.4,8.2,,,,,7.75,,ttth,28,7
D01,7810202,7.5,,9.2,7.0,,,,,,,ttth,35,4
B00,7540101,,,,8.0,,,,,8.0,7.4,ttth,28,7
A00,7340122,,,,7.0,,,,8.25,8.4,,ttth,5,1
D01,7220204,6.5,,9.4,7.2,,,,,,,ttth,1,8
A00,7340301,,,,7.0,,,,8.0,8.0,,ttth,10,2
A00,7480201,,,,7.8,,,,7.0,7.75,,ttth,16,0
D01,7810202,7.0,,8.4,7.8,,,,,,,ttth,35,4
D01,7380107,7.2,,5.8,7.25,,,,,,,ttth,12,8
A01,7510401,,,7.2,6.5,,,,7.6,,,ttth,22,6
D01,7810103,6.25,,7.8,7.8,,,,,,,ttth,33,4
A00,7540105,,,,7.6,,,,6.25,6.25,,ttth,29,7
D01,7510203,9.0,,8.2,7.0,,,,,,,ttth,19,5
A00,7380107,,,,7.6,,,,7.0,7.0,,ttth,12,8
A01,7480201,,,8.4,7.4,,,,7.25,,,ttth,16,0
A01,7340301,,,7.4,7.5,,,,8.0,,,ttth,10,2
B00,7540106,,,,8.0,,,,,7.25,7.0,ttth,30,7
A00,7510303,,,,6.25,,,,7.5,7.4,,ttth,21,5
A00,7480201,,,,7.0,,,,7.25,7.4,,ttth,16,0
A00,7540101,,,,7.8,,,,8.25,8.75,,ttth,28,7
A00,7510301,,,,6.0,,,,6.0,6.8,,ttth,20,5
D01,7380107,7.2,,7.2,8.0,,,,,,,ttth,12,8
D01,7220204,7.4,,7.8,8.75,,,,,,,ttth,1,8
D01,7340301,7.4,,7.2,6.5,,,,,,,ttth,10,2
D07,7520115,,,5.0,7.4,,,,,7.0,,ttth,27,6
A00,7340301,,,,7.75,,,,8.5,8.2,,ttth,10,2
A00,7340129,,,,6.75,,,,8.0,8.0,,ttth,7,7
A00,7340201,,,,7.8,,,,7.5,6.75,,ttth,8,2
A00,7480202,,,,6.0,,,,8.25,7.4,,ttth,17,0
B00,7420201,,,,7.4,,,,,6.0,7.25,ttth,13,7
A00,7520115,,,,4.0,,,,7.5,6.0,,ttth,27,6
A00,7340101,,,,8.2,,,,8.75,7.0,,ttth,2,1
A00,7340101,,,,6.25,,,,7.75,7.8,,ttth,2,1
A01,7340115,,,8.2,8.25,,,,7.6,,,ttth,3,1
D01,7540204,6.25,,5.6,5.6,,,,,,,ttth,31,6
D01,7340129,6.2,,7.8,8.25,,,,,,,ttth,7,7
D01,7510202,5.4,,7.8,7.0,,,,,,,ttth,18,5
A00,7510301,,,,6.75,,,,7.5,7.4,,ttth,20,5
D01,7510301,6.5,,4.6,7.0,,,,,,,ttth,20,5
D01,7540204,5.2,,7.0,7.5,,,,,,,ttth,31,6
D01,7480202,7.6,,7.6,7.25,,,,,,,ttth,17,0
D01,7480202,7.8,,8.2,6.5,,,,,,,ttth,17,0
D07,7480201,,,9.0,7.8,,,,,7.25,,ttth,16,0
D01,7480201,8.0,,8.0,6.75,,,,,,,ttth,16,0
A00,7480202,,,,6.75,,,,6.75,7.0,,ttth,17,0
A00,7480202,,,,7.8,,,,7.25,7.0,,ttth,17,0
A00,7540101,,,,7.0,,,,7.5,6.8,,ttth,28,7
A01,7340101,,,9.0,8.0,,,,7.0,,,ttth,2,1
A01,7340129,,,7.6,7.8,,,,7.25,,,ttth,7,7
A00,7520115,,,,5.0,,,,6.5,7.4,,ttth,27,6
D07,7540106,,,7.6,7.8,,,,,7.25,,ttth,30,7
A00,7819009,,,,7.5,,,,7.5,7.6,,ttth,36,4
A00,7380107,,,,8.6,,,,6.5,8.25,,ttth,12,8
D01,7510303,4.4,,6.2,7.0,,,,,,,ttth,21,5
A01,7340129,,,7.8,7.25,,,,7.8,,,ttth,7,7
A00,7540101,,,,8.6,,,,7.5,8.5,,ttth,28,7
A00,7510203,,,,7.2,,,,5.75,6.5,,ttth,19,5
D07,7480201,,,7.2,7.5,,,,,6.2,,ttth,16,0
D01,7540204,8.25,,4.0,6.8,,,,,,,ttth,31,6
D01,7480202,7.75,,7.0,6.8,,,,,,,ttth,17,0
D01,7520115,6.75,,5.6,6.0,,,,,,,ttth,27,6
A01,7510301,,,7.0,7.0,,,,6.0,,,ttth,20,5
A00,7810202,,,,8.0,,,,6.75,7.6,,ttth,35,4
D01,7510301,6.0,,3.8,7.0,,,,,,,ttth,20,5
A00,7510401,,,,8.75,,,,7.75,7.0,,ttth,22,6
A00,7510401,,,,7.75,,,,8.25,7.4,,ttth,22,6
A00,7340120,,,,8.0,,,,8.25,8.25,,ttth,4,1
A00,7340301,,,,8.0,,,,7.25,7.25,,ttth,10,2
A00,7340301,,,,8.4,,,,7.25,7.25,,ttth,10,2
D01,7810201,6.75,,8.0,7.0,,,,,,,ttth,34,4
A00,7480201,,,,7.4,,,,7.5,8.0,,ttth,16,0
A00,7510303,,,,7.6,,,,7.5,6.5,,ttth,21,5
D01,7340201,7.75,,8.0,7.4,,,,,,,ttth,8,2
D01,7340201,7.25,,7.8,8.2,,,,,,,ttth,8,2
A00,7340115,,,,8.2,,,,8.0,8.25,,ttth,3,1
D01,7340120,7.5,,8.2,8.0,,,,,,,ttth,4,1
A00,7510303,,,,7.0,,,,7.75,8.2,,ttth,21,5
D01,7810201,7.8,,7.6,7.25,,,,,,,ttth,34,4
D01,7220201,6.8,,7.0,7.5,,,,,,,ttth,0,8
A00,7480201,,,,8.25,,,,7.5,7.4,,ttth,16,0
A00,7480201,,,,7.25,,,,8.0,8.2,,ttth,16,0
A00,7510401,,,,6.75,,,,7.0,7.6,,ttth,22,6
D01,7340115,7.8,,7.2,8.5,,,,,,,ttth,3,1
A00,7510303,,,,6.5,,,,7.75,6.4,,ttth,21,5
D01,7340201,6.0,,7.4,8.0,,,,,,,ttth,8,2
D01,7340201,6.5,,8.8,7.6,,,,,,,ttth,8,2
A00,7460108,,,,6.25,,,,6.5,6.8,,ttth,14,0
A00,7340205,,,,7.25,,,,5.75,6.6,,ttth,9,2
D07,7480201,,,8.8,7.5,,,,,8.0,,ttth,16,0
D07,7540101,,,8.0,9.0,,,,,9.0,,ttth,28,7
B00,7510401,,,,7.4,,,,,6.75,5.5,ttth,22,6
A01,7540101,,,8.6,7.6,,,,7.75,,,ttth,28,7
D07,7540101,,,7.8,8.5,,,,,9.2,,ttth,28,7
D07,7480201,,,8.2,7.75,,,,,7.6,,ttth,16,0
D01,7810201,7.2,,7.6,8.0,,,,,,,ttth,34,4
D07,7540101,,,7.2,8.8,,,,,8.0,,ttth,28,7
D01,7340101,8.8,,5.2,6.75,,,,,,,ttth,2,1
D01,7340120,8.6,,7.4,7.0,,,,,,,ttth,4,1
B00,7540101,,,,7.75,,,,,6.75,7.4,ttth,28,7
A00,7510402,,,,5.0,,,,6.5,7.0,,ttth,23,6
D01,7340129,5.2,,8.0,8.25,,,,,,,ttth,7,7
A00,7480201,,,,7.75,,,,8.0,7.8,,ttth,16,0
D01,7480201,8.8,,8.8,6.0,,,,,,,ttth,16,0
A01,7380107,,,6.6,7.25,,,,6.4,,,ttth,12,8
D01,7510203,6.25,,4.4,4.8,,,,,,,ttth,19,5
D01,7220201,9.0,,7.4,6.8,,,,,,,ttth,0,8
D01,7480202,6.25,,8.6,7.2,,,,,,,ttth,17,0
D07,7540101,,,6.8,7.75,,,,,6.4,,ttth,28,7
D01,7340301,5.8,,7.4,7.0,,,,,,,ttth,10,2
D01,7340301,4.4,,7.6,9.0,,,,,,,ttth,10,2
B00,7540106,,,,5.25,,,,,6.0,7.6,ttth,30,7
D01,7340101,7.6,,8.0,7.5,,,,,,,ttth,2,1
D01,7340101,8.0,,8.8,7.8,,,,,,,ttth,2,1
D01,7340101,6.2,,8.0,7.25,,,,,,,ttth,2,1
A00,7510203,,,,7.6,,,,7.0,6.25,,ttth,19,5
D01,7340120,7.4,,7.2,8.0,,,,,,,ttth,4,1
A00,7340115,,,,8.25,,,,8.0,8.0,,ttth,3,1
A00,7340115,,,,7.25,,,,8.5,6.8,,ttth,3,1
D07,7819009,,,7.4,6.5,,,,,6.8,,ttth,36,4
A00,7510203,,,,7.0,,,,7.5,7.6,,ttth,19,5
A01,7340205,,,7.2,5.25,,,,7.0,,,ttth,9,2
D01,7540204,6.0,,5.6,7.5,,,,,,,ttth,31,6
D07,7480201,,,7.0,7.5,,,,,6.6,,ttth,16,0
D01,7480201,7.75,,7.4,7.2,,,,,,,ttth,16,0
A00,7380107,,,,7.2,,,,6.25,8.25,,ttth,12,8
A00,7480201,,,,7.5,,,,7.75,8.4,,ttth,16,0
A00,7340301,,,,8.0,,,,7.75,7.75,,ttth,10,2
D01,7510203,6.4,,7.8,6.75,,,,,,,ttth,19,5
A01,7340120,,,7.6,8.25,,,,7.6,,,ttth,4,1
A00,7510301,,,,5.25,,,,6.0,6.6,,ttth,20,5
A00,7340301,,,,7.0,,,,7.25,7.8,,ttth,10,2
D01,7510303,6.25,,4.2,6.4,,,,,,,ttth,21,5
B00,7540106,,,,8.25,,,,,6.5,6.8,ttth,30,7
A00,7340101,,,,7.75,,,,7.25,8.0,,ttth,2,1
D01,7480201,7.2,,6.8,8.5,,,,,,,ttth,16,0
D01,7810202,3.4,,7.0,7.0,,,,,,,ttth,35,4
D01,7510301,6.0,,5.4,8.0,,,,,,,ttth,20,5
D01,7380107,6.6,,7.0,6.5,,,,,,,ttth,12,8
D09,7220201,,,6.8,7.0,,,7.6,,,,ttth,0,8
A00,7819009,,,,6.5,,,,5.75,6.8,,ttth,36,4
A01,7340101,,,9.4,8.0,,,,6.0,,,ttth,2,1
D01,7220201,8.4,,7.8,7.25,,,,,,,ttth,0,8
D01,7540204,6.75,,4.8,6.2,,,,,,,ttth,31,6
A01,7340115,,,8.0,8.0,,,,8.6,,,ttth,3,1
A00,7810201,,,,6.75,,,,7.25,8.0,,ttth,34,4
D01,7480201,7.0,,7.4,7.25,,,,,,,ttth,16,0
A00,7340122,,,,7.5,,,,7.75,7.8,,ttth,5,1
D01,7480201,8.6,,7.4,7.25,,,,,,,ttth,16,0
A00,7480201,,,,7.8,,,,7.5,7.5,,ttth,16,0
A00,7380107,,,,7.6,,,,6.25,7.25,,ttth,12,8
D01,7510202,6.0,,5.6,5.75,,,,,,,ttth,18,5
D01,7480202,6.0,,4.6,7.4,,,,,,,ttth,17,0
A00,7540106,,,,7.0,,,,6.0,7.25,,ttth,30,7
A00,7340120,,,,9.0,,,,7.25,8.0,,ttth,4,1
A00,7480201,,,,7.25,,,,7.5,7.6,,ttth,16,0
D01,7340201,8.0,,7.4,7.2,,,,,,,ttth,8,2
A00,7340129,,,,6.6,,,,6.25,6.5,,ttth,7,7
A01,7510301,,,8.6,7.0,,,,5.5,,,ttth,20,5
D01,7480202,5.0,,6.8,6.75,,,,,,,ttth,17,0
B00,7540101,,,,8.75,,,,,7.25,7.8,ttth,28,7
D01,7540204,5.4,,7.0,7.5,,,,,,,ttth,31,6
A00,7510202,,,,8.0,,,,6.75,7.25,,ttth,18,5
D01,7380107,7.75,,6.6,7.0,,,,,,,ttth,12,8
A00,7510202,,,,7.5,,,,6.5,7.0,,ttth,18,5
A00,7510401,,,,7.0,,,,6.5,7.8,,ttth,22,6
A00,7340301,,,,7.5,,,,8.25,8.0,,ttth,10,2
D07,7480201,,,7.4,8.0,,,,,8.0,,ttth,16,0
D01,7480202,7.2,,8.2,8.5,,,,,,,ttth,17,0
D01,7510203,4.2,,6.0,7.75,,,,,,,ttth,19,5
A00,7850101,,,,6.25,,,,7.75,7.6,,ttth,38,7
A00,7480201,,,,7.0,,,,7.75,8.4,,ttth,16,0
D01,7340120,7.8,,7.4,8.25,,,,,,,ttth,4,1
A00,7340129,,,,7.5,,,,6.25,8.0,,ttth,7,7
B00,7540106,,,,5.75,,,,,6.25,8.0,ttth,30,7
D07,7480201,,,7.4,6.75,,,,,6.8,,ttth,16,0
A01,7340120,,,8.0,6.25,,,,7.6,,,ttth,4,1
D01,7460108,4.8,,7.2,8.0,,,,,,,ttth,14,0
D01,7810202,8.0,,8.4,7.2,,,,,,,ttth,35,4
A00,7340101,,,,8.0,,,,7.5,7.4,,ttth,2,1
A00,7340101,,,,8.0,,,,8.0,7.2,,ttth,2,1
B00,7540101,,,,7.5,,,,,8.25,7.4,ttth,28,7
A01,7540106,,,7.2,7.0,,,,6.8,,,ttth,30,7
A01,7340123,,,7.8,7.25,,,,6.8,,,ttth,6,3
A00,7340120,,,,8.5,,,,7.75,7.6,,ttth,4,1
A00,7380107,,,,7.75,,,,6.75,8.0,,ttth,12,8
D01,7510303,7.25,,6.4,7.6,,,,,,,ttth,21,5
D01,7510303,6.5,,4.4,6.0,,,,,,,ttth,21,5
A01,7480201,,,7.8,7.0,,,,7.8,,,ttth,16,0
A00,7480201,,,,7.75,,,,7.0,7.4,,ttth,16,0
D01,7340301,6.4,,7.4,8.0,,,,,,,ttth,10,2
D01,7220201,8.2,,6.6,8.0,,,,,,,ttth,0,8
A00,7810201,,,,8.4,,,,8.0,6.25,,ttth,34,4
A00,7480201,,,,7.8,,,,7.75,7.25,,ttth,16,0
A00,7420201,,,,8.0,,,,5.75,7.25,,ttth,13,7
D01,7510202,7.0,,4.8,6.5,,,,,,,ttth,18,5
A00,7510401,,,,7.8,,,,7.0,6.25,,ttth,22,6
A01,7220201,,,9.6,7.2,,,,7.5,,,ttth,0,8
D01,7510301,6.8,,7.0,8.0,,,,,,,ttth,20,5
B00,7540101,,,,6.25,,,,,9.25,7.8,ttth,28,7
D01,7220201,8.6,,6.8,8.5,,,,,,,ttth,0,8
A01,7340201,,,8.6,8.0,,,,6.4,,,ttth,8,2
D01,7480202,5.6,,5.8,6.5,,,,,,,ttth,17,0
D01,7510202,2.8,,6.6,7.25,,,,,,,ttth,18,5
A00,7510203,,,,7.8,,,,6.25,6.25,,ttth,19,5
A00,7380107,,,,6.0,,,,6.5,6.8,,ttth,12,8
D01,7810202,7.2,,7.2,7.0,,,,,,,ttth,35,4
D01,7510303,6.8,,6.2,7.25,,,,,,,ttth,21,5
A00,7510303,,,,5.75,,,,4.75,7.4,,ttth,21,5
D01,7480201,9.0,,7.8,7.5,,,,,,,ttth,16,0
A00,7510202,,,,7.6,,,,5.75,6.25,,ttth,18,5
D01,7510303,6.75,,7.6,8.0,,,,,,,ttth,21,5
D01,7510303,5.5,,6.4,8.0,,,,,,,ttth,21,5
A00,7810201,,,,7.25,,,,6.0,7.6,,ttth,34,4
A00,7540101,,,,7.5,,,,6.5,7.6,,ttth,28,7
D01,7340301,6.8,,7.0,7.5,,,,,,,ttth,10,2
D01,7340101,7.0,,7.0,7.75,,,,,,,ttth,2,1
A00,7340129,,,,6.5,,,,7.25,7.8,,ttth,7,7
A00,7810201,,,,7.75,,,,6.75,8.0,,ttth,34,4
A00,7340201,,,,7.5,,,,6.75,7.8,,ttth,8,2
D01,7340201,7.5,,8.8,8.2,,,,,,,ttth,8,2
A00,7480201,,,,7.5,,,,8.25,7.6,,ttth,16,0
D01,7340115,7.4,,8.0,8.0,,,,,,,ttth,3,1
D01,7510301,7.75,,6.4,7.6,,,,,,,ttth,20,5
D01,7220201,7.5,,8.0,7.8,,,,,,,ttth,0,8
A00,7340101,,,,8.0,,,,7.75,8.25,,ttth,2,1
A00,7340120,,,,6.5,,,,8.0,8.8,,ttth,4,1
D01,7480201,6.5,,8.8,7.6,,,,,,,ttth,16,0
D01,7480202,7.25,,5.6,5.2,,,,,,,ttth,17,0
A00,7340120,,,,8.25,,,,8.0,7.8,,ttth,4,1
A00,7340120,,,,7.25,,,,8.25,7.6,,ttth,4,1
D07,7480201,,,8.0,8.0,,,,,8.25,,ttth,16,0
D01,7810103,5.0,,6.2,8.0,,,,,,,ttth,33,4
D01,7340122,7.0,,7.2,8.25,,,,,,,ttth,5,1
D15,7810202,8.25,7.0,7.25,,,,,,,,ttth,35,4
D01,7220201,7.2,,6.2,7.5,,,,,,,ttth,0,8
A00,7850101,,,,5.0,,,,6.75,6.8,,ttth,38,7
A00,7340115,,,,7.0,,,,8.25,8.4,,ttth,3,1
D07,7480201,,,7.4,9.0,,,,,6.2,,ttth,16,0
A00,7510301,,,,6.4,,,,6.5,4.25,,ttth,20,5
A00,7340301,,,,7.75,,,,7.5,7.8,,ttth,10,2
A00,7510303,,,,8.0,,,,7.5,7.8,,ttth,21,5
A00,7480201,,,,7.8,,,,8.0,7.25,,ttth,16,0
D01,7510303,6.8,,7.2,7.0,,,,,,,ttth,21,5
A00,7340115,,,,8.25,,,,7.5,7.8,,ttth,3,1
A00,7510202,,,,7.6,,,,5.75,7.75,,ttth,18,5
D15,7380107,7.75,6.0,7.5,,,,,,,,ttth,12,8
A00,7420201,,,,8.4,,,,6.0,8.25,,ttth,13,7
D01,7460108,5.2,,7.4,7.0,,,,,,,ttth,14,0
B00,7540101,,,,6.5,,,,,7.75,7.0,ttth,28,7
D01,7540204,7.0,,5.0,6.6,,,,,,,ttth,31,6
D01,7220201,7.0,,9.6,7.4,,,,,,,ttth,0,8
D01,7340120,7.5,,8.4,7.4,,,,,,,ttth,4,1
A00,7520115,,,,6.5,,,,7.0,7.0,,ttth,27,6
A00,7520115,,,,7.0,,,,4.0,5.25,,ttth,27,6
D01,7480201,7.6,,7.0,7.25,,,,,,,ttth,16,0
D01,7480202,7.6,,8.4,8.0,,,,,,,ttth,17,0
B00,7850101,,,,6.75,,,,,6.5,6.0,ttth,38,7
A01,7810103,,,9.0,8.2,,,,6.0,,,ttth,33,4
A00,7340101,,,,7.0,,,,7.0,8.8,,ttth,2,1
D01,7340205,8.2,,6.4,6.25,,,,,,,ttth,9,2
D01,7540204,7.5,,4.4,6.2,,,,,,,ttth,31,6
D07,7510401,,,8.8,8.0,,,,,6.5,,ttth,22,6
A00,7480202,,,,7.0,,,,7.25,7.0,,ttth,17,0
D01,7340101,5.2,,7.6,8.25,,,,,,,ttth,2,1
D01,7510203,7.2,,6.6,6.5,,,,,,,ttth,19,5
A00,7540204,,,,7.2,,,,7.5,7.5,,ttth,31,6
D01,7510202,5.2,,6.8,6.5,,,,,,,ttth,18,5
A00,7340201,,,,7.75,,,,5.75,8.4,,ttth,8,2
A00,7510301,,,,7.2,,,,4.75,5.5,,ttth,20,5
A01,7340115,,,8.0,7.0,,,,8.0,,,ttth,3,1
D01,7220204,9.25,,6.8,7.4,,,,,,,ttth,1,8
A00,7810103,,,,7.5,,,,7.5,7.8,,ttth,33,4
A00,7480201,,,,9.0,,,,6.5,8.2,,ttth,16,0
D01,7810103,5.6,,7.0,7.5,,,,,,,ttth,33,4
A00,7510301,,,,6.75,,,,7.5,7.6,,ttth,20,5
D01,7480201,8.4,,9.0,7.25,,,,,,,ttth,16,0
D01,7340101,6.6,,7.0,7.75,,,,,,,ttth,2,1
A01,7480201,,,7.8,8.4,,,,7.25,,,ttth,16,0
A01,7510303,,,6.8,7.5,,,,7.0,,,ttth,21,5
A01,7510303,,,7.0,7.25,,,,6.8,,,ttth,21,5
D01,7340115,7.8,,7.6,7.25,,,,,,,ttth,3,1
A00,7480201,,,,8.4,,,,7.75,8.0,,ttth,16,0
A00,7819009,,,,5.75,,,,7.5,6.4,,ttth,36,4
A00,7510203,,,,8.25,,,,7.5,7.2,,ttth,19,5
D01,7340201,6.6,,6.8,8.5,,,,,,,ttth,8,2
A00,7340101,,,,6.0,,,,7.25,7.6,,ttth,2,1
A00,7480201,,,,6.25,,,,7.75,7.4,,ttth,16,0
B00,7540101,,,,8.2,,,,,7.75,8.25,ttth,28,7
D01,7340201,7.4,,7.0,8.25,,,,,,,ttth,8,2
A00,7510401,,,,7.25,,,,7.5,8.0,,ttth,22,6
D01,7340301,8.0,,5.6,6.5,,,,,,,ttth,10,2
A00,7340201,,,,6.5,,,,7.75,7.0,,ttth,8,2
A00,7819010,,,,6.0,,,,6.25,6.6,,ttth,37,4
A01,7220201,,,8.6,7.6,,,,7.75,,,ttth,0,8
D09,7220201,,,7.4,9.0,,,8.2,,,,ttth,0,8
D01,7380107,7.25,,8.4,7.2,,,,,,,ttth,12,8
A00,7810201,,,,7.25,,,,7.5,7.4,,ttth,34,4
A01,7340120,,,7.2,7.0,,,,7.8,,,ttth,4,1
D01,7380107,6.6,,5.0,8.0,,,,,,,ttth,12,8
D01,7510202,8.0,,7.6,6.8,,,,,,,ttth,18,5
A01,7810201,,,8.2,8.2,,,,7.25,,,ttth,34,4
A00,7480202,,,,6.0,,,,8.25,8.0,,ttth,17,0
D15,7810103,6.75,5.4,6.75,,,,,,,,ttth,33,4
D01,7340115,7.6,,7.6,8.25,,,,,,,ttth,3,1
B00,7540106,,,,6.5,,,,,7.0,7.4,ttth,30,7
D01,7340201,7.0,,9.2,7.0,,,,,,,ttth,8,2
D01,7520115,6.2,,6.0,6.75,,,,,,,ttth,27,6
A01,7480202,,,8.2,7.25,,,,7.0,,,ttth,17,0
A01,7340201,,,8.6,8.0,,,,8.0,,,ttth,8,2
D01,7340201,7.2,,7.0,7.25,,,,,,,ttth,8,2
A00,7540101,,,,7.0,,,,8.25,7.6,,ttth,28,7
A00,7540101,,,,8.0,,,,8.5,8.0,,ttth,28,7
A00,7510401,,,,7.0,,,,8.0,7.0,,ttth,22,6
B00,7540101,,,,6.5,,,,,7.25,7.6,ttth,28,7
D01,7340129,7.5,,6.2,7.6,,,,,,,ttth,7,7
D01,7810202,5.2,,6.6,7.75,,,,,,,ttth,35,4
D01,7220201,7.6,,7.0,7.25,,,,,,,ttth,0,8
A00,7340201,,,,7.75,,,,7.0,7.0,,ttth,8,2
D01,7340115,6.8,,7.2,8.0,,,,,,,ttth,3,1
D01,7340101,5.2,,8.2,7.25,,,,,,,ttth,2,1
D01,7340115,7.5,,9.2,7.4,,,,,,,ttth,3,1
A00,7340129,,,,7.0,,,,7.25,7.8,,ttth,7,7
A00,7340120,,,,8.0,,,,7.25,8.6,,ttth,4,1
B00,7540101,,,,8.5,,,,,8.5,8.4,ttth,28,7
A00,7810201,,,,7.0,,,,8.0,7.25,,ttth,34,4
D01,7340201,7.25,,8.0,8.0,,,,,,,ttth,8,2
D07,7480201,,,8.6,7.6,,,,,7.75,,ttth,16,0
D01,7340301,7.25,,8.4,8.0,,,,,,,ttth,10,2
A00,7510301,,,,5.75,,,,7.75,8.6,,ttth,20,5
A00,7850101,,,,6.0,,,,6.75,6.75,,ttth,38,7
A00,7810201,,,,6.5,,,,8.0,8.4,,ttth,34,4
A00,7810202,,,,7.75,,,,8.0,7.4,,ttth,35,4
A00,7510303,,,,6.25,,,,7.0,8.8,,ttth,21,5
A00,7480201,,,,7.6,,,,7.25,8.5,,ttth,16,0
A00,7480201,,,,8.0,,,,8.0,8.2,,ttth,16,0
A00,7340101,,,,6.5,,,,6.75,7.8,,ttth,2,1
B00,7420201,,,,8.25,,,,,7.75,8.0,ttth,13,7
A00,7340101,,,,7.5,,,,7.75,7.8,,ttth,2,1
D01,7510202,6.0,,7.2,7.0,,,,,,,ttth,18,5
A01,7220201,,,7.4,8.0,,,,7.6,,,ttth,0,8
B00,7510401,,,,8.0,,,,,7.25,8.4,ttth,22,6
D01,7510202,5.8,,7.0,6.5,,,,,,,ttth,18,5
A00,7340301,,,,7.75,,,,8.25,8.0,,ttth,10,2
A00,7510301,,,,8.2,,,,5.75,8.25,,ttth,20,5
D01,7340129,5.0,,7.4,7.0,,,,,,,ttth,7,7
A00,7460108,,,,6.75,,,,6.5,6.6,,ttth,14,0
D01,7340201,8.0,,7.6,7.75,,,,,,,ttth,8,2
D01,7340120,7.2,,8.0,8.0,,,,,,,ttth,4,1
A01,7510203,,,6.6,7.5,,,,5.8,,,ttth,19,5
D01,7480202,6.5,,5.4,6.8,,,,,,,ttth,17,0
D01,7480202,6.8,,7.2,7.0,,,,,,,ttth,17,0
A00,7480202,,,,6.75,,,,5.25,8.0,,ttth,17,0
A00,7340101,,,,8.0,,,,6.5,8.0,,ttth,2,1
D01,7340115,6.6,,8.0,8.25,,,,,,,ttth,3,1
B00,7420201,,,,7.0,,,,,8.0,7.2,ttth,13,7
A00,7540106,,,,7.25,,,,6.25,8.2,,ttth,30,7
B00,7540101,,,,8.0,,,,,8.5,7.8,ttth,28,7
A00,7340101,,,,8.6,,,,8.5,7.75,,ttth,2,1
D01,7510202,5.2,,6.6,7.0,,,,,,,ttth,18,5
A01,7340129,,,6.8,7.4,,,,6.0,,,ttth,7,7
D07,7480202,,,6.2,7.0,,,,,4.8,,ttth,17,0
A00,7480201,,,,8.6,,,,7.25,7.25,,ttth,16,0
A01,7480201,,,8.6,7.4,,,,6.75,,,ttth,16,0
A01,7540101,,,7.6,7.75,,,,6.8,,,ttth,28,7
D01,7510301,7.0,,4.6,8.0,,,,,,,ttth,20,5
D01,7340201,8.75,,6.2,9.0,,,,,,,ttth,8,2
A01,7480202,,,8.8,7.0,,,,7.0,,,ttth,17,0
D01,7510202,6.25,,3.8,6.4,,,,,,,ttth,18,5
A01,7510203,,,7.8,6.75,,,,6.6,,,ttth,19,5
A00,7480202,,,,5.75,,,,6.0,6.8,,ttth,17,0
D07,7420201,,,7.2,7.25,,,,,6.8,,ttth,13,7
A00,7540101,,,,7.5,,,,8.0,7.6,,ttth,28,7
A00,7340101,,,,7.25,,,,7.25,8.0,,ttth,2,1
A00,7480201,,,,7.4,,,,7.0,8.25,,ttth,16,0
A00,7510203,,,,6.4,,,,4.5,5.0,,ttth,19,5
D01,7480201,8.2,,8.0,6.0,,,,,,,ttth,16,0
D01,7810201,7.5,,8.0,7.2,,,,,,,ttth,34,4
A00,7540101,,,,8.0,,,,7.5,8.25,,ttth,28,7
D01,7340115,7.4,,7.4,8.0,,,,,,,ttth,3,1
D01,7480201,7.0,,7.8,8.0,,,,,,,ttth,16,0
D01,7510203,4.6,,6.6,6.75,,,,,,,ttth,19,5
A00,7480201,,,,8.0,,,,7.0,7.0,,ttth,16,0
D15,7810201,6.25,6.2,7.75,,,,,,,,ttth,34,4
D07,7510401,,,8.4,7.5,,,,,7.8,,ttth,22,6
B00,7420201,,,,8.0,,,,,6.75,6.4,ttth,13,7
A00,7340129,,,,7.8,,,,6.25,7.75,,ttth,7,7
D07,7480201,,,6.8,6.5,,,,,8.0,,ttth,16,0
D01,7340201,7.0,,6.8,7.25,,,,,,,ttth,8,2
A00,7510303,,,,7.6,,,,7.5,6.75,,ttth,21,5
D01,7510301,7.4,,7.4,6.5,,,,,,,ttth,20,5
D01,7340120,6.0,,7.6,8.0,,,,,,,ttth,4,1
B00,7540101,,,,7.5,,,,,7.75,7.0,ttth,28,7
A00,7510303,,,,7.4,,,,6.5,6.75,,ttth,21,5
A01,7340301,,,8.2,6.75,,,,6.6,,,ttth,10,2
A00,7340201,,,,7.4,,,,8.25,8.75,,ttth,8,2
B00,7540101,,,,8.5,,,,,6.0,7.6,ttth,28,7
A00,7510303,,,,6.0,,,,6.75,6.4,,ttth,21,5
D09,7220204,,,7.0,8.5,,,8.6,,,,ttth,1,8
D01,7380107,7.5,,5.4,8.2,,,,,,,ttth,12,8
A00,7510301,,,,5.5,,,,6.25,6.0,,ttth,20,5
D01,7480201,7.2,,6.8,8.0,,,,,,,ttth,16,0
D01,7220201,8.25,,8.6,8.2,,,,,,,ttth,0,8
D01,7340201,7.0,,8.2,7.6,,,,,,,ttth,8,2
D01,7510303,6.75,,6.6,7.8,,,,,,,ttth,21,5
D01,7510202,6.4,,8.0,6.5,,,,,,,ttth,18,5
D01,7220204,7.25,,8.2,8.4,,,,,,,ttth,1,8
D01,7380107,5.0,,6.8,8.0,,,,,,,ttth,12,8
D01,7510203,6.0,,7.2,5.25,,,,,,,ttth,19,5
D01,7340101,7.6,,7.2,8.0,,,,,,,ttth,2,1
D07,7540101,,,8.4,7.2,,,,,8.25,,ttth,28,7
D01,7340101,8.5,,8.0,6.8,,,,,,,ttth,2,1
A00,7340301,,,,6.0,,,,7.25,6.6,,ttth,10,2
D01,7220201,6.4,,7.8,8.75,,,,,,,ttth,0,8
A00,7340122,,,,7.25,,,,8.0,7.6,,ttth,5,1
B00,7510401,,,,8.2,,,,,8.5,7.25,ttth,22,6
A01,7480201,,,8.6,8.6,,,,7.0,,,ttth,16,0
A00,7540101,,,,7.25,,,,8.0,7.2,,ttth,28,7
A00,7510401,,,,6.25,,,,6.25,6.6,,ttth,22,6
D01,7810202,5.6,,6.8,8.25,,,,,,,ttth,35,4
D07,7510401,,,8.0,7.4,,,,,6.25,,ttth,22,6
A00,7480202,,,,6.25,,,,6.75,7.2,,ttth,17,0
D01,7340201,6.4,,7.8,8.0,,,,,,,ttth,8,2
D01,7510303,6.6,,7.8,6.75,,,,,,,ttth,21,5
A00,7380107,,,,7.75,,,,6.75,6.6,,ttth,12,8
D01,7480202,7.6,,6.8,5.5,,,,,,,ttth,17,0
D01,7810202,4.6,,7.4,6.5,,,,,,,ttth,35,4
A00,7340115,,,,6.5,,,,8.25,7.4,,ttth,3,1
A00,7510401,,,,6.5,,,,7.25,7.2,,ttth,22,6
D01,7480202,4.0,,7.0,7.0,,,,,,,ttth,17,0
A00,7340120,,,,6.75,,,,7.75,7.8,,ttth,4,1
A00,7510203,,,,6.75,,,,7.75,7.6,,ttth,19,5
A00,7540101,,,,8.4,,,,7.5,7.75,,ttth,28,7
A00,7510202,,,,7.4,,,,6.75,7.5,,ttth,18,5
A00,7340201,,,,9.2,,,,7.0,8.25,,ttth,8,2
A01,7340301,,,8.2,7.5,,,,8.0,,,ttth,10,2
D01,7340115,8.25,,8.6,7.2,,,,,,,ttth,3,1
A00,7340120,,,,7.0,,,,6.25,8.0,,ttth,4,1
A01,7220201,,,7.2,7.25,,,,7.8,,,ttth,0,8
A00,7340201,,,,8.6,,,,7.25,7.25,,ttth,8,2
D01,7380107,6.6,,7.4,7.75,,,,,,,ttth,12,8
D01,7340120,7.4,,6.0,8.5,,,,,,,ttth,4,1
A01,7220204,,,8.6,7.2,,,,8.0,,,ttth,1,8
A00,7510303,,,,7.25,,,,7.0,8.0,,ttth,21,5
A01,7340115,,,9.2,8.0,,,,8.5,,,ttth,3,1
A00,7340101,,,,6.75,,,,8.0,7.0,,ttth,2,1
A00,7480201,,,,8.25,,,,7.25,8.0,,ttth,16,0
A00,7540101,,,,8.6,,,,7.75,7.75,,ttth,28,7
D09,7220204,,,8.0,9.25,,,8.4,,,,ttth,1,8
A00,7819009,,,,5.75,,,,5.5,6.0,,ttth,36,4
A00,7510401,,,,7.0,,,,6.25,7.25,,ttth,22,6
A00,7340101,,,,8.6,,,,7.5,7.75,,ttth,2,1
D01,7810201,5.2,,7.6,7.0,,,,,,,ttth,34,4
A00,7510402,,,,7.2,,,,6.75,4.25,,ttth,23,6
D01,7510202,7.25,,6.0,4.6,,,,,,,ttth,18,5
D01,7340201,6.0,,7.0,8.5,,,,,,,ttth,8,2
A01,7340101,,,7.8,7.5,,,,7.6,,,ttth,2,1
D07,7480201,,,6.6,7.5,,,,,8.6,,ttth,16,0
A00,7340120,,,,5.0,,,,8.25,8.2,,ttth,4,1
D01,7340120,7.0,,8.0,7.75,,,,,,,ttth,4,1
A00,7510202,,,,4.75,,,,6.25,6.8,,ttth,18,5
D01,7480201,8.4,,6.4,6.75,,,,,,,ttth,16,0
D01,7340101,7.2,,7.4,6.5,,,,,,,ttth,2,1
A00,7510401,,,,7.5,,,,7.5,9.0,,ttth,22,6
D01,7340123,6.5,,7.4,7.6,,,,,,,ttth,6,3
D01,7220201,8.75,,7.8,6.8,,,,,,,ttth,0,8
A01,7540101,,,7.4,7.5,,,,6.4,,,ttth,28,7
D01,7340101,5.6,,7.4,8.25,,,,,,,ttth,2,1
D01,7520115,5.6,,6.8,6.0,,,,,,,ttth,27,6
D01,7340122,7.2,,8.0,7.25,,,,,,,ttth,5,1
D01,7510303,7.2,,6.8,7.0,,,,,,,ttth,21,5
A01,7340101,,,8.4,7.4,,,,8.0,,,ttth,2,1
D01,7340201,7.5,,7.8,7.6,,,,,,,ttth,8,2
A01,7340123,,,7.2,7.0,,,,7.4,,,ttth,6,3
A00,7340201,,,,7.0,,,,7.5,7.75,,ttth,8,2
A01,7340301,,,8.8,8.6,,,,7.0,,,ttth,10,2
D07,7540101,,,8.2,8.6,,,,,8.0,,ttth,28,7
D01,7510303,6.75,,5.6,7.4,,,,,,,ttth,21,5
D01,7480201,5.4,,7.8,7.5,,,,,,,ttth,16,0
A00,7540101,,,,7.5,,,,8.0,7.2,,ttth,28,7
A00,7480202,,,,7.4,,,,5.75,6.25,,ttth,17,0
D01,7340122,7.2,,7.6,7.5,,,,,,,ttth,5,1
D01,7340201,8.5,,8.4,7.6,,,,,,,ttth,8,2
A01,7510202,,,6.2,7.0,,,,6.2,,,ttth,18,5
A00,7540101,,,,7.75,,,,7.25,7.6,,ttth,28,7
A00,7480201,,,,8.0,,,,8.5,7.8,,ttth,16,0
A00,7340115,,,,8.0,,,,7.25,8.2,,ttth,3,1
D01,7510303,6.4,,8.0,7.5,,,,,,,ttth,21,5
D01,7510203,5.0,,6.2,7.5,,,,,,,ttth,19,5
D01,7480201,7.75,,9.2,7.2,,,,,,,ttth,16,0
D01,7340201,8.4,,6.6,7.75,,,,,,,ttth,8,2
A00,7340115,,,,8.6,,,,7.25,8.25,,ttth,3,1
A00,7340301,,,,8.0,,,,7.0,8.5,,ttth,10,2
D01,7220204,7.2,,8.4,8.75,,,,,,,ttth,1,8
A00,7819010,,,,6.0,,,,6.0,7.0,,ttth,37,4
D01,7340120,7.2,,7.6,8.0,,,,,,,ttth,4,1
D01,7340201,7.25,,8.4,7.4,,,,,,,ttth,8,2
A00,7340120,,,,7.0,,,,8.25,7.8,,ttth,4,1
D01,7510202,6.5,,4.0,7.2,,,,,,,ttth,18,5
A00,7480201,,,,6.75,,,,7.75,7.2,,ttth,16,0
A00,7810202,,,,6.25,,,,6.25,6.8,,ttth,35,4
A00,7340201,,,,7.75,,,,8.0,7.8,,ttth,8,2
D01,7340120,8.8,,7.4,7.5,,,,,,,ttth,4,1
D01,7220201,7.75,,8.6,7.2,,,,,,,ttth,0,8
A01,7340201,,,7.2,8.25,,,,7.0,,,ttth,8,2
D07,7540101,,,9.2,7.4,,,,,8.25,,ttth,28,7
D01,7340123,6.0,,7.0,6.25,,,,,,,ttth,6,3
D01,7340301,6.8,,7.6,8.5,,,,,,,ttth,10,2
A01,7340301,,,9.2,7.2,,,,7.25,,,ttth,10,2
A00,7340301,,,,8.4,,,,6.75,7.75,,ttth,10,2
D01,7340301,7.6,,7.4,7.75,,,,,,,ttth,10,2
A00,7810201,,,,7.25,,,,7.5,7.2,,ttth,34,4
A00,7480201,,,,8.2,,,,6.5,8.0,,ttth,16,0
A01,7340122,,,7.8,7.25,,,,7.4,,,ttth,5,1
D01,7480201,8.0,,6.0,7.5,,,,,,,ttth,16,0
A00,7340301,,,,6.5,,,,7.5,7.8,,ttth,10,2
D01,7340120,7.4,,8.0,9.0,,,,,,,ttth,4,1
D07,7540101,,,7.6,7.75,,,,,7.2,,ttth,28,7
D01,7340101,7.0,,8.8,8.4,,,,,,,ttth,2,1
A00,7380107,,,,6.25,,,,6.0,7.2,,ttth,12,8
A00,7340123,,,,6.75,,,,6.25,7.2,,ttth,6,3
A01,7510401,,,6.8,5.75,,,,6.6,,,ttth,22,6
A01,7480201,,,8.2,7.0,,,,7.0,,,ttth,16,0
D01,7510203,6.75,,3.4,7.8,,,,,,,ttth,19,5
D01,7340129,4.0,,6.8,7.25,,,,,,,ttth,7,7
A01,7340101,,,5.8,6.75,,,,7.8,,,ttth,2,1
B00,7540101,,,,7.75,,,,,7.25,7.8,ttth,28,7
A00,7340201,,,,6.5,,,,6.75,7.8,,ttth,8,2
D01,7340120,6.8,,7.8,8.25,,,,,,,ttth,4,1
D01,7510202,4.0,,6.6,6.0,,,,,,,ttth,18,5
B00,7540101,,,,8.6,,,,,8.25,7.25,ttth,28,7
A01,7480201,,,7.6,7.6,,,,8.0,,,ttth,16,0
A00,7510303,,,,6.75,,,,8.25,8.0,,ttth,21,5
D01,7220204,8.0,,7.6,8.5,,,,,,,ttth,1,8
D01,7340101,6.8,,7.8,6.75,,,,,,,ttth,2,1
D01,7540204,7.75,,5.2,6.4,,,,,,,ttth,31,6
D07,7480201,,,8.4,8.0,,,,,7.0,,ttth,16,0
D01,7340115,7.0,,6.8,8.0,,,,,,,ttth,3,1
A01,7340101,,,8.0,8.4,,,,8.25,,,ttth,2,1
A01,7340201,,,8.2,7.8,,,,7.25,,,ttth,8,2
A00,7510203,,,,6.75,,,,7.0,7.8,,ttth,19,5
D01,7380107,7.4,,7.6,7.0,,,,,,,ttth,12,8
A00,7510202,,,,7.8,,,,4.75,4.0,,ttth,18,5
D01,7340120,7.8,,7.0,7.5,,,,,,,ttth,4,1
A00,7340115,,,,8.25,,,,7.75,8.2,,ttth,3,1
D01,7810201,5.8,,6.8,7.5,,,,,,,ttth,34,4
D01,7380107,7.2,,7.6,8.5,,,,,,,ttth,12,8
D01,7220201,7.6,,8.0,8.25,,,,,,,ttth,0,8
D01,7460108,6.4,,8.0,6.5,,,,,,,ttth,14,0
D01,7810201,6.2,,6.2,6.5,,,,,,,ttth,34,4
A01,7340301,,,7.2,6.0,,,,7.2,,,ttth,10,2
D01,7510301,6.25,,6.8,7.2,,,,,,,ttth,20,5
B00,7540101,,,,7.0,,,,,7.75,7.8,ttth,28,7
A00,7340120,,,,8.8,,,,6.75,7.75,,ttth,4,1
D01,7340201,7.5,,8.6,8.2,,,,,,,ttth,8,2
D01,7220204,7.0,,7.8,7.5,,,,,,,ttth,1,8
A00,7340101,,,,7.5,,,,8.0,8.0,,ttth,2,1
B00,7819009,,,,7.0,,,,,5.75,7.0,ttth,36,4
A00,7510202,,,,5.8,,,,5.75,5.25,,ttth,18,5
A00,7480201,,,,8.2,,,,7.25,6.75,,ttth,16,0
D01,7340122,7.6,,6.4,7.25,,,,,,,ttth,5,1
D01,7340129,6.2,,7.2,8.75,,,,,,,ttth,7,7
A00,7340301,,,,6.75,,,,6.75,7.0,,ttth,10,2
D01,7510202,4.5,,4.0,7.4,,,,,,,ttth,18,5
D01,7340115,6.6,,7.6,8.25,,,,,,,ttth,3,1
D01,7380107,7.2,,7.2,7.75,,,,,,,ttth,12,8
A00,7340101,,,,8.8,,,,7.5,8.5,,ttth,2,1
B00,7540101,,,,8.5,,,,,8.25,9.0,ttth,28,7
A00,7540101,,,,9.2,,,,8.25,8.25,,ttth,28,7
D01,7340201,7.0,,9.0,7.2,,,,,,,ttth,8,2
D01,7510301,5.5,,7.4,6.6,,,,,,,ttth,20,5
A00,7340301,,,,5.75,,,,8.25,7.4,,ttth,10,2
D01,7480201,6.0,,8.0,6.75,,,,,,,ttth,16,0
A00,7340201,,,,6.5,,,,7.5,7.0,,ttth,8,2
D07,7540101,,,8.2,8.2,,,,,8.0,,ttth,28,7
A00,7340120,,,,8.5,,,,8.0,8.2,,ttth,4,1
A00,7340201,,,,8.6,,,,7.5,7.5,,ttth,8,2
D07,7420201,,,7.2,6.75,,,,,6.8,,ttth,13,7
D01,7480202,7.4,,8.0,7.5,,,,,,,ttth,17,0
B00,7540101,,,,8.8,,,,,8.5,7.75,ttth,28,7
A00,7340115,,,,8.0,,,,7.25,7.6,,ttth,3,1
D15,7810103,7.25,6.0,7.75,,,,,,,,ttth,33,4
A00,7340201,,,,7.6,,,,7.25,7.75,,ttth,8,2
D01,7810201,7.4,,7.8,6.75,,,,,,,ttth,34,4
A01,7810201,,,7.6,8.2,,,,7.75,,,ttth,34,4
A00,7540101,,,,7.0,,,,8.25,7.2,,ttth,28,7
A00,7810202,,,,7.0,,,,6.5,7.8,,ttth,35,4
D01,7480201,7.8,,8.0,7.75,,,,,,,ttth,16,0
D07,7510202,,,7.6,6.75,,,,,7.6,,ttth,18,5
A00,7480202,,,,7.4,,,,6.75,6.25,,ttth,17,0
D01,7480202,7.0,,8.8,6.0,,,,,,,ttth,17,0
A01,7480201,,,8.4,7.6,,,,7.75,,,ttth,16,0
D07,7510401,,,6.6,7.0,,,,,6.8,,ttth,22,6
D01,7340120,7.75,,8.6,7.8,,,,,,,ttth,4,1
A00,7540105,,,,7.4,,,,7.25,8.0,,ttth,29,7
A00,7340301,,,,8.6,,,,6.75,7.5,,ttth,10,2
A00,7340205,,,,7.0,,,,5.75,8.2,,ttth,9,2
A01,7480201,,,8.2,8.0,,,,6.8,,,ttth,16,0
A00,7540101,,,,6.75,,,,8.25,7.6,,ttth,28,7
B00,7420201,,,,6.25,,,,,6.5,5.0,ttth,13,7
A00,7510303,,,,6.8,,,,5.25,6.25,,ttth,21,5
A00,7340120,,,,7.5,,,,8.0,8.0,,ttth,4,1
A01,7340101,,,8.8,8.4,,,,7.5,,,ttth,2,1
A00,7340201,,,,7.8,,,,6.75,8.0,,ttth,8,2
A00,7340201,,,,7.75,,,,7.75,8.0,,ttth,8,2
A01,7380107,,,7.2,6.5,,,,5.0,,,ttth,12,8
A00,7480201,,,,7.25,,,,8.5,8.0,,ttth,16,0
D01,7510301,6.6,,8.0,7.0,,,,,,,ttth,20,5
D01,7340115,7.75,,8.8,7.6,,,,,,,ttth,3,1
D07,7540106,,,7.2,6.0,,,,,6.0,,ttth,30,7
A00,7340201,,,,7.8,,,,6.75,8.25,,ttth,8,2
A00,7480202,,,,5.75,,,,7.75,7.6,,ttth,17,0
D07,7480202,,,6.4,6.5,,,,,7.0,,ttth,17,0
D01,7220201,7.4,,7.2,7.25,,,,,,,ttth,0,8
A00,7819010,,,,6.0,,,,6.75,7.2,,ttth,37,4
A00,7340301,,,,7.25,,,,5.5,7.6,,ttth,10,2
D01,7340201,7.4,,7.2,7.25,,,,,,,ttth,8,2
D01,7510303,6.8,,7.4,7.0,,,,,,,ttth,21,5
D01,7340123,7.0,,3.4,6.6,,,,,,,ttth,6,3
A00,7540106,,,,8.0,,,,5.5,7.25,,ttth,30,7
B00,7540101,,,,7.75,,,,,7.5,7.4,ttth,28,7
D01,7810202,7.0,,8.6,7.0,,,,,,,ttth,35,4
D01,7340120,8.0,,8.2,7.8,,,,,,,ttth,4,1
D01,7510303,7.8,,6.6,6.25,,,,,,,ttth,21,5
A00,7380107,,,,8.0,,,,6.25,7.25,,ttth,12,8
A01,7480201,,,7.6,7.8,,,,7.0,,,ttth,16,0
A00,7480201,,,,7.75,,,,7.5,8.2,,ttth,16,0
D01,7220204,7.6,,7.0,9.0,,,,,,,ttth,1,8
D01,7380107,7.75,,7.2,6.2,,,,,,,ttth,12,8
D01,7510203,7.0,,3.4,6.0,,,,,,,ttth,19,5
A00,7340120,,,,8.25,,,,7.75,8.4,,ttth,4,1
A00,7340115,,,,6.75,,,,8.5,8.0,,ttth,3,1
A00,7480201,,,,7.25,,,,7.25,7.2,,ttth,16,0
A00,7340115,,,,8.0,,,,8.0,7.0,,ttth,3,1
D01,7220204,8.25,,8.8,8.2,,,,,,,ttth,1,8
D01,7510301,5.0,,5.6,6.4,,,,,,,ttth,20,5
A00,7850101,,,,6.5,,,,6.75,7.0,,ttth,38,7
D01,7340123,7.75,,5.8,5.4,,,,,,,ttth,6,3
A00,7380107,,,,7.25,,,,7.25,7.6,,ttth,12,8
A00,7510303,,,,7.0,,,,7.0,6.25,,ttth,21,5
D01,7380107,7.0,,7.2,6.75,,,,,,,ttth,12,8
D07,7480201,,,8.6,6.6,,,,,8.0,,ttth,16,0
D09,7220204,,,8.4,7.25,,,7.0,,,,ttth,1,8
A00,7340115,,,,7.75,,,,8.0,8.6,,ttth,3,1
D01,7480201,7.2,,6.6,8.0,,,,,,,ttth,16,0
A00,7340101,,,,7.0,,,,7.75,7.8,,ttth,2,1
A00,7540101,,,,7.0,,,,8.25,7.8,,ttth,28,7
A00,7340101,,,,8.2,,,,8.0,7.75,,ttth,2,1
A00,7420201,,,,7.2,,,,6.5,5.5,,ttth,13,7
D15,7810202,7.5,5.6,8.25,,,,,,,,ttth,35,4
D07,7540106,,,8.0,6.0,,,,,4.0,,ttth,30,7
D07,7510303,,,7.4,7.25,,,,,7.0,,ttth,21,5
A00,7340201,,,,8.2,,,,7.0,8.0,,ttth,8,2
A00,7510202,,,,7.6,,,,5.75,6.25,,ttth,18,5
A00,7510303,,,,7.0,,,,6.0,7.75,,ttth,21,5
A00,7480202,,,,6.5,,,,6.75,7.6,,ttth,17,0
A00,7810103,,,,6.5,,,,7.0,6.2,,ttth,33,4
D01,7510301,4.2,,5.6,6.0,,,,,,,ttth,20,5
D01,7510202,5.6,,7.0,7.0,,,,,,,ttth,18,5
A00,7510202,,,,6.25,,,,6.5,5.4,,ttth,18,5
A00,7480201,,,,6.8,,,,7.25,8.5,,ttth,16,0
D01,7340101,7.4,,7.4,9.0,,,,,,,ttth,2,1
D01,7340101,7.75,,8.6,8.2,,,,,,,ttth,2,1
D15,7810103,6.25,4.6,8.25,,,,,,,,ttth,33,4
A01,7340201,,,8.0,7.25,,,,7.2,,,ttth,8,2
D01,7220201,7.4,,7.6,7.25,,,,,,,ttth,0,8
A01,7480202,,,8.4,8.4,,,,7.5,,,ttth,17,0
A00,7810201,,,,6.5,,,,6.75,7.8,,ttth,34,4
D15,7810103,6.5,5.8,8.0,,,,,,,,ttth,33,4
A01,7540106,,,7.2,6.5,,,,7.2,,,ttth,30,7
A00,7340301,,,,7.0,,,,7.5,7.8,,ttth,10,2
A00,7510203,,,,6.2,,,,4.5,6.0,,ttth,19,5
B00,7819010,,,,7.25,,,,,7.25,6.2,ttth,37,4
A01,7480201,,,9.0,8.0,,,,6.5,,,ttth,16,0
A00,7480201,,,,7.8,,,,7.25,6.75,,ttth,16,0
D01,7340205,5.4,,7.4,7.25,,,,,,,ttth,9,2
D01,7220204,8.5,,7.6,7.8,,,,,,,ttth,1,8
D01,7340115,8.0,,6.6,8.0,,,,,,,ttth,3,1
D01,7540204,7.5,,5.4,7.2,,,,,,,ttth,31,6
D01,7340115,8.0,,6.6,7.75,,,,,,,ttth,3,1
A01,7340101,,,8.2,8.2,,,,7.5,,,ttth,2,1
A00,7340301,,,,6.5,,,,7.0,7.4,,ttth,10,2
A00,7510203,,,,7.8,,,,8.0,7.25,,ttth,19,5
A01,7340301,,,7.8,7.4,,,,8.0,,,ttth,10,2
D01,7510202,6.25,,5.2,7.0,,,,,,,ttth,18,5
D01,7220204,8.2,,8.0,7.0,,,,,,,ttth,1,8
B00,7540106,,,,6.5,,,,,7.0,7.0,ttth,30,7
D01,7810202,8.0,,7.4,7.0,,,,,,,ttth,35,4
D01,7510202,6.5,,5.6,5.6,,,,,,,ttth,18,5
A00,7340101,,,,8.0,,,,7.25,8.0,,ttth,2,1
A00,7340115,,,,7.75,,,,8.0,8.0,,ttth,3,1
D07,7510303,,,7.8,7.25,,,,,8.6,,ttth,21,5
D01,7220204,7.2,,8.6,8.0,,,,,,,ttth,1,8
A01,7340101,,,8.6,8.4,,,,7.75,,,ttth,2,1
D07,7480202,,,8.0,6.5,,,,,7.0,,ttth,17,0
A00,7340201,,,,7.8,,,,8.0,7.0,,ttth,8,2
D01,7220204,8.75,,6.2,7.6,,,,,,,ttth,1,8
A01,7810103,,,8.2,7.8,,,,7.0,,,ttth,33,4
D01,7340301,8.5,,7.4,7.8,,,,,,,ttth,10,2
D01,7340120,8.6,,7.0,7.0,,,,,,,ttth,4,1
A01,7540101,,,8.6,7.25,,,,6.4,,,ttth,28,7
A01,7220201,,,8.0,8.0,,,,6.4,,,ttth,0,8
A00,7340122,,,,7.25,,,,8.25,7.2,,ttth,5,1
A00,7480201,,,,6.0,,,,7.75,8.2,,ttth,16,0
D01,7480202,6.0,,7.6,6.5,,,,,,,ttth,17,0
A00,7850101,,,,7.75,,,,6.75,6.2,,ttth,38,7
A00,7340301,,,,7.0,,,,8.5,8.0,,ttth,10,2
D01,7380107,5.2,,6.6,8.25,,,,,,,ttth,12,8
D01,7220204,7.6,,7.6,8.75,,,,,,,ttth,1,8
D01,7480202,7.6,,6.8,6.75,,,,,,,ttth,17,0
B00,7850101,,,,7.8,,,,,6.5,7.0,ttth,38,7
A00,7510401,,,,7.0,,,,6.75,7.8,,ttth,22,6
D01,7340122,7.0,,7.6,8.25,,,,,,,ttth,5,1
A01,7340101,,,7.8,7.4,,,,8.25,,,ttth,2,1
A00,7510301,,,,5.0,,,,9.0,8.2,,ttth,20,5
D01,7810103,6.25,,9.2,7.6,,,,,,,ttth,33,4
A00,7340101,,,,7.25,,,,8.0,8.2,,ttth,2,1
A00,7480202,,,,7.8,,,,7.75,5.75,,ttth,17,0
A00,7540101,,,,6.0,,,,6.75,8.0,,ttth,28,7
D01,7340120,8.25,,7.6,7.4,,,,,,,ttth,4,1
A00,7340122,,,,8.0,,,,8.25,8.2,,ttth,5,1
A01,7220201,,,7.6,8.0,,,,7.75,,,ttth,0,8
D01,7510301,5.25,,5.2,7.4,,,,,,,ttth,20,5
D01,7480202,7.0,,7.2,8.0,,,,,,,ttth,17,0
A00,7340122,,,,6.75,,,,8.25,8.4,,ttth,5,1
A00,7480201,,,,6.8,,,,7.0,8.5,,ttth,16,0
A01,7340301,,,7.2,6.5,,,,6.6,,,ttth,10,2
A00,7380107,,,,7.6,,,,6.75,7.0,,ttth,12,8
A00,7340115,,,,7.75,,,,7.0,7.6,,ttth,3,1
A00,7380107,,,,6.5,,,,6.25,7.0,,ttth,12,8
D07,7540101,,,8.8,7.8,,,,,8.25,,ttth,28,7
A00,7340201,,,,7.25,,,,8.0,7.8,,ttth,8,2
D01,7340115,7.2,,7.0,8.75,,,,,,,ttth,3,1
D01,7220201,6.5,,8.8,8.0,,,,,,,ttth,0,8
D01,7340129,7.5,,6.8,7.8,,,,,,,ttth,7,7
A00,7340115,,,,8.25,,,,7.25,8.2,,ttth,3,1
D01,7810201,7.25,,8.2,7.2,,,,,,,ttth,34,4
D01,7340115,7.6,,8.4,8.5,,,,,,,ttth,3,1
A00,7340301,,,,7.0,,,,7.0,7.6,,ttth,10,2
A01,7480201,,,8.0,7.0,,,,7.2,,,ttth,16,0
D01,7540204,6.0,,7.6,8.25,,,,,,,ttth,31,6
D01,7340201,7.4,,7.6,7.5,,,,,,,ttth,8,2
A00,7850101,,,,6.8,,,,6.25,6.0,,ttth,38,7
D01,7810202,8.0,,8.2,6.4,,,,,,,ttth,35,4
D01,7220201,8.6,,7.8,6.5,,,,,,,ttth,0,8
D01,7340301,8.5,,7.6,7.6,,,,,,,ttth,10,2
A00,7340301,,,,7.5,,,,8.0,8.2,,ttth,10,2
D01,7480201,8.0,,8.0,7.5,,,,,,,ttth,16,0
A00,7480201,,,,6.75,,,,7.25,8.2,,ttth,16,0
D01,7810201,5.8,,6.2,7.33,,,,,,,ttth,34,4
A00,7340120,,,,8.0,,,,7.5,8.0,,ttth,4,1
A00,7480202,,,,6.75,,,,8.25,7.2,,ttth,17,0
A01,7340201,,,6.8,7.5,,,,6.4,,,ttth,8,2
A00,7340115,,,,8.0,,,,7.5,8.4,,ttth,3,1
D01,7810201,7.4,,7.0,7.75,,,,,,,ttth,34,4
A00,7510303,,,,7.25,,,,5.5,7.6,,ttth,21,5
D07,7480201,,,8.2,8.75,,,,,7.2,,ttth,16,0
A00,7850101,,,,5.8,,,,5.75,6.25,,ttth,38,7
D01,7540204,6.4,,7.2,6.5,,,,,,,ttth,31,6
A00,7510401,,,,8.0,,,,5.0,7.5,,ttth,22,6
B00,7819010,,,,5.25,,,,,6.75,6.4,ttth,37,4
D01,7340120,8.4,,7.0,8.25,,,,,,,ttth,4,1
A00,7340101,,,,7.75,,,,8.0,7.6,,ttth,2,1
A00,7340115,,,,7.0,,,,6.75,8.6,,ttth,3,1
A01,7480201,,,7.4,7.0,,,,8.0,,,ttth,16,0
A01,7480201,,,9.2,7.2,,,,6.75,,,ttth,16,0
D01,7510301,8.6,,6.6,7.25,,,,,,,ttth,20,5
D01,7220201,7.8,,8.2,8.25,,,,,,,ttth,0,8
A00,7540106,,,,7.6,,,,7.75,8.25,,ttth,30,7
A00,7540106,,,,7.0,,,,6.75,7.5,,ttth,30,7
D01,7340201,5.8,,7.4,7.75,,,,,,,ttth,8,2
D09,7220204,,,8.2,9.25,,,5.8,,,,ttth,1,8
A00,7480201,,,,7.5,,,,7.75,7.6,,ttth,16,0
D01,7480201,7.0,,7.6,7.8,,,,,,,ttth,16,0
A00,7510303,,,,5.75,,,,7.25,8.2,,ttth,21,5
A01,7480202,,,8.0,7.25,,,,7.0,,,ttth,17,0
D01,7340120,7.5,,8.8,8.0,,,,,,,ttth,4,1
A01,7340101,,,8.6,8.2,,,,7.0,,,ttth,2,1
D01,7520115,3.4,,6.0,6.5,,,,,,,ttth,27,6
A00,7340201,,,,7.75,,,,8.0,6.6,,ttth,8,2
A00,7340201,,,,8.4,,,,6.5,8.0,,ttth,8,2
A00,7510203,,,,8.25,,,,5.5,8.0,,ttth,19,5
D01,7810202,5.8,,5.0,7.5,,,,,,,ttth,35,4
D07,7510401,,,7.0,6.6,,,,,8.5,,ttth,22,6
D01,7340101,9.0,,7.4,7.25,,,,,,,ttth,2,1
D01,7340115,7.8,,7.2,7.25,,,,,,,ttth,3,1
D01,7340201,6.2,,6.4,8.75,,,,,,,ttth,8,2
D01,7340201,6.2,,7.8,7.0,,,,,,,ttth,8,2
D01,7340101,6.2,,7.8,7.75,,,,,,,ttth,2,1
D01,7340301,4.8,,8.2,8.0,,,,,,,ttth,10,2
B00,7819010,,,,6.75,,,,,8.5,7.8,ttth,37,4
D01,7380107,6.4,,6.8,7.75,,,,,,,ttth,12,8
D07,7819009,,,6.8,5.25,,,,,7.0,,ttth,36,4
A01,7480201,,,6.8,8.0,,,,8.0,,,ttth,16,0
D01,7540204,6.25,,4.6,5.6,,,,,,,ttth,31,6
B00,7510401,,,,6.2,,,,,7.25,6.75,ttth,22,6
D01,7340115,7.2,,7.8,8.0,,,,,,,ttth,3,1
D01,7380107,7.4,,7.6,7.75,,,,,,,ttth,12,8
B00,7819010,,,,5.75,,,,,6.75,7.0,ttth,37,4
D07,7510301,,,6.6,6.5,,,,,5.2,,ttth,20,5
D01,7480202,7.75,,4.6,5.4,,,,,,,ttth,17,0
A00,7340120,,,,7.0,,,,8.25,8.4,,ttth,4,1
D07,7540106,,,6.8,6.8,,,,,7.0,,ttth,30,7
D01,7810201,7.0,,6.8,8.2,,,,,,,ttth,34,4
D01,7340301,6.75,,8.6,7.0,,,,,,,ttth,10,2
D01,7380107,4.6,,7.8,8.75,,,,,,,ttth,12,8
D01,7810201,4.0,,6.4,7.58,,,,,,,ttth,34,4
A00,7340301,,,,7.0,,,,6.75,7.4,,ttth,10,2
D01,7380107,7.0,,8.2,7.4,,,,,,,ttth,12,8
D01,7220201,9.0,,7.4,7.5,,,,,,,ttth,0,8
B00,7540101,,,,8.8,,,,,7.5,8.75,ttth,28,7
D01,7340301,7.25,,7.4,7.6,,,,,,,ttth,10,2
A00,7819009,,,,6.75,,,,5.5,5.6,,ttth,36,4
D01,7380107,7.75,,7.0,8.4,,,,,,,ttth,12,8
A01,7819009,,,6.4,6.0,,,,5.8,,,ttth,36,4
D01,7480201,9.2,,7.8,7.0,,,,,,,ttth,16,0
A00,7510401,,,,8.0,,,,6.0,8.0,,ttth,22,6
A00,7480202,,,,7.25,,,,6.75,6.8,,ttth,17,0
D01,7220204,8.0,,6.6,8.25,,,,,,,ttth,1,8
A00,7540106,,,,6.75,,,,8.5,7.4,,ttth,30,7
D01,7480202,7.75,,3.8,5.4,,,,,,,ttth,17,0
A00,7340129,,,,7.5,,,,6.0,7.6,,ttth,7,7
A00,7510401,,,,7.4,,,,6.5,7.0,,ttth,22,6
A00,7340120,,,,7.75,,,,7.75,8.2,,ttth,4,1
A00,7380107,,,,8.0,,,,6.75,6.75,,ttth,12,8
D01,7340122,7.8,,7.6,8.25,,,,,,,ttth,5,1
D07,7480202,,,7.8,7.5,,,,,7.8,,ttth,17,0
A00,7510401,,,,7.8,,,,6.75,6.75,,ttth,22,6
D01,7540204,5.8,,5.2,6.75,,,,,,,ttth,31,6
D07,7480201,,,7.2,7.4,,,,,7.25,,ttth,16,0
D01,7220201,6.25,,9.4,8.0,,,,,,,ttth,0,8
A00,7510401,,,,7.8,,,,6.75,6.5,,ttth,22,6
D01,7510202,4.2,,6.6,7.5,,,,,,,ttth,18,5
D01,7810103,7.4,,7.6,7.75,,,,,,,ttth,33,4
D01,7380107,6.75,,7.6,7.4,,,,,,,ttth,12,8
A00,7340301,,,,7.8,,,,6.5,8.0,,ttth,10,2
A00,7540106,,,,7.6,,,,7.25,8.0,,ttth,30,7
A00,7340115,,,,8.5,,,,8.25,7.8,,ttth,3,1
A00,7810202,,,,8.25,,,,8.5,8.0,,ttth,35,4
D01,7340201,6.0,,7.2,9.0,,,,,,,ttth,8,2
D07,7480201,,,9.2,7.6,,,,,7.25,,ttth,16,0
D01,7810202,7.5,,6.2,8.8,,,,,,,ttth,35,4
A00,7480201,,,,7.75,,,,7.0,7.4,,ttth,16,0
A00,7340101,,,,7.25,,,,7.75,7.6,,ttth,2,1
B00,7819009,,,,7.25,,,,,7.75,7.2,ttth,36,4
A00,7340301,,,,8.6,,,,7.5,7.5,,ttth,10,2
D01,7340115,6.6,,8.2,7.5,,,,,,,ttth,3,1
A00,7340201,,,,7.5,,,,6.75,7.2,,ttth,8,2
D01,7220201,7.25,,9.4,8.0,,,,,,,ttth,0,8
A00,7340101,,,,7.5,,,,7.0,8.0,,ttth,2,1
A00,7340115,,,,8.4,,,,7.25,9.25,,ttth,3,1
A01,7540106,,,8.8,7.4,,,,7.25,,,ttth,30,7
A00,7480201,,,,7.5,,,,7.5,7.8,,ttth,16,0
A00,7510401,,,,6.75,,,,8.5,6.8,,ttth,22,6
A01,7340101,,,8.0,6.5,,,,7.8,,,ttth,2,1
A00,7810201,,,,7.4,,,,7.5,8.0,,ttth,34,4
D01,7510303,7.25,,6.4,7.6,,,,,,,ttth,21,5
A01,7340115,,,7.8,8.25,,,,8.6,,,ttth,3,1
A00,7540106,,,,6.5,,,,7.25,7.6,,ttth,30,7
D01,7520115,4.6,,6.4,6.0,,,,,,,ttth,27,6
A00,7510301,,,,6.75,,,,7.75,7.4,,ttth,20,5
D01,7380107,7.75,,8.2,7.2,,,,,,,ttth,12,8
D01,7380107,5.0,,6.8,7.5,,,,,,,ttth,12,8
D07,7480201,,,7.4,6.75,,,,,7.6,,ttth,16,0
D01,7540204,6.2,,7.6,7.5,,,,,,,ttth,31,6
A00,7510203,,,,6.5,,,,8.0,6.8,,ttth,19,5
A00,7510303,,,,8.2,,,,6.25,5.0,,ttth,21,5
B00,7540106,,,,8.0,,,,,5.75,5.5,ttth,30,7
A00,7380107,,,,7.0,,,,6.0,8.25,,ttth,12,8
A00,7480201,,,,8.4,,,,6.75,8.5,,ttth,16,0
D01,7340129,6.0,,7.4,7.25,,,,,,,ttth,7,7
A01,7220201,,,8.0,7.6,,,,7.75,,,ttth,0,8
B00,7510401,,,,7.75,,,,,6.75,7.0,ttth,22,6
B00,7850101,,,,5.5,,,,,5.25,6.6,ttth,38,7
B00,7510402,,,,6.8,,,,,5.5,4.25,ttth,23,6
A00,7510203,,,,7.2,,,,6.75,5.75,,ttth,19,5
A00,7340101,,,,7.75,,,,7.5,7.6,,ttth,2,1
D01,7510202,7.2,,7.0,7.0,,,,,,,ttth,18,5
A00,7540101,,,,7.25,,,,7.75,8.2,,ttth,28,7
D01,7340115,7.4,,7.2,9.0,,,,,,,ttth,3,1
A01,7510303,,,7.8,7.25,,,,7.6,,,ttth,21,5
A01,7540106,,,7.2,8.0,,,,9.8,,,ttth,30,7
A00,7340101,,,,8.0,,,,7.75,8.75,,ttth,2,1
A01,7510303,,,7.4,7.25,,,,6.6,,,ttth,21,5
D01,7340115,6.8,,8.2,7.75,,,,,,,ttth,3,1
A00,7340101,,,,6.25,,,,7.0,7.6,,ttth,2,1
D01,7810202,8.75,,5.2,8.2,,,,,,,ttth,35,4
D01,7810201,5.4,,7.4,6.0,,,,,,,ttth,34,4
A01,7480201,,,7.6,7.25,,,,6.0,,,ttth,16,0
D07,7540101,,,7.4,8.25,,,,,6.4,,ttth,28,7
D01,7340101,7.75,,8.4,7.4,,,,,,,ttth,2,1
D01,7340115,6.6,,8.2,8.0,,,,,,,ttth,3,1
A01,7340201,,,8.2,7.6,,,,7.25,,,ttth,8,2
D01,7480201,6.5,,8.6,7.8,,,,,,,ttth,16,0
A01,7480201,,,7.4,8.25,,,,7.6,,,ttth,16,0
A00,7380107,,,,7.8,,,,7.5,7.5,,ttth,12,8
A00,7340122,,,,7.75,,,,8.0,8.4,,ttth,5,1
D01,7510202,6.4,,6.0,5.5,,,,,,,ttth,18,5
A00,7520115,,,,6.75,,,,7.0,7.4,,ttth,27,6
A00,7540101,,,,7.5,,,,7.75,6.2,,ttth,28,7
A00,7540105,,,,5.25,,,,6.75,7.4,,ttth,29,7
A00,7510303,,,,7.2,,,,7.25,6.5,,ttth,21,5
D01,7220204,8.8,,7.2,8.25,,,,,,,ttth,1,8
A01,7340201,,,8.8,7.6,,,,6.5,,,ttth,8,2
D01,7340301,7.75,,9.6,7.8,,,,,,,ttth,10,2
A00,7340115,,,,7.75,,,,8.0,7.8,,ttth,3,1
A00,7340120,,,,6.75,,,,8.0,7.6,,ttth,4,1
B00,7819009,,,,5.5,,,,,7.0,7.8,ttth,36,4
D07,7480201,,,8.4,7.8,,,,,7.5,,ttth,16,0
A00,7340201,,,,6.75,,,,6.75,7.4,,ttth,8,2
D01,7340101,7.8,,6.4,7.25,,,,,,,ttth,2,1
A00,7340115,,,,8.25,,,,8.5,7.4,,ttth,3,1
D01,7340115,7.8,,7.6,9.0,,,,,,,ttth,3,1
A00,7340301,,,,8.0,,,,8.0,7.25,,ttth,10,2
A01,7480201,,,9.4,8.6,,,,6.5,,,ttth,16,0
D09,7220204,,,8.2,8.0,,,8.0,,,,ttth,1,8
D01,7340101,7.0,,9.2,7.4,,,,,,,ttth,2,1
A00,7340101,,,,7.6,,,,7.75,7.75,,ttth,2,1
D15,7810202,6.25,5.8,6.25,,,,,,,,ttth,35,4
D07,7540101,,,8.0,7.75,,,,,7.8,,ttth,28,7
A00,7380107,,,,7.2,,,,7.5,6.75,,ttth,12,8
D01,7810202,7.5,,7.8,7.4,,,,,,,ttth,35,4
A01,7510202,,,5.8,7.2,,,,6.5,,,ttth,18,5
A01,7480201,,,7.2,7.0,,,,6.8,,,ttth,16,0
A01,7480201,,,8.6,8.0,,,,7.5,,,ttth,16,0
A00,7480201,,,,8.0,,,,6.75,7.25,,ttth,16,0
B00,7420201,,,,6.5,,,,,7.75,7.0,ttth,13,7
D01,7510203,4.6,,7.2,7.0,,,,,,,ttth,19,5
D01,7810202,7.75,,8.8,7.4,,,,,,,ttth,35,4
D01,7340101,7.0,,7.8,7.75,,,,,,,ttth,2,1
A00,7510406,,,,7.0,,,,6.5,7.2,,ttth,24,7
A00,7810201,,,,7.0,,,,8.25,8.2,,ttth,34,4
A01,7340301,,,7.8,7.0,,,,5.6,,,ttth,10,2
D01,7540204,7.0,,4.2,8.0,,,,,,,ttth,31,6
A00,7510401,,,,7.4,,,,5.25,6.25,,ttth,22,6
D01,7510301,6.25,,4.6,7.0,,,,,,,ttth,20,5
D01,7220201,7.5,,8.8,7.4,,,,,,,ttth,0,8
D01,7510301,6.5,,4.2,7.6,,,,,,,ttth,20,5
D01,7340123,7.25,,7.2,7.8,,,,,,,ttth,6,3
D01,7340129,6.4,,6.8,7.5,,,,,,,ttth,7,7
A00,7480201,,,,8.8,,,,6.75,7.25,,ttth,16,0
A00,7510203,,,,7.5,,,,8.5,8.2,,ttth,19,5
D15,7810201,8.0,5.4,7.0,,,,,,,,ttth,34,4
A01,7380107,,,8.4,6.8,,,,8.25,,,ttth,12,8
A00,7340115,,,,7.0,,,,7.25,8.4,,ttth,3,1
D01,7340122,6.4,,7.8,9.0,,,,,,,ttth,5,1
D01,7810201,7.75,,8.4,7.6,,,,,,,ttth,34,4
D01,7220201,7.0,,10.0,7.6,,,,,,,ttth,0,8
D01,7480202,5.4,,5.2,6.0,,,,,,,ttth,17,0
A00,7510202,,,,7.5,,,,7.25,7.2,,ttth,18,5
A00,7340301,,,,7.0,,,,8.0,8.2,,ttth,10,2
B00,7420201,,,,7.25,,,,,8.25,7.6,ttth,13,7
D01,7340201,6.8,,6.6,9.5,,,,,,,ttth,8,2
A01,7510202,,,6.8,5.5,,,,6.2,,,ttth,18,5
A00,7540101,,,,7.25,,,,6.5,7.6,,ttth,28,7
D01,7220201,8.6,,7.4,7.5,,,,,,,ttth,0,8
D01,7220201,7.5,,8.6,7.6,,,,,,,ttth,0,8
D01,7340120,8.25,,8.6,8.6,,,,,,,ttth,4,1
D01,7810201,8.75,,6.4,7.4,,,,,,,ttth,34,4
A00,7340201,,,,6.75,,,,7.5,7.2,,ttth,8,2
A00,7819009,,,,7.5,,,,7.25,7.4,,ttth,36,4
A00,7510301,,,,6.25,,,,6.5,7.8,,ttth,20,5
A01,7480201,,,7.0,7.2,,,,8.0,,,ttth,16,0
D01,7340301,8.4,,7.0,6.5,,,,,,,ttth,10,2
A00,7480201,,,,8.4,,,,8.25,7.5,,ttth,16,0
D01,7480202,6.75,,4.2,6.6,,,,,,,ttth,17,0
A00,7340201,,,,7.0,,,,7.25,6.2,,ttth,8,2
B00,7540101,,,,8.5,,,,,8.0,6.0,ttth,28,7
A00,7340301,,,,7.0,,,,8.0,8.6,,ttth,10,2
A00,7510401,,,,6.25,,,,8.0,3.6,,ttth,22,6
B00,7819010,,,,4.5,,,,,6.75,6.6,ttth,37,4
D01,7460108,5.2,,6.4,5.75,,,,,,,ttth,14,0
D01,7340101,8.8,,6.2,7.0,,,,,,,ttth,2,1
A00,7340101,,,,7.8,,,,8.25,7.75,,ttth,2,1
D01,7340301,7.0,,8.6,8.2,,,,,,,ttth,10,2
A00,7480202,,,,6.75,,,,7.75,9.4,,ttth,17,0
A00,7510401,,,,8.0,,,,8.0,6.8,,ttth,22,6
D01,7540204,7.5,,3.0,7.6,,,,,,,ttth,31,6
A00,7340115,,,,8.0,,,,7.5,7.6,,ttth,3,1
A00,7340201,,,,7.6,,,,7.25,8.5,,ttth,8,2
D01,7340123,6.5,,8.6,4.8,,,,,,,ttth,6,3
D07,7480201,,,7.6,7.4,,,,,8.0,,ttth,16,0
D01,7380107,7.0,,8.8,7.6,,,,,,,ttth,12,8
A00,7510301,,,,6.5,,,,7.25,7.8,,ttth,20,5
A00,7819010,,,,5.25,,,,5.5,6.2,,ttth,37,4
A00,7340115,,,,8.25,,,,8.0,8.2,,ttth,3,1
D01,7510303,6.5,,5.0,8.0,,,,,,,ttth,21,5
D01,7810202,7.4,,8.2,6.0,,,,,,,ttth,35,4
D01,7340201,7.25,,8.2,7.6,,,,,,,ttth,8,2
A00,7810202,,,,8.2,,,,7.0,8.0,,ttth,35,4
A00,7480201,,,,7.5,,,,8.5,7.8,,ttth,16,0
D01,7220201,8.25,,8.0,7.2,,,,,,,ttth,0,8
D01,7340120,8.25,,8.8,7.4,,,,,,,ttth,4,1
A00,7510303,,,,6.0,,,,5.5,6.8,,ttth,21,5
A00,7340120,,,,7.5,,,,7.0,8.4,,ttth,4,1
B00,7510401,,,,6.8,,,,,8.75,5.25,ttth,22,6
D01,7340101,7.6,,6.8,8.25,,,,,,,ttth,2,1
A00,7810201,,,,7.75,,,,8.0,7.6,,ttth,34,4
A00,7340301,,,,8.0,,,,7.25,7.25,,ttth,10,2
A00,7480201,,,,7.75,,,,8.0,8.0,,ttth,16,0
D01,7340120,8.8,,8.4,7.5,,,,,,,ttth,4,1
A00,7340201,,,,8.25,,,,7.25,7.6,,ttth,8,2
D01,7510303,7.75,,4.0,7.2,,,,,,,ttth,21,5
A00,7510203,,,,5.75,,,,5.25,7.0,,ttth,19,5
D01,7810202,6.5,,8.4,8.0,,,,,,,ttth,35,4
A00,7340301,,,,8.2,,,,7.75,8.25,,ttth,10,2
A00,7480201,,,,7.8,,,,6.75,7.25,,ttth,16,0
A00,7480201,,,,8.5,,,,6.25,7.2,,ttth,16,0
D01,7340101,7.5,,8.4,7.6,,,,,,,ttth,2,1
A00,7340129,,,,6.75,,,,7.75,7.4,,ttth,7,7
A00,7510303,,,,7.0,,,,4.25,5.25,,ttth,21,5
A00,7340301,,,,8.0,,,,7.25,7.75,,ttth,10,2
D01,7340115,8.6,,8.2,8.0,,,,,,,ttth,3,1
D09,7220204,,,6.6,9.0,,,6.2,,,,ttth,1,8
D01,7340101,8.4,,6.6,6.75,,,,,,,ttth,2,1
A01,7850101,,,8.6,7.0,,,,5.4,,,ttth,38,7
A00,7510401,,,,5.75,,,,6.0,6.8,,ttth,22,6
A00,7540101,,,,8.2,,,,7.75,7.75,,ttth,28,7
A00,7540101,,,,6.25,,,,7.75,7.8,,ttth,28,7
A00,7480201,,,,7.0,,,,7.25,6.6,,ttth,16,0
A00,7480201,,,,8.4,,,,6.75,7.25,,ttth,16,0
D07,7420201,,,8.2,7.6,,,,,7.0,,ttth,13,7
D01,7510303,6.5,,6.8,6.8,,,,,,,ttth,21,5
A01,7480201,,,8.0,8.25,,,,7.6,,,ttth,16,0
D01,7480202,5.0,,7.6,7.5,,,,,,,ttth,17,0
D07,7480201,,,7.2,8.0,,,,,8.2,,ttth,16,0
D01,7340120,7.4,,7.6,8.75,,,,,,,ttth,4,1
D07,7480201,,,7.8,8.4,,,,,7.25,,ttth,16,0
D07,7480201,,,7.8,8.0,,,,,8.0,,ttth,16,0
A00,7340101,,,,8.6,,,,7.5,8.0,,ttth,2,1
A00,7380107,,,,7.8,,,,7.75,8.25,,ttth,12,8
A00,7540106,,,,6.75,,,,7.25,7.2,,ttth,30,7
A01,7480201,,,7.0,7.5,,,,7.0,,,ttth,16,0
D01,7340120,7.75,,8.4,7.4,,,,,,,ttth,4,1
A00,7510401,,,,6.4,,,,4.0,7.0,,ttth,22,6
D07,7510401,,,6.6,7.4,,,,,7.5,,ttth,22,6
A00,7340101,,,,7.25,,,,7.5,6.6,,ttth,2,1
D01,7380107,7.4,,7.4,8.0,,,,,,,ttth,12,8
A00,7480202,,,,7.2,,,,6.25,7.0,,ttth,17,0
D01,7540204,6.0,,3.6,8.2,,,,,,,ttth,31,6
D01,7480201,6.8,,8.0,7.75,,,,,,,ttth,16,0
A00,7340120,,,,7.0,,,,7.5,7.8,,ttth,4,1
D01,7810201,4.4,,7.2,8.0,,,,,,,ttth,34,4
D01,7220204,5.4,,7.6,8.25,,,,,,,ttth,1,8
A00,7510401,,,,7.2,,,,5.0,5.5,,ttth,22,6
D01,7510203,6.25,,5.0,7.2,,,,,,,ttth,19,5
D01,7220201,8.5,,7.8,7.4,,,,,,,ttth,0,8
A01,7540101,,,7.4,7.5,,,,7.6,,,ttth,28,7
D01,7340205,7.0,,5.6,5.75,,,,,,,ttth,9,2
A00,7420201,,,,6.75,,,,6.75,7.0,,ttth,13,7
A00,7480201,,,,8.5,,,,8.0,7.2,,ttth,16,0
D15,7380107,7.25,7.2,7.5,,,,,,,,ttth,12,8
A00,7340201,,,,6.25,,,,7.25,7.6,,ttth,8,2
A00,7510401,,,,7.25,,,,8.0,7.6,,ttth,22,6
D01,7220204,7.8,,8.0,7.5,,,,,,,ttth,1,8
B00,7510401,,,,5.0,,,,,4.5,7.4,ttth,22,6
A00,7480201,,,,7.5,,,,7.5,8.2,,ttth,16,0
A01,7340301,,,7.0,7.25,,,,8.8,,,ttth,10,2
D01,7340120,8.8,,7.2,7.0,,,,,,,ttth,4,1
A00,7540101,,,,6.75,,,,7.25,7.8,,ttth,28,7
D01,7540204,7.0,,7.4,7.0,,,,,,,ttth,31,6
D01,7380107,6.4,,8.4,6.5,,,,,,,ttth,12,8
A00,7540106,,,,7.2,,,,6.75,5.75,,ttth,30,7
A00,7510203,,,,6.0,,,,5.5,6.6,,ttth,19,5
A00,7480201,,,,6.75,,,,7.25,8.0,,ttth,16,0
D01,7480202,6.5,,6.8,7.6,,,,,,,ttth,17,0
D01,7810202,8.5,,6.8,7.2,,,,,,,ttth,35,4
A01,7340115,,,8.6,8.2,,,,8.0,,,ttth,3,1
D01,7220201,8.5,,7.2,7.2,,,,,,,ttth,0,8
D01,7340120,6.6,,6.8,8.75,,,,,,,ttth,4,1
A00,7480202,,,,7.25,,,,7.0,8.0,,ttth,17,0
B00,7540101,,,,8.0,,,,,7.75,8.2,ttth,28,7
D01,7480201,7.75,,7.4,7.8,,,,,,,ttth,16,0
A00,7340101,,,,8.0,,,,7.25,7.6,,ttth,2,1
D01,7340301,7.4,,6.6,6.0,,,,,,,ttth,10,2
B00,7420201,,,,8.2,,,,,8.25,6.0,ttth,13,7
A00,7810202,,,,7.6,,,,7.0,7.75,,ttth,35,4
D15,7380107,6.5,4.8,7.75,,,,,,,,ttth,12,8
D01,7510202,6.75,,6.8,5.8,,,,,,,ttth,18,5
A00,7510303,,,,7.0,,,,7.0,6.6,,ttth,21,5
D01,7380107,5.6,,6.2,7.75,,,,,,,ttth,12,8
A00,7510401,,,,6.75,,,,8.0,7.2,,ttth,22,6
A01,7510303,,,8.0,6.75,,,,8.2,,,ttth,21,5
D01,7340115,9.2,,8.0,7.25,,,,,,,ttth,3,1
A01,7340301,,,7.0,7.5,,,,8.2,,,ttth,10,2
A00,7810202,,,,7.2,,,,7.75,7.75,,ttth,35,4
A01,7480201,,,8.4,7.8,,,,7.75,,,ttth,16,0
D01,7340101,7.5,,8.4,7.8,,,,,,,ttth,2,1
A00,7340120,,,,5.75,,,,7.0,8.0,,ttth,4,1
D01,7340115,7.2,,7.8,7.25,,,,,,,ttth,3,1
A01,7340120,,,9.2,8.8,,,,6.75,,,ttth,4,1
D01,7480201,8.4,,8.6,6.75,,,,,,,ttth,16,0
D01,7340101,8.75,,7.6,8.0,,,,,,,ttth,2,1
D01,7480201,7.0,,6.4,7.5,,,,,,,ttth,16,0
D07,7540101,,,8.8,8.0,,,,,7.25,,ttth,28,7
A00,7480202,,,,7.25,,,,7.5,7.8,,ttth,17,0
D01,7510301,7.75,,5.8,7.2,,,,,,,ttth,20,5
A00,7340101,,,,6.75,,,,6.5,8.4,,ttth,2,1
A01,7480201,,,7.8,8.75,,,,6.6,,,ttth,16,0
D09,7220201,,,5.6,8.25,,,9.0,,,,ttth,0,8
A00,7480201,,,,7.5,,,,7.0,7.8,,ttth,16,0
D07,7510401,,,8.0,7.2,,,,,7.25,,ttth,22,6
D15,7810202,6.0,6.4,7.75,,,,,,,,ttth,35,4
A01,7510202,,,6.8,7.5,,,,6.8,,,ttth,18,5
D01,7480202,5.25,,7.2,6.0,,,,,,,ttth,17,0
D01,7510202,4.0,,6.4,6.75,,,,,,,ttth,18,5
D01,7510301,7.75,,5.6,7.8,,,,,,,ttth,20,5
A00,7340120,,,,6.75,,,,8.0,7.8,,ttth,4,1
D01,7480201,6.75,,9.8,7.0,,,,,,,ttth,16,0
D01,7810201,7.25,,8.0,7.8,,,,,,,ttth,34,4
D01,7510301,6.75,,4.0,7.2,,,,,,,ttth,20,5
A00,7340201,,,,7.25,,,,8.75,7.8,,ttth,8,2
D01,7540204,7.75,,4.8,6.6,,,,,,,ttth,31,6
D01,7480201,7.4,,7.6,7.25,,,,,,,ttth,16,0
A00,7340301,,,,7.5,,,,7.25,6.8,,ttth,10,2
A00,7340101,,,,5.5,,,,8.0,7.6,,ttth,2,1
D01,7480201,7.0,,7.2,6.75,,,,,,,ttth,16,0
D01,7340101,7.0,,7.4,8.0,,,,,,,ttth,2,1
D07,7540101,,,7.8,7.75,,,,,8.6,,ttth,28,7
D07,7510203,,,6.8,7.25,,,,,7.6,,ttth,19,5
D01,7380107,7.0,,7.4,8.0,,,,,,,ttth,12,8
A00,7340101,,,,6.25,,,,7.0,7.8,,ttth,2,1
D01,7340201,8.5,,6.2,7.6,,,,,,,ttth,8,2
B00,7420201,,,,5.75,,,,,7.5,7.2,ttth,13,7
A01,7540106,,,6.6,7.0,,,,6.0,,,ttth,30,7
B00,7540101,,,,6.75,,,,,9.0,6.8,ttth,28,7
A00,7480201,,,,7.5,,,,8.0,7.6,,ttth,16,0
A00,7340301,,,,8.0,,,,6.75,7.4,,ttth,10,2
D01,7340115,8.0,,7.6,8.5,,,,,,,ttth,3,1
A01,7340201,,,7.8,8.2,,,,6.5,,,ttth,8,2
D01,7510303,5.2,,7.0,6.25,,,,,,,ttth,21,5
D07,7420201,,,8.6,8.4,,,,,7.75,,ttth,13,7
D01,7480202,5.8,,6.0,6.5,,,,,,,ttth,17,0
A01,7340120,,,8.0,7.75,,,,7.6,,,ttth,4,1
A00,7460108,,,,7.25,,,,6.25,7.4,,ttth,14,0
A00,7340120,,,,7.5,,,,8.25,8.0,,ttth,4,1
A00,7480201,,,,7.0,,,,8.25,7.8,,ttth,16,0
A01,7340115,,,9.0,8.0,,,,7.0,,,ttth,3,1
A01,7819010,,,6.6,5.5,,,,4.6,,,ttth,37,4
D01,7380107,7.5,,6.2,8.0,,,,,,,ttth,12,8
D01,7480201,4.6,,7.6,8.25,,,,,,,ttth,16,0
A00,7540106,,,,6.5,,,,6.5,7.2,,ttth,30,7
D01,7380107,7.8,,6.6,8.0,,,,,,,ttth,12,8
D01,7380107,7.0,,7.0,7.0,,,,,,,ttth,12,8
D01,7340123,6.5,,7.2,5.8,,,,,,,ttth,6,3
A00,7810202,,,,8.4,,,,7.0,7.25,,ttth,35,4
A00,7340201,,,,7.5,,,,8.0,7.6,,ttth,8,2
D01,7480201,7.5,,8.6,6.2,,,,,,,ttth,16,0
D01,7810103,7.25,,7.4,7.8,,,,,,,ttth,33,4
D07,7510202,,,7.4,7.25,,,,,7.0,,ttth,18,5
A01,7480202,,,7.0,7.4,,,,6.75,,,ttth,17,0
A01,7340120,,,7.2,8.0,,,,7.4,,,ttth,4,1
A00,7420201,,,,7.75,,,,7.0,6.8,,ttth,13,7
A00,7340201,,,,8.0,,,,7.75,7.8,,ttth,8,2
A01,7340120,,,7.4,7.5,,,,6.8,,,ttth,4,1
D01,7810103,7.5,,7.4,7.6,,,,,,,ttth,33,4
D01,7510202,7.2,,5.0,6.0,,,,,,,ttth,18,5
A01,7480202,,,7.0,7.0,,,,6.8,,,ttth,17,0
A00,7340301,,,,7.5,,,,8.0,8.4,,ttth,10,2
A00,7480201,,,,8.5,,,,8.0,7.4,,ttth,16,0
A00,7340115,,,,7.25,,,,8.0,7.8,,ttth,3,1
A00,7340101,,,,8.0,,,,7.5,8.25,,ttth,2,1
D01,7810201,7.4,,5.8,6.0,,,,,,,ttth,34,4
A00,7380107,,,,7.4,,,,7.0,7.25,,ttth,12,8
D01,7380107,8.25,,6.8,8.4,,,,,,,ttth,12,8
A00,7510202,,,,6.4,,,,7.25,4.75,,ttth,18,5
D01,7480201,8.6,,8.8,7.75,,,,,,,ttth,16,0
A00,7850101,,,,6.8,,,,6.5,6.0,,ttth,38,7
A00,7340120,,,,6.75,,,,8.0,8.2,,ttth,4,1
A00,7380107,,,,7.6,,,,7.0,7.5,,ttth,12,8
A00,7540101,,,,8.2,,,,8.0,8.75,,ttth,28,7
A00,7340301,,,,6.25,,,,7.75,6.2,,ttth,10,2
B00,7540101,,,,7.0,,,,,7.75,8.0,ttth,28,7
D01,7510203,6.5,,9.2,6.6,,,,,,,ttth,19,5
A01,7540101,,,8.8,8.0,,,,6.5,,,ttth,28,7
A00,7460108,,,,6.75,,,,7.0,7.4,,ttth,14,0
D07,7510303,,,6.8,6.4,,,,,5.0,,ttth,21,5
D07,7540106,,,5.8,5.4,,,,,6.25,,ttth,30,7
A00,7480201,,,,7.5,,,,7.0,7.4,,ttth,16,0
A00,7810201,,,,8.0,,,,6.5,7.75,,ttth,34,4
D01,7340123,5.4,,7.2,7.5,,,,,,,ttth,6,3
D01,7340301,7.75,,7.2,8.4,,,,,,,ttth,10,2
A01,7510202,,,8.0,6.0,,,,5.4,,,ttth,18,5
A00,7340301,,,,6.75,,,,7.75,8.4,,ttth,10,2
D01,7220201,7.75,,8.6,7.4,,,,,,,ttth,0,8
D01,7510301,6.5,,5.8,5.4,,,,,,,ttth,20,5
B00,7540105,,,,6.5,,,,,7.5,7.2,ttth,29,7
D01,7480202,7.0,,9.0,6.0,,,,,,,ttth,17,0
D07,7540101,,,7.4,8.0,,,,,6.8,,ttth,28,7
D01,7340123,6.5,,4.8,7.0,,,,,,,ttth,6,3
A00,7819010,,,,6.25,,,,5.0,6.6,,ttth,37,4
D01,7480202,4.8,,7.4,6.75,,,,,,,ttth,17,0
A00,7540101,,,,7.0,,,,7.5,7.8,,ttth,28,7
D01,7340205,5.2,,6.8,6.75,,,,,,,ttth,9,2
A01,7540204,,,9.4,8.6,,,,8.75,,,ttth,31,6
D01,7510303,5.6,,7.6,8.25,,,,,,,ttth,21,5
A00,7340120,,,,7.5,,,,7.75,7.8,,ttth,4,1
A00,7380107,,,,6.75,,,,8.75,7.6,,ttth,12,8
D15,7380107,7.25,5.2,8.5,,,,,,,,ttth,12,8
A00,7340120,,,,8.2,,,,7.75,7.5,,ttth,4,1
A00,7540101,,,,7.75,,,,7.5,7.4,,ttth,28,7
D01,7340120,8.25,,8.4,7.4,,,,,,,ttth,4,1
D01,7220201,7.5,,8.0,7.6,,,,,,,ttth,0,8
D01,7810202,6.2,,7.6,6.25,,,,,,,ttth,35,4
A00,7340101,,,,6.5,,,,7.0,8.2,,ttth,2,1
D01,7340120,8.0,,7.8,8.0,,,,,,,ttth,4,1
D01,7340301,7.6,,7.6,8.25,,,,,,,ttth,10,2
A01,7340120,,,7.6,6.75,,,,8.2,,,ttth,4,1
D01,7810202,6.75,,8.4,7.2,,,,,,,ttth,35,4
D01,7340129,5.6,,7.4,8.5,,,,,,,ttth,7,7
A00,7340301,,,,8.2,,,,7.0,7.25,,ttth,10,2
D01,7510303,5.5,,4.2,7.4,,,,,,,ttth,21,5
A00,7340115,,,,7.5,,,,8.75,7.6,,ttth,3,1
D01,7520115,6.5,,5.4,7.0,,,,,,,ttth,27,6
D01,7340120,8.0,,7.0,8.0,,,,,,,ttth,4,1
A00,7340101,,,,8.5,,,,7.5,7.2,,ttth,2,1
D07,7510303,,,7.0,6.2,,,,,8.25,,ttth,21,5
D01,7810103,8.75,,6.8,7.0,,,,,,,ttth,33,4
A01,7510301,,,5.0,7.6,,,,5.0,,,ttth,20,5
D01,7340201,6.8,,6.6,7.75,,,,,,,ttth,8,2
A01,7340101,,,6.8,7.0,,,,7.2,,,ttth,2,1
A00,7480202,,,,7.4,,,,5.75,7.5,,ttth,17,0
D01,7220201,6.8,,6.8,7.75,,,,,,,ttth,0,8
D01,7340115,7.8,,7.4,8.5,,,,,,,ttth,3,1
D01,7480201,8.4,,7.4,6.25,,,,,,,ttth,16,0
A00,7340201,,,,7.75,,,,7.25,6.8,,ttth,8,2
A00,7540101,,,,6.75,,,,7.75,7.0,,ttth,28,7
A00,7340301,,,,7.5,,,,7.5,7.2,,ttth,10,2
A01,7340115,,,7.0,7.75,,,,8.0,,,ttth,3,1
D07,7480201,,,7.8,7.75,,,,,8.0,,ttth,16,0
A00,7340120,,,,8.0,,,,7.25,7.5,,ttth,4,1
B00,7540106,,,,6.25,,,,,5.75,6.6,ttth,30,7
A01,7819010,,,7.6,7.0,,,,4.6,,,ttth,37,4
A00,7340301,,,,8.0,,,,7.0,7.75,,ttth,10,2
A01,7220201,,,7.8,8.0,,,,8.0,,,ttth,0,8
D07,7480201,,,7.6,7.6,,,,,8.0,,ttth,16,0
D01,7340301,8.5,,8.2,7.0,,,,,,,ttth,10,2
D01,7480201,8.4,,7.0,8.0,,,,,,,ttth,16,0
D01,7480201,6.6,,7.8,8.0,,,,,,,ttth,16,0
A00,7480201,,,,8.0,,,,8.0,7.4,,ttth,16,0
A01,7540101,,,8.4,8.6,,,,7.5,,,ttth,28,7
D01,7810201,5.2,,7.2,8.0,,,,,,,ttth,34,4
A01,7340123,,,7.0,6.75,,,,7.8,,,ttth,6,3
A00,7480201,,,,8.0,,,,8.0,8.0,,ttth,16,0
D01,7220204,6.25,,9.0,7.8,,,,,,,ttth,1,8
A00,7340101,,,,8.6,,,,7.5,8.5,,ttth,2,1
A01,7510203,,,7.2,7.25,,,,6.8,,,ttth,19,5
A00,7480201,,,,8.25,,,,7.25,7.6,,ttth,16,0
D01,7340115,8.4,,7.6,6.75,,,,,,,ttth,3,1
D01,7520115,6.2,,7.2,6.5,,,,,,,ttth,27,6
D01,7810202,6.75,,8.6,8.2,,,,,,,ttth,35,4
A01,7480201,,,7.8,7.0,,,,8.5,,,ttth,16,0
D01,7220201,8.8,,7.0,6.5,,,,,,,ttth,0,8
A00,7540106,,,,7.8,,,,6.25,7.25,,ttth,30,7
A00,7380107,,,,7.4,,,,7.75,6.25,,ttth,12,8
A00,7340201,,,,8.25,,,,7.5,6.8,,ttth,8,2
A00,7340301,,,,8.25,,,,7.0,8.4,,ttth,10,2
A01,7220201,,,8.2,7.25,,,,8.8,,,ttth,0,8
A00,7380107,,,,8.4,,,,7.0,5.5,,ttth,12,8
B00,7850101,,,,5.75,,,,,6.0,6.2,ttth,38,7
A00,7480201,,,,7.0,,,,7.75,8.6,,ttth,16,0
A01,7340301,,,6.8,8.25,,,,7.4,,,ttth,10,2
D15,7810202,7.5,6.0,5.75,,,,,,,,ttth,35,4
A00,7340115,,,,8.25,,,,8.5,8.2,,ttth,3,1
B00,7510401,,,,5.75,,,,,6.25,5.4,ttth,22,6
A01,7340201,,,8.4,6.75,,,,8.6,,,ttth,8,2
A01,7340101,,,8.4,8.4,,,,7.75,,,ttth,2,1
A00,7340301,,,,7.0,,,,8.25,8.0,,ttth,10,2
A00,7340301,,,,8.0,,,,7.25,7.5,,ttth,10,2
A00,7850101,,,,6.25,,,,5.25,7.2,,ttth,38,7
A01,7340123,,,7.8,7.6,,,,6.75,,,ttth,6,3
D01,7540204,6.5,,7.0,6.6,,,,,,,ttth,31,6
A01,7420201,,,4.2,6.8,,,,6.0,,,ttth,13,7
A00,7480201,,,,7.0,,,,7.5,7.0,,ttth,16,0
A00,7340101,,,,8.25,,,,8.0,8.2,,ttth,2,1
D01,7340129,6.4,,6.8,7.25,,,,,,,ttth,7,7
D01,7340129,8.5,,4.4,7.8,,,,,,,ttth,7,7
B00,7540106,,,,8.2,,,,,7.5,7.5,ttth,30,7
D01,7480201,8.0,,8.0,7.5,,,,,,,ttth,16,0
A01,7480201,,,7.4,6.5,,,,8.2,,,ttth,16,0
D01,7340201,7.0,,6.6,7.75,,,,,,,ttth,8,2
A00,7810103,,,,7.5,,,,7.5,8.2,,ttth,33,4
D01,7810202,8.0,,8.2,7.4,,,,,,,ttth,35,4
A00,7340301,,,,6.75,,,,8.25,7.6,,ttth,10,2
D01,7810202,8.5,,7.4,7.4,,,,,,,ttth,35,4
B00,7420201,,,,6.25,,,,,7.5,6.4,ttth,13,7
A00,7480201,,,,8.0,,,,8.25,8.6,,ttth,16,0
A00,7340101,,,,7.25,,,,8.25,8.6,,ttth,2,1
D01,7340201,8.2,,7.2,6.0,,,,,,,ttth,8,2
A00,7340129,,,,6.75,,,,8.0,7.6,,ttth,7,7
A00,7510203,,,,5.6,,,,4.25,6.5,,ttth,19,5
D01,7810202,6.2,,7.8,8.0,,,,,,,ttth,35,4
D01,7220204,6.4,,7.4,7.75,,,,,,,ttth,1,8
D01,7340201,8.25,,6.8,9.2,,,,,,,ttth,8,2
B00,7540101,,,,7.5,,,,,7.0,7.4,ttth,28,7
D01,7510301,5.0,,5.4,6.25,,,,,,,ttth,20,5
D01,7340301,7.25,,7.6,8.2,,,,,,,ttth,10,2
A01,7340115,,,7.6,7.75,,,,7.6,,,ttth,3,1
D01,7220204,8.75,,7.8,8.0,,,,,,,ttth,1,8
A01,7340115,,,8.2,6.25,,,,8.2,,,ttth,3,1
D01,7480201,7.75,,8.2,6.8,,,,,,,ttth,16,0
A00,7340115,,,,8.0,,,,8.5,7.8,,ttth,3,1
D01,7460108,7.6,,6.6,6.25,,,,,,,ttth,14,0
D01,7810202,7.4,,6.2,7.75,,,,,,,ttth,35,4
D01,7810103,9.2,,8.0,7.5,,,,,,,ttth,33,4
A00,7340301,,,,7.0,,,,8.0,8.4,,ttth,10,2
A01,7340101,,,8.8,8.2,,,,7.25,,,ttth,2,1
D01,7810201,7.5,,7.6,7.6,,,,,,,ttth,34,4
D01,7340120,6.6,,6.8,8.75,,,,,,,ttth,4,1
D01,7340101,6.4,,6.6,7.75,,,,,,,ttth,2,1
D01,7220204,8.25,,8.8,7.8,,,,,,,ttth,1,8
A00,7340201,,,,7.75,,,,8.0,8.0,,ttth,8,2
D01,7340115,6.4,,8.4,8.0,,,,,,,ttth,3,1
D01,7480202,6.6,,8.2,7.75,,,,,,,ttth,17,0
A01,7510203,,,5.8,6.8,,,,7.0,,,ttth,19,5
B00,7819010,,,,6.25,,,,,6.25,6.2,ttth,37,4
A00,7480201,,,,7.75,,,,7.0,7.2,,ttth,16,0
A00,7380107,,,,7.8,,,,7.0,7.25,,ttth,12,8
A00,7510303,,,,7.25,,,,8.5,7.6,,ttth,21,5
D01,7340301,8.5,,8.2,6.4,,,,,,,ttth,10,2
D01,7510203,6.4,,6.6,6.5,,,,,,,ttth,19,5
D01,7340122,7.6,,7.4,8.0,,,,,,,ttth,5,1
D01,7510303,6.5,,7.8,7.6,,,,,,,ttth,21,5
A00,7810103,,,,6.0,,,,7.0,7.0,,ttth,33,4
D01,7340129,6.0,,7.2,7.5,,,,,,,ttth,7,7
D01,7340301,7.5,,8.2,7.6,,,,,,,ttth,10,2
A00,7480201,,,,8.2,,,,6.5,7.75,,ttth,16,0
D01,7380107,3.6,,7.0,8.5,,,,,,,ttth,12,8
A00,7510303,,,,5.75,,,,8.0,8.2,,ttth,21,5
D01,7380107,8.8,,7.8,6.5,,,,,,,ttth,12,8
A01,7340301,,,8.2,7.6,,,,7.5,,,ttth,10,2
A01,7510301,,,6.4,5.75,,,,7.6,,,ttth,20,5
A01,7340201,,,8.2,8.6,,,,7.75,,,ttth,8,2
A00,7340101,,,,7.75,,,,7.75,7.6,,ttth,2,1
D01,7510301,7.2,,6.0,5.75,,,,,,,ttth,20,5
D01,7340201,5.2,,7.2,9.5,,,,,,,ttth,8,2
D07,7510401,,,7.2,7.4,,,,,7.25,,ttth,22,6
D01,7510202,6.5,,7.4,7.4,,,,,,,ttth,18,5
D07,7540106,,,7.6,7.25,,,,,8.0,,ttth,30,7
A00,7510203,,,,5.75,,,,6.5,7.8,,ttth,19,5
A01,7810201,,,7.2,5.5,,,,5.8,,,ttth,34,4
A00,7480201,,,,7.5,,,,7.75,8.2,,ttth,16,0
D07,7540106,,,6.2,6.25,,,,,7.6,,ttth,30,7
D01,7810201,6.6,,6.8,6.25,,,,,,,ttth,34,4
A00,7540101,,,,8.0,,,,8.5,7.5,,ttth,28,7
A01,7340115,,,8.4,7.75,,,,7.8,,,ttth,3,1
A00,7380107,,,,7.8,,,,6.75,7.5,,ttth,12,8
D15,7810103,6.75,7.4,8.75,,,,,,,,ttth,33,4
D01,7480202,8.25,,5.4,6.8,,,,,,,ttth,17,0
D01,7810103,7.75,,7.6,7.8,,,,,,,ttth,33,4
A00,7480201,,,,7.0,,,,7.25,6.4,,ttth,16,0
A00,7340101,,,,7.0,,,,7.25,7.6,,ttth,2,1
D07,7540101,,,7.6,7.75,,,,,5.8,,ttth,28,7
D01,7340129,7.6,,6.8,7.25,,,,,,,ttth,7,7
A00,7480202,,,,7.0,,,,7.75,8.0,,ttth,17,0
D01,7380107,9.0,,6.4,6.2,,,,,,,ttth,12,8
A00,7340115,,,,7.75,,,,7.75,8.8,,ttth,3,1
A00,7340115,,,,7.25,,,,8.0,8.0,,ttth,3,1
D01,7510301,5.5,,5.6,7.2,,,,,,,ttth,20,5
D01,7480201,7.8,,6.8,6.0,,,,,,,ttth,16,0
A01,7340120,,,8.4,8.2,,,,7.0,,,ttth,4,1
A00,7340101,,,,8.8,,,,8.25,6.75,,ttth,2,1
D01,7510303,6.5,,3.8,7.0,,,,,,,ttth,21,5
A00,7510303,,,,7.75,,,,6.25,7.4,,ttth,21,5
A00,7340120,,,,8.6,,,,7.0,7.75,,ttth,4,1
D01,7510301,5.8,,8.0,7.25,,,,,,,ttth,20,5
D01,7340301,6.0,,7.6,7.75,,,,,,,ttth,10,2
D01,7510301,8.75,,5.2,7.8,,,,,,,ttth,20,5
D01,7510203,4.8,,6.4,6.25,,,,,,,ttth,19,5
D01,7340101,6.2,,7.8,8.0,,,,,,,ttth,2,1
D01,7340120,8.25,,7.8,7.4,,,,,,,ttth,4,1
D01,7340120,7.4,,7.2,7.75,,,,,,,ttth,4,1
B00,7420201,,,,7.5,,,,,7.0,7.2,ttth,13,7
A00,7540101,,,,7.5,,,,7.5,7.2,,ttth,28,7
D01,7510301,7.25,,7.8,6.4,,,,,,,ttth,20,5
D01,7340120,8.2,,7.4,8.5,,,,,,,ttth,4,1
B00,7540101,,,,8.4,,,,,8.5,8.0,ttth,28,7
A00,7540106,,,,7.6,,,,6.25,6.0,,ttth,30,7
B00,7420201,,,,8.0,,,,,8.0,7.6,ttth,13,7
A01,7819010,,,7.4,7.5,,,,7.6,,,ttth,37,4
A00,7340301,,,,8.4,,,,7.0,7.25,,ttth,10,2
D01,7480202,5.4,,6.4,6.75,,,,,,,ttth,17,0
A00,7340115,,,,7.75,,,,7.75,7.8,,ttth,3,1
D01,7810103,8.0,,7.0,7.6,,,,,,,ttth,33,4
D01,7220201,6.4,,8.2,7.75,,,,,,,ttth,0,8
B00,7540101,,,,7.0,,,,,8.0,8.0,ttth,28,7
D01,7340205,6.4,,6.6,7.25,,,,,,,ttth,9,2
D01,7340115,7.25,,8.6,8.6,,,,,,,ttth,3,1
D01,7480201,8.0,,8.6,8.4,,,,,,,ttth,16,0
B00,7540101,,,,7.5,,,,,7.5,7.2,ttth,28,7
D01,7340115,7.6,,7.2,7.75,,,,,,,ttth,3,1
A00,7340301,,,,6.5,,,,7.25,7.6,,ttth,10,2
A01,7340129,,,8.2,7.2,,,,6.5,,,ttth,7,7
A00,7340201,,,,7.25,,,,7.75,7.2,,ttth,8,2
A00,7340122,,,,8.25,,,,8.25,8.2,,ttth,5,1
A00,7340201,,,,8.4,,,,6.75,7.25,,ttth,8,2
D01,7340201,7.0,,7.6,8.2,,,,,,,ttth,8,2
D07,7850101,,,7.2,6.4,,,,,7.25,,ttth,38,7
A01,7220204,,,7.8,7.0,,,,6.6,,,ttth,1,8
A00,7340129,,,,7.5,,,,6.25,7.8,,ttth,7,7
A00,7340120,,,,7.75,,,,8.0,7.4,,ttth,4,1
D01,7340201,5.6,,7.6,7.25,,,,,,,ttth,8,2
A00,7480201,,,,6.25,,,,7.25,8.2,,ttth,16,0
D01,7380107,7.5,,7.2,8.0,,,,,,,ttth,12,8
A00,7540204,,,,7.4,,,,5.75,6.0,,ttth,31,6
D01,7220201,9.0,,6.2,7.5,,,,,,,ttth,0,8
D01,7220201,7.0,,6.6,7.5,,,,,,,ttth,0,8
B00,7819010,,,,7.25,,,,,8.25,7.8,ttth,37,4
D01,7480201,6.75,,7.0,8.8,,,,,,,ttth,16,0
D01,7810201,7.2,,7.6,7.5,,,,,,,ttth,34,4
A00,7480201,,,,7.8,,,,8.25,6.75,,ttth,16,0
D09,7220201,,,6.6,8.25,,,7.0,,,,ttth,0,8
D01,7510303,5.2,,6.8,5.75,,,,,,,ttth,21,5
D01,7380107,7.2,,7.0,8.5,,,,,,,ttth,12,8
D07,7480201,,,7.8,7.75,,,,,6.8,,ttth,16,0
D01,7810201,7.75,,8.8,6.2,,,,,,,ttth,34,4
D07,7540101,,,7.2,7.25,,,,,7.8,,ttth,28,7
A00,7340101,,,,7.25,,,,7.75,7.6,,ttth,2,1
D01,7340205,5.8,,7.8,6.25,,,,,,,ttth,9,2
A01,7220201,,,8.2,8.2,,,,8.5,,,ttth,0,8
A01,7420201,,,8.2,7.5,,,,7.2,,,ttth,13,7
D01,7380107,7.75,,6.8,7.0,,,,,,,ttth,12,8
B00,7510401,,,,6.6,,,,,7.75,6.75,ttth,22,6
A00,7480202,,,,7.4,,,,7.75,6.25,,ttth,17,0
D01,7810201,5.8,,8.2,6.0,,,,,,,ttth,34,4
D01,7340115,7.4,,8.2,8.0,,,,,,,ttth,3,1
D01,7340120,7.75,,8.6,6.8,,,,,,,ttth,4,1
D01,7810202,6.8,,7.4,7.25,,,,,,,ttth,35,4
A00,7540106,,,,7.0,,,,5.5,6.0,,ttth,30,7
D07,7480201,,,8.6,7.0,,,,,6.5,,ttth,16,0
D01,7340120,9.0,,7.4,6.0,,,,,,,ttth,4,1
D01,7220204,8.5,,7.2,7.0,,,,,,,ttth,1,8
A01,7480201,,,8.2,8.25,,,,6.8,,,ttth,16,0
A01,7340120,,,9.0,8.0,,,,7.25,,,ttth,4,1
D01,7480201,7.75,,9.2,8.2,,,,,,,ttth,16,0
A01,7819010,,,7.8,6.0,,,,5.0,,,ttth,37,4
D01,7340301,8.5,,6.0,8.8,,,,,,,ttth,10,2
D01,7340301,8.4,,8.0,6.5,,,,,,,ttth,10,2
A01,7340120,,,8.8,8.0,,,,7.25,,,ttth,4,1
D15,7810201,7.0,6.6,8.75,,,,,,,,ttth,34,4
D01,7480202,5.75,,5.2,5.0,,,,,,,ttth,17,0
A00,7480202,,,,8.25,,,,8.5,7.6,,ttth,17,0
D07,7510401,,,7.0,7.5,,,,,6.8,,ttth,22,6
D07,7510401,,,7.6,5.0,,,,,5.2,,ttth,22,6
A01,7810103,,,8.6,8.2,,,,6.75,,,ttth,33,4
D01,7480202,8.0,,6.2,5.5,,,,,,,ttth,17,0
A01,7340120,,,8.6,7.75,,,,7.6,,,ttth,4,1
B00,7510401,,,,6.8,,,,,6.75,5.75,ttth,22,6
A00,7510401,,,,7.0,,,,7.5,7.4,,ttth,22,6
D01,7480201,8.8,,7.0,7.0,,,,,,,ttth,16,0
D07,7850101,,,7.4,7.4,,,,,8.25,,ttth,38,7
D01,7220201,7.5,,8.2,8.0,,,,,,,ttth,0,8
A00,7340301,,,,5.75,,,,7.0,7.4,,ttth,10,2
D07,7540105,,,6.0,6.2,,,,,7.25,,ttth,29,7
A00,7480201,,,,8.4,,,,7.0,8.0,,ttth,16,0
A00,7480202,,,,5.8,,,,6.25,6.75,,ttth,17,0
D07,7480201,,,7.4,7.25,,,,,6.6,,ttth,16,0
D07,7510303,,,7.8,7.0,,,,,7.0,,ttth,21,5
A00,7340101,,,,8.0,,,,5.75,7.2,,ttth,2,1
A01,7480201,,,8.6,8.0,,,,8.0,,,ttth,16,0
A00,7340301,,,,7.2,,,,7.5,8.25,,ttth,10,2
D01,7480201,7.75,,9.4,7.6,,,,,,,ttth,16,0
D01,7340120,6.8,,8.2,8.0,,,,,,,ttth,4,1
A00,7480201,,,,7.8,,,,7.25,7.0,,ttth,16,0
D01,7510303,7.25,,5.2,6.4,,,,,,,ttth,21,5
D01,7510301,6.0,,8.0,6.2,,,,,,,ttth,20,5
D01,7510301,5.4,,7.0,7.5,,,,,,,ttth,20,5
D01,7340101,5.2,,7.8,8.25,,,,,,,ttth,2,1
A00,7480201,,,,8.25,,,,7.0,7.8,,ttth,16,0
D01,7520115,4.2,,7.2,7.5,,,,,,,ttth,27,6
A00,7480201,,,,6.5,,,,7.75,8.8,,ttth,16,0
A01,7340201,,,8.4,8.2,,,,7.25,,,ttth,8,2
D01,7810202,8.8,,8.4,7.25,,,,,,,ttth,35,4
A00,7480201,,,,7.5,,,,7.5,8.0,,ttth,16,0
A00,7819010,,,,6.75,,,,5.0,6.2,,ttth,37,4
A01,7340301,,,7.2,6.5,,,,7.4,,,ttth,10,2
A00,7810202,,,,7.0,,,,7.5,7.6,,ttth,35,4
B00,7819010,,,,7.25,,,,,8.0,7.0,ttth,37,4
A00,7510303,,,,7.8,,,,5.25,5.0,,ttth,21,5
A00,7340301,,,,8.4,,,,7.0,7.75,,ttth,10,2
D01,7380107,7.75,,6.8,7.0,,,,,,,ttth,12,8
A01,7510301,,,8.0,6.75,,,,7.2,,,ttth,20,5
B00,7420201,,,,8.5,,,,,7.75,7.4,ttth,13,7
D01,7340101,7.8,,7.6,7.5,,,,,,,ttth,2,1
A00,7510303,,,,8.25,,,,7.5,8.0,,ttth,21,5
A00,7540101,,,,7.0,,,,7.0,7.8,,ttth,28,7
D07,7540106,,,7.2,7.6,,,,,6.75,,ttth,30,7
A00,7510401,,,,6.8,,,,7.5,7.0,,ttth,22,6
D01,7510301,7.0,,6.4,6.6,,,,,,,ttth,20,5
A00,7510401,,,,5.25,,,,6.25,8.0,,ttth,22,6
A00,7510203,,,,7.2,,,,6.0,4.75,,ttth,19,5
A00,7340201,,,,8.0,,,,7.75,8.0,,ttth,8,2
A00,7850101,,,,6.25,,,,5.0,6.4,,ttth,38,7
D01,7480202,7.0,,3.6,6.4,,,,,,,ttth,17,0
D01,7540204,6.8,,5.8,8.5,,,,,,,ttth,31,6
D01,7810202,7.5,,7.8,7.6,,,,,,,ttth,35,4
D01,7340115,7.0,,8.0,8.75,,,,,,,ttth,3,1
A00,7380107,,,,7.6,,,,7.5,6.5,,ttth,12,8
D01,7340101,6.6,,7.6,7.25,,,,,,,ttth,2,1
D01,7480201,7.4,,7.6,8.25,,,,,,,ttth,16,0
A01,7540204,,,8.4,7.6,,,,6.75,,,ttth,31,6
A00,7340201,,,,8.25,,,,7.5,8.2,,ttth,8,2
D01,7340120,7.6,,7.0,8.5,,,,,,,ttth,4,1
A00,7510303,,,,6.5,,,,7.0,7.2,,ttth,21,5
D07,7510401,,,6.4,7.6,,,,,7.25,,ttth,22,6
A00,7340101,,,,8.0,,,,8.0,7.8,,ttth,2,1
D01,7340101,7.0,,9.0,7.6,,,,,,,ttth,2,1
D01,7510301,6.0,,6.0,7.2,,,,,,,ttth,20,5
A00,7540101,,,,8.25,,,,8.5,7.4,,ttth,28,7
D01,7480201,7.5,,7.0,7.8,,,,,,,ttth,16,0
D01,7220204,7.0,,7.4,8.25,,,,,,,ttth,1,8
A01,7510202,,,7.0,6.75,,,,5.6,,,ttth,18,5
A00,7480202,,,,7.25,,,,6.5,8.4,,ttth,17,0
A01,7340101,,,8.6,7.0,,,,8.0,,,ttth,2,1
B00,7510401,,,,8.2,,,,,7.5,8.75,ttth,22,6
D09,7220201,,,7.2,8.25,,,8.2,,,,ttth,0,8
A00,7340122,,,,8.25,,,,8.0,7.6,,ttth,5,1
D07,7540101,,,9.2,8.0,,,,,7.25,,ttth,28,7
A00,7540204,,,,7.8,,,,7.25,8.0,,ttth,31,6
A00,7510303,,,,6.0,,,,7.5,7.4,,ttth,21,5
A00,7380107,,,,6.5,,,,7.75,7.2,,ttth,12,8
D01,7480201,7.8,,7.4,6.5,,,,,,,ttth,16,0
B00,7540101,,,,6.75,,,,,6.75,7.4,ttth,28,7
A00,7480201,,,,6.75,,,,9.0,7.8,,ttth,16,0
D01,7220204,7.0,,9.4,7.0,,,,,,,ttth,1,8
A00,7810202,,,,7.6,,,,6.75,7.5,,ttth,35,4
A00,7510203,,,,5.4,,,,6.75,4.25,,ttth,19,5
A01,7540101,,,7.8,6.75,,,,7.4,,,ttth,28,7
A00,7480201,,,,6.5,,,,6.75,8.0,,ttth,16,0
A01,7340201,,,8.0,7.4,,,,7.75,,,ttth,8,2
A00,7540101,,,,7.75,,,,7.75,7.8,,ttth,28,7
D01,7510303,6.5,,8.2,6.4,,,,,,,ttth,21,5
A01,7480201,,,8.4,8.6,,,,7.25,,,ttth,16,0
D01,7810201,6.5,,8.2,8.0,,,,,,,ttth,34,4
D01,7380107,7.0,,7.4,7.0,,,,,,,ttth,12,8
D07,7480201,,,8.6,8.0,,,,,7.25,,ttth,16,0
D01,7810201,6.6,,7.4,7.75,,,,,,,ttth,34,4
D01,7480201,7.6,,8.4,8.0,,,,,,,ttth,16,0
D01,7380107,7.25,,7.2,7.4,,,,,,,ttth,12,8
D07,7540204,,,8.6,8.0,,,,,8.25,,ttth,31,6
D01,7480202,5.75,,6.8,6.0,,,,,,,ttth,17,0
A00,7340122,,,,8.0,,,,7.75,7.6,,ttth,5,1
A00,7510303,,,,7.0,,,,8.0,8.0,,ttth,21,5
D01,7340115,8.4,,8.4,7.75,,,,,,,ttth,3,1
A01,7340101,,,7.2,6.25,,,,8.0,,,ttth,2,1
A00,7480201,,,,7.0,,,,7.0,6.6,,ttth,16,0
A00,7510202,,,,5.5,,,,7.25,6.2,,ttth,18,5
D01,7810103,8.4,,6.6,6.5,,,,,,,ttth,33,4
D01,7340115,6.4,,7.6,9.0,,,,,,,ttth,3,1
D01,7480202,8.4,,7.4,7.0,,,,,,,ttth,17,0
D01,7340120,6.8,,7.6,7.33,,,,,,,ttth,4,1
D01,7340201,9.0,,7.0,6.25,,,,,,,ttth,8,2
A00,7340115,,,,7.75,,,,7.25,8.2,,ttth,3,1
D01,7810201,6.0,,8.4,8.25,,,,,,,ttth,34,4
A00,7510401,,,,6.75,,,,7.75,7.6,,ttth,22,6
A00,7340101,,,,7.25,,,,7.75,6.6,,ttth,2,1
A00,7340201,,,,6.5,,,,8.0,7.2,,ttth,8,2
A00,7380107,,,,7.25,,,,8.25,7.6,,ttth,12,8
D01,7220201,7.6,,7.0,8.25,,,,,,,ttth,0,8
D01,7340201,5.8,,7.0,8.0,,,,,,,ttth,8,2
D01,7810201,7.75,,8.2,7.8,,,,,,,ttth,34,4
D01,7220201,8.0,,6.8,7.5,,,,,,,ttth,0,8
A00,7510303,,,,8.6,,,,7.5,8.0,,ttth,21,5
A01,7220201,,,8.4,7.25,,,,7.6,,,ttth,0,8
D01,7810202,6.4,,6.6,6.5,,,,,,,ttth,35,4
D01,7810201,4.6,,7.0,6.75,,,,,,,ttth,34,4
A00,7480201,,,,8.2,,,,7.75,7.0,,ttth,16,0
D01,7340205,5.0,,6.8,6.75,,,,,,,ttth,9,2
D01,7510301,4.0,,6.4,7.0,,,,,,,ttth,20,5
A00,7340115,,,,7.0,,,,8.5,7.4,,ttth,3,1
A00,7810201,,,,8.6,,,,8.0,7.5,,ttth,34,4
D01,7340129,7.0,,7.0,7.75,,,,,,,ttth,7,7
D01,7380107,7.2,,7.4,7.0,,,,,,,ttth,12,8
D01,7540204,6.25,,6.2,6.4,,,,,,,ttth,31,6
A00,7340201,,,,6.25,,,,7.0,7.6,,ttth,8,2
A00,7540101,,,,8.0,,,,7.75,8.0,,ttth,28,7
A00,7510203,,,,6.6,,,,6.0,6.25,,ttth,19,5
A00,7810202,,,,6.25,,,,8.75,7.4,,ttth,35,4
D07,7540101,,,7.8,8.25,,,,,8.6,,ttth,28,7
B00,7540106,,,,8.0,,,,,4.25,5.0,ttth,30,7
A00,7340120,,,,8.0,,,,7.5,7.25,,ttth,4,1
A00,7340120,,,,7.5,,,,7.75,8.0,,ttth,4,1
A00,7340201,,,,7.4,,,,6.5,9.0,,ttth,8,2
D01,7380107,7.0,,7.6,7.4,,,,,,,ttth,12,8
B00,7540101,,,,7.25,,,,,7.75,8.2,ttth,28,7
D09,7220204,,,7.8,7.2,,,8.25,,,,ttth,1,8
A00,7480201,,,,8.0,,,,8.0,7.75,,ttth,16,0
D01,7380107,7.2,,7.8,7.75,,,,,,,ttth,12,8
D01,7340122,6.6,,7.4,8.0,,,,,,,ttth,5,1
B00,7510401,,,,7.75,,,,,6.0,6.0,ttth,22,6
A00,7810202,,,,7.2,,,,7.25,8.0,,ttth,35,4
B00,7540101,,,,9.5,,,,,8.5,8.4,ttth,28,7
D01,7810202,6.8,,7.6,7.0,,,,,,,ttth,35,4
A00,7540101,,,,6.75,,,,6.75,8.0,,ttth,28,7
D01,7480201,8.0,,7.0,8.2,,,,,,,ttth,16,0
A00,7340129,,,,6.75,,,,6.75,8.0,,ttth,7,7
A00,7480201,,,,7.2,,,,7.5,8.0,,ttth,16,0
B00,7540101,,,,7.25,,,,,7.75,8.4,ttth,28,7
D01,7340115,7.6,,8.0,8.25,,,,,,,ttth,3,1
D01,7510202,5.5,,5.2,5.8,,,,,,,ttth,18,5
D01,7340129,7.25,,8.2,7.8,,,,,,,ttth,7,7
A00,7480202,,,,7.2,,,,5.0,6.75,,ttth,17,0
D01,7340120,7.5,,8.2,7.4,,,,,,,ttth,4,1
A00,7810202,,,,7.6,,,,6.5,8.5,,ttth,35,4
A00,7340115,,,,7.4,,,,8.0,8.0,,ttth,3,1
A00,7340120,,,,7.25,,,,7.5,8.0,,ttth,4,1
D01,7510203,6.25,,8.4,6.6,,,,,,,ttth,19,5
D01,7340115,8.0,,7.8,6.75,,,,,,,ttth,3,1
D01,7340201,6.2,,7.2,7.0,,,,,,,ttth,8,2
D01,7340115,6.4,,8.2,8.0,,,,,,,ttth,3,1
A00,7420201,,,,6.75,,,,7.25,6.6,,ttth,13,7
A01,7540106,,,6.6,7.5,,,,6.8,,,ttth,30,7
D01,7340101,8.0,,8.4,7.2,,,,,,,ttth,2,1
A00,7480201,,,,7.6,,,,7.5,8.25,,ttth,16,0
D01,7520115,6.5,,4.8,6.4,,,,,,,ttth,27,6
A00,7340101,,,,7.25,,,,6.5,7.4,,ttth,2,1
B00,7540101,,,,7.0,,,,,7.25,6.8,ttth,28,7
B00,7420201,,,,7.6,,,,,7.25,6.0,ttth,13,7
D07,7480201,,,8.0,7.6,,,,,7.5,,ttth,16,0
A00,7480201,,,,7.75,,,,7.0,8.2,,ttth,16,0
B00,7819009,,,,6.75,,,,,7.5,7.0,ttth,36,4
A00,7480201,,,,8.4,,,,7.5,7.75,,ttth,16,0
D01,7340129,8.0,,7.2,7.0,,,,,,,ttth,7,7
D01,7340120,8.5,,7.2,7.8,,,,,,,ttth,4,1
D01,7340101,5.6,,7.2,7.75,,,,,,,ttth,2,1
A00,7510203,,,,7.5,,,,7.25,6.6,,ttth,19,5
A01,7510202,,,5.6,6.0,,,,7.0,,,ttth,18,5
A00,7340301,,,,7.8,,,,7.5,7.75,,ttth,10,2
D01,7340120,6.8,,8.4,8.75,,,,,,,ttth,4,1
D01,7220204,7.2,,7.6,8.25,,,,,,,ttth,1,8
D01,7510203,5.75,,4.0,6.0,,,,,,,ttth,19,5
D01,7480201,8.2,,6.0,8.75,,,,,,,ttth,16,0
D01,7340301,7.2,,7.2,6.25,,,,,,,ttth,10,2
A01,7340120,,,7.8,8.8,,,,7.75,,,ttth,4,1
A00,7540106,,,,7.6,,,,6.0,5.75,,ttth,30,7
A01,7510202,,,6.6,6.5,,,,5.0,,,ttth,18,5
A01,7480201,,,8.6,8.4,,,,6.0,,,ttth,16,0
A01,7480201,,,8.8,7.4,,,,7.25,,,ttth,16,0
A01,7340115,,,7.0,7.5,,,,8.0,,,ttth,3,1
A00,7420201,,,,7.0,,,,5.25,4.5,,ttth,13,7
A01,7340101,,,9.2,8.0,,,,7.5,,,ttth,2,1
B00,7510401,,,,6.75,,,,,6.5,7.4,ttth,22,6
A00,7340201,,,,8.0,,,,8.0,8.4,,ttth,8,2
A00,7540106,,,,6.75,,,,7.25,7.4,,ttth,30,7
D01,7340301,8.0,,6.4,7.25,,,,,,,ttth,10,2
D01,7340120,5.6,,8.2,7.75,,,,,,,ttth,4,1
A01,7510303,,,7.6,6.4,,,,5.5,,,ttth,21,5
D07,7480202,,,9.0,4.2,,,,,5.75,,ttth,17,0
D01,7340115,5.6,,8.2,8.5,,,,,,,ttth,3,1
A00,7510303,,,,6.5,,,,7.25,8.2,,ttth,21,5
A00,7340301,,,,5.75,,,,7.25,7.4,,ttth,10,2
D01,7340101,7.2,,6.8,7.25,,,,,,,ttth,2,1
A00,7340120,,,,8.0,,,,8.0,6.8,,ttth,4,1
D01,7460108,4.2,,5.0,7.75,,,,,,,ttth,14,0
D07,7850101,,,6.0,7.4,,,,,7.5,,ttth,38,7
D01,7340120,7.2,,7.8,8.25,,,,,,,ttth,4,1
A00,7480201,,,,8.4,,,,7.75,7.5,,ttth,16,0
A00,7510203,,,,6.4,,,,6.25,5.5,,ttth,19,5
A00,7340301,,,,6.5,,,,6.0,7.6,,ttth,10,2
A00,7480201,,,,7.75,,,,7.25,7.6,,ttth,16,0
D07,7480202,,,7.8,8.0,,,,,7.0,,ttth,17,0
A00,7480201,,,,8.6,,,,7.0,7.75,,ttth,16,0
A00,7380107,,,,8.0,,,,7.5,7.2,,ttth,12,8
A00,7340205,,,,7.0,,,,7.75,7.6,,ttth,9,2
A00,7340201,,,,6.5,,,,7.25,8.0,,ttth,8,2
A00,7340120,,,,7.5,,,,7.0,8.0,,ttth,4,1
A00,7480202,,,,5.75,,,,6.25,5.8,,ttth,17,0
A00,7480201,,,,6.5,,,,6.75,7.6,,ttth,16,0
A00,7510303,,,,5.8,,,,5.5,6.25,,ttth,21,5
D01,7510301,7.4,,6.8,5.5,,,,,,,ttth,20,5
D01,7810201,7.75,,8.4,7.8,,,,,,,ttth,34,4
A00,7340101,,,,5.75,,,,8.75,7.2,,ttth,2,1
D01,7480201,7.4,,6.8,8.75,,,,,,,ttth,16,0
D01,7510203,5.5,,5.6,6.8,,,,,,,ttth,19,5
D01,7510203,6.25,,7.0,7.8,,,,,,,ttth,19,5
A01,7340129,,,6.8,6.8,,,,6.5,,,ttth,7,7
A00,7510303,,,,7.5,,,,6.75,7.2,,ttth,21,5
D01,7510303,5.75,,5.4,5.2,,,,,,,ttth,21,5
A00,7540204,,,,8.0,,,,4.5,8.25,,ttth,31,6
A00,7340201,,,,7.25,,,,8.25,7.8,,ttth,8,2
A01,7340301,,,8.4,7.2,,,,7.0,,,ttth,10,2
A00,7340115,,,,6.75,,,,7.75,8.0,,ttth,3,1
B00,7510401,,,,7.2,,,,,6.0,7.75,ttth,22,6
A00,7380107,,,,8.0,,,,6.0,7.5,,ttth,12,8
A00,7480201,,,,7.75,,,,7.25,7.8,,ttth,16,0
B00,7540101,,,,7.75,,,,,8.0,8.6,ttth,28,7
D01,7220201,7.75,,8.2,7.4,,,,,,,ttth,0,8
A00,7420201,,,,8.0,,,,6.75,8.0,,ttth,13,7
A00,7340201,,,,6.5,,,,8.25,7.2,,ttth,8,2
D01,7220201,7.2,,7.8,8.5,,,,,,,ttth,0,8
A00,7340301,,,,6.75,,,,7.75,8.4,,ttth,10,2
A01,7340129,,,6.4,7.4,,,,7.0,,,ttth,7,7
D01,7810201,6.6,,6.8,7.25,,,,,,,ttth,34,4
A00,7480201,,,,7.5,,,,8.0,7.8,,ttth,16,0
A00,7540101,,,,7.25,,,,8.0,8.4,,ttth,28,7
D01,7480201,7.25,,7.2,8.0,,,,,,,ttth,16,0
A00,7380107,,,,6.8,,,,7.0,7.75,,ttth,12,8
D15,7810103,6.5,6.8,7.5,,,,,,,,ttth,33,4
A00,7850101,,,,6.75,,,,7.0,6.4,,ttth,38,7
A01,7480201,,,9.4,7.4,,,,7.75,,,ttth,16,0
A00,7340115,,,,7.75,,,,8.0,7.2,,ttth,3,1
D01,7480202,6.25,,9.0,6.2,,,,,,,ttth,17,0
D01,7340120,6.8,,7.6,7.5,,,,,,,ttth,4,1
B00,7510401,,,,6.0,,,,,7.75,7.6,ttth,22,6
D01,7380107,7.5,,6.6,7.6,,,,,,,ttth,12,8
D01,7340129,6.4,,7.6,6.25,,,,,,,ttth,7,7
A00,7480201,,,,8.2,,,,8.25,7.75,,ttth,16,0
A01,7340101,,,9.2,7.8,,,,6.25,,,ttth,2,1
B00,7420201,,,,8.0,,,,,5.75,7.6,ttth,13,7
A00,7510203,,,,6.8,,,,5.25,5.0,,ttth,19,5
A01,7480201,,,7.8,6.75,,,,6.8,,,ttth,16,0
D01,7520115,6.4,,6.8,6.75,,,,,,,ttth,27,6
A00,7520115,,,,7.2,,,,5.25,8.5,,ttth,27,6
D01,7340301,6.25,,8.8,7.8,,,,,,,ttth,10,2
D01,7340129,6.25,,7.4,7.2,,,,,,,ttth,7,7
D01,7480202,6.2,,7.2,7.0,,,,,,,ttth,17,0
D01,7340101,6.0,,5.8,9.0,,,,,,,ttth,2,1
D07,7480201,,,8.2,8.0,,,,,6.8,,ttth,16,0
A00,7340101,,,,6.75,,,,8.0,7.6,,ttth,2,1
A01,7480201,,,7.4,7.8,,,,7.75,,,ttth,16,0
A01,7340122,,,7.2,6.75,,,,8.0,,,ttth,5,1
A00,7540106,,,,7.0,,,,6.25,6.5,,ttth,30,7
B00,7420201,,,,8.0,,,,,7.0,8.0,ttth,13,7
A01,7510303,,,7.2,4.75,,,,7.2,,,ttth,21,5
A00,7810201,,,,6.0,,,,7.5,6.8,,ttth,34,4
A00,7340201,,,,6.5,,,,8.5,7.4,,ttth,8,2
A01,7480201,,,8.4,7.2,,,,7.75,,,ttth,16,0
A01,7540101,,,7.0,6.5,,,,8.4,,,ttth,28,7
A00,7480201,,,,7.75,,,,8.5,7.8,,ttth,16,0
A00,7540101,,,,8.0,,,,7.75,8.75,,ttth,28,7
A00,7480201,,,,7.75,,,,7.75,8.2,,ttth,16,0
D01,7220201,7.75,,7.4,8.2,,,,,,,ttth,0,8
A00,7340301,,,,6.0,,,,8.25,7.4,,ttth,10,2
D01,7340101,6.8,,7.8,9.0,,,,,,,ttth,2,1
A00,7540101,,,,8.2,,,,8.5,7.0,,ttth,28,7
D01,7340301,6.4,,7.6,7.75,,,,,,,ttth,10,2
D01,7340101,6.4,,7.4,8.0,,,,,,,ttth,2,1
D07,7510303,,,7.2,7.25,,,,,5.2,,ttth,21,5
D15,7810201,7.25,6.8,6.5,,,,,,,,ttth,34,4
A00,7340101,,,,7.5,,,,7.75,7.0,,ttth,2,1
D01,7340201,8.0,,8.2,7.6,,,,,,,ttth,8,2
D07,7480201,,,7.8,7.25,,,,,7.0,,ttth,16,0
A00,7480201,,,,6.75,,,,8.5,8.8,,ttth,16,0
A00,7810103,,,,6.0,,,,6.25,6.2,,ttth,33,4
A00,7540101,,,,7.6,,,,7.5,8.75,,ttth,28,7
D01,7510301,6.5,,7.6,7.4,,,,,,,ttth,20,5
D01,7480202,7.0,,7.6,8.0,,,,,,,ttth,17,0
A01,7480201,,,7.8,7.6,,,,7.25,,,ttth,16,0
B00,7819010,,,,6.5,,,,,5.25,6.6,ttth,37,4
D15,7810201,6.0,5.0,7.5,,,,,,,,ttth,34,4
B00,7420201,,,,4.75,,,,,6.75,6.4,ttth,13,7
D01,7810201,6.75,,7.8,8.2,,,,,,,ttth,34,4
D07,7540106,,,6.8,8.75,,,,,8.4,,ttth,30,7
D09,7220201,,,8.2,7.6,,,7.75,,,,ttth,0,8
B00,7420201,,,,6.25,,,,,6.75,8.2,ttth,13,7
A01,7480201,,,7.8,7.8,,,,7.25,,,ttth,16,0
D01,7480201,7.25,,8.8,7.4,,,,,,,ttth,16,0
A01,7480201,,,8.0,8.4,,,,7.0,,,ttth,16,0
D01,7510303,5.6,,5.4,7.0,,,,,,,ttth,21,5
A00,7540101,,,,7.5,,,,7.0,6.8,,ttth,28,7
D01,7340123,6.4,,7.0,6.75,,,,,,,ttth,6,3
D01,7480201,7.0,,7.2,7.0,,,,,,,ttth,16,0
A00,7340101,,,,7.75,,,,7.75,8.4,,ttth,2,1
A00,7340115,,,,8.0,,,,8.5,7.4,,ttth,3,1
D01,7220204,8.2,,8.4,7.75,,,,,,,ttth,1,8
D07,7480201,,,7.8,7.0,,,,,7.0,,ttth,16,0
A01,7380107,,,8.0,8.0,,,,7.2,,,ttth,12,8
D01,7340205,5.8,,7.6,6.75,,,,,,,ttth,9,2
A00,7480201,,,,8.0,,,,8.75,8.4,,ttth,16,0
A01,7810202,,,9.0,8.0,,,,7.0,,,ttth,35,4
D01,7340129,7.0,,7.0,6.8,,,,,,,ttth,7,7
D01,7810201,4.0,,6.8,9.0,,,,,,,ttth,34,4
A00,7810201,,,,8.4,,,,7.25,8.0,,ttth,34,4
A00,7510203,,,,6.2,,,,7.5,6.5,,ttth,19,5
A00,7480201,,,,6.75,,,,7.5,7.0,,ttth,16,0
A00,7340201,,,,7.25,,,,7.75,7.6,,ttth,8,2
D07,7480201,,,8.2,7.5,,,,,6.8,,ttth,16,0
D01,7220201,8.0,,7.0,8.0,,,,,,,ttth,0,8
A01,7340115,,,8.0,8.5,,,,7.6,,,ttth,3,1
A00,7540101,,,,7.5,,,,8.5,7.8,,ttth,28,7
A01,7540105,,,5.8,7.6,,,,5.75,,,ttth,29,7
A00,7510303,,,,8.8,,,,6.75,5.0,,ttth,21,5
A00,7340101,,,,7.5,,,,7.75,8.2,,ttth,2,1
A00,7810201,,,,7.75,,,,7.5,7.2,,ttth,34,4
D01,7220201,7.0,,9.6,7.6,,,,,,,ttth,0,8
D01,7340101,6.6,,7.6,7.25,,,,,,,ttth,2,1
A01,7510203,,,7.8,7.75,,,,8.2,,,ttth,19,5
A00,7380107,,,,6.5,,,,7.75,8.2,,ttth,12,8
D01,7380107,7.4,,7.6,8.25,,,,,,,ttth,12,8
A00,7340301,,,,7.0,,,,7.75,7.8,,ttth,10,2
D01,7810201,6.4,,7.2,8.5,,,,,,,ttth,34,4
A00,7540101,,,,7.25,,,,7.0,7.4,,ttth,28,7
D01,7810201,6.6,,6.8,8.25,,,,,,,ttth,34,4
D01,7510203,6.25,,3.6,7.0,,,,,,,ttth,19,5
A00,7810103,,,,7.25,,,,7.75,7.8,,ttth,33,4
A00,7340301,,,,6.75,,,,8.25,7.0,,ttth,10,2
D01,7510303,7.5,,6.8,8.2,,,,,,,ttth,21,5
D01,7810201,7.0,,6.2,7.75,,,,,,,ttth,34,4
A00,7540101,,,,7.25,,,,7.0,7.6,,ttth,28,7
B00,7850101,,,,6.75,,,,,5.5,6.8,ttth,38,7
A00,7810201,,,,6.8,,,,7.0,8.25,,ttth,34,4
B00,7510401,,,,8.0,,,,,7.75,7.25,ttth,22,6
A00,7480201,,,,8.6,,,,6.25,8.0,,ttth,16,0
D07,7819010,,,7.2,5.75,,,,,6.4,,ttth,37,4
D01,7810202,7.75,,9.0,8.0,,,,,,,ttth,35,4
A01,7540106,,,7.4,7.6,,,,7.25,,,ttth,30,7
D01,7480201,7.0,,8.2,8.0,,,,,,,ttth,16,0
A00,7819009,,,,7.25,,,,6.0,7.4,,ttth,36,4
D01,7340201,6.6,,8.0,7.75,,,,,,,ttth,8,2
A01,7460108,,,7.8,7.75,,,,7.4,,,ttth,14,0
A00,7380107,,,,7.25,,,,7.75,8.4,,ttth,12,8
D01,7340123,7.25,,4.6,7.4,,,,,,,ttth,6,3
D01,7340301,5.6,,6.6,8.0,,,,,,,ttth,10,2
D07,7480202,,,9.2,7.4,,,,,8.25,,ttth,17,0
A00,7510303,,,,7.5,,,,7.0,8.0,,ttth,21,5
D01,7810103,7.75,,7.6,7.2,,,,,,,ttth,33,4
B00,7510401,,,,6.5,,,,,5.25,6.4,ttth,22,6
A00,7340101,,,,7.5,,,,7.75,8.2,,ttth,2,1
D01,7380107,8.2,,6.8,7.5,,,,,,,ttth,12,8
A01,7340129,,,6.0,6.75,,,,6.2,,,ttth,7,7
A00,7810202,,,,8.0,,,,7.0,7.5,,ttth,35,4
D01,7340120,7.2,,7.4,7.25,,,,,,,ttth,4,1
A01,7480202,,,8.0,7.75,,,,7.0,,,ttth,17,0
D15,7810103,7.75,6.0,8.0,,,,,,,,ttth,33,4
D01,7480202,4.8,,7.2,7.75,,,,,,,ttth,17,0
A00,7540106,,,,7.2,,,,6.0,8.0,,ttth,30,7
D01,7340120,5.6,,7.6,8.75,,,,,,,ttth,4,1
A00,7540101,,,,8.8,,,,7.0,7.75,,ttth,28,7
D01,7220204,8.0,,7.8,8.0,,,,,,,ttth,1,8
D01,7340115,7.6,,8.0,8.5,,,,,,,ttth,3,1
D01,7480201,6.6,,7.2,7.5,,,,,,,ttth,16,0
A00,7340129,,,,8.4,,,,6.25,8.0,,ttth,7,7
A01,7340123,,,7.2,6.75,,,,6.4,,,ttth,6,3
D01,7480202,6.2,,6.4,8.0,,,,,,,ttth,17,0
D01,7340115,5.4,,8.0,8.75,,,,,,,ttth,3,1
A01,7480201,,,8.0,7.0,,,,8.6,,,ttth,16,0
D01,7510202,5.0,,7.2,6.5,,,,,,,ttth,18,5
A00,7340120,,,,8.0,,,,7.75,7.8,,ttth,4,1
A01,7810202,,,8.6,7.4,,,,6.75,,,ttth,35,4
D07,7850101,,,6.4,4.5,,,,,5.8,,ttth,38,7
D01,7340101,7.75,,8.8,7.2,,,,,,,ttth,2,1
D01,7220201,7.5,,8.2,7.8,,,,,,,ttth,0,8
A01,7510202,,,7.8,7.5,,,,6.8,,,ttth,18,5
D09,7220204,,,5.6,8.75,,,6.8,,,,ttth,1,8
A01,7480201,,,9.0,7.8,,,,6.75,,,ttth,16,0
A00,7380107,,,,4.5,,,,7.0,7.6,,ttth,12,8
A01,7220201,,,8.0,7.5,,,,8.4,,,ttth,0,8
A00,7480201,,,,7.6,,,,8.25,7.0,,ttth,16,0
D01,7810201,8.0,,7.6,7.25,,,,,,,ttth,34,4
D01,7510301,6.5,,7.4,4.0,,,,,,,ttth,20,5
A01,7480201,,,7.2,7.0,,,,7.6,,,ttth,16,0
A00,7340120,,,,8.25,,,,8.0,7.6,,ttth,4,1
D01,7340201,6.75,,9.2,8.0,,,,,,,ttth,8,2
D01,7510202,5.4,,7.6,6.5,,,,,,,ttth,18,5
A00,7510301,,,,6.4,,,,5.75,5.5,,ttth,20,5
D15,7810201,7.25,7.8,7.5,,,,,,,,ttth,34,4
A00,7340120,,,,7.25,,,,8.0,7.0,,ttth,4,1
D07,7819010,,,7.2,5.0,,,,,4.0,,ttth,37,4
D01,7340123,7.0,,6.2,8.25,,,,,,,ttth,6,3
D01,7510203,6.8,,6.8,7.25,,,,,,,ttth,19,5
A00,7480201,,,,7.25,,,,7.75,8.0,,ttth,16,0
A00,7340115,,,,8.2,,,,8.0,8.25,,ttth,3,1
D01,7340101,7.5,,8.0,8.0,,,,,,,ttth,2,1
D01,7810202,8.0,,7.4,7.25,,,,,,,ttth,35,4
D01,7340301,7.0,,8.0,7.8,,,,,,,ttth,10,2
B00,7540101,,,,7.75,,,,,8.0,7.0,ttth,28,7
D01,7340101,8.5,,7.6,7.6,,,,,,,ttth,2,1
A00,7340301,,,,7.25,,,,8.0,8.2,,ttth,10,2
A00,7810202,,,,5.0,,,,7.25,6.8,,ttth,35,4
A00,7340201,,,,9.0,,,,6.75,7.0,,ttth,8,2
A00,7480201,,,,7.75,,,,8.0,8.4,,ttth,16,0
D01,7220204,6.6,,7.2,8.5,,,,,,,ttth,1,8
A01,7810103,,,6.8,7.75,,,,8.4,,,ttth,33,4
D01,7340301,5.6,,7.0,7.25,,,,,,,ttth,10,2
A00,7540101,,,,7.75,,,,7.75,7.8,,ttth,28,7
A00,7540101,,,,8.25,,,,7.75,8.2,,ttth,28,7
D15,7380107,6.75,6.8,6.25,,,,,,,,ttth,12,8
A00,7540101,,,,7.6,,,,8.25,7.75,,ttth,28,7
A00,7340123,,,,7.0,,,,6.5,6.5,,ttth,6,3
D01,7510301,5.75,,6.4,7.4,,,,,,,ttth,20,5
A00,7480201,,,,7.0,,,,7.75,8.8,,ttth,16,0
B00,7510401,,,,6.0,,,,,5.0,7.8,ttth,22,6
D01,7380107,7.0,,8.2,6.8,,,,,,,ttth,12,8
D01,7340201,6.0,,8.0,6.0,,,,,,,ttth,8,2
D01,7340123,4.6,,7.4,8.0,,,,,,,ttth,6,3
D01,7340129,5.4,,8.2,8.25,,,,,,,ttth,7,7
D09,7220204,,,8.0,8.5,,,5.4,,,,ttth,1,8
D01,7340201,8.25,,7.0,7.2,,,,,,,ttth,8,2
A00,7340115,,,,7.75,,,,8.5,8.2,,ttth,3,1
A00,7510301,,,,7.0,,,,7.5,7.8,,ttth,20,5
D01,7380107,5.4,,7.2,7.25,,,,,,,ttth,12,8
D01,7510303,5.4,,6.4,7.0,,,,,,,ttth,21,5
D01,7340120,7.4,,8.4,7.25,,,,,,,ttth,4,1
D01,7340201,4.2,,6.6,9.25,,,,,,,ttth,8,2
D01,7220201,7.75,,8.8,7.2,,,,,,,ttth,0,8
A00,7510203,,,,7.4,,,,5.0,6.75,,ttth,19,5
D01,7540204,5.8,,8.0,9.0,,,,,,,ttth,31,6
A01,7220201,,,7.8,8.0,,,,6.6,,,ttth,0,8
A01,7480201,,,7.8,7.5,,,,7.0,,,ttth,16,0
A00,7510401,,,,5.5,,,,5.25,7.4,,ttth,22,6
A00,7810103,,,,7.6,,,,7.0,8.25,,ttth,33,4
D01,7340129,7.6,,6.0,7.5,,,,,,,ttth,7,7
A01,7340201,,,8.6,8.2,,,,7.25,,,ttth,8,2
A01,7340120,,,8.0,7.5,,,,8.0,,,ttth,4,1
A00,7540204,,,,8.8,,,,7.25,6.75,,ttth,31,6
D01,7220201,6.8,,7.2,7.25,,,,,,,ttth,0,8
D01,7520115,5.2,,8.0,5.5,,,,,,,ttth,27,6
D01,7510303,5.2,,7.0,7.75,,,,,,,ttth,21,5
D01,7340101,6.4,,7.2,7.75,,,,,,,ttth,2,1
D01,7340201,6.8,,7.8,7.5,,,,,,,ttth,8,2
A01,7340201,,,8.0,7.6,,,,7.25,,,ttth,8,2
A00,7510203,,,,7.75,,,,8.25,7.6,,ttth,19,5
A01,7340201,,,6.4,6.5,,,,7.8,,,ttth,8,2
B00,7540101,,,,6.25,,,,,8.25,6.0,ttth,28,7
A00,7340201,,,,6.25,,,,7.25,7.2,,ttth,8,2
A01,7340120,,,7.2,7.25,,,,7.4,,,ttth,4,1
A01,7340122,,,7.4,7.25,,,,9.4,,,ttth,5,1
D07,7480201,,,7.8,7.25,,,,,8.2,,ttth,16,0
A00,7520115,,,,5.75,,,,6.5,7.2,,ttth,27,6
D07,7540101,,,9.0,7.6,,,,,8.5,,ttth,28,7
D15,7380107,6.5,5.6,7.75,,,,,,,,ttth,12,8
A00,7340201,,,,7.4,,,,7.5,8.25,,ttth,8,2
D01,7510301,6.5,,3.6,6.6,,,,,,,ttth,20,5
D01,7540204,7.0,,8.4,5.8,,,,,,,ttth,31,6
A01,7540101,,,8.4,8.4,,,,7.25,,,ttth,28,7
A01,7340301,,,8.0,7.25,,,,8.4,,,ttth,10,2
A00,7420201,,,,8.6,,,,5.25,7.0,,ttth,13,7
B00,7540101,,,,8.0,,,,,6.5,8.2,ttth,28,7
D09,7220201,,,7.4,8.0,,,9.6,,,,ttth,0,8
A00,7340201,,,,8.2,,,,6.75,7.75,,ttth,8,2
A00,7340101,,,,8.0,,,,7.75,7.4,,ttth,2,1
D01,7340201,7.75,,8.2,6.8,,,,,,,ttth,8,2
A00,7340115,,,,7.75,,,,7.75,8.0,,ttth,3,1
D01,7380107,5.2,,7.2,9.0,,,,,,,ttth,12,8
A01,7510303,,,7.8,7.4,,,,4.5,,,ttth,21,5
A00,7810202,,,,6.5,,,,7.0,7.0,,ttth,35,4
A00,7340201,,,,6.75,,,,7.25,7.8,,ttth,8,2
A00,7340101,,,,6.25,,,,8.25,7.6,,ttth,2,1
D15,7810201,6.75,6.0,7.25,,,,,,,,ttth,34,4
D01,7540204,7.0,,5.2,8.0,,,,,,,ttth,31,6
D01,7340101,8.6,,6.4,7.75,,,,,,,ttth,2,1
A01,7340122,,,7.8,7.75,,,,7.8,,,ttth,5,1
A01,7340101,,,7.8,7.25,,,,7.6,,,ttth,2,1
A00,7540204,,,,7.0,,,,7.0,7.2,,ttth,31,6
D01,7540204,7.5,,4.0,6.8,,,,,,,ttth,31,6
A00,7340115,,,,7.75,,,,7.75,8.6,,ttth,3,1
B00,7819010,,,,5.5,,,,,5.75,5.2,ttth,37,4
A00,7510303,,,,6.75,,,,6.75,7.6,,ttth,21,5
A01,7540204,,,5.6,7.4,,,,4.5,,,ttth,31,6
A00,7340301,,,,8.0,,,,7.0,7.75,,ttth,10,2
A00,7340301,,,,8.2,,,,7.5,8.0,,ttth,10,2
A00,7340123,,,,8.0,,,,8.5,7.8,,ttth,6,3
D01,7810103,4.6,,7.6,6.25,,,,,,,ttth,33,4
D01,7810202,7.75,,9.0,7.0,,,,,,,ttth,35,4
D09,7220201,,,6.2,8.25,,,8.0,,,,ttth,0,8
A00,7850101,,,,7.2,,,,4.0,7.75,,ttth,38,7
D01,7340201,6.6,,7.2,8.5,,,,,,,ttth,8,2
A01,7480201,,,8.6,7.6,,,,7.5,,,ttth,16,0
D01,7510202,5.4,,8.0,8.0,,,,,,,ttth,18,5
A01,7540101,,,7.0,7.25,,,,8.0,,,ttth,28,7
A00,7340115,,,,8.0,,,,8.25,8.4,,ttth,3,1
A00,7510402,,,,6.5,,,,7.5,8.4,,ttth,23,6
A00,7340201,,,,6.5,,,,6.75,8.0,,ttth,8,2
D07,7480201,,,7.0,7.25,,,,,7.6,,ttth,16,0
D07,7480201,,,8.6,8.6,,,,,7.0,,ttth,16,0
D01,7810103,7.75,,7.8,7.4,,,,,,,ttth,33,4
D15,7810103,6.25,9.0,7.25,,,,,,,,ttth,33,4
D01,7340120,7.8,,8.0,7.25,,,,,,,ttth,4,1
A00,7340115,,,,7.5,,,,8.5,8.8,,ttth,3,1
D01,7340120,6.2,,8.0,7.75,,,,,,,ttth,4,1
D01,7810103,5.6,,6.8,8.25,,,,,,,ttth,33,4
A00,7540106,,,,6.0,,,,6.0,7.0,,ttth,30,7
A00,7810103,,,,5.25,,,,7.5,6.4,,ttth,33,4
D01,7480202,6.8,,7.0,7.75,,,,,,,ttth,17,0
D01,7480201,8.0,,8.0,8.0,,,,,,,ttth,16,0
A00,7480202,,,,6.25,,,,7.0,7.2,,ttth,17,0
D01,7220204,7.6,,7.4,6.5,,,,,,,ttth,1,8
B00,7510401,,,,7.0,,,,,7.75,7.6,ttth,22,6
A01,7480202,,,8.2,7.25,,,,6.6,,,ttth,17,0
D01,7340120,7.0,,8.8,8.0,,,,,,,ttth,4,1
D15,7380107,7.5,6.0,7.25,,,,,,,,ttth,12,8
A00,7340115,,,,7.75,,,,8.5,7.6,,ttth,3,1
D01,7480201,7.6,,8.2,8.0,,,,,,,ttth,16,0
A01,7810202,,,9.0,7.2,,,,6.75,,,ttth,35,4
D07,7540101,,,8.2,8.4,,,,,7.25,,ttth,28,7
D01,7220201,8.2,,7.2,7.75,,,,,,,ttth,0,8
D01,7510301,4.2,,7.6,5.75,,,,,,,ttth,20,5
B00,7420201,,,,7.75,,,,,7.0,7.0,ttth,13,7
A01,7510301,,,8.0,7.25,,,,7.6,,,ttth,20,5
A00,7340115,,,,7.0,,,,8.25,7.4,,ttth,3,1
A00,7540106,,,,7.8,,,,7.5,8.25,,ttth,30,7
D01,7810201,7.0,,7.8,7.2,,,,,,,ttth,34,4
A01,7480201,,,8.4,8.4,,,,6.5,,,ttth,16,0
D07,7480201,,,7.8,7.75,,,,,7.8,,ttth,16,0
D01,7480202,5.5,,6.8,6.4,,,,,,,ttth,17,0
A01,7220201,,,7.6,7.25,,,,8.0,,,ttth,0,8
A00,7340301,,,,6.25,,,,7.5,7.4,,ttth,10,2
D01,7810201,7.25,,7.4,7.6,,,,,,,ttth,34,4
D01,7340120,6.8,,7.8,7.75,,,,,,,ttth,4,1
A00,7340101,,,,8.25,,,,7.5,8.0,,ttth,2,1
D07,7540101,,,8.4,7.6,,,,,7.75,,ttth,28,7
D01,7340120,8.2,,8.6,7.25,,,,,,,ttth,4,1
A00,7340201,,,,8.6,,,,7.5,7.5,,ttth,8,2
A00,7340115,,,,8.25,,,,7.5,8.0,,ttth,3,1
D01,7340301,5.8,,7.8,7.25,,,,,,,ttth,10,2
A01,7520115,,,6.2,6.0,,,,6.4,,,ttth,27,6
D09,7220201,,,7.8,7.75,,,7.6,,,,ttth,0,8
A01,7480201,,,9.0,7.4,,,,7.25,,,ttth,16,0
A00,7819009,,,,5.5,,,,5.0,7.8,,ttth,36,4
B00,7540101,,,,7.75,,,,,7.0,7.8,ttth,28,7
A00,7340301,,,,6.0,,,,7.5,6.6,,ttth,10,2
A01,7220201,,,8.6,7.5,,,,7.4,,,ttth,0,8
D01,7510203,6.6,,7.4,7.5,,,,,,,ttth,19,5
A00,7340122,,,,7.25,,,,7.75,8.4,,ttth,5,1
D01,7510303,5.0,,6.0,7.6,,,,,,,ttth,21,5
A00,7380107,,,,8.2,,,,5.75,7.75,,ttth,12,8
D01,7340120,6.2,,7.6,7.75,,,,,,,ttth,4,1
B00,7850101,,,,6.75,,,,,6.0,7.4,ttth,38,7
D15,7380107,6.75,6.8,6.0,,,,,,,,ttth,12,8
D01,7340101,7.0,,9.6,8.2,,,,,,,ttth,2,1
A00,7480201,,,,7.4,,,,8.0,7.25,,ttth,16,0
D07,7480202,,,5.0,5.5,,,,,7.4,,ttth,17,0
D01,7810201,5.6,,7.0,5.75,,,,,,,ttth,34,4
D07,7460108,,,6.0,6.5,,,,,8.6,,ttth,14,0
A00,7850101,,,,6.75,,,,7.5,7.4,,ttth,38,7
A00,7340205,,,,7.0,,,,7.75,7.4,,ttth,9,2
D01,7380107,7.5,,7.4,6.4,,,,,,,ttth,12,8
D07,7480202,,,7.4,7.5,,,,,7.4,,ttth,17,0
A00,7340301,,,,7.8,,,,6.75,8.75,,ttth,10,2
A00,7340122,,,,6.25,,,,8.0,7.6,,ttth,5,1
A00,7340101,,,,9.2,,,,7.0,8.75,,ttth,2,1
D01,7220204,6.75,,8.0,8.0,,,,,,,ttth,1,8
D01,7340120,8.4,,7.4,9.25,,,,,,,ttth,4,1
A00,7340115,,,,8.0,,,,7.75,8.0,,ttth,3,1
D01,7510301,4.8,,7.6,7.0,,,,,,,ttth,20,5
A00,7520115,,,,5.75,,,,7.5,6.0,,ttth,27,6
D01,7380107,6.25,,9.6,7.6,,,,,,,ttth,12,8
A01,7220201,,,7.0,6.25,,,,8.6,,,ttth,0,8
A00,7420201,,,,6.8,,,,5.25,6.75,,ttth,13,7
D01,7340301,8.0,,6.6,8.0,,,,,,,ttth,10,2
D07,7480202,,,6.6,7.2,,,,,7.75,,ttth,17,0
D01,7810201,7.5,,8.2,7.4,,,,,,,ttth,34,4
D15,7380107,8.25,4.0,9.0,,,,,,,,ttth,12,8
D01,7340101,6.4,,8.0,7.5,,,,,,,ttth,2,1
D01,7810201,8.2,,7.4,6.75,,,,,,,ttth,34,4
D01,7510202,5.0,,7.6,7.0,,,,,,,ttth,18,5
D01,7810201,6.25,,8.8,8.0,,,,,,,ttth,34,4
A00,7480201,,,,7.0,,,,7.0,6.8,,ttth,16,0
A01,7340122,,,7.8,6.75,,,,8.0,,,ttth,5,1
A00,7540101,,,,8.25,,,,7.75,7.6,,ttth,28,7
A00,7810201,,,,6.75,,,,7.25,6.4,,ttth,34,4
D01,7220201,8.0,,8.8,7.0,,,,,,,ttth,0,8
D01,7340115,7.0,,7.0,8.5,,,,,,,ttth,3,1
A01,7480201,,,7.2,7.75,,,,7.4,,,ttth,16,0
B00,7540101,,,,8.2,,,,,8.5,8.75,ttth,28,7
A00,7810201,,,,7.75,,,,8.5,7.4,,ttth,34,4
A00,7480201,,,,7.75,,,,5.5,8.0,,ttth,16,0
D01,7480201,7.2,,7.8,7.25,,,,,,,ttth,16,0
D01,7340120,7.2,,8.0,8.25,,,,,,,ttth,4,1
D07,7540101,,,9.2,7.8,,,,,8.25,,ttth,28,7
D01,7510301,5.5,,6.4,6.2,,,,,,,ttth,20,5
D01,7510203,7.0,,6.2,6.0,,,,,,,ttth,19,5
D01,7460108,8.2,,6.8,7.75,,,,,,,ttth,14,0
D01,7810103,8.5,,6.2,7.6,,,,,,,ttth,33,4
A01,7340101,,,8.4,7.0,,,,7.8,,,ttth,2,1
D01,7480201,6.5,,7.8,7.8,,,,,,,ttth,16,0
A00,7510203,,,,6.25,,,,8.5,7.6,,ttth,19,5
A00,7819009,,,,4.75,,,,5.75,6.4,,ttth,36,4
D01,7810202,6.25,,9.2,7.8,,,,,,,ttth,35,4
A00,7420201,,,,6.8,,,,6.0,6.75,,ttth,13,7
D01,7510303,6.0,,7.8,4.8,,,,,,,ttth,21,5
D01,7510202,6.25,,5.6,6.6,,,,,,,ttth,18,5
A01,7810202,,,7.2,8.2,,,,7.25,,,ttth,35,4
D01,7220201,6.5,,8.4,8.4,,,,,,,ttth,0,8
D01,7510303,6.4,,7.2,7.5,,,,,,,ttth,21,5
A01,7810201,,,7.8,7.6,,,,7.75,,,ttth,34,4
D01,7480201,9.0,,8.0,8.0,,,,,,,ttth,16,0
A00,7520115,,,,6.0,,,,6.25,6.2,,ttth,27,6
A01,7480202,,,8.6,7.8,,,,4.75,,,ttth,17,0
A00,7340115,,,,7.0,,,,7.25,8.0,,ttth,3,1
D07,7850101,,,6.0,6.75,,,,,8.0,,ttth,38,7
A00,7340201,,,,8.2,,,,7.25,7.0,,ttth,8,2
A00,7480201,,,,8.8,,,,7.0,7.0,,ttth,16,0
A00,7810201,,,,7.25,,,,7.0,8.0,,ttth,34,4
D01,7340123,6.2,,7.4,7.5,,,,,,,ttth,6,3
D01,7510202,4.4,,7.4,8.0,,,,,,,ttth,18,5
D01,7520115,5.4,,7.0,7.0,,,,,,,ttth,27,6
A00,7340201,,,,6.25,,,,7.75,8.8,,ttth,8,2
A01,7340129,,,7.8,5.75,,,,7.8,,,ttth,7,7
A00,7340129,,,,7.5,,,,5.75,7.6,,ttth,7,7
A00,7510303,,,,7.4,,,,7.25,7.25,,ttth,21,5
D07,7480201,,,7.6,7.75,,,,,7.4,,ttth,16,0
A00,7340301,,,,7.5,,,,7.5,8.4,,ttth,10,2
D01,7380107,7.2,,6.8,9.0,,,,,,,ttth,12,8
B00,7540101,,,,7.25,,,,,7.5,7.4,ttth,28,7
A00,7340101,,,,7.6,,,,8.0,7.75,,ttth,2,1
A00,7340101,,,,8.0,,,,6.25,8.4,,ttth,2,1
A01,7510202,,,7.4,6.8,,,,6.5,,,ttth,18,5
B00,7510401,,,,6.8,,,,,6.25,6.25,ttth,22,6
A00,7510303,,,,5.75,,,,7.0,8.2,,ttth,21,5
A00,7340101,,,,8.0,,,,7.25,7.6,,ttth,2,1
A00,7340301,,,,7.8,,,,7.5,7.0,,ttth,10,2
A00,7810103,,,,8.0,,,,7.75,7.5,,ttth,33,4
D01,7380107,7.2,,7.6,7.25,,,,,,,ttth,12,8
B00,7540106,,,,7.2,,,,,5.75,7.75,ttth,30,7
A00,7540204,,,,6.6,,,,6.75,6.0,,ttth,31,6
A00,7380107,,,,7.0,,,,8.0,7.6,,ttth,12,8
A00,7510401,,,,4.5,,,,6.75,7.6,,ttth,22,6
A01,7340301,,,9.0,6.8,,,,7.5,,,ttth,10,2
D01,7510301,6.5,,4.4,6.6,,,,,,,ttth,20,5
A00,7340201,,,,7.6,,,,7.75,8.25,,ttth,8,2
D01,7340301,5.8,,7.2,8.25,,,,,,,ttth,10,2
D01,7810103,6.8,,6.8,6.5,,,,,,,ttth,33,4
A01,7340120,,,8.4,7.0,,,,7.6,,,ttth,4,1
A00,7380107,,,,7.2,,,,7.5,7.0,,ttth,12,8
D01,7380107,9.0,,5.8,7.2,,,,,,,ttth,12,8
D07,7480201,,,8.6,8.0,,,,,7.6,,ttth,16,0
A00,7510203,,,,7.25,,,,8.0,8.2,,ttth,19,5
A01,7340115,,,7.8,7.5,,,,8.4,,,ttth,3,1
A01,7340120,,,8.2,8.6,,,,8.0,,,ttth,4,1
A00,7480201,,,,7.75,,,,7.75,7.8,,ttth,16,0
A00,7340301,,,,7.5,,,,7.75,8.2,,ttth,10,2
D01,7510303,6.6,,6.4,4.5,,,,,,,ttth,21,5
A00,7480202,,,,6.25,,,,5.75,7.2,,ttth,17,0
D01,7510303,6.25,,4.4,6.6,,,,,,,ttth,21,5
A00,7540101,,,,7.25,,,,8.25,7.8,,ttth,28,7
A00,7340122,,,,7.25,,,,7.75,7.2,,ttth,5,1
A00,7340301,,,,7.0,,,,8.0,8.6,,ttth,10,2
A00,7480201,,,,7.5,,,,7.5,7.6,,ttth,16,0
A00,7540106,,,,7.0,,,,6.0,7.75,,ttth,30,7
A00,7340301,,,,7.6,,,,7.0,7.75,,ttth,10,2
D01,7540204,5.0,,5.6,7.8,,,,,,,ttth,31,6
D01,7510202,6.5,,5.8,7.2,,,,,,,ttth,18,5
D01,7220204,7.0,,7.0,7.25,,,,,,,ttth,1,8
D01,7380107,7.75,,7.8,7.0,,,,,,,ttth,12,8
D01,7220204,7.75,,8.8,7.4,,,,,,,ttth,1,8
A00,7480201,,,,7.6,,,,7.25,8.0,,ttth,16,0
A01,7480202,,,9.0,6.5,,,,6.0,,,ttth,17,0
A00,7340301,,,,7.25,,,,7.25,7.6,,ttth,10,2
A00,7510301,,,,5.6,,,,6.0,4.75,,ttth,20,5
D01,7810202,7.5,,7.0,8.2,,,,,,,ttth,35,4
A00,7340301,,,,7.5,,,,7.75,7.2,,ttth,10,2
D01,7220201,7.6,,7.2,8.0,,,,,,,ttth,0,8
A00,7510303,,,,6.75,,,,6.75,7.0,,ttth,21,5
B00,7540101,,,,7.75,,,,,6.25,8.6,ttth,28,7
B00,7540101,,,,7.5,,,,,7.5,6.8,ttth,28,7
A00,7810103,,,,7.6,,,,6.5,8.0,,ttth,33,4
A00,7810202,,,,7.4,,,,8.0,6.5,,ttth,35,4
A00,7340301,,,,7.2,,,,7.5,7.75,,ttth,10,2
D01,7480201,6.6,,7.0,8.5,,,,,,,ttth,16,0
D01,7340115,7.75,,9.2,7.2,,,,,,,ttth,3,1
B00,7420201,,,,7.0,,,,,6.25,7.75,ttth,13,7
D01,7480202,6.0,,8.0,8.0,,,,,,,ttth,17,0
B00,7420201,,,,6.25,,,,,7.5,6.6,ttth,13,7
A01,7480201,,,7.6,6.5,,,,9.6,,,ttth,16,0
A00,7480201,,,,6.25,,,,8.0,8.0,,ttth,16,0
D01,7220201,6.0,,7.4,7.75,,,,,,,ttth,0,8
A00,7340301,,,,7.5,,,,8.0,7.6,,ttth,10,2
D01,7510203,6.5,,6.8,7.0,,,,,,,ttth,19,5
A01,7340129,,,7.2,7.75,,,,6.2,,,ttth,7,7
A00,7540101,,,,8.0,,,,8.25,8.4,,ttth,28,7
A01,7510203,,,7.6,6.25,,,,7.0,,,ttth,19,5
A01,7480201,,,7.4,6.0,,,,7.6,,,ttth,16,0
D01,7340201,7.0,,7.0,8.75,,,,,,,ttth,8,2
D01,7510303,6.4,,7.4,7.25,,,,,,,ttth,21,5
A01,7340201,,,7.2,7.8,,,,7.25,,,ttth,8,2
A00,7380107,,,,7.0,,,,7.0,6.8,,ttth,12,8
D07,7480202,,,8.0,7.0,,,,,7.2,,ttth,17,0
D01,7510203,6.8,,8.6,6.75,,,,,,,ttth,19,5
D01,7220201,8.8,,7.4,7.0,,,,,,,ttth,0,8
A00,7340120,,,,6.75,,,,7.25,8.4,,ttth,4,1
D01,7340101,7.0,,7.6,9.0,,,,,,,ttth,2,1
D01,7480202,8.0,,7.4,6.4,,,,,,,ttth,17,0
D07,7510203,,,7.4,6.75,,,,,9.2,,ttth,19,5
B00,7540101,,,,6.5,,,,,7.0,7.4,ttth,28,7
B00,7420201,,,,7.5,,,,,6.5,7.8,ttth,13,7
A00,7480201,,,,6.75,,,,7.25,7.6,,ttth,16,0
A01,7340101,,,9.4,8.2,,,,6.25,,,ttth,2,1
D01,7340201,8.0,,7.8,6.8,,,,,,,ttth,8,2
A00,7510303,,,,6.8,,,,5.25,6.25,,ttth,21,5
D01,7340129,6.5,,7.6,7.2,,,,,,,ttth,7,7
B00,7420201,,,,8.2,,,,,7.25,6.25,ttth,13,7
D01,7510303,6.5,,5.8,6.6,,,,,,,ttth,21,5
A00,7340301,,,,8.0,,,,8.0,6.75,,ttth,10,2
A00,7540101,,,,7.25,,,,9.0,7.6,,ttth,28,7
D01,7510303,7.25,,4.8,7.6,,,,,,,ttth,21,5
D01,7810202,6.2,,7.6,8.0,,,,,,,ttth,35,4
D07,7540101,,,8.0,7.75,,,,,6.6,,ttth,28,7
D01,7510203,7.0,,7.2,7.5,,,,,,,ttth,19,5
A00,7340201,,,,7.25,,,,6.5,7.2,,ttth,8,2
D01,7810103,7.5,,8.6,6.6,,,,,,,ttth,33,4
D01,7340115,7.2,,7.4,7.5,,,,,,,ttth,3,1
A01,7510301,,,6.2,7.0,,,,5.25,,,ttth,20,5
D01,7380107,6.8,,6.8,7.75,,,,,,,ttth,12,8
D01,7340201,7.75,,8.2,7.4,,,,,,,ttth,8,2
D09,7220201,,,7.4,8.25,,,9.0,,,,ttth,0,8
A00,7819010,,,,7.5,,,,7.25,7.2,,ttth,37,4
A00,7340301,,,,6.75,,,,7.0,7.6,,ttth,10,2
D01,7340301,6.2,,8.8,7.5,,,,,,,ttth,10,2
A00,7480201,,,,8.0,,,,8.0,8.0,,ttth,16,0
D01,7810202,6.8,,7.8,7.5,,,,,,,ttth,35,4
D07,7540101,,,8.2,7.25,,,,,8.6,,ttth,28,7
A00,7510301,,,,7.5,,,,7.25,8.4,,ttth,20,5
A00,7510303,,,,7.2,,,,5.75,7.25,,ttth,21,5
A01,7480201,,,6.8,7.5,,,,8.0,,,ttth,16,0
D01,7340301,7.2,,7.4,8.5,,,,,,,ttth,10,2
D01,7340101,6.8,,7.6,8.25,,,,,,,ttth,2,1
A00,7340115,,,,7.25,,,,8.25,8.0,,ttth,3,1
D01,7810202,5.6,,6.6,8.0,,,,,,,ttth,35,4
A00,7420201,,,,7.4,,,,6.75,8.0,,ttth,13,7
D01,7480201,6.25,,9.2,8.4,,,,,,,ttth,16,0
A00,7340101,,,,8.2,,,,8.0,7.75,,ttth,2,1
A00,7340301,,,,7.75,,,,8.75,8.0,,ttth,10,2
A00,7810202,,,,8.0,,,,7.0,7.5,,ttth,35,4
A01,7510401,,,6.0,4.75,,,,6.8,,,ttth,22,6
A01,7340122,,,7.2,8.25,,,,8.0,,,ttth,5,1
D01,7510301,8.0,,5.0,6.0,,,,,,,ttth,20,5
D01,7340101,7.6,,7.6,7.5,,,,,,,ttth,2,1
D01,7340201,4.8,,7.2,8.5,,,,,,,ttth,8,2
A00,7540101,,,,8.2,,,,7.5,8.5,,ttth,28,7
A00,7510401,,,,6.4,,,,6.5,5.25,,ttth,22,6
D01,7510303,6.75,,6.6,6.8,,,,,,,ttth,21,5
A00,7340122,,,,8.0,,,,7.25,7.6,,ttth,5,1
D01,7480202,7.25,,4.0,4.8,,,,,,,ttth,17,0
A00,7340122,,,,6.75,,,,7.25,8.2,,ttth,5,1
A00,7340201,,,,8.2,,,,7.25,7.75,,ttth,8,2
D01,7480201,7.2,,7.6,9.0,,,,,,,ttth,16,0
A00,7510202,,,,8.8,,,,5.75,6.75,,ttth,18,5
A01,7380107,,,6.2,7.8,,,,7.25,,,ttth,12,8
D01,7510203,5.75,,5.8,6.4,,,,,,,ttth,19,5
A01,7510303,,,8.4,8.0,,,,7.0,,,ttth,21,5
D01,7480201,7.17,,7.2,7.8,,,,,,,ttth,16,0
A01,7220204,,,7.6,8.5,,,,6.6,,,ttth,1,8
D01,7510301,7.5,,4.6,6.2,,,,,,,ttth,20,5
A00,7540106,,,,6.8,,,,6.75,7.0,,ttth,30,7
A00,7480201,,,,7.0,,,,7.25,7.4,,ttth,16,0
D01,7520115,4.6,,6.6,6.75,,,,,,,ttth,27,6
A00,7380107,,,,7.4,,,,7.0,7.25,,ttth,12,8
A01,7510301,,,5.4,8.0,,,,5.75,,,ttth,20,5
D01,7340120,6.75,,8.0,8.4,,,,,,,ttth,4,1
D01,7340120,7.4,,6.8,9.0,,,,,,,ttth,4,1
D01,7480202,5.0,,7.0,7.4,,,,,,,ttth,17,0
D01,7340120,8.4,,7.4,7.5,,,,,,,ttth,4,1
D07,7480201,,,6.2,7.8,,,,,8.5,,ttth,16,0
A00,7540106,,,,7.0,,,,7.5,6.0,,ttth,30,7
A00,7340301,,,,8.0,,,,7.0,7.25,,ttth,10,2
A00,7480201,,,,7.25,,,,6.5,7.2,,ttth,16,0
B00,7540101,,,,7.75,,,,,7.25,8.2,ttth,28,7
D01,7810202,7.25,,7.8,6.8,,,,,,,ttth,35,4
A00,7850101,,,,7.0,,,,7.25,6.0,,ttth,38,7
D01,7340205,6.8,,7.4,6.5,,,,,,,ttth,9,2
D01,7480202,6.5,,6.6,6.0,,,,,,,ttth,17,0
A01,7540106,,,7.8,8.4,,,,6.0,,,ttth,30,7
A01,7480202,,,6.6,6.5,,,,7.2,,,ttth,17,0
A00,7510303,,,,7.2,,,,5.5,7.25,,ttth,21,5
A01,7480202,,,8.2,7.4,,,,6.5,,,ttth,17,0
D01,7540204,6.2,,7.6,8.25,,,,,,,ttth,31,6
A00,7510301,,,,8.0,,,,6.5,7.25,,ttth,20,5
D01,7810202,7.75,,8.4,7.2,,,,,,,ttth,35,4
D01,7340115,8.6,,7.8,7.0,,,,,,,ttth,3,1
A01,7340201,,,8.2,7.25,,,,8.0,,,ttth,8,2
A00,7480201,,,,7.8,,,,7.75,7.25,,ttth,16,0
A01,7540106,,,7.2,7.25,,,,6.6,,,ttth,30,7
D01,7510202,4.8,,6.8,6.75,,,,,,,ttth,18,5
D07,7850101,,,6.6,7.2,,,,,6.75,,ttth,38,7
A00,7510303,,,,6.5,,,,8.25,7.8,,ttth,21,5
D01,7510203,7.25,,2.8,6.6,,,,,,,ttth,19,5
D01,7480201,7.25,,8.2,9.0,,,,,,,ttth,16,0
A00,7540101,,,,7.5,,,,7.75,6.2,,ttth,28,7
A00,7819010,,,,5.75,,,,5.0,5.8,,ttth,37,4
B00,7540101,,,,8.25,,,,,7.5,8.2,ttth,28,7
D01,7810103,7.2,,6.8,9.0,,,,,,,ttth,33,4
A01,7340115,,,8.2,8.6,,,,8.0,,,ttth,3,1
D01,7340120,7.0,,8.2,8.0,,,,,,,ttth,4,1
D01,7340101,7.0,,7.2,8.75,,,,,,,ttth,2,1
A00,7510203,,,,6.25,,,,7.25,7.0,,ttth,19,5
A00,7340301,,,,7.0,,,,7.0,8.25,,ttth,10,2
D01,7340120,9.2,,7.0,6.75,,,,,,,ttth,4,1
A00,7540204,,,,6.75,,,,7.0,8.0,,ttth,31,6
A00,7340201,,,,7.75,,,,5.75,7.0,,ttth,8,2
B00,7510401,,,,7.75,,,,,5.5,6.6,ttth,22,6
D01,7340101,8.0,,7.6,7.6,,,,,,,ttth,2,1
D01,7810103,7.75,,7.0,8.0,,,,,,,ttth,33,4
A01,7540101,,,7.6,7.5,,,,7.8,,,ttth,28,7
A00,7510303,,,,7.75,,,,6.0,6.8,,ttth,21,5
D01,7340122,7.0,,7.8,8.75,,,,,,,ttth,5,1
A00,7510203,,,,7.0,,,,6.25,6.8,,ttth,19,5
A00,7340201,,,,9.0,,,,6.75,6.75,,ttth,8,2
A01,7480201,,,7.0,8.2,,,,7.5,,,ttth,16,0
A00,7340201,,,,7.5,,,,8.5,7.4,,ttth,8,2
A00,7340201,,,,8.0,,,,7.5,7.25,,ttth,8,2
A01,7340120,,,8.8,8.2,,,,7.0,,,ttth,4,1
D01,7340115,7.4,,8.4,8.25,,,,,,,ttth,3,1
A01,7340101,,,9.0,7.6,,,,7.0,,,ttth,2,1
A00,7510202,,,,7.4,,,,6.75,5.5,,ttth,18,5
D01,7510301,5.25,,5.8,7.0,,,,,,,ttth,20,5
A00,7480201,,,,7.25,,,,8.25,8.0,,ttth,16,0
A01,7510303,,,6.6,6.75,,,,4.4,,,ttth,21,5
D01,7810201,7.75,,7.8,7.6,,,,,,,ttth,34,4
A00,7540204,,,,7.0,,,,6.25,6.5,,ttth,31,6
D09,7220204,,,6.6,8.75,,,7.8,,,,ttth,1,8
A00,7540101,,,,7.5,,,,7.75,7.4,,ttth,28,7
D01,7480201,6.0,,8.6,8.8,,,,,,,ttth,16,0
D01,7380107,7.6,,8.0,7.75,,,,,,,ttth,12,8
A01,7340129,,,7.2,7.25,,,,5.8,,,ttth,7,7
D01,7220201,7.5,,8.4,7.8,,,,,,,ttth,0,8
D01,7220201,7.0,,7.4,7.5,,,,,,,ttth,0,8
A00,7480201,,,,7.5,,,,7.75,7.4,,ttth,16,0
D01,7480202,8.0,,7.8,6.5,,,,,,,ttth,17,0
D07,7510401,,,7.2,7.8,,,,,7.5,,ttth,22,6
A00,7340115,,,,7.25,,,,8.0,8.4,,ttth,3,1
A00,7540106,,,,8.2,,,,5.5,6.75,,ttth,30,7
B00,7420201,,,,7.75,,,,,8.75,7.8,ttth,13,7
D01,7340120,7.75,,7.4,8.8,,,,,,,ttth,4,1
D01,7510301,6.0,,4.2,7.2,,,,,,,ttth,20,5
D01,7340201,7.4,,7.2,6.75,,,,,,,ttth,8,2
A00,7540101,,,,7.5,,,,7.5,6.0,,ttth,28,7
A01,7540204,,,7.0,6.6,,,,6.5,,,ttth,31,6
D01,7480201,7.25,,9.8,7.8,,,,,,,ttth,16,0
A00,7510301,,,,6.25,,,,8.5,7.4,,ttth,20,5
A01,7340101,,,7.6,7.0,,,,8.8,,,ttth,2,1
D09,7220201,,,6.8,7.75,,,8.8,,,,ttth,0,8
D01,7810103,6.8,,6.8,6.5,,,,,,,ttth,33,4
D01,7220204,6.8,,7.4,8.0,,,,,,,ttth,1,8
A00,7510203,,,,7.0,,,,7.25,7.0,,ttth,19,5
A00,7480202,,,,6.0,,,,4.5,7.2,,ttth,17,0
D01,7480201,6.6,,7.4,7.25,,,,,,,ttth,16,0
D01,7340123,3.6,,7.0,8.0,,,,,,,ttth,6,3
D01,7460108,6.2,,6.6,8.0,,,,,,,ttth,14,0
A00,7340201,,,,7.2,,,,7.75,7.75,,ttth,8,2
A01,7510301,,,9.0,4.8,,,,3.25,,,ttth,20,5
D01,7510303,8.0,,3.6,6.6,,,,,,,ttth,21,5
A00,7540101,,,,7.25,,,,8.5,7.8,,ttth,28,7
D01,7510301,6.0,,6.0,8.8,,,,,,,ttth,20,5
D01,7510202,7.0,,4.8,6.5,,,,,,,ttth,18,5
A00,7480201,,,,8.0,,,,8.0,7.5,,ttth,16,0
D01,7810103,8.0,,6.8,7.6,,,,,,,ttth,33,4
A00,7510301,,,,8.0,,,,6.5,7.4,,ttth,20,5
A01,7340301,,,7.2,8.8,,,,8.0,,,ttth,10,2
D01,7380107,6.0,,7.6,8.75,,,,,,,ttth,12,8
A01,7340301,,,7.8,7.75,,,,7.8,,,ttth,10,2
D01,7340101,7.8,,7.2,7.75,,,,,,,ttth,2,1
A00,7510401,,,,5.75,,,,6.75,7.2,,ttth,22,6
A00,7340120,,,,7.0,,,,8.0,8.4,,ttth,4,1
D01,7340301,7.0,,7.8,7.8,,,,,,,ttth,10,2
A01,7540204,,,8.6,7.0,,,,4.75,,,ttth,31,6
D01,7480202,7.0,,3.8,5.6,,,,,,,ttth,17,0
D01,7380107,7.0,,7.2,7.0,,,,,,,ttth,12,8
A01,7480201,,,6.6,7.75,,,,7.8,,,ttth,16,0
D01,7480202,6.5,,6.0,7.6,,,,,,,ttth,17,0
D01,7510202,6.8,,6.0,7.0,,,,,,,ttth,18,5
D07,7510401,,,8.0,7.0,,,,,8.5,,ttth,22,6
D01,7480201,7.5,,7.4,8.6,,,,,,,ttth,16,0
A00,7340115,,,,8.2,,,,8.25,8.25,,ttth,3,1
D01,7340205,5.6,,6.6,6.5,,,,,,,ttth,9,2
D01,7340201,7.4,,7.2,7.75,,,,,,,ttth,8,2
D01,7810103,6.75,,7.4,8.2,,,,,,,ttth,33,4
D01,7480202,6.8,,7.2,8.0,,,,,,,ttth,17,0
D01,7510203,5.5,,5.6,6.8,,,,,,,ttth,19,5
D01,7220204,6.4,,7.4,7.25,,,,,,,ttth,1,8
A01,7340120,,,8.0,7.75,,,,7.4,,,ttth,4,1
D01,7340101,7.5,,9.2,8.2,,,,,,,ttth,2,1
A00,7340120,,,,7.5,,,,7.5,7.4,,ttth,4,1
A00,7480201,,,,6.5,,,,7.25,7.4,,ttth,16,0
B00,7420201,,,,6.0,,,,,7.75,7.0,ttth,13,7
B00,7540101,,,,7.5,,,,,8.0,7.2,ttth,28,7
A00,7380107,,,,6.5,,,,7.25,7.6,,ttth,12,8
D01,7810202,8.2,,7.0,8.0,,,,,,,ttth,35,4
A01,7810201,,,8.2,7.5,,,,6.8,,,ttth,34,4
A00,7340201,,,,6.25,,,,7.25,7.4,,ttth,8,2
D01,7380107,4.6,,7.6,8.25,,,,,,,ttth,12,8
D01,7480201,8.0,,8.0,7.0,,,,,,,ttth,16,0
D01,7510303,3.0,,7.4,7.25,,,,,,,ttth,21,5
B00,7540106,,,,7.2,,,,,7.5,6.75,ttth,30,7
B00,7420201,,,,6.4,,,,,7.25,6.25,ttth,13,7
B00,7819009,,,,6.25,,,,,7.25,6.6,ttth,36,4
A00,7810201,,,,8.25,,,,7.0,8.0,,ttth,34,4
A00,7340301,,,,7.5,,,,7.75,7.0,,ttth,10,2
D01,7480201,7.8,,6.6,6.75,,,,,,,ttth,16,0
D01,7220201,8.0,,6.4,7.25,,,,,,,ttth,0,8
D01,7340129,6.8,,5.6,6.25,,,,,,,ttth,7,7
D01,7340115,8.0,,7.2,8.5,,,,,,,ttth,3,1
A00,7340115,,,,7.25,,,,8.75,8.2,,ttth,3,1
D15,7380107,6.75,4.6,8.0,,,,,,,,ttth,12,8
D07,7510203,,,7.2,7.0,,,,,5.6,,ttth,19,5
A00,7340101,,,,7.5,,,,7.5,8.2,,ttth,2,1
A00,7510303,,,,6.6,,,,5.75,6.0,,ttth,21,5
D01,7340201,7.8,,7.6,8.0,,,,,,,ttth,8,2
D01,7340122,8.6,,7.2,6.5,,,,,,,ttth,5,1
A00,7510401,,,,6.75,,,,7.0,7.4,,ttth,22,6
D01,7340201,8.0,,7.4,7.0,,,,,,,ttth,8,2
D01,7510202,3.4,,6.4,7.75,,,,,,,ttth,18,5
D01,7810103,6.75,,8.6,7.6,,,,,,,ttth,33,4
A00,7340101,,,,8.0,,,,7.0,8.25,,ttth,2,1
B00,7540106,,,,6.5,,,,,6.5,6.8,ttth,30,7
D01,7510203,5.0,,7.6,6.5,,,,,,,ttth,19,5
D01,7340301,7.25,,7.6,8.2,,,,,,,ttth,10,2
D01,7810103,5.4,,6.4,7.25,,,,,,,ttth,33,4
D01,7220201,8.5,,7.8,7.2,,,,,,,ttth,0,8
A00,7510303,,,,7.4,,,,7.75,5.75,,ttth,21,5
D01,7510203,4.8,,6.0,7.0,,,,,,,ttth,19,5
D01,7220201,8.75,,8.2,7.6,,,,,,,ttth,0,8
A00,7340301,,,,8.6,,,,7.0,7.25,,ttth,10,2
A00,7510401,,,,7.0,,,,7.75,8.2,,ttth,22,6
D07,7480201,,,7.4,8.0,,,,,7.2,,ttth,16,0
A00,7340120,,,,7.5,,,,8.75,7.2,,ttth,4,1
D07,7480201,,,7.8,8.5,,,,,7.6,,ttth,16,0
D01,7340201,8.0,,7.0,7.8,,,,,,,ttth,8,2
A00,7510203,,,,6.8,,,,7.0,7.25,,ttth,19,5
D01,7810201,8.0,,8.6,6.8,,,,,,,ttth,34,4
D01,7510203,6.6,,6.2,6.25,,,,,,,ttth,19,5
D07,7819010,,,7.0,4.5,,,,,5.0,,ttth,37,4
D07,7540106,,,7.2,7.75,,,,,8.4,,ttth,30,7
A01,7540204,,,7.4,8.2,,,,7.75,,,ttth,31,6
A01,7540106,,,6.0,7.0,,,,6.0,,,ttth,30,7
D01,7220204,7.2,,7.2,8.0,,,,,,,ttth,1,8
D01,7340129,6.25,,7.8,8.0,,,,,,,ttth,7,7
D01,7480202,6.5,,4.6,6.0,,,,,,,ttth,17,0
A00,7340301,,,,8.4,,,,6.75,8.0,,ttth,10,2
D01,7480202,5.4,,6.8,7.25,,,,,,,ttth,17,0
B00,7420201,,,,7.75,,,,,8.0,7.2,ttth,13,7
A00,7510202,,,,8.4,,,,6.25,8.0,,ttth,18,5
D01,7340115,8.5,,8.2,7.6,,,,,,,ttth,3,1
A00,7340120,,,,7.75,,,,8.75,8.6,,ttth,4,1
A00,7340120,,,,7.8,,,,6.75,8.5,,ttth,4,1
D01,7480201,8.2,,8.4,6.75,,,,,,,ttth,16,0
A00,7810201,,,,7.25,,,,7.25,6.0,,ttth,34,4
D01,7540204,5.8,,6.0,6.25,,,,,,,ttth,31,6
D01,7810201,7.75,,7.0,7.0,,,,,,,ttth,34,4
D15,7810202,8.25,6.0,9.0,,,,,,,,ttth,35,4
A00,7850101,,,,6.75,,,,5.75,7.0,,ttth,38,7
D15,7380107,6.25,8.2,5.5,,,,,,,,ttth,12,8
D01,7510301,7.5,,6.6,8.0,,,,,,,ttth,20,5
A00,7340101,,,,6.75,,,,6.75,7.0,,ttth,2,1
D01,7380107,7.75,,7.8,7.2,,,,,,,ttth,12,8
A00,7340115,,,,8.0,,,,8.0,7.8,,ttth,3,1
D07,7540101,,,7.8,8.0,,,,,6.8,,ttth,28,7
D01,7340120,7.0,,7.0,7.25,,,,,,,ttth,4,1
D01,7220204,8.2,,7.4,7.0,,,,,,,ttth,1,8
D01,7810202,7.75,,7.6,8.0,,,,,,,ttth,35,4
D01,7220201,7.75,,9.0,6.8,,,,,,,ttth,0,8
D01,7810103,7.25,,8.4,7.0,,,,,,,ttth,33,4
D01,7340120,7.0,,7.6,6.75,,,,,,,ttth,4,1
D07,7420201,,,7.0,7.25,,,,,6.6,,ttth,13,7
D01,7540204,8.0,,6.6,7.4,,,,,,,ttth,31,6
D01,7340301,8.5,,6.6,7.4,,,,,,,ttth,10,2
D07,7540101,,,8.6,8.0,,,,,7.5,,ttth,28,7
A01,7340120,,,8.2,8.25,,,,7.8,,,ttth,4,1
A00,7340115,,,,7.25,,,,8.5,8.0,,ttth,3,1
D01,7340201,8.0,,6.8,7.25,,,,,,,ttth,8,2
A00,7340129,,,,5.75,,,,7.0,7.2,,ttth,7,7
A00,7850101,,,,5.0,,,,4.5,6.4,,ttth,38,7
D01,7220204,8.0,,7.4,7.6,,,,,,,ttth,1,8
B00,7819009,,,,6.5,,,,,6.75,6.0,ttth,36,4
A01,7480202,,,4.8,7.4,,,,7.0,,,ttth,17,0
A00,7340115,,,,7.75,,,,7.5,8.0,,ttth,3,1
D01,7480201,7.75,,9.2,8.0,,,,,,,ttth,16,0
D01,7340120,6.25,,8.6,8.0,,,,,,,ttth,4,1
A00,7340101,,,,7.0,,,,8.5,8.6,,ttth,2,1
D01,7380107,8.25,,5.6,7.8,,,,,,,ttth,12,8
A01,7340120,,,8.2,6.0,,,,7.2,,,ttth,4,1
D01,7340101,7.25,,9.0,7.4,,,,,,,ttth,2,1
D01,7340101,6.6,,7.8,6.75,,,,,,,ttth,2,1
A01,7540101,,,9.2,7.4,,,,8.0,,,ttth,28,7
D01,7480201,9.4,,8.0,6.5,,,,,,,ttth,16,0
A00,7480201,,,,7.0,,,,7.5,8.2,,ttth,16,0
D07,7540101,,,8.6,8.4,,,,,8.5,,ttth,28,7
B00,7540101,,,,7.8,,,,,8.5,8.5,ttth,28,7
D01,7220201,7.75,,9.2,8.4,,,,,,,ttth,0,8
D01,7810202,7.5,,7.6,7.8,,,,,,,ttth,35,4
D07,7540101,,,7.8,9.0,,,,,8.6,,ttth,28,7
A00,7480201,,,,7.75,,,,7.25,8.4,,ttth,16,0
D01,7340201,6.2,,7.4,8.0,,,,,,,ttth,8,2
A00,7340201,,,,7.25,,,,6.5,7.8,,ttth,8,2
D01,7220201,7.4,,7.4,7.0,,,,,,,ttth,0,8
A00,7810202,,,,7.0,,,,7.0,8.0,,ttth,35,4
A00,7340101,,,,7.75,,,,7.0,8.2,,ttth,2,1
D07,7540101,,,7.8,8.6,,,,,7.75,,ttth,28,7
D01,7510203,6.5,,3.6,6.6,,,,,,,ttth,19,5
A00,7810201,,,,6.5,,,,7.5,7.6,,ttth,34,4
A00,7510406,,,,5.2,,,,5.75,6.0,,ttth,24,7
A00,7380107,,,,7.0,,,,8.25,7.2,,ttth,12,8
A00,7380107,,,,6.75,,,,6.5,7.4,,ttth,12,8
A00,7540204,,,,6.75,,,,7.25,7.8,,ttth,31,6
D01,7340101,7.75,,8.2,7.6,,,,,,,ttth,2,1
D01,7510202,5.4,,7.2,6.75,,,,,,,ttth,18,5
A01,7220201,,,7.6,7.5,,,,8.4,,,ttth,0,8
A00,7510303,,,,7.0,,,,7.0,8.2,,ttth,21,5
D01,7340129,6.0,,5.4,8.25,,,,,,,ttth,7,7
D01,7480202,5.0,,5.0,7.5,,,,,,,ttth,17,0
A00,7810201,,,,8.0,,,,7.75,8.25,,ttth,34,4
D01,7810103,6.0,,6.6,7.75,,,,,,,ttth,33,4
D01,7810103,6.2,,7.0,7.75,,,,,,,ttth,33,4
D01,7340120,7.33,,9.0,7.4,,,,,,,ttth,4,1
D01,7340101,7.6,,7.0,8.25,,,,,,,ttth,2,1
D01,7510303,6.5,,6.8,8.2,,,,,,,ttth,21,5
D01,7340120,6.6,,7.4,8.75,,,,,,,ttth,4,1
D01,7340301,7.75,,7.6,7.4,,,,,,,ttth,10,2
A00,7340201,,,,8.2,,,,6.5,8.25,,ttth,8,2
A00,7340101,,,,6.75,,,,8.5,7.0,,ttth,2,1
A00,7460108,,,,6.0,,,,5.25,6.6,,ttth,14,0
A01,7340122,,,7.0,7.0,,,,9.0,,,ttth,5,1
A00,7540204,,,,6.8,,,,6.0,6.5,,ttth,31,6
D15,7380107,8.0,4.6,8.0,,,,,,,,ttth,12,8
D01,7220204,6.8,,6.4,8.5,,,,,,,ttth,1,8
A00,7510303,,,,7.0,,,,6.5,5.25,,ttth,21,5
D01,7340115,7.6,,7.8,8.5,,,,,,,ttth,3,1
A00,7540101,,,,7.25,,,,7.25,7.8,,ttth,28,7
A00,7510303,,,,8.0,,,,6.5,8.0,,ttth,21,5
D07,7480201,,,7.4,7.5,,,,,6.8,,ttth,16,0
D01,7340101,8.2,,7.6,8.0,,,,,,,ttth,2,1
A00,7810201,,,,7.25,,,,8.25,7.6,,ttth,34,4
D07,7480201,,,7.6,8.25,,,,,8.2,,ttth,16,0
A00,7510301,,,,6.8,,,,4.25,7.0,,ttth,20,5
D01,7380107,6.0,,8.6,8.25,,,,,,,ttth,12,8
A01,7340201,,,8.8,7.8,,,,6.5,,,ttth,8,2
D01,7380107,7.4,,7.0,7.5,,,,,,,ttth,12,8
D01,7340122,7.8,,6.6,8.75,,,,,,,ttth,5,1
A01,7510303,,,7.4,7.0,,,,8.2,,,ttth,21,5
D07,7540101,,,7.4,6.5,,,,,8.2,,ttth,28,7
A01,7480201,,,8.0,8.0,,,,7.0,,,ttth,16,0
A00,7340120,,,,6.5,,,,7.75,7.0,,ttth,4,1
A00,7540101,,,,8.6,,,,8.25,8.0,,ttth,28,7
A00,7340101,,,,8.0,,,,7.75,8.5,,ttth,2,1
D01,7510301,6.75,,5.4,6.4,,,,,,,ttth,20,5
D01,7340101,6.8,,7.6,7.5,,,,,,,ttth,2,1
D01,7340101,8.5,,7.6,7.2,,,,,,,ttth,2,1
D01,7510301,6.5,,5.8,5.0,,,,,,,ttth,20,5
B00,7420201,,,,6.75,,,,,7.25,7.2,ttth,13,7
D01,7340201,7.4,,7.2,7.75,,,,,,,ttth,8,2
A00,7340201,,,,8.0,,,,7.5,7.75,,ttth,8,2
A01,7480202,,,7.6,7.5,,,,7.8,,,ttth,17,0
D01,7540204,5.2,,6.8,8.25,,,,,,,ttth,31,6
A00,7480201,,,,7.0,,,,8.75,8.2,,ttth,16,0
D01,7340201,8.0,,7.6,8.2,,,,,,,ttth,8,2
A00,7510202,,,,8.0,,,,6.0,7.0,,ttth,18,5
D01,7340201,6.75,,7.8,7.8,,,,,,,ttth,8,2
A00,7510202,,,,6.5,,,,7.75,6.0,,ttth,18,5
D01,7810103,7.0,,8.2,7.4,,,,,,,ttth,33,4
D07,7819010,,,7.4,4.75,,,,,7.4,,ttth,37,4
A00,7480201,,,,7.0,,,,7.25,7.4,,ttth,16,0
B00,7540101,,,,7.25,,,,,7.5,6.6,ttth,28,7
A01,7340101,,,6.6,7.25,,,,7.2,,,ttth,2,1
A00,7340101,,,,7.8,,,,7.0,8.5,,ttth,2,1
D01,7810202,8.0,,8.0,7.4,,,,,,,ttth,35,4
A01,7540105,,,6.6,6.6,,,,5.5,,,ttth,29,7
D01,7540204,6.25,,3.8,6.8,,,,,,,ttth,31,6
D01,7510303,7.75,,8.2,7.6,,,,,,,ttth,21,5
D01,7480201,7.6,,7.2,7.0,,,,,,,ttth,16,0
A00,7340115,,,,7.75,,,,8.25,8.6,,ttth,3,1
A01,7340301,,,9.2,7.4,,,,7.5,,,ttth,10,2
D01,7510202,6.2,,6.0,5.5,,,,,,,ttth,18,5
B00,7420201,,,,7.25,,,,,6.75,6.8,ttth,13,7
A01,7540106,,,7.6,6.6,,,,7.0,,,ttth,30,7
D01,7340205,5.2,,5.0,8.0,,,,,,,ttth,9,2
D01,7340301,7.4,,7.4,7.75,,,,,,,ttth,10,2
A00,7340101,,,,7.0,,,,7.25,6.4,,ttth,2,1
A00,7540101,,,,7.75,,,,7.25,8.0,,ttth,28,7
A01,7340201,,,7.6,8.0,,,,8.4,,,ttth,8,2
A00,7510303,,,,6.75,,,,8.0,6.8,,ttth,21,5
A01,7510301,,,6.8,7.0,,,,6.0,,,ttth,20,5
A00,7480201,,,,7.25,,,,8.0,7.6,,ttth,16,0
A00,7480201,,,,7.5,,,,8.25,8.2,,ttth,16,0
A00,7340120,,,,7.75,,,,8.0,7.6,,ttth,4,1
A01,7810201,,,7.6,8.5,,,,9.4,,,ttth,34,4
D01,7510303,6.4,,7.6,6.25,,,,,,,ttth,21,5
D01,7810202,5.8,,5.6,7.5,,,,,,,ttth,35,4
B00,7540101,,,,8.0,,,,,8.25,6.8,ttth,28,7
A00,7480201,,,,8.2,,,,8.0,7.25,,ttth,16,0
D01,7510301,4.2,,6.6,7.25,,,,,,,ttth,20,5
A00,7340301,,,,6.75,,,,8.25,8.0,,ttth,10,2
A01,7480201,,,9.2,9.0,,,,7.5,,,ttth,16,0
D09,7220204,,,6.6,9.25,,,8.0,,,,ttth,1,8
A00,7380107,,,,8.2,,,,7.25,7.75,,ttth,12,8
B00,7850101,,,,6.75,,,,,6.75,7.0,ttth,38,7
A01,7420201,,,8.2,8.2,,,,6.75,,,ttth,13,7
A01,7420201,,,7.2,5.75,,,,6.8,,,ttth,13,7
A00,7340201,,,,8.2,,,,7.25,7.5,,ttth,8,2
A00,7340120,,,,7.75,,,,8.25,8.0,,ttth,4,1
B00,7420201,,,,6.75,,,,,7.0,6.6,ttth,13,7
A00,7340101,,,,7.0,,,,7.75,8.0,,ttth,2,1
A00,7540106,,,,7.8,,,,6.0,6.75,,ttth,30,7
A00,7540101,,,,6.5,,,,7.0,7.6,,ttth,28,7
D07,7480202,,,7.2,8.0,,,,,8.8,,ttth,17,0
D01,7480201,8.0,,8.2,7.75,,,,,,,ttth,16,0
B00,7540105,,,,5.5,,,,,6.25,6.2,ttth,29,7
A00,7380107,,,,7.0,,,,8.25,7.6,,ttth,12,8
A00,7480202,,,,7.8,,,,3.5,7.0,,ttth,17,0
D01,7480202,6.75,,6.2,6.8,,,,,,,ttth,17,0
A00,7510301,,,,7.0,,,,5.5,7.5,,ttth,20,5
D01,7340101,8.5,,7.6,7.4,,,,,,,ttth,2,1
A01,7540105,,,9.6,8.6,,,,7.75,,,ttth,29,7
A01,7340120,,,7.6,8.25,,,,8.4,,,ttth,4,1
D15,7380107,7.5,4.6,7.25,,,,,,,,ttth,12,8
A00,7340301,,,,7.5,,,,7.75,7.8,,ttth,10,2
A00,7340129,,,,7.0,,,,7.25,7.6,,ttth,7,7
A00,7340201,,,,8.25,,,,8.75,7.4,,ttth,8,2
A00,7480201,,,,7.8,,,,7.0,8.0,,ttth,16,0
A00,7480202,,,,4.75,,,,4.5,8.0,,ttth,17,0
D01,7340120,6.4,,7.6,7.5,,,,,,,ttth,4,1
A01,7220201,,,9.0,8.2,,,,7.75,,,ttth,0,8
D01,7540204,6.75,,6.6,8.2,,,,,,,ttth,31,6
A00,7340201,,,,8.8,,,,7.0,7.5,,ttth,8,2
A00,7340201,,,,6.25,,,,8.0,7.2,,ttth,8,2
A00,7850101,,,,7.0,,,,6.0,7.75,,ttth,38,7
A00,7340120,,,,6.5,,,,7.25,7.4,,ttth,4,1
B00,7540101,,,,9.0,,,,,8.0,7.75,ttth,28,7
A00,7340301,,,,8.0,,,,7.25,8.0,,ttth,10,2
D01,7810202,8.75,,8.0,7.6,,,,,,,ttth,35,4
D01,7340129,5.4,,7.0,7.5,,,,,,,ttth,7,7
A01,7480201,,,8.8,7.25,,,,7.4,,,ttth,16,0
A00,7340120,,,,8.4,,,,8.0,8.5,,ttth,4,1
A00,7340101,,,,5.75,,,,6.75,7.8,,ttth,2,1
B00,7540106,,,,7.4,,,,,7.25,5.25,ttth,30,7
A01,7340115,,,8.4,7.25,,,,8.6,,,ttth,3,1
D01,7810201,8.5,,7.6,7.4,,,,,,,ttth,34,4
A00,7510303,,,,8.4,,,,7.0,7.75,,ttth,21,5
B00,7510401,,,,8.25,,,,,5.75,5.8,ttth,22,6
A00,7810202,,,,8.2,,,,8.25,7.75,,ttth,35,4
A00,7480201,,,,6.75,,,,7.75,6.6,,ttth,16,0
D01,7510202,5.25,,4.8,7.4,,,,,,,ttth,18,5
B00,7510401,,,,7.0,,,,,6.75,6.6,ttth,22,6
A00,7340301,,,,5.75,,,,7.5,7.0,,ttth,10,2
D01,7510303,5.0,,6.2,6.0,,,,,,,ttth,21,5
A01,7510303,,,7.4,7.2,,,,7.0,,,ttth,21,5
D15,7810202,6.5,6.0,6.75,,,,,,,,ttth,35,4
A01,7480201,,,9.0,7.6,,,,7.25,,,ttth,16,0
D01,7340115,7.2,,6.8,8.5,,,,,,,ttth,3,1
D01,7220201,7.0,,9.0,7.8,,,,,,,ttth,0,8
A00,7480201,,,,6.5,,,,8.75,7.2,,ttth,16,0
A00,7540105,,,,7.0,,,,7.0,7.75,,ttth,29,7
D01,7480202,6.0,,7.0,5.75,,,,,,,ttth,17,0
A01,7220201,,,8.0,7.25,,,,8.4,,,ttth,0,8
A00,7340201,,,,7.0,,,,8.0,7.75,,ttth,8,2
A00,7819010,,,,6.25,,,,5.75,6.4,,ttth,37,4
D07,7510203,,,7.0,6.6,,,,,7.5,,ttth,19,5
D07,7420201,,,7.2,8.25,,,,,7.0,,ttth,13,7
A00,7340101,,,,8.8,,,,7.75,6.75,,ttth,2,1
A00,7480202,,,,6.0,,,,5.25,6.0,,ttth,17,0
A01,7480201,,,7.8,9.0,,,,7.4,,,ttth,16,0
A00,7340122,,,,7.25,,,,7.75,7.6,,ttth,5,1
D01,7480202,7.25,,3.6,6.6,,,,,,,ttth,17,0
A00,7540101,,,,7.25,,,,7.75,7.8,,ttth,28,7
A00,7340120,,,,7.0,,,,6.75,7.4,,ttth,4,1
A00,7510401,,,,6.75,,,,7.25,8.0,,ttth,22,6
D01,7380107,8.25,,6.4,8.0,,,,,,,ttth,12,8
D01,7540204,6.75,,6.0,7.0,,,,,,,ttth,31,6
A00,7340120,,,,7.5,,,,8.25,7.0,,ttth,4,1
D01,7340115,6.8,,7.8,8.0,,,,,,,ttth,3,1
A00,7340301,,,,9.0,,,,6.25,7.5,,ttth,10,2
B00,7540101,,,,7.25,,,,,7.25,6.2,ttth,28,7
A00,7480202,,,,8.2,,,,7.75,5.25,,ttth,17,0
D01,7810202,7.5,,8.2,7.4,,,,,,,ttth,35,4
D01,7480201,7.4,,8.0,7.75,,,,,,,ttth,16,0
D15,7810201,7.5,5.4,7.25,,,,,,,,ttth,34,4
A00,7510301,,,,6.25,,,,6.75,6.8,,ttth,20,5
A00,7340120,,,,7.75,,,,8.0,8.8,,ttth,4,1
A00,7340301,,,,8.4,,,,6.5,8.0,,ttth,10,2
A01,7220201,,,9.6,7.6,,,,6.5,,,ttth,0,8
D01,7340120,8.0,,8.0,8.0,,,,,,,ttth,4,1
A00,7510301,,,,7.0,,,,6.5,7.25,,ttth,20,5
A00,7540106,,,,8.0,,,,7.75,7.5,,ttth,30,7
D01,7480201,8.2,,8.4,6.0,,,,,,,ttth,16,0
A00,7480201,,,,7.25,,,,8.75,8.0,,ttth,16,0
D01,7510301,7.6,,7.0,7.5,,,,,,,ttth,20,5
D01,7510202,4.8,,4.6,8.0,,,,,,,ttth,18,5
D01,7510301,5.75,,4.8,8.0,,,,,,,ttth,20,5
D07,7540101,,,7.6,8.25,,,,,8.2,,ttth,28,7
A01,7340101,,,8.4,7.8,,,,8.0,,,ttth,2,1
A00,7480201,,,,8.0,,,,7.5,8.2,,ttth,16,0
D01,7340115,8.2,,9.0,7.25,,,,,,,ttth,3,1
D01,7340120,7.75,,8.6,8.2,,,,,,,ttth,4,1
D07,7510401,,,7.2,7.4,,,,,7.75,,ttth,22,6
D01,7340301,7.25,,8.4,7.8,,,,,,,ttth,10,2
A00,7340120,,,,8.0,,,,8.0,8.2,,ttth,4,1
A00,7480201,,,,7.25,,,,7.5,8.4,,ttth,16,0
A01,7480201,,,7.0,7.25,,,,9.4,,,ttth,16,0
A01,7460108,,,7.4,6.5,,,,6.8,,,ttth,14,0
D01,7510303,5.4,,7.6,5.5,,,,,,,ttth,21,5
D01,7540204,6.2,,6.8,7.25,,,,,,,ttth,31,6
D01,7340129,7.0,,7.4,8.25,,,,,,,ttth,7,7
A01,7340201,,,7.8,8.0,,,,7.0,,,ttth,8,2
A00,7510203,,,,7.2,,,,6.25,6.25,,ttth,19,5
D01,7340115,8.0,,8.6,7.2,,,,,,,ttth,3,1
A00,7480201,,,,6.75,,,,6.25,7.4,,ttth,16,0
A00,7480202,,,,6.5,,,,7.75,7.8,,ttth,17,0
A01,7540101,,,9.6,8.0,,,,7.5,,,ttth,28,7
D01,7340129,5.2,,7.4,9.0,,,,,,,ttth,7,7
A00,7810103,,,,8.2,,,,7.0,7.5,,ttth,33,4
D01,7480202,6.0,,3.2,6.8,,,,,,,ttth,17,0
D01,7810103,6.0,,6.2,6.0,,,,,,,ttth,33,4
D01,7340301,6.8,,6.6,7.5,,,,,,,ttth,10,2
D07,7540101,,,8.6,8.0,,,,,8.0,,ttth,28,7
D01,7220201,7.8,,7.0,8.5,,,,,,,ttth,0,8
A00,7340115,,,,7.75,,,,8.0,8.2,,ttth,3,1
D01,7510301,6.0,,7.4,7.75,,,,,,,ttth,20,5
D15,7380107,6.5,6.0,8.0,,,,,,,,ttth,12,8
A01,7510203,,,7.4,7.8,,,,5.5,,,ttth,19,5
A00,7540101,,,,8.4,,,,7.25,8.75,,ttth,28,7
D01,7220201,8.75,,6.8,7.6,,,,,,,ttth,0,8
D01,7510303,6.4,,6.2,6.75,,,,,,,ttth,21,5
A00,7340115,,,,8.25,,,,8.0,8.2,,ttth,3,1
A00,7340201,,,,7.0,,,,8.25,8.0,,ttth,8,2
A00,7340101,,,,6.75,,,,8.5,8.0,,ttth,2,1
D01,7380107,6.5,,7.8,7.4,,,,,,,ttth,12,8
D01,7220201,9.0,,6.2,5.75,,,,,,,ttth,0,8
A00,7340129,,,,7.25,,,,6.0,7.4,,ttth,7,7
D01,7380107,8.25,,6.2,6.6,,,,,,,ttth,12,8
A01,7420201,,,7.6,7.0,,,,7.0,,,ttth,13,7
A00,7380107,,,,6.25,,,,7.25,6.6,,ttth,12,8
D07,7480201,,,8.2,7.25,,,,,7.2,,ttth,16,0
D01,7340101,6.8,,7.6,8.0,,,,,,,ttth,2,1
D07,7480201,,,8.6,7.2,,,,,7.25,,ttth,16,0
D01,7480202,7.0,,7.6,6.5,,,,,,,ttth,17,0
D15,7810202,7.0,7.4,8.75,,,,,,,,ttth,35,4
D01,7510202,5.2,,6.0,6.25,,,,,,,ttth,18,5
A00,7480201,,,,7.25,,,,8.0,8.0,,ttth,16,0
A00,7340201,,,,7.75,,,,8.25,7.6,,ttth,8,2
A00,7510401,,,,7.4,,,,7.75,7.5,,ttth,22,6
D01,7340101,6.8,,6.8,7.75,,,,,,,ttth,2,1
D01,7510203,3.6,,6.2,8.25,,,,,,,ttth,19,5
B00,7540101,,,,7.0,,,,,7.75,6.8,ttth,28,7
D01,7380107,7.5,,6.2,7.2,,,,,,,ttth,12,8
A00,7420201,,,,8.0,,,,4.5,7.75,,ttth,13,7
D01,7340205,4.4,,7.2,7.0,,,,,,,ttth,9,2
A00,7340122,,,,7.75,,,,7.25,6.8,,ttth,5,1
A00,7380107,,,,6.75,,,,6.5,7.8,,ttth,12,8
A00,7540101,,,,7.6,,,,8.0,8.25,,ttth,28,7
D01,7480201,7.2,,8.4,5.75,,,,,,,ttth,16,0
A00,7850101,,,,6.6,,,,6.0,6.0,,ttth,38,7
D15,7810103,7.0,6.8,8.0,,,,,,,,ttth,33,4
D01,7480201,7.6,,7.8,7.5,,,,,,,ttth,16,0
B00,7540101,,,,8.5,,,,,7.75,7.8,ttth,28,7
A00,7340301,,,,7.75,,,,6.5,7.6,,ttth,10,2
A00,7340129,,,,7.75,,,,6.25,8.0,,ttth,7,7
A00,7340120,,,,7.75,,,,6.25,8.2,,ttth,4,1
D01,7340120,6.6,,7.2,8.75,,,,,,,ttth,4,1
D01,7810202,5.2,,7.2,8.25,,,,,,,ttth,35,4
D01,7380107,6.5,,9.0,7.6,,,,,,,ttth,12,8
B00,7510401,,,,5.0,,,,,6.75,7.2,ttth,22,6
D01,7340129,8.25,,4.6,7.6,,,,,,,ttth,7,7
D01,7340201,7.5,,7.4,7.4,,,,,,,ttth,8,2
D01,7540204,7.25,,6.4,7.4,,,,,,,ttth,31,6
A00,7540101,,,,7.75,,,,7.0,6.4,,ttth,28,7
A00,7510401,,,,6.75,,,,7.25,5.6,,ttth,22,6
A01,7510202,,,7.8,5.5,,,,5.6,,,ttth,18,5
A01,7540101,,,7.8,6.25,,,,8.6,,,ttth,28,7
A00,7380107,,,,7.6,,,,6.5,7.75,,ttth,12,8
D01,7480202,6.6,,7.6,7.5,,,,,,,ttth,17,0
D01,7810201,5.4,,6.8,7.5,,,,,,,ttth,34,4
A00,7340205,,,,5.5,,,,6.5,7.0,,ttth,9,2
D01,7510202,4.6,,7.4,5.25,,,,,,,ttth,18,5
D01,7480202,5.6,,6.4,7.5,,,,,,,ttth,17,0
A01,7480201,,,8.8,7.75,,,,7.8,,,ttth,16,0
A00,7340201,,,,8.0,,,,6.0,8.5,,ttth,8,2
A01,7480201,,,6.8,7.25,,,,8.2,,,ttth,16,0
A01,7510303,,,7.6,7.0,,,,5.75,,,ttth,21,5
D01,7340201,7.75,,8.2,8.2,,,,,,,ttth,8,2
A00,7340201,,,,5.0,,,,7.25,7.6,,ttth,8,2
A00,7510203,,,,7.0,,,,6.5,7.8,,ttth,19,5
A00,7380107,,,,8.0,,,,6.5,6.75,,ttth,12,8
A00,7520115,,,,6.25,,,,6.25,6.8,,ttth,27,6
A01,7220201,,,7.8,7.75,,,,7.8,,,ttth,0,8
A00,7340101,,,,7.5,,,,7.25,7.8,,ttth,2,1
A00,7510203,,,,8.2,,,,5.75,7.75,,ttth,19,5
D07,7540105,,,6.0,5.25,,,,,4.8,,ttth,29,7
A01,7220201,,,5.8,7.0,,,,8.2,,,ttth,0,8
A00,7340115,,,,7.5,,,,6.75,7.8,,ttth,3,1
D01,7220201,7.75,,8.4,8.8,,,,,,,ttth,0,8
D01,7340115,8.4,,7.8,7.25,,,,,,,ttth,3,1
D01,7340201,7.5,,9.2,8.4,,,,,,,ttth,8,2
D01,7510303,6.0,,6.8,7.5,,,,,,,ttth,21,5
D01,7340120,7.0,,7.4,8.0,,,,,,,ttth,4,1
D07,7510202,,,6.2,7.0,,,,,6.0,,ttth,18,5
A00,7510301,,,,7.6,,,,5.75,6.25,,ttth,20,5
D01,7480201,7.8,,8.4,7.75,,,,,,,ttth,16,0
A01,7480201,,,8.2,7.6,,,,7.0,,,ttth,16,0
A00,7819010,,,,6.5,,,,5.75,7.6,,ttth,37,4
D01,7480201,6.5,,8.8,8.0,,,,,,,ttth,16,0
A00,7340101,,,,8.0,,,,7.5,8.25,,ttth,2,1
A00,7420201,,,,7.0,,,,6.5,7.0,,ttth,13,7
D01,7380107,6.2,,7.0,8.5,,,,,,,ttth,12,8
A00,7510401,,,,6.0,,,,7.0,6.4,,ttth,22,6
D01,7480201,6.75,,8.4,7.6,,,,,,,ttth,16,0
D01,7220201,8.0,,7.4,8.4,,,,,,,ttth,0,8
A00,7340115,,,,8.25,,,,7.25,7.2,,ttth,3,1
D01,7220201,6.2,,7.4,7.75,,,,,,,ttth,0,8
A00,7819009,,,,4.75,,,,4.75,7.6,,ttth,36,4
A00,7340120,,,,6.5,,,,8.25,8.2,,ttth,4,1
A01,7340201,,,8.4,7.4,,,,6.5,,,ttth,8,2
D01,7810201,5.6,,7.4,7.17,,,,,,,ttth,34,4
A00,7540101,,,,6.25,,,,8.25,7.4,,ttth,28,7
A00,7480201,,,,7.25,,,,8.25,8.0,,ttth,16,0
D01,7220201,8.25,,7.8,7.0,,,,,,,ttth,0,8
A00,7480202,,,,6.25,,,,7.75,8.4,,ttth,17,0
A00,7810202,,,,8.0,,,,8.25,8.0,,ttth,35,4
D01,7510203,5.2,,6.4,7.0,,,,,,,ttth,19,5
A01,7340120,,,8.8,7.8,,,,6.5,,,ttth,4,1
D01,7340123,7.4,,5.4,7.25,,,,,,,ttth,6,3
D09,7220201,,,6.0,8.25,,,8.6,,,,ttth,0,8
A01,7340115,,,8.2,8.25,,,,8.0,,,ttth,3,1
A00,7819010,,,,6.75,,,,5.5,6.4,,ttth,37,4
A00,7540106,,,,8.2,,,,6.75,7.75,,ttth,30,7
D01,7340201,7.8,,5.0,8.5,,,,,,,ttth,8,2
A00,7340129,,,,8.0,,,,6.25,7.6,,ttth,7,7
D01,7810201,7.6,,7.6,7.75,,,,,,,ttth,34,4
A00,7510202,,,,7.2,,,,6.0,4.75,,ttth,18,5
D01,7380107,7.5,,7.4,7.6,,,,,,,ttth,12,8
D01,7540204,6.0,,6.8,7.0,,,,,,,ttth,31,6
A00,7540101,,,,7.5,,,,8.25,8.0,,ttth,28,7
D01,7220204,8.0,,8.6,7.4,,,,,,,ttth,1,8
A00,7510303,,,,7.0,,,,5.5,5.5,,ttth,21,5
A00,7340120,,,,7.75,,,,8.25,7.4,,ttth,4,1
A00,7480202,,,,7.0,,,,6.5,7.2,,ttth,17,0
A01,7480201,,,7.8,7.5,,,,7.8,,,ttth,16,0
A01,7340301,,,7.0,6.5,,,,8.4,,,ttth,10,2
D01,7380107,6.2,,6.6,7.5,,,,,,,ttth,12,8
D15,7810201,5.5,6.8,6.75,,,,,,,,ttth,34,4
D01,7220204,7.75,,8.8,7.6,,,,,,,ttth,1,8
D01,7480201,8.0,,6.8,8.2,,,,,,,ttth,16,0
A00,7819010,,,,7.0,,,,7.25,7.0,,ttth,37,4
A00,7380107,,,,6.25,,,,8.5,8.4,,ttth,12,8
D01,7810201,8.25,,7.2,7.4,,,,,,,ttth,34,4
D01,7220204,7.4,,8.4,8.25,,,,,,,ttth,1,8
D01,7510301,7.0,,6.6,7.2,,,,,,,ttth,20,5
A01,7340115,,,8.2,7.8,,,,8.25,,,ttth,3,1
D01,7220201,7.2,,7.6,7.75,,,,,,,ttth,0,8
A00,7420201,,,,6.75,,,,7.75,7.4,,ttth,13,7
A00,7540101,,,,7.5,,,,8.0,8.0,,ttth,28,7
D01,7220201,7.5,,9.2,6.6,,,,,,,ttth,0,8
A01,7220201,,,7.4,7.5,,,,8.8,,,ttth,0,8
A01,7810201,,,7.2,8.0,,,,7.5,,,ttth,34,4
D01,7340122,7.0,,6.6,8.5,,,,,,,ttth,5,1
A00,7340201,,,,7.75,,,,8.0,7.2,,ttth,8,2
A01,7510303,,,6.2,7.8,,,,5.75,,,ttth,21,5
D07,7510203,,,7.8,7.25,,,,,6.2,,ttth,19,5
A00,7340101,,,,8.25,,,,7.5,7.6,,ttth,2,1
D01,7340115,7.5,,8.0,7.8,,,,,,,ttth,3,1
D01,7510202,5.4,,7.0,6.25,,,,,,,ttth,18,5
D15,7380107,7.75,5.2,6.25,,,,,,,,ttth,12,8
A00,7380107,,,,6.8,,,,7.25,7.25,,ttth,12,8
A00,7340301,,,,7.75,,,,7.75,8.2,,ttth,10,2
A00,7480201,,,,7.75,,,,8.25,8.2,,ttth,16,0
A00,7340205,,,,6.25,,,,7.75,8.0,,ttth,9,2
D01,7340115,6.8,,8.2,9.25,,,,,,,ttth,3,1
A00,7510203,,,,7.4,,,,6.0,6.0,,ttth,19,5
D15,7380107,7.75,5.2,8.25,,,,,,,,ttth,12,8
A00,7340201,,,,8.4,,,,6.75,8.0,,ttth,8,2
D01,7340115,5.8,,8.0,8.75,,,,,,,ttth,3,1
D01,7510202,6.75,,7.2,8.2,,,,,,,ttth,18,5
A00,7340115,,,,8.0,,,,7.5,7.6,,ttth,3,1
A00,7340115,,,,8.0,,,,7.75,8.6,,ttth,3,1
A01,7480201,,,6.6,7.5,,,,9.0,,,ttth,16,0
A01,7540105,,,6.6,6.5,,,,5.2,,,ttth,29,7
D01,7340129,7.8,,7.4,7.25,,,,,,,ttth,7,7
A00,7540106,,,,6.75,,,,6.75,8.0,,ttth,30,7
D01,7540204,6.5,,3.4,6.8,,,,,,,ttth,31,6
A01,7340129,,,8.0,6.5,,,,6.8,,,ttth,7,7
D01,7540204,7.0,,6.6,6.25,,,,,,,ttth,31,6
B00,7540101,,,,7.0,,,,,7.25,7.4,ttth,28,7
A01,7540106,,,6.0,8.2,,,,8.25,,,ttth,30,7
D01,7380107,6.5,,8.2,7.8,,,,,,,ttth,12,8
D01,7340205,5.4,,6.8,7.5,,,,,,,ttth,9,2
A00,7810202,,,,8.5,,,,7.75,7.8,,ttth,35,4
A00,7480201,,,,7.5,,,,7.75,7.6,,ttth,16,0
A00,7480202,,,,7.0,,,,8.25,8.2,,ttth,17,0
B00,7540101,,,,7.0,,,,,7.75,7.0,ttth,28,7
A00,7810202,,,,8.0,,,,7.25,6.75,,ttth,35,4
A00,7480202,,,,7.0,,,,6.5,6.4,,ttth,17,0
D01,7220204,7.8,,7.4,7.0,,,,,,,ttth,1,8
A01,7340201,,,7.8,6.8,,,,7.75,,,ttth,8,2
D01,7220201,7.5,,8.8,7.0,,,,,,,ttth,0,8
A01,7510202,,,7.8,6.25,,,,7.4,,,ttth,18,5
D01,7480201,8.2,,6.8,8.0,,,,,,,ttth,16,0
D01,7510202,5.2,,8.2,6.5,,,,,,,ttth,18,5
D01,7510202,6.0,,4.4,6.0,,,,,,,ttth,18,5
D01,7340201,7.5,,8.4,6.8,,,,,,,ttth,8,2
A00,7340101,,,,8.8,,,,8.0,8.0,,ttth,2,1
A01,7340115,,,8.0,7.25,,,,7.0,,,ttth,3,1
D01,7510203,2.8,,7.2,5.75,,,,,,,ttth,19,5
A00,7380107,,,,7.25,,,,7.0,8.0,,ttth,12,8
D01,7480201,7.25,,6.4,8.4,,,,,,,ttth,16,0
D01,7480201,7.2,,7.4,7.75,,,,,,,ttth,16,0
A01,7340115,,,7.8,7.75,,,,8.8,,,ttth,3,1
D01,7810103,7.4,,6.8,6.75,,,,,,,ttth,33,4
D01,7340201,7.25,,8.6,7.6,,,,,,,ttth,8,2
D01,7340129,5.2,,7.0,8.0,,,,,,,ttth,7,7
A00,7340301,,,,8.0,,,,6.75,8.0,,ttth,10,2
D07,7510401,,,7.8,8.0,,,,,8.0,,ttth,22,6
A00,7510401,,,,5.25,,,,7.5,7.0,,ttth,22,6
A01,7340115,,,7.4,7.5,,,,8.4,,,ttth,3,1
D01,7340201,8.0,,6.6,7.75,,,,,,,ttth,8,2
A00,7480201,,,,6.75,,,,7.5,7.6,,ttth,16,0
D01,7340201,5.4,,7.2,8.0,,,,,,,ttth,8,2
D01,7480201,8.2,,6.8,8.5,,,,,,,ttth,16,0
A01,7340101,,,7.8,7.5,,,,7.0,,,ttth,2,1
A01,7510203,,,6.8,7.8,,,,6.75,,,ttth,19,5
A00,7540101,,,,7.8,,,,8.0,8.0,,ttth,28,7
D01,7810201,6.4,,7.6,6.5,,,,,,,ttth,34,4
D01,7480201,7.25,,8.2,7.4,,,,,,,ttth,16,0
D07,7510402,,,8.0,7.2,,,,,7.25,,ttth,23,6
A00,7540101,,,,7.25,,,,8.25,8.2,,ttth,28,7
A00,7540106,,,,6.8,,,,5.75,7.0,,ttth,30,7
D01,7220204,7.83,,8.4,7.8,,,,,,,ttth,1,8
B00,7510401,,,,7.5,,,,,7.25,5.4,ttth,22,6
D01,7340115,7.6,,6.8,8.25,,,,,,,ttth,3,1
A01,7340120,,,6.6,6.5,,,,9.0,,,ttth,4,1
D07,7540101,,,8.0,8.5,,,,,8.0,,ttth,28,7
D01,7540204,6.0,,6.2,7.5,,,,,,,ttth,31,6
A00,7540101,,,,8.5,,,,7.0,7.6,,ttth,28,7
A00,7480202,,,,7.25,,,,7.25,7.8,,ttth,17,0
A00,7480201,,,,7.75,,,,7.5,7.8,,ttth,16,0
A00,7380107,,,,8.4,,,,7.0,8.25,,ttth,12,8
B00,7510402,,,,7.8,,,,,6.5,6.5,ttth,23,6
D01,7220201,7.5,,9.4,7.8,,,,,,,ttth,0,8
A01,7220201,,,8.8,8.0,,,,7.25,,,ttth,0,8
A00,7480201,,,,8.4,,,,7.25,8.5,,ttth,16,0
D01,7510301,3.4,,8.6,8.5,,,,,,,ttth,20,5
A01,7220201,,,9.0,8.4,,,,8.5,,,ttth,0,8
D15,7380107,7.5,6.4,8.25,,,,,,,,ttth,12,8
D01,7220204,7.8,,7.6,7.75,,,,,,,ttth,1,8
D01,7810202,6.0,,7.0,6.5,,,,,,,ttth,35,4
D01,7460108,3.6,,6.0,6.75,,,,,,,ttth,14,0
D07,7540106,,,7.2,7.0,,,,,7.5,,ttth,30,7
D01,7340120,7.4,,7.8,7.5,,,,,,,ttth,4,1
D07,7540101,,,7.8,8.0,,,,,7.6,,ttth,28,7
A00,7540101,,,,8.8,,,,7.5,7.5,,ttth,28,7
A01,7480201,,,7.4,8.5,,,,8.0,,,ttth,16,0
A00,7510301,,,,7.0,,,,7.0,6.2,,ttth,20,5
A01,7510202,,,8.0,6.75,,,,6.8,,,ttth,18,5
A00,7380107,,,,8.75,,,,7.25,7.2,,ttth,12,8
A00,7540101,,,,7.75,,,,7.75,7.2,,ttth,28,7
A01,7220201,,,7.8,6.5,,,,8.2,,,ttth,0,8
A01,7510301,,,8.0,6.75,,,,5.8,,,ttth,20,5
A00,7340201,,,,6.25,,,,7.0,7.4,,ttth,8,2
A00,7340101,,,,6.5,,,,8.5,7.4,,ttth,2,1
D01,7480202,6.5,,8.2,6.4,,,,,,,ttth,17,0
D01,7380107,6.75,,7.2,7.2,,,,,,,ttth,12,8
A00,7340101,,,,7.0,,,,7.75,7.6,,ttth,2,1
D01,7340120,6.8,,8.0,8.5,,,,,,,ttth,4,1
A00,7810201,,,,7.0,,,,8.25,7.4,,ttth,34,4
A00,7340115,,,,8.0,,,,7.75,8.0,,ttth,3,1
D01,7510202,9.0,,5.4,6.5,,,,,,,ttth,18,5
A00,7480201,,,,8.25,,,,8.25,7.8,,ttth,16,0
D15,7810202,6.75,5.6,8.5,,,,,,,,ttth,35,4
D01,7480201,6.75,,8.2,7.2,,,,,,,ttth,16,0
D01,7540204,5.2,,6.6,8.25,,,,,,,ttth,31,6
A01,7220204,,,7.2,6.5,,,,6.8,,,ttth,1,8
D15,7810202,7.25,5.2,7.25,,,,,,,,ttth,35,4
A00,7810103,,,,8.25,,,,7.0,6.8,,ttth,33,4
D01,7340101,9.2,,7.2,6.5,,,,,,,ttth,2,1
D01,7510303,6.2,,7.8,7.5,,,,,,,ttth,21,5
A00,7510303,,,,7.25,,,,7.0,6.6,,ttth,21,5
D01,7340101,7.4,,5.8,8.0,,,,,,,ttth,2,1
A00,7340101,,,,8.0,,,,8.25,7.6,,ttth,2,1
A00,7480201,,,,8.25,,,,8.0,7.4,,ttth,16,0
D01,7510202,6.0,,7.0,8.0,,,,,,,ttth,18,5
A00,7540106,,,,7.0,,,,5.25,5.5,,ttth,30,7
D01,7510202,5.6,,6.4,6.0,,,,,,,ttth,18,5
A01,7340201,,,8.0,7.25,,,,6.8,,,ttth,8,2
B00,7540101,,,,7.8,,,,,7.5,8.25,ttth,28,7
A00,7850101,,,,8.25,,,,7.25,7.8,,ttth,38,7
D01,7340101,6.4,,6.4,8.75,,,,,,,ttth,2,1
A00,7340120,,,,8.25,,,,7.75,7.6,,ttth,4,1
D01,7810103,5.4,,6.2,7.0,,,,,,,ttth,33,4
D01,7480201,7.5,,7.8,7.2,,,,,,,ttth,16,0
A00,7380107,,,,7.8,,,,7.0,6.75,,ttth,12,8
A00,7850101,,,,5.75,,,,6.75,5.6,,ttth,38,7
D01,7480202,7.2,,8.2,7.0,,,,,,,ttth,17,0
A00,7510401,,,,6.5,,,,5.25,8.0,,ttth,22,6
B00,7420201,,,,7.6,,,,,6.75,7.5,ttth,13,7
D01,7340301,6.2,,6.6,8.0,,,,,,,ttth,10,2
A00,7340301,,,,7.8,,,,6.25,8.75,,ttth,10,2
D01,7340301,6.2,,7.4,8.25,,,,,,,ttth,10,2
A00,7340201,,,,7.5,,,,8.5,7.8,,ttth,8,2
A00,7510303,,,,6.25,,,,6.75,7.8,,ttth,21,5
D07,7540101,,,7.2,7.0,,,,,7.4,,ttth,28,7
A00,7510203,,,,6.5,,,,6.0,6.8,,ttth,19,5
A00,7340101,,,,8.0,,,,8.0,8.25,,ttth,2,1
A00,7540101,,,,7.75,,,,7.25,7.2,,ttth,28,7
D01,7220204,7.4,,7.0,7.75,,,,,,,ttth,1,8
A01,7340301,,,8.0,7.8,,,,7.5,,,ttth,10,2
D01,7380107,7.0,,7.6,8.0,,,,,,,ttth,12,8
B00,7540101,,,,7.0,,,,,7.0,7.8,ttth,28,7
A01,7540106,,,7.2,5.75,,,,6.2,,,ttth,30,7
A00,7540101,,,,7.0,,,,7.0,7.2,,ttth,28,7
D15,7810202,5.5,5.6,9.0,,,,,,,,ttth,35,4
A01,7340115,,,7.6,7.75,,,,8.4,,,ttth,3,1
A00,7510303,,,,7.25,,,,7.75,7.4,,ttth,21,5
A00,7340120,,,,6.25,,,,8.25,7.4,,ttth,4,1
D01,7380107,6.8,,7.0,7.25,,,,,,,ttth,12,8
A00,7340301,,,,7.5,,,,7.5,8.2,,ttth,10,2
D01,7380107,7.0,,7.0,8.0,,,,,,,ttth,12,8
A01,7340115,,,8.0,8.0,,,,7.8,,,ttth,3,1
D01,7380107,3.8,,8.2,7.75,,,,,,,ttth,12,8
A00,7480201,,,,7.5,,,,7.25,8.4,,ttth,16,0
A00,7380107,,,,7.4,,,,7.25,7.25,,ttth,12,8
D01,7480201,9.2,,7.2,7.5,,,,,,,ttth,16,0
A00,7810103,,,,8.2,,,,7.0,7.75,,ttth,33,4
D01,7340120,6.75,,7.8,8.8,,,,,,,ttth,4,1
A01,7480201,,,8.0,7.6,,,,7.5,,,ttth,16,0
A00,7480202,,,,6.2,,,,6.0,6.5,,ttth,17,0
A00,7510203,,,,8.0,,,,6.75,6.5,,ttth,19,5
A01,7480201,,,8.2,6.4,,,,7.5,,,ttth,16,0
A00,7480201,,,,6.75,,,,7.0,7.6,,ttth,16,0
A00,7540106,,,,6.8,,,,6.5,6.0,,ttth,30,7
D01,7510301,6.75,,5.0,7.4,,,,,,,ttth,20,5
A00,7510401,,,,7.0,,,,6.0,6.8,,ttth,22,6
A00,7340301,,,,6.25,,,,7.25,7.4,,ttth,10,2
D01,7510303,8.6,,5.4,6.75,,,,,,,ttth,21,5
D07,7420201,,,6.8,6.75,,,,,7.4,,ttth,13,7
A01,7480201,,,9.2,6.25,,,,7.6,,,ttth,16,0
A00,7510202,,,,7.2,,,,6.5,7.75,,ttth,18,5
A00,7510203,,,,6.6,,,,5.5,6.75,,ttth,19,5
B00,7540101,,,,7.25,,,,,6.0,7.8,ttth,28,7
A00,7340115,,,,7.75,,,,8.75,7.6,,ttth,3,1
A00,7340101,,,,8.4,,,,7.25,8.75,,ttth,2,1
D01,7380107,7.5,,6.0,7.4,,,,,,,ttth,12,8
A00,7540101,,,,7.75,,,,8.5,8.0,,ttth,28,7
D01,7480201,7.0,,8.4,6.25,,,,,,,ttth,16,0
D01,7340301,6.4,,6.6,7.0,,,,,,,ttth,10,2
A01,7220201,,,9.6,7.4,,,,7.0,,,ttth,0,8
D01,7340115,7.2,,6.6,8.5,,,,,,,ttth,3,1
A01,7480201,,,7.6,7.5,,,,9.4,,,ttth,16,0
B00,7420201,,,,6.5,,,,,7.0,6.8,ttth,13,7
D01,7340201,7.0,,6.8,7.75,,,,,,,ttth,8,2
D01,7810201,8.0,,8.4,8.0,,,,,,,ttth,34,4
A00,7460108,,,,6.5,,,,6.75,8.0,,ttth,14,0
D01,7340115,8.0,,7.2,8.25,,,,,,,ttth,3,1
A01,7340201,,,8.0,8.2,,,,7.0,,,ttth,8,2
D01,7340115,7.0,,8.6,8.25,,,,,,,ttth,3,1
D01,7480201,8.2,,7.4,7.5,,,,,,,ttth,16,0
A00,7340201,,,,7.0,,,,6.75,7.8,,ttth,8,2
D01,7380107,6.25,,7.6,7.8,,,,,,,ttth,12,8
D01,7340101,6.2,,7.6,8.0,,,,,,,ttth,2,1
D01,7460108,7.8,,5.2,8.0,,,,,,,ttth,14,0
D01,7380107,7.6,,6.4,6.75,,,,,,,ttth,12,8
A00,7510303,,,,7.6,,,,5.5,6.5,,ttth,21,5
D07,7540106,,,7.0,7.0,,,,,6.75,,ttth,30,7
D01,7340115,8.4,,8.0,7.5,,,,,,,ttth,3,1
A00,7520115,,,,6.75,,,,7.25,6.6,,ttth,27,6
A00,7510301,,,,6.5,,,,7.25,8.4,,ttth,20,5
D01,7340122,5.4,,8.0,8.75,,,,,,,ttth,5,1
D01,7340122,7.8,,7.2,8.25,,,,,,,ttth,5,1
D01,7220204,8.25,,8.6,7.6,,,,,,,ttth,1,8
A01,7510401,,,6.0,7.25,,,,7.0,,,ttth,22,6
A01,7480201,,,8.0,7.0,,,,7.6,,,ttth,16,0
D01,7340201,8.0,,8.6,7.4,,,,,,,ttth,8,2
A00,7510401,,,,6.0,,,,5.25,6.6,,ttth,22,6
D01,7340301,5.8,,7.6,7.75,,,,,,,ttth,10,2
A00,7510203,,,,5.0,,,,5.0,6.6,,ttth,19,5
D01,7510303,7.0,,6.8,7.4,,,,,,,ttth,21,5
A00,7510401,,,,8.6,,,,5.75,8.25,,ttth,22,6
D01,7340301,5.6,,7.4,7.25,,,,,,,ttth,10,2
A00,7850101,,,,7.4,,,,6.25,7.25,,ttth,38,7
A00,7340115,,,,8.2,,,,7.25,8.25,,ttth,3,1
D01,7480201,7.0,,7.2,7.8,,,,,,,ttth,16,0
D01,7340123,8.0,,8.0,6.8,,,,,,,ttth,6,3
D01,7510202,5.0,,7.0,7.25,,,,,,,ttth,18,5
A00,7540105,,,,8.6,,,,7.0,6.0,,ttth,29,7
A00,7510203,,,,7.4,,,,6.25,5.25,,ttth,19,5
D01,7510202,4.8,,7.0,6.25,,,,,,,ttth,18,5
A00,7340301,,,,8.6,,,,6.75,7.75,,ttth,10,2
A01,7340201,,,8.2,8.0,,,,7.0,,,ttth,8,2
D01,7810201,6.0,,7.2,7.0,,,,,,,ttth,34,4
A00,7480201,,,,7.75,,,,7.75,7.8,,ttth,16,0
D01,7340101,4.4,,7.8,8.5,,,,,,,ttth,2,1
D07,7510401,,,7.6,6.5,,,,,6.4,,ttth,22,6
D01,7340115,7.4,,7.6,7.75,,,,,,,ttth,3,1
D01,7480202,6.5,,6.4,7.2,,,,,,,ttth,17,0
A00,7340129,,,,7.25,,,,7.25,7.0,,ttth,7,7
A00,7340301,,,,8.0,,,,7.5,6.75,,ttth,10,2
A00,7540101,,,,8.0,,,,7.25,7.8,,ttth,28,7
D01,7480202,5.75,,5.2,7.0,,,,,,,ttth,17,0
A00,7380107,,,,7.0,,,,8.5,7.6,,ttth,12,8
B00,7540101,,,,7.75,,,,,8.5,6.6,ttth,28,7
D01,7510301,6.0,,7.2,7.5,,,,,,,ttth,20,5
A00,7340101,,,,7.8,,,,7.5,8.25,,ttth,2,1
B00,7420201,,,,7.25,,,,,7.25,6.4,ttth,13,7
D01,7340101,6.0,,7.2,8.0,,,,,,,ttth,2,1
D01,7480201,6.5,,8.8,7.8,,,,,,,ttth,16,0
D01,7510301,6.0,,8.6,6.4,,,,,,,ttth,20,5
A00,7480201,,,,7.6,,,,7.25,8.5,,ttth,16,0
D09,7220201,,,7.2,7.75,,,6.8,,,,ttth,0,8
D01,7340115,8.2,,7.0,7.25,,,,,,,ttth,3,1
A00,7340301,,,,7.6,,,,7.5,7.5,,ttth,10,2
D01,7480202,6.5,,6.4,7.8,,,,,,,ttth,17,0
D07,7540101,,,8.4,7.0,,,,,8.25,,ttth,28,7
A00,7380107,,,,8.5,,,,7.25,7.0,,ttth,12,8
A00,7540204,,,,6.25,,,,6.5,7.8,,ttth,31,6
D01,7480201,7.8,,6.8,7.25,,,,,,,ttth,16,0
D01,7340122,7.2,,7.6,7.75,,,,,,,ttth,5,1
A00,7340205,,,,7.5,,,,6.0,5.2,,ttth,9,2
A00,7340101,,,,7.0,,,,9.0,7.8,,ttth,2,1
D07,7480201,,,7.4,7.75,,,,,8.0,,ttth,16,0
A00,7510203,,,,5.6,,,,6.0,6.5,,ttth,19,5
A00,7340101,,,,8.8,,,,8.25,8.5,,ttth,2,1
D01,7480201,7.4,,6.8,7.0,,,,,,,ttth,16,0
A00,7340201,,,,6.75,,,,7.25,7.6,,ttth,8,2
D01,7340301,7.5,,8.0,6.8,,,,,,,ttth,10,2
A00,7340115,,,,7.0,,,,7.5,8.0,,ttth,3,1
D01,7340301,6.75,,8.2,7.8,,,,,,,ttth,10,2
D01,7220201,7.8,,7.4,6.25,,,,,,,ttth,0,8
A00,7340101,,,,7.0,,,,6.0,8.2,,ttth,2,1
D01,7510202,6.6,,7.2,6.25,,,,,,,ttth,18,5
D01,7340129,5.0,,6.6,7.25,,,,,,,ttth,7,7
D01,7340101,7.6,,7.0,8.0,,,,,,,ttth,2,1
D07,7819009,,,7.6,6.5,,,,,6.6,,ttth,36,4
D01,7220201,7.25,,9.0,8.0,,,,,,,ttth,0,8
D01,7810201,6.4,,7.6,7.75,,,,,,,ttth,34,4
A00,7340101,,,,8.0,,,,7.75,7.8,,ttth,2,1
B00,7540106,,,,5.75,,,,,7.75,8.0,ttth,30,7
D01,7340101,7.0,,5.8,8.0,,,,,,,ttth,2,1
A00,7340115,,,,6.25,,,,8.0,8.0,,ttth,3,1
D01,7380107,8.0,,6.8,7.8,,,,,,,ttth,12,8
A00,7340120,,,,6.0,,,,7.75,8.2,,ttth,4,1
B00,7540101,,,,8.0,,,,,7.75,7.8,ttth,28,7
A00,7540101,,,,6.75,,,,7.25,6.8,,ttth,28,7
D01,7340101,5.8,,7.0,8.25,,,,,,,ttth,2,1
A00,7540101,,,,7.8,,,,8.0,8.5,,ttth,28,7
D01,7480201,7.25,,9.2,7.0,,,,,,,ttth,16,0
D01,7220201,7.8,,7.0,6.5,,,,,,,ttth,0,8
A00,7510401,,,,7.25,,,,7.75,7.0,,ttth,22,6
D01,7340115,6.2,,7.8,8.0,,,,,,,ttth,3,1
D15,7810103,7.75,5.4,7.5,,,,,,,,ttth,33,4
D01,7510202,6.2,,6.6,6.75,,,,,,,ttth,18,5
D01,7480201,7.0,,7.8,7.8,,,,,,,ttth,16,0
A00,7480201,,,,7.5,,,,6.75,7.6,,ttth,16,0
A01,7510301,,,5.8,5.75,,,,4.2,,,ttth,20,5
D01,7220204,6.8,,7.8,8.75,,,,,,,ttth,1,8
A00,7480202,,,,5.75,,,,7.25,6.8,,ttth,17,0
D07,7480201,,,9.0,8.0,,,,,7.5,,ttth,16,0
D01,7380107,5.6,,8.2,8.0,,,,,,,ttth,12,8
D01,7340120,6.8,,6.8,9.25,,,,,,,ttth,4,1
D01,7340115,9.2,,7.6,7.75,,,,,,,ttth,3,1
A00,7540101,,,,7.25,,,,7.25,8.0,,ttth,28,7
A00,7480201,,,,8.25,,,,6.75,8.4,,ttth,16,0
D01,7340101,6.8,,7.4,8.0,,,,,,,ttth,2,1
A00,7480201,,,,8.2,,,,7.0,7.75,,ttth,16,0
D01,7480202,7.0,,6.8,7.75,,,,,,,ttth,17,0
B00,7540101,,,,8.0,,,,,8.25,8.75,ttth,28,7
D01,7340123,5.0,,6.4,6.75,,,,,,,ttth,6,3
D01,7380107,8.5,,7.0,6.8,,,,,,,ttth,12,8
D01,7510303,7.75,,7.8,7.8,,,,,,,ttth,21,5
B00,7540101,,,,8.25,,,,,8.0,7.4,ttth,28,7
D01,7380107,7.5,,7.4,8.0,,,,,,,ttth,12,8
A00,7540101,,,,6.75,,,,8.25,7.0,,ttth,28,7
D09,7220204,,,6.8,9.0,,,8.0,,,,ttth,1,8
A00,7480201,,,,8.2,,,,7.25,8.25,,ttth,16,0
D07,7480201,,,8.8,7.6,,,,,7.75,,ttth,16,0
D01,7480202,7.2,,5.6,5.75,,,,,,,ttth,17,0
A00,7480202,,,,5.25,,,,6.75,7.2,,ttth,17,0
B00,7510401,,,,4.8,,,,,6.5,5.5,ttth,22,6
A01,7480201,,,7.8,7.0,,,,6.6,,,ttth,16,0
D01,7340101,8.2,,6.4,6.5,,,,,,,ttth,2,1
A00,7540101,,,,7.5,,,,7.25,8.0,,ttth,28,7
D01,7520115,5.4,,6.4,6.5,,,,,,,ttth,27,6
D01,7810103,6.0,,7.4,7.0,,,,,,,ttth,33,4
D01,7510202,5.0,,6.8,5.25,,,,,,,ttth,18,5
D01,7340120,8.0,,8.2,7.6,,,,,,,ttth,4,1
D01,7340115,8.2,,7.4,8.25,,,,,,,ttth,3,1
D07,7510303,,,7.8,6.75,,,,,7.4,,ttth,21,5
A00,7340101,,,,7.75,,,,8.5,8.0,,ttth,2,1
A00,7480202,,,,7.0,,,,7.75,8.0,,ttth,17,0
D01,7480201,6.0,,9.0,7.4,,,,,,,ttth,16,0
A00,7810103,,,,7.5,,,,8.5,7.4,,ttth,33,4
D01,7810103,7.75,,8.2,7.2,,,,,,,ttth,33,4
A00,7380107,,,,5.5,,,,6.75,6.8,,ttth,12,8
A00,7340120,,,,7.25,,,,8.0,8.4,,ttth,4,1
D01,7340120,7.6,,7.2,7.5,,,,,,,ttth,4,1
D01,7380107,7.6,,7.0,8.25,,,,,,,ttth,12,8
D01,7810201,7.25,,7.2,7.6,,,,,,,ttth,34,4
D07,7540101,,,7.4,8.25,,,,,7.6,,ttth,28,7
A00,7480201,,,,6.5,,,,7.75,8.4,,ttth,16,0
D01,7510301,6.25,,3.4,6.8,,,,,,,ttth,20,5
A01,7480201,,,8.4,8.0,,,,7.2,,,ttth,16,0
D01,7810202,9.25,,7.4,7.8,,,,,,,ttth,35,4
D07,7540101,,,7.0,7.0,,,,,8.4,,ttth,28,7
D01,7510301,6.75,,5.2,7.4,,,,,,,ttth,20,5
A00,7510301,,,,7.4,,,,6.0,6.75,,ttth,20,5
A00,7510401,,,,6.8,,,,5.75,7.75,,ttth,22,6
D01,7340301,7.0,,7.0,8.0,,,,,,,ttth,10,2
A00,7510406,,,,6.5,,,,6.0,6.6,,ttth,24,7
D01,7340115,7.8,,7.6,7.0,,,,,,,ttth,3,1
D01,7510303,5.2,,6.4,6.5,,,,,,,ttth,21,5
A00,7480201,,,,6.75,,,,7.0,8.4,,ttth,16,0
D01,7340129,6.2,,7.0,9.25,,,,,,,ttth,7,7
D01,7810103,4.8,,6.8,7.5,,,,,,,ttth,33,4
D01,7340301,6.6,,7.2,7.25,,,,,,,ttth,10,2
D01,7220201,8.4,,7.8,7.5,,,,,,,ttth,0,8
D01,7480201,5.6,,7.6,7.5,,,,,,,ttth,16,0
A01,7340115,,,7.6,9.0,,,,8.6,,,ttth,3,1
A00,7510303,,,,6.6,,,,5.75,7.75,,ttth,21,5
A00,7510303,,,,7.4,,,,6.25,7.25,,ttth,21,5
A00,7420201,,,,8.0,,,,5.5,6.25,,ttth,13,7
A00,7510301,,,,7.6,,,,4.5,6.5,,ttth,20,5
A00,7510202,,,,6.0,,,,5.75,7.6,,ttth,18,5
D01,7220204,7.75,,7.8,7.6,,,,,,,ttth,1,8
A00,7540101,,,,7.75,,,,8.0,7.2,,ttth,28,7
D01,7340115,7.8,,8.4,8.25,,,,,,,ttth,3,1
A01,7340115,,,7.4,7.75,,,,7.8,,,ttth,3,1
D01,7220201,7.8,,8.4,8.0,,,,,,,ttth,0,8
A00,7510301,,,,6.8,,,,6.75,7.75,,ttth,20,5
A00,7810103,,,,7.6,,,,7.0,9.0,,ttth,33,4
D07,7540101,,,8.6,7.4,,,,,7.75,,ttth,28,7
D01,7340122,5.8,,8.2,7.75,,,,,,,ttth,5,1
D01,7220204,8.25,,8.0,7.0,,,,,,,ttth,1,8
A00,7540101,,,,8.0,,,,7.75,7.0,,ttth,28,7
A00,7340101,,,,6.75,,,,8.5,8.2,,ttth,2,1
A00,7420201,,,,6.8,,,,6.5,6.75,,ttth,13,7
D01,7810103,7.2,,6.6,8.0,,,,,,,ttth,33,4
A01,7540106,,,6.6,5.8,,,,6.25,,,ttth,30,7
A00,7510203,,,,5.75,,,,7.5,6.8,,ttth,19,5
D01,7510303,6.75,,5.0,5.8,,,,,,,ttth,21,5
D01,7340201,5.4,,6.8,8.5,,,,,,,ttth,8,2
A00,7810202,,,,7.8,,,,6.75,7.5,,ttth,35,4
D01,7340120,7.0,,8.6,7.75,,,,,,,ttth,4,1
A00,7380107,,,,7.75,,,,7.5,8.0,,ttth,12,8
A00,7380107,,,,7.4,,,,6.5,8.0,,ttth,12,8
A00,7480201,,,,7.75,,,,7.75,8.2,,ttth,16,0
D01,7340115,6.8,,7.4,8.25,,,,,,,ttth,3,1
A01,7340115,,,8.2,8.0,,,,7.2,,,ttth,3,1
D07,7850101,,,7.0,6.25,,,,,6.0,,ttth,38,7
A00,7510203,,,,5.75,,,,7.25,7.2,,ttth,19,5
A00,7540106,,,,7.0,,,,8.0,6.8,,ttth,30,7
A00,7540106,,,,7.2,,,,6.5,5.75,,ttth,30,7
B00,7819009,,,,7.0,,,,,6.0,6.6,ttth,36,4
D01,7510202,5.2,,6.4,6.25,,,,,,,ttth,18,5
B00,7420201,,,,7.8,,,,,6.75,7.5,ttth,13,7
D01,7340120,6.2,,7.4,9.0,,,,,,,ttth,4,1
A01,7340115,,,7.6,7.25,,,,9.0,,,ttth,3,1
A00,7340301,,,,7.8,,,,7.75,8.0,,ttth,10,2
A00,7340101,,,,6.75,,,,7.5,8.0,,ttth,2,1
D01,7340115,8.2,,8.4,6.75,,,,,,,ttth,3,1
A00,7540106,,,,6.5,,,,7.25,8.0,,ttth,30,7
D07,7480201,,,8.0,7.5,,,,,8.6,,ttth,16,0
D15,7380107,7.5,7.2,7.0,,,,,,,,ttth,12,8
A01,7340120,,,8.2,7.25,,,,6.4,,,ttth,4,1
D01,7340201,7.75,,7.4,7.8,,,,,,,ttth,8,2
D01,7510303,5.4,,7.2,7.0,,,,,,,ttth,21,5
D07,7540101,,,7.4,7.5,,,,,8.0,,ttth,28,7
D01,7510301,4.2,,6.0,8.25,,,,,,,ttth,20,5
D01,7340301,6.8,,7.6,6.5,,,,,,,ttth,10,2
D01,7340101,5.2,,7.4,8.0,,,,,,,ttth,2,1
D15,7810202,7.75,8.2,6.25,,,,,,,,ttth,35,4
D01,7220204,8.0,,8.6,6.8,,,,,,,ttth,1,8
D01,7480201,8.25,,7.0,7.0,,,,,,,ttth,16,0
A00,7340129,,,,6.6,,,,6.25,8.25,,ttth,7,7
D07,7510401,,,7.0,7.2,,,,,7.5,,ttth,22,6
D01,7340120,7.75,,8.6,8.2,,,,,,,ttth,4,1
A00,7819010,,,,5.5,,,,8.0,7.4,,ttth,37,4
A00,7540101,,,,7.25,,,,7.5,8.0,,ttth,28,7
A01,7540101,,,7.4,7.75,,,,7.6,,,ttth,28,7
A00,7480201,,,,7.25,,,,7.75,7.0,,ttth,16,0
A00,7340201,,,,8.0,,,,8.5,7.4,,ttth,8,2
A00,7819009,,,,6.25,,,,7.0,7.6,,ttth,36,4
D01,7810202,7.25,,7.4,7.8,,,,,,,ttth,35,4
A01,7220201,,,9.0,8.0,,,,7.75,,,ttth,0,8
A00,7340201,,,,8.25,,,,7.5,8.2,,ttth,8,2
B00,7420201,,,,5.25,,,,,7.25,7.2,ttth,13,7
A00,7340301,,,,8.0,,,,7.25,8.0,,ttth,10,2
D01,7810202,7.25,,9.0,6.8,,,,,,,ttth,35,4
D01,7510202,6.5,,5.8,7.0,,,,,,,ttth,18,5
A00,7810201,,,,7.25,,,,7.25,7.6,,ttth,34,4
B00,7540101,,,,8.25,,,,,8.25,8.6,ttth,28,7
D01,7510203,5.2,,6.6,7.25,,,,,,,ttth,19,5
A00,7510202,,,,5.0,,,,6.5,7.4,,ttth,18,5
A00,7480201,,,,7.8,,,,7.25,7.0,,ttth,16,0
A00,7480202,,,,7.4,,,,6.25,8.0,,ttth,17,0
D01,7340129,7.4,,6.8,8.0,,,,,,,ttth,7,7
D01,7510301,3.8,,5.4,6.75,,,,,,,ttth,20,5
D01,7510301,4.8,,6.4,6.75,,,,,,,ttth,20,5
A00,7380107,,,,7.4,,,,6.75,7.5,,ttth,12,8
D01,7220204,7.25,,8.6,8.6,,,,,,,ttth,1,8
A00,7340301,,,,8.25,,,,8.25,7.8,,ttth,10,2
D01,7380107,6.6,,8.0,7.0,,,,,,,ttth,12,8
A00,7340201,,,,8.2,,,,6.5,8.25,,ttth,8,2
A00,7810202,,,,7.75,,,,7.0,6.8,,ttth,35,4
D01,7810201,7.0,,8.8,6.8,,,,,,,ttth,34,4
A00,7340101,,,,6.75,,,,7.25,7.6,,ttth,2,1
A00,7340201,,,,8.0,,,,6.75,7.5,,ttth,8,2
D01,7510203,6.0,,6.4,5.75,,,,,,,ttth,19,5
D01,7510303,6.6,,7.2,7.5,,,,,,,ttth,21,5
A01,7340301,,,8.4,8.2,,,,6.5,,,ttth,10,2
D01,7510202,5.8,,7.4,7.0,,,,,,,ttth,18,5
D07,7480202,,,6.0,7.75,,,,,8.0,,ttth,17,0
A00,7540106,,,,7.6,,,,7.0,7.25,,ttth,30,7
A00,7380107,,,,6.0,,,,7.75,7.2,,ttth,12,8
D01,7220204,7.5,,7.4,7.4,,,,,,,ttth,1,8
A00,7810201,,,,8.0,,,,7.25,7.25,,ttth,34,4
D01,7460108,7.4,,5.2,6.25,,,,,,,ttth,14,0
D01,7810103,6.6,,6.8,8.5,,,,,,,ttth,33,4
B00,7420201,,,,5.5,,,,,6.75,7.0,ttth,13,7
D01,7380107,8.0,,8.2,7.6,,,,,,,ttth,12,8
A00,7480201,,,,7.8,,,,7.5,7.75,,ttth,16,0
A00,7340301,,,,7.8,,,,6.5,8.25,,ttth,10,2
A00,7480202,,,,6.5,,,,7.0,8.2,,ttth,17,0
A00,7340115,,,,8.25,,,,8.25,7.2,,ttth,3,1
D07,7510301,,,5.6,5.5,,,,,7.0,,ttth,20,5
A00,7340101,,,,8.4,,,,8.25,7.25,,ttth,2,1
A01,7220201,,,7.6,8.0,,,,8.2,,,ttth,0,8
D01,7480201,6.4,,8.0,6.5,,,,,,,ttth,16,0
A01,7480201,,,9.0,8.4,,,,6.5,,,ttth,16,0
A00,7819010,,,,6.25,,,,5.75,7.4,,ttth,37,4
B00,7540101,,,,7.0,,,,,7.5,7.0,ttth,28,7
D01,7510303,4.4,,6.6,5.25,,,,,,,ttth,21,5
D01,7480201,8.0,,6.4,7.0,,,,,,,ttth,16,0
D07,7480201,,,8.4,7.8,,,,,7.75,,ttth,16,0
A01,7340101,,,7.6,8.0,,,,5.2,,,ttth,2,1
D01,7220201,8.75,,7.8,7.6,,,,,,,ttth,0,8
A00,7480201,,,,8.25,,,,7.25,8.2,,ttth,16,0
A00,7510203,,,,7.75,,,,7.75,8.0,,ttth,19,5
D01,7810201,7.5,,9.2,7.4,,,,,,,ttth,34,4
B00,7540101,,,,7.25,,,,,6.25,7.6,ttth,28,7
D01,7810202,8.5,,7.0,7.6,,,,,,,ttth,35,4
A00,7480201,,,,7.5,,,,7.5,8.2,,ttth,16,0
A00,7380107,,,,8.0,,,,7.0,6.8,,ttth,12,8
A00,7480201,,,,8.4,,,,6.75,6.75,,ttth,16,0
D01,7810103,4.8,,6.8,8.25,,,,,,,ttth,33,4
A00,7340201,,,,7.8,,,,7.0,8.0,,ttth,8,2
D01,7480202,6.0,,7.2,6.5,,,,,,,ttth,17,0
D01,7220201,8.0,,8.4,7.4,,,,,,,ttth,0,8
D01,7480201,6.0,,9.0,7.0,,,,,,,ttth,16,0
A00,7340101,,,,8.2,,,,7.0,8.5,,ttth,2,1
D01,7340115,6.6,,8.6,8.25,,,,,,,ttth,3,1
D01,7340301,5.8,,7.2,7.0,,,,,,,ttth,10,2
D01,7480201,7.4,,8.6,8.25,,,,,,,ttth,16,0
D01,7220201,8.0,,8.2,7.4,,,,,,,ttth,0,8
D01,7510203,8.5,,8.6,8.2,,,,,,,ttth,19,5
A01,7540101,,,7.4,6.5,,,,8.0,,,ttth,28,7
A00,7850101,,,,6.6,,,,5.5,5.75,,ttth,38,7
D01,7340301,7.2,,6.0,8.25,,,,,,,ttth,10,2
D01,7510303,6.75,,4.6,6.2,,,,,,,ttth,21,5
D07,7540101,,,7.6,8.5,,,,,9.0,,ttth,28,7
A00,7510203,,,,7.4,,,,8.0,6.25,,ttth,19,5
A00,7480201,,,,7.25,,,,8.75,7.8,,ttth,16,0
D07,7540101,,,7.8,8.0,,,,,8.5,,ttth,28,7
A00,7480201,,,,7.25,,,,7.0,7.6,,ttth,16,0
D01,7340101,7.6,,7.6,7.25,,,,,,,ttth,2,1
D01,7340115,7.0,,9.2,8.6,,,,,,,ttth,3,1
D01,7340115,8.25,,8.4,7.6,,,,,,,ttth,3,1
A00,7340301,,,,8.2,,,,6.5,8.25,,ttth,10,2
D01,7510301,5.5,,8.2,6.6,,,,,,,ttth,20,5
A01,7480201,,,8.2,8.6,,,,6.25,,,ttth,16,0
A00,7340301,,,,6.0,,,,9.0,6.8,,ttth,10,2
D01,7340120,6.4,,7.4,8.0,,,,,,,ttth,4,1
D01,7480202,5.0,,7.4,7.75,,,,,,,ttth,17,0
A00,7540101,,,,7.25,,,,8.75,8.2,,ttth,28,7
D01,7340301,8.0,,7.6,7.6,,,,,,,ttth,10,2
D01,7810202,7.25,,8.0,6.8,,,,,,,ttth,35,4
D01,7480201,6.0,,9.0,7.6,,,,,,,ttth,16,0
A00,7380107,,,,7.0,,,,7.0,6.8,,ttth,12,8
A00,7340120,,,,7.5,,,,7.75,8.2,,ttth,4,1
A00,7510303,,,,6.5,,,,8.0,6.4,,ttth,21,5
D01,7480202,7.6,,7.0,6.75,,,,,,,ttth,17,0
A00,7540101,,,,9.25,,,,8.0,8.0,,ttth,28,7
A00,7540204,,,,6.8,,,,5.75,6.5,,ttth,31,6
A01,7850101,,,7.8,6.0,,,,5.2,,,ttth,38,7
D07,7480201,,,8.2,8.8,,,,,7.0,,ttth,16,0
D07,7540106,,,8.2,7.6,,,,,7.5,,ttth,30,7
D01,7220204,7.2,,8.2,8.75,,,,,,,ttth,1,8
A00,7340301,,,,7.75,,,,8.5,8.0,,ttth,10,2
D07,7540101,,,7.4,7.75,,,,,7.4,,ttth,28,7
A00,7380107,,,,7.8,,,,7.5,7.5,,ttth,12,8
A00,7540106,,,,7.4,,,,7.5,7.25,,ttth,30,7
A00,7340101,,,,7.5,,,,7.0,7.8,,ttth,2,1
B00,7540101,,,,7.0,,,,,6.5,8.0,ttth,28,7
A00,7510202,,,,6.75,,,,7.0,7.2,,ttth,18,5
D01,7510202,6.25,,6.6,8.8,,,,,,,ttth,18,5
D01,7810202,7.75,,7.2,7.8,,,,,,,ttth,35,4
A01,7340301,,,8.2,7.6,,,,6.75,,,ttth,10,2
D01,7340115,8.2,,7.4,8.0,,,,,,,ttth,3,1
A00,7340115,,,,7.5,,,,8.5,8.2,,ttth,3,1
A00,7510301,,,,6.0,,,,7.5,7.8,,ttth,20,5
A01,7340201,,,8.2,8.0,,,,6.75,,,ttth,8,2
D07,7510401,,,8.8,8.0,,,,,7.5,,ttth,22,6
D01,7220201,7.25,,7.8,8.6,,,,,,,ttth,0,8
A01,7340301,,,7.4,7.5,,,,8.4,,,ttth,10,2
A00,7340201,,,,8.0,,,,8.5,7.5,,ttth,8,2
A00,7850101,,,,5.25,,,,6.75,7.0,,ttth,38,7
D01,7220201,7.8,,7.6,7.0,,,,,,,ttth,0,8
D01,7340123,5.4,,7.0,6.5,,,,,,,ttth,6,3
D15,7380107,7.0,4.0,8.5,,,,,,,,ttth,12,8
D01,7340120,6.8,,7.6,9.0,,,,,,,ttth,4,1
D01,7220201,7.5,,8.6,7.6,,,,,,,ttth,0,8
A01,7480201,,,7.8,6.75,,,,7.0,,,ttth,16,0
A00,7340201,,,,5.25,,,,7.25,7.8,,ttth,8,2
D01,7220201,8.6,,7.6,8.25,,,,,,,ttth,0,8
D01,7340101,8.0,,7.2,8.0,,,,,,,ttth,2,1
A00,7340120,,,,7.5,,,,6.25,7.6,,ttth,4,1
D01,7220201,7.75,,8.8,8.0,,,,,,,ttth,0,8
A00,7810201,,,,7.25,,,,7.5,7.6,,ttth,34,4
D01,7220201,7.4,,7.8,8.25,,,,,,,ttth,0,8
A00,7340301,,,,7.6,,,,7.25,7.75,,ttth,10,2
A00,7510202,,,,7.6,,,,5.5,7.25,,ttth,18,5
D01,7340115,8.0,,8.4,8.0,,,,,,,ttth,3,1
D01,7380107,4.4,,7.6,7.25,,,,,,,ttth,12,8
A00,7380107,,,,7.25,,,,8.0,8.0,,ttth,12,8
D01,7340129,5.4,,6.6,7.0,,,,,,,ttth,7,7
A00,7510203,,,,7.6,,,,4.25,4.5,,ttth,19,5
A00,7850101,,,,6.6,,,,5.5,5.5,,ttth,38,7
A00,7510303,,,,8.2,,,,5.25,6.5,,ttth,21,5
A00,7380107,,,,7.4,,,,7.0,6.5,,ttth,12,8
D01,7380107,7.25,,9.4,7.4,,,,,,,ttth,12,8
A00,7510202,,,,7.2,,,,6.0,7.25,,ttth,18,5
D01,7810103,6.2,,5.4,9.0,,,,,,,ttth,33,4
A00,7480201,,,,8.2,,,,8.0,7.0,,ttth,16,0
A00,7340301,,,,8.6,,,,6.75,7.75,,ttth,10,2
A01,7340201,,,8.8,8.4,,,,7.5,,,ttth,8,2
A00,7340101,,,,8.8,,,,7.25,7.75,,ttth,2,1
D07,7819010,,,6.2,5.5,,,,,6.2,,ttth,37,4
D01,7340301,7.75,,7.2,7.8,,,,,,,ttth,10,2
D07,7510301,,,8.2,8.0,,,,,7.0,,ttth,20,5
D07,7540101,,,6.4,7.75,,,,,7.6,,ttth,28,7
A00,7510301,,,,7.4,,,,6.5,6.75,,ttth,20,5
A00,7340301,,,,8.6,,,,7.0,7.25,,ttth,10,2
D01,7480201,7.0,,7.2,7.0,,,,,,,ttth,16,0
D01,7810103,7.8,,7.2,8.0,,,,,,,ttth,33,4
A00,7510203,,,,7.6,,,,7.75,8.25,,ttth,19,5
B00,7540101,,,,7.5,,,,,7.0,6.6,ttth,28,7
D01,7220201,7.75,,8.8,8.0,,,,,,,ttth,0,8
A00,7510301,,,,7.8,,,,5.75,5.25,,ttth,20,5
D01,7480202,5.8,,7.8,8.5,,,,,,,ttth,17,0
D01,7480201,6.75,,7.8,7.8,,,,,,,ttth,16,0
A00,7340123,,,,7.0,,,,7.0,8.0,,ttth,6,3
D01,7480201,6.2,,7.4,7.75,,,,,,,ttth,16,0
A00,7480202,,,,7.8,,,,6.0,5.5,,ttth,17,0
A01,7340101,,,8.0,7.75,,,,7.6,,,ttth,2,1
D01,7340129,5.0,,6.2,8.0,,,,,,,ttth,7,7
A00,7819009,,,,5.5,,,,6.25,7.0,,ttth,36,4
D01,7220204,8.0,,8.0,7.0,,,,,,,ttth,1,8
A00,7480201,,,,8.4,,,,8.0,7.25,,ttth,16,0
A00,7420201,,,,7.25,,,,7.5,7.0,,ttth,13,7
A00,7480201,,,,7.5,,,,8.25,7.0,,ttth,16,0
A00,7510301,,,,6.5,,,,7.0,7.6,,ttth,20,5
A00,7480201,,,,7.0,,,,7.5,8.8,,ttth,16,0
A00,7810103,,,,8.5,,,,6.25,7.6,,ttth,33,4
A00,7340120,,,,7.75,,,,8.0,7.8,,ttth,4,1
A00,7340101,,,,7.25,,,,7.0,7.4,,ttth,2,1
A01,7480201,,,8.0,7.5,,,,8.0,,,ttth,16,0
D01,7340129,4.6,,6.2,7.75,,,,,,,ttth,7,7
A00,7340201,,,,6.75,,,,6.5,7.6,,ttth,8,2
D01,7340201,5.8,,7.2,8.25,,,,,,,ttth,8,2
D01,7340101,7.2,,7.0,7.75,,,,,,,ttth,2,1
A00,7460108,,,,7.0,,,,7.0,5.2,,ttth,14,0
D07,7540101,,,9.0,8.8,,,,,7.75,,ttth,28,7
A00,7540204,,,,5.75,,,,6.5,7.0,,ttth,31,6
D01,7340122,6.4,,7.4,8.25,,,,,,,ttth,5,1
A00,7510303,,,,7.8,,,,7.25,6.25,,ttth,21,5
D01,7480201,7.4,,8.6,7.5,,,,,,,ttth,16,0
B00,7540101,,,,7.25,,,,,7.5,6.0,ttth,28,7
A00,7340123,,,,5.0,,,,6.5,6.8,,ttth,6,3
A00,7480201,,,,8.0,,,,7.0,7.4,,ttth,16,0
A00,7340101,,,,7.25,,,,7.0,7.6,,ttth,2,1
A01,7340120,,,8.0,7.5,,,,8.0,,,ttth,4,1
D01,7510301,6.2,,7.8,6.25,,,,,,,ttth,20,5
D01,7220201,7.4,,7.0,7.25,,,,,,,ttth,0,8
D07,7480202,,,7.8,8.0,,,,,7.2,,ttth,17,0
D01,7480201,8.2,,8.0,8.0,,,,,,,ttth,16,0
A01,7340120,,,8.0,8.4,,,,7.25,,,ttth,4,1
D07,7540106,,,8.0,7.8,,,,,6.5,,ttth,30,7
D07,7510401,,,6.4,6.25,,,,,6.0,,ttth,22,6
D01,7810201,6.2,,6.8,7.75,,,,,,,ttth,34,4
A00,7510303,,,,7.5,,,,7.5,7.8,,ttth,21,5
A01,7340101,,,7.2,8.5,,,,7.2,,,ttth,2,1
D01,7810201,5.2,,6.6,6.5,,,,,,,ttth,34,4
D01,7340129,6.6,,5.2,6.25,,,,,,,ttth,7,7
A00,7510303,,,,8.0,,,,7.5,7.2,,ttth,21,5
D01,7340301,8.5,,6.8,7.8,,,,,,,ttth,10,2
D01,7340115,8.2,,6.6,8.5,,,,,,,ttth,3,1
D07,7480201,,,6.6,7.25,,,,,8.0,,ttth,16,0
D01,7220204,9.0,,7.8,8.0,,,,,,,ttth,1,8
A00,7540106,,,,7.4,,,,6.25,7.5,,ttth,30,7
A00,7340201,,,,8.0,,,,7.25,8.5,,ttth,8,2
A00,7380107,,,,8.4,,,,7.0,7.5,,ttth,12,8
D07,7480201,,,7.2,7.0,,,,,7.0,,ttth,16,0
B00,7420201,,,,6.8,,,,,6.25,4.75,ttth,13,7
A00,7340205,,,,7.0,,,,7.5,7.6,,ttth,9,2
D01,7480201,8.4,,7.2,8.5,,,,,,,ttth,16,0
D01,7340201,6.0,,8.2,7.75,,,,,,,ttth,8,2
D01,7340115,7.8,,7.4,8.25,,,,,,,ttth,3,1
A01,7819010,,,5.6,6.25,,,,8.6,,,ttth,37,4
B00,7420201,,,,7.2,,,,,8.0,6.75,ttth,13,7
D01,7220201,7.0,,6.6,7.5,,,,,,,ttth,0,8
A00,7340101,,,,8.4,,,,7.25,8.0,,ttth,2,1
A00,7340123,,,,6.5,,,,6.75,7.4,,ttth,6,3
D07,7480201,,,7.8,7.8,,,,,8.25,,ttth,16,0
D07,7480201,,,8.4,7.0,,,,,8.4,,ttth,16,0
A00,7480201,,,,7.75,,,,7.0,7.2,,ttth,16,0
B00,7540105,,,,7.6,,,,,4.5,6.25,ttth,29,7
A00,7510301,,,,7.2,,,,7.0,7.0,,ttth,20,5
A00,7340301,,,,6.0,,,,7.75,7.4,,ttth,10,2
D01,7520115,3.0,,5.8,7.75,,,,,,,ttth,27,6
A00,7380107,,,,6.25,,,,7.75,7.2,,ttth,12,8
D01,7380107,7.5,,6.0,8.0,,,,,,,ttth,12,8
D01,7340201,8.0,,8.2,7.8,,,,,,,ttth,8,2
A00,7340123,,,,7.25,,,,6.0,7.6,,ttth,6,3
B00,7540105,,,,6.0,,,,,5.25,6.0,ttth,29,7
A00,7510303,,,,5.75,,,,6.0,7.0,,ttth,21,5
A01,7340101,,,7.2,7.25,,,,7.8,,,ttth,2,1
A00,7510202,,,,7.0,,,,7.25,6.6,,ttth,18,5
A00,7480201,,,,8.0,,,,7.75,8.6,,ttth,16,0
D01,7480202,6.25,,4.6,6.6,,,,,,,ttth,17,0
A00,7510301,,,,8.0,,,,6.0,6.0,,ttth,20,5
A00,7340129,,,,6.25,,,,6.5,7.2,,ttth,7,7
A00,7540204,,,,7.8,,,,7.75,7.0,,ttth,31,6
A01,7220201,,,8.2,7.0,,,,7.4,,,ttth,0,8
D07,7510203,,,7.4,7.0,,,,,7.8,,ttth,19,5
A00,7510203,,,,7.75,,,,8.5,8.4,,ttth,19,5
A01,7480201,,,9.4,7.4,,,,6.75,,,ttth,16,0
D01,7810202,7.75,,6.4,8.2,,,,,,,ttth,35,4
D01,7480201,8.6,,6.8,6.75,,,,,,,ttth,16,0
D01,7510203,3.6,,6.0,6.5,,,,,,,ttth,19,5
A00,7480201,,,,6.25,,,,8.5,6.8,,ttth,16,0
D01,7480202,6.25,,7.0,6.6,,,,,,,ttth,17,0
A00,7340129,,,,7.25,,,,7.25,8.0,,ttth,7,7
A00,7819009,,,,6.5,,,,8.0,7.2,,ttth,36,4
A00,7480201,,,,7.8,,,,7.5,7.75,,ttth,16,0
A01,7510301,,,8.0,7.5,,,,5.6,,,ttth,20,5
D01,7480201,7.5,,7.0,7.8,,,,,,,ttth,16,0
D01,7480201,7.75,,7.6,7.8,,,,,,,ttth,16,0
D07,7510301,,,3.6,6.0,,,,,7.2,,ttth,20,5
B00,7420201,,,,5.0,,,,,6.25,5.8,ttth,13,7
D01,7340115,9.4,,7.8,7.25,,,,,,,ttth,3,1
A01,7540101,,,8.4,9.0,,,,7.75,,,ttth,28,7
A01,7510303,,,8.2,7.75,,,,7.4,,,ttth,21,5
A00,7510401,,,,7.5,,,,7.25,6.8,,ttth,22,6
A01,7480201,,,7.4,8.4,,,,6.75,,,ttth,16,0
D01,7510203,5.75,,5.0,7.0,,,,,,,ttth,19,5
A00,7540101,,,,7.5,,,,9.0,8.8,,ttth,28,7
D15,7380107,7.5,4.4,6.75,,,,,,,,ttth,12,8
D01,7520115,5.8,,7.0,6.75,,,,,,,ttth,27,6
D01,7810201,5.2,,6.4,7.0,,,,,,,ttth,34,4
A01,7510203,,,8.4,7.8,,,,7.25,,,ttth,19,5
D01,7810202,7.2,,8.2,7.5,,,,,,,ttth,35,4
D01,7340205,7.6,,7.0,6.75,,,,,,,ttth,9,2
D01,7340201,7.0,,7.2,6.5,,,,,,,ttth,8,2
A01,7340120,,,8.4,7.75,,,,7.4,,,ttth,4,1
A01,7340115,,,7.8,8.2,,,,7.5,,,ttth,3,1
D01,7220201,7.75,,8.6,7.8,,,,,,,ttth,0,8
A00,7850101,,,,5.8,,,,3.75,7.25,,ttth,38,7
D15,7380107,7.0,6.0,8.75,,,,,,,,ttth,12,8
A00,7510301,,,,7.2,,,,5.25,7.0,,ttth,20,5
A01,7340201,,,8.4,8.2,,,,7.0,,,ttth,8,2
A00,7380107,,,,8.2,,,,7.0,8.25,,ttth,12,8
A00,7810103,,,,7.75,,,,7.0,7.6,,ttth,33,4
B00,7510401,,,,7.25,,,,,6.5,6.4,ttth,22,6
A00,7340101,,,,7.75,,,,8.0,7.8,,ttth,2,1
D01,7380107,7.6,,6.4,8.0,,,,,,,ttth,12,8
D01,7220201,7.0,,7.6,8.75,,,,,,,ttth,0,8
D01,7340301,7.25,,7.6,8.0,,,,,,,ttth,10,2
A00,7540106,,,,7.0,,,,7.0,7.8,,ttth,30,7
A00,7510203,,,,7.75,,,,7.0,7.4,,ttth,19,5
A01,7340122,,,8.6,6.75,,,,7.8,,,ttth,5,1
D01,7480202,6.0,,7.2,6.5,,,,,,,ttth,17,0
D01,7510301,5.75,,6.2,5.2,,,,,,,ttth,20,5
A00,7340301,,,,8.0,,,,7.0,8.25,,ttth,10,2
D01,7340101,8.0,,7.6,7.8,,,,,,,ttth,2,1
D01,7340201,7.25,,8.0,7.6,,,,,,,ttth,8,2
D01,7520115,5.0,,5.6,5.25,,,,,,,ttth,27,6
D01,7480201,8.0,,7.2,7.6,,,,,,,ttth,16,0
A00,7340122,,,,6.75,,,,7.75,7.4,,ttth,5,1
A01,7480202,,,5.2,6.5,,,,7.2,,,ttth,17,0
D01,7220201,7.0,,6.8,8.5,,,,,,,ttth,0,8
D01,7340120,7.4,,6.8,7.75,,,,,,,ttth,4,1
D01,7340101,8.5,,7.4,7.8,,,,,,,ttth,2,1
D01,7510303,8.0,,7.6,6.6,,,,,,,ttth,21,5
A00,7540106,,,,6.25,,,,5.75,6.4,,ttth,30,7
D01,7810202,6.6,,6.8,7.5,,,,,,,ttth,35,4
D01,7480201,8.2,,8.0,6.75,,,,,,,ttth,16,0
A00,7510401,,,,7.0,,,,5.5,6.75,,ttth,22,6
D01,7340120,7.5,,8.8,7.2,,,,,,,ttth,4,1
A01,7340101,,,8.6,8.8,,,,7.0,,,ttth,2,1
A00,7380107,,,,6.0,,,,7.0,7.6,,ttth,12,8
A00,7340101,,,,8.0,,,,8.25,8.5,,ttth,2,1
A00,7340301,,,,8.25,,,,7.5,7.0,,ttth,10,2
A00,7510202,,,,7.0,,,,5.5,6.5,,ttth,18,5
B00,7540105,,,,6.75,,,,,6.25,7.2,ttth,29,7
A00,7510303,,,,6.6,,,,4.25,6.75,,ttth,21,5
A01,7340201,,,6.6,7.75,,,,7.8,,,ttth,8,2
D07,7480201,,,7.0,7.25,,,,,6.6,,ttth,16,0
D01,7340129,5.4,,5.8,8.75,,,,,,,ttth,7,7
A00,7540105,,,,6.25,,,,6.25,6.4,,ttth,29,7
A00,7340120,,,,7.5,,,,6.75,7.6,,ttth,4,1
D01,7340205,5.4,,8.0,7.0,,,,,,,ttth,9,2
A00,7540101,,,,8.25,,,,8.0,8.0,,ttth,28,7
A01,7340205,,,6.0,7.0,,,,7.0,,,ttth,9,2
D15,7810201,5.5,5.4,7.5,,,,,,,,ttth,34,4
D01,7810201,7.25,,8.8,7.2,,,,,,,ttth,34,4
A00,7340201,,,,8.0,,,,6.5,7.75,,ttth,8,2
A00,7380107,,,,7.0,,,,8.0,6.4,,ttth,12,8
D15,7810202,8.5,4.4,7.75,,,,,,,,ttth,35,4
A00,7340120,,,,8.8,,,,7.75,7.25,,ttth,4,1
A00,7340120,,,,6.75,,,,7.25,8.4,,ttth,4,1
D07,7480201,,,7.2,8.0,,,,,8.0,,ttth,16,0
D01,7220204,6.75,,9.0,7.6,,,,,,,ttth,1,8
D01,7810201,6.0,,5.6,7.25,,,,,,,ttth,34,4
A01,7510202,,,5.8,6.0,,,,6.0,,,ttth,18,5
A00,7420201,,,,7.4,,,,6.75,6.75,,ttth,13,7
A01,7810202,,,8.2,8.0,,,,6.5,,,ttth,35,4
A00,7510203,,,,8.2,,,,6.0,7.25,,ttth,19,5
A01,7819009,,,6.4,5.5,,,,4.8,,,ttth,36,4
D07,7540101,,,8.8,8.0,,,,,7.75,,ttth,28,7
D07,7420201,,,6.8,6.75,,,,,7.6,,ttth,13,7
D07,7540106,,,6.4,7.0,,,,,8.0,,ttth,30,7
D01,7340201,8.5,,6.4,7.2,,,,,,,ttth,8,2
A01,7480201,,,6.8,7.25,,,,8.0,,,ttth,16,0
B00,7420201,,,,7.4,,,,,6.25,6.25,ttth,13,7
D01,7510202,4.0,,6.2,6.25,,,,,,,ttth,18,5
D01,7380107,4.4,,7.0,7.5,,,,,,,ttth,12,8
A00,7340201,,,,7.0,,,,6.75,7.4,,ttth,8,2
A01,7340120,,,8.6,8.0,,,,6.75,,,ttth,4,1
A00,7340115,,,,7.5,,,,8.75,8.0,,ttth,3,1
A01,7480201,,,8.0,8.0,,,,8.25,,,ttth,16,0
A00,7510301,,,,7.8,,,,5.0,4.0,,ttth,20,5
B00,7819009,,,,7.0,,,,,7.25,7.0,ttth,36,4
A00,7340115,,,,8.5,,,,7.0,7.8,,ttth,3,1
D01,7480202,6.0,,4.4,6.6,,,,,,,ttth,17,0
A00,7540106,,,,7.2,,,,6.5,7.5,,ttth,30,7
A00,7340129,,,,7.8,,,,6.0,7.75,,ttth,7,7
D01,7340115,8.4,,8.0,9.0,,,,,,,ttth,3,1
D01,7510301,7.0,,7.6,7.0,,,,,,,ttth,20,5
A00,7510203,,,,6.5,,,,7.5,7.4,,ttth,19,5
A01,7220204,,,7.2,7.8,,,,7.75,,,ttth,1,8
A00,7380107,,,,6.5,,,,6.5,7.0,,ttth,12,8
D01,7510203,6.25,,7.8,6.0,,,,,,,ttth,19,5
A00,7850101,,,,6.0,,,,6.25,5.5,,ttth,38,7
D01,7340201,6.5,,7.6,8.2,,,,,,,ttth,8,2
D01,7340101,7.6,,8.4,7.0,,,,,,,ttth,2,1
A00,7510203,,,,5.8,,,,6.5,7.25,,ttth,19,5
A00,7380107,,,,7.8,,,,6.75,7.75,,ttth,12,8
D15,7380107,6.5,5.0,7.75,,,,,,,,ttth,12,8
D01,7810201,7.25,,8.8,7.8,,,,,,,ttth,34,4
D01,7340115,8.2,,7.4,8.5,,,,,,,ttth,3,1
D01,7340122,7.4,,7.6,7.25,,,,,,,ttth,5,1
A01,7220201,,,9.0,8.0,,,,8.0,,,ttth,0,8
D07,7480201,,,7.0,6.5,,,,,7.4,,ttth,16,0
D01,7810201,6.2,,7.0,7.5,,,,,,,ttth,34,4
D01,7380107,7.8,,7.2,7.5,,,,,,,ttth,12,8
D07,7510203,,,6.4,5.5,,,,,4.8,,ttth,19,5
A01,7220201,,,7.6,9.0,,,,7.75,,,ttth,0,8
D01,7480201,7.25,,9.0,7.4,,,,,,,ttth,16,0
D01,7220201,7.8,,6.8,7.0,,,,,,,ttth,0,8
A00,7480202,,,,7.25,,,,7.25,8.2,,ttth,17,0
D15,7380107,6.75,6.8,7.75,,,,,,,,ttth,12,8
B00,7819009,,,,7.5,,,,,6.5,7.0,ttth,36,4
D01,7510203,4.6,,7.2,8.5,,,,,,,ttth,19,5
A01,7340115,,,8.0,7.8,,,,8.75,,,ttth,3,1
A00,7340101,,,,8.4,,,,6.5,8.25,,ttth,2,1
D01,7510303,6.8,,7.4,6.0,,,,,,,ttth,21,5
A00,7340301,,,,7.0,,,,7.75,8.4,,ttth,10,2
A00,7340120,,,,8.4,,,,7.0,8.0,,ttth,4,1
A00,7380107,,,,6.0,,,,7.75,7.0,,ttth,12,8
A00,7480201,,,,8.6,,,,7.5,8.0,,ttth,16,0
A00,7850101,,,,7.8,,,,6.75,6.75,,ttth,38,7
D01,7340120,8.0,,7.4,8.0,,,,,,,ttth,4,1
B00,7420201,,,,6.5,,,,,7.25,8.6,ttth,13,7
D07,7510303,,,7.6,7.25,,,,,8.2,,ttth,21,5
D01,7810103,5.6,,8.0,5.5,,,,,,,ttth,33,4
D09,7220201,,,7.4,8.25,,,7.6,,,,ttth,0,8
D01,7380107,6.6,,6.6,6.5,,,,,,,ttth,12,8
B00,7540101,,,,7.5,,,,,5.75,8.2,ttth,28,7
D01,7220201,7.2,,7.8,8.25,,,,,,,ttth,0,8
A00,7810103,,,,6.25,,,,7.0,6.4,,ttth,33,4
A01,7340301,,,8.2,8.2,,,,7.0,,,ttth,10,2
A00,7510301,,,,8.0,,,,6.0,6.5,,ttth,20,5
D01,7340115,7.4,,8.4,8.0,,,,,,,ttth,3,1
A00,7380107,,,,6.5,,,,7.25,7.8,,ttth,12,8
A00,7510203,,,,6.8,,,,4.25,6.0,,ttth,19,5
A00,7510303,,,,7.25,,,,6.75,7.4,,ttth,21,5
D01,7220201,7.25,,9.2,7.6,,,,,,,ttth,0,8
B00,7540101,,,,7.6,,,,,7.75,8.5,ttth,28,7
A00,7810202,,,,8.4,,,,8.0,6.75,,ttth,35,4
A00,7340201,,,,7.6,,,,7.0,7.75,,ttth,8,2
D01,7340201,7.75,,7.2,8.0,,,,,,,ttth,8,2
D01,7220204,6.8,,8.2,7.5,,,,,,,ttth,1,8
A01,7819009,,,7.2,7.5,,,,7.2,,,ttth,36,4
A00,7480202,,,,6.6,,,,6.5,7.0,,ttth,17,0
D01,7340301,6.2,,7.2,7.75,,,,,,,ttth,10,2
D01,7340129,8.0,,7.8,7.25,,,,,,,ttth,7,7
A00,7480202,,,,5.75,,,,7.25,7.0,,ttth,17,0
D07,7480201,,,6.2,8.4,,,,,7.5,,ttth,16,0
A00,7340101,,,,7.75,,,,8.5,8.2,,ttth,2,1
D01,7520115,4.2,,7.4,7.25,,,,,,,ttth,27,6
A00,7510303,,,,7.2,,,,7.0,6.5,,ttth,21,5
A00,7540105,,,,7.2,,,,4.5,6.0,,ttth,29,7
D01,7220204,6.0,,7.6,7.75,,,,,,,ttth,1,8
A00,7510401,,,,7.75,,,,6.75,7.8,,ttth,22,6
D01,7540204,8.25,,5.8,7.0,,,,,,,ttth,31,6
D07,7480201,,,7.0,8.0,,,,,7.75,,ttth,16,0
A01,7340201,,,9.0,7.2,,,,7.25,,,ttth,8,2
D01,7340301,6.5,,8.0,7.8,,,,,,,ttth,10,2
A01,7340120,,,7.0,7.5,,,,8.0,,,ttth,4,1
D07,7480202,,,6.8,7.75,,,,,7.2,,ttth,17,0
A00,7340201,,,,8.0,,,,7.75,8.2,,ttth,8,2
D01,7340101,7.8,,6.4,7.0,,,,,,,ttth,2,1
A00,7340101,,,,7.5,,,,7.75,8.4,,ttth,2,1
D15,7810201,7.25,5.4,6.0,,,,,,,,ttth,34,4
A00,7340201,,,,8.8,,,,7.0,8.25,,ttth,8,2
D01,7380107,7.5,,7.2,8.0,,,,,,,ttth,12,8
B00,7420201,,,,5.75,,,,,7.75,7.4,ttth,13,7
A00,7340101,,,,7.5,,,,7.75,8.2,,ttth,2,1
D01,7220204,8.5,,8.2,7.4,,,,,,,ttth,1,8
A00,7480201,,,,7.5,,,,6.75,7.8,,ttth,16,0
A01,7340115,,,7.8,8.25,,,,7.2,,,ttth,3,1
A00,7340201,,,,7.8,,,,7.25,7.5,,ttth,8,2
D01,7510303,5.8,,7.6,6.5,,,,,,,ttth,21,5
D07,7480201,,,7.8,7.25,,,,,6.6,,ttth,16,0
D01,7340101,8.6,,6.8,7.25,,,,,,,ttth,2,1
A01,7540101,,,7.8,6.5,,,,6.8,,,ttth,28,7
D01,7220201,7.6,,6.2,8.75,,,,,,,ttth,0,8
A00,7480201,,,,7.5,,,,8.25,8.4,,ttth,16,0
D01,7340201,7.0,,7.4,7.25,,,,,,,ttth,8,2
D07,7540101,,,7.6,7.75,,,,,7.4,,ttth,28,7
D01,7510301,6.25,,5.2,7.4,,,,,,,ttth,20,5
D07,7480201,,,7.4,7.75,,,,,6.8,,ttth,16,0
D01,7220201,8.2,,8.0,7.5,,,,,,,ttth,0,8
D01,7340115,7.6,,7.8,8.5,,,,,,,ttth,3,1
A00,7340101,,,,8.6,,,,7.0,8.25,,ttth,2,1
D15,7380107,7.5,7.0,7.0,,,,,,,,ttth,12,8
D07,7540101,,,8.0,8.5,,,,,8.2,,ttth,28,7
A00,7510401,,,,7.2,,,,7.0,7.0,,ttth,22,6
D01,7340129,6.75,,7.0,6.8,,,,,,,ttth,7,7
A00,7340101,,,,7.75,,,,8.25,7.2,,ttth,2,1
A01,7540101,,,7.2,6.75,,,,7.0,,,ttth,28,7
A00,7340115,,,,7.75,,,,8.75,8.8,,ttth,3,1
A00,7340120,,,,8.0,,,,7.5,7.6,,ttth,4,1
A00,7340301,,,,8.0,,,,7.0,7.5,,ttth,10,2
A00,7340120,,,,8.5,,,,7.75,8.2,,ttth,4,1
D01,7810103,9.25,,6.0,7.6,,,,,,,ttth,33,4
A00,7480201,,,,7.25,,,,8.0,6.6,,ttth,16,0
A01,7340120,,,7.8,8.75,,,,7.6,,,ttth,4,1
D01,7220204,6.6,,7.2,8.25,,,,,,,ttth,1,8
A01,7810202,,,6.2,7.75,,,,7.6,,,ttth,35,4
D01,7340301,4.8,,7.2,7.75,,,,,,,ttth,10,2
A00,7510303,,,,8.0,,,,7.5,7.4,,ttth,21,5
A00,7340101,,,,6.75,,,,8.25,7.8,,ttth,2,1
A00,7340201,,,,7.8,,,,7.25,7.0,,ttth,8,2
D01,7220204,7.6,,7.4,8.25,,,,,,,ttth,1,8
D01,7380107,6.8,,6.8,8.5,,,,,,,ttth,12,8
B00,7540101,,,,7.75,,,,,8.0,6.0,ttth,28,7
A00,7480201,,,,7.8,,,,7.5,6.75,,ttth,16,0
D01,7510203,6.75,,7.6,7.6,,,,,,,ttth,19,5
A01,7510203,,,7.0,7.4,,,,5.75,,,ttth,19,5
D01,7510303,5.4,,5.8,7.25,,,,,,,ttth,21,5
A00,7340201,,,,6.75,,,,6.75,6.8,,ttth,8,2
D01,7460108,8.8,,6.8,7.5,,,,,,,ttth,14,0
A00,7340120,,,,7.8,,,,7.75,8.25,,ttth,4,1
A00,7480202,,,,5.75,,,,5.5,5.2,,ttth,17,0
A01,7480202,,,7.6,6.4,,,,5.5,,,ttth,17,0
D07,7480201,,,7.8,8.5,,,,,7.6,,ttth,16,0
A01,7460108,,,6.6,7.5,,,,7.2,,,ttth,14,0
D07,7420201,,,8.2,6.75,,,,,7.4,,ttth,13,7
A00,7340301,,,,6.0,,,,7.5,7.4,,ttth,10,2
D01,7480201,6.6,,6.2,8.75,,,,,,,ttth,16,0
D01,7340115,8.0,,8.2,6.25,,,,,,,ttth,3,1
A00,7340115,,,,6.75,,,,7.5,7.8,,ttth,3,1
D07,7540101,,,7.6,7.0,,,,,8.4,,ttth,28,7
D01,7340101,7.0,,7.6,8.75,,,,,,,ttth,2,1
A00,7510401,,,,7.0,,,,7.5,6.75,,ttth,22,6
D01,7340101,7.5,,8.6,7.8,,,,,,,ttth,2,1
A00,7510402,,,,7.25,,,,6.25,7.8,,ttth,23,6
A01,7540101,,,7.6,7.5,,,,8.6,,,ttth,28,7
D01,7480201,7.5,,6.8,7.8,,,,,,,ttth,16,0
D01,7510303,4.8,,5.8,7.75,,,,,,,ttth,21,5
D01,7220201,7.8,,7.0,6.0,,,,,,,ttth,0,8
D01,7810201,7.5,,8.4,6.8,,,,,,,ttth,34,4
A00,7340115,,,,7.75,,,,8.25,8.0,,ttth,3,1
D07,7480201,,,8.0,7.5,,,,,7.8,,ttth,16,0
D01,7510203,7.25,,4.8,7.8,,,,,,,ttth,19,5
A00,7540101,,,,6.75,,,,7.0,8.0,,ttth,28,7
D15,7810201,6.25,4.8,7.5,,,,,,,,ttth,34,4
D07,7510303,,,4.8,5.5,,,,,6.4,,ttth,21,5
D01,7480202,8.8,,8.2,5.75,,,,,,,ttth,17,0
B00,7420201,,,,7.4,,,,,7.25,5.75,ttth,13,7
A00,7340129,,,,7.6,,,,7.25,8.0,,ttth,7,7
D07,7420201,,,5.6,7.0,,,,,8.4,,ttth,13,7
D01,7220201,7.75,,8.0,7.2,,,,,,,ttth,0,8
A00,7510303,,,,7.0,,,,7.25,7.0,,ttth,21,5
A00,7340120,,,,8.6,,,,7.75,8.25,,ttth,4,1
A00,7540101,,,,8.2,,,,7.25,8.75,,ttth,28,7
B00,7540106,,,,7.8,,,,,7.25,6.75,ttth,30,7
A01,7340301,,,7.8,7.5,,,,8.6,,,ttth,10,2
D01,7340201,5.8,,6.6,8.0,,,,,,,ttth,8,2
A00,7340301,,,,7.5,,,,8.5,7.6,,ttth,10,2
A00,7340120,,,,8.0,,,,8.0,7.75,,ttth,4,1
D01,7380107,8.5,,7.8,8.0,,,,,,,ttth,12,8
A00,7480201,,,,8.2,,,,7.25,8.0,,ttth,16,0
A01,7220201,,,8.6,8.0,,,,7.0,,,ttth,0,8
D01,7480201,8.5,,6.6,7.6,,,,,,,ttth,16,0
A00,7510203,,,,7.5,,,,6.75,7.6,,ttth,19,5
A00,7510301,,,,7.2,,,,5.0,7.0,,ttth,20,5
D01,7520115,6.75,,5.8,7.6,,,,,,,ttth,27,6
B00,7540101,,,,9.0,,,,,7.25,8.5,ttth,28,7
A01,7340101,,,9.4,8.6,,,,6.25,,,ttth,2,1
D07,7480201,,,7.6,8.0,,,,,8.25,,ttth,16,0
A00,7540101,,,,6.5,,,,8.0,6.8,,ttth,28,7
D01,7380107,8.0,,5.8,7.2,,,,,,,ttth,12,8
A00,7340115,,,,7.25,,,,8.25,8.4,,ttth,3,1
A00,7340201,,,,7.25,,,,7.0,8.2,,ttth,8,2
A00,7510303,,,,6.0,,,,6.25,7.6,,ttth,21,5
A01,7510301,,,7.6,6.8,,,,6.25,,,ttth,20,5
D01,7510301,5.2,,6.4,6.5,,,,,,,ttth,20,5
D01,7340201,7.5,,7.2,7.6,,,,,,,ttth,8,2
A00,7510303,,,,7.8,,,,6.0,6.5,,ttth,21,5
D01,7220204,6.8,,7.4,8.25,,,,,,,ttth,1,8
D07,7540101,,,8.0,8.8,,,,,7.5,,ttth,28,7
D01,7340115,7.8,,7.4,7.75,,,,,,,ttth,3,1
B00,7510401,,,,7.5,,,,,7.5,7.4,ttth,22,6
D01,7510202,6.4,,7.0,6.25,,,,,,,ttth,18,5
D07,7510202,,,7.4,7.25,,,,,6.4,,ttth,18,5
A00,7510401,,,,6.75,,,,6.5,8.0,,ttth,22,6
A01,7510303,,,7.2,7.5,,,,7.8,,,ttth,21,5
D01,7220201,7.4,,7.8,8.0,,,,,,,ttth,0,8
D01,7510202,6.25,,5.2,7.2,,,,,,,ttth,18,5
A00,7480202,,,,6.75,,,,8.0,7.8,,ttth,17,0
D01,7340120,6.4,,7.8,7.0,,,,,,,ttth,4,1
A00,7480201,,,,7.75,,,,8.0,9.0,,ttth,16,0
D01,7340129,6.4,,7.6,7.75,,,,,,,ttth,7,7
D01,7340101,5.2,,7.2,8.5,,,,,,,ttth,2,1
A00,7340101,,,,7.25,,,,7.0,7.6,,ttth,2,1
D15,7380107,7.0,5.8,8.25,,,,,,,,ttth,12,8
D01,7480201,8.25,,7.4,7.6,,,,,,,ttth,16,0
A00,7510401,,,,7.6,,,,7.0,8.0,,ttth,22,6
D01,7810103,7.6,,7.8,7.5,,,,,,,ttth,33,4
D07,7540101,,,7.0,6.5,,,,,8.8,,ttth,28,7
A00,7340122,,,,7.25,,,,8.25,7.4,,ttth,5,1
A00,7510301,,,,6.4,,,,4.25,6.5,,ttth,20,5
A00,7340201,,,,7.25,,,,8.25,7.0,,ttth,8,2
D01,7380107,5.8,,8.0,5.75,,,,,,,ttth,12,8
D01,7480201,7.5,,7.4,7.6,,,,,,,ttth,16,0
A00,7340101,,,,8.4,,,,7.0,8.75,,ttth,2,1
A01,7340201,,,7.6,8.0,,,,7.2,,,ttth,8,2
D07,7540101,,,8.4,8.0,,,,,7.75,,ttth,28,7
A00,7340115,,,,7.75,,,,8.0,8.2,,ttth,3,1
A00,7480201,,,,8.0,,,,6.75,7.75,,ttth,16,0
A01,7340101,,,7.4,7.5,,,,7.8,,,ttth,2,1
D01,7480201,8.2,,6.0,7.0,,,,,,,ttth,16,0
D01,7460108,7.4,,5.6,7.75,,,,,,,ttth,14,0
A01,7220201,,,8.8,7.8,,,,7.75,,,ttth,0,8
A00,7510202,,,,8.2,,,,5.5,6.5,,ttth,18,5
D01,7380107,6.2,,7.4,6.75,,,,,,,ttth,12,8
A00,7340101,,,,7.0,,,,7.5,6.4,,ttth,2,1
A00,7340101,,,,8.6,,,,8.0,7.0,,ttth,2,1
B00,7510401,,,,7.0,,,,,8.0,6.75,ttth,22,6
A00,7480202,,,,6.25,,,,6.25,6.4,,ttth,17,0
D01,7380107,6.2,,7.2,7.25,,,,,,,ttth,12,8
D01,7340301,6.25,,9.0,7.6,,,,,,,ttth,10,2
D01,7340101,6.6,,7.8,6.75,,,,,,,ttth,2,1
A00,7340201,,,,6.25,,,,7.25,7.2,,ttth,8,2
A00,7340301,,,,7.75,,,,8.0,7.8,,ttth,10,2
D01,7340301,7.5,,7.8,7.4,,,,,,,ttth,10,2
A01,7220201,,,9.2,8.2,,,,6.75,,,ttth,0,8
D01,7810202,4.6,,7.2,7.75,,,,,,,ttth,35,4
A00,7850101,,,,7.2,,,,7.0,7.0,,ttth,38,7
D01,7480202,6.6,,6.0,7.0,,,,,,,ttth,17,0
D01,7220201,7.0,,6.8,7.5,,,,,,,ttth,0,8
A00,7540101,,,,7.8,,,,7.75,8.0,,ttth,28,7
D01,7340201,7.0,,7.2,7.5,,,,,,,ttth,8,2
D01,7380107,7.2,,7.8,7.5,,,,,,,ttth,12,8
A00,7340301,,,,8.0,,,,7.0,7.2,,ttth,10,2
A00,7340101,,,,8.2,,,,8.25,7.75,,ttth,2,1
A00,7380107,,,,7.5,,,,8.25,7.4,,ttth,12,8
A00,7540106,,,,7.4,,,,6.0,7.5,,ttth,30,7
A00,7510202,,,,6.25,,,,5.0,7.4,,ttth,18,5
D01,7510303,5.75,,6.6,6.6,,,,,,,ttth,21,5
D07,7540101,,,6.2,7.25,,,,,8.6,,ttth,28,7
A00,7340120,,,,7.4,,,,7.75,8.25,,ttth,4,1
A01,7340101,,,8.0,8.0,,,,7.4,,,ttth,2,1
A00,7340120,,,,7.5,,,,8.0,7.8,,ttth,4,1
D01,7340120,8.0,,8.4,7.2,,,,,,,ttth,4,1
D07,7540101,,,9.4,9.4,,,,,8.25,,ttth,28,7
A01,7810202,,,7.6,8.6,,,,7.75,,,ttth,35,4
A01,7340120,,,7.6,7.75,,,,8.4,,,ttth,4,1
D01,7380107,5.8,,6.6,9.0,,,,,,,ttth,12,8
A01,7480201,,,8.0,6.5,,,,8.4,,,ttth,16,0
A00,7480201,,,,7.75,,,,7.75,7.4,,ttth,16,0
A00,7340201,,,,8.6,,,,7.25,7.75,,ttth,8,2
A01,7510303,,,7.8,7.5,,,,7.8,,,ttth,21,5
D01,7340122,5.0,,9.0,8.5,,,,,,,ttth,5,1
D01,7510301,8.5,,4.8,7.4,,,,,,,ttth,20,5
A00,7540101,,,,7.0,,,,7.5,7.6,,ttth,28,7
D01,7460108,5.6,,6.6,6.5,,,,,,,ttth,14,0
A00,7340101,,,,7.25,,,,7.5,7.6,,ttth,2,1
A00,7340205,,,,6.75,,,,6.0,6.8,,ttth,9,2
A00,7340201,,,,8.2,,,,6.25,8.0,,ttth,8,2
D01,7340301,5.6,,8.2,8.25,,,,,,,ttth,10,2
B00,7540105,,,,7.25,,,,,7.0,7.0,ttth,29,7
D01,7460108,7.8,,7.4,7.5,,,,,,,ttth,14,0
D07,7540101,,,8.6,7.0,,,,,7.8,,ttth,28,7
D01,7220201,7.8,,7.8,7.75,,,,,,,ttth,0,8
D01,7510303,6.0,,5.0,7.0,,,,,,,ttth,21,5
D01,7510303,5.0,,6.0,8.0,,,,,,,ttth,21,5
D15,7810103,7.0,6.0,7.5,,,,,,,,ttth,33,4
D01,7340120,5.8,,7.6,8.0,,,,,,,ttth,4,1
B00,7510401,,,,8.6,,,,,8.0,7.25,ttth,22,6
D01,7480202,6.2,,7.2,8.0,,,,,,,ttth,17,0
B00,7420201,,,,7.0,,,,,7.25,7.2,ttth,13,7
A01,7340120,,,7.6,8.75,,,,8.4,,,ttth,4,1
D01,7340129,7.75,,7.4,7.2,,,,,,,ttth,7,7
D01,7340301,6.0,,7.8,7.5,,,,,,,ttth,10,2
A00,7540101,,,,8.0,,,,7.5,8.0,,ttth,28,7
D01,7480201,6.5,,9.0,7.6,,,,,,,ttth,16,0
A00,7480201,,,,7.25,,,,6.5,7.4,,ttth,16,0
D01,7340129,7.0,,5.8,6.8,,,,,,,ttth,7,7
D01,7480202,7.2,,7.4,8.5,,,,,,,ttth,17,0
A00,7510203,,,,7.0,,,,4.5,6.25,,ttth,19,5
A00,7340201,,,,8.2,,,,6.75,7.25,,ttth,8,2
D01,7460108,5.8,,5.4,6.0,,,,,,,ttth,14,0
A00,7340101,,,,7.25,,,,7.25,8.4,,ttth,2,1
D01,7220201,8.2,,6.4,7.5,,,,,,,ttth,0,8
D01,7340129,7.5,,7.0,7.8,,,,,,,ttth,7,7
A00,7510301,,,,8.25,,,,6.25,7.6,,ttth,20,5
A01,7510203,,,5.2,5.0,,,,7.8,,,ttth,19,5
D01,7810201,8.4,,8.2,7.25,,,,,,,ttth,34,4
D01,7340201,8.0,,6.6,8.0,,,,,,,ttth,8,2
D07,7480201,,,7.4,7.0,,,,,7.2,,ttth,16,0
D01,7340120,6.2,,7.6,7.5,,,,,,,ttth,4,1
A01,7340301,,,8.8,7.4,,,,7.5,,,ttth,10,2
A00,7819009,,,,5.75,,,,7.75,5.4,,ttth,36,4
D01,7810103,7.2,,6.8,8.5,,,,,,,ttth,33,4
D01,7220204,6.8,,7.2,7.75,,,,,,,ttth,1,8
A00,7540101,,,,6.5,,,,7.5,7.2,,ttth,28,7
A00,7850101,,,,7.6,,,,4.75,6.0,,ttth,38,7
D07,7480201,,,6.8,8.6,,,,,8.0,,ttth,16,0
A01,7540101,,,7.6,8.0,,,,7.75,,,ttth,28,7
A00,7480201,,,,8.6,,,,6.75,8.5,,ttth,16,0
D01,7480201,6.75,,7.8,7.8,,,,,,,ttth,16,0
A00,7480201,,,,8.4,,,,6.5,7.5,,ttth,16,0
D01,7340301,7.5,,7.8,7.4,,,,,,,ttth,10,2
D01,7340120,7.6,,7.6,8.5,,,,,,,ttth,4,1
A00,7480201,,,,8.4,,,,7.25,7.25,,ttth,16,0
D01,7510203,6.75,,6.6,5.2,,,,,,,ttth,19,5
A01,7340115,,,8.0,7.25,,,,8.2,,,ttth,3,1
A00,7510303,,,,5.75,,,,5.5,7.4,,ttth,21,5
D01,7340120,7.75,,8.2,8.0,,,,,,,ttth,4,1
A00,7510203,,,,8.0,,,,5.75,6.75,,ttth,19,5
A00,7480202,,,,8.0,,,,7.75,6.25,,ttth,17,0
D01,7510303,4.4,,7.0,7.25,,,,,,,ttth,21,5
A01,7480201,,,7.2,8.0,,,,8.6,,,ttth,16,0
A01,7220204,,,7.8,8.6,,,,7.5,,,ttth,1,8
A00,7340101,,,,5.75,,,,7.5,8.6,,ttth,2,1
D01,7340115,7.4,,7.6,8.25,,,,,,,ttth,3,1
D07,7480201,,,8.0,7.6,,,,,7.75,,ttth,16,0
A00,7340115,,,,7.75,,,,8.0,8.2,,ttth,3,1
D01,7810201,7.75,,9.0,7.4,,,,,,,ttth,34,4
D01,7460108,5.0,,7.2,7.75,,,,,,,ttth,14,0
D07,7540101,,,7.6,7.75,,,,,7.2,,ttth,28,7
A00,7340301,,,,7.25,,,,7.5,7.6,,ttth,10,2
D01,7480201,5.4,,7.8,9.25,,,,,,,ttth,16,0
D01,7810202,7.75,,8.6,6.6,,,,,,,ttth,35,4
D01,7810202,7.2,,7.2,8.0,,,,,,,ttth,35,4
D01,7340115,8.0,,7.2,7.75,,,,,,,ttth,3,1
D01,7340120,7.6,,7.8,8.0,,,,,,,ttth,4,1
A00,7850101,,,,7.0,,,,6.0,6.0,,ttth,38,7
A00,7340301,,,,8.25,,,,8.0,8.2,,ttth,10,2
A00,7460108,,,,7.25,,,,7.25,7.8,,ttth,14,0
D01,7810201,5.8,,6.6,7.5,,,,,,,ttth,34,4
D01,7510301,8.4,,7.2,6.25,,,,,,,ttth,20,5
D01,7340120,6.25,,9.4,7.4,,,,,,,ttth,4,1
A01,7340115,,,7.6,7.5,,,,7.2,,,ttth,3,1
D01,7340129,8.0,,8.0,7.2,,,,,,,ttth,7,7
A00,7340123,,,,5.75,,,,6.25,6.6,,ttth,6,3
B00,7540101,,,,7.8,,,,,8.25,8.25,ttth,28,7
A00,7520115,,,,6.0,,,,7.25,7.0,,ttth,27,6
A00,7510303,,,,7.6,,,,6.25,6.5,,ttth,21,5
A00,7540105,,,,6.0,,,,8.25,7.6,,ttth,29,7
A00,7340120,,,,8.4,,,,7.75,8.0,,ttth,4,1
A00,7510301,,,,7.6,,,,6.5,7.75,,ttth,20,5
D01,7340201,5.0,,7.6,8.0,,,,,,,ttth,8,2
B00,7510401,,,,8.0,,,,,6.75,8.0,ttth,22,6
A00,7480202,,,,7.8,,,,5.5,8.25,,ttth,17,0
A01,7480202,,,7.2,7.75,,,,8.0,,,ttth,17,0
A00,7340101,,,,8.0,,,,7.75,8.25,,ttth,2,1
A00,7480201,,,,7.0,,,,7.5,8.6,,ttth,16,0
A01,7810103,,,8.0,8.0,,,,7.2,,,ttth,33,4
D01,7810103,6.4,,6.6,6.5,,,,,,,ttth,33,4
D01,7480201,8.0,,7.0,8.25,,,,,,,ttth,16,0
A00,7510202,,,,6.6,,,,6.5,4.75,,ttth,18,5
D01,7810201,7.6,,7.8,7.0,,,,,,,ttth,34,4
A01,7480201,,,7.6,7.5,,,,7.6,,,ttth,16,0
A01,7220201,,,8.8,8.4,,,,6.75,,,ttth,0,8
D07,7510401,,,7.4,8.0,,,,,6.6,,ttth,22,6
D01,7340101,8.6,,7.6,7.5,,,,,,,ttth,2,1
D01,7220201,8.0,,8.0,7.8,,,,,,,ttth,0,8
D09,7220201,,,8.2,7.8,,,8.25,,,,ttth,0,8
A01,7510301,,,6.6,7.6,,,,4.25,,,ttth,20,5
D01,7220204,7.5,,9.4,8.0,,,,,,,ttth,1,8
B00,7819009,,,,6.0,,,,,5.75,6.2,ttth,36,4
A00,7540101,,,,7.75,,,,8.5,8.0,,ttth,28,7
D01,7510301,6.8,,7.4,7.0,,,,,,,ttth,20,5
D01,7810103,6.6,,6.8,5.75,,,,,,,ttth,33,4
D07,7340205,,,7.0,7.25,,,,,6.4,,ttth,9,2
A00,7340115,,,,7.75,,,,8.0,7.8,,ttth,3,1
A01,7340120,,,7.0,6.75,,,,7.6,,,ttth,4,1
D01,7810103,8.0,,6.2,8.2,,,,,,,ttth,33,4
D01,7340205,6.6,,7.2,7.0,,,,,,,ttth,9,2
D01,7480202,6.5,,8.4,7.8,,,,,,,ttth,17,0
D01,7220201,6.75,,9.2,6.8,,,,,,,ttth,0,8
D01,7510301,6.25,,4.6,6.0,,,,,,,ttth,20,5
D01,7340120,7.6,,7.4,8.25,,,,,,,ttth,4,1
A01,7510203,,,4.6,6.2,,,,6.25,,,ttth,19,5
D01,7510301,4.8,,8.2,6.25,,,,,,,ttth,20,5
D01,7340301,7.0,,8.8,9.2,,,,,,,ttth,10,2
D01,7510303,7.0,,6.0,8.4,,,,,,,ttth,21,5
D01,7340301,7.4,,7.2,9.0,,,,,,,ttth,10,2
A00,7380107,,,,6.8,,,,7.0,7.75,,ttth,12,8
A00,7340120,,,,7.5,,,,8.25,7.8,,ttth,4,1
D07,7480202,,,7.2,8.25,,,,,7.4,,ttth,17,0
A00,7480201,,,,8.0,,,,6.25,7.5,,ttth,16,0
A00,7540106,,,,7.4,,,,6.5,7.75,,ttth,30,7
A00,7340301,,,,5.75,,,,8.25,8.0,,ttth,10,2
D01,7340120,8.0,,6.8,8.75,,,,,,,ttth,4,1
D01,7220204,6.0,,6.8,9.25,,,,,,,ttth,1,8
D07,7480201,,,8.6,8.0,,,,,7.25,,ttth,16,0
A00,7340120,,,,8.0,,,,7.25,7.75,,ttth,4,1
D01,7480202,5.5,,8.2,6.8,,,,,,,ttth,17,0
D07,7510203,,,7.6,7.0,,,,,5.8,,ttth,19,5
B00,7540101,,,,8.0,,,,,8.0,8.2,ttth,28,7
A00,7480202,,,,5.5,,,,6.0,5.8,,ttth,17,0
A00,7340101,,,,7.75,,,,8.0,7.6,,ttth,2,1
A00,7540106,,,,7.0,,,,5.5,6.25,,ttth,30,7
D01,7510203,6.0,,6.2,8.4,,,,,,,ttth,19,5
A00,7510202,,,,7.5,,,,6.0,8.4,,ttth,18,5
D07,7540106,,,8.6,7.8,,,,,7.5,,ttth,30,7
A00,7510202,,,,7.8,,,,6.0,8.0,,ttth,18,5
B00,7540101,,,,7.75,,,,,7.75,5.8,ttth,28,7
A01,7480201,,,8.8,8.6,,,,7.75,,,ttth,16,0
A00,7540106,,,,8.0,,,,6.5,7.25,,ttth,30,7
D01,7340120,7.4,,7.2,8.5,,,,,,,ttth,4,1
A00,7540101,,,,6.0,,,,8.0,7.0,,ttth,28,7
A00,7340115,,,,8.25,,,,8.5,8.0,,ttth,3,1
A00,7340301,,,,7.75,,,,7.75,8.2,,ttth,10,2
D01,7510202,5.2,,6.6,6.75,,,,,,,ttth,18,5
A01,7340101,,,9.4,7.4,,,,7.5,,,ttth,2,1
D01,7540204,5.8,,7.2,7.0,,,,,,,ttth,31,6
A01,7810201,,,8.0,7.8,,,,6.75,,,ttth,34,4
A01,7340120,,,7.8,7.5,,,,8.8,,,ttth,4,1
D07,7540106,,,7.2,6.6,,,,,6.25,,ttth,30,7
A00,7480201,,,,6.75,,,,8.0,7.0,,ttth,16,0
D07,7540101,,,8.8,7.0,,,,,7.0,,ttth,28,7
A01,7510303,,,6.4,6.0,,,,6.6,,,ttth,21,5
D07,7540106,,,7.6,8.25,,,,,7.4,,ttth,30,7
D01,7460108,4.0,,5.6,7.5,,,,,,,ttth,14,0
D01,7380107,7.25,,8.6,7.6,,,,,,,ttth,12,8
A00,7340201,,,,8.0,,,,7.75,8.0,,ttth,8,2
A00,7460108,,,,6.0,,,,7.0,7.2,,ttth,14,0
D07,7510401,,,6.2,6.8,,,,,6.5,,ttth,22,6
D01,7480201,7.8,,7.2,6.25,,,,,,,ttth,16,0
A01,7340120,,,8.6,8.0,,,,7.5,,,ttth,4,1
A00,7340101,,,,8.2,,,,7.75,8.25,,ttth,2,1
A00,7340122,,,,7.5,,,,7.5,7.6,,ttth,5,1
D01,7340201,7.8,,7.6,7.5,,,,,,,ttth,8,2
D01,7480202,4.2,,7.2,7.5,,,,,,,ttth,17,0
A00,7340201,,,,6.5,,,,6.25,7.6,,ttth,8,2
A01,7540101,,,8.8,8.0,,,,8.25,,,ttth,28,7
D01,7510202,4.8,,4.6,7.0,,,,,,,ttth,18,5
D01,7340101,7.2,,8.6,7.25,,,,,,,ttth,2,1
A00,7540101,,,,8.25,,,,7.5,6.8,,ttth,28,7
D01,7340101,7.8,,6.6,7.25,,,,,,,ttth,2,1
A00,7510303,,,,6.0,,,,8.0,7.6,,ttth,21,5
A00,7540101,,,,7.0,,,,7.0,7.4,,ttth,28,7
A00,7340122,,,,7.75,,,,7.25,7.8,,ttth,5,1
D01,7510202,7.6,,6.2,5.5,,,,,,,ttth,18,5
A00,7340201,,,,8.0,,,,7.5,7.0,,ttth,8,2
A01,7510301,,,7.6,7.0,,,,7.2,,,ttth,20,5
D01,7340123,5.0,,8.0,6.5,,,,,,,ttth,6,3
D01,7510301,6.5,,4.0,7.6,,,,,,,ttth,20,5
A00,7340301,,,,6.75,,,,8.0,9.0,,ttth,10,2
A00,7480201,,,,6.5,,,,6.5,7.8,,ttth,16,0
A01,7540101,,,8.6,9.0,,,,8.75,,,ttth,28,7
A00,7510202,,,,4.25,,,,6.5,6.4,,ttth,18,5
A01,7850101,,,4.0,6.6,,,,5.5,,,ttth,38,7
B00,7420201,,,,7.0,,,,,7.25,7.4,ttth,13,7
A00,7480202,,,,7.0,,,,6.5,6.6,,ttth,17,0
A00,7540204,,,,7.8,,,,5.5,6.0,,ttth,31,6
A00,7340120,,,,8.25,,,,8.25,7.4,,ttth,4,1
D01,7340301,6.4,,6.8,6.75,,,,,,,ttth,10,2
A00,7480201,,,,8.2,,,,7.0,8.25,,ttth,16,0
D15,7810202,7.5,4.8,7.25,,,,,,,,ttth,35,4
D01,7510203,7.0,,4.4,7.2,,,,,,,ttth,19,5
A00,7810202,,,,7.5,,,,7.25,7.6,,ttth,35,4
D01,7340120,7.8,,7.4,7.75,,,,,,,ttth,4,1
A00,7340120,,,,7.25,,,,8.5,7.8,,ttth,4,1
D15,7810202,8.25,7.0,7.0,,,,,,,,ttth,35,4
D01,7810103,5.8,,7.6,6.5,,,,,,,ttth,33,4
D01,7340123,5.4,,7.4,6.5,,,,,,,ttth,6,3
D01,7340101,6.6,,7.4,8.0,,,,,,,ttth,2,1
D09,7220201,,,5.8,8.25,,,7.0,,,,ttth,0,8
A00,7340120,,,,6.25,,,,7.75,7.4,,ttth,4,1
D01,7480202,5.5,,3.6,6.6,,,,,,,ttth,17,0
D01,7340120,7.4,,6.8,7.75,,,,,,,ttth,4,1
D01,7380107,4.4,,7.6,8.5,,,,,,,ttth,12,8
D01,7340301,4.6,,6.0,9.25,,,,,,,ttth,10,2
A00,7340205,,,,6.75,,,,7.75,7.8,,ttth,9,2
D01,7380107,7.0,,7.4,5.25,,,,,,,ttth,12,8
A00,7540101,,,,8.25,,,,7.75,8.6,,ttth,28,7
A01,7480201,,,9.6,7.6,,,,6.75,,,ttth,16,0
A00,7340115,,,,7.75,,,,8.25,8.0,,ttth,3,1
D07,7540101,,,8.2,7.25,,,,,8.2,,ttth,28,7
D01,7520115,7.4,,5.2,7.5,,,,,,,ttth,27,6
D01,7810201,8.75,,6.4,7.6,,,,,,,ttth,34,4
D01,7480202,6.75,,4.6,6.8,,,,,,,ttth,17,0
A01,7340115,,,7.4,7.0,,,,8.8,,,ttth,3,1
D01,7540204,7.75,,6.0,5.6,,,,,,,ttth,31,6
D01,7340301,7.2,,6.8,7.5,,,,,,,ttth,10,2
D01,7510203,6.5,,8.8,7.4,,,,,,,ttth,19,5
D01,7480201,7.0,,8.8,7.2,,,,,,,ttth,16,0
D01,7510203,5.5,,4.2,8.4,,,,,,,ttth,19,5
D01,7340201,9.0,,8.2,7.6,,,,,,,ttth,8,2
A01,7340201,,,8.0,7.5,,,,7.6,,,ttth,8,2
D01,7340101,8.0,,7.8,8.0,,,,,,,ttth,2,1
A01,7480201,,,7.6,7.8,,,,7.5,,,ttth,16,0
B00,7850101,,,,7.25,,,,,6.25,7.4,ttth,38,7
D01,7340101,8.5,,7.2,7.8,,,,,,,ttth,2,1
A00,7340101,,,,8.0,,,,7.75,7.8,,ttth,2,1
A01,7220201,,,8.0,7.6,,,,8.25,,,ttth,0,8
D07,7480201,,,8.4,8.6,,,,,7.25,,ttth,16,0
A01,7340115,,,8.4,7.0,,,,6.6,,,ttth,3,1
A00,7480201,,,,7.25,,,,7.75,6.4,,ttth,16,0
D07,7480201,,,8.0,8.5,,,,,7.8,,ttth,16,0
A00,7540101,,,,6.75,,,,7.75,8.2,,ttth,28,7
D01,7380107,4.2,,7.2,7.75,,,,,,,ttth,12,8
A00,7340201,,,,8.25,,,,7.0,8.0,,ttth,8,2
B00,7540101,,,,8.2,,,,,8.0,8.0,ttth,28,7
D01,7340301,7.4,,6.2,8.0,,,,,,,ttth,10,2
A00,7540106,,,,8.0,,,,6.75,8.2,,ttth,30,7
D01,7340201,5.0,,7.0,8.25,,,,,,,ttth,8,2
A00,7510202,,,,6.75,,,,7.25,8.0,,ttth,18,5
A00,7540204,,,,6.8,,,,5.5,6.25,,ttth,31,6
D01,7810201,8.0,,6.6,7.2,,,,,,,ttth,34,4
D01,7340301,7.0,,7.6,8.0,,,,,,,ttth,10,2
D07,7480201,,,7.6,7.25,,,,,6.8,,ttth,16,0
D01,7460108,6.4,,6.8,6.75,,,,,,,ttth,14,0
D01,7340101,6.8,,8.0,6.75,,,,,,,ttth,2,1
A00,7540101,,,,8.2,,,,7.0,8.75,,ttth,28,7
D01,7480202,6.0,,6.2,5.8,,,,,,,ttth,17,0
A01,7340301,,,8.2,6.5,,,,6.6,,,ttth,10,2
B00,7510401,,,,7.2,,,,,6.75,6.0,ttth,22,6
A00,7340120,,,,8.0,,,,8.5,8.0,,ttth,4,1
A00,7510401,,,,6.25,,,,7.5,6.6,,ttth,22,6
D01,7340120,7.2,,7.6,8.5,,,,,,,ttth,4,1
A01,7340301,,,8.4,7.4,,,,7.5,,,ttth,10,2
A00,7480201,,,,8.2,,,,6.25,8.0,,ttth,16,0
D01,7220204,7.2,,7.0,8.75,,,,,,,ttth,1,8
A00,7340115,,,,8.0,,,,7.5,7.6,,ttth,3,1
A00,7510203,,,,6.75,,,,7.25,7.8,,ttth,19,5
D01,7220204,6.6,,7.4,9.0,,,,,,,ttth,1,8
D15,7810202,7.25,5.8,6.25,,,,,,,,ttth,35,4
A00,7340201,,,,8.6,,,,7.0,7.0,,ttth,8,2
A00,7340129,,,,6.5,,,,7.25,7.6,,ttth,7,7
A00,7540106,,,,7.4,,,,6.5,6.25,,ttth,30,7
A01,7340115,,,9.0,8.8,,,,7.5,,,ttth,3,1
D01,7340115,8.2,,7.6,8.25,,,,,,,ttth,3,1
A00,7480202,,,,8.0,,,,7.5,7.4,,ttth,17,0
D01,7220201,6.25,,9.0,7.6,,,,,,,ttth,0,8
A00,7340201,,,,5.5,,,,8.5,8.0,,ttth,8,2
D15,7380107,7.5,6.8,7.75,,,,,,,,ttth,12,8
A00,7340201,,,,7.0,,,,6.75,7.8,,ttth,8,2
A00,7810201,,,,6.5,,,,7.5,7.4,,ttth,34,4
A00,7340120,,,,8.0,,,,8.25,8.2,,ttth,4,1
D01,7510303,5.0,,7.8,7.4,,,,,,,ttth,21,5
D15,7380107,7.0,5.8,7.5,,,,,,,,ttth,12,8
D01,7460108,4.4,,5.6,8.25,,,,,,,ttth,14,0
A00,7810103,,,,8.0,,,,6.5,7.5,,ttth,33,4
A00,7340115,,,,7.75,,,,7.75,8.2,,ttth,3,1
A01,7380107,,,7.6,8.2,,,,6.5,,,ttth,12,8
D01,7340115,6.8,,7.6,8.25,,,,,,,ttth,3,1
A01,7480201,,,7.6,7.5,,,,8.0,,,ttth,16,0
B00,7420201,,,,6.5,,,,,7.0,7.4,ttth,13,7
A00,7460108,,,,5.75,,,,4.5,7.4,,ttth,14,0
D01,7340201,6.0,,6.4,8.0,,,,,,,ttth,8,2
A00,7510401,,,,6.0,,,,5.25,5.75,,ttth,22,6
D01,7340201,5.4,,7.6,7.5,,,,,,,ttth,8,2
A00,7850101,,,,6.5,,,,6.5,7.8,,ttth,38,7
A00,7520115,,,,7.75,,,,5.25,7.0,,ttth,27,6
A00,7340101,,,,7.0,,,,7.0,7.4,,ttth,2,1
D01,7340101,7.75,,8.2,7.6,,,,,,,ttth,2,1
A00,7510301,,,,7.4,,,,7.0,7.0,,ttth,20,5
B00,7540106,,,,7.8,,,,,7.0,7.75,ttth,30,7
D07,7480201,,,7.8,7.0,,,,,8.4,,ttth,16,0
A00,7340301,,,,7.8,,,,7.0,7.75,,ttth,10,2
D01,7380107,7.0,,8.2,6.6,,,,,,,ttth,12,8
D01,7810202,7.2,,6.6,5.75,,,,,,,ttth,35,4
D01,7810201,7.4,,7.4,8.0,,,,,,,ttth,34,4
A01,7340115,,,8.4,7.6,,,,8.0,,,ttth,3,1
A00,7340301,,,,6.25,,,,6.25,7.0,,ttth,10,2
D01,7340120,8.4,,7.2,8.25,,,,,,,ttth,4,1
D07,7819009,,,7.6,7.75,,,,,8.2,,ttth,36,4
A00,7540101,,,,8.5,,,,7.0,7.4,,ttth,28,7
D01,7340101,6.2,,7.8,8.25,,,,,,,ttth,2,1
D01,7220201,8.0,,7.8,8.4,,,,,,,ttth,0,8
A01,7510401,,,6.4,7.8,,,,6.75,,,ttth,22,6
D01,7340205,7.8,,7.2,8.75,,,,,,,ttth,9,2
D01,7220204,7.8,,8.0,8.25,,,,,,,ttth,1,8
A01,7220201,,,8.0,7.5,,,,9.2,,,ttth,0,8
A00,7540101,,,,6.75,,,,7.5,7.2,,ttth,28,7
D01,7340122,6.4,,7.2,8.0,,,,,,,ttth,5,1
D01,7460108,5.6,,6.0,8.25,,,,,,,ttth,14,0
A01,7340115,,,7.8,7.5,,,,8.8,,,ttth,3,1
A00,7340120,,,,6.5,,,,7.5,7.6,,ttth,4,1
A00,7340122,,,,7.25,,,,7.5,7.8,,ttth,5,1
D01,7540204,5.75,,3.8,7.4,,,,,,,ttth,31,6
A00,7810103,,,,7.75,,,,6.75,8.6,,ttth,33,4
D01,7480201,7.8,,7.8,7.0,,,,,,,ttth,16,0
D01,7220201,7.75,,9.0,7.8,,,,,,,ttth,0,8
A00,7480202,,,,8.2,,,,6.5,7.25,,ttth,17,0
A00,7810202,,,,6.5,,,,6.75,6.8,,ttth,35,4
A00,7480202,,,,5.25,,,,6.75,7.4,,ttth,17,0
A00,7340120,,,,6.5,,,,7.25,7.4,,ttth,4,1
D01,7480201,9.0,,7.2,6.75,,,,,,,ttth,16,0
D01,7340120,7.0,,8.4,8.25,,,,,,,ttth,4,1
A00,7340120,,,,6.0,,,,7.75,7.4,,ttth,4,1
D01,7340129,8.0,,6.6,6.8,,,,,,,ttth,7,7
A00,7340201,,,,6.75,,,,7.25,6.6,,ttth,8,2
D15,7810103,8.0,5.8,6.0,,,,,,,,ttth,33,4
D01,7340101,6.6,,7.4,7.0,,,,,,,ttth,2,1
A00,7340129,,,,7.0,,,,7.5,5.6,,ttth,7,7
A01,7340301,,,7.8,7.25,,,,6.4,,,ttth,10,2
A00,7510303,,,,6.75,,,,5.75,7.2,,ttth,21,5
D01,7340120,8.25,,7.2,7.8,,,,,,,ttth,4,1
A00,7340201,,,,8.0,,,,7.0,8.25,,ttth,8,2
D01,7340301,8.25,,7.2,8.4,,,,,,,ttth,10,2
D01,7340101,7.0,,8.4,8.2,,,,,,,ttth,2,1
A01,7480201,,,9.4,7.8,,,,7.25,,,ttth,16,0
A00,7480201,,,,8.75,,,,7.5,7.4,,ttth,16,0
A00,7340120,,,,7.75,,,,8.5,7.6,,ttth,4,1
D07,7540101,,,7.4,6.0,,,,,8.6,,ttth,28,7
D01,7340129,7.2,,6.8,8.0,,,,,,,ttth,7,7
A00,7810202,,,,7.8,,,,7.5,8.0,,ttth,35,4
D01,7480201,9.4,,7.4,5.5,,,,,,,ttth,16,0
A00,7340122,,,,8.0,,,,7.5,8.0,,ttth,5,1
D01,7510202,4.2,,6.8,6.75,,,,,,,ttth,18,5
A00,7540101,,,,7.8,,,,8.25,8.0,,ttth,28,7
A00,7480201,,,,7.25,,,,8.0,8.6,,ttth,16,0
A01,7510303,,,7.0,7.25,,,,7.8,,,ttth,21,5
D01,7510203,7.5,,3.2,7.2,,,,,,,ttth,19,5
D07,7540101,,,9.2,8.6,,,,,7.5,,ttth,28,7
A00,7340301,,,,8.2,,,,6.5,8.0,,ttth,10,2
D01,7220201,8.2,,5.6,7.75,,,,,,,ttth,0,8
A00,7480201,,,,7.25,,,,7.5,7.8,,ttth,16,0
D07,7540101,,,7.6,7.5,,,,,7.8,,ttth,28,7
A00,7510202,,,,4.5,,,,5.75,6.8,,ttth,18,5
A00,7510301,,,,7.0,,,,6.5,8.6,,ttth,20,5
D15,7810103,7.25,7.0,6.5,,,,,,,,ttth,33,4
A01,7810202,,,8.2,6.5,,,,7.8,,,ttth,35,4
D01,7510303,8.5,,6.6,7.8,,,,,,,ttth,21,5
D01,7510203,6.4,,7.6,6.0,,,,,,,ttth,19,5
D01,7220201,7.5,,9.0,7.8,,,,,,,ttth,0,8
D07,7540106,,,7.8,7.5,,,,,7.6,,ttth,30,7
A00,7810201,,,,5.75,,,,6.25,7.2,,ttth,34,4
A01,7480201,,,7.2,7.25,,,,7.6,,,ttth,16,0
D01,7340120,7.6,,7.6,7.75,,,,,,,ttth,4,1
D01,7810202,6.4,,6.4,8.0,,,,,,,ttth,35,4
A01,7340115,,,7.8,7.25,,,,7.8,,,ttth,3,1
A00,7340101,,,,8.6,,,,7.75,7.5,,ttth,2,1
D01,7380107,7.2,,5.8,6.25,,,,,,,ttth,12,8
D01,7510202,4.0,,6.4,6.75,,,,,,,ttth,18,5
A01,7480201,,,8.6,8.0,,,,7.25,,,ttth,16,0
D01,7220201,7.4,,8.6,7.0,,,,,,,ttth,0,8
A01,7220201,,,8.4,7.4,,,,7.0,,,ttth,0,8
A00,7819010,,,,6.0,,,,6.0,5.2,,ttth,37,4
A00,7340205,,,,6.75,,,,7.25,5.6,,ttth,9,2
D01,7340201,6.75,,8.6,7.4,,,,,,,ttth,8,2
D07,7540106,,,6.6,7.6,,,,,7.0,,ttth,30,7
A00,7510202,,,,6.4,,,,5.0,5.25,,ttth,18,5
D01,7220201,6.75,,7.6,8.4,,,,,,,ttth,0,8
D01,7340115,8.75,,9.0,6.6,,,,,,,ttth,3,1
A01,7480201,,,9.0,7.8,,,,6.25,,,ttth,16,0
A00,7380107,,,,7.2,,,,7.75,7.25,,ttth,12,8
A00,7480202,,,,7.6,,,,5.75,5.25,,ttth,17,0
D01,7340301,7.4,,6.6,8.0,,,,,,,ttth,10,2
D01,7510202,4.6,,7.8,6.0,,,,,,,ttth,18,5
A00,7340115,,,,7.25,,,,8.25,8.2,,ttth,3,1
D07,7540101,,,9.0,8.2,,,,,7.75,,ttth,28,7
A00,7540106,,,,7.25,,,,6.25,7.0,,ttth,30,7
A00,7480201,,,,7.0,,,,8.0,7.2,,ttth,16,0
A00,7510203,,,,6.5,,,,6.75,6.4,,ttth,19,5
D01,7480202,8.4,,6.8,7.0,,,,,,,ttth,17,0
B00,7420201,,,,7.6,,,,,7.75,7.75,ttth,13,7
A01,7340115,,,8.2,7.75,,,,8.4,,,ttth,3,1
D01,7510301,4.5,,5.0,7.0,,,,,,,ttth,20,5
A00,7480201,,,,7.6,,,,7.5,8.25,,ttth,16,0
B00,7420201,,,,8.25,,,,,8.0,7.6,ttth,13,7
A00,7480202,,,,5.5,,,,6.75,6.8,,ttth,17,0
D07,7510203,,,6.8,6.5,,,,,8.0,,ttth,19,5
A01,7510301,,,7.8,6.5,,,,7.4,,,ttth,20,5
A01,7510203,,,7.0,5.8,,,,6.0,,,ttth,19,5
D07,7540101,,,8.4,8.8,,,,,8.5,,ttth,28,7
A00,7540204,,,,8.4,,,,7.5,7.0,,ttth,31,6
A00,7340115,,,,8.4,,,,7.75,8.75,,ttth,3,1
A01,7480201,,,7.4,8.2,,,,7.5,,,ttth,16,0
A00,7340201,,,,7.75,,,,6.75,8.2,,ttth,8,2
A00,7540101,,,,7.5,,,,6.75,8.2,,ttth,28,7
D01,7340101,5.8,,7.6,9.25,,,,,,,ttth,2,1
D01,7340120,6.4,,7.8,8.25,,,,,,,ttth,4,1
B00,7540101,,,,7.75,,,,,6.25,7.2,ttth,28,7
D01,7480201,6.25,,9.0,8.2,,,,,,,ttth,16,0
D01,7220201,7.8,,7.4,8.25,,,,,,,ttth,0,8
A01,7480201,,,8.6,7.6,,,,6.25,,,ttth,16,0
A00,7510301,,,,7.2,,,,7.0,5.0,,ttth,20,5
A00,7340123,,,,7.5,,,,6.0,6.8,,ttth,6,3
D01,7510202,6.75,,4.2,7.6,,,,,,,ttth,18,5
A01,7340301,,,8.6,7.8,,,,6.75,,,ttth,10,2
A00,7340301,,,,7.75,,,,8.25,7.8,,ttth,10,2
D07,7480202,,,6.0,7.25,,,,,5.6,,ttth,17,0
A00,7340301,,,,7.5,,,,7.25,7.8,,ttth,10,2
A01,7340301,,,8.0,7.6,,,,7.25,,,ttth,10,2
D15,7380107,6.5,6.2,6.5,,,,,,,,ttth,12,8
A00,7540106,,,,6.25,,,,6.5,7.4,,ttth,30,7
D15,7380107,7.75,6.8,8.0,,,,,,,,ttth,12,8
D01,7510202,6.75,,3.8,8.2,,,,,,,ttth,18,5
D01,7340129,7.0,,5.2,8.0,,,,,,,ttth,7,7
D07,7480201,,,7.4,8.5,,,,,8.0,,ttth,16,0
B00,7420201,,,,7.4,,,,,7.5,6.75,ttth,13,7
A01,7810202,,,7.6,6.5,,,,6.8,,,ttth,35,4
A01,7340123,,,7.2,7.2,,,,6.5,,,ttth,6,3
D01,7340115,6.6,,8.0,8.5,,,,,,,ttth,3,1
A00,7340120,,,,7.5,,,,8.25,6.4,,ttth,4,1
D01,7540204,5.5,,5.6,6.8,,,,,,,ttth,31,6
A01,7510301,,,6.6,8.0,,,,7.25,,,ttth,20,5
D01,7510203,5.2,,7.2,7.25,,,,,,,ttth,19,5
D01,7220201,7.0,,9.4,7.6,,,,,,,ttth,0,8
D01,7540204,4.6,,5.8,6.75,,,,,,,ttth,31,6
D01,7510301,7.6,,7.0,7.75,,,,,,,ttth,20,5
D01,7220204,7.5,,8.4,7.2,,,,,,,ttth,1,8
D01,7510301,6.75,,5.2,8.2,,,,,,,ttth,20,5
B00,7540106,,,,6.5,,,,,6.25,7.8,ttth,30,7
A00,7340301,,,,5.5,,,,7.0,8.0,,ttth,10,2
A00,7540106,,,,6.5,,,,6.75,7.2,,ttth,30,7
A00,7340122,,,,8.25,,,,7.0,7.6,,ttth,5,1
D01,7510202,6.5,,7.6,6.2,,,,,,,ttth,18,5
D01,7220204,7.8,,7.6,9.0,,,,,,,ttth,1,8
D01,7340301,6.0,,7.6,7.0,,,,,,,ttth,10,2
D07,7480201,,,7.0,7.75,,,,,7.2,,ttth,16,0
B00,7510401,,,,8.25,,,,,7.25,7.8,ttth,22,6
D01,7340120,6.2,,7.2,8.25,,,,,,,ttth,4,1
A01,7340201,,,8.2,7.6,,,,7.75,,,ttth,8,2
D01,7460108,6.2,,7.0,7.75,,,,,,,ttth,14,0
A00,7510202,,,,6.5,,,,6.25,6.0,,ttth,18,5
A00,7819009,,,,5.25,,,,7.25,7.6,,ttth,36,4
A01,7340201,,,8.2,8.4,,,,6.75,,,ttth,8,2
B00,7540101,,,,8.0,,,,,8.0,8.75,ttth,28,7
D07,7480201,,,8.2,7.6,,,,,7.75,,ttth,16,0
A00,7510202,,,,5.0,,,,5.75,7.6,,ttth,18,5
A00,7380107,,,,5.5,,,,7.25,7.8,,ttth,12,8
D01,7340123,5.8,,5.8,6.25,,,,,,,ttth,6,3
D01,7340129,6.2,,7.4,8.0,,,,,,,ttth,7,7
A00,7340120,,,,7.75,,,,7.25,8.2,,ttth,4,1
A00,7540105,,,,8.2,,,,7.75,7.5,,ttth,29,7
D15,7810202,6.25,5.8,6.25,,,,,,,,ttth,35,4
A00,7420201,,,,8.4,,,,7.0,7.25,,ttth,13,7
A00,7340115,,,,7.75,,,,8.5,7.2,,ttth,3,1
B00,7420201,,,,7.25,,,,,6.5,7.0,ttth,13,7
A01,7340201,,,9.0,8.4,,,,6.75,,,ttth,8,2
D07,7510401,,,7.2,7.25,,,,,7.2,,ttth,22,6
A00,7480201,,,,8.5,,,,8.5,7.8,,ttth,16,0
D01,7340129,7.0,,5.8,7.4,,,,,,,ttth,7,7
A00,7540106,,,,7.25,,,,7.75,5.6,,ttth,30,7
A00,7340120,,,,6.5,,,,8.75,8.4,,ttth,4,1
A00,7819010,,,,8.0,,,,8.25,6.8,,ttth,37,4
A00,7340120,,,,8.6,,,,7.0,8.0,,ttth,4,1
D01,7460108,4.8,,6.6,8.25,,,,,,,ttth,14,0
A00,7510203,,,,6.0,,,,6.5,8.8,,ttth,19,5
B00,7420201,,,,7.0,,,,,6.5,6.6,ttth,13,7
D01,7340129,5.25,,6.4,8.2,,,,,,,ttth,7,7
D01,7810201,4.6,,6.4,7.0,,,,,,,ttth,34,4
A01,7220201,,,8.0,9.0,,,,9.0,,,ttth,0,8
D01,7510301,8.2,,7.8,6.5,,,,,,,ttth,20,5
D07,7480201,,,8.2,8.2,,,,,6.5,,ttth,16,0
D01,7810103,7.5,,8.2,6.6,,,,,,,ttth,33,4
A00,7340129,,,,8.0,,,,7.5,7.4,,ttth,7,7
D01,7220204,6.4,,7.8,7.25,,,,,,,ttth,1,8
A00,7850101,,,,6.8,,,,5.0,4.75,,ttth,38,7
D01,7340122,8.2,,7.8,6.5,,,,,,,ttth,5,1
D07,7510401,,,7.6,7.6,,,,,6.0,,ttth,22,6
D01,7810103,7.0,,7.6,8.25,,,,,,,ttth,33,4
D01,7340101,8.2,,8.2,7.0,,,,,,,ttth,2,1
A00,7480201,,,,7.5,,,,8.25,7.2,,ttth,16,0
D01,7340120,7.0,,8.2,8.25,,,,,,,ttth,4,1
D01,7220201,8.8,,7.2,7.5,,,,,,,ttth,0,8
D01,7810202,6.8,,7.0,6.0,,,,,,,ttth,35,4
A01,7340301,,,8.4,8.0,,,,7.75,,,ttth,10,2
A00,7480202,,,,8.25,,,,6.75,8.0,,ttth,17,0
D01,7510203,6.0,,4.2,5.8,,,,,,,ttth,19,5
A00,7380107,,,,8.0,,,,7.25,7.25,,ttth,12,8
B00,7819009,,,,6.0,,,,,6.0,7.2,ttth,36,4
D01,7340115,6.4,,8.8,7.5,,,,,,,ttth,3,1
D07,7510401,,,6.4,6.25,,,,,5.6,,ttth,22,6
D01,7340301,6.4,,7.8,7.75,,,,,,,ttth,10,2
D09,7220204,,,7.8,7.25,,,6.2,,,,ttth,1,8
D01,7480202,7.25,,6.0,7.4,,,,,,,ttth,17,0
A00,7480201,,,,6.75,,,,8.5,8.0,,ttth,16,0
A00,7480201,,,,7.5,,,,8.0,7.4,,ttth,16,0
A00,7340301,,,,6.5,,,,7.5,7.6,,ttth,10,2
A01,7480202,,,7.8,7.8,,,,4.0,,,ttth,17,0
A01,7540101,,,7.6,8.0,,,,8.0,,,ttth,28,7
A00,7380107,,,,8.0,,,,6.25,7.25,,ttth,12,8
A00,7340201,,,,7.5,,,,7.0,7.0,,ttth,8,2
D01,7220204,8.2,,7.0,7.75,,,,,,,ttth,1,8
A01,7540101,,,9.4,8.0,,,,6.75,,,ttth,28,7
A01,7340120,,,7.6,8.0,,,,7.4,,,ttth,4,1
A00,7510301,,,,8.2,,,,5.75,7.75,,ttth,20,5
D01,7480201,7.0,,6.8,8.0,,,,,,,ttth,16,0
A00,7340123,,,,5.25,,,,6.25,8.0,,ttth,6,3
A01,7380107,,,8.8,7.0,,,,6.75,,,ttth,12,8
A00,7340301,,,,7.0,,,,6.5,7.2,,ttth,10,2
A00,7340101,,,,6.5,,,,8.5,8.2,,ttth,2,1
D07,7540101,,,8.0,8.2,,,,,7.75,,ttth,28,7
D01,7480202,6.0,,4.8,6.0,,,,,,,ttth,17,0
A01,7480201,,,8.0,8.5,,,,7.6,,,ttth,16,0
A00,7510406,,,,4.0,,,,5.75,6.0,,ttth,24,7
A00,7510402,,,,6.75,,,,6.25,4.8,,ttth,23,6
D01,7810202,8.5,,8.2,7.2,,,,,,,ttth,35,4
D01,7340115,8.4,,8.2,8.0,,,,,,,ttth,3,1
D01,7220204,8.0,,7.2,8.5,,,,,,,ttth,1,8
A00,7340115,,,,8.6,,,,8.25,8.0,,ttth,3,1
D01,7220204,8.0,,6.8,7.6,,,,,,,ttth,1,8
D01,7510301,6.75,,4.4,6.0,,,,,,,ttth,20,5
A01,7340101,,,8.0,7.8,,,,7.25,,,ttth,2,1
A00,7340201,,,,7.0,,,,7.25,8.0,,ttth,8,2
A01,7480201,,,8.0,6.8,,,,7.75,,,ttth,16,0
D01,7810202,5.0,,6.4,6.5,,,,,,,ttth,35,4
D01,7510202,4.2,,7.0,6.75,,,,,,,ttth,18,5
D01,7340205,4.8,,7.0,7.25,,,,,,,ttth,9,2
D07,7510401,,,5.4,7.5,,,,,6.4,,ttth,22,6
A00,7340120,,,,7.0,,,,7.75,7.6,,ttth,4,1
A00,7340301,,,,6.0,,,,7.0,7.8,,ttth,10,2
A01,7340301,,,8.0,6.0,,,,6.8,,,ttth,10,2
D01,7340115,7.2,,7.0,8.5,,,,,,,ttth,3,1
D01,7520115,4.0,,6.8,6.5,,,,,,,ttth,27,6
D01,7510202,4.6,,7.6,8.25,,,,,,,ttth,18,5
D01,7220201,7.0,,8.6,8.0,,,,,,,ttth,0,8
A01,7540101,,,7.8,7.25,,,,6.4,,,ttth,28,7
D01,7220204,7.2,,6.2,7.75,,,,,,,ttth,1,8
A01,7510203,,,6.6,7.0,,,,9.0,,,ttth,19,5
A00,7810201,,,,7.75,,,,8.0,7.6,,ttth,34,4
A01,7380107,,,7.4,8.2,,,,6.25,,,ttth,12,8
A01,7220201,,,6.8,6.0,,,,8.4,,,ttth,0,8
A00,7340101,,,,9.0,,,,8.75,7.75,,ttth,2,1
A00,7520115,,,,7.0,,,,7.25,7.4,,ttth,27,6
A00,7510301,,,,6.75,,,,5.75,6.4,,ttth,20,5
D01,7340201,7.75,,7.6,8.6,,,,,,,ttth,8,2
D01,7480201,7.0,,7.6,9.0,,,,,,,ttth,16,0
A01,7340115,,,7.8,7.75,,,,8.0,,,ttth,3,1
D01,7340101,7.4,,7.8,9.0,,,,,,,ttth,2,1
A00,7340101,,,,6.25,,,,7.5,7.2,,ttth,2,1
A01,7480201,,,8.0,8.2,,,,7.5,,,ttth,16,0
D01,7510303,7.0,,7.8,6.5,,,,,,,ttth,21,5
A01,7540101,,,9.4,8.0,,,,7.5,,,ttth,28,7
A01,7340301,,,7.4,7.0,,,,5.4,,,ttth,10,2
A01,7510301,,,7.4,6.25,,,,6.8,,,ttth,20,5
B00,7540106,,,,6.6,,,,,5.5,6.5,ttth,30,7
D07,7540101,,,8.0,8.0,,,,,8.0,,ttth,28,7
A01,7380107,,,7.6,8.2,,,,6.75,,,ttth,12,8
A01,7510202,,,7.0,8.2,,,,5.0,,,ttth,18,5
A01,7510402,,,6.4,5.25,,,,5.6,,,ttth,23,6
A00,7850101,,,,6.2,,,,5.0,7.25,,ttth,38,7
A00,7540101,,,,8.6,,,,7.25,8.25,,ttth,28,7
A00,7340122,,,,8.0,,,,7.5,7.8,,ttth,5,1
D01,7380107,7.75,,8.8,7.8,,,,,,,ttth,12,8
B00,7540101,,,,7.0,,,,,7.5,6.4,ttth,28,7
D07,7480201,,,5.2,7.75,,,,,8.8,,ttth,16,0
D01,7380107,6.5,,6.8,7.8,,,,,,,ttth,12,8
A01,7220204,,,7.0,6.5,,,,7.8,,,ttth,1,8
A01,7810202,,,7.4,7.25,,,,8.2,,,ttth,35,4
D01,7480201,6.4,,8.4,7.75,,,,,,,ttth,16,0
D01,7480201,7.2,,8.6,6.75,,,,,,,ttth,16,0
D01,7340301,7.5,,7.6,7.6,,,,,,,ttth,10,2
D01,7510202,6.4,,5.2,6.0,,,,,,,ttth,18,5
A00,7340301,,,,7.75,,,,8.25,8.2,,ttth,10,2
A00,7340115,,,,8.0,,,,8.0,7.8,,ttth,3,1
D01,7810201,7.25,,8.4,7.2,,,,,,,ttth,34,4
D15,7810103,6.5,5.0,7.25,,,,,,,,ttth,33,4
A00,7460108,,,,6.25,,,,7.25,5.4,,ttth,14,0
D01,7510303,6.0,,4.6,7.2,,,,,,,ttth,21,5
D01,7460108,6.4,,8.0,6.5,,,,,,,ttth,14,0
D07,7540106,,,7.6,8.2,,,,,7.75,,ttth,30,7
A00,7340301,,,,7.75,,,,8.0,8.2,,ttth,10,2
A01,7480201,,,8.8,7.75,,,,6.2,,,ttth,16,0
D01,7340115,8.6,,7.4,7.75,,,,,,,ttth,3,1
A01,7220201,,,8.4,7.8,,,,7.25,,,ttth,0,8
D07,7540101,,,8.4,8.4,,,,,7.75,,ttth,28,7
D01,7340101,7.4,,6.6,7.83,,,,,,,ttth,2,1
A01,7480201,,,8.4,8.2,,,,7.25,,,ttth,16,0
D01,7220204,6.25,,8.2,8.2,,,,,,,ttth,1,8
D01,7510303,8.25,,8.4,7.8,,,,,,,ttth,21,5
D01,7340301,7.25,,8.2,7.2,,,,,,,ttth,10,2
A00,7510303,,,,8.4,,,,7.25,8.25,,ttth,21,5
D01,7540204,3.8,,7.0,6.5,,,,,,,ttth,31,6
D01,7340120,8.8,,7.8,5.75,,,,,,,ttth,4,1
D01,7340301,6.4,,7.6,7.0,,,,,,,ttth,10,2
A00,7510303,,,,8.6,,,,8.0,6.5,,ttth,21,5
D01,7480202,6.75,,6.8,6.6,,,,,,,ttth,17,0
D01,7510303,6.5,,4.8,5.8,,,,,,,ttth,21,5
D01,7380107,5.4,,5.8,8.25,,,,,,,ttth,12,8
D15,7810201,6.75,6.8,6.25,,,,,,,,ttth,34,4
D07,7540101,,,7.4,7.75,,,,,7.0,,ttth,28,7
A00,7480201,,,,7.0,,,,6.5,7.2,,ttth,16,0
D01,7810103,5.0,,7.6,5.5,,,,,,,ttth,33,4
D01,7810201,4.2,,7.4,6.75,,,,,,,ttth,34,4
D07,7510203,,,7.4,8.0,,,,,7.2,,ttth,19,5
A00,7340101,,,,8.4,,,,7.5,8.25,,ttth,2,1
A00,7340115,,,,7.5,,,,7.5,7.8,,ttth,3,1
A00,7480201,,,,7.5,,,,8.0,8.4,,ttth,16,0
A01,7480202,,,7.2,7.5,,,,7.2,,,ttth,17,0
A00,7540106,,,,8.2,,,,6.5,6.75,,ttth,30,7
D01,7480201,7.75,,7.8,7.8,,,,,,,ttth,16,0
A00,7540106,,,,5.5,,,,7.75,7.4,,ttth,30,7
A00,7340201,,,,7.0,,,,7.5,7.2,,ttth,8,2
A01,7340201,,,7.8,8.4,,,,6.75,,,ttth,8,2
A01,7340301,,,5.8,7.0,,,,7.2,,,ttth,10,2
D01,7340101,7.2,,7.8,9.25,,,,,,,ttth,2,1
A00,7540106,,,,7.4,,,,8.0,8.25,,ttth,30,7
D01,7220201,8.75,,8.4,8.0,,,,,,,ttth,0,8
D01,7510202,6.5,,6.6,7.4,,,,,,,ttth,18,5
D01,7380107,7.4,,7.6,7.25,,,,,,,ttth,12,8
D01,7810103,6.6,,7.0,6.5,,,,,,,ttth,33,4
D01,7510203,3.6,,6.2,7.25,,,,,,,ttth,19,5
D01,7220201,7.8,,6.4,7.5,,,,,,,ttth,0,8
D01,7480202,6.0,,8.4,6.8,,,,,,,ttth,17,0
A01,7220201,,,8.8,8.0,,,,7.75,,,ttth,0,8
D01,7340201,5.2,,8.0,8.0,,,,,,,ttth,8,2
D01,7340201,6.75,,8.2,8.0,,,,,,,ttth,8,2
A00,7480201,,,,8.5,,,,7.75,7.4,,ttth,16,0
A00,7510202,,,,7.2,,,,6.5,5.75,,ttth,18,5
A01,7810202,,,7.8,8.2,,,,8.25,,,ttth,35,4
A01,7220204,,,7.8,8.5,,,,7.8,,,ttth,1,8
A01,7340115,,,7.2,8.25,,,,7.0,,,ttth,3,1
A00,7420201,,,,8.2,,,,6.0,7.0,,ttth,13,7
A00,7810202,,,,7.8,,,,7.75,8.0,,ttth,35,4
A01,7540101,,,7.4,8.0,,,,8.4,,,ttth,28,7
A00,7480201,,,,7.75,,,,7.5,8.2,,ttth,16,0
A00,7340101,,,,6.5,,,,7.25,6.8,,ttth,2,1
D01,7380107,7.25,,7.4,7.2,,,,,,,ttth,12,8
A00,7540106,,,,8.0,,,,6.75,7.0,,ttth,30,7
D01,7340120,8.2,,7.8,9.0,,,,,,,ttth,4,1
D01,7480201,6.2,,8.2,8.0,,,,,,,ttth,16,0
D07,7480202,,,7.8,6.5,,,,,8.2,,ttth,17,0
A00,7380107,,,,8.0,,,,7.5,7.0,,ttth,12,8
D01,7810202,6.6,,6.8,7.5,,,,,,,ttth,35,4
A01,7340201,,,8.4,7.0,,,,8.4,,,ttth,8,2
A00,7340301,,,,5.75,,,,8.25,7.8,,ttth,10,2
A00,7340101,,,,6.25,,,,8.25,8.0,,ttth,2,1
A00,7340115,,,,9.0,,,,8.25,7.5,,ttth,3,1
D07,7540106,,,7.2,7.0,,,,,8.0,,ttth,30,7
D01,7510203,6.2,,7.6,7.5,,,,,,,ttth,19,5
D01,7340120,7.8,,6.0,8.25,,,,,,,ttth,4,1
D01,7810202,4.4,,7.4,6.25,,,,,,,ttth,35,4
A00,7340301,,,,7.8,,,,6.75,8.25,,ttth,10,2
A00,7480201,,,,7.25,,,,8.75,7.8,,ttth,16,0
D01,7510303,6.0,,8.0,7.0,,,,,,,ttth,21,5
D01,7520115,7.8,,6.2,6.0,,,,,,,ttth,27,6
D01,7810202,6.8,,6.2,8.0,,,,,,,ttth,35,4
D01,7510303,6.5,,5.2,7.8,,,,,,,ttth,21,5
D01,7480201,6.4,,7.2,7.5,,,,,,,ttth,16,0
A00,7540101,,,,7.25,,,,7.25,6.6,,ttth,28,7
D01,7340115,8.0,,7.6,8.5,,,,,,,ttth,3,1
A00,7340301,,,,7.5,,,,7.0,7.4,,ttth,10,2
D01,7510303,5.8,,6.8,6.5,,,,,,,ttth,21,5
D01,7220201,7.8,,7.0,8.0,,,,,,,ttth,0,8
A00,7480202,,,,7.0,,,,5.0,7.0,,ttth,17,0
D07,7540101,,,8.6,7.6,,,,,8.0,,ttth,28,7
D01,7220204,7.4,,8.4,8.0,,,,,,,ttth,1,8
A00,7510303,,,,7.5,,,,6.75,7.8,,ttth,21,5
D01,7480201,7.75,,8.2,7.8,,,,,,,ttth,16,0
D01,7810202,7.25,,7.8,7.8,,,,,,,ttth,35,4
A00,7540101,,,,8.8,,,,7.75,8.0,,ttth,28,7
A00,7340115,,,,7.75,,,,8.25,8.4,,ttth,3,1
B00,7420201,,,,8.5,,,,,8.0,7.0,ttth,13,7
A00,7340301,,,,8.25,,,,8.5,7.6,,ttth,10,2
D01,7810202,7.2,,7.8,7.5,,,,,,,ttth,35,4
D01,7480202,5.75,,5.4,6.0,,,,,,,ttth,17,0
D07,7480201,,,8.2,8.0,,,,,7.0,,ttth,16,0
A00,7480201,,,,8.25,,,,7.5,7.8,,ttth,16,0
A00,7510303,,,,6.0,,,,4.75,7.25,,ttth,21,5
A01,7510301,,,6.4,6.5,,,,4.6,,,ttth,20,5
A00,7510303,,,,7.0,,,,7.75,7.6,,ttth,21,5
D01,7340101,7.0,,7.6,6.75,,,,,,,ttth,2,1
A00,7340201,,,,8.0,,,,7.25,8.0,,ttth,8,2
D01,7480201,6.2,,7.4,8.0,,,,,,,ttth,16,0
A01,7340301,,,7.6,7.75,,,,7.6,,,ttth,10,2
D01,7340120,7.2,,7.8,7.5,,,,,,,ttth,4,1
D01,7220201,8.5,,8.2,7.4,,,,,,,ttth,0,8
B00,7819009,,,,5.25,,,,,7.0,8.2,ttth,36,4
D01,7810201,7.5,,7.6,7.4,,,,,,,ttth,34,4
A00,7480201,,,,7.5,,,,7.0,7.0,,ttth,16,0
D01,7810103,7.0,,6.2,7.75,,,,,,,ttth,33,4
A00,7480201,,,,7.0,,,,6.5,7.4,,ttth,16,0
B00,7540101,,,,7.0,,,,,7.5,7.0,ttth,28,7
A00,7480202,,,,7.5,,,,8.0,7.6,,ttth,17,0
A00,7480202,,,,7.75,,,,7.25,8.2,,ttth,17,0
D01,7510203,6.75,,6.6,6.8,,,,,,,ttth,19,5
A01,7540106,,,7.0,7.8,,,,6.75,,,ttth,30,7
D01,7340120,7.4,,7.6,6.5,,,,,,,ttth,4,1
B00,7540101,,,,8.6,,,,,7.25,8.25,ttth,28,7
A00,7540101,,,,8.0,,,,8.5,8.4,,ttth,28,7
D01,7480201,7.5,,8.4,6.8,,,,,,,ttth,16,0
D01,7480201,7.5,,7.4,8.0,,,,,,,ttth,16,0
D01,7220204,6.2,,7.2,7.5,,,,,,,ttth,1,8
A01,7340201,,,8.8,7.4,,,,6.75,,,ttth,8,2
D01,7340122,6.0,,7.6,7.75,,,,,,,ttth,5,1
A00,7810201,,,,7.0,,,,6.75,8.2,,ttth,34,4
A00,7340101,,,,6.25,,,,8.25,7.4,,ttth,2,1
D01,7340201,7.25,,7.6,7.8,,,,,,,ttth,8,2
D01,7380107,7.75,,7.2,7.0,,,,,,,ttth,12,8
D01,7220201,6.5,,9.4,7.2,,,,,,,ttth,0,8
B00,7540106,,,,7.5,,,,,6.75,6.0,ttth,30,7
A00,7340205,,,,7.0,,,,6.0,7.0,,ttth,9,2
A01,7510406,,,6.8,6.25,,,,6.4,,,ttth,24,7
D15,7810201,6.75,4.0,7.25,,,,,,,,ttth,34,4
D07,7480201,,,7.6,6.5,,,,,7.2,,ttth,16,0
A01,7480201,,,8.2,8.25,,,,8.4,,,ttth,16,0
D01,7220204,7.75,,8.0,7.4,,,,,,,ttth,1,8
D01,7340120,7.6,,7.4,7.83,,,,,,,ttth,4,1
B00,7540106,,,,6.4,,,,,7.0,6.75,ttth,30,7
A01,7510203,,,6.0,7.2,,,,4.25,,,ttth,19,5
A00,7480201,,,,8.0,,,,7.0,7.0,,ttth,16,0
D01,7340120,8.4,,8.2,8.33,,,,,,,ttth,4,1
A00,7480201,,,,7.75,,,,8.25,7.6,,ttth,16,0
D07,7510203,,,7.4,8.75,,,,,6.6,,ttth,19,5
A00,7340129,,,,7.0,,,,7.5,6.8,,ttth,7,7
A00,7480201,,,,6.75,,,,8.5,7.4,,ttth,16,0
A01,7340201,,,7.2,8.25,,,,6.6,,,ttth,8,2
D01,7810201,7.4,,7.0,6.5,,,,,,,ttth,34,4
D01,7340120,7.6,,8.6,7.0,,,,,,,ttth,4,1
D07,7510401,,,6.6,7.0,,,,,6.8,,ttth,22,6
D01,7340101,6.4,,7.2,8.0,,,,,,,ttth,2,1
A00,7510401,,,,4.5,,,,6.0,7.2,,ttth,22,6
D07,7510401,,,8.0,7.8,,,,,7.75,,ttth,22,6
A00,7810103,,,,7.4,,,,7.25,7.5,,ttth,33,4
A00,7340201,,,,7.75,,,,7.0,6.6,,ttth,8,2
D01,7340129,5.25,,7.8,7.6,,,,,,,ttth,7,7
A01,7340201,,,7.4,8.0,,,,8.0,,,ttth,8,2
A00,7480201,,,,7.0,,,,7.75,7.6,,ttth,16,0
D01,7340201,6.2,,7.4,8.0,,,,,,,ttth,8,2
D01,7340120,7.4,,6.2,8.0,,,,,,,ttth,4,1
D01,7340101,7.0,,7.6,6.75,,,,,,,ttth,2,1
B00,7510401,,,,7.75,,,,,7.25,6.8,ttth,22,6
D15,7380107,7.25,6.2,9.25,,,,,,,,ttth,12,8
A00,7380107,,,,7.8,,,,7.25,7.25,,ttth,12,8
B00,7540101,,,,7.25,,,,,8.25,7.4,ttth,28,7
A00,7340115,,,,8.75,,,,7.25,7.6,,ttth,3,1
A00,7340101,,,,7.5,,,,8.0,7.8,,ttth,2,1
A00,7810202,,,,7.8,,,,7.5,6.75,,ttth,35,4
A01,7220201,,,7.2,7.75,,,,6.0,,,ttth,0,8
A00,7510301,,,,7.0,,,,6.25,6.25,,ttth,20,5
D15,7810201,7.25,6.6,6.25,,,,,,,,ttth,34,4
A01,7340123,,,7.6,7.0,,,,7.4,,,ttth,6,3
D01,7460108,4.8,,6.6,6.25,,,,,,,ttth,14,0
A01,7810103,,,7.0,6.75,,,,7.4,,,ttth,33,4
D01,7340120,8.0,,7.8,7.5,,,,,,,ttth,4,1
A01,7340101,,,8.6,8.4,,,,7.75,,,ttth,2,1
A01,7340115,,,7.8,7.75,,,,8.0,,,ttth,3,1
D01,7810103,8.0,,7.6,7.2,,,,,,,ttth,33,4
A01,7480202,,,9.2,8.6,,,,7.25,,,ttth,17,0
D01,7480202,7.75,,6.4,6.2,,,,,,,ttth,17,0
D15,7380107,6.25,7.0,7.0,,,,,,,,ttth,12,8
D01,7510202,6.25,,5.8,7.6,,,,,,,ttth,18,5
A00,7810201,,,,8.25,,,,7.0,8.6,,ttth,34,4
D01,7480202,7.4,,8.2,7.25,,,,,,,ttth,17,0
A00,7850101,,,,6.2,,,,6.25,4.75,,ttth,38,7
D01,7340201,7.75,,7.8,6.6,,,,,,,ttth,8,2
D01,7340101,6.6,,6.4,7.5,,,,,,,ttth,2,1
D07,7510401,,,6.2,7.0,,,,,7.6,,ttth,22,6
D07,7510203,,,7.8,6.25,,,,,6.4,,ttth,19,5
D07,7540101,,,8.4,8.4,,,,,8.0,,ttth,28,7
B00,7540101,,,,5.5,,,,,7.75,7.4,ttth,28,7
D01,7340115,7.2,,7.8,8.0,,,,,,,ttth,3,1
D01,7340101,6.4,,7.4,7.25,,,,,,,ttth,2,1
A01,7480202,,,7.6,6.75,,,,7.8,,,ttth,17,0
D01,7340301,7.4,,7.6,9.25,,,,,,,ttth,10,2
D01,7510203,7.8,,7.0,7.25,,,,,,,ttth,19,5
A00,7540101,,,,7.75,,,,8.0,8.0,,ttth,28,7
A00,7480201,,,,8.2,,,,7.0,7.0,,ttth,16,0
D01,7340201,7.4,,7.8,6.25,,,,,,,ttth,8,2
D15,7380107,6.75,4.4,8.0,,,,,,,,ttth,12,8
A00,7480201,,,,8.0,,,,7.0,8.0,,ttth,16,0
D01,7220201,8.4,,7.8,7.0,,,,,,,ttth,0,8
A01,7850101,,,7.8,6.25,,,,6.4,,,ttth,38,7
A00,7340122,,,,7.0,,,,7.5,7.4,,ttth,5,1
A00,7810202,,,,5.5,,,,6.75,7.2,,ttth,35,4
A00,7480201,,,,8.6,,,,7.5,7.5,,ttth,16,0
D01,7480201,8.2,,8.2,8.5,,,,,,,ttth,16,0
A00,7480201,,,,8.0,,,,7.25,8.2,,ttth,16,0
D01,7380107,5.4,,7.6,7.0,,,,,,,ttth,12,8
D07,7540101,,,8.2,7.0,,,,,6.8,,ttth,28,7
A01,7340120,,,8.0,7.0,,,,7.8,,,ttth,4,1
D07,7540101,,,8.8,8.4,,,,,8.0,,ttth,28,7
A01,7540106,,,7.4,8.0,,,,6.4,,,ttth,30,7
A00,7340120,,,,8.0,,,,8.25,8.4,,ttth,4,1
D01,7340115,7.2,,7.2,8.25,,,,,,,ttth,3,1
D07,7480201,,,9.0,8.6,,,,,7.25,,ttth,16,0
A00,7340101,,,,7.25,,,,6.5,7.2,,ttth,2,1
D01,7810202,6.2,,7.6,7.0,,,,,,,ttth,35,4
D01,7340301,7.0,,6.8,7.0,,,,,,,ttth,10,2
D01,7220201,6.75,,9.6,7.4,,,,,,,ttth,0,8
A00,7540101,,,,8.0,,,,7.0,8.0,,ttth,28,7
D01,7510303,6.25,,6.2,7.6,,,,,,,ttth,21,5
A01,7540106,,,8.0,7.8,,,,7.0,,,ttth,30,7
D01,7810201,5.6,,6.8,6.5,,,,,,,ttth,34,4
A00,7340129,,,,7.0,,,,6.75,6.8,,ttth,7,7
D01,7340205,6.0,,7.2,6.75,,,,,,,ttth,9,2
D01,7480201,8.0,,6.6,7.4,,,,,,,ttth,16,0
A00,7340122,,,,7.0,,,,7.5,7.8,,ttth,5,1
A01,7540101,,,7.2,7.5,,,,7.8,,,ttth,28,7
A00,7340301,,,,5.5,,,,7.5,6.8,,ttth,10,2
D01,7340201,7.2,,7.0,8.75,,,,,,,ttth,8,2
A01,7340122,,,7.8,8.75,,,,7.4,,,ttth,5,1
A00,7340301,,,,7.8,,,,7.0,8.25,,ttth,10,2
A01,7480202,,,7.4,7.6,,,,7.0,,,ttth,17,0
B00,7540101,,,,6.5,,,,,7.75,6.6,ttth,28,7
D01,7480201,7.0,,8.2,6.5,,,,,,,ttth,16,0
D07,7540105,,,7.0,7.75,,,,,7.2,,ttth,29,7
A01,7540101,,,7.4,7.75,,,,7.2,,,ttth,28,7
D01,7340101,7.5,,8.6,8.0,,,,,,,ttth,2,1
D01,7380107,5.6,,7.8,7.25,,,,,,,ttth,12,8
D01,7340301,8.75,,7.2,7.4,,,,,,,ttth,10,2
A00,7540106,,,,6.25,,,,7.0,7.0,,ttth,30,7
A01,7340120,,,8.6,7.4,,,,7.5,,,ttth,4,1
D01,7480201,7.25,,8.0,7.2,,,,,,,ttth,16,0
D01,7480201,6.75,,8.8,7.6,,,,,,,ttth,16,0
D07,7510301,,,7.8,7.6,,,,,8.25,,ttth,20,5
A00,7340101,,,,6.75,,,,6.75,7.8,,ttth,2,1
B00,7510401,,,,6.8,,,,,7.0,7.75,ttth,22,6
D01,7810201,7.0,,8.6,7.6,,,,,,,ttth,34,4
D01,7540204,7.0,,7.8,7.4,,,,,,,ttth,31,6
A00,7510401,,,,7.25,,,,8.0,7.0,,ttth,22,6
D01,7480201,8.0,,7.0,7.0,,,,,,,ttth,16,0
D07,7540106,,,7.4,7.0,,,,,7.75,,ttth,30,7
A01,7540106,,,6.8,6.8,,,,5.25,,,ttth,30,7
D07,7480202,,,7.4,8.25,,,,,8.0,,ttth,17,0
A00,7810201,,,,8.0,,,,7.0,6.75,,ttth,34,4
A01,7510401,,,6.4,6.0,,,,5.0,,,ttth,22,6
D01,7510202,5.6,,6.8,6.0,,,,,,,ttth,18,5
A00,7480202,,,,5.5,,,,6.0,5.8,,ttth,17,0
D01,7540204,6.6,,7.0,7.5,,,,,,,ttth,31,6
D15,7380107,7.75,8.4,7.75,,,,,,,,ttth,12,8
A00,7480201,,,,8.25,,,,7.25,7.0,,ttth,16,0
A00,7340129,,,,7.25,,,,8.0,8.0,,ttth,7,7
D01,7340115,9.2,,7.6,6.75,,,,,,,ttth,3,1
D01,7340122,7.2,,7.8,8.5,,,,,,,ttth,5,1
A00,7480202,,,,8.0,,,,8.5,7.8,,ttth,17,0
A01,7340201,,,8.6,6.8,,,,7.5,,,ttth,8,2
A01,7220201,,,7.2,7.25,,,,9.4,,,ttth,0,8
A00,7480201,,,,8.2,,,,7.75,7.25,,ttth,16,0
A01,7480201,,,7.6,8.0,,,,6.75,,,ttth,16,0
D01,7510303,7.0,,7.0,7.5,,,,,,,ttth,21,5
D01,7340129,5.4,,6.2,6.75,,,,,,,ttth,7,7
A00,7810103,,,,6.8,,,,7.5,7.75,,ttth,33,4
A01,7340101,,,8.0,8.6,,,,7.5,,,ttth,2,1
A00,7510303,,,,6.25,,,,9.0,7.4,,ttth,21,5
D07,7480202,,,7.0,7.0,,,,,7.5,,ttth,17,0
D01,7510202,6.6,,6.4,6.25,,,,,,,ttth,18,5
D09,7220201,,,7.0,7.75,,,6.6,,,,ttth,0,8
A01,7540106,,,7.6,7.0,,,,6.0,,,ttth,30,7
D01,7340129,7.0,,6.8,6.4,,,,,,,ttth,7,7
D01,7510203,6.5,,8.0,6.8,,,,,,,ttth,19,5
D01,7510203,7.5,,4.6,7.2,,,,,,,ttth,19,5
A00,7340201,,,,7.8,,,,6.75,8.0,,ttth,8,2
A00,7340101,,,,5.75,,,,7.75,7.8,,ttth,2,1
A00,7540101,,,,7.0,,,,8.5,7.8,,ttth,28,7
D01,7810201,6.75,,7.6,8.2,,,,,,,ttth,34,4
A00,7340120,,,,7.5,,,,7.5,8.0,,ttth,4,1
D01,7340122,7.6,,7.0,8.0,,,,,,,ttth,5,1
A00,7340115,,,,7.0,,,,8.25,8.75,,ttth,3,1
A00,7510401,,,,5.5,,,,5.5,6.4,,ttth,22,6
A01,7340301,,,8.6,8.0,,,,7.25,,,ttth,10,2
D01,7340115,7.5,,9.2,7.6,,,,,,,ttth,3,1
A00,7510202,,,,7.6,,,,5.75,4.0,,ttth,18,5
D01,7480201,8.6,,7.8,7.25,,,,,,,ttth,16,0
A00,7340120,,,,6.75,,,,7.5,8.2,,ttth,4,1
B00,7819009,,,,5.0,,,,,6.25,6.0,ttth,36,4
D07,7540101,,,8.2,6.5,,,,,8.2,,ttth,28,7
A01,7220204,,,7.8,8.0,,,,6.4,,,ttth,1,8
A00,7480201,,,,7.5,,,,8.0,8.2,,ttth,16,0
D01,7540204,6.25,,5.8,6.6,,,,,,,ttth,31,6
A01,7819009,,,7.0,5.5,,,,8.4,,,ttth,36,4
A00,7810201,,,,6.0,,,,6.75,7.4,,ttth,34,4
A00,7510202,,,,8.0,,,,5.0,6.5,,ttth,18,5
A00,7380107,,,,7.6,,,,7.75,7.25,,ttth,12,8
B00,7540101,,,,7.0,,,,,6.75,7.2,ttth,28,7
D01,7480202,7.0,,7.2,7.0,,,,,,,ttth,17,0
D01,7480201,7.8,,7.4,7.25,,,,,,,ttth,16,0
D07,7540101,,,9.0,8.6,,,,,7.75,,ttth,28,7
A00,7340120,,,,8.5,,,,7.25,6.8,,ttth,4,1
B00,7540101,,,,8.0,,,,,9.0,8.25,ttth,28,7
A00,7340201,,,,7.25,,,,7.5,6.2,,ttth,8,2
A01,7340101,,,8.0,8.6,,,,7.5,,,ttth,2,1
A00,7540204,,,,8.0,,,,7.75,7.75,,ttth,31,6
D01,7810202,7.0,,7.0,8.25,,,,,,,ttth,35,4
B00,7510401,,,,8.8,,,,,8.5,8.25,ttth,22,6
A00,7480201,,,,7.75,,,,6.5,7.4,,ttth,16,0
A00,7340120,,,,7.5,,,,7.75,8.4,,ttth,4,1
D01,7510202,6.4,,7.4,7.25,,,,,,,ttth,18,5
A00,7380107,,,,7.2,,,,6.75,7.25,,ttth,12,8
A00,7810201,,,,7.8,,,,8.0,7.25,,ttth,34,4
A00,7340101,,,,7.0,,,,7.0,7.6,,ttth,2,1
D01,7510203,7.2,,7.6,7.75,,,,,,,ttth,19,5
D01,7510301,7.0,,4.6,7.6,,,,,,,ttth,20,5
A01,7220201,,,9.0,8.0,,,,7.5,,,ttth,0,8
A00,7340205,,,,6.25,,,,7.0,6.8,,ttth,9,2
A00,7380107,,,,8.0,,,,7.25,7.25,,ttth,12,8
D01,7810103,6.2,,7.0,6.5,,,,,,,ttth,33,4
A00,7510301,,,,8.0,,,,5.0,7.75,,ttth,20,5
D01,7810103,6.6,,7.6,7.0,,,,,,,ttth,33,4
D01,7340201,6.0,,8.6,8.0,,,,,,,ttth,8,2
A00,7340101,,,,8.4,,,,7.75,7.25,,ttth,2,1
D15,7380107,7.0,6.4,6.5,,,,,,,,ttth,12,8
D01,7340123,5.8,,4.0,7.25,,,,,,,ttth,6,3
A00,7819010,,,,6.5,,,,6.5,6.6,,ttth,37,4
D01,7480201,8.4,,7.0,7.0,,,,,,,ttth,16,0
D15,7810201,6.5,7.0,7.5,,,,,,,,ttth,34,4
A01,7540101,,,7.4,7.25,,,,7.6,,,ttth,28,7
D01,7480202,7.0,,4.0,7.0,,,,,,,ttth,17,0
A01,7819010,,,7.0,7.0,,,,7.2,,,ttth,37,4
D01,7340115,9.2,,8.0,8.0,,,,,,,ttth,3,1
D01,7480202,7.4,,6.4,8.0,,,,,,,ttth,17,0
A00,7510203,,,,7.0,,,,7.75,7.6,,ttth,19,5
A00,7510303,,,,8.0,,,,7.5,6.75,,ttth,21,5
A01,7340201,,,8.0,7.0,,,,7.0,,,ttth,8,2
D01,7480201,7.75,,7.0,7.8,,,,,,,ttth,16,0
A00,7340201,,,,7.4,,,,7.25,8.0,,ttth,8,2
D01,7340115,8.0,,7.2,9.0,,,,,,,ttth,3,1
D01,7340120,7.75,,7.8,7.8,,,,,,,ttth,4,1
D07,7480201,,,8.6,7.5,,,,,7.8,,ttth,16,0
D01,7220201,7.25,,9.0,7.6,,,,,,,ttth,0,8
D01,7510303,7.0,,7.6,6.0,,,,,,,ttth,21,5
D01,7510202,5.0,,6.4,5.75,,,,,,,ttth,18,5
A00,7420201,,,,7.4,,,,4.25,6.5,,ttth,13,7
D01,7510303,7.8,,6.6,7.0,,,,,,,ttth,21,5
A00,7510401,,,,8.75,,,,8.25,8.4,,ttth,22,6
A00,7340301,,,,7.0,,,,7.25,8.0,,ttth,10,2
D01,7340129,6.5,,7.4,8.6,,,,,,,ttth,7,7
D01,7480201,5.4,,6.6,9.25,,,,,,,ttth,16,0
A00,7540101,,,,7.25,,,,7.0,8.4,,ttth,28,7
A00,7480202,,,,6.75,,,,8.0,7.6,,ttth,17,0
D09,7220204,,,6.0,9.0,,,7.8,,,,ttth,1,8
D07,7480201,,,7.4,7.8,,,,,7.75,,ttth,16,0
A00,7340201,,,,6.75,,,,7.25,8.2,,ttth,8,2
D01,7340122,7.0,,8.8,7.5,,,,,,,ttth,5,1
D01,7340301,8.0,,7.8,8.6,,,,,,,ttth,10,2
D01,7810103,7.25,,7.8,8.2,,,,,,,ttth,33,4
A00,7480201,,,,8.0,,,,7.5,7.8,,ttth,16,0
A00,7510303,,,,7.0,,,,6.5,8.4,,ttth,21,5
A01,7480201,,,8.2,6.5,,,,5.8,,,ttth,16,0
A01,7340101,,,7.0,7.25,,,,7.6,,,ttth,2,1
D15,7380107,8.5,4.6,6.0,,,,,,,,ttth,12,8
D01,7810103,6.6,,7.2,7.0,,,,,,,ttth,33,4
A00,7819010,,,,6.5,,,,3.75,7.0,,ttth,37,4
A00,7380107,,,,6.8,,,,6.75,7.75,,ttth,12,8
A00,7510301,,,,7.8,,,,6.25,7.0,,ttth,20,5
D07,7540101,,,7.8,7.8,,,,,8.25,,ttth,28,7
A00,7380107,,,,8.0,,,,6.75,7.5,,ttth,12,8
A00,7460108,,,,7.5,,,,5.75,7.4,,ttth,14,0
B00,7819009,,,,5.5,,,,,6.75,6.6,ttth,36,4
D15,7810201,7.25,6.2,8.25,,,,,,,,ttth,34,4
D07,7480201,,,7.6,7.6,,,,,7.25,,ttth,16,0
D01,7340101,5.6,,6.8,8.75,,,,,,,ttth,2,1
A01,7340115,,,7.6,7.75,,,,8.4,,,ttth,3,1
D01,7510303,5.75,,4.4,7.4,,,,,,,ttth,21,5
D01,7220201,8.4,,7.2,8.75,,,,,,,ttth,0,8
A00,7510203,,,,6.8,,,,7.0,6.0,,ttth,19,5
A00,7510303,,,,7.2,,,,7.0,8.0,,ttth,21,5
D01,7510301,6.25,,6.0,6.2,,,,,,,ttth,20,5
A01,7220201,,,7.8,8.0,,,,7.4,,,ttth,0,8
D01,7510203,5.0,,4.4,8.2,,,,,,,ttth,19,5
A00,7510303,,,,9.0,,,,7.25,5.75,,ttth,21,5
A00,7380107,,,,6.25,,,,7.0,8.0,,ttth,12,8
D15,7380107,7.25,7.0,8.25,,,,,,,,ttth,12,8
D01,7510202,3.8,,7.8,6.25,,,,,,,ttth,18,5
D01,7340301,7.75,,7.6,7.2,,,,,,,ttth,10,2
D01,7480201,8.25,,8.0,7.2,,,,,,,ttth,16,0
A01,7220201,,,8.4,7.0,,,,8.0,,,ttth,0,8
A00,7480201,,,,7.5,,,,8.0,8.8,,ttth,16,0
D01,7540204,6.4,,8.6,7.75,,,,,,,ttth,31,6
A00,7340101,,,,7.75,,,,7.75,7.8,,ttth,2,1
A00,7340120,,,,8.4,,,,8.25,8.0,,ttth,4,1
D01,7340115,7.0,,7.8,8.5,,,,,,,ttth,3,1
A00,7380107,,,,7.25,,,,8.0,7.8,,ttth,12,8
A00,7380107,,,,7.75,,,,8.0,7.6,,ttth,12,8
A01,7510301,,,6.6,7.2,,,,7.0,,,ttth,20,5
D01,7340101,7.2,,6.8,6.75,,,,,,,ttth,2,1
A00,7340301,,,,8.0,,,,7.75,8.0,,ttth,10,2
D01,7810103,7.75,,7.6,7.6,,,,,,,ttth,33,4
D01,7340201,6.75,,8.8,7.8,,,,,,,ttth,8,2
A01,7819009,,,7.6,5.75,,,,6.2,,,ttth,36,4
B00,7540106,,,,6.75,,,,,6.5,6.2,ttth,30,7
A00,7540101,,,,7.75,,,,7.5,7.4,,ttth,28,7
D01,7540204,7.75,,6.6,6.4,,,,,,,ttth,31,6
A00,7340122,,,,7.75,,,,7.5,7.8,,ttth,5,1
D07,7540101,,,8.8,7.6,,,,,8.25,,ttth,28,7
D01,7340301,7.8,,6.0,7.25,,,,,,,ttth,10,2
A01,7510301,,,6.6,5.8,,,,7.0,,,ttth,20,5
A01,7810103,,,8.0,8.0,,,,7.5,,,ttth,33,4
A01,7540106,,,7.6,7.8,,,,6.5,,,ttth,30,7
A00,7340301,,,,6.5,,,,6.0,7.4,,ttth,10,2
D01,7810202,7.4,,7.0,6.5,,,,,,,ttth,35,4
D01,7480201,8.5,,7.6,8.0,,,,,,,ttth,16,0
D15,7380107,6.5,7.6,5.75,,,,,,,,ttth,12,8
D01,7220201,5.8,,8.6,8.5,,,,,,,ttth,0,8
A00,7480202,,,,7.6,,,,5.75,7.25,,ttth,17,0
B00,7420201,,,,6.5,,,,,6.0,7.0,ttth,13,7
A00,7540106,,,,7.6,,,,5.5,6.0,,ttth,30,7
D01,7340122,7.0,,7.8,7.25,,,,,,,ttth,5,1
A00,7520115,,,,6.0,,,,7.0,5.2,,ttth,27,6
D01,7340120,7.6,,7.6,7.5,,,,,,,ttth,4,1
A00,7340120,,,,5.75,,,,8.0,7.8,,ttth,4,1
D01,7510303,5.75,,4.4,7.2,,,,,,,ttth,21,5
B00,7420201,,,,7.6,,,,,7.5,5.0,ttth,13,7
A00,7510401,,,,7.2,,,,6.5,6.25,,ttth,22,6
A00,7540101,,,,8.75,,,,8.0,7.6,,ttth,28,7
D01,7340201,6.6,,6.8,8.25,,,,,,,ttth,8,2
D01,7380107,8.0,,8.0,7.8,,,,,,,ttth,12,8
D01,7380107,6.0,,6.2,7.5,,,,,,,ttth,12,8
A01,7810103,,,6.8,6.75,,,,6.2,,,ttth,33,4
D01,7510203,5.8,,5.8,7.25,,,,,,,ttth,19,5
D01,7340201,6.6,,7.2,8.0,,,,,,,ttth,8,2
D15,7810202,7.5,5.0,6.0,,,,,,,,ttth,35,4
A00,7480202,,,,7.4,,,,6.5,5.5,,ttth,17,0
D01,7340120,6.0,,6.0,9.5,,,,,,,ttth,4,1
A00,7480202,,,,8.0,,,,6.0,6.75,,ttth,17,0
A01,7340120,,,7.6,7.75,,,,8.6,,,ttth,4,1
D07,7480201,,,7.4,7.0,,,,,7.2,,ttth,16,0
A00,7340301,,,,6.0,,,,8.0,8.0,,ttth,10,2
D01,7340101,7.25,,9.4,8.2,,,,,,,ttth,2,1
A00,7480201,,,,9.0,,,,4.5,7.4,,ttth,16,0
A01,7510401,,,8.0,8.6,,,,7.5,,,ttth,22,6
D01,7380107,6.8,,5.6,7.5,,,,,,,ttth,12,8
D07,7510301,,,8.4,6.8,,,,,7.75,,ttth,20,5
D01,7340115,8.25,,9.0,8.4,,,,,,,ttth,3,1
D01,7340129,7.4,,6.6,7.5,,,,,,,ttth,7,7
A00,7510401,,,,6.5,,,,6.0,7.0,,ttth,22,6
D01,7340101,7.25,,8.8,7.6,,,,,,,ttth,2,1
A00,7340201,,,,7.0,,,,7.0,8.0,,ttth,8,2
D01,7380107,6.75,,8.0,7.6,,,,,,,ttth,12,8
D01,7220201,7.0,,9.8,7.2,,,,,,,ttth,0,8
A01,7480201,,,8.0,8.0,,,,7.75,,,ttth,16,0
D07,7480201,,,7.6,7.25,,,,,8.4,,ttth,16,0
A00,7510202,,,,5.5,,,,6.25,5.8,,ttth,18,5
D01,7340101,7.2,,8.0,6.25,,,,,,,ttth,2,1
A00,7510303,,,,7.25,,,,6.25,7.8,,ttth,21,5
A00,7480201,,,,7.0,,,,6.0,8.8,,ttth,16,0
B00,7420201,,,,7.5,,,,,6.5,7.6,ttth,13,7
D01,7340205,6.0,,5.6,7.25,,,,,,,ttth,9,2
A00,7810103,,,,6.25,,,,6.75,6.6,,ttth,33,4
B00,7540106,,,,7.25,,,,,5.75,8.0,ttth,30,7
A00,7340101,,,,8.0,,,,7.75,7.75,,ttth,2,1
A01,7480201,,,6.8,8.25,,,,8.4,,,ttth,16,0
D01,7480202,6.0,,8.2,7.0,,,,,,,ttth,17,0
D01,7340101,5.8,,6.8,8.5,,,,,,,ttth,2,1
A00,7340115,,,,7.25,,,,8.75,7.8,,ttth,3,1
A00,7540101,,,,7.75,,,,6.75,7.0,,ttth,28,7
A00,7340301,,,,7.0,,,,8.5,7.4,,ttth,10,2
A00,7340301,,,,8.8,,,,7.25,6.75,,ttth,10,2
D01,7340101,8.2,,7.0,6.75,,,,,,,ttth,2,1
A00,7420201,,,,7.8,,,,7.25,6.75,,ttth,13,7
A00,7340301,,,,6.5,,,,7.0,6.8,,ttth,10,2
D01,7340115,8.2,,8.2,7.75,,,,,,,ttth,3,1
A00,7540106,,,,8.2,,,,5.0,7.25,,ttth,30,7
A01,7220204,,,8.2,7.0,,,,6.4,,,ttth,1,8
B00,7420201,,,,7.75,,,,,8.25,7.4,ttth,13,7
A00,7810201,,,,7.25,,,,7.25,7.4,,ttth,34,4
A00,7380107,,,,6.25,,,,7.5,6.6,,ttth,12,8
A01,7340122,,,7.0,8.0,,,,7.6,,,ttth,5,1
A01,7340123,,,8.0,7.0,,,,6.0,,,ttth,6,3
D07,7540101,,,8.0,7.8,,,,,8.75,,ttth,28,7
B00,7540101,,,,7.25,,,,,8.25,7.2,ttth,28,7
D01,7340101,6.6,,6.4,7.5,,,,,,,ttth,2,1
A00,7510301,,,,8.2,,,,5.0,5.75,,ttth,20,5
A00,7340120,,,,7.0,,,,7.75,7.6,,ttth,4,1
A00,7340129,,,,6.75,,,,5.75,8.8,,ttth,7,7
A01,7510202,,,7.4,8.4,,,,7.5,,,ttth,18,5
D01,7340129,5.75,,7.6,7.4,,,,,,,ttth,7,7
D01,7220201,7.25,,8.4,7.8,,,,,,,ttth,0,8
A00,7510401,,,,6.25,,,,8.5,7.4,,ttth,22,6
D01,7340120,7.4,,8.2,7.25,,,,,,,ttth,4,1
A00,7380107,,,,7.75,,,,7.25,7.8,,ttth,12,8
D01,7810201,7.25,,8.0,7.0,,,,,,,ttth,34,4
A01,7510303,,,7.0,5.75,,,,8.0,,,ttth,21,5
A00,7480201,,,,8.0,,,,8.0,7.0,,ttth,16,0
D07,7480201,,,7.2,7.0,,,,,7.4,,ttth,16,0
D07,7540106,,,6.8,6.8,,,,,8.0,,ttth,30,7
D01,7340115,7.4,,7.8,7.75,,,,,,,ttth,3,1
A00,7819010,,,,5.5,,,,6.75,7.0,,ttth,37,4
A00,7810103,,,,5.75,,,,8.0,7.0,,ttth,33,4
A01,7540106,,,7.2,7.25,,,,6.6,,,ttth,30,7
B00,7510401,,,,6.6,,,,,7.5,5.25,ttth,22,6
D01,7510202,5.4,,7.8,7.25,,,,,,,ttth,18,5
D01,7810103,5.8,,6.6,7.5,,,,,,,ttth,33,4
A00,7810103,,,,7.4,,,,7.25,7.25,,ttth,33,4
A00,7340201,,,,6.25,,,,7.5,6.6,,ttth,8,2
D01,7340201,7.0,,8.0,7.6,,,,,,,ttth,8,2
A00,7340115,,,,7.75,,,,8.25,8.0,,ttth,3,1
A00,7480201,,,,7.5,,,,7.0,6.6,,ttth,16,0
A00,7340129,,,,7.0,,,,7.25,8.2,,ttth,7,7
A00,7540101,,,,7.75,,,,7.75,8.8,,ttth,28,7
D01,7810103,8.2,,7.2,7.0,,,,,,,ttth,33,4
A00,7510401,,,,7.2,,,,6.5,6.75,,ttth,22,6
A01,7480202,,,7.6,7.25,,,,7.4,,,ttth,17,0
D07,7540105,,,6.4,7.25,,,,,5.4,,ttth,29,7
A00,7510401,,,,7.0,,,,7.5,7.8,,ttth,22,6
D07,7480202,,,7.6,7.5,,,,,7.0,,ttth,17,0
D01,7340115,7.6,,7.4,8.75,,,,,,,ttth,3,1
D01,7340129,6.2,,7.6,7.5,,,,,,,ttth,7,7
A00,7340122,,,,7.75,,,,7.5,7.2,,ttth,5,1
D01,7510301,5.75,,5.2,7.4,,,,,,,ttth,20,5
A00,7340201,,,,6.25,,,,7.25,7.2,,ttth,8,2
D01,7810103,6.0,,6.4,8.0,,,,,,,ttth,33,4
A00,7340120,,,,8.25,,,,6.75,8.0,,ttth,4,1
D01,7340115,7.6,,7.4,7.5,,,,,,,ttth,3,1
D07,7819010,,,4.8,6.5,,,,,7.6,,ttth,37,4
A00,7540101,,,,7.5,,,,7.5,7.6,,ttth,28,7
A00,7340101,,,,7.75,,,,7.5,7.8,,ttth,2,1
B00,7819010,,,,6.25,,,,,6.75,6.8,ttth,37,4
D01,7340120,8.0,,8.6,7.2,,,,,,,ttth,4,1
A00,7420201,,,,7.0,,,,4.5,6.25,,ttth,13,7
A00,7340301,,,,7.4,,,,7.5,8.25,,ttth,10,2
A01,7220204,,,7.2,7.75,,,,6.8,,,ttth,1,8
D01,7510303,7.0,,7.8,6.75,,,,,,,ttth,21,5
D07,7510406,,,7.2,6.5,,,,,5.8,,ttth,24,7
D01,7480202,7.75,,5.4,7.6,,,,,,,ttth,17,0
D01,7220201,8.0,,7.2,8.25,,,,,,,ttth,0,8
B00,7540101,,,,7.5,,,,,7.75,7.2,ttth,28,7
A01,7340120,,,7.8,8.2,,,,7.25,,,ttth,4,1
D15,7810103,8.25,7.4,6.5,,,,,,,,ttth,33,4
D01,7220201,8.25,,9.0,8.0,,,,,,,ttth,0,8
D01,7340120,8.25,,7.0,8.0,,,,,,,ttth,4,1
A00,7480202,,,,6.6,,,,7.5,5.5,,ttth,17,0
A00,7480201,,,,8.4,,,,7.25,7.25,,ttth,16,0
D01,7510301,6.0,,7.4,6.4,,,,,,,ttth,20,5
A01,7340120,,,8.0,8.25,,,,8.4,,,ttth,4,1
D01,7220201,7.5,,8.6,7.0,,,,,,,ttth,0,8
D01,7480201,6.4,,7.8,8.75,,,,,,,ttth,16,0
D01,7340123,7.0,,6.8,7.6,,,,,,,ttth,6,3
A00,7340123,,,,6.25,,,,6.75,7.0,,ttth,6,3
D01,7340129,7.6,,7.6,6.5,,,,,,,ttth,7,7
A00,7340115,,,,6.75,,,,8.25,7.8,,ttth,3,1
A01,7340101,,,8.6,8.4,,,,8.0,,,ttth,2,1
D01,7340120,7.0,,8.4,7.8,,,,,,,ttth,4,1
D01,7340115,7.2,,8.2,8.25,,,,,,,ttth,3,1
A01,7540106,,,9.0,8.0,,,,6.25,,,ttth,30,7
D01,7480201,6.8,,7.4,8.0,,,,,,,ttth,16,0
A01,7340120,,,8.6,8.4,,,,7.0,,,ttth,4,1
A01,7480201,,,8.4,8.0,,,,7.8,,,ttth,16,0
D01,7510202,6.25,,2.8,7.0,,,,,,,ttth,18,5
A00,7510303,,,,7.75,,,,6.75,7.4,,ttth,21,5
D01,7510202,5.5,,3.4,6.4,,,,,,,ttth,18,5
D01,7340115,7.2,,7.4,8.0,,,,,,,ttth,3,1
D01,7540204,6.25,,4.2,8.0,,,,,,,ttth,31,6
A00,7510301,,,,6.8,,,,5.5,6.25,,ttth,20,5
D01,7220201,6.8,,7.0,8.0,,,,,,,ttth,0,8
D01,7340301,7.75,,8.6,7.2,,,,,,,ttth,10,2
D01,7340101,6.0,,7.0,8.25,,,,,,,ttth,2,1
D07,7480201,,,7.6,8.2,,,,,7.25,,ttth,16,0
D07,7480201,,,9.2,7.2,,,,,7.75,,ttth,16,0
A00,7340201,,,,6.75,,,,7.5,7.6,,ttth,8,2
A00,7340101,,,,6.75,,,,7.5,8.0,,ttth,2,1
A00,7340115,,,,6.25,,,,8.0,8.0,,ttth,3,1
D01,7540204,6.0,,7.4,7.0,,,,,,,ttth,31,6
A00,7540106,,,,6.8,,,,7.25,6.75,,ttth,30,7
D07,7510301,,,7.0,7.25,,,,,7.2,,ttth,20,5
B00,7540106,,,,7.25,,,,,5.5,6.2,ttth,30,7
D15,7810103,7.5,7.6,6.0,,,,,,,,ttth,33,4
A00,7340120,,,,7.5,,,,8.25,8.2,,ttth,4,1
A01,7480201,,,8.0,7.25,,,,7.4,,,ttth,16,0
D01,7340201,6.75,,9.2,7.8,,,,,,,ttth,8,2
D01,7340115,7.4,,7.4,8.5,,,,,,,ttth,3,1
D01,7340120,7.8,,7.4,7.0,,,,,,,ttth,4,1
A00,7540101,,,,6.5,,,,7.25,8.4,,ttth,28,7
D01,7810202,6.2,,6.4,7.75,,,,,,,ttth,35,4
D01,7510301,6.5,,7.0,6.6,,,,,,,ttth,20,5
D07,7540101,,,8.6,8.6,,,,,8.0,,ttth,28,7
A00,7420201,,,,7.4,,,,6.75,7.75,,ttth,13,7
D01,7510203,3.5,,6.0,7.2,,,,,,,ttth,19,5
D01,7480201,7.0,,9.2,6.6,,,,,,,ttth,16,0
D01,7510203,4.0,,4.8,7.2,,,,,,,ttth,19,5
A00,7510303,,,,5.5,,,,6.0,7.6,,ttth,21,5
D07,7480201,,,7.2,7.5,,,,,7.8,,ttth,16,0
D01,7340122,7.2,,7.6,8.5,,,,,,,ttth,5,1
A00,7340301,,,,8.4,,,,7.5,8.25,,ttth,10,2
B00,7540101,,,,7.75,,,,,7.75,6.8,ttth,28,7
A01,7340101,,,9.2,7.8,,,,7.5,,,ttth,2,1
A00,7520115,,,,5.5,,,,5.5,6.6,,ttth,27,6
B00,7540101,,,,7.75,,,,,6.25,6.6,ttth,28,7
A01,7540101,,,9.2,7.4,,,,7.5,,,ttth,28,7
D01,7340201,7.4,,7.6,8.5,,,,,,,ttth,8,2
A00,7340101,,,,8.2,,,,7.75,7.75,,ttth,2,1
A00,7340115,,,,7.25,,,,9.25,7.4,,ttth,3,1
A01,7480202,,,8.6,7.5,,,,7.0,,,ttth,17,0
D01,7380107,7.4,,7.6,7.5,,,,,,,ttth,12,8
A01,7340115,,,9.2,8.4,,,,7.25,,,ttth,3,1
A00,7480202,,,,6.6,,,,5.0,6.75,,ttth,17,0
D01,7480201,6.75,,7.4,8.4,,,,,,,ttth,16,0
D01,7510203,6.0,,7.8,6.75,,,,,,,ttth,19,5
A01,7510303,,,6.8,6.5,,,,7.2,,,ttth,21,5
D01,7480201,9.0,,7.4,7.75,,,,,,,ttth,16,0
D01,7340120,7.5,,8.6,7.4,,,,,,,ttth,4,1
A00,7510301,,,,6.0,,,,4.25,7.0,,ttth,20,5
A00,7810202,,,,7.25,,,,7.0,7.8,,ttth,35,4
A00,7340301,,,,8.25,,,,8.5,7.6,,ttth,10,2
D01,7510301,7.5,,3.6,7.4,,,,,,,ttth,20,5
D01,7810103,8.0,,6.8,7.4,,,,,,,ttth,33,4
A00,7480201,,,,7.5,,,,8.0,7.8,,ttth,16,0
A00,7340101,,,,7.75,,,,7.5,6.6,,ttth,2,1
D07,7510303,,,7.4,7.25,,,,,7.2,,ttth,21,5
D01,7380107,5.6,,6.4,7.5,,,,,,,ttth,12,8
D01,7480201,8.8,,7.8,6.75,,,,,,,ttth,16,0
D01,7480201,7.0,,6.2,8.0,,,,,,,ttth,16,0
D01,7510203,7.2,,7.4,6.5,,,,,,,ttth,19,5
A00,7810103,,,,8.2,,,,8.0,8.0,,ttth,33,4
D01,7340122,7.8,,8.0,8.25,,,,,,,ttth,5,1
B00,7540101,,,,9.0,,,,,8.0,6.75,ttth,28,7
D01,7340301,8.5,,6.4,8.4,,,,,,,ttth,10,2
D01,7480202,5.0,,4.4,8.2,,,,,,,ttth,17,0
D01,7510203,3.4,,7.2,6.0,,,,,,,ttth,19,5
A00,7340301,,,,8.4,,,,7.0,7.5,,ttth,10,2
D01,7340120,7.0,,7.2,8.25,,,,,,,ttth,4,1
D01,7510301,3.6,,6.2,7.25,,,,,,,ttth,20,5
A00,7510303,,,,7.4,,,,6.5,4.0,,ttth,21,5
D07,7540101,,,7.6,6.75,,,,,7.6,,ttth,28,7
B00,7420201,,,,8.4,,,,,7.5,7.25,ttth,13,7
D01,7520115,6.25,,8.0,6.0,,,,,,,ttth,27,6
D01,7340115,7.4,,7.8,7.5,,,,,,,ttth,3,1
A00,7480201,,,,7.8,,,,6.75,8.0,,ttth,16,0
A00,7340201,,,,7.75,,,,7.5,7.2,,ttth,8,2
A00,7340301,,,,7.75,,,,7.0,7.8,,ttth,10,2
B00,7540101,,,,8.2,,,,,7.0,8.5,ttth,28,7
D01,7340120,7.0,,8.0,8.0,,,,,,,ttth,4,1
A01,7510301,,,8.0,8.0,,,,6.8,,,ttth,20,5
A00,7420201,,,,6.25,,,,7.5,7.2,,ttth,13,7
A00,7340201,,,,7.25,,,,8.25,7.6,,ttth,8,2
D07,7540101,,,7.4,8.75,,,,,7.8,,ttth,28,7
A01,7340101,,,7.8,7.75,,,,8.0,,,ttth,2,1
D01,7340122,7.0,,7.8,7.0,,,,,,,ttth,5,1
A00,7510303,,,,6.5,,,,7.25,7.4,,ttth,21,5
A00,7540101,,,,7.5,,,,7.25,7.8,,ttth,28,7
A00,7480202,,,,6.75,,,,8.0,7.2,,ttth,17,0
D07,7540101,,,8.0,8.2,,,,,7.25,,ttth,28,7
A01,7480202,,,7.6,7.25,,,,7.6,,,ttth,17,0
A00,7340301,,,,8.0,,,,7.75,8.2,,ttth,10,2
D01,7480202,7.8,,6.0,8.0,,,,,,,ttth,17,0
D09,7220201,,,7.8,7.75,,,8.0,,,,ttth,0,8
A00,7480201,,,,8.6,,,,7.25,7.5,,ttth,16,0
D01,7220201,7.75,,9.2,6.8,,,,,,,ttth,0,8
A00,7340120,,,,9.0,,,,6.25,8.0,,ttth,4,1
A00,7340120,,,,7.6,,,,8.0,7.5,,ttth,4,1
D07,7510401,,,5.6,7.4,,,,,8.0,,ttth,22,6
A00,7510401,,,,7.75,,,,6.0,6.6,,ttth,22,6
A00,7340201,,,,6.5,,,,6.75,8.4,,ttth,8,2
A01,7480201,,,7.6,8.5,,,,8.6,,,ttth,16,0
D01,7220201,8.4,,6.8,8.0,,,,,,,ttth,0,8
D01,7220204,6.5,,8.8,7.0,,,,,,,ttth,1,8
A00,7540204,,,,6.25,,,,7.25,7.4,,ttth,31,6
D01,7340201,4.8,,7.8,7.5,,,,,,,ttth,8,2
D01,7220204,8.2,,8.0,7.25,,,,,,,ttth,1,8
A00,7819010,,,,7.25,,,,6.0,8.4,,ttth,37,4
A00,7480201,,,,7.0,,,,8.25,8.4,,ttth,16,0
D01,7340101,6.6,,7.0,8.0,,,,,,,ttth,2,1
D01,7810202,5.8,,6.2,7.0,,,,,,,ttth,35,4
A01,7480201,,,8.4,7.75,,,,7.4,,,ttth,16,0
A00,7340301,,,,7.75,,,,8.25,7.4,,ttth,10,2
A00,7340122,,,,7.5,,,,6.75,8.2,,ttth,5,1
D01,7510303,7.0,,6.8,7.25,,,,,,,ttth,21,5
D01,7810202,7.75,,7.0,7.6,,,,,,,ttth,35,4
A00,7510203,,,,7.4,,,,7.0,6.25,,ttth,19,5
D01,7480201,6.8,,7.6,7.25,,,,,,,ttth,16,0
D07,7540101,,,8.0,8.6,,,,,8.0,,ttth,28,7
D01,7340101,7.6,,7.8,7.25,,,,,,,ttth,2,1
A00,7380107,,,,8.2,,,,6.5,7.5,,ttth,12,8
D01,7510303,7.25,,4.6,6.0,,,,,,,ttth,21,5
A00,7340101,,,,8.6,,,,6.75,8.0,,ttth,2,1
A00,7850101,,,,5.25,,,,5.75,6.0,,ttth,38,7
A01,7380107,,,7.0,6.5,,,,5.6,,,ttth,12,8
D07,7480201,,,7.8,6.5,,,,,8.6,,ttth,16,0
D15,7810103,6.5,5.0,6.75,,,,,,,,ttth,33,4
A00,7340201,,,,7.25,,,,7.75,8.0,,ttth,8,2
A00,7810201,,,,7.25,,,,7.25,8.0,,ttth,34,4
D01,7810103,5.4,,6.2,6.75,,,,,,,ttth,33,4
A01,7540101,,,7.4,7.5,,,,7.8,,,ttth,28,7
D01,7340115,6.4,,8.0,8.25,,,,,,,ttth,3,1
A00,7510401,,,,7.4,,,,7.0,8.75,,ttth,22,6
A01,7480201,,,7.8,8.25,,,,9.0,,,ttth,16,0
A00,7480202,,,,7.6,,,,7.0,6.75,,ttth,17,0
B00,7540101,,,,7.0,,,,,7.25,7.8,ttth,28,7
D01,7340129,6.8,,6.2,7.25,,,,,,,ttth,7,7
A00,7540101,,,,7.5,,,,8.5,7.6,,ttth,28,7
A00,7340115,,,,7.75,,,,7.75,8.2,,ttth,3,1
D01,7510301,5.0,,7.2,6.5,,,,,,,ttth,20,5
A00,7480201,,,,7.8,,,,8.0,7.75,,ttth,16,0
D01,7510303,5.4,,8.4,7.5,,,,,,,ttth,21,5
D07,7520115,,,6.8,7.25,,,,,5.8,,ttth,27,6
D01,7340120,6.4,,7.0,7.75,,,,,,,ttth,4,1
D01,7510202,4.8,,6.6,6.5,,,,,,,ttth,18,5
D15,7380107,7.75,4.0,8.5,,,,,,,,ttth,12,8
D01,7340201,6.5,,8.6,7.6,,,,,,,ttth,8,2
D01,7340120,7.0,,6.6,7.75,,,,,,,ttth,4,1
D01,7340101,8.2,,7.6,7.5,,,,,,,ttth,2,1
A00,7510301,,,,7.4,,,,5.75,6.75,,ttth,20,5
D01,7480201,8.0,,7.0,7.25,,,,,,,ttth,16,0
D15,7810103,7.75,8.4,6.5,,,,,,,,ttth,33,4
D01,7220204,6.8,,6.6,7.25,,,,,,,ttth,1,8
D01,7340115,6.4,,8.2,8.0,,,,,,,ttth,3,1
A00,7340120,,,,7.5,,,,7.5,7.4,,ttth,4,1
D01,7510203,3.8,,7.0,5.0,,,,,,,ttth,19,5
A01,7540101,,,6.6,7.5,,,,8.2,,,ttth,28,7
A00,7340115,,,,8.4,,,,6.75,8.5,,ttth,3,1
A00,7480201,,,,8.2,,,,7.0,8.0,,ttth,16,0
D01,7340115,8.5,,8.0,7.6,,,,,,,ttth,3,1
A00,7340120,,,,7.0,,,,7.25,7.0,,ttth,4,1
B00,7540105,,,,6.0,,,,,5.25,5.0,ttth,29,7
D01,7480202,7.0,,7.2,6.0,,,,,,,ttth,17,0
D01,7340115,6.8,,7.2,9.25,,,,,,,ttth,3,1
A00,7510401,,,,6.8,,,,6.0,7.75,,ttth,22,6
D01,7340101,6.4,,7.6,8.25,,,,,,,ttth,2,1
A00,7510401,,,,8.0,,,,7.5,8.4,,ttth,22,6
D01,7540204,5.8,,8.0,6.5,,,,,,,ttth,31,6
A01,7380107,,,7.2,7.0,,,,7.4,,,ttth,12,8
A00,7480201,,,,6.25,,,,7.25,8.4,,ttth,16,0
A00,7380107,,,,7.25,,,,5.5,6.4,,ttth,12,8
A00,7480201,,,,8.4,,,,6.75,8.25,,ttth,16,0
A01,7340101,,,8.6,8.2,,,,8.25,,,ttth,2,1
D01,7810202,6.4,,6.0,9.0,,,,,,,ttth,35,4
D01,7810202,8.0,,7.0,6.8,,,,,,,ttth,35,4
A01,7340115,,,7.6,6.75,,,,8.4,,,ttth,3,1
A00,7510202,,,,8.0,,,,7.5,6.0,,ttth,18,5
B00,7420201,,,,6.5,,,,,6.25,8.6,ttth,13,7
D01,7810103,6.4,,7.4,7.75,,,,,,,ttth,33,4
A01,7480202,,,8.0,7.0,,,,7.2,,,ttth,17,0
D07,7540101,,,7.6,9.25,,,,,7.8,,ttth,28,7
D01,7340201,7.5,,7.4,7.4,,,,,,,ttth,8,2
D07,7480201,,,7.4,7.25,,,,,6.0,,ttth,16,0
A00,7340129,,,,7.0,,,,6.5,7.6,,ttth,7,7
A00,7340101,,,,7.5,,,,7.25,8.6,,ttth,2,1
A00,7480201,,,,7.2,,,,8.0,8.0,,ttth,16,0
A01,7480201,,,9.0,8.2,,,,6.0,,,ttth,16,0
A01,7340101,,,8.4,8.2,,,,7.0,,,ttth,2,1
D01,7480202,6.4,,6.6,7.5,,,,,,,ttth,17,0
A00,7340201,,,,7.5,,,,7.75,7.4,,ttth,8,2
D01,7480201,7.0,,7.6,6.5,,,,,,,ttth,16,0
A01,7340201,,,8.8,8.0,,,,6.25,,,ttth,8,2
D01,7220201,6.75,,8.4,8.8,,,,,,,ttth,0,8
D01,7480201,7.4,,6.8,7.75,,,,,,,ttth,16,0
D01,7510303,6.6,,8.2,7.0,,,,,,,ttth,21,5
A01,7340201,,,7.2,7.75,,,,9.0,,,ttth,8,2
D01,7480202,7.6,,7.8,7.25,,,,,,,ttth,17,0
D01,7480202,8.25,,6.6,6.4,,,,,,,ttth,17,0
D01,7380107,6.0,,5.8,7.5,,,,,,,ttth,12,8
A01,7340115,,,7.6,7.75,,,,7.6,,,ttth,3,1
D07,7540101,,,8.2,8.0,,,,,8.0,,ttth,28,7
A00,7340101,,,,7.6,,,,8.0,8.0,,ttth,2,1
A00,7340301,,,,8.6,,,,7.25,7.5,,ttth,10,2
A00,7340201,,,,6.0,,,,7.5,7.4,,ttth,8,2
A00,7380107,,,,7.6,,,,7.0,7.25,,ttth,12,8
B00,7420201,,,,4.8,,,,,6.25,5.5,ttth,13,7
A00,7340101,,,,8.25,,,,7.75,7.0,,ttth,2,1
D01,7220201,8.2,,7.2,7.5,,,,,,,ttth,0,8
D01,7220204,8.5,,7.0,8.0,,,,,,,ttth,1,8
A01,7340101,,,7.8,8.25,,,,7.8,,,ttth,2,1
A00,7340101,,,,7.0,,,,7.5,7.2,,ttth,2,1
D09,7220201,,,6.8,7.5,,,7.8,,,,ttth,0,8
A00,7510303,,,,7.25,,,,6.5,7.8,,ttth,21,5
A00,7340101,,,,6.25,,,,7.5,7.2,,ttth,2,1
D01,7810202,6.5,,8.6,8.6,,,,,,,ttth,35,4
D07,7510401,,,7.4,6.75,,,,,7.2,,ttth,22,6
D01,7810201,7.25,,8.6,7.4,,,,,,,ttth,34,4
A01,7480201,,,7.8,8.4,,,,7.5,,,ttth,16,0
A00,7340115,,,,8.0,,,,8.0,7.4,,ttth,3,1
A00,7480201,,,,7.0,,,,7.5,7.4,,ttth,16,0
D01,7220201,7.0,,7.0,9.0,,,,,,,ttth,0,8
A00,7540204,,,,6.6,,,,7.0,7.75,,ttth,31,6
A00,7340115,,,,7.75,,,,8.25,7.8,,ttth,3,1
A00,7380107,,,,7.8,,,,6.25,8.25,,ttth,12,8
B00,7510401,,,,7.4,,,,,7.5,6.75,ttth,22,6
A00,7340101,,,,7.25,,,,8.25,8.2,,ttth,2,1
A01,7480201,,,8.2,7.6,,,,7.25,,,ttth,16,0
D01,7340301,7.6,,7.4,8.0,,,,,,,ttth,10,2
D07,7819009,,,6.4,6.5,,,,,6.0,,ttth,36,4
D07,7480201,,,7.4,9.0,,,,,7.8,,ttth,16,0
D01,7480202,5.75,,8.0,6.6,,,,,,,ttth,17,0
A00,7480201,,,,7.8,,,,6.75,7.75,,ttth,16,0
D01,7340101,7.2,,7.2,7.75,,,,,,,ttth,2,1
A00,7510401,,,,5.25,,,,5.75,6.8,,ttth,22,6
B00,7819010,,,,6.0,,,,,6.5,6.8,ttth,37,4
D01,7340123,5.2,,7.8,7.25,,,,,,,ttth,6,3
D01,7220204,7.75,,8.0,7.6,,,,,,,ttth,1,8
D07,7480201,,,7.2,7.25,,,,,8.0,,ttth,16,0
A00,7510401,,,,6.75,,,,7.75,8.4,,ttth,22,6
A00,7340120,,,,7.25,,,,8.5,6.8,,ttth,4,1
A00,7380107,,,,6.25,,,,7.5,7.2,,ttth,12,8
A00,7480202,,,,7.5,,,,7.5,7.6,,ttth,17,0
A01,7340201,,,8.6,8.0,,,,7.75,,,ttth,8,2
D01,7480201,7.75,,7.0,7.4,,,,,,,ttth,16,0
D01,7340115,7.25,,8.4,7.6,,,,,,,ttth,3,1
D01,7510303,5.25,,5.6,7.0,,,,,,,ttth,21,5
D01,7340301,7.5,,6.6,8.0,,,,,,,ttth,10,2
A00,7340120,,,,7.5,,,,8.25,7.6,,ttth,4,1
A00,7480201,,,,8.2,,,,7.25,8.25,,ttth,16,0
D01,7340301,8.0,,7.6,7.6,,,,,,,ttth,10,2
D15,7810103,6.75,5.8,8.0,,,,,,,,ttth,33,4
D01,7340201,8.4,,8.6,8.0,,,,,,,ttth,8,2
D01,7340101,7.4,,7.8,7.5,,,,,,,ttth,2,1
D01,7340122,6.6,,7.0,8.5,,,,,,,ttth,5,1
A00,7510401,,,,7.25,,,,7.5,7.4,,ttth,22,6
B00,7819009,,,,6.25,,,,,6.25,6.6,ttth,36,4
A00,7340201,,,,7.25,,,,8.0,7.6,,ttth,8,2
D01,7480201,7.0,,8.2,7.2,,,,,,,ttth,16,0
B00,7420201,,,,6.75,,,,,7.5,7.4,ttth,13,7
D01,7810201,7.2,,6.4,7.25,,,,,,,ttth,34,4
D01,7380107,9.0,,5.8,7.2,,,,,,,ttth,12,8
A00,7340101,,,,8.6,,,,7.5,7.25,,ttth,2,1
A00,7340205,,,,4.0,,,,7.75,6.8,,ttth,9,2
A00,7340129,,,,7.25,,,,7.25,6.4,,ttth,7,7
D01,7380107,6.5,,7.8,7.8,,,,,,,ttth,12,8
D01,7540204,7.75,,4.0,7.4,,,,,,,ttth,31,6
D01,7340115,7.75,,9.0,7.4,,,,,,,ttth,3,1
A00,7480201,,,,7.0,,,,8.0,8.0,,ttth,16,0
D01,7340122,5.8,,8.2,8.5,,,,,,,ttth,5,1
A00,7340115,,,,7.25,,,,7.75,8.6,,ttth,3,1
D01,7480201,8.0,,7.4,8.0,,,,,,,ttth,16,0
A00,7510301,,,,7.4,,,,5.75,6.25,,ttth,20,5
A00,7340120,,,,8.25,,,,7.25,8.2,,ttth,4,1
D01,7810201,8.0,,6.4,6.5,,,,,,,ttth,34,4
D01,7340201,7.0,,9.2,7.6,,,,,,,ttth,8,2
A01,7220204,,,7.2,7.5,,,,6.6,,,ttth,1,8
A00,7480202,,,,6.25,,,,6.25,7.2,,ttth,17,0
A00,7340101,,,,7.5,,,,8.5,6.0,,ttth,2,1
D01,7480201,7.0,,7.2,8.6,,,,,,,ttth,16,0
A01,7510203,,,7.4,7.25,,,,8.2,,,ttth,19,5
A00,7340115,,,,7.5,,,,8.25,7.6,,ttth,3,1
A00,7340201,,,,7.0,,,,8.75,7.8,,ttth,8,2
D01,7340301,6.75,,8.6,7.8,,,,,,,ttth,10,2
D01,7340205,4.8,,6.8,6.5,,,,,,,ttth,9,2
A00,7540101,,,,8.0,,,,6.75,7.4,,ttth,28,7
D01,7510303,6.4,,7.2,6.5,,,,,,,ttth,21,5
D01,7340201,8.5,,7.2,7.4,,,,,,,ttth,8,2
D01,7810201,7.25,,8.4,7.8,,,,,,,ttth,34,4
A01,7380107,,,7.6,8.25,,,,6.6,,,ttth,12,8
D07,7460108,,,7.6,8.0,,,,,6.0,,ttth,14,0
A00,7510301,,,,5.75,,,,7.25,7.6,,ttth,20,5
D01,7480201,9.0,,7.8,8.0,,,,,,,ttth,16,0
D15,7380107,7.5,4.4,7.5,,,,,,,,ttth,12,8
A01,7510203,,,8.8,5.25,,,,7.6,,,ttth,19,5
A01,7380107,,,8.4,7.4,,,,7.75,,,ttth,12,8
A00,7810201,,,,6.0,,,,7.5,7.4,,ttth,34,4
A00,7340115,,,,7.75,,,,8.0,7.4,,ttth,3,1
A00,7340101,,,,7.5,,,,6.75,8.0,,ttth,2,1
D01,7810202,7.25,,7.2,8.8,,,,,,,ttth,35,4
D01,7510203,5.2,,5.8,6.25,,,,,,,ttth,19,5
A01,7480202,,,7.2,7.2,,,,6.5,,,ttth,17,0
D01,7340115,7.2,,7.6,8.0,,,,,,,ttth,3,1
D01,7810201,6.8,,7.2,8.25,,,,,,,ttth,34,4
D01,7510202,5.0,,5.8,6.5,,,,,,,ttth,18,5
D01,7510202,6.6,,7.0,6.5,,,,,,,ttth,18,5
A00,7340201,,,,7.0,,,,6.75,8.2,,ttth,8,2
D01,7340101,7.0,,7.0,8.25,,,,,,,ttth,2,1
A00,7540101,,,,6.75,,,,8.25,7.6,,ttth,28,7
D01,7220201,8.75,,9.2,7.2,,,,,,,ttth,0,8
D01,7340123,7.8,,7.0,7.0,,,,,,,ttth,6,3
D01,7380107,7.5,,6.6,8.0,,,,,,,ttth,12,8
A00,7540101,,,,9.0,,,,8.25,7.75,,ttth,28,7
D07,7480201,,,7.4,7.75,,,,,9.0,,ttth,16,0
D01,7810201,8.0,,6.6,7.2,,,,,,,ttth,34,4
A00,7850101,,,,8.0,,,,7.5,7.75,,ttth,38,7
A00,7540101,,,,8.75,,,,8.0,7.0,,ttth,28,7
D15,7810201,6.75,4.4,7.0,,,,,,,,ttth,34,4
B00,7850101,,,,6.4,,,,,6.5,5.0,ttth,38,7
D01,7340129,5.2,,6.4,6.5,,,,,,,ttth,7,7
A00,7810201,,,,7.6,,,,7.0,7.75,,ttth,34,4
A01,7340101,,,8.4,8.8,,,,6.75,,,ttth,2,1
D01,7480201,7.6,,7.4,6.5,,,,,,,ttth,16,0
A00,7340101,,,,7.0,,,,8.0,7.4,,ttth,2,1
A00,7380107,,,,7.75,,,,8.0,7.2,,ttth,12,8
D01,7220201,8.5,,7.6,7.6,,,,,,,ttth,0,8
A00,7520115,,,,6.0,,,,5.0,6.2,,ttth,27,6
A00,7340301,,,,7.0,,,,8.25,8.0,,ttth,10,2
A00,7510202,,,,4.75,,,,4.75,7.6,,ttth,18,5
A00,7340101,,,,7.75,,,,7.75,8.0,,ttth,2,1
A00,7480201,,,,6.0,,,,6.75,8.2,,ttth,16,0
D01,7340120,7.4,,7.6,8.25,,,,,,,ttth,4,1
A01,7540204,,,5.8,7.8,,,,6.5,,,ttth,31,6
D01,7480201,9.4,,8.0,6.75,,,,,,,ttth,16,0
A00,7340115,,,,8.4,,,,7.25,8.0,,ttth,3,1
A00,7510401,,,,6.0,,,,7.75,7.4,,ttth,22,6
A00,7340301,,,,6.75,,,,8.75,7.2,,ttth,10,2
A00,7510401,,,,5.0,,,,6.5,5.6,,ttth,22,6
B00,7819010,,,,6.25,,,,,5.75,7.0,ttth,37,4
A00,7340115,,,,8.25,,,,8.25,7.0,,ttth,3,1
D01,7510303,5.0,,8.0,7.75,,,,,,,ttth,21,5
D09,7220204,,,6.8,9.0,,,5.4,,,,ttth,1,8
D01,7340115,7.8,,6.8,7.75,,,,,,,ttth,3,1
D01,7380107,7.75,,6.8,6.6,,,,,,,ttth,12,8
D01,7340129,4.8,,6.2,7.25,,,,,,,ttth,7,7
A01,7340201,,,8.4,7.8,,,,8.0,,,ttth,8,2
A01,7340101,,,9.0,8.0,,,,8.25,,,ttth,2,1
D15,7380107,7.0,7.8,7.0,,,,,,,,ttth,12,8
A00,7340201,,,,7.8,,,,7.5,8.0,,ttth,8,2
D01,7510303,6.25,,4.6,6.4,,,,,,,ttth,21,5
D01,7480202,6.0,,6.4,7.8,,,,,,,ttth,17,0
D01,7220204,9.0,,7.2,6.6,,,,,,,ttth,1,8
D07,7540106,,,7.0,7.6,,,,,7.5,,ttth,30,7
A00,7819010,,,,6.5,,,,7.5,8.2,,ttth,37,4
A01,7510301,,,7.6,8.0,,,,6.5,,,ttth,20,5
D01,7340201,8.5,,6.2,7.4,,,,,,,ttth,8,2
A00,7540101,,,,7.25,,,,8.0,7.2,,ttth,28,7
A00,7540101,,,,7.5,,,,8.0,8.0,,ttth,28,7
D07,7540106,,,7.4,6.5,,,,,7.0,,ttth,30,7
A00,7510203,,,,6.5,,,,7.5,6.6,,ttth,19,5
A00,7340129,,,,8.0,,,,7.75,7.6,,ttth,7,7
D01,7810202,6.25,,8.0,7.6,,,,,,,ttth,35,4
D01,7220204,7.75,,8.2,6.8,,,,,,,ttth,1,8
A00,7810202,,,,7.25,,,,7.75,7.8,,ttth,35,4
A00,7810202,,,,6.5,,,,7.5,8.0,,ttth,35,4
D01,7510303,6.75,,5.6,7.6,,,,,,,ttth,21,5
D01,7340201,8.5,,7.2,7.2,,,,,,,ttth,8,2
D01,7340201,7.5,,7.8,7.6,,,,,,,ttth,8,2
D07,7540106,,,6.0,7.8,,,,,7.25,,ttth,30,7
A01,7340120,,,8.2,8.5,,,,7.0,,,ttth,4,1
D01,7460108,6.4,,7.6,8.75,,,,,,,ttth,14,0
D01,7340201,7.75,,8.0,7.8,,,,,,,ttth,8,2
A00,7340101,,,,9.0,,,,6.75,8.25,,ttth,2,1
D01,7340201,8.0,,7.6,5.75,,,,,,,ttth,8,2
A00,7340101,,,,7.75,,,,7.5,7.0,,ttth,2,1
D07,7510203,,,7.0,7.5,,,,,6.4,,ttth,19,5
A01,7810201,,,7.8,6.75,,,,8.6,,,ttth,34,4
D01,7340120,7.4,,8.2,7.75,,,,,,,ttth,4,1
A01,7480201,,,6.8,7.6,,,,7.75,,,ttth,16,0
D01,7540204,4.8,,6.2,4.5,,,,,,,ttth,31,6
A00,7510401,,,,7.75,,,,7.5,8.2,,ttth,22,6
D01,7520115,5.4,,6.2,7.0,,,,,,,ttth,27,6
D01,7340115,7.8,,7.8,8.0,,,,,,,ttth,3,1
A00,7340115,,,,8.0,,,,8.0,7.4,,ttth,3,1
A00,7340122,,,,8.0,,,,7.75,7.4,,ttth,5,1
D01,7340301,6.6,,8.2,7.0,,,,,,,ttth,10,2
D01,7340101,8.75,,7.6,7.6,,,,,,,ttth,2,1
A00,7540101,,,,6.5,,,,7.25,7.4,,ttth,28,7
B00,7540101,,,,7.0,,,,,9.25,8.0,ttth,28,7
D09,7220201,,,5.6,8.25,,,7.8,,,,ttth,0,8
D07,7480201,,,7.0,7.75,,,,,6.6,,ttth,16,0
A00,7340120,,,,6.5,,,,7.75,7.6,,ttth,4,1
B00,7540101,,,,8.25,,,,,7.0,8.0,ttth,28,7
D01,7810202,7.25,,8.6,7.8,,,,,,,ttth,35,4
A00,7480201,,,,7.8,,,,7.0,7.5,,ttth,16,0
D01,7540204,7.5,,4.6,7.2,,,,,,,ttth,31,6
D01,7340101,8.25,,8.6,6.6,,,,,,,ttth,2,1
A01,7340201,,,8.0,6.5,,,,8.2,,,ttth,8,2
A00,7340120,,,,8.25,,,,7.25,7.8,,ttth,4,1
A00,7340201,,,,7.5,,,,7.75,7.8,,ttth,8,2
D01,7340201,7.75,,7.4,7.6,,,,,,,ttth,8,2
A00,7380107,,,,5.75,,,,6.0,7.2,,ttth,12,8
D01,7340129,6.5,,7.2,6.4,,,,,,,ttth,7,7
A01,7480201,,,8.2,7.25,,,,7.6,,,ttth,16,0
A00,7480202,,,,6.5,,,,7.0,7.0,,ttth,17,0
A00,7460108,,,,6.75,,,,6.75,6.2,,ttth,14,0
D07,7510303,,,8.0,7.5,,,,,8.0,,ttth,21,5
B00,7420201,,,,5.5,,,,,7.5,7.4,ttth,13,7
D01,7340120,7.2,,8.0,7.5,,,,,,,ttth,4,1
D01,7340120,8.25,,9.0,8.2,,,,,,,ttth,4,1
A00,7340120,,,,9.0,,,,8.75,7.6,,ttth,4,1
D01,7480202,6.2,,7.8,6.0,,,,,,,ttth,17,0
A00,7480201,,,,7.5,,,,6.5,8.2,,ttth,16,0
D01,7510301,6.5,,5.4,7.2,,,,,,,ttth,20,5
D01,7340301,8.4,,7.8,7.5,,,,,,,ttth,10,2
D07,7480201,,,7.2,8.0,,,,,5.6,,ttth,16,0
A01,7340120,,,6.6,6.25,,,,9.2,,,ttth,4,1
A00,7340122,,,,7.0,,,,7.75,7.2,,ttth,5,1
A00,7340115,,,,8.25,,,,8.25,7.6,,ttth,3,1
D01,7480202,7.4,,7.8,8.0,,,,,,,ttth,17,0
D15,7810103,5.5,5.4,7.0,,,,,,,,ttth,33,4
B00,7819009,,,,7.25,,,,,7.75,6.2,ttth,36,4
D01,7480202,5.5,,7.4,7.0,,,,,,,ttth,17,0
D01,7340129,6.0,,6.8,6.75,,,,,,,ttth,7,7
A01,7340123,,,7.8,7.5,,,,6.6,,,ttth,6,3
A00,7340301,,,,7.0,,,,7.5,8.0,,ttth,10,2
D01,7220201,7.4,,6.4,6.75,,,,,,,ttth,0,8
A01,7340201,,,7.6,8.6,,,,7.0,,,ttth,8,2
A00,7340120,,,,7.75,,,,8.0,7.6,,ttth,4,1
D15,7810202,7.0,6.8,7.25,,,,,,,,ttth,35,4
D07,7480202,,,5.6,6.5,,,,,5.6,,ttth,17,0
A00,7340101,,,,8.4,,,,8.0,7.0,,ttth,2,1
D07,7510203,,,6.2,7.2,,,,,7.0,,ttth,19,5
A00,7540101,,,,8.0,,,,7.75,8.5,,ttth,28,7
D07,7540106,,,6.8,7.0,,,,,7.75,,ttth,30,7
D01,7540204,7.5,,5.6,5.2,,,,,,,ttth,31,6
A00,7340101,,,,7.4,,,,8.25,8.0,,ttth,2,1
A01,7340101,,,8.0,7.75,,,,7.0,,,ttth,2,1
D15,7380107,7.0,6.2,8.5,,,,,,,,ttth,12,8
D01,7340129,8.0,,7.4,7.25,,,,,,,ttth,7,7
A00,7340115,,,,8.2,,,,8.0,7.75,,ttth,3,1
A00,7340122,,,,7.25,,,,7.75,7.4,,ttth,5,1
A00,7340129,,,,6.0,,,,8.5,7.6,,ttth,7,7
A00,7510401,,,,7.5,,,,7.25,7.0,,ttth,22,6
A00,7510303,,,,6.25,,,,7.5,8.2,,ttth,21,5
D01,7510203,4.2,,7.2,7.0,,,,,,,ttth,19,5
A00,7480201,,,,7.75,,,,7.5,8.0,,ttth,16,0
D01,7340120,8.5,,7.2,8.0,,,,,,,ttth,4,1
A00,7340122,,,,7.5,,,,8.25,6.6,,ttth,5,1
D01,7340115,7.6,,8.2,8.0,,,,,,,ttth,3,1
B00,7420201,,,,8.5,,,,,7.5,7.4,ttth,13,7
D01,7340201,7.75,,7.4,8.0,,,,,,,ttth,8,2
A00,7340115,,,,7.0,,,,8.5,7.4,,ttth,3,1
A01,7340115,,,7.8,8.25,,,,8.0,,,ttth,3,1
A00,7340205,,,,8.0,,,,7.75,9.0,,ttth,9,2
A00,7480201,,,,7.5,,,,7.5,7.4,,ttth,16,0
A01,7340201,,,9.0,7.8,,,,6.75,,,ttth,8,2
A00,7340101,,,,8.25,,,,8.25,8.8,,ttth,2,1
A00,7480201,,,,6.25,,,,8.25,7.2,,ttth,16,0
D01,7340301,8.0,,6.8,7.8,,,,,,,ttth,10,2
D01,7380107,6.4,,6.2,8.25,,,,,,,ttth,12,8
D01,7520115,4.0,,6.8,6.75,,,,,,,ttth,27,6
D01,7340115,7.2,,7.8,8.25,,,,,,,ttth,3,1
A00,7340101,,,,6.75,,,,7.75,8.2,,ttth,2,1
D01,7510301,7.5,,7.0,7.6,,,,,,,ttth,20,5
D01,7340201,7.5,,7.6,7.8,,,,,,,ttth,8,2
A00,7340115,,,,8.5,,,,7.0,7.2,,ttth,3,1
D01,7340123,4.8,,8.0,7.75,,,,,,,ttth,6,3
A01,7340101,,,7.4,7.25,,,,6.8,,,ttth,2,1
A00,7480201,,,,7.25,,,,8.0,8.0,,ttth,16,0
D01,7380107,8.25,,5.8,7.2,,,,,,,ttth,12,8
D01,7510202,6.25,,5.8,5.4,,,,,,,ttth,18,5
A01,7220204,,,8.0,7.75,,,,6.2,,,ttth,1,8
A01,7480201,,,6.6,7.6,,,,7.75,,,ttth,16,0
D01,7480201,7.0,,8.4,8.2,,,,,,,ttth,16,0
A01,7420201,,,8.0,6.75,,,,7.8,,,ttth,13,7
D01,7480201,6.75,,9.0,7.0,,,,,,,ttth,16,0
D01,7810103,7.4,,7.0,7.5,,,,,,,ttth,33,4
D01,7480201,6.6,,7.4,7.5,,,,,,,ttth,16,0
A00,7340101,,,,7.5,,,,7.25,8.4,,ttth,2,1
D01,7510203,7.5,,5.2,5.6,,,,,,,ttth,19,5
A00,7540106,,,,7.4,,,,7.5,6.0,,ttth,30,7
A00,7540106,,,,7.0,,,,7.0,6.6,,ttth,30,7
D01,7220201,9.0,,7.0,7.5,,,,,,,ttth,0,8
A00,7540106,,,,7.0,,,,7.25,8.0,,ttth,30,7
A00,7340101,,,,6.75,,,,7.25,6.6,,ttth,2,1
D01,7510202,7.2,,4.4,6.5,,,,,,,ttth,18,5
D01,7340301,7.0,,8.8,7.8,,,,,,,ttth,10,2
A01,7480202,,,6.2,8.0,,,,7.25,,,ttth,17,0
D01,7810201,7.5,,8.0,6.6,,,,,,,ttth,34,4
D01,7480201,6.0,,7.0,7.5,,,,,,,ttth,16,0
D01,7810103,5.8,,5.8,7.75,,,,,,,ttth,33,4
A00,7340201,,,,8.2,,,,7.75,7.75,,ttth,8,2
A01,7220201,,,9.0,7.8,,,,6.75,,,ttth,0,8
D01,7810103,6.2,,7.2,5.25,,,,,,,ttth,33,4
D01,7340101,7.75,,8.0,7.4,,,,,,,ttth,2,1
A00,7340201,,,,6.75,,,,7.0,7.2,,ttth,8,2
B00,7540106,,,,6.8,,,,,6.25,5.5,ttth,30,7
D07,7540106,,,9.4,8.2,,,,,7.25,,ttth,30,7
A00,7540101,,,,7.25,,,,6.5,7.6,,ttth,28,7
D01,7480201,6.6,,7.8,6.5,,,,,,,ttth,16,0
D07,7480201,,,8.8,8.25,,,,,7.6,,ttth,16,0
B00,7420201,,,,5.4,,,,,7.25,6.5,ttth,13,7
D01,7340120,7.5,,8.6,7.8,,,,,,,ttth,4,1
A01,7810201,,,9.0,6.8,,,,7.25,,,ttth,34,4
A00,7420201,,,,6.5,,,,7.0,7.2,,ttth,13,7
A00,7340301,,,,7.5,,,,8.25,6.8,,ttth,10,2
A00,7340129,,,,7.2,,,,6.5,7.5,,ttth,7,7
D01,7340122,7.4,,7.0,7.75,,,,,,,ttth,5,1
A01,7810202,,,8.6,7.2,,,,8.0,,,ttth,35,4
A01,7340101,,,8.6,8.0,,,,7.25,,,ttth,2,1
A00,7850101,,,,7.2,,,,4.75,4.75,,ttth,38,7
A00,7510401,,,,6.0,,,,7.75,7.0,,ttth,22,6
D01,7810202,8.25,,6.0,7.8,,,,,,,ttth,35,4
D07,7340205,,,6.8,8.25,,,,,7.0,,ttth,9,2
A00,7480201,,,,7.5,,,,8.25,7.0,,ttth,16,0
A00,7340201,,,,7.0,,,,7.75,7.2,,ttth,8,2
D01,7220201,7.75,,7.4,8.2,,,,,,,ttth,0,8
A00,7340120,,,,7.5,,,,8.0,8.6,,ttth,4,1
A01,7480201,,,7.6,6.75,,,,7.2,,,ttth,16,0
D01,7340129,7.2,,7.2,8.0,,,,,,,ttth,7,7
A00,7540101,,,,7.5,,,,8.5,7.4,,ttth,28,7
D01,7340301,7.25,,8.0,8.4,,,,,,,ttth,10,2
D01,7810103,7.0,,8.6,7.4,,,,,,,ttth,33,4
A00,7340101,,,,7.75,,,,7.0,7.8,,ttth,2,1
D01,7340205,6.0,,5.8,6.5,,,,,,,ttth,9,2
B00,7540101,,,,7.0,,,,,7.5,6.8,ttth,28,7
D01,7510202,5.6,,6.2,4.75,,,,,,,ttth,18,5
D01,7510203,6.5,,9.0,6.0,,,,,,,ttth,19,5
A00,7810103,,,,7.0,,,,8.25,7.75,,ttth,33,4
D01,7220201,8.8,,7.0,6.25,,,,,,,ttth,0,8
A00,7380107,,,,6.25,,,,8.0,8.0,,ttth,12,8
D01,7340301,6.8,,7.4,7.5,,,,,,,ttth,10,2
D01,7480201,8.4,,7.4,7.5,,,,,,,ttth,16,0
A01,7540106,,,7.8,8.25,,,,6.4,,,ttth,30,7
D07,7540101,,,7.2,8.25,,,,,8.6,,ttth,28,7
A00,7340115,,,,7.0,,,,8.25,8.4,,ttth,3,1
A00,7340115,,,,7.25,,,,7.0,7.8,,ttth,3,1
D01,7480201,8.2,,7.2,7.0,,,,,,,ttth,16,0
A01,7480201,,,8.0,8.0,,,,8.2,,,ttth,16,0
D01,7340101,6.4,,8.0,6.75,,,,,,,ttth,2,1
D01,7480201,6.4,,8.2,7.75,,,,,,,ttth,16,0
A01,7340201,,,8.6,8.0,,,,7.5,,,ttth,8,2
D01,7540204,5.75,,4.0,6.8,,,,,,,ttth,31,6
D01,7810103,8.25,,7.6,7.8,,,,,,,ttth,33,4
A00,7340201,,,,7.75,,,,7.0,7.4,,ttth,8,2
D01,7480201,7.8,,6.4,7.0,,,,,,,ttth,16,0
A01,7480201,,,7.0,7.8,,,,8.0,,,ttth,16,0
A00,7540101,,,,8.25,,,,7.25,8.0,,ttth,28,7
B00,7540101,,,,7.25,,,,,8.5,7.2,ttth,28,7
D01,7480201,7.8,,7.6,8.25,,,,,,,ttth,16,0
A01,7480201,,,8.4,8.0,,,,7.2,,,ttth,16,0
A00,7810201,,,,7.5,,,,7.0,7.4,,ttth,34,4
D07,7510303,,,7.0,7.5,,,,,6.0,,ttth,21,5
A00,7540106,,,,6.75,,,,6.5,7.8,,ttth,30,7
D01,7340120,7.4,,8.0,7.5,,,,,,,ttth,4,1
D01,7340301,8.8,,7.0,7.75,,,,,,,ttth,10,2
A01,7220201,,,9.2,6.8,,,,6.75,,,ttth,0,8
D15,7380107,8.0,7.6,8.25,,,,,,,,ttth,12,8
D01,7810202,8.25,,8.0,7.4,,,,,,,ttth,35,4
D01,7340120,8.0,,7.2,8.0,,,,,,,ttth,4,1
A01,7480201,,,8.2,7.25,,,,8.6,,,ttth,16,0
D01,7340201,8.25,,8.6,7.0,,,,,,,ttth,8,2
A01,7480201,,,7.8,8.0,,,,7.25,,,ttth,16,0
A00,7340301,,,,7.25,,,,8.25,8.0,,ttth,10,2
D01,7810201,7.8,,8.0,7.25,,,,,,,ttth,34,4
A00,7510203,,,,7.0,,,,7.25,5.25,,ttth,19,5
D01,7810201,6.8,,7.6,7.0,,,,,,,ttth,34,4
A00,7340201,,,,7.25,,,,7.0,7.0,,ttth,8,2
A01,7220201,,,8.2,6.25,,,,9.0,,,ttth,0,8
A00,7340205,,,,5.75,,,,6.25,7.6,,ttth,9,2
D01,7220201,8.0,,6.8,6.25,,,,,,,ttth,0,8
D01,7480202,7.75,,7.6,8.0,,,,,,,ttth,17,0
D01,7480202,4.6,,6.2,6.0,,,,,,,ttth,17,0
B00,7540101,,,,7.75,,,,,6.75,8.2,ttth,28,7
A00,7540101,,,,8.4,,,,7.0,8.25,,ttth,28,7
D01,7510301,4.2,,5.8,6.5,,,,,,,ttth,20,5
A00,7510301,,,,7.6,,,,6.25,7.75,,ttth,20,5
A00,7540204,,,,5.0,,,,7.0,7.0,,ttth,31,6
D01,7810103,7.2,,6.6,9.0,,,,,,,ttth,33,4
A00,7340301,,,,7.0,,,,7.5,8.6,,ttth,10,2
D01,7340120,7.6,,6.6,7.75,,,,,,,ttth,4,1
A01,7340301,,,8.4,7.8,,,,7.75,,,ttth,10,2
A00,7850101,,,,6.5,,,,7.0,8.0,,ttth,38,7
A01,7480201,,,8.6,8.2,,,,7.0,,,ttth,16,0
D07,7480201,,,7.8,6.8,,,,,8.75,,ttth,16,0
A01,7340101,,,8.6,8.0,,,,6.6,,,ttth,2,1
A00,7340120,,,,7.5,,,,8.0,8.0,,ttth,4,1
A00,7510303,,,,6.75,,,,6.5,8.6,,ttth,21,5
D01,7340120,8.2,,7.0,8.25,,,,,,,ttth,4,1
A00,7540101,,,,7.75,,,,7.75,8.2,,ttth,28,7
D07,7480202,,,8.4,8.5,,,,,7.6,,ttth,17,0
D01,7510203,5.25,,6.0,7.8,,,,,,,ttth,19,5
D01,7810103,5.0,,6.6,6.5,,,,,,,ttth,33,4
D07,7510401,,,8.0,7.4,,,,,8.0,,ttth,22,6
D01,7510203,6.25,,6.4,7.2,,,,,,,ttth,19,5
D07,7480201,,,7.6,7.75,,,,,7.6,,ttth,16,0
D01,7340129,6.2,,8.2,8.25,,,,,,,ttth,7,7
A01,7480201,,,8.0,7.5,,,,8.6,,,ttth,16,0
D01,7220201,6.6,,6.8,8.75,,,,,,,ttth,0,8
D01,7510203,7.6,,7.2,6.75,,,,,,,ttth,19,5
D01,7810201,6.2,,6.8,7.75,,,,,,,ttth,34,4
D01,7520115,4.0,,6.2,7.0,,,,,,,ttth,27,6
A00,7510203,,,,6.75,,,,6.5,8.2,,ttth,19,5
D01,7480201,7.0,,9.0,7.0,,,,,,,ttth,16,0
D01,7340201,7.6,,5.6,8.5,,,,,,,ttth,8,2
D01,7510303,5.5,,7.4,5.6,,,,,,,ttth,21,5
A00,7810201,,,,7.6,,,,6.5,8.25,,ttth,34,4
A00,7480202,,,,7.75,,,,7.25,8.0,,ttth,17,0
D01,7220201,8.0,,7.6,7.8,,,,,,,ttth,0,8
D07,7510401,,,7.4,7.8,,,,,7.75,,ttth,22,6
A01,7510203,,,7.2,7.75,,,,7.0,,,ttth,19,5
B00,7819010,,,,8.0,,,,,6.75,7.6,ttth,37,4
A00,7340115,,,,8.5,,,,8.25,7.4,,ttth,3,1
D01,7810201,5.6,,7.6,6.25,,,,,,,ttth,34,4
A00,7510401,,,,7.4,,,,7.5,7.5,,ttth,22,6
D07,7540101,,,8.0,7.25,,,,,8.8,,ttth,28,7
B00,7420201,,,,8.0,,,,,7.5,7.4,ttth,13,7
A01,7540101,,,7.8,8.8,,,,8.5,,,ttth,28,7
A00,7480201,,,,6.25,,,,7.0,7.8,,ttth,16,0
D01,7220201,9.0,,7.2,7.6,,,,,,,ttth,0,8
A01,7340122,,,7.6,8.25,,,,7.4,,,ttth,5,1
D01,7480202,7.0,,4.8,6.4,,,,,,,ttth,17,0
D01,7510301,5.5,,6.6,8.0,,,,,,,ttth,20,5
A01,7480201,,,7.8,7.25,,,,7.2,,,ttth,16,0
A00,7510303,,,,7.4,,,,7.0,7.5,,ttth,21,5
D01,7220201,7.75,,9.0,7.2,,,,,,,ttth,0,8
D01,7340201,7.5,,8.6,7.8,,,,,,,ttth,8,2
D01,7340201,9.25,,7.6,7.0,,,,,,,ttth,8,2
B00,7510401,,,,6.0,,,,,8.25,6.25,ttth,22,6
D01,7340129,7.6,,7.8,6.5,,,,,,,ttth,7,7
A00,7540106,,,,7.4,,,,7.25,7.0,,ttth,30,7
D01,7510303,7.0,,5.2,7.4,,,,,,,ttth,21,5
D01,7340201,7.75,,7.0,7.8,,,,,,,ttth,8,2
B00,7540101,,,,8.5,,,,,8.0,7.8,ttth,28,7
D01,7220201,7.25,,8.8,7.6,,,,,,,ttth,0,8
A01,7510401,,,6.0,5.75,,,,6.4,,,ttth,22,6
A00,7340122,,,,7.25,,,,7.0,7.4,,ttth,5,1
D15,7810201,7.25,5.8,7.0,,,,,,,,ttth,34,4
D01,7810201,7.6,,6.0,6.25,,,,,,,ttth,34,4
A00,7810201,,,,6.0,,,,6.75,7.4,,ttth,34,4
A00,7340201,,,,7.0,,,,7.5,7.4,,ttth,8,2
A00,7340120,,,,7.0,,,,8.0,8.0,,ttth,4,1
A00,7540101,,,,8.25,,,,7.5,7.8,,ttth,28,7
A01,7340201,,,8.2,7.6,,,,7.75,,,ttth,8,2
A00,7340201,,,,6.5,,,,7.0,7.6,,ttth,8,2
A00,7480201,,,,8.0,,,,7.75,8.0,,ttth,16,0
A00,7340301,,,,7.0,,,,7.25,7.6,,ttth,10,2
D01,7480201,8.8,,8.0,8.0,,,,,,,ttth,16,0
B00,7420201,,,,7.4,,,,,7.25,5.5,ttth,13,7
A00,7540101,,,,8.6,,,,7.75,8.0,,ttth,28,7
D01,7340115,7.0,,6.8,8.0,,,,,,,ttth,3,1
A00,7340115,,,,7.75,,,,8.0,7.6,,ttth,3,1
A00,7340201,,,,7.8,,,,7.5,7.75,,ttth,8,2
A00,7510303,,,,7.6,,,,4.5,6.0,,ttth,21,5
D01,7480201,7.0,,9.2,7.4,,,,,,,ttth,16,0
D01,7380107,7.75,,8.8,6.6,,,,,,,ttth,12,8
D01,7510203,4.5,,8.6,4.8,,,,,,,ttth,19,5
D01,7220201,7.75,,7.8,7.4,,,,,,,ttth,0,8
A00,7480201,,,,8.25,,,,7.5,7.6,,ttth,16,0
A01,7480201,,,7.8,8.0,,,,8.5,,,ttth,16,0
A01,7340120,,,7.8,7.5,,,,7.6,,,ttth,4,1
D01,7480201,6.5,,9.2,7.0,,,,,,,ttth,16,0
D01,7810201,6.2,,5.4,8.0,,,,,,,ttth,34,4
D01,7380107,7.5,,7.8,6.8,,,,,,,ttth,12,8
D01,7810202,7.75,,9.0,7.0,,,,,,,ttth,35,4
D01,7340201,7.5,,8.8,7.4,,,,,,,ttth,8,2
B00,7510401,,,,8.2,,,,,8.0,7.0,ttth,22,6
D01,7810202,6.6,,7.8,8.0,,,,,,,ttth,35,4
A00,7510401,,,,6.25,,,,7.75,6.6,,ttth,22,6
D01,7220201,8.0,,8.6,7.4,,,,,,,ttth,0,8
A00,7510202,,,,5.0,,,,6.5,6.0,,ttth,18,5
A01,7810103,,,7.8,7.25,,,,7.8,,,ttth,33,4
A01,7480202,,,7.4,7.0,,,,8.0,,,ttth,17,0
D01,7340122,5.0,,8.0,9.0,,,,,,,ttth,5,1
D01,7510202,5.2,,6.6,7.25,,,,,,,ttth,18,5
D01,7480201,7.75,,7.2,8.2,,,,,,,ttth,16,0
A00,7340120,,,,8.0,,,,7.5,7.6,,ttth,4,1
D01,7810201,7.4,,7.0,7.5,,,,,,,ttth,34,4
A00,7340120,,,,7.6,,,,8.0,7.25,,ttth,4,1
D01,7340101,7.6,,6.4,7.5,,,,,,,ttth,2,1
A00,7540101,,,,7.25,,,,7.5,7.8,,ttth,28,7
B00,7510401,,,,7.25,,,,,6.0,6.2,ttth,22,6
D07,7540101,,,6.6,8.6,,,,,8.25,,ttth,28,7
D01,7510303,7.6,,7.0,7.25,,,,,,,ttth,21,5
A01,7540106,,,6.6,7.4,,,,6.0,,,ttth,30,7
D01,7510303,6.5,,4.0,7.4,,,,,,,ttth,21,5
D01,7220201,7.5,,9.2,7.2,,,,,,,ttth,0,8
D07,7480201,,,9.0,7.0,,,,,8.25,,ttth,16,0
D01,7340201,6.6,,6.8,7.75,,,,,,,ttth,8,2
D07,7540101,,,7.2,7.5,,,,,8.4,,ttth,28,7
D01,7380107,6.6,,7.0,7.0,,,,,,,ttth,12,8
A00,7340129,,,,7.5,,,,7.5,5.4,,ttth,7,7
A01,7480201,,,8.0,7.75,,,,8.4,,,ttth,16,0
A01,7480202,,,7.4,5.8,,,,6.0,,,ttth,17,0
A00,7810201,,,,7.25,,,,6.5,7.8,,ttth,34,4
A01,7340120,,,8.2,8.4,,,,7.25,,,ttth,4,1
D15,7810201,6.0,4.6,7.5,,,,,,,,ttth,34,4
A00,7510203,,,,8.6,,,,7.0,8.0,,ttth,19,5
A01,7220201,,,9.0,8.2,,,,6.25,,,ttth,0,8
D01,7480202,6.25,,6.4,7.0,,,,,,,ttth,17,0
A00,7480201,,,,7.0,,,,8.0,8.4,,ttth,16,0
A00,7510301,,,,7.0,,,,6.25,7.6,,ttth,20,5
A00,7480202,,,,7.4,,,,6.0,7.0,,ttth,17,0
D01,7480201,7.5,,8.0,7.0,,,,,,,ttth,16,0
D01,7510203,5.2,,5.4,5.25,,,,,,,ttth,19,5
A00,7420201,,,,8.0,,,,6.75,5.0,,ttth,13,7
D01,7520115,5.8,,7.6,6.25,,,,,,,ttth,27,6
D07,7480201,,,7.8,7.25,,,,,7.4,,ttth,16,0
B00,7540101,,,,8.25,,,,,8.0,8.4,ttth,28,7
D01,7480201,7.6,,6.6,8.25,,,,,,,ttth,16,0
A01,7810201,,,7.6,7.2,,,,7.25,,,ttth,34,4
D01,7480201,6.2,,7.4,8.0,,,,,,,ttth,16,0
D01,7340201,5.8,,7.4,7.5,,,,,,,ttth,8,2
D01,7810103,5.6,,6.8,7.25,,,,,,,ttth,33,4
A00,7340101,,,,6.5,,,,7.25,6.8,,ttth,2,1
D15,7380107,7.0,7.0,6.75,,,,,,,,ttth,12,8
A00,7380107,,,,7.75,,,,7.25,8.0,,ttth,12,8
A00,7340120,,,,8.4,,,,7.5,7.25,,ttth,4,1
D01,7510303,6.5,,3.4,7.2,,,,,,,ttth,21,5
A00,7540101,,,,6.5,,,,8.25,7.0,,ttth,28,7
D01,7480201,8.25,,7.2,8.4,,,,,,,ttth,16,0
D01,7340101,6.75,,9.2,7.6,,,,,,,ttth,2,1
D01,7510301,5.75,,5.2,6.2,,,,,,,ttth,20,5
A00,7850101,,,,6.75,,,,8.5,6.6,,ttth,38,7
A00,7480201,,,,5.75,,,,7.25,7.8,,ttth,16,0
A00,7340101,,,,7.0,,,,7.25,7.8,,ttth,2,1
D01,7510203,6.2,,7.0,7.75,,,,,,,ttth,19,5
A00,7510202,,,,6.8,,,,7.25,6.75,,ttth,18,5
D01,7510203,6.5,,6.2,7.2,,,,,,,ttth,19,5
D01,7340301,7.0,,8.0,8.2,,,,,,,ttth,10,2
D01,7510202,7.4,,5.0,6.75,,,,,,,ttth,18,5
D01,7510301,6.5,,4.6,6.0,,,,,,,ttth,20,5
A00,7819010,,,,6.25,,,,5.25,6.4,,ttth,37,4
B00,7540101,,,,6.5,,,,,8.5,7.8,ttth,28,7
D01,7340101,6.4,,6.2,8.5,,,,,,,ttth,2,1
A00,7340122,,,,7.75,,,,7.0,8.4,,ttth,5,1
D01,7340123,5.0,,4.2,6.5,,,,,,,ttth,6,3
A00,7340129,,,,7.25,,,,7.5,7.6,,ttth,7,7
D09,7220201,,,6.8,7.25,,,7.0,,,,ttth,0,8
D07,7510202,,,7.8,7.4,,,,,6.75,,ttth,18,5
D01,7810103,5.4,,6.0,7.25,,,,,,,ttth,33,4
A01,7540101,,,8.6,8.0,,,,7.25,,,ttth,28,7
D01,7480201,8.4,,7.6,7.25,,,,,,,ttth,16,0
A00,7340101,,,,7.5,,,,8.0,7.6,,ttth,2,1
A00,7340120,,,,8.25,,,,7.5,7.4,,ttth,4,1
A00,7380107,,,,6.5,,,,7.75,8.2,,ttth,12,8
B00,7510401,,,,7.0,,,,,4.0,6.4,ttth,22,6
D01,7810201,8.25,,8.4,7.2,,,,,,,ttth,34,4
D01,7540204,5.2,,6.6,8.25,,,,,,,ttth,31,6
A01,7420201,,,7.6,7.4,,,,7.25,,,ttth,13,7
B00,7540101,,,,8.0,,,,,7.25,7.0,ttth,28,7
D01,7810201,5.2,,7.8,7.75,,,,,,,ttth,34,4
A00,7510301,,,,6.5,,,,7.5,7.2,,ttth,20,5
D01,7810103,7.25,,8.4,7.4,,,,,,,ttth,33,4
D15,7810202,6.5,5.8,8.25,,,,,,,,ttth,35,4
D01,7520115,4.0,,8.0,6.0,,,,,,,ttth,27,6
D07,7480201,,,8.4,7.6,,,,,8.25,,ttth,16,0
A00,7480201,,,,9.4,,,,7.75,7.25,,ttth,16,0
D01,7380107,7.5,,6.0,8.2,,,,,,,ttth,12,8
A00,7340101,,,,7.4,,,,8.5,7.5,,ttth,2,1
A00,7340120,,,,7.25,,,,8.5,8.0,,ttth,4,1
A00,7540101,,,,7.4,,,,8.25,7.75,,ttth,28,7
A00,7540101,,,,8.5,,,,8.25,8.0,,ttth,28,7
A00,7340101,,,,7.75,,,,7.25,7.8,,ttth,2,1
A01,7340115,,,8.0,7.0,,,,8.4,,,ttth,3,1
A00,7540101,,,,7.75,,,,8.0,7.6,,ttth,28,7
A01,7510301,,,6.8,8.0,,,,6.75,,,ttth,20,5
D01,7480201,7.25,,6.6,8.2,,,,,,,ttth,16,0
A00,7510303,,,,7.4,,,,7.0,6.75,,ttth,21,5
D01,7810202,5.8,,7.6,7.5,,,,,,,ttth,35,4
A01,7340301,,,8.2,7.8,,,,6.0,,,ttth,10,2
A00,7540101,,,,8.0,,,,7.5,8.2,,ttth,28,7
D01,7340101,7.4,,7.0,8.0,,,,,,,ttth,2,1
A00,7480201,,,,8.25,,,,8.0,8.0,,ttth,16,0
D01,7510303,3.4,,6.4,7.25,,,,,,,ttth,21,5
A01,7340115,,,8.4,8.4,,,,8.0,,,ttth,3,1
A00,7340101,,,,6.75,,,,7.25,7.4,,ttth,2,1
D01,7340201,7.6,,8.0,7.0,,,,,,,ttth,8,2
D01,7480202,4.2,,6.4,8.25,,,,,,,ttth,17,0
A00,7520115,,,,6.6,,,,4.25,5.75,,ttth,27,6
A00,7420201,,,,7.75,,,,6.0,7.8,,ttth,13,7
B00,7540101,,,,6.75,,,,,8.0,7.0,ttth,28,7
A00,7480201,,,,8.6,,,,8.0,7.75,,ttth,16,0
A00,7810202,,,,7.25,,,,6.5,6.6,,ttth,35,4
A01,7380107,,,8.8,7.6,,,,8.0,,,ttth,12,8
D01,7480202,6.5,,4.2,6.2,,,,,,,ttth,17,0
A01,7420201,,,7.8,7.0,,,,8.0,,,ttth,13,7
D01,7380107,5.4,,7.2,6.5,,,,,,,ttth,12,8
A00,7340115,,,,8.5,,,,7.5,8.6,,ttth,3,1
D01,7220201,8.25,,7.8,6.8,,,,,,,ttth,0,8
A00,7480202,,,,6.0,,,,4.25,5.5,,ttth,17,0
D01,7220204,5.6,,7.4,7.5,,,,,,,ttth,1,8
D01,7540204,7.75,,5.2,5.6,,,,,,,ttth,31,6
D07,7420201,,,6.0,7.25,,,,,8.2,,ttth,13,7
D01,7810201,7.25,,7.2,7.6,,,,,,,ttth,34,4
B00,7540101,,,,8.6,,,,,8.0,7.75,ttth,28,7
D01,7510203,7.0,,3.8,5.0,,,,,,,ttth,19,5
A00,7340201,,,,8.2,,,,6.75,7.75,,ttth,8,2
D01,7340129,7.2,,7.0,7.25,,,,,,,ttth,7,7
A00,7340101,,,,6.25,,,,7.25,7.4,,ttth,2,1
D01,7340101,7.8,,8.4,7.0,,,,,,,ttth,2,1
A00,7510406,,,,5.5,,,,6.0,6.0,,ttth,24,7
D01,7810103,6.6,,6.8,6.5,,,,,,,ttth,33,4
D01,7220201,8.5,,7.2,7.2,,,,,,,ttth,0,8
D09,7220204,,,6.8,7.75,,,6.8,,,,ttth,1,8
A00,7340201,,,,7.25,,,,7.0,7.8,,ttth,8,2
A00,7340201,,,,8.2,,,,7.0,7.5,,ttth,8,2
A00,7380107,,,,7.5,,,,7.25,7.2,,ttth,12,8
A00,7810201,,,,6.0,,,,7.5,6.6,,ttth,34,4
D01,7340129,7.6,,7.4,7.5,,,,,,,ttth,7,7
D01,7510203,6.25,,9.0,5.8,,,,,,,ttth,19,5
A01,7480201,,,8.2,8.2,,,,6.25,,,ttth,16,0
A01,7340201,,,8.2,6.25,,,,8.2,,,ttth,8,2
D01,7340301,7.5,,8.6,6.8,,,,,,,ttth,10,2
D15,7380107,7.75,5.4,6.75,,,,,,,,ttth,12,8
D07,7480201,,,7.2,7.75,,,,,7.8,,ttth,16,0
A01,7480201,,,9.0,7.4,,,,6.5,,,ttth,16,0
D01,7380107,7.75,,7.8,7.8,,,,,,,ttth,12,8
D15,7380107,7.25,7.2,7.5,,,,,,,,ttth,12,8
D01,7220201,8.25,,7.2,8.0,,,,,,,ttth,0,8
A00,7340115,,,,7.5,,,,8.0,7.2,,ttth,3,1
D01,7480201,6.75,,7.8,8.0,,,,,,,ttth,16,0
D01,7380107,7.4,,7.6,7.75,,,,,,,ttth,12,8
A00,7340115,,,,7.75,,,,8.5,8.8,,ttth,3,1
D01,7510301,6.75,,5.8,6.4,,,,,,,ttth,20,5
D01,7220204,8.4,,8.2,6.25,,,,,,,ttth,1,8
D01,7810201,4.2,,6.6,7.75,,,,,,,ttth,34,4
A01,7340201,,,7.4,6.75,,,,7.0,,,ttth,8,2
A00,7340120,,,,7.25,,,,7.25,6.8,,ttth,4,1
A01,7480201,,,7.8,7.25,,,,7.4,,,ttth,16,0
A01,7340129,,,6.0,8.2,,,,7.0,,,ttth,7,7
A01,7540101,,,8.4,8.4,,,,8.5,,,ttth,28,7
A00,7510203,,,,7.0,,,,6.0,6.25,,ttth,19,5
A00,7340201,,,,6.5,,,,7.5,7.6,,ttth,8,2
A00,7340301,,,,7.8,,,,7.75,8.5,,ttth,10,2
A00,7510203,,,,8.6,,,,6.75,6.75,,ttth,19,5
A00,7540101,,,,6.25,,,,7.75,8.6,,ttth,28,7
D01,7340115,8.0,,7.2,7.5,,,,,,,ttth,3,1
A00,7810103,,,,8.2,,,,6.75,8.25,,ttth,33,4
D01,7340201,7.0,,6.0,7.5,,,,,,,ttth,8,2
B00,7420201,,,,8.0,,,,,7.75,7.0,ttth,13,7
D07,7540101,,,9.0,8.4,,,,,8.25,,ttth,28,7
B00,7420201,,,,7.25,,,,,5.75,8.0,ttth,13,7
A01,7480202,,,7.8,7.0,,,,7.4,,,ttth,17,0
D01,7480202,7.0,,4.0,6.0,,,,,,,ttth,17,0
A01,7340120,,,9.2,8.2,,,,7.75,,,ttth,4,1
D07,7540106,,,7.8,7.0,,,,,7.5,,ttth,30,7
D01,7340115,8.2,,7.8,8.0,,,,,,,ttth,3,1
A00,7480201,,,,6.25,,,,7.0,7.8,,ttth,16,0
A00,7420201,,,,6.2,,,,6.75,6.75,,ttth,13,7
D01,7340123,4.4,,5.6,6.5,,,,,,,ttth,6,3
D01,7220201,8.0,,8.8,7.2,,,,,,,ttth,0,8
A01,7480202,,,6.6,7.6,,,,6.75,,,ttth,17,0
D01,7380107,7.5,,6.6,7.6,,,,,,,ttth,12,8
A00,7340122,,,,7.25,,,,7.5,7.6,,ttth,5,1
B00,7510401,,,,7.25,,,,,7.0,5.6,ttth,22,6
D01,7340201,6.4,,8.2,8.25,,,,,,,ttth,8,2
A00,7510303,,,,7.6,,,,6.25,6.5,,ttth,21,5
D01,7480202,5.75,,5.2,7.6,,,,,,,ttth,17,0
A00,7340301,,,,7.75,,,,7.75,7.0,,ttth,10,2
D01,7340123,6.5,,5.6,7.8,,,,,,,ttth,6,3
A00,7480202,,,,7.4,,,,6.5,7.5,,ttth,17,0
D01,7340120,7.75,,8.4,8.4,,,,,,,ttth,4,1
D01,7810201,5.0,,6.8,7.5,,,,,,,ttth,34,4
D07,7480201,,,8.0,8.2,,,,,7.75,,ttth,16,0
A00,7510303,,,,7.0,,,,6.5,6.8,,ttth,21,5
B00,7540106,,,,7.0,,,,,7.0,7.25,ttth,30,7
A00,7510401,,,,8.0,,,,6.25,6.5,,ttth,22,6
A01,7340120,,,9.0,8.2,,,,7.0,,,ttth,4,1
A00,7480201,,,,7.25,,,,6.75,6.4,,ttth,16,0
A00,7340201,,,,5.25,,,,7.25,7.8,,ttth,8,2
A00,7510202,,,,7.0,,,,7.0,5.8,,ttth,18,5
A01,7480201,,,8.4,6.5,,,,7.2,,,ttth,16,0
D01,7480201,8.5,,6.4,7.2,,,,,,,ttth,16,0
D15,7380107,7.25,5.2,7.25,,,,,,,,ttth,12,8
D01,7340120,8.0,,8.0,7.2,,,,,,,ttth,4,1
A00,7340120,,,,6.75,,,,7.0,8.0,,ttth,4,1
A00,7380107,,,,6.75,,,,6.25,6.8,,ttth,12,8
D07,7340205,,,7.0,6.75,,,,,8.4,,ttth,9,2
A00,7540101,,,,7.25,,,,7.25,8.0,,ttth,28,7
D01,7340101,6.8,,7.6,7.5,,,,,,,ttth,2,1
D15,7810103,7.25,6.2,8.25,,,,,,,,ttth,33,4
A00,7340120,,,,8.4,,,,7.0,8.5,,ttth,4,1
D01,7520115,5.8,,6.4,8.25,,,,,,,ttth,27,6
A00,7540101,,,,7.25,,,,7.5,8.4,,ttth,28,7
A00,7480201,,,,7.0,,,,7.75,7.6,,ttth,16,0
A01,7480201,,,8.0,7.0,,,,9.2,,,ttth,16,0
B00,7540106,,,,6.25,,,,,6.5,7.2,ttth,30,7
D01,7480202,6.25,,5.6,7.4,,,,,,,ttth,17,0
A00,7480201,,,,8.25,,,,7.75,8.4,,ttth,16,0
D01,7220201,7.25,,9.0,7.0,,,,,,,ttth,0,8
D01,7520115,7.4,,8.2,7.0,,,,,,,ttth,27,6
A00,7810103,,,,8.0,,,,7.75,7.4,,ttth,33,4
D01,7480201,5.8,,6.8,7.75,,,,,,,ttth,16,0
A00,7340201,,,,7.0,,,,7.5,7.2,,ttth,8,2
D01,7220201,7.0,,6.0,8.0,,,,,,,ttth,0,8
A00,7480201,,,,7.5,,,,8.0,8.2,,ttth,16,0
D01,7380107,6.8,,7.6,8.75,,,,,,,ttth,12,8
D07,7540106,,,8.6,8.0,,,,,7.25,,ttth,30,7
A00,7340101,,,,7.5,,,,6.25,7.8,,ttth,2,1
A01,7340201,,,7.4,7.25,,,,7.4,,,ttth,8,2
A01,7480202,,,7.4,7.2,,,,7.0,,,ttth,17,0
A00,7510202,,,,7.4,,,,7.0,6.25,,ttth,18,5
D01,7480201,8.0,,7.2,7.5,,,,,,,ttth,16,0
D01,7220204,5.2,,6.8,8.5,,,,,,,ttth,1,8
B00,7540101,,,,8.25,,,,,7.5,8.2,ttth,28,7
D15,7810202,6.0,6.8,6.25,,,,,,,,ttth,35,4
A00,7810103,,,,7.25,,,,7.5,7.4,,ttth,33,4
A00,7340101,,,,8.2,,,,7.75,8.0,,ttth,2,1
A01,7480201,,,7.2,8.2,,,,7.25,,,ttth,16,0
D01,7480202,6.6,,6.0,6.5,,,,,,,ttth,17,0
D01,7340120,8.0,,7.4,7.6,,,,,,,ttth,4,1
A00,7340101,,,,7.75,,,,8.0,7.8,,ttth,2,1
A01,7540101,,,8.4,7.5,,,,7.6,,,ttth,28,7
D01,7810202,8.5,,7.0,7.2,,,,,,,ttth,35,4
A00,7340201,,,,7.25,,,,7.0,7.6,,ttth,8,2
D01,7340101,8.5,,7.8,6.8,,,,,,,ttth,2,1
A00,7540106,,,,6.75,,,,5.75,7.6,,ttth,30,7
D01,7340129,6.8,,8.0,7.5,,,,,,,ttth,7,7
A00,7510202,,,,7.4,,,,6.75,7.25,,ttth,18,5
D01,7510301,5.75,,7.0,7.8,,,,,,,ttth,20,5
A00,7340301,,,,7.25,,,,6.5,7.0,,ttth,10,2
D01,7340301,7.5,,8.0,8.4,,,,,,,ttth,10,2
D01,7510303,7.25,,7.2,5.6,,,,,,,ttth,21,5
A00,7480201,,,,7.4,,,,7.25,8.25,,ttth,16,0
A00,7540106,,,,7.0,,,,6.25,7.4,,ttth,30,7
D01,7340201,7.2,,8.2,8.5,,,,,,,ttth,8,2
A01,7340120,,,7.2,6.75,,,,8.6,,,ttth,4,1
D01,7340129,6.6,,7.4,7.5,,,,,,,ttth,7,7
A00,7540101,,,,7.0,,,,7.75,7.4,,ttth,28,7
D01,7540204,6.92,,6.4,7.0,,,,,,,ttth,31,6
D01,7510203,5.8,,6.8,7.0,,,,,,,ttth,19,5
B00,7540106,,,,8.0,,,,,7.25,7.25,ttth,30,7
B00,7420201,,,,7.0,,,,,6.5,7.5,ttth,13,7
D01,7810202,8.0,,7.8,6.6,,,,,,,ttth,35,4
A01,7340129,,,7.8,7.0,,,,8.2,,,ttth,7,7
A00,7380107,,,,6.5,,,,8.75,7.6,,ttth,12,8
A00,7340301,,,,6.8,,,,7.5,8.25,,ttth,10,2
A00,7340101,,,,6.25,,,,7.5,7.2,,ttth,2,1
A00,7480201,,,,8.4,,,,7.5,7.75,,ttth,16,0
A00,7810103,,,,8.0,,,,8.25,6.4,,ttth,33,4
B00,7510401,,,,8.4,,,,,7.5,6.75,ttth,22,6
D15,7810202,8.0,4.0,6.5,,,,,,,,ttth,35,4
D01,7510303,8.8,,7.6,7.5,,,,,,,ttth,21,5
B00,7420201,,,,6.6,,,,,6.75,7.5,ttth,13,7
A00,7480201,,,,7.5,,,,7.25,7.4,,ttth,16,0
A00,7540106,,,,7.0,,,,7.75,6.0,,ttth,30,7
D01,7380107,6.0,,7.4,8.0,,,,,,,ttth,12,8
A00,7480201,,,,7.75,,,,8.0,8.4,,ttth,16,0
A01,7340205,,,7.0,6.25,,,,6.8,,,ttth,9,2
D01,7480201,7.25,,7.6,7.2,,,,,,,ttth,16,0
D15,7810201,6.75,5.8,8.25,,,,,,,,ttth,34,4
D01,7380107,9.2,,6.8,6.0,,,,,,,ttth,12,8
A00,7340201,,,,7.25,,,,7.75,7.8,,ttth,8,2
D01,7340120,6.25,,8.6,8.6,,,,,,,ttth,4,1
A00,7340101,,,,8.8,,,,7.75,8.25,,ttth,2,1
B00,7540101,,,,7.75,,,,,8.25,8.0,ttth,28,7
A01,7810201,,,7.8,6.75,,,,7.8,,,ttth,34,4
B00,7540101,,,,7.25,,,,,7.5,7.2,ttth,28,7
D01,7220201,7.25,,8.8,7.6,,,,,,,ttth,0,8
A00,7510301,,,,7.0,,,,7.0,6.5,,ttth,20,5
D07,7540106,,,6.8,7.2,,,,,7.0,,ttth,30,7
D01,7380107,7.5,,7.6,7.0,,,,,,,ttth,12,8
A00,7340101,,,,8.0,,,,6.75,7.6,,ttth,2,1
A00,7480201,,,,8.2,,,,7.0,7.75,,ttth,16,0
A01,7220201,,,7.2,6.5,,,,8.4,,,ttth,0,8
D01,7510303,7.0,,8.0,6.0,,,,,,,ttth,21,5
D01,7510301,5.25,,6.4,7.8,,,,,,,ttth,20,5
D01,7480201,6.75,,9.4,8.0,,,,,,,ttth,16,0
B00,7819010,,,,4.5,,,,,6.25,5.8,ttth,37,4
A00,7340201,,,,7.6,,,,6.75,8.25,,ttth,8,2
B00,7420201,,,,8.0,,,,,8.0,7.25,ttth,13,7
A00,7340129,,,,7.75,,,,7.25,6.2,,ttth,7,7
D07,7480201,,,8.6,7.4,,,,,7.75,,ttth,16,0
D01,7340120,8.6,,6.6,7.0,,,,,,,ttth,4,1
D01,7340301,8.0,,7.4,8.0,,,,,,,ttth,10,2
A00,7510203,,,,7.8,,,,4.75,6.0,,ttth,19,5
D01,7810202,6.8,,6.4,7.5,,,,,,,ttth,35,4
A00,7340301,,,,8.0,,,,7.0,7.2,,ttth,10,2
D01,7510303,8.4,,6.8,5.75,,,,,,,ttth,21,5
B00,7420201,,,,8.0,,,,,7.75,7.25,ttth,13,7
D07,7540101,,,7.2,8.25,,,,,9.2,,ttth,28,7
D01,7480202,5.6,,5.2,6.0,,,,,,,ttth,17,0
A00,7540106,,,,8.0,,,,6.75,7.25,,ttth,30,7
D01,7340120,7.6,,7.0,7.0,,,,,,,ttth,4,1
D09,7220204,,,8.2,7.8,,,8.75,,,,ttth,1,8
A00,7510301,,,,7.25,,,,7.0,7.4,,ttth,20,5
D01,7510203,4.0,,6.2,7.5,,,,,,,ttth,19,5
D01,7480201,7.2,,7.8,7.0,,,,,,,ttth,16,0
B00,7540101,,,,7.25,,,,,7.25,7.6,ttth,28,7
A01,7340120,,,7.8,7.75,,,,8.2,,,ttth,4,1
A00,7510301,,,,6.25,,,,7.0,6.8,,ttth,20,5
A01,7340301,,,8.0,7.0,,,,7.75,,,ttth,10,2
A00,7510301,,,,8.0,,,,6.0,8.0,,ttth,20,5
D01,7340122,5.8,,7.0,9.0,,,,,,,ttth,5,1
D01,7540204,6.0,,6.2,7.4,,,,,,,ttth,31,6
A00,7340120,,,,6.0,,,,7.0,8.6,,ttth,4,1
A00,7510202,,,,8.0,,,,4.75,6.25,,ttth,18,5
A00,7480202,,,,7.4,,,,6.25,7.75,,ttth,17,0
D01,7340115,8.0,,8.4,8.4,,,,,,,ttth,3,1
A00,7340115,,,,7.75,,,,7.5,8.6,,ttth,3,1
A00,7510401,,,,7.6,,,,6.0,6.75,,ttth,22,6
D01,7810201,7.0,,8.6,7.0,,,,,,,ttth,34,4
A00,7340115,,,,7.25,,,,8.25,7.4,,ttth,3,1
D01,7340301,6.8,,7.0,7.25,,,,,,,ttth,10,2
D07,7819010,,,7.4,7.5,,,,,6.8,,ttth,37,4
D01,7340101,8.25,,8.4,7.4,,,,,,,ttth,2,1
A00,7340120,,,,8.5,,,,7.5,7.8,,ttth,4,1
A01,7340201,,,8.2,7.8,,,,7.5,,,ttth,8,2
B00,7540101,,,,9.2,,,,,7.75,8.75,ttth,28,7
A00,7510202,,,,7.5,,,,6.75,7.2,,ttth,18,5
D01,7810103,7.4,,7.8,8.0,,,,,,,ttth,33,4
A00,7510401,,,,7.25,,,,8.25,7.6,,ttth,22,6
A00,7810103,,,,7.6,,,,7.0,8.25,,ttth,33,4
A01,7340129,,,8.8,7.75,,,,7.2,,,ttth,7,7
D01,7340301,7.0,,7.6,7.75,,,,,,,ttth,10,2
B00,7420201,,,,7.0,,,,,7.75,6.5,ttth,13,7
D01,7810202,8.0,,7.6,7.5,,,,,,,ttth,35,4
A00,7480201,,,,8.2,,,,6.5,8.25,,ttth,16,0
D01,7340301,7.0,,8.4,6.8,,,,,,,ttth,10,2
D01,7220201,8.4,,8.2,7.0,,,,,,,ttth,0,8
A00,7340301,,,,7.25,,,,7.75,7.6,,ttth,10,2
D01,7480202,4.8,,7.2,7.25,,,,,,,ttth,17,0
B00,7420201,,,,7.2,,,,,7.25,6.25,ttth,13,7
D07,7480202,,,7.2,8.25,,,,,7.4,,ttth,17,0
A00,7340115,,,,7.25,,,,8.5,7.6,,ttth,3,1
D15,7810201,6.75,7.0,8.0,,,,,,,,ttth,34,4
D01,7340101,6.4,,7.2,7.5,,,,,,,ttth,2,1
B00,7850101,,,,7.0,,,,,7.5,6.8,ttth,38,7
A00,7480201,,,,8.25,,,,7.5,7.6,,ttth,16,0
D01,7340115,7.4,,7.6,8.5,,,,,,,ttth,3,1
D01,7460108,5.8,,6.2,6.0,,,,,,,ttth,14,0
A00,7340201,,,,7.6,,,,6.75,8.0,,ttth,8,2
A00,7340201,,,,8.2,,,,9.0,6.75,,ttth,8,2
D01,7510303,4.6,,4.6,7.5,,,,,,,ttth,21,5
D01,7340101,9.25,,7.2,7.2,,,,,,,ttth,2,1
D01,7480201,8.2,,8.0,7.0,,,,,,,ttth,16,0
A00,7340115,,,,8.0,,,,7.5,8.0,,ttth,3,1
A00,7340115,,,,7.25,,,,8.0,7.6,,ttth,3,1
D01,7220201,8.75,,8.0,8.2,,,,,,,ttth,0,8
A00,7460108,,,,7.75,,,,7.75,7.4,,ttth,14,0
D01,7810103,8.0,,6.6,7.6,,,,,,,ttth,33,4
A01,7380107,,,6.6,7.0,,,,6.0,,,ttth,12,8
D01,7380107,7.2,,6.8,6.75,,,,,,,ttth,12,8
D01,7340201,7.75,,7.6,7.8,,,,,,,ttth,8,2
D01,7510303,8.5,,5.4,4.6,,,,,,,ttth,21,5
A00,7340120,,,,7.75,,,,8.75,8.2,,ttth,4,1
D07,7540101,,,8.0,8.0,,,,,7.6,,ttth,28,7
D01,7340115,8.2,,8.2,7.25,,,,,,,ttth,3,1
D01,7220204,6.0,,7.6,8.0,,,,,,,ttth,1,8
B00,7540101,,,,7.8,,,,,7.75,8.5,ttth,28,7
A00,7340301,,,,8.4,,,,6.75,7.5,,ttth,10,2
D07,7540101,,,7.2,7.4,,,,,8.75,,ttth,28,7
D01,7380107,8.0,,6.8,7.4,,,,,,,ttth,12,8
B00,7540101,,,,8.0,,,,,6.5,7.2,ttth,28,7
D01,7220201,7.0,,7.4,7.75,,,,,,,ttth,0,8
A00,7340201,,,,8.2,,,,7.75,7.0,,ttth,8,2
A01,7540106,,,7.4,5.75,,,,8.0,,,ttth,30,7
A01,7510203,,,6.8,6.25,,,,6.6,,,ttth,19,5
D07,7480201,,,7.0,8.5,,,,,7.4,,ttth,16,0
A00,7340301,,,,6.0,,,,7.0,7.4,,ttth,10,2
A00,7340301,,,,8.4,,,,6.5,7.25,,ttth,10,2
D01,7340301,7.4,,6.6,7.75,,,,,,,ttth,10,2
A00,7380107,,,,8.25,,,,6.5,7.2,,ttth,12,8
D15,7810201,7.0,6.8,6.0,,,,,,,,ttth,34,4
D07,7510402,,,7.8,6.6,,,,,5.25,,ttth,23,6
D01,7540204,6.0,,4.2,8.4,,,,,,,ttth,31,6
D01,7510203,6.0,,6.6,7.4,,,,,,,ttth,19,5
A00,7510202,,,,5.25,,,,7.0,5.8,,ttth,18,5
D07,7510401,,,4.6,6.5,,,,,7.8,,ttth,22,6
D01,7480201,7.8,,7.6,8.0,,,,,,,ttth,16,0
D01,7510203,6.0,,6.4,6.2,,,,,,,ttth,19,5
D01,7510203,6.5,,5.8,5.8,,,,,,,ttth,19,5
D01,7340301,8.2,,6.8,8.0,,,,,,,ttth,10,2
A00,7340201,,,,8.2,,,,7.5,8.75,,ttth,8,2
A01,7340115,,,8.6,8.0,,,,7.4,,,ttth,3,1
D01,7220201,7.75,,9.2,7.2,,,,,,,ttth,0,8
A00,7480201,,,,8.2,,,,8.25,7.75,,ttth,16,0
D07,7540101,,,8.6,7.75,,,,,8.2,,ttth,28,7
D01,7340129,7.0,,7.8,6.8,,,,,,,ttth,7,7
D01,7510203,3.8,,7.6,6.0,,,,,,,ttth,19,5
A00,7810201,,,,6.0,,,,7.0,7.8,,ttth,34,4
A01,7810201,,,6.0,7.0,,,,5.6,,,ttth,34,4
B00,7510401,,,,7.5,,,,,6.75,6.4,ttth,22,6
A00,7340101,,,,6.0,,,,7.75,7.8,,ttth,2,1
A00,7540105,,,,7.25,,,,4.0,7.4,,ttth,29,7
D01,7340101,6.2,,7.2,8.0,,,,,,,ttth,2,1
A00,7810103,,,,7.6,,,,6.5,8.0,,ttth,33,4
B00,7819009,,,,6.5,,,,,6.0,6.2,ttth,36,4
D01,7340301,8.0,,7.2,7.25,,,,,,,ttth,10,2
D01,7340115,7.8,,8.0,8.0,,,,,,,ttth,3,1
D01,7510202,4.0,,8.2,6.75,,,,,,,ttth,18,5
A00,7480201,,,,7.25,,,,5.75,8.0,,ttth,16,0
D01,7340301,6.4,,7.6,8.0,,,,,,,ttth,10,2
D01,7340129,5.0,,8.0,8.25,,,,,,,ttth,7,7
D01,7340101,7.0,,8.0,8.0,,,,,,,ttth,2,1
A00,7510303,,,,5.25,,,,6.75,8.0,,ttth,21,5
A00,7540106,,,,6.75,,,,6.0,8.2,,ttth,30,7
D01,7510203,5.75,,4.2,6.4,,,,,,,ttth,19,5
D01,7340201,8.5,,8.0,7.0,,,,,,,ttth,8,2
B00,7510401,,,,7.25,,,,,6.25,4.4,ttth,22,6
D01,7380107,5.6,,6.4,7.5,,,,,,,ttth,12,8
A00,7510202,,,,7.0,,,,6.25,7.75,,ttth,18,5
D07,7510401,,,7.4,7.5,,,,,7.8,,ttth,22,6
D01,7340120,7.4,,7.2,9.0,,,,,,,ttth,4,1
A00,7540101,,,,8.0,,,,8.25,8.6,,ttth,28,7
D01,7340129,6.8,,6.0,5.75,,,,,,,ttth,7,7
B00,7540106,,,,7.0,,,,,7.75,7.6,ttth,30,7
A01,7340120,,,8.0,8.25,,,,7.4,,,ttth,4,1
D07,7420201,,,8.2,6.4,,,,,7.25,,ttth,13,7
A00,7540101,,,,8.6,,,,6.75,8.75,,ttth,28,7
A00,7340201,,,,6.5,,,,7.5,6.8,,ttth,8,2
D01,7340115,8.75,,7.8,7.2,,,,,,,ttth,3,1
A00,7340115,,,,6.75,,,,8.25,8.6,,ttth,3,1
D01,7340120,8.6,,7.8,7.5,,,,,,,ttth,4,1
A01,7510303,,,8.4,7.2,,,,6.0,,,ttth,21,5
D15,7380107,8.5,6.4,8.75,,,,,,,,ttth,12,8
B00,7540101,,,,7.5,,,,,6.5,8.4,ttth,28,7
A00,7510401,,,,6.5,,,,7.5,7.6,,ttth,22,6
D01,7480201,7.6,,8.4,7.75,,,,,,,ttth,16,0
D01,7340115,8.6,,7.8,8.5,,,,,,,ttth,3,1
A00,7340201,,,,7.5,,,,8.5,7.8,,ttth,8,2
A00,7340129,,,,7.0,,,,8.0,7.8,,ttth,7,7
A00,7340301,,,,8.8,,,,7.25,8.0,,ttth,10,2
A00,7480201,,,,5.5,,,,7.5,8.0,,ttth,16,0
D09,7220201,,,6.2,9.0,,,6.6,,,,ttth,0,8
D07,7480201,,,8.0,7.8,,,,,7.75,,ttth,16,0
D07,7540101,,,8.4,8.2,,,,,7.75,,ttth,28,7
D07,7540101,,,8.2,9.0,,,,,6.75,,ttth,28,7
D15,7810103,7.0,6.8,6.75,,,,,,,,ttth,33,4
A00,7510301,,,,7.0,,,,6.75,6.8,,ttth,20,5
A00,7810202,,,,8.4,,,,6.75,7.25,,ttth,35,4
A00,7460108,,,,6.0,,,,6.75,7.8,,ttth,14,0
D07,7340205,,,7.2,6.5,,,,,7.0,,ttth,9,2
A00,7340201,,,,7.25,,,,6.75,7.2,,ttth,8,2
D01,7510202,6.0,,7.2,7.25,,,,,,,ttth,18,5
A00,7380107,,,,7.25,,,,5.5,7.6,,ttth,12,8
A00,7540101,,,,7.75,,,,7.75,7.4,,ttth,28,7
A00,7340301,,,,5.5,,,,7.0,7.6,,ttth,10,2
D01,7480201,7.0,,8.8,7.6,,,,,,,ttth,16,0
D01,7380107,7.5,,8.0,7.2,,,,,,,ttth,12,8
A00,7420201,,,,7.5,,,,7.75,7.2,,ttth,13,7
B00,7510401,,,,4.75,,,,,6.0,7.2,ttth,22,6
D15,7810103,7.5,7.2,7.75,,,,,,,,ttth,33,4
A00,7340101,,,,8.4,,,,8.0,6.75,,ttth,2,1
A00,7480201,,,,7.8,,,,7.25,7.0,,ttth,16,0
B00,7510401,,,,7.75,,,,,7.25,8.2,ttth,22,6
D01,7810202,6.75,,8.8,7.6,,,,,,,ttth,35,4
D01,7520115,4.4,,6.4,6.75,,,,,,,ttth,27,6
A00,7340301,,,,8.2,,,,7.5,7.25,,ttth,10,2
A00,7540106,,,,7.6,,,,5.0,6.5,,ttth,30,7
D01,7220204,7.0,,8.8,7.2,,,,,,,ttth,1,8
A00,7340101,,,,8.4,,,,8.0,7.25,,ttth,2,1
D01,7480201,6.6,,8.0,8.0,,,,,,,ttth,16,0
A00,7380107,,,,5.75,,,,8.25,7.8,,ttth,12,8
D01,7340301,5.4,,7.4,8.0,,,,,,,ttth,10,2
A00,7480201,,,,6.75,,,,7.75,7.8,,ttth,16,0
A00,7540101,,,,8.2,,,,8.5,7.75,,ttth,28,7
D01,7220204,7.75,,7.8,7.4,,,,,,,ttth,1,8
D01,7340101,9.0,,7.2,7.8,,,,,,,ttth,2,1
D01,7340101,5.4,,7.8,8.25,,,,,,,ttth,2,1
D01,7220201,8.5,,7.0,8.0,,,,,,,ttth,0,8
D01,7510303,7.5,,8.6,7.0,,,,,,,ttth,21,5
D01,7510303,6.25,,7.4,5.8,,,,,,,ttth,21,5
D01,7510301,6.8,,7.6,8.75,,,,,,,ttth,20,5
D01,7480202,3.8,,7.8,5.5,,,,,,,ttth,17,0
D01,7380107,6.75,,8.6,8.2,,,,,,,ttth,12,8
A00,7340120,,,,6.75,,,,7.25,8.2,,ttth,4,1
D01,7810201,5.8,,7.4,9.0,,,,,,,ttth,34,4
A01,7510202,,,6.4,7.0,,,,6.6,,,ttth,18,5
A00,7420201,,,,6.0,,,,4.75,6.25,,ttth,13,7
D01,7340301,7.8,,6.8,7.5,,,,,,,ttth,10,2
D07,7480201,,,8.0,6.8,,,,,8.25,,ttth,16,0
A00,7510401,,,,7.5,,,,7.5,7.2,,ttth,22,6
D01,7510203,5.6,,5.0,5.75,,,,,,,ttth,19,5
D01,7220201,8.0,,8.2,7.75,,,,,,,ttth,0,8
A00,7340120,,,,7.75,,,,7.0,7.2,,ttth,4,1
D07,7480201,,,7.6,8.0,,,,,8.6,,ttth,16,0
A00,7810202,,,,7.5,,,,6.25,6.8,,ttth,35,4
D01,7510303,6.4,,7.4,7.25,,,,,,,ttth,21,5
A00,7510202,,,,7.6,,,,6.0,6.25,,ttth,18,5
D07,7480201,,,9.2,7.0,,,,,7.25,,ttth,16,0
D01,7510202,6.0,,7.0,5.5,,,,,,,ttth,18,5
D01,7510202,7.0,,5.0,5.8,,,,,,,ttth,18,5
A00,7340201,,,,7.75,,,,8.0,7.6,,ttth,8,2
D07,7480201,,,8.0,7.25,,,,,8.0,,ttth,16,0
D07,7540101,,,7.6,7.25,,,,,7.2,,ttth,28,7
A00,7340201,,,,6.25,,,,6.5,7.0,,ttth,8,2
A00,7510303,,,,7.25,,,,7.0,8.2,,ttth,21,5
D01,7220201,8.25,,7.4,8.0,,,,,,,ttth,0,8
D01,7220201,7.25,,8.8,7.6,,,,,,,ttth,0,8
A00,7340129,,,,6.75,,,,6.5,8.2,,ttth,7,7
D01,7340101,8.4,,6.6,6.75,,,,,,,ttth,2,1
D01,7510203,7.0,,4.0,5.2,,,,,,,ttth,19,5
B00,7540106,,,,8.25,,,,,6.0,7.2,ttth,30,7
D01,7810201,7.0,,8.2,7.2,,,,,,,ttth,34,4
A00,7480201,,,,8.8,,,,7.0,8.0,,ttth,16,0
D07,7850101,,,8.0,7.0,,,,,5.25,,ttth,38,7
D01,7380107,6.5,,8.8,6.6,,,,,,,ttth,12,8
D01,7340129,5.4,,6.8,6.75,,,,,,,ttth,7,7
D01,7810202,7.75,,7.8,7.2,,,,,,,ttth,35,4
D01,7340120,7.8,,6.6,7.5,,,,,,,ttth,4,1
D07,7420201,,,7.6,7.75,,,,,8.8,,ttth,13,7
A00,7340115,,,,7.75,,,,7.75,8.2,,ttth,3,1
D01,7510301,7.8,,6.2,7.0,,,,,,,ttth,20,5
A00,7420201,,,,7.0,,,,8.0,7.4,,ttth,13,7
A01,7540204,,,6.6,7.8,,,,5.0,,,ttth,31,6
A00,7480201,,,,5.75,,,,8.0,7.2,,ttth,16,0
D01,7510202,7.0,,4.4,7.8,,,,,,,ttth,18,5
D01,7810103,8.25,,6.8,7.2,,,,,,,ttth,33,4
D07,7480201,,,7.6,7.25,,,,,6.4,,ttth,16,0
A00,7340120,,,,8.5,,,,7.5,7.6,,ttth,4,1
D07,7819010,,,6.6,4.75,,,,,7.2,,ttth,37,4
A00,7480201,,,,7.75,,,,6.25,7.4,,ttth,16,0
D01,7340101,7.8,,7.4,6.75,,,,,,,ttth,2,1
A00,7540106,,,,6.0,,,,6.5,7.25,,ttth,30,7
A00,7510203,,,,8.4,,,,6.75,7.0,,ttth,19,5
A00,7480201,,,,6.75,,,,9.25,8.2,,ttth,16,0
D07,7480201,,,7.8,7.0,,,,,7.6,,ttth,16,0
A00,7480201,,,,8.0,,,,6.75,8.25,,ttth,16,0
A00,7340301,,,,7.8,,,,7.0,7.75,,ttth,10,2
A00,7340120,,,,8.25,,,,7.75,7.2,,ttth,4,1
D01,7340101,6.6,,7.2,7.75,,,,,,,ttth,2,1
A00,7340201,,,,8.0,,,,7.0,7.5,,ttth,8,2
B00,7510406,,,,7.0,,,,,7.25,4.75,ttth,24,7
D01,7480201,6.75,,9.0,6.6,,,,,,,ttth,16,0
A00,7340101,,,,7.0,,,,8.25,8.2,,ttth,2,1
D01,7380107,6.8,,6.4,6.5,,,,,,,ttth,12,8
D01,7340129,7.5,,8.0,7.0,,,,,,,ttth,7,7
A00,7810201,,,,8.2,,,,6.5,8.0,,ttth,34,4
A00,7480201,,,,7.5,,,,7.5,8.0,,ttth,16,0
D01,7340129,5.6,,6.6,7.5,,,,,,,ttth,7,7
D01,7480201,6.75,,8.4,7.4,,,,,,,ttth,16,0
A00,7340201,,,,7.5,,,,8.0,7.8,,ttth,8,2
A00,7340301,,,,8.0,,,,6.5,7.2,,ttth,10,2
A00,7540101,,,,8.6,,,,8.0,7.0,,ttth,28,7
A00,7510202,,,,7.8,,,,6.75,6.5,,ttth,18,5
D01,7510301,4.5,,6.0,7.6,,,,,,,ttth,20,5
D07,7540106,,,7.8,7.6,,,,,7.5,,ttth,30,7
A00,7510401,,,,6.2,,,,3.75,6.0,,ttth,22,6
D01,7340201,8.0,,7.0,7.0,,,,,,,ttth,8,2
D01,7340201,6.4,,7.8,7.5,,,,,,,ttth,8,2
B00,7819010,,,,5.25,,,,,6.0,6.8,ttth,37,4
D01,7510202,7.25,,7.8,7.8,,,,,,,ttth,18,5
B00,7420201,,,,7.4,,,,,7.0,5.5,ttth,13,7
A01,7220201,,,8.6,8.0,,,,7.0,,,ttth,0,8
D01,7480202,4.8,,7.0,8.25,,,,,,,ttth,17,0
A00,7340120,,,,6.5,,,,8.5,6.8,,ttth,4,1
A01,7340201,,,8.8,8.4,,,,7.5,,,ttth,8,2
A00,7819010,,,,7.0,,,,7.75,7.4,,ttth,37,4
A00,7540101,,,,8.0,,,,7.25,8.25,,ttth,28,7
A00,7480201,,,,7.0,,,,7.75,7.6,,ttth,16,0
A00,7480201,,,,8.25,,,,7.25,6.6,,ttth,16,0
B00,7540101,,,,8.25,,,,,6.75,7.6,ttth,28,7
D01,7340129,7.6,,7.4,7.0,,,,,,,ttth,7,7
A01,7480201,,,8.0,6.5,,,,7.2,,,ttth,16,0
D01,7510202,6.5,,7.8,6.4,,,,,,,ttth,18,5
A01,7810202,,,8.8,7.8,,,,6.5,,,ttth,35,4
A00,7810201,,,,6.5,,,,5.0,7.0,,ttth,34,4
D01,7340115,8.4,,7.4,8.5,,,,,,,ttth,3,1
A00,7380107,,,,8.25,,,,7.25,8.0,,ttth,12,8
D01,7510203,5.6,,5.2,6.75,,,,,,,ttth,19,5
D01,7810202,6.4,,8.2,8.0,,,,,,,ttth,35,4
D01,7340301,4.6,,7.4,8.25,,,,,,,ttth,10,2
A00,7340301,,,,8.0,,,,7.25,8.2,,ttth,10,2
A00,7340101,,,,8.8,,,,8.0,7.5,,ttth,2,1
D01,7810103,5.2,,7.4,6.75,,,,,,,ttth,33,4
D01,7340201,7.0,,7.8,7.75,,,,,,,ttth,8,2
A00,7510401,,,,6.75,,,,7.75,7.4,,ttth,22,6
A00,7510303,,,,7.0,,,,6.75,4.75,,ttth,21,5
D01,7220204,7.5,,8.4,8.4,,,,,,,ttth,1,8
A00,7480201,,,,8.25,,,,7.25,8.2,,ttth,16,0
A00,7380107,,,,7.25,,,,7.75,8.2,,ttth,12,8
B00,7540101,,,,8.0,,,,,6.75,8.4,ttth,28,7
A01,7340120,,,7.4,7.75,,,,7.4,,,ttth,4,1
D01,7510202,4.2,,6.2,6.5,,,,,,,ttth,18,5
D01,7810201,7.0,,7.8,7.8,,,,,,,ttth,34,4
A00,7340129,,,,8.0,,,,6.0,6.75,,ttth,7,7
A00,7340129,,,,7.0,,,,7.5,7.8,,ttth,7,7
D01,7510202,4.6,,6.2,6.5,,,,,,,ttth,18,5
A00,7480201,,,,7.6,,,,7.5,7.0,,ttth,16,0
D01,7340120,7.6,,8.2,7.25,,,,,,,ttth,4,1
A00,7340115,,,,8.0,,,,8.25,8.0,,ttth,3,1
D01,7340120,7.25,,7.6,8.4,,,,,,,ttth,4,1
B00,7540101,,,,8.0,,,,,8.5,7.6,ttth,28,7
D01,7340120,7.0,,7.2,7.0,,,,,,,ttth,4,1
D07,7540101,,,8.6,8.75,,,,,7.0,,ttth,28,7
D01,7810201,6.25,,8.6,8.0,,,,,,,ttth,34,4
D01,7340115,8.0,,7.2,8.5,,,,,,,ttth,3,1
A00,7480201,,,,7.25,,,,7.0,6.8,,ttth,16,0
A00,7540105,,,,6.25,,,,6.5,7.2,,ttth,29,7
D01,7510303,7.5,,7.6,7.8,,,,,,,ttth,21,5
A00,7340120,,,,8.0,,,,7.5,7.75,,ttth,4,1
A00,7480201,,,,7.25,,,,6.75,8.0,,ttth,16,0
A00,7340201,,,,7.0,,,,7.5,8.25,,ttth,8,2
D07,7510401,,,7.2,7.0,,,,,4.4,,ttth,22,6
D01,7340201,8.4,,7.8,7.5,,,,,,,ttth,8,2
A00,7340201,,,,6.5,,,,7.75,7.0,,ttth,8,2
B00,7510401,,,,8.0,,,,,5.75,7.0,ttth,22,6
A00,7420201,,,,7.0,,,,5.5,5.0,,ttth,13,7
D01,7510203,4.4,,6.4,7.0,,,,,,,ttth,19,5
A00,7340301,,,,6.75,,,,6.75,7.6,,ttth,10,2
A00,7340129,,,,7.25,,,,6.5,8.4,,ttth,7,7
A01,7340122,,,8.0,6.75,,,,7.6,,,ttth,5,1
A00,7380107,,,,7.75,,,,7.0,7.2,,ttth,12,8
A00,7480201,,,,8.4,,,,6.25,8.0,,ttth,16,0
A00,7810103,,,,7.0,,,,8.75,7.6,,ttth,33,4
A00,7480202,,,,6.0,,,,6.25,8.0,,ttth,17,0
D07,7540101,,,8.0,7.25,,,,,8.4,,ttth,28,7
D01,7340201,5.8,,7.4,7.25,,,,,,,ttth,8,2
A00,7340201,,,,8.0,,,,7.5,8.75,,ttth,8,2
A01,7480201,,,7.6,7.25,,,,8.0,,,ttth,16,0
A01,7380107,,,8.4,8.0,,,,6.25,,,ttth,12,8
A01,7480201,,,7.8,7.75,,,,8.2,,,ttth,16,0
D01,7340101,9.4,,7.0,8.5,,,,,,,ttth,2,1
D01,7810201,8.0,,8.0,7.4,,,,,,,ttth,34,4
D01,7340101,7.4,,7.4,6.5,,,,,,,ttth,2,1
A00,7510303,,,,7.0,,,,4.75,6.75,,ttth,21,5
D01,7340201,6.6,,7.4,8.0,,,,,,,ttth,8,2
A00,7510203,,,,7.0,,,,3.5,5.5,,ttth,19,5
A01,7340120,,,9.0,7.8,,,,8.0,,,ttth,4,1
D01,7340115,7.6,,6.6,8.25,,,,,,,ttth,3,1
B00,7420201,,,,8.0,,,,,7.5,7.75,ttth,13,7
D01,7220201,6.8,,6.8,7.75,,,,,,,ttth,0,8
D01,7480201,5.4,,7.6,9.0,,,,,,,ttth,16,0
A00,7380107,,,,8.5,,,,7.0,7.8,,ttth,12,8
A00,7510203,,,,6.75,,,,5.25,6.6,,ttth,19,5
D01,7340101,7.2,,7.0,7.5,,,,,,,ttth,2,1
D07,7420201,,,8.0,7.8,,,,,6.5,,ttth,13,7
A00,7540101,,,,7.75,,,,8.5,7.8,,ttth,28,7
A00,7510401,,,,7.2,,,,6.25,7.5,,ttth,22,6
D15,7380107,7.75,5.4,7.25,,,,,,,,ttth,12,8
D01,7510303,4.4,,6.2,6.5,,,,,,,ttth,21,5
D01,7220204,7.4,,8.0,7.75,,,,,,,ttth,1,8
D01,7340201,7.6,,8.2,8.0,,,,,,,ttth,8,2
A00,7340122,,,,6.75,,,,7.75,7.8,,ttth,5,1
A00,7480201,,,,8.75,,,,7.75,8.6,,ttth,16,0
D07,7540101,,,7.4,8.0,,,,,6.6,,ttth,28,7
D15,7810103,7.75,6.0,7.75,,,,,,,,ttth,33,4
A00,7340115,,,,8.0,,,,8.0,7.4,,ttth,3,1
D01,7220201,7.0,,9.4,8.0,,,,,,,ttth,0,8
A01,7510301,,,7.2,6.5,,,,7.6,,,ttth,20,5
D01,7340101,6.8,,7.2,7.5,,,,,,,ttth,2,1
D01,7380107,6.0,,6.4,8.75,,,,,,,ttth,12,8
D07,7540101,,,7.4,7.25,,,,,7.6,,ttth,28,7
A00,7819009,,,,5.5,,,,6.25,5.6,,ttth,36,4
A00,7340301,,,,7.5,,,,7.75,7.8,,ttth,10,2
A00,7510301,,,,7.8,,,,6.5,6.75,,ttth,20,5
A00,7340301,,,,7.6,,,,7.0,8.25,,ttth,10,2
D07,7540101,,,7.6,8.75,,,,,8.2,,ttth,28,7
D01,7380107,7.25,,7.6,7.0,,,,,,,ttth,12,8
D01,7540204,8.5,,5.4,5.2,,,,,,,ttth,31,6
D01,7340205,7.2,,7.6,8.25,,,,,,,ttth,9,2
A00,7340201,,,,7.0,,,,8.75,8.4,,ttth,8,2
D07,7819010,,,7.4,6.75,,,,,6.6,,ttth,37,4
A01,7810103,,,7.4,7.2,,,,7.75,,,ttth,33,4
D01,7510202,4.2,,6.6,6.75,,,,,,,ttth,18,5
A01,7380107,,,8.0,8.0,,,,6.75,,,ttth,12,8
A01,7220204,,,8.0,7.4,,,,7.75,,,ttth,1,8
D01,7340301,6.4,,5.4,9.0,,,,,,,ttth,10,2
D01,7480201,7.5,,7.6,7.4,,,,,,,ttth,16,0
A00,7340115,,,,7.75,,,,8.5,7.6,,ttth,3,1
A00,7810202,,,,8.0,,,,7.0,7.25,,ttth,35,4
A00,7480201,,,,8.0,,,,7.5,8.2,,ttth,16,0
A00,7340301,,,,7.0,,,,7.5,6.8,,ttth,10,2
A01,7510203,,,7.4,7.75,,,,8.0,,,ttth,19,5
A01,7340201,,,7.8,7.5,,,,7.8,,,ttth,8,2
B00,7540101,,,,7.75,,,,,7.75,7.6,ttth,28,7
A01,7510402,,,8.8,8.0,,,,7.0,,,ttth,23,6
A00,7340301,,,,6.5,,,,8.25,8.2,,ttth,10,2
D01,7340301,6.8,,6.2,7.75,,,,,,,ttth,10,2
A00,7510301,,,,6.8,,,,7.0,5.0,,ttth,20,5
A00,7510303,,,,5.75,,,,7.25,8.2,,ttth,21,5
A01,7510303,,,7.2,7.5,,,,6.8,,,ttth,21,5
D01,7340120,7.0,,7.2,9.25,,,,,,,ttth,4,1
D01,7340101,7.6,,7.4,7.25,,,,,,,ttth,2,1
A00,7340301,,,,8.2,,,,7.75,8.0,,ttth,10,2
B00,7540101,,,,7.0,,,,,8.0,7.6,ttth,28,7
A00,7540106,,,,6.6,,,,6.5,5.25,,ttth,30,7
D01,7340120,7.75,,8.6,7.6,,,,,,,ttth,4,1
A01,7340301,,,7.2,8.2,,,,8.0,,,ttth,10,2
A00,7510401,,,,7.0,,,,6.75,6.5,,ttth,22,6
A01,7480201,,,8.0,7.75,,,,6.8,,,ttth,16,0
D01,7340101,8.25,,8.2,7.2,,,,,,,ttth,2,1
A00,7510401,,,,8.2,,,,6.75,8.25,,ttth,22,6
D01,7340101,7.0,,9.0,8.4,,,,,,,ttth,2,1
A00,7480201,,,,8.0,,,,7.5,7.25,,ttth,16,0
D01,7340123,4.6,,5.2,7.75,,,,,,,ttth,6,3
A00,7510301,,,,8.0,,,,5.5,6.0,,ttth,20,5
A00,7340120,,,,7.5,,,,7.25,8.0,,ttth,4,1
A00,7340115,,,,7.25,,,,8.25,8.2,,ttth,3,1
A01,7340301,,,7.8,7.6,,,,7.5,,,ttth,10,2
A00,7420201,,,,7.8,,,,5.75,5.75,,ttth,13,7
A00,7340201,,,,8.4,,,,7.5,8.25,,ttth,8,2
A00,7510406,,,,8.6,,,,7.75,6.75,,ttth,24,7
D01,7810202,7.0,,8.2,7.6,,,,,,,ttth,35,4
D01,7340122,7.4,,8.0,6.75,,,,,,,ttth,5,1
D01,7340129,6.6,,7.6,6.75,,,,,,,ttth,7,7
D01,7340201,6.0,,7.2,8.75,,,,,,,ttth,8,2
D01,7810103,7.4,,7.2,7.0,,,,,,,ttth,33,4
D01,7340123,6.2,,7.0,6.75,,,,,,,ttth,6,3
D01,7340120,8.2,,7.0,7.75,,,,,,,ttth,4,1
A00,7850101,,,,6.8,,,,6.25,6.25,,ttth,38,7
A00,7340120,,,,7.75,,,,6.5,7.0,,ttth,4,1
D01,7510301,6.25,,6.2,7.4,,,,,,,ttth,20,5
A01,7480201,,,8.6,7.8,,,,6.0,,,ttth,16,0
A00,7340120,,,,8.0,,,,6.25,9.0,,ttth,4,1
D15,7810201,6.5,6.8,7.5,,,,,,,,ttth,34,4
D01,7810201,6.0,,7.4,6.5,,,,,,,ttth,34,4
D01,7480201,6.2,,7.6,7.25,,,,,,,ttth,16,0
A01,7480202,,,7.4,7.5,,,,8.8,,,ttth,17,0
D07,7540101,,,8.4,7.6,,,,,8.0,,ttth,28,7
A00,7510406,,,,6.0,,,,5.75,6.2,,ttth,24,7
A00,7480201,,,,7.25,,,,8.0,7.6,,ttth,16,0
D01,7340201,7.25,,8.2,7.6,,,,,,,ttth,8,2
D01,7510303,6.0,,6.6,7.8,,,,,,,ttth,21,5
A00,7340120,,,,6.5,,,,8.25,7.0,,ttth,4,1
A01,7380107,,,8.4,7.25,,,,7.4,,,ttth,12,8
A00,7480201,,,,8.4,,,,7.75,7.5,,ttth,16,0
A00,7380107,,,,8.0,,,,7.75,7.2,,ttth,12,8
D01,7220201,7.25,,8.8,8.0,,,,,,,ttth,0,8
A00,7520115,,,,6.0,,,,5.75,6.2,,ttth,27,6
A01,7850101,,,6.8,7.75,,,,5.8,,,ttth,38,7
A00,7480201,,,,7.0,,,,8.5,7.6,,ttth,16,0
D01,7510301,6.25,,3.4,6.6,,,,,,,ttth,20,5
A01,7340101,,,7.6,7.25,,,,8.6,,,ttth,2,1
D01,7220201,7.2,,6.8,6.75,,,,,,,ttth,0,8
B00,7510401,,,,8.2,,,,,7.5,5.75,ttth,22,6
D01,7340201,7.75,,9.0,7.4,,,,,,,ttth,8,2
A00,7510202,,,,8.2,,,,6.0,7.0,,ttth,18,5
D01,7340120,6.8,,8.0,8.5,,,,,,,ttth,4,1
A00,7340122,,,,7.0,,,,6.75,8.0,,ttth,5,1
A00,7540106,,,,7.0,,,,7.25,7.6,,ttth,30,7
A00,7380107,,,,8.4,,,,6.75,7.5,,ttth,12,8
A00,7380107,,,,7.2,,,,7.5,7.25,,ttth,12,8
D15,7810202,7.5,5.0,8.25,,,,,,,,ttth,35,4
A01,7340123,,,7.4,7.0,,,,7.0,,,ttth,6,3
A00,7510303,,,,6.5,,,,6.5,7.6,,ttth,21,5
B00,7420201,,,,6.8,,,,,7.75,7.0,ttth,13,7
D01,7810201,6.5,,8.4,7.4,,,,,,,ttth,34,4
D01,7510301,6.0,,6.4,6.2,,,,,,,ttth,20,5
A00,7480202,,,,7.25,,,,7.5,7.8,,ttth,17,0
D01,7810103,7.5,,7.6,7.4,,,,,,,ttth,33,4
B00,7510401,,,,7.75,,,,,6.5,7.0,ttth,22,6
D01,7520115,5.2,,6.8,6.5,,,,,,,ttth,27,6
A00,7480201,,,,7.0,,,,6.5,7.4,,ttth,16,0
D01,7380107,6.2,,7.4,8.0,,,,,,,ttth,12,8
B00,7850101,,,,5.25,,,,,7.75,7.0,ttth,38,7
D01,7540204,4.8,,6.8,7.25,,,,,,,ttth,31,6
A00,7510301,,,,6.25,,,,7.25,7.2,,ttth,20,5
A00,7540106,,,,8.0,,,,6.0,7.0,,ttth,30,7
A00,7540101,,,,8.6,,,,8.25,8.25,,ttth,28,7
A00,7340101,,,,8.0,,,,8.0,8.25,,ttth,2,1
D01,7510303,8.2,,6.4,6.75,,,,,,,ttth,21,5
D07,7420201,,,7.2,7.6,,,,,7.5,,ttth,13,7
A01,7480201,,,7.4,7.75,,,,7.8,,,ttth,16,0
A01,7480201,,,7.4,6.75,,,,7.8,,,ttth,16,0
A00,7340120,,,,7.75,,,,7.75,8.0,,ttth,4,1
A01,7220201,,,7.8,8.5,,,,7.4,,,ttth,0,8
A00,7510203,,,,8.0,,,,7.75,7.4,,ttth,19,5
D01,7220201,7.75,,9.4,7.6,,,,,,,ttth,0,8
D01,7220201,8.8,,7.0,7.75,,,,,,,ttth,0,8
A00,7340129,,,,7.8,,,,6.75,6.25,,ttth,7,7
A00,7340120,,,,6.25,,,,7.5,8.0,,ttth,4,1
A00,7810201,,,,6.5,,,,6.0,7.0,,ttth,34,4
A00,7340115,,,,7.5,,,,8.75,8.0,,ttth,3,1
D01,7380107,7.25,,7.8,8.2,,,,,,,ttth,12,8
A01,7340301,,,8.2,8.2,,,,6.25,,,ttth,10,2
D01,7480201,7.6,,7.8,8.5,,,,,,,ttth,16,0
A00,7480201,,,,8.2,,,,6.25,8.25,,ttth,16,0
A00,7480201,,,,7.8,,,,7.25,8.0,,ttth,16,0
D01,7510301,7.2,,7.6,7.0,,,,,,,ttth,20,5
A01,7480201,,,7.6,8.2,,,,6.75,,,ttth,16,0
D07,7480201,,,7.4,7.5,,,,,7.4,,ttth,16,0
D01,7510203,7.8,,6.4,7.0,,,,,,,ttth,19,5
D01,7220204,7.4,,7.0,7.0,,,,,,,ttth,1,8
A01,7340201,,,7.4,8.0,,,,7.2,,,ttth,8,2
D01,7510203,7.4,,7.2,8.0,,,,,,,ttth,19,5
D15,7380107,8.0,4.6,7.25,,,,,,,,ttth,12,8
D07,7510301,,,7.6,6.5,,,,,8.4,,ttth,20,5
A01,7340120,,,8.4,8.2,,,,6.75,,,ttth,4,1
D01,7510303,6.0,,6.8,8.25,,,,,,,ttth,21,5
D01,7340129,7.4,,7.6,7.75,,,,,,,ttth,7,7
D07,7460108,,,7.0,7.25,,,,,6.2,,ttth,14,0
D01,7480201,8.0,,9.2,7.8,,,,,,,ttth,16,0
D01,7540204,7.0,,6.6,6.8,,,,,,,ttth,31,6
A00,7340301,,,,6.75,,,,8.25,8.2,,ttth,10,2
A00,7340120,,,,6.75,,,,9.0,8.0,,ttth,4,1
A00,7340122,,,,7.0,,,,8.0,7.2,,ttth,5,1
D01,7220204,8.0,,7.0,8.5,,,,,,,ttth,1,8
D01,7520115,6.4,,6.0,7.25,,,,,,,ttth,27,6
D01,7510303,6.8,,7.6,7.25,,,,,,,ttth,21,5
D01,7340120,8.8,,7.4,7.5,,,,,,,ttth,4,1
A01,7340122,,,8.2,7.0,,,,6.4,,,ttth,5,1
A00,7480201,,,,7.5,,,,8.0,7.8,,ttth,16,0
D07,7540101,,,7.0,7.25,,,,,7.2,,ttth,28,7
B00,7540106,,,,6.5,,,,,7.25,7.2,ttth,30,7
B00,7540101,,,,7.5,,,,,8.0,7.8,ttth,28,7
D01,7810201,5.8,,6.8,7.0,,,,,,,ttth,34,4
A01,7540101,,,8.0,8.2,,,,8.0,,,ttth,28,7
D01,7220201,7.25,,9.8,7.2,,,,,,,ttth,0,8
D01,7340301,7.25,,7.8,7.8,,,,,,,ttth,10,2
D01,7340115,7.75,,7.4,8.8,,,,,,,ttth,3,1
D01,7220204,8.5,,8.4,7.6,,,,,,,ttth,1,8
B00,7540101,,,,7.5,,,,,7.75,6.6,ttth,28,7
B00,7540101,,,,8.0,,,,,7.75,8.0,ttth,28,7
D01,7220204,5.6,,6.8,8.75,,,,,,,ttth,1,8
D01,7810202,8.5,,8.2,7.8,,,,,,,ttth,35,4
D07,7510401,,,7.2,7.5,,,,,6.0,,ttth,22,6
A00,7510203,,,,7.75,,,,8.0,7.6,,ttth,19,5
D01,7810201,6.8,,7.2,7.0,,,,,,,ttth,34,4
D01,7340129,8.5,,8.0,8.6,,,,,,,ttth,7,7
A01,7340115,,,8.2,7.5,,,,8.0,,,ttth,3,1
B00,7540106,,,,7.75,,,,,6.5,7.2,ttth,30,7
D15,7380107,7.5,5.6,8.0,,,,,,,,ttth,12,8
A00,7480201,,,,7.25,,,,8.0,8.0,,ttth,16,0
A00,7810202,,,,7.8,,,,7.25,7.5,,ttth,35,4
A01,7340201,,,7.2,8.0,,,,8.2,,,ttth,8,2
A00,7510406,,,,6.0,,,,6.25,7.2,,ttth,24,7
A00,7340201,,,,8.75,,,,7.25,7.4,,ttth,8,2
D01,7340101,6.4,,8.0,6.5,,,,,,,ttth,2,1
D01,7340129,4.8,,7.2,7.5,,,,,,,ttth,7,7
D01,7340101,8.0,,8.0,7.6,,,,,,,ttth,2,1
A01,7540101,,,8.2,7.5,,,,7.8,,,ttth,28,7
D09,7220204,,,7.4,9.0,,,7.4,,,,ttth,1,8
A00,7510203,,,,6.5,,,,6.5,7.8,,ttth,19,5
B00,7420201,,,,6.8,,,,,6.75,5.75,ttth,13,7
D01,7380107,7.0,,7.2,7.2,,,,,,,ttth,12,8
B00,7819010,,,,5.5,,,,,7.0,6.2,ttth,37,4
A00,7540101,,,,7.5,,,,8.25,8.2,,ttth,28,7
D01,7480201,6.8,,7.6,8.75,,,,,,,ttth,16,0
A01,7340115,,,7.8,8.0,,,,8.4,,,ttth,3,1
D01,7510203,5.25,,6.6,6.0,,,,,,,ttth,19,5
D15,7810201,7.5,6.4,7.25,,,,,,,,ttth,34,4
A01,7540101,,,7.4,7.5,,,,7.8,,,ttth,28,7
D01,7340115,7.2,,7.6,9.0,,,,,,,ttth,3,1
A00,7380107,,,,7.6,,,,7.0,7.5,,ttth,12,8
D07,7819010,,,7.0,6.25,,,,,5.6,,ttth,37,4
D01,7810103,5.8,,6.8,7.75,,,,,,,ttth,33,4
D01,7220201,7.8,,7.4,7.5,,,,,,,ttth,0,8
A00,7340101,,,,7.0,,,,7.5,8.6,,ttth,2,1
A01,7540101,,,7.4,7.75,,,,8.0,,,ttth,28,7
D09,7220204,,,7.4,8.5,,,5.8,,,,ttth,1,8
D01,7340301,5.6,,7.6,7.0,,,,,,,ttth,10,2
D07,7460108,,,6.8,6.5,,,,,5.8,,ttth,14,0
D01,7480202,6.5,,4.8,6.2,,,,,,,ttth,17,0
D01,7510301,6.75,,6.4,6.8,,,,,,,ttth,20,5
D01,7510203,7.75,,6.8,6.8,,,,,,,ttth,19,5
A00,7480201,,,,6.5,,,,7.75,8.0,,ttth,16,0
A00,7340101,,,,8.5,,,,7.5,7.6,,ttth,2,1
D01,7340205,6.2,,7.4,8.25,,,,,,,ttth,9,2
A00,7510301,,,,7.25,,,,6.0,8.4,,ttth,20,5
A00,7340101,,,,8.0,,,,6.0,7.6,,ttth,2,1
D01,7340123,7.8,,7.0,7.0,,,,,,,ttth,6,3
B00,7540101,,,,8.0,,,,,8.0,8.0,ttth,28,7
A01,7380107,,,7.0,8.25,,,,7.0,,,ttth,12,8
D07,7480201,,,7.2,7.75,,,,,7.8,,ttth,16,0
D01,7520115,6.0,,5.6,6.75,,,,,,,ttth,27,6
B00,7540101,,,,8.25,,,,,8.25,7.0,ttth,28,7
D01,7520115,6.2,,6.8,6.0,,,,,,,ttth,27,6
A00,7480201,,,,7.75,,,,8.25,7.4,,ttth,16,0
D01,7340115,7.4,,7.2,8.0,,,,,,,ttth,3,1
A00,7340129,,,,6.25,,,,7.25,7.6,,ttth,7,7
D01,7510301,5.5,,6.4,5.8,,,,,,,ttth,20,5
A01,7480202,,,6.2,7.6,,,,6.0,,,ttth,17,0
B00,7819010,,,,6.75,,,,,7.0,6.2,ttth,37,4
D01,7510203,6.4,,6.4,6.5,,,,,,,ttth,19,5
A00,7340201,,,,6.25,,,,7.0,7.4,,ttth,8,2
D01,7480201,7.75,,8.2,6.8,,,,,,,ttth,16,0
D01,7510202,5.2,,6.4,7.25,,,,,,,ttth,18,5
A00,7340101,,,,6.75,,,,8.25,7.8,,ttth,2,1
A00,7480201,,,,7.25,,,,6.75,7.2,,ttth,16,0
D01,7340201,9.0,,7.6,7.2,,,,,,,ttth,8,2
D15,7380107,8.0,5.4,6.0,,,,,,,,ttth,12,8
D01,7340122,8.0,,8.0,7.25,,,,,,,ttth,5,1
A00,7510401,,,,6.5,,,,7.0,7.4,,ttth,22,6
D07,7480201,,,8.0,8.0,,,,,7.0,,ttth,16,0
D01,7340120,6.4,,7.0,8.0,,,,,,,ttth,4,1
A00,7540101,,,,7.25,,,,7.75,8.2,,ttth,28,7
D01,7510303,7.2,,6.8,7.25,,,,,,,ttth,21,5
A00,7510401,,,,8.2,,,,6.5,7.5,,ttth,22,6
D01,7220201,6.0,,7.6,7.5,,,,,,,ttth,0,8
D01,7510303,6.4,,6.8,7.0,,,,,,,ttth,21,5
D01,7520115,5.0,,6.4,7.6,,,,,,,ttth,27,6
D01,7810201,6.4,,7.6,6.5,,,,,,,ttth,34,4
D01,7510203,5.75,,7.2,8.0,,,,,,,ttth,19,5
D01,7340301,5.0,,7.6,7.75,,,,,,,ttth,10,2
B00,7850101,,,,7.0,,,,,8.0,6.25,ttth,38,7
D01,7340301,8.2,,6.6,7.0,,,,,,,ttth,10,2
A00,7510301,,,,5.75,,,,6.75,8.0,,ttth,20,5
A00,7340201,,,,6.75,,,,7.25,6.4,,ttth,8,2
D01,7340101,8.25,,8.4,7.8,,,,,,,ttth,2,1
D01,7480201,7.5,,8.4,7.2,,,,,,,ttth,16,0
A00,7480202,,,,6.6,,,,5.0,6.5,,ttth,17,0
A00,7340115,,,,8.0,,,,8.5,7.6,,ttth,3,1
A01,7340120,,,8.0,7.75,,,,8.4,,,ttth,4,1
A01,7340120,,,7.8,8.5,,,,7.4,,,ttth,4,1
D01,7480201,7.2,,7.2,6.75,,,,,,,ttth,16,0
A01,7340129,,,7.0,7.8,,,,7.0,,,ttth,7,7
B00,7420201,,,,7.0,,,,,6.25,7.2,ttth,13,7
A00,7480201,,,,7.75,,,,7.75,8.6,,ttth,16,0
A01,7810202,,,7.2,5.25,,,,6.4,,,ttth,35,4
D01,7340120,6.6,,7.6,8.5,,,,,,,ttth,4,1
A00,7340120,,,,6.0,,,,7.0,8.0,,ttth,4,1
D01,7480202,6.75,,4.6,4.8,,,,,,,ttth,17,0
A00,7480201,,,,7.4,,,,7.5,8.25,,ttth,16,0
A01,7480201,,,8.6,8.2,,,,5.75,,,ttth,16,0
D01,7510202,3.2,,7.0,8.0,,,,,,,ttth,18,5
A01,7480201,,,6.6,6.5,,,,8.0,,,ttth,16,0
A00,7340301,,,,7.6,,,,7.5,7.75,,ttth,10,2
D01,7510303,6.0,,8.0,4.6,,,,,,,ttth,21,5
B00,7819010,,,,5.75,,,,,7.0,6.0,ttth,37,4
A00,7510401,,,,7.25,,,,8.5,8.4,,ttth,22,6
A00,7510303,,,,7.4,,,,5.75,6.5,,ttth,21,5
D01,7380107,5.8,,6.6,8.5,,,,,,,ttth,12,8
A00,7510303,,,,7.8,,,,6.0,5.75,,ttth,21,5
A00,7510303,,,,7.4,,,,5.25,4.75,,ttth,21,5
A01,7480201,,,7.8,6.5,,,,6.2,,,ttth,16,0
A00,7510301,,,,8.2,,,,6.25,6.75,,ttth,20,5
A01,7420201,,,6.6,8.25,,,,8.0,,,ttth,13,7
A00,7340120,,,,8.0,,,,7.5,8.0,,ttth,4,1
A01,7480201,,,7.8,8.0,,,,8.2,,,ttth,16,0
A00,7510301,,,,6.25,,,,7.5,7.4,,ttth,20,5
A00,7380107,,,,6.5,,,,6.75,8.0,,ttth,12,8
D01,7340120,8.5,,7.4,8.0,,,,,,,ttth,4,1
D01,7480202,6.8,,6.2,6.0,,,,,,,ttth,17,0
A00,7340101,,,,7.75,,,,7.75,8.4,,ttth,2,1
D01,7810202,8.0,,6.8,8.2,,,,,,,ttth,35,4
A00,7480202,,,,6.0,,,,7.75,7.0,,ttth,17,0
D01,7510202,6.6,,7.0,6.0,,,,,,,ttth,18,5
D01,7340120,8.2,,7.6,7.5,,,,,,,ttth,4,1
A00,7340115,,,,8.0,,,,7.75,7.8,,ttth,3,1
A00,7510203,,,,7.0,,,,7.5,7.8,,ttth,19,5
D01,7220201,8.0,,7.6,6.25,,,,,,,ttth,0,8
A00,7340120,,,,7.5,,,,7.25,7.2,,ttth,4,1
A01,7340120,,,7.8,8.0,,,,7.2,,,ttth,4,1
A00,7810103,,,,6.5,,,,7.25,6.6,,ttth,33,4
D07,7540101,,,8.6,8.0,,,,,8.25,,ttth,28,7
D01,7810202,7.5,,7.6,7.4,,,,,,,ttth,35,4
A01,7480201,,,7.2,7.5,,,,8.4,,,ttth,16,0
A00,7510203,,,,6.4,,,,5.5,5.0,,ttth,19,5
D01,7510202,5.0,,7.2,5.5,,,,,,,ttth,18,5
A00,7510303,,,,6.75,,,,6.75,7.6,,ttth,21,5
A01,7480201,,,7.4,8.25,,,,7.0,,,ttth,16,0
A01,7480202,,,7.4,8.25,,,,7.2,,,ttth,17,0
A00,7340101,,,,7.25,,,,7.0,8.6,,ttth,2,1
D01,7340120,8.0,,8.2,8.0,,,,,,,ttth,4,1
A00,7340101,,,,6.25,,,,8.0,6.4,,ttth,2,1
D01,7220204,6.2,,8.6,8.5,,,,,,,ttth,1,8
A00,7340201,,,,8.4,,,,7.5,8.25,,ttth,8,2
A00,7480201,,,,6.75,,,,6.75,7.6,,ttth,16,0
A00,7480201,,,,8.6,,,,7.25,8.0,,ttth,16,0
A00,7480201,,,,7.75,,,,7.25,7.6,,ttth,16,0
D01,7340115,8.6,,5.8,8.0,,,,,,,ttth,3,1
A00,7480201,,,,8.4,,,,6.75,8.25,,ttth,16,0
A00,7340123,,,,7.75,,,,4.75,7.2,,ttth,6,3
D01,7810103,7.25,,7.2,7.8,,,,,,,ttth,33,4
D01,7340120,9.25,,7.6,7.6,,,,,,,ttth,4,1
D01,7540204,3.4,,6.2,7.0,,,,,,,ttth,31,6
A00,7340101,,,,8.2,,,,7.75,8.75,,ttth,2,1
D07,7540106,,,7.6,6.8,,,,,7.25,,ttth,30,7
A00,7340101,,,,7.75,,,,8.0,8.0,,ttth,2,1
A01,7480201,,,8.4,7.0,,,,6.0,,,ttth,16,0
D01,7220201,7.25,,7.8,8.4,,,,,,,ttth,0,8
D01,7520115,5.2,,6.2,6.5,,,,,,,ttth,27,6
A01,7420201,,,5.4,7.4,,,,6.0,,,ttth,13,7
A00,7340201,,,,7.75,,,,7.75,7.8,,ttth,8,2
D07,7510401,,,7.4,5.6,,,,,7.25,,ttth,22,6
A01,7819009,,,6.8,5.25,,,,7.6,,,ttth,36,4
A00,7480201,,,,7.4,,,,7.25,8.75,,ttth,16,0
A00,7540101,,,,8.25,,,,8.75,8.2,,ttth,28,7
A00,7340101,,,,9.0,,,,6.75,7.5,,ttth,2,1
A00,7540105,,,,5.75,,,,6.5,4.8,,ttth,29,7
B00,7540106,,,,8.4,,,,,7.0,7.5,ttth,30,7
A01,7380107,,,8.4,6.5,,,,6.4,,,ttth,12,8
A01,7510203,,,7.4,7.25,,,,7.2,,,ttth,19,5
D01,7340301,8.0,,7.2,7.2,,,,,,,ttth,10,2
D07,7480202,,,7.8,6.0,,,,,6.0,,ttth,17,0
A00,7510303,,,,6.25,,,,6.0,8.6,,ttth,21,5
A01,7340129,,,6.2,7.5,,,,5.4,,,ttth,7,7
A00,7480201,,,,7.5,,,,7.75,7.8,,ttth,16,0
D07,7460108,,,7.2,6.75,,,,,6.4,,ttth,14,0
A00,7810201,,,,8.0,,,,7.5,7.8,,ttth,34,4
D01,7510202,6.75,,3.8,5.4,,,,,,,ttth,18,5
D07,7540101,,,8.2,7.5,,,,,8.4,,ttth,28,7
D01,7380107,6.5,,9.0,7.2,,,,,,,ttth,12,8
D01,7810103,7.0,,7.8,8.0,,,,,,,ttth,33,4
A00,7510401,,,,8.0,,,,6.75,7.5,,ttth,22,6
A00,7340129,,,,8.2,,,,6.75,7.25,,ttth,7,7
A00,7510301,,,,7.0,,,,6.0,7.8,,ttth,20,5
D01,7340129,3.6,,6.4,8.25,,,,,,,ttth,7,7
A00,7510203,,,,7.0,,,,4.5,4.5,,ttth,19,5
D01,7480201,6.5,,9.0,7.6,,,,,,,ttth,16,0
A00,7420201,,,,8.0,,,,7.0,7.8,,ttth,13,7
A01,7480201,,,8.4,7.8,,,,7.5,,,ttth,16,0
D01,7340201,6.0,,8.4,7.0,,,,,,,ttth,8,2
D01,7220204,8.5,,7.0,7.6,,,,,,,ttth,1,8
A00,7480201,,,,8.0,,,,6.5,7.6,,ttth,16,0
B00,7510401,,,,6.0,,,,,5.25,6.6,ttth,22,6
A00,7510203,,,,6.75,,,,7.25,6.8,,ttth,19,5
D09,7220201,,,8.0,7.0,,,9.0,,,,ttth,0,8
D01,7510301,8.0,,4.6,6.8,,,,,,,ttth,20,5
D01,7340201,7.75,,8.4,7.0,,,,,,,ttth,8,2
D15,7380107,6.5,6.2,8.0,,,,,,,,ttth,12,8
D01,7540204,3.2,,6.8,7.5,,,,,,,ttth,31,6
A00,7510202,,,,7.2,,,,4.0,7.0,,ttth,18,5
D01,7380107,7.5,,6.2,7.6,,,,,,,ttth,12,8
A00,7340115,,,,7.25,,,,7.75,8.0,,ttth,3,1
A00,7340101,,,,8.0,,,,8.0,7.6,,ttth,2,1
A01,7480202,,,6.8,6.5,,,,6.2,,,ttth,17,0
D01,7480201,7.25,,7.6,9.2,,,,,,,ttth,16,0
D01,7220201,7.75,,7.4,7.6,,,,,,,ttth,0,8
A00,7540106,,,,6.5,,,,8.5,7.0,,ttth,30,7
A00,7340201,,,,7.5,,,,8.0,8.6,,ttth,8,2
B00,7510401,,,,8.0,,,,,7.5,7.0,ttth,22,6
D07,7420201,,,7.2,9.0,,,,,6.8,,ttth,13,7
A00,7510303,,,,6.8,,,,4.75,7.25,,ttth,21,5
A00,7540106,,,,8.6,,,,7.0,8.25,,ttth,30,7
D01,7340115,6.2,,7.8,8.25,,,,,,,ttth,3,1
B00,7540101,,,,7.75,,,,,7.75,7.4,ttth,28,7
A00,7510303,,,,7.4,,,,6.75,7.25,,ttth,21,5
D01,7480202,6.5,,7.2,6.8,,,,,,,ttth,17,0
D01,7480201,6.75,,7.6,8.0,,,,,,,ttth,16,0
A00,7340120,,,,7.75,,,,8.0,7.6,,ttth,4,1
D01,7810201,7.0,,8.8,7.4,,,,,,,ttth,34,4
D01,7340301,6.6,,7.6,8.25,,,,,,,ttth,10,2
B00,7850101,,,,6.0,,,,,6.25,6.0,ttth,38,7
A00,7340301,,,,7.8,,,,7.25,7.25,,ttth,10,2
A00,7460108,,,,6.5,,,,5.25,6.2,,ttth,14,0
A01,7340201,,,6.8,8.2,,,,7.5,,,ttth,8,2
D09,7220201,,,7.8,7.0,,,6.6,,,,ttth,0,8
A01,7810202,,,8.0,7.6,,,,8.5,,,ttth,35,4
A01,7220204,,,8.4,6.8,,,,7.75,,,ttth,1,8
A00,7340101,,,,6.75,,,,7.25,6.8,,ttth,2,1
D01,7340115,8.4,,6.8,9.0,,,,,,,ttth,3,1
A00,7340101,,,,8.0,,,,7.25,7.75,,ttth,2,1
A00,7340129,,,,5.75,,,,7.75,6.2,,ttth,7,7
D01,7220201,7.25,,7.6,8.0,,,,,,,ttth,0,8
A01,7220201,,,9.6,8.8,,,,8.0,,,ttth,0,8
A00,7510303,,,,6.0,,,,7.25,7.6,,ttth,21,5
A01,7220201,,,9.2,8.6,,,,7.75,,,ttth,0,8
D07,7480201,,,7.8,7.6,,,,,8.25,,ttth,16,0
A00,7540101,,,,7.5,,,,6.0,7.0,,ttth,28,7
D01,7810202,6.6,,7.6,7.0,,,,,,,ttth,35,4
A01,7480202,,,7.4,5.75,,,,5.8,,,ttth,17,0
A00,7510203,,,,6.4,,,,5.75,5.0,,ttth,19,5
D01,7520115,3.6,,7.6,6.25,,,,,,,ttth,27,6
B00,7420201,,,,7.5,,,,,5.5,8.0,ttth,13,7
A00,7819010,,,,6.75,,,,8.5,6.0,,ttth,37,4
D07,7540101,,,7.8,8.5,,,,,8.4,,ttth,28,7
A00,7340101,,,,7.0,,,,7.75,8.2,,ttth,2,1
D01,7340120,8.25,,8.6,7.8,,,,,,,ttth,4,1
A00,7540101,,,,8.75,,,,7.0,7.4,,ttth,28,7
A00,7480201,,,,6.5,,,,6.75,8.0,,ttth,16,0
D01,7380107,5.75,,7.8,7.6,,,,,,,ttth,12,8
A00,7480201,,,,8.2,,,,7.5,7.5,,ttth,16,0
A00,7340115,,,,6.0,,,,8.5,7.6,,ttth,3,1
A00,7340115,,,,7.75,,,,8.0,8.4,,ttth,3,1
A00,7510203,,,,6.0,,,,8.75,7.6,,ttth,19,5
D01,7340115,7.2,,8.8,7.5,,,,,,,ttth,3,1
D01,7220201,7.5,,8.6,7.4,,,,,,,ttth,0,8
D01,7340301,5.4,,6.6,9.0,,,,,,,ttth,10,2
D01,7340115,7.8,,7.6,7.5,,,,,,,ttth,3,1
A00,7480201,,,,7.75,,,,7.5,8.2,,ttth,16,0
A01,7480201,,,9.0,8.2,,,,6.5,,,ttth,16,0
D01,7340301,5.6,,7.4,7.0,,,,,,,ttth,10,2
D15,7810103,6.5,7.0,7.5,,,,,,,,ttth,33,4
B00,7510401,,,,8.8,,,,,7.75,7.75,ttth,22,6
D01,7510202,3.4,,7.8,7.5,,,,,,,ttth,18,5
D01,7340115,8.0,,7.8,8.75,,,,,,,ttth,3,1
D01,7340120,6.6,,7.8,7.0,,,,,,,ttth,4,1
D01,7340120,7.0,,8.6,7.8,,,,,,,ttth,4,1
A00,7540106,,,,6.0,,,,6.75,7.25,,ttth,30,7
D01,7810201,7.25,,8.2,7.6,,,,,,,ttth,34,4
A01,7340101,,,7.6,8.8,,,,7.75,,,ttth,2,1
A00,7380107,,,,7.6,,,,6.75,7.5,,ttth,12,8
D01,7510303,5.8,,7.0,7.0,,,,,,,ttth,21,5
A01,7340101,,,8.6,7.4,,,,7.25,,,ttth,2,1
D01,7380107,7.0,,8.4,6.2,,,,,,,ttth,12,8
D01,7480201,7.2,,7.8,7.75,,,,,,,ttth,16,0
D01,7480201,6.8,,7.2,7.0,,,,,,,ttth,16,0
A00,7540101,,,,7.25,,,,7.5,8.8,,ttth,28,7
A00,7340301,,,,7.6,,,,6.75,8.5,,ttth,10,2
A00,7540101,,,,7.0,,,,6.5,6.8,,ttth,28,7
A00,7340301,,,,8.8,,,,7.5,8.25,,ttth,10,2
A01,7340120,,,9.6,7.6,,,,8.0,,,ttth,4,1
A01,7340101,,,7.6,6.75,,,,7.2,,,ttth,2,1
A00,7540101,,,,7.0,,,,7.75,7.8,,ttth,28,7
A00,7340201,,,,7.0,,,,7.75,8.2,,ttth,8,2
A00,7380107,,,,7.25,,,,7.0,7.2,,ttth,12,8
A00,7480201,,,,7.25,,,,7.5,8.2,,ttth,16,0
B00,7540101,,,,7.8,,,,,8.5,8.5,ttth,28,7
D01,7480202,6.5,,4.4,4.6,,,,,,,ttth,17,0
A00,7540106,,,,7.4,,,,6.25,6.25,,ttth,30,7
D01,7510301,5.5,,4.8,6.4,,,,,,,ttth,20,5
A00,7510303,,,,7.8,,,,7.0,7.0,,ttth,21,5
B00,7420201,,,,6.8,,,,,6.25,7.5,ttth,13,7
A01,7480201,,,7.6,7.6,,,,7.5,,,ttth,16,0
D01,7510303,6.75,,5.0,7.6,,,,,,,ttth,21,5
A01,7510303,,,7.8,6.5,,,,7.6,,,ttth,21,5
D01,7380107,7.25,,9.0,6.0,,,,,,,ttth,12,8
A01,7340201,,,7.6,6.25,,,,6.6,,,ttth,8,2
D01,7220204,8.5,,7.0,7.2,,,,,,,ttth,1,8
D01,7340122,6.0,,7.0,8.75,,,,,,,ttth,5,1
D01,7480201,7.75,,7.0,7.8,,,,,,,ttth,16,0
A00,7540106,,,,8.0,,,,5.0,6.75,,ttth,30,7
A00,7340201,,,,6.0,,,,8.5,7.8,,ttth,8,2
D07,7540101,,,9.0,8.6,,,,,7.25,,ttth,28,7
D01,7810103,6.0,,7.8,7.75,,,,,,,ttth,33,4
A00,7480201,,,,7.25,,,,6.5,7.8,,ttth,16,0
D01,7340129,8.5,,4.4,7.2,,,,,,,ttth,7,7
B00,7420201,,,,7.6,,,,,8.25,8.75,ttth,13,7
A00,7340301,,,,8.0,,,,7.25,8.0,,ttth,10,2
A01,7340120,,,8.2,7.8,,,,6.75,,,ttth,4,1
D07,7480201,,,7.4,8.25,,,,,7.0,,ttth,16,0
D01,7380107,7.75,,6.6,7.0,,,,,,,ttth,12,8
A00,7540101,,,,7.5,,,,8.25,8.6,,ttth,28,7
A00,7340301,,,,8.2,,,,6.5,8.25,,ttth,10,2
D01,7340115,7.6,,7.8,8.75,,,,,,,ttth,3,1
D01,7340115,7.6,,7.8,7.25,,,,,,,ttth,3,1
A00,7340115,,,,8.25,,,,7.25,7.4,,ttth,3,1
A00,7340120,,,,6.75,,,,7.5,7.0,,ttth,4,1
D01,7540204,5.6,,8.0,7.5,,,,,,,ttth,31,6
D01,7480202,6.0,,6.2,6.0,,,,,,,ttth,17,0
A01,7220201,,,7.8,8.5,,,,7.4,,,ttth,0,8
D01,7340101,6.0,,6.8,8.25,,,,,,,ttth,2,1
D01,7340115,7.0,,8.0,8.5,,,,,,,ttth,3,1
A00,7340201,,,,6.25,,,,7.75,7.4,,ttth,8,2
D01,7340301,9.0,,7.8,7.6,,,,,,,ttth,10,2
A00,7510203,,,,7.25,,,,7.5,7.4,,ttth,19,5
A00,7420201,,,,8.2,,,,5.5,6.25,,ttth,13,7
A00,7380107,,,,8.25,,,,7.75,8.0,,ttth,12,8
A00,7340115,,,,8.5,,,,8.0,7.8,,ttth,3,1
A00,7540101,,,,7.75,,,,7.25,7.4,,ttth,28,7
A01,7510203,,,8.6,6.8,,,,5.75,,,ttth,19,5
A00,7340101,,,,7.5,,,,7.25,8.2,,ttth,2,1
A00,7340201,,,,7.0,,,,7.5,7.4,,ttth,8,2
D01,7540204,6.5,,4.6,7.0,,,,,,,ttth,31,6
D01,7460108,9.2,,6.8,7.25,,,,,,,ttth,14,0
A00,7480201,,,,7.4,,,,7.75,7.25,,ttth,16,0
A00,7380107,,,,7.4,,,,7.0,7.25,,ttth,12,8
B00,7540101,,,,7.75,,,,,7.0,7.0,ttth,28,7
D01,7340201,8.75,,7.4,6.6,,,,,,,ttth,8,2
D01,7220201,7.5,,8.6,7.6,,,,,,,ttth,0,8
D01,7340120,7.4,,7.8,7.5,,,,,,,ttth,4,1
D01,7220204,8.0,,9.0,7.4,,,,,,,ttth,1,8
D07,7480201,,,6.6,6.75,,,,,8.0,,ttth,16,0
A00,7540101,,,,7.25,,,,7.5,7.6,,ttth,28,7
D01,7510202,4.6,,7.4,6.75,,,,,,,ttth,18,5
A00,7540101,,,,8.8,,,,7.75,7.25,,ttth,28,7
A00,7540106,,,,7.0,,,,6.75,7.0,,ttth,30,7
D01,7480201,7.8,,7.0,7.25,,,,,,,ttth,16,0
A00,7480201,,,,7.8,,,,7.5,7.5,,ttth,16,0
A00,7510303,,,,7.25,,,,6.75,7.2,,ttth,21,5
D01,7340101,6.8,,7.6,6.5,,,,,,,ttth,2,1
A00,7340129,,,,6.75,,,,7.5,7.6,,ttth,7,7
D01,7380107,7.4,,6.8,8.0,,,,,,,ttth,12,8
D01,7480201,8.0,,7.8,8.0,,,,,,,ttth,16,0
A00,7380107,,,,7.4,,,,6.25,8.0,,ttth,12,8
A01,7340101,,,6.8,8.25,,,,6.6,,,ttth,2,1
D01,7510203,6.0,,5.0,8.4,,,,,,,ttth,19,5
A00,7850101,,,,6.8,,,,6.25,6.5,,ttth,38,7
D01,7340115,7.2,,7.0,8.75,,,,,,,ttth,3,1
A00,7340101,,,,7.75,,,,7.25,7.2,,ttth,2,1
A00,7480201,,,,7.6,,,,8.25,7.75,,ttth,16,0
A01,7340120,,,8.0,7.4,,,,8.0,,,ttth,4,1
A01,7340101,,,8.8,8.4,,,,7.0,,,ttth,2,1
A00,7480201,,,,8.2,,,,7.0,7.75,,ttth,16,0
A00,7810201,,,,4.75,,,,6.75,7.0,,ttth,34,4
A00,7340301,,,,8.4,,,,6.5,7.75,,ttth,10,2
D07,7480201,,,8.2,6.75,,,,,6.2,,ttth,16,0
D01,7340101,7.2,,7.2,7.0,,,,,,,ttth,2,1
D01,7340201,6.8,,8.0,7.25,,,,,,,ttth,8,2
B00,7420201,,,,6.8,,,,,7.0,5.5,ttth,13,7
D07,7540101,,,9.2,8.0,,,,,8.25,,ttth,28,7
D01,7340120,8.0,,7.2,8.4,,,,,,,ttth,4,1
A00,7810103,,,,6.5,,,,6.0,7.2,,ttth,33,4
A00,7340101,,,,6.75,,,,7.5,7.0,,ttth,2,1
D01,7340115,9.0,,7.4,8.5,,,,,,,ttth,3,1
B00,7540101,,,,6.5,,,,,7.0,7.0,ttth,28,7
A00,7540101,,,,6.0,,,,8.75,7.2,,ttth,28,7
A00,7810202,,,,8.8,,,,6.0,7.5,,ttth,35,4
A00,7480201,,,,7.6,,,,7.25,7.5,,ttth,16,0
A01,7340201,,,7.2,8.2,,,,7.75,,,ttth,8,2
A00,7510402,,,,7.6,,,,6.75,7.5,,ttth,23,6
D07,7510401,,,7.2,8.0,,,,,7.4,,ttth,22,6
A01,7510202,,,6.2,6.0,,,,6.4,,,ttth,18,5
A00,7340101,,,,7.5,,,,7.25,8.2,,ttth,2,1
D01,7480202,5.6,,7.4,5.5,,,,,,,ttth,17,0
A00,7340101,,,,7.8,,,,7.75,8.0,,ttth,2,1
B00,7540105,,,,6.5,,,,,7.5,7.6,ttth,29,7
D01,7340120,7.6,,6.8,7.5,,,,,,,ttth,4,1
A00,7340120,,,,7.25,,,,8.25,7.8,,ttth,4,1
A01,7340301,,,8.2,7.4,,,,7.75,,,ttth,10,2
A00,7420201,,,,7.6,,,,7.25,8.0,,ttth,13,7
D01,7340123,7.4,,7.6,6.0,,,,,,,ttth,6,3
D01,7480201,8.75,,8.0,8.0,,,,,,,ttth,16,0
D07,7510401,,,9.0,8.2,,,,,7.5,,ttth,22,6
D07,7540101,,,7.8,7.8,,,,,8.75,,ttth,28,7
D01,7340123,4.4,,6.0,6.5,,,,,,,ttth,6,3
D07,7540101,,,6.8,8.25,,,,,7.6,,ttth,28,7
A01,7510202,,,4.6,6.4,,,,5.75,,,ttth,18,5
D01,7480202,6.25,,6.2,7.6,,,,,,,ttth,17,0
D01,7220201,7.8,,7.4,6.5,,,,,,,ttth,0,8
D01,7460108,6.0,,6.8,7.0,,,,,,,ttth,14,0
B00,7540101,,,,7.6,,,,,7.75,9.25,ttth,28,7
A00,7480201,,,,8.25,,,,8.25,7.4,,ttth,16,0
D01,7340129,8.0,,7.4,7.0,,,,,,,ttth,7,7
A00,7510401,,,,5.5,,,,7.25,6.6,,ttth,22,6
D01,7510301,5.8,,7.0,7.25,,,,,,,ttth,20,5
A00,7480201,,,,8.25,,,,7.25,8.4,,ttth,16,0
D15,7810202,6.75,7.0,6.0,,,,,,,,ttth,35,4
A00,7340101,,,,7.25,,,,8.25,7.8,,ttth,2,1
D01,7380107,6.2,,6.2,8.0,,,,,,,ttth,12,8
A00,7480201,,,,7.75,,,,6.5,7.4,,ttth,16,0
A01,7380107,,,8.8,6.8,,,,7.25,,,ttth,12,8
D01,7340129,5.75,,6.8,7.0,,,,,,,ttth,7,7
D01,7220201,7.5,,9.4,8.0,,,,,,,ttth,0,8
D01,7510303,7.5,,3.8,7.6,,,,,,,ttth,21,5
A01,7540101,,,9.0,8.4,,,,8.25,,,ttth,28,7
A00,7540105,,,,6.6,,,,6.5,5.75,,ttth,29,7
D01,7340115,8.2,,7.2,7.75,,,,,,,ttth,3,1
A01,7480202,,,6.6,6.6,,,,6.0,,,ttth,17,0
D01,7340101,7.0,,6.0,7.75,,,,,,,ttth,2,1
D01,7810202,5.8,,6.4,8.25,,,,,,,ttth,35,4
B00,7510401,,,,7.4,,,,,8.0,7.5,ttth,22,6
D01,7340115,7.5,,8.6,8.0,,,,,,,ttth,3,1
A01,7220204,,,8.4,7.6,,,,7.75,,,ttth,1,8
A00,7480201,,,,7.25,,,,6.5,7.2,,ttth,16,0
A01,7340122,,,7.6,7.25,,,,7.4,,,ttth,5,1
B00,7819010,,,,7.25,,,,,7.25,7.0,ttth,37,4
D01,7340101,7.4,,6.8,7.0,,,,,,,ttth,2,1
A00,7340201,,,,6.25,,,,7.0,7.0,,ttth,8,2
A00,7340115,,,,7.75,,,,7.25,7.6,,ttth,3,1
A00,7380107,,,,7.5,,,,7.75,7.8,,ttth,12,8
A00,7510303,,,,7.2,,,,5.5,6.5,,ttth,21,5
D01,7340129,6.0,,7.8,6.25,,,,,,,ttth,7,7
D01,7810201,6.75,,9.4,6.4,,,,,,,ttth,34,4
D01,7340122,7.6,,7.4,7.25,,,,,,,ttth,5,1
D07,7480201,,,8.2,7.4,,,,,8.5,,ttth,16,0
A00,7810202,,,,7.5,,,,6.75,7.6,,ttth,35,4
A00,7340115,,,,7.5,,,,7.75,7.8,,ttth,3,1
A00,7510203,,,,6.25,,,,6.75,7.8,,ttth,19,5
A00,7340115,,,,8.0,,,,7.25,8.75,,ttth,3,1
B00,7540101,,,,8.25,,,,,8.75,8.6,ttth,28,7
D01,7220201,8.0,,6.4,7.5,,,,,,,ttth,0,8
D01,7510301,5.0,,5.4,7.8,,,,,,,ttth,20,5
A00,7540101,,,,6.75,,,,7.5,7.2,,ttth,28,7
A00,7340201,,,,7.25,,,,8.25,8.2,,ttth,8,2
D01,7220201,6.4,,7.4,8.0,,,,,,,ttth,0,8
D01,7340301,8.5,,7.6,8.2,,,,,,,ttth,10,2
A00,7340115,,,,7.75,,,,7.5,8.4,,ttth,3,1
A00,7510303,,,,5.2,,,,6.25,6.25,,ttth,21,5
A00,7340120,,,,6.75,,,,7.0,7.4,,ttth,4,1
A01,7510303,,,9.0,8.2,,,,7.25,,,ttth,21,5
A00,7340101,,,,9.4,,,,7.25,8.0,,ttth,2,1
A01,7510303,,,7.6,5.75,,,,8.0,,,ttth,21,5
A01,7340201,,,8.0,8.2,,,,6.75,,,ttth,8,2
D01,7510202,6.25,,8.4,7.0,,,,,,,ttth,18,5
A00,7340201,,,,8.0,,,,7.0,8.2,,ttth,8,2
D07,7420201,,,8.0,7.75,,,,,7.2,,ttth,13,7
A00,7380107,,,,7.4,,,,7.0,7.25,,ttth,12,8
A00,7480201,,,,6.0,,,,7.75,8.0,,ttth,16,0
B00,7540101,,,,8.0,,,,,7.25,6.2,ttth,28,7
A00,7340301,,,,7.25,,,,9.25,7.6,,ttth,10,2
A00,7540101,,,,8.6,,,,7.75,8.25,,ttth,28,7
D01,7220201,6.6,,7.0,7.5,,,,,,,ttth,0,8
D01,7540204,6.5,,6.2,6.4,,,,,,,ttth,31,6
B00,7850101,,,,7.25,,,,,4.75,6.6,ttth,38,7
A00,7540101,,,,7.5,,,,8.25,7.2,,ttth,28,7
A00,7340120,,,,8.25,,,,8.25,7.2,,ttth,4,1
A00,7340129,,,,7.0,,,,7.75,8.0,,ttth,7,7
A00,7340101,,,,6.5,,,,8.25,8.4,,ttth,2,1
A01,7810202,,,7.6,7.8,,,,8.0,,,ttth,35,4
A00,7510203,,,,6.0,,,,8.0,7.0,,ttth,19,5
A00,7540106,,,,6.0,,,,6.0,5.5,,ttth,30,7
A01,7340101,,,7.4,6.0,,,,9.2,,,ttth,2,1
B00,7540106,,,,7.4,,,,,7.25,5.25,ttth,30,7
D01,7480201,6.2,,7.4,8.0,,,,,,,ttth,16,0
D07,7420201,,,7.2,6.8,,,,,6.5,,ttth,13,7
D07,7480201,,,7.6,8.0,,,,,6.8,,ttth,16,0
D01,7520115,5.8,,7.8,7.5,,,,,,,ttth,27,6
A00,7510202,,,,6.25,,,,5.75,5.4,,ttth,18,5
A01,7510203,,,8.6,6.0,,,,6.6,,,ttth,19,5
B00,7819010,,,,6.25,,,,,7.0,6.4,ttth,37,4
A00,7340101,,,,5.75,,,,7.5,7.8,,ttth,2,1
D01,7340129,3.4,,7.4,7.25,,,,,,,ttth,7,7
D01,7340115,8.0,,7.0,8.5,,,,,,,ttth,3,1
A01,7340301,,,6.8,6.25,,,,7.2,,,ttth,10,2
A00,7540101,,,,7.8,,,,7.25,8.75,,ttth,28,7
D07,7480201,,,7.6,6.5,,,,,9.0,,ttth,16,0
D01,7340201,8.75,,7.6,7.4,,,,,,,ttth,8,2
D01,7340301,7.0,,7.2,7.5,,,,,,,ttth,10,2
A00,7540106,,,,7.2,,,,5.75,6.5,,ttth,30,7
D01,7340101,7.5,,8.2,8.4,,,,,,,ttth,2,1
D01,7510203,7.6,,6.2,8.0,,,,,,,ttth,19,5
A00,7510303,,,,6.75,,,,5.5,8.0,,ttth,21,5
A00,7480201,,,,7.25,,,,7.5,6.8,,ttth,16,0
D01,7480202,8.5,,4.8,7.8,,,,,,,ttth,17,0
D01,7340201,7.0,,8.0,8.0,,,,,,,ttth,8,2
D01,7480201,7.2,,7.8,7.25,,,,,,,ttth,16,0
B00,7540106,,,,6.5,,,,,6.75,8.2,ttth,30,7
D01,7810202,7.0,,7.2,8.0,,,,,,,ttth,35,4
A00,7480201,,,,8.0,,,,7.75,7.6,,ttth,16,0
D01,7220204,8.25,,8.4,7.8,,,,,,,ttth,1,8
D01,7380107,6.4,,8.2,7.0,,,,,,,ttth,12,8
D01,7480202,6.0,,7.8,6.0,,,,,,,ttth,17,0
D01,7480201,7.25,,8.6,7.8,,,,,,,ttth,16,0
D01,7540204,6.75,,6.8,7.8,,,,,,,ttth,31,6
D07,7540101,,,7.8,6.5,,,,,9.0,,ttth,28,7
D01,7510203,4.8,,6.8,6.5,,,,,,,ttth,19,5
A00,7340120,,,,8.2,,,,7.0,8.75,,ttth,4,1
A01,7340115,,,8.6,8.4,,,,8.0,,,ttth,3,1
D01,7340115,7.6,,6.6,8.25,,,,,,,ttth,3,1
D01,7810201,7.6,,7.4,7.0,,,,,,,ttth,34,4
D01,7540204,7.0,,7.6,7.6,,,,,,,ttth,31,6
D01,7220204,7.5,,8.0,7.6,,,,,,,ttth,1,8
D01,7220201,8.0,,8.0,7.6,,,,,,,ttth,0,8
D01,7810202,7.5,,8.0,7.8,,,,,,,ttth,35,4
A00,7340101,,,,8.0,,,,7.5,7.75,,ttth,2,1
D01,7380107,8.5,,5.0,7.8,,,,,,,ttth,12,8
D01,7340120,7.6,,7.8,7.75,,,,,,,ttth,4,1
A00,7340122,,,,7.75,,,,8.0,7.4,,ttth,5,1
B00,7420201,,,,6.6,,,,,7.0,5.25,ttth,13,7
B00,7540106,,,,6.75,,,,,6.75,7.4,ttth,30,7
A00,7480202,,,,6.5,,,,6.75,7.2,,ttth,17,0
D01,7520115,5.8,,6.4,6.25,,,,,,,ttth,27,6
A00,7340101,,,,7.75,,,,7.75,8.0,,ttth,2,1
A01,7510303,,,8.8,7.4,,,,5.5,,,ttth,21,5
D01,7340101,6.8,,7.8,7.5,,,,,,,ttth,2,1
A00,7480201,,,,6.75,,,,8.0,7.4,,ttth,16,0
A00,7510303,,,,5.5,,,,7.75,6.8,,ttth,21,5
D01,7480201,6.75,,8.2,7.6,,,,,,,ttth,16,0
D01,7810103,7.5,,8.8,7.2,,,,,,,ttth,33,4
D01,7480201,6.6,,6.8,7.75,,,,,,,ttth,16,0
D01,7810202,7.4,,8.2,7.25,,,,,,,ttth,35,4
A00,7340201,,,,6.75,,,,6.75,8.0,,ttth,8,2
D07,7480201,,,9.0,8.0,,,,,7.75,,ttth,16,0
A00,7540101,,,,6.75,,,,8.25,8.0,,ttth,28,7
A00,7420201,,,,6.6,,,,6.25,6.25,,ttth,13,7
A00,7340301,,,,8.25,,,,7.75,8.2,,ttth,10,2
D01,7810202,6.2,,7.0,8.0,,,,,,,ttth,35,4
D01,7340201,7.0,,8.0,7.8,,,,,,,ttth,8,2
D07,7540101,,,8.4,8.75,,,,,8.0,,ttth,28,7
D01,7510303,7.0,,4.6,7.6,,,,,,,ttth,21,5
A01,7810202,,,7.4,9.0,,,,7.25,,,ttth,35,4
A00,7510203,,,,7.0,,,,6.5,7.75,,ttth,19,5
A00,7810201,,,,7.8,,,,7.5,7.75,,ttth,34,4
D01,7340120,8.0,,8.6,7.0,,,,,,,ttth,4,1
A00,7540101,,,,8.2,,,,7.25,8.25,,ttth,28,7
A00,7340120,,,,7.6,,,,7.5,8.0,,ttth,4,1
A00,7340101,,,,7.0,,,,7.25,7.4,,ttth,2,1
D01,7810103,6.8,,7.2,8.5,,,,,,,ttth,33,4
A01,7340301,,,7.8,8.6,,,,7.25,,,ttth,10,2
D01,7340301,9.0,,6.6,7.0,,,,,,,ttth,10,2
A00,7340129,,,,7.0,,,,6.75,7.6,,ttth,7,7
A00,7810202,,,,7.0,,,,7.5,7.2,,ttth,35,4
A00,7540105,,,,5.25,,,,4.25,6.6,,ttth,29,7
A00,7460108,,,,7.0,,,,5.5,7.0,,ttth,14,0
D09,7220204,,,7.8,9.5,,,6.8,,,,ttth,1,8
A01,7480201,,,8.2,7.6,,,,7.5,,,ttth,16,0
D01,7340201,7.5,,8.2,7.4,,,,,,,ttth,8,2
A00,7510202,,,,5.25,,,,7.5,6.2,,ttth,18,5
A00,7540105,,,,7.2,,,,5.25,8.5,,ttth,29,7
D07,7460108,,,7.2,8.5,,,,,7.8,,ttth,14,0
D07,7480201,,,7.4,7.0,,,,,7.2,,ttth,16,0
D01,7380107,5.6,,7.2,6.5,,,,,,,ttth,12,8
A00,7480202,,,,6.0,,,,5.0,7.4,,ttth,17,0
A01,7510303,,,7.4,7.0,,,,7.4,,,ttth,21,5
A00,7340301,,,,8.2,,,,7.0,7.5,,ttth,10,2
D01,7340301,7.0,,8.0,7.2,,,,,,,ttth,10,2
A00,7510401,,,,8.0,,,,6.75,7.75,,ttth,22,6
D01,7510301,4.6,,5.6,7.5,,,,,,,ttth,20,5
A00,7460108,,,,6.0,,,,7.5,6.4,,ttth,14,0
A00,7480201,,,,7.4,,,,7.5,7.75,,ttth,16,0
A00,7340201,,,,7.4,,,,7.25,8.25,,ttth,8,2
D01,7340101,8.5,,7.0,7.6,,,,,,,ttth,2,1
D01,7340201,7.5,,8.2,7.2,,,,,,,ttth,8,2
D07,7850101,,,6.8,4.75,,,,,5.0,,ttth,38,7
A00,7510301,,,,6.25,,,,4.25,7.4,,ttth,20,5
D01,7340201,7.6,,6.8,8.75,,,,,,,ttth,8,2
A00,7340301,,,,8.0,,,,8.0,7.6,,ttth,10,2
X01,7380101,9.0,,,5.25,8.75,,,,,,bootstrap_khaosat,11,8
D01,7380101,8.0,,8.25,7.5,,,,,,,bootstrap_khaosat,11,8
X01,7380101,6.5,,,6.75,5.0,,,,,,bootstrap_khaosat,11,8
C00,7380101,7.0,5.0,,,,,6.75,,,,bootstrap_khaosat,11,8
C00,7380101,7.0,5.0,,,,,6.75,,,,bootstrap_khaosat,11,8
D07,7380101,,,6.0,7.0,,,,,7.0,,bootstrap_khaosat,11,8
X01,7380101,9.0,,,5.25,8.75,,,,,,bootstrap_khaosat,11,8
X01,7380101,6.5,,,6.75,5.0,,,,,,bootstrap_khaosat,11,8
X01,7380101,9.0,,,9.5,6.5,,,,,,bootstrap_khaosat,11,8
X01,7380101,9.0,,,5.25,8.75,,,,,,bootstrap_khaosat,11,8
D01,7380101,7.25,,7.0,8.0,,,,,,,bootstrap_khaosat,11,8
D01,7380101,7.25,,8.75,8.25,,,,,,,bootstrap_khaosat,11,8
D01,7380101,8.0,,8.25,7.5,,,,,,,bootstrap_khaosat,11,8
D01,7380101,8.0,,8.25,7.5,,,,,,,bootstrap_khaosat,11,8
D01,7380101,8.0,,8.25,7.5,,,,,,,bootstrap_khaosat,11,8
D01,7380101,8.0,,8.25,7.5,,,,,,,bootstrap_khaosat,11,8
D01,7380101,7.25,,7.0,8.0,,,,,,,bootstrap_khaosat,11,8
D01,7380101,8.0,,7.0,5.0,,,,,,,bootstrap_khaosat,11,8
D07,7380101,,,6.0,7.0,,,,,7.0,,bootstrap_khaosat,11,8
C00,7380101,7.0,5.0,,,,,6.75,,,,bootstrap_khaosat,11,8
D01,7380101,7.25,,7.0,8.0,,,,,,,bootstrap_khaosat,11,8
A01,7380101,,,8.0,8.0,,,,8.0,,,bootstrap_khaosat,11,8
D01,7380101,8.0,,7.0,5.0,,,,,,,bootstrap_khaosat,11,8
D01,7380101,7.25,,8.75,8.25,,,,,,,bootstrap_khaosat,11,8
D01,7380101,8.0,,8.25,7.5,,,,,,,bootstrap_khaosat,11,8
X01,7380101,6.5,,,6.75,5.0,,,,,,bootstrap_khaosat,11,8
C00,7380101,7.0,5.0,,,,,6.75,,,,bootstrap_khaosat,11,8
D07,7380101,,,6.0,7.0,,,,,7.0,,bootstrap_khaosat,11,8
D01,7380101,7.25,,7.0,8.0,,,,,,,bootstrap_khaosat,11,8
C00,7380101,7.0,5.0,,,,,6.75,,,,bootstrap_khaosat,11,8
C00,7380101,7.0,5.0,,,,,6.75,,,,bootstrap_khaosat,11,8
X01,7380101,9.0,,,9.5,6.5,,,,,,bootstrap_khaosat,11,8
X01,7380101,9.0,,,5.25,8.75,,,,,,bootstrap_khaosat,11,8
D01,7380101,7.25,,7.0,8.0,,,,,,,bootstrap_khaosat,11,8
D07,7380101,,,6.0,7.0,,,,,7.0,,bootstrap_khaosat,11,8
X01,7380101,9.0,,,5.25,8.75,,,,,,bootstrap_khaosat,11,8
D07,7380101,,,6.0,7.0,,,,,7.0,,bootstrap_khaosat,11,8
D07,7380101,,,6.0,7.0,,,,,7.0,,bootstrap_khaosat,11,8
X01,7380101,9.0,,,9.5,6.5,,,,,,bootstrap_khaosat,11,8
X01,7380101,6.5,,,6.75,5.0,,,,,,bootstrap_khaosat,11,8
D01,7380101,8.0,,7.0,5.0,,,,,,,bootstrap_khaosat,11,8
D01,7380101,8.0,,8.25,7.5,,,,,,,bootstrap_khaosat,11,8
D01,7380101,8.0,,8.25,7.5,,,,,,,bootstrap_khaosat,11,8
A01,7380101,,,8.0,8.0,,,,8.0,,,bootstrap_khaosat,11,8
X01,7380101,9.0,,,5.25,8.75,,,,,,bootstrap_khaosat,11,8
D01,7380101,7.25,,8.75,8.25,,,,,,,bootstrap_khaosat,11,8
C00,7380101,7.0,5.0,,,,,6.75,,,,bootstrap_khaosat,11,8
D07,7380101,,,6.0,7.0,,,,,7.0,,bootstrap_khaosat,11,8
X01,7380101,6.5,,,6.75,5.0,,,,,,bootstrap_khaosat,11,8
D01,7380101,8.0,,8.25,7.5,,,,,,,bootstrap_khaosat,11,8
D01,7380101,8.0,,8.25,7.5,,,,,,,bootstrap_khaosat,11,8
D01,7380101,8.0,,7.0,5.0,,,,,,,bootstrap_khaosat,11,8
A01,7380101,,,8.0,8.0,,,,8.0,,,bootstrap_khaosat,11,8
C00,7380101,7.0,5.0,,,,,6.75,,,,bootstrap_khaosat,11,8
C00,7380101,7.0,5.0,,,,,6.75,,,,bootstrap_khaosat,11,8
X01,7380101,9.0,,,5.25,8.75,,,,,,bootstrap_khaosat,11,8
D01,7380101,7.25,,7.0,8.0,,,,,,,bootstrap_khaosat,11,8
D01,7380101,8.0,,7.0,5.0,,,,,,,bootstrap_khaosat,11,8
D01,7380101,8.0,,8.25,7.5,,,,,,,bootstrap_khaosat,11,8
X01,7380101,6.5,,,6.75,5.0,,,,,,bootstrap_khaosat,11,8
D01,7380101,7.25,,8.75,8.25,,,,,,,bootstrap_khaosat,11,8
D01,7380101,8.0,,8.25,7.5,,,,,,,bootstrap_khaosat,11,8
A01,7380101,,,8.0,8.0,,,,8.0,,,bootstrap_khaosat,11,8
D01,7380101,7.25,,8.75,8.25,,,,,,,bootstrap_khaosat,11,8
C00,7380101,7.0,5.0,,,,,6.75,,,,bootstrap_khaosat,11,8
A01,7380101,,,8.0,8.0,,,,8.0,,,bootstrap_khaosat,11,8
D01,7380101,7.25,,8.75,8.25,,,,,,,bootstrap_khaosat,11,8
A01,7380101,,,8.0,8.0,,,,8.0,,,bootstrap_khaosat,11,8
X01,7380101,9.0,,,5.25,8.75,,,,,,bootstrap_khaosat,11,8
C00,7380101,7.0,5.0,,,,,6.75,,,,bootstrap_khaosat,11,8
D01,7380101,8.0,,8.25,7.5,,,,,,,bootstrap_khaosat,11,8
D01,7380101,8.0,,7.0,5.0,,,,,,,bootstrap_khaosat,11,8
C00,7380101,7.0,5.0,,,,,6.75,,,,bootstrap_khaosat,11,8
D01,7380101,8.0,,7.0,5.0,,,,,,,bootstrap_khaosat,11,8
X01,7380101,6.5,,,6.75,5.0,,,,,,bootstrap_khaosat,11,8
C00,7380101,7.0,5.0,,,,,6.75,,,,bootstrap_khaosat,11,8
A01,7380101,,,8.0,8.0,,,,8.0,,,bootstrap_khaosat,11,8
X01,7380101,9.0,,,9.5,6.5,,,,,,bootstrap_khaosat,11,8
D01,7380101,7.25,,7.0,8.0,,,,,,,bootstrap_khaosat,11,8
X01,7380101,6.5,,,6.75,5.0,,,,,,bootstrap_khaosat,11,8
D01,7380101,7.25,,8.75,8.25,,,,,,,bootstrap_khaosat,11,8
C00,7380101,7.0,5.0,,,,,6.75,,,,bootstrap_khaosat,11,8
D01,7380101,8.0,,7.0,5.0,,,,,,,bootstrap_khaosat,11,8
D07,7380101,,,6.0,7.0,,,,,7.0,,bootstrap_khaosat,11,8
X01,7380101,6.5,,,6.75,5.0,,,,,,bootstrap_khaosat,11,8
D01,7380101,8.0,,8.25,7.5,,,,,,,bootstrap_khaosat,11,8
X01,7380101,9.0,,,5.25,8.75,,,,,,bootstrap_khaosat,11,8
A01,7380101,,,8.0,8.0,,,,8.0,,,bootstrap_khaosat,11,8
D01,7380101,8.0,,8.25,7.5,,,,,,,bootstrap_khaosat,11,8
D07,7380101,,,6.0,7.0,,,,,7.0,,bootstrap_khaosat,11,8
C00,7380101,7.0,5.0,,,,,6.75,,,,bootstrap_khaosat,11,8
D07,7380101,,,6.0,7.0,,,,,7.0,,bootstrap_khaosat,11,8
D07,7380101,,,6.0,7.0,,,,,7.0,,bootstrap_khaosat,11,8
A01,7380101,,,8.0,8.0,,,,8.0,,,bootstrap_khaosat,11,8
D07,7380101,,,6.0,7.0,,,,,7.0,,bootstrap_khaosat,11,8
X01,7380101,9.0,,,9.5,6.5,,,,,,bootstrap_khaosat,11,8
X01,7380101,9.0,,,9.5,6.5,,,,,,bootstrap_khaosat,11,8
X01,7380101,6.5,,,6.75,5.0,,,,,,bootstrap_khaosat,11,8
X01,7380101,6.5,,,6.75,5.0,,,,,,bootstrap_khaosat,11,8
D01,7380101,8.0,,7.0,5.0,,,,,,,bootstrap_khaosat,11,8
D07,7380101,,,6.0,7.0,,,,,7.0,,bootstrap_khaosat,11,8
D01,7380101,8.0,,7.0,5.0,,,,,,,bootstrap_khaosat,11,8
D07,7380101,,,6.0,7.0,,,,,7.0,,bootstrap_khaosat,11,8
X01,7380101,9.0,,,5.25,8.75,,,,,,bootstrap_khaosat,11,8
D01,7380101,8.0,,8.25,7.5,,,,,,,bootstrap_khaosat,11,8
D01,7380101,8.0,,8.25,7.5,,,,,,,bootstrap_khaosat,11,8
D01,7380101,8.0,,8.25,7.5,,,,,,,bootstrap_khaosat,11,8
X01,7380101,6.5,,,6.75,5.0,,,,,,bootstrap_khaosat,11,8
C00,7380101,7.0,5.0,,,,,6.75,,,,bootstrap_khaosat,11,8
D01,7380101,8.0,,8.25,7.5,,,,,,,bootstrap_khaosat,11,8
X01,7380101,9.0,,,9.5,6.5,,,,,,bootstrap_khaosat,11,8
D01,7380101,8.0,,8.25,7.5,,,,,,,bootstrap_khaosat,11,8
D01,7380101,7.25,,7.0,8.0,,,,,,,bootstrap_khaosat,11,8
C00,7380101,7.0,5.0,,,,,6.75,,,,bootstrap_khaosat,11,8
D01,7380101,7.25,,7.0,8.0,,,,,,,bootstrap_khaosat,11,8
D01,7380101,7.25,,7.0,8.0,,,,,,,bootstrap_khaosat,11,8
X01,7380101,9.0,,,5.25,8.75,,,,,,bootstrap_khaosat,11,8
D01,7380101,8.0,,7.0,5.0,,,,,,,bootstrap_khaosat,11,8
X01,7380101,9.0,,,9.5,6.5,,,,,,bootstrap_khaosat,11,8
D01,7380101,8.0,,7.0,5.0,,,,,,,bootstrap_khaosat,11,8
A01,7480107,,,5.25,6.75,,,,5.75,,,bootstrap_khaosat,15,0
A00,7480107,,,,6.75,,,,7.0,5.5,,bootstrap_khaosat,15,0
D07,7480107,,,8.25,6.0,,,,,6.75,,bootstrap_khaosat,15,0
A00,7480107,,,,7.5,,,,5.75,7.75,,bootstrap_khaosat,15,0
X26,7480107,,,6.0,5.5,,9.0,,,,,bootstrap_khaosat,15,0
A01,7480107,,,7.2,8.3,,,,6.5,,,bootstrap_khaosat,15,0
A01,7480107,,,8.75,6.0,,,,5.0,,,bootstrap_khaosat,15,0
A00,7480107,,,,7.0,,,,7.0,7.75,,bootstrap_khaosat,15,0
A01,7480107,,,7.2,8.3,,,,6.5,,,bootstrap_khaosat,15,0
D07,7480107,,,8.25,6.0,,,,,6.75,,bootstrap_khaosat,15,0
A01,7480107,,,7.2,8.3,,,,6.5,,,bootstrap_khaosat,15,0
A01,7480107,,,7.2,8.3,,,,6.5,,,bootstrap_khaosat,15,0
A01,7480107,,,8.75,6.0,,,,5.0,,,bootstrap_khaosat,15,0
A01,7480107,,,7.2,8.3,,,,6.5,,,bootstrap_khaosat,15,0
A00,7480107,,,,7.0,,,,7.0,7.75,,bootstrap_khaosat,15,0
D01,7480107,8.25,,9.5,5.25,,,,,,,bootstrap_khaosat,15,0
D07,7480107,,,8.25,6.0,,,,,6.75,,bootstrap_khaosat,15,0
D01,7480107,7.25,,5.5,8.25,,,,,,,bootstrap_khaosat,15,0
C01,7480107,9.0,,,9.0,,,,8.0,,,bootstrap_khaosat,15,0
A01,7480107,,,5.25,6.75,,,,5.75,,,bootstrap_khaosat,15,0
X26,7480107,,,7.25,9.5,,9.25,,,,,bootstrap_khaosat,15,0
A01,7480107,,,6.75,5.5,,,,9.5,,,bootstrap_khaosat,15,0
D01,7480107,8.25,,9.5,5.25,,,,,,,bootstrap_khaosat,15,0
A01,7480107,,,5.25,6.75,,,,5.75,,,bootstrap_khaosat,15,0
X26,7480107,,,7.25,9.5,,9.25,,,,,bootstrap_khaosat,15,0
X26,7480107,,,6.0,5.5,,9.0,,,,,bootstrap_khaosat,15,0
D01,7480107,7.25,,5.5,8.25,,,,,,,bootstrap_khaosat,15,0
A01,7480107,,,6.75,5.5,,,,9.5,,,bootstrap_khaosat,15,0
X26,7480107,,,6.0,5.5,,9.0,,,,,bootstrap_khaosat,15,0
D01,7480107,7.25,,5.5,8.25,,,,,,,bootstrap_khaosat,15,0
X26,7480107,,,6.0,5.5,,9.0,,,,,bootstrap_khaosat,15,0
D01,7480107,8.25,,9.5,5.25,,,,,,,bootstrap_khaosat,15,0
D01,7480107,6.0,,5.75,5.75,,,,,,,bootstrap_khaosat,15,0
D01,7480107,8.25,,9.5,5.25,,,,,,,bootstrap_khaosat,15,0
A01,7480107,,,5.25,6.75,,,,5.75,,,bootstrap_khaosat,15,0
D07,7480107,,,8.25,6.0,,,,,6.75,,bootstrap_khaosat,15,0
A01,7480107,,,8.75,6.0,,,,5.0,,,bootstrap_khaosat,15,0
A01,7480107,,,7.2,8.3,,,,6.5,,,bootstrap_khaosat,15,0
A00,7480107,,,,7.5,,,,5.75,7.75,,bootstrap_khaosat,15,0
A00,7480107,,,,7.0,,,,7.0,7.75,,bootstrap_khaosat,15,0
X26,7480107,,,7.25,9.5,,9.25,,,,,bootstrap_khaosat,15,0
D07,7480107,,,8.25,6.0,,,,,6.75,,bootstrap_khaosat,15,0
A01,7480107,,,5.25,6.75,,,,5.75,,,bootstrap_khaosat,15,0
A01,7480107,,,5.25,6.75,,,,5.75,,,bootstrap_khaosat,15,0
A01,7480107,,,5.25,6.75,,,,5.75,,,bootstrap_khaosat,15,0
X26,7480107,,,6.0,5.5,,9.0,,,,,bootstrap_khaosat,15,0
D01,7480107,8.25,,9.5,5.25,,,,,,,bootstrap_khaosat,15,0
X26,7480107,,,6.75,6.5,,5.5,,,,,bootstrap_khaosat,15,0
C01,7480107,9.0,,,9.0,,,,8.0,,,bootstrap_khaosat,15,0
D01,7480107,7.25,,5.5,8.25,,,,,,,bootstrap_khaosat,15,0
A01,7480107,,,8.75,6.0,,,,5.0,,,bootstrap_khaosat,15,0
A01,7480107,,,8.75,6.0,,,,5.0,,,bootstrap_khaosat,15,0
A00,7480107,,,,7.0,,,,7.0,7.75,,bootstrap_khaosat,15,0
A00,7480107,,,,6.75,,,,7.0,5.5,,bootstrap_khaosat,15,0
A00,7480107,,,,6.75,,,,7.0,5.5,,bootstrap_khaosat,15,0
A01,7480107,,,5.25,6.75,,,,5.75,,,bootstrap_khaosat,15,0
A00,7480107,,,,6.75,,,,7.0,5.5,,bootstrap_khaosat,15,0
X26,7480107,,,6.75,6.5,,5.5,,,,,bootstrap_khaosat,15,0
D01,7480107,6.0,,5.75,5.75,,,,,,,bootstrap_khaosat,15,0
A00,7480107,,,,7.5,,,,5.75,7.75,,bootstrap_khaosat,15,0
X26,7480107,,,7.25,9.5,,9.25,,,,,bootstrap_khaosat,15,0
X26,7480107,,,6.75,6.5,,5.5,,,,,bootstrap_khaosat,15,0
A00,7480107,,,,7.5,,,,5.75,7.75,,bootstrap_khaosat,15,0
A00,7480107,,,,6.75,,,,7.0,5.5,,bootstrap_khaosat,15,0
A00,7480107,,,,7.5,,,,5.75,7.75,,bootstrap_khaosat,15,0
A01,7480107,,,5.25,6.75,,,,5.75,,,bootstrap_khaosat,15,0
X26,7480107,,,6.75,6.5,,5.5,,,,,bootstrap_khaosat,15,0
C01,7480107,9.0,,,9.0,,,,8.0,,,bootstrap_khaosat,15,0
A01,7480107,,,6.75,5.5,,,,9.5,,,bootstrap_khaosat,15,0
D01,7480107,8.25,,9.5,5.25,,,,,,,bootstrap_khaosat,15,0
A00,7480107,,,,6.75,,,,7.0,5.5,,bootstrap_khaosat,15,0
D07,7480107,,,8.25,6.0,,,,,6.75,,bootstrap_khaosat,15,0
D07,7480107,,,8.25,6.0,,,,,6.75,,bootstrap_khaosat,15,0
C01,7480107,9.0,,,9.0,,,,8.0,,,bootstrap_khaosat,15,0
X26,7480107,,,7.25,9.5,,9.25,,,,,bootstrap_khaosat,15,0
A01,7480107,,,8.75,6.0,,,,5.0,,,bootstrap_khaosat,15,0
C01,7480107,9.0,,,9.0,,,,8.0,,,bootstrap_khaosat,15,0
A01,7480107,,,8.75,6.0,,,,5.0,,,bootstrap_khaosat,15,0
C01,7480107,9.0,,,9.0,,,,8.0,,,bootstrap_khaosat,15,0
X26,7480107,,,7.25,9.5,,9.25,,,,,bootstrap_khaosat,15,0
C01,7480107,9.0,,,9.0,,,,8.0,,,bootstrap_khaosat,15,0
D01,7480107,6.0,,5.75,5.75,,,,,,,bootstrap_khaosat,15,0
A00,7480107,,,,7.5,,,,5.75,7.75,,bootstrap_khaosat,15,0
A00,7480107,,,,6.75,,,,7.0,5.5,,bootstrap_khaosat,15,0
A01,7480107,,,5.25,6.75,,,,5.75,,,bootstrap_khaosat,15,0
A01,7480107,,,6.75,5.5,,,,9.5,,,bootstrap_khaosat,15,0
A00,7480107,,,,7.0,,,,7.0,7.75,,bootstrap_khaosat,15,0
X26,7480107,,,7.25,9.5,,9.25,,,,,bootstrap_khaosat,15,0
A01,7480107,,,6.75,5.5,,,,9.5,,,bootstrap_khaosat,15,0
A00,7480107,,,,7.0,,,,7.0,7.75,,bootstrap_khaosat,15,0
A01,7480107,,,6.75,5.5,,,,9.5,,,bootstrap_khaosat,15,0
A00,7480107,,,,6.75,,,,7.0,5.5,,bootstrap_khaosat,15,0
A00,7480107,,,,7.0,,,,7.0,7.75,,bootstrap_khaosat,15,0
A01,7480107,,,5.25,6.75,,,,5.75,,,bootstrap_khaosat,15,0
A00,7480107,,,,7.0,,,,7.0,7.75,,bootstrap_khaosat,15,0
D01,7480107,8.25,,9.5,5.25,,,,,,,bootstrap_khaosat,15,0
A01,7480107,,,8.75,6.0,,,,5.0,,,bootstrap_khaosat,15,0
A01,7480107,,,8.75,6.0,,,,5.0,,,bootstrap_khaosat,15,0
A01,7480107,,,5.25,6.75,,,,5.75,,,bootstrap_khaosat,15,0
D01,7480107,6.0,,5.75,5.75,,,,,,,bootstrap_khaosat,15,0
A01,7480107,,,8.75,6.0,,,,5.0,,,bootstrap_khaosat,15,0
A01,7480107,,,5.25,6.75,,,,5.75,,,bootstrap_khaosat,15,0
A00,7480107,,,,6.75,,,,7.0,5.5,,bootstrap_khaosat,15,0
A01,7480107,,,6.75,5.5,,,,9.5,,,bootstrap_khaosat,15,0
A00,7480107,,,,6.75,,,,7.0,5.5,,bootstrap_khaosat,15,0
D01,7480107,8.25,,9.5,5.25,,,,,,,bootstrap_khaosat,15,0
X26,7480107,,,6.0,5.5,,9.0,,,,,bootstrap_khaosat,15,0
A01,7480107,,,7.2,8.3,,,,6.5,,,bootstrap_khaosat,15,0
A01,7480107,,,7.2,8.3,,,,6.5,,,bootstrap_khaosat,15,0
X26,7480107,,,6.75,6.5,,5.5,,,,,bootstrap_khaosat,15,0
A01,7480107,,,5.25,6.75,,,,5.75,,,bootstrap_khaosat,15,0
X26,7480107,,,6.0,5.5,,9.0,,,,,bootstrap_khaosat,15,0
D01,7480107,7.25,,5.5,8.25,,,,,,,bootstrap_khaosat,15,0
A00,7480107,,,,7.0,,,,7.0,7.75,,bootstrap_khaosat,15,0
A00,7480107,,,,7.5,,,,5.75,7.75,,bootstrap_khaosat,15,0
A00,7480107,,,,6.75,,,,7.0,5.5,,bootstrap_khaosat,15,0
D07,7480107,,,8.25,6.0,,,,,6.75,,bootstrap_khaosat,15,0
A01,7480107,,,5.25,6.75,,,,5.75,,,bootstrap_khaosat,15,0
D01,7480107,8.25,,9.5,5.25,,,,,,,bootstrap_khaosat,15,0
D07,7480107,,,8.25,6.0,,,,,6.75,,bootstrap_khaosat,15,0
D07,7510601,,,5.25,5.0,,,,,7.5,,bootstrap_khaosat,25,3
A00,7510601,,,,8.25,,,,7.6,7.75,,bootstrap_khaosat,25,3
D07,7510601,,,5.25,5.0,,,,,7.5,,bootstrap_khaosat,25,3
A00,7510601,,,,8.25,,,,7.6,7.75,,bootstrap_khaosat,25,3
A00,7510601,,,,8.25,,,,7.6,7.75,,bootstrap_khaosat,25,3
D07,7510601,,,5.25,5.0,,,,,7.5,,bootstrap_khaosat,25,3
A00,7510601,,,,6.0,,,,9.25,9.0,,bootstrap_khaosat,25,3
D07,7510601,,,9.0,9.25,,,,,6.25,,bootstrap_khaosat,25,3
A00,7510601,,,,6.0,,,,9.25,9.0,,bootstrap_khaosat,25,3
D07,7510601,,,5.25,5.0,,,,,7.5,,bootstrap_khaosat,25,3
D01,7510601,8.25,,8.25,6.75,,,,,,,bootstrap_khaosat,25,3
A00,7510601,,,,6.25,,,,5.5,7.0,,bootstrap_khaosat,25,3
D01,7510601,8.25,,8.25,6.75,,,,,,,bootstrap_khaosat,25,3
D07,7510601,,,9.0,9.25,,,,,6.25,,bootstrap_khaosat,25,3
A00,7510601,,,,8.25,,,,7.6,7.75,,bootstrap_khaosat,25,3
D01,7510601,8.25,,8.25,6.75,,,,,,,bootstrap_khaosat,25,3
A00,7510601,,,,8.25,,,,7.6,7.75,,bootstrap_khaosat,25,3
D07,7510601,,,5.25,5.0,,,,,7.5,,bootstrap_khaosat,25,3
D01,7510601,8.25,,8.25,6.75,,,,,,,bootstrap_khaosat,25,3
A00,7510601,,,,8.25,,,,7.6,7.75,,bootstrap_khaosat,25,3
A00,7510601,,,,6.0,,,,9.25,9.0,,bootstrap_khaosat,25,3
D01,7510601,8.25,,8.25,6.75,,,,,,,bootstrap_khaosat,25,3
D07,7510601,,,9.0,9.25,,,,,6.25,,bootstrap_khaosat,25,3
A00,7510601,,,,5.5,,,,8.0,8.0,,bootstrap_khaosat,25,3
A00,7510601,,,,5.5,,,,8.0,8.0,,bootstrap_khaosat,25,3
A00,7510601,,,,8.25,,,,7.6,7.75,,bootstrap_khaosat,25,3
A00,7510601,,,,6.25,,,,5.5,7.0,,bootstrap_khaosat,25,3
D07,7510601,,,9.0,9.25,,,,,6.25,,bootstrap_khaosat,25,3
A00,7510601,,,,8.25,,,,7.6,7.75,,bootstrap_khaosat,25,3
A00,7510601,,,,8.25,,,,7.6,7.75,,bootstrap_khaosat,25,3
D07,7510601,,,9.0,9.25,,,,,6.25,,bootstrap_khaosat,25,3
D07,7510601,,,5.25,5.0,,,,,7.5,,bootstrap_khaosat,25,3
D01,7510601,8.25,,8.25,6.75,,,,,,,bootstrap_khaosat,25,3
A00,7510601,,,,5.5,,,,8.0,8.0,,bootstrap_khaosat,25,3
D07,7510601,,,9.0,9.25,,,,,6.25,,bootstrap_khaosat,25,3
A00,7510601,,,,6.25,,,,5.5,7.0,,bootstrap_khaosat,25,3
A00,7510601,,,,6.25,,,,5.5,7.0,,bootstrap_khaosat,25,3
A00,7510601,,,,6.0,,,,9.25,9.0,,bootstrap_khaosat,25,3
D07,7510601,,,5.25,5.0,,,,,7.5,,bootstrap_khaosat,25,3
D07,7510601,,,5.25,5.0,,,,,7.5,,bootstrap_khaosat,25,3
D01,7510601,8.25,,8.25,6.75,,,,,,,bootstrap_khaosat,25,3
A00,7510601,,,,6.25,,,,5.5,7.0,,bootstrap_khaosat,25,3
A00,7510601,,,,8.25,,,,7.6,7.75,,bootstrap_khaosat,25,3
A00,7510601,,,,6.25,,,,5.5,7.0,,bootstrap_khaosat,25,3
A00,7510601,,,,6.25,,,,5.5,7.0,,bootstrap_khaosat,25,3
A00,7510601,,,,5.5,,,,8.0,8.0,,bootstrap_khaosat,25,3
D01,7510601,8.25,,8.25,6.75,,,,,,,bootstrap_khaosat,25,3
A00,7510601,,,,8.25,,,,7.6,7.75,,bootstrap_khaosat,25,3
A00,7510601,,,,6.25,,,,5.5,7.0,,bootstrap_khaosat,25,3
A00,7510601,,,,6.25,,,,5.5,7.0,,bootstrap_khaosat,25,3
A00,7510601,,,,6.0,,,,9.25,9.0,,bootstrap_khaosat,25,3
D01,7510601,8.25,,8.25,6.75,,,,,,,bootstrap_khaosat,25,3
A00,7510601,,,,5.5,,,,8.0,8.0,,bootstrap_khaosat,25,3
D07,7510601,,,9.0,9.25,,,,,6.25,,bootstrap_khaosat,25,3
A00,7510601,,,,6.25,,,,5.5,7.0,,bootstrap_khaosat,25,3
A00,7510601,,,,6.25,,,,5.5,7.0,,bootstrap_khaosat,25,3
A00,7510601,,,,6.0,,,,9.25,9.0,,bootstrap_khaosat,25,3
A00,7510601,,,,6.25,,,,5.5,7.0,,bootstrap_khaosat,25,3
D01,7510601,8.25,,8.25,6.75,,,,,,,bootstrap_khaosat,25,3
D07,7510601,,,5.25,5.0,,,,,7.5,,bootstrap_khaosat,25,3
D07,7510601,,,9.0,9.25,,,,,6.25,,bootstrap_khaosat,25,3
A00,7510601,,,,6.0,,,,9.25,9.0,,bootstrap_khaosat,25,3
D07,7510601,,,5.25,5.0,,,,,7.5,,bootstrap_khaosat,25,3
A00,7510601,,,,5.5,,,,8.0,8.0,,bootstrap_khaosat,25,3
A00,7510601,,,,6.25,,,,5.5,7.0,,bootstrap_khaosat,25,3
D07,7510601,,,5.25,5.0,,,,,7.5,,bootstrap_khaosat,25,3
D07,7510601,,,9.0,9.25,,,,,6.25,,bootstrap_khaosat,25,3
A00,7510601,,,,6.25,,,,5.5,7.0,,bootstrap_khaosat,25,3
D07,7510601,,,9.0,9.25,,,,,6.25,,bootstrap_khaosat,25,3
D07,7510601,,,5.25,5.0,,,,,7.5,,bootstrap_khaosat,25,3
A00,7510601,,,,8.25,,,,7.6,7.75,,bootstrap_khaosat,25,3
A00,7510601,,,,8.25,,,,7.6,7.75,,bootstrap_khaosat,25,3
D07,7510601,,,5.25,5.0,,,,,7.5,,bootstrap_khaosat,25,3
D01,7510601,8.25,,8.25,6.75,,,,,,,bootstrap_khaosat,25,3
D01,7510601,8.25,,8.25,6.75,,,,,,,bootstrap_khaosat,25,3
A00,7510601,,,,8.25,,,,7.6,7.75,,bootstrap_khaosat,25,3
A00,7510601,,,,6.0,,,,9.25,9.0,,bootstrap_khaosat,25,3
A00,7510601,,,,6.0,,,,9.25,9.0,,bootstrap_khaosat,25,3
A00,7510601,,,,5.5,,,,8.0,8.0,,bootstrap_khaosat,25,3
A00,7510601,,,,6.0,,,,9.25,9.0,,bootstrap_khaosat,25,3
D07,7510601,,,9.0,9.25,,,,,6.25,,bootstrap_khaosat,25,3
D07,7510601,,,5.25,5.0,,,,,7.5,,bootstrap_khaosat,25,3
A00,7510601,,,,8.25,,,,7.6,7.75,,bootstrap_khaosat,25,3
A00,7510601,,,,5.5,,,,8.0,8.0,,bootstrap_khaosat,25,3
A00,7510601,,,,5.5,,,,8.0,8.0,,bootstrap_khaosat,25,3
D01,7510601,8.25,,8.25,6.75,,,,,,,bootstrap_khaosat,25,3
D01,7510601,8.25,,8.25,6.75,,,,,,,bootstrap_khaosat,25,3
D07,7510601,,,5.25,5.0,,,,,7.5,,bootstrap_khaosat,25,3
D07,7510601,,,5.25,5.0,,,,,7.5,,bootstrap_khaosat,25,3
A00,7510601,,,,6.25,,,,5.5,7.0,,bootstrap_khaosat,25,3
A00,7510601,,,,6.25,,,,5.5,7.0,,bootstrap_khaosat,25,3
D07,7510601,,,9.0,9.25,,,,,6.25,,bootstrap_khaosat,25,3
D07,7510601,,,9.0,9.25,,,,,6.25,,bootstrap_khaosat,25,3
A00,7510601,,,,6.0,,,,9.25,9.0,,bootstrap_khaosat,25,3
A00,7510601,,,,6.25,,,,5.5,7.0,,bootstrap_khaosat,25,3
A00,7510601,,,,6.0,,,,9.25,9.0,,bootstrap_khaosat,25,3
A00,7510601,,,,5.5,,,,8.0,8.0,,bootstrap_khaosat,25,3
D07,7510601,,,9.0,9.25,,,,,6.25,,bootstrap_khaosat,25,3
D01,7510601,8.25,,8.25,6.75,,,,,,,bootstrap_khaosat,25,3
A00,7510601,,,,5.5,,,,8.0,8.0,,bootstrap_khaosat,25,3
A00,7510601,,,,8.25,,,,7.6,7.75,,bootstrap_khaosat,25,3
D07,7510601,,,9.0,9.25,,,,,6.25,,bootstrap_khaosat,25,3
A00,7510601,,,,8.25,,,,7.6,7.75,,bootstrap_khaosat,25,3
A00,7510601,,,,6.25,,,,5.5,7.0,,bootstrap_khaosat,25,3
A00,7510601,,,,5.5,,,,8.0,8.0,,bootstrap_khaosat,25,3
D01,7510601,8.25,,8.25,6.75,,,,,,,bootstrap_khaosat,25,3
A00,7510601,,,,5.5,,,,8.0,8.0,,bootstrap_khaosat,25,3
A00,7510601,,,,5.5,,,,8.0,8.0,,bootstrap_khaosat,25,3
D01,7510601,8.25,,8.25,6.75,,,,,,,bootstrap_khaosat,25,3
D01,7510601,8.25,,8.25,6.75,,,,,,,bootstrap_khaosat,25,3
A00,7510601,,,,6.25,,,,5.5,7.0,,bootstrap_khaosat,25,3
D07,7510601,,,5.25,5.0,,,,,7.5,,bootstrap_khaosat,25,3
D07,7510601,,,9.0,9.25,,,,,6.25,,bootstrap_khaosat,25,3
A00,7510601,,,,6.25,,,,5.5,7.0,,bootstrap_khaosat,25,3
A00,7510601,,,,5.5,,,,8.0,8.0,,bootstrap_khaosat,25,3
A00,7510601,,,,5.5,,,,8.0,8.0,,bootstrap_khaosat,25,3
D01,7510601,8.25,,8.25,6.75,,,,,,,bootstrap_khaosat,25,3
A00,7510601,,,,5.5,,,,8.0,8.0,,bootstrap_khaosat,25,3
D07,7510601,,,5.25,5.0,,,,,7.5,,bootstrap_khaosat,25,3
A00,7510601,,,,6.0,,,,9.25,9.0,,bootstrap_khaosat,25,3
D15,7510605,6.5,7.75,5.25,,,,,,,,bootstrap_khaosat,26,3
D15,7510605,6.5,7.75,5.25,,,,,,,,bootstrap_khaosat,26,3
A01,7510605,,,8.5,9.0,,,,8.25,,,bootstrap_khaosat,26,3
D15,7510605,6.5,7.75,5.25,,,,,,,,bootstrap_khaosat,26,3
D07,7510605,,,7.75,8.0,,,,,8.25,,bootstrap_khaosat,26,3
D01,7510605,5.25,,7.0,7.8,,,,,,,bootstrap_khaosat,26,3
D01,7510605,9.5,,8.75,7.5,,,,,,,bootstrap_khaosat,26,3
A00,7510605,,,,9.0,,,,5.75,5.75,,bootstrap_khaosat,26,3
D01,7510605,8.0,,8.0,9.0,,,,,,,bootstrap_khaosat,26,3
A00,7510605,,,,8.5,,,,5.6,7.0,,bootstrap_khaosat,26,3
A00,7510605,,,,9.0,,,,5.75,5.75,,bootstrap_khaosat,26,3
A00,7510605,,,,6.1,,,,6.35,6.25,,bootstrap_khaosat,26,3
D01,7510605,9.5,,8.75,7.5,,,,,,,bootstrap_khaosat,26,3
A00,7510605,,,,9.0,,,,5.75,5.75,,bootstrap_khaosat,26,3
D15,7510605,6.5,7.75,5.25,,,,,,,,bootstrap_khaosat,26,3
D01,7510605,8.0,,8.0,9.0,,,,,,,bootstrap_khaosat,26,3
A00,7510605,,,,8.5,,,,5.6,7.0,,bootstrap_khaosat,26,3
A00,7510605,,,,8.5,,,,5.6,7.0,,bootstrap_khaosat,26,3
A00,7510605,,,,9.0,,,,5.75,5.75,,bootstrap_khaosat,26,3
A01,7510605,,,8.5,9.0,,,,8.25,,,bootstrap_khaosat,26,3
D01,7510605,8.0,,8.0,9.0,,,,,,,bootstrap_khaosat,26,3
A01,7510605,,,8.25,8.0,,,,7.75,,,bootstrap_khaosat,26,3
A01,7510605,,,8.25,8.0,,,,7.75,,,bootstrap_khaosat,26,3
A01,7510605,,,8.5,9.0,,,,8.25,,,bootstrap_khaosat,26,3
D01,7510605,8.0,,8.0,9.0,,,,,,,bootstrap_khaosat,26,3
D07,7510605,,,7.75,8.0,,,,,8.25,,bootstrap_khaosat,26,3
D01,7510605,8.0,,8.0,9.0,,,,,,,bootstrap_khaosat,26,3
D15,7510605,6.5,7.75,5.25,,,,,,,,bootstrap_khaosat,26,3
D15,7510605,6.5,7.75,5.25,,,,,,,,bootstrap_khaosat,26,3
D07,7510605,,,7.75,8.0,,,,,8.25,,bootstrap_khaosat,26,3
A00,7510605,,,,8.5,,,,5.6,7.0,,bootstrap_khaosat,26,3
D07,7510605,,,7.75,8.0,,,,,8.25,,bootstrap_khaosat,26,3
A00,7510605,,,,9.0,,,,5.75,5.75,,bootstrap_khaosat,26,3
D01,7510605,5.25,,7.0,7.8,,,,,,,bootstrap_khaosat,26,3
A00,7510605,,,,8.5,,,,5.6,7.0,,bootstrap_khaosat,26,3
D15,7510605,6.5,7.75,5.25,,,,,,,,bootstrap_khaosat,26,3
D01,7510605,8.0,,8.0,9.0,,,,,,,bootstrap_khaosat,26,3
D07,7510605,,,7.75,8.0,,,,,8.25,,bootstrap_khaosat,26,3
A01,7510605,,,8.5,9.0,,,,8.25,,,bootstrap_khaosat,26,3
A00,7510605,,,,9.0,,,,5.75,5.75,,bootstrap_khaosat,26,3
A01,7510605,,,8.25,8.0,,,,7.75,,,bootstrap_khaosat,26,3
A00,7510605,,,,8.5,,,,5.6,7.0,,bootstrap_khaosat,26,3
A00,7510605,,,,9.0,,,,5.75,5.75,,bootstrap_khaosat,26,3
A01,7510605,,,8.25,8.0,,,,7.75,,,bootstrap_khaosat,26,3
D01,7510605,9.5,,8.75,7.5,,,,,,,bootstrap_khaosat,26,3
D01,7510605,5.25,,7.0,7.8,,,,,,,bootstrap_khaosat,26,3
D01,7510605,9.5,,8.75,7.5,,,,,,,bootstrap_khaosat,26,3
D07,7510605,,,7.75,8.0,,,,,8.25,,bootstrap_khaosat,26,3
A01,7510605,,,8.25,8.0,,,,7.75,,,bootstrap_khaosat,26,3
D01,7510605,8.0,,8.0,9.0,,,,,,,bootstrap_khaosat,26,3
D07,7510605,,,7.75,8.0,,,,,8.25,,bootstrap_khaosat,26,3
A01,7510605,,,8.5,9.0,,,,8.25,,,bootstrap_khaosat,26,3
A01,7510605,,,8.5,9.0,,,,8.25,,,bootstrap_khaosat,26,3
D07,7510605,,,7.75,8.0,,,,,8.25,,bootstrap_khaosat,26,3
D01,7510605,8.0,,8.0,9.0,,,,,,,bootstrap_khaosat,26,3
A00,7510605,,,,6.1,,,,6.35,6.25,,bootstrap_khaosat,26,3
A01,7510605,,,8.25,8.0,,,,7.75,,,bootstrap_khaosat,26,3
D07,7510605,,,7.75,8.0,,,,,8.25,,bootstrap_khaosat,26,3
A01,7510605,,,8.5,9.0,,,,8.25,,,bootstrap_khaosat,26,3
D01,7510605,5.25,,7.0,7.8,,,,,,,bootstrap_khaosat,26,3
A01,7510605,,,8.25,8.0,,,,7.75,,,bootstrap_khaosat,26,3
A00,7510605,,,,6.1,,,,6.35,6.25,,bootstrap_khaosat,26,3
A00,7510605,,,,8.5,,,,5.6,7.0,,bootstrap_khaosat,26,3
D01,7510605,5.25,,7.0,7.8,,,,,,,bootstrap_khaosat,26,3
D01,7510605,9.5,,8.75,7.5,,,,,,,bootstrap_khaosat,26,3
D07,7510605,,,7.75,8.0,,,,,8.25,,bootstrap_khaosat,26,3
D15,7510605,6.5,7.75,5.25,,,,,,,,bootstrap_khaosat,26,3
D15,7510605,6.5,7.75,5.25,,,,,,,,bootstrap_khaosat,26,3
D01,7510605,8.0,,8.0,9.0,,,,,,,bootstrap_khaosat,26,3
A00,7510605,,,,8.5,,,,5.6,7.0,,bootstrap_khaosat,26,3
D01,7510605,8.0,,8.0,9.0,,,,,,,bootstrap_khaosat,26,3
A00,7510605,,,,8.5,,,,5.6,7.0,,bootstrap_khaosat,26,3
D15,7510605,6.5,7.75,5.25,,,,,,,,bootstrap_khaosat,26,3
D07,7510605,,,7.75,8.0,,,,,8.25,,bootstrap_khaosat,26,3
D01,7510605,9.5,,8.75,7.5,,,,,,,bootstrap_khaosat,26,3
D07,7510605,,,7.75,8.0,,,,,8.25,,bootstrap_khaosat,26,3
D01,7510605,5.25,,7.0,7.8,,,,,,,bootstrap_khaosat,26,3
A01,7510605,,,8.25,8.0,,,,7.75,,,bootstrap_khaosat,26,3
D01,7510605,8.0,,8.0,9.0,,,,,,,bootstrap_khaosat,26,3
A00,7510605,,,,9.0,,,,5.75,5.75,,bootstrap_khaosat,26,3
A01,7510605,,,8.25,8.0,,,,7.75,,,bootstrap_khaosat,26,3
A00,7510605,,,,9.0,,,,5.75,5.75,,bootstrap_khaosat,26,3
D07,7510605,,,7.75,8.0,,,,,8.25,,bootstrap_khaosat,26,3
D01,7510605,9.5,,8.75,7.5,,,,,,,bootstrap_khaosat,26,3
D01,7510605,5.25,,7.0,7.8,,,,,,,bootstrap_khaosat,26,3
A00,7510605,,,,6.1,,,,6.35,6.25,,bootstrap_khaosat,26,3
A00,7510605,,,,9.0,,,,5.75,5.75,,bootstrap_khaosat,26,3
A01,7510605,,,8.25,8.0,,,,7.75,,,bootstrap_khaosat,26,3
D01,7510605,5.25,,7.0,7.8,,,,,,,bootstrap_khaosat,26,3
A01,7510605,,,8.5,9.0,,,,8.25,,,bootstrap_khaosat,26,3
A01,7510605,,,8.25,8.0,,,,7.75,,,bootstrap_khaosat,26,3
A01,7510605,,,8.25,8.0,,,,7.75,,,bootstrap_khaosat,26,3
D01,7510605,9.5,,8.75,7.5,,,,,,,bootstrap_khaosat,26,3
D01,7510605,8.0,,8.0,9.0,,,,,,,bootstrap_khaosat,26,3
D01,7510605,5.25,,7.0,7.8,,,,,,,bootstrap_khaosat,26,3
D01,7510605,5.25,,7.0,7.8,,,,,,,bootstrap_khaosat,26,3
D07,7510605,,,7.75,8.0,,,,,8.25,,bootstrap_khaosat,26,3
A00,7510605,,,,6.1,,,,6.35,6.25,,bootstrap_khaosat,26,3
D15,7510605,6.5,7.75,5.25,,,,,,,,bootstrap_khaosat,26,3
D07,7510605,,,7.75,8.0,,,,,8.25,,bootstrap_khaosat,26,3
A00,7510605,,,,8.5,,,,5.6,7.0,,bootstrap_khaosat,26,3
D07,7510605,,,7.75,8.0,,,,,8.25,,bootstrap_khaosat,26,3
A00,7510605,,,,8.5,,,,5.6,7.0,,bootstrap_khaosat,26,3
D01,7510605,9.5,,8.75,7.5,,,,,,,bootstrap_khaosat,26,3
D01,7510605,8.0,,8.0,9.0,,,,,,,bootstrap_khaosat,26,3
A01,7510605,,,8.25,8.0,,,,7.75,,,bootstrap_khaosat,26,3
D07,7510605,,,7.75,8.0,,,,,8.25,,bootstrap_khaosat,26,3
D01,7510605,5.25,,7.0,7.8,,,,,,,bootstrap_khaosat,26,3
D07,7510605,,,7.75,8.0,,,,,8.25,,bootstrap_khaosat,26,3
A01,7510605,,,8.25,8.0,,,,7.75,,,bootstrap_khaosat,26,3
A00,7510605,,,,8.5,,,,5.6,7.0,,bootstrap_khaosat,26,3
D15,7510605,6.5,7.75,5.25,,,,,,,,bootstrap_khaosat,26,3
D01,7510605,9.5,,8.75,7.5,,,,,,,bootstrap_khaosat,26,3
D01,7510605,9.5,,8.75,7.5,,,,,,,bootstrap_khaosat,26,3
A00,7510605,,,,6.1,,,,6.35,6.25,,bootstrap_khaosat,26,3
A00,7510605,,,,8.5,,,,5.6,7.0,,bootstrap_khaosat,26,3
D15,7510605,6.5,7.75,5.25,,,,,,,,bootstrap_khaosat,26,3
D01,7510605,8.0,,8.0,9.0,,,,,,,bootstrap_khaosat,26,3
A00,7510605,,,,6.1,,,,6.35,6.25,,bootstrap_khaosat,26,3
D07,7510605,,,7.75,8.0,,,,,8.25,,bootstrap_khaosat,26,3
A00,7810101,,,,5.25,,,,6.75,8.5,,bootstrap_khaosat,32,4
A00,7810101,,,,7.0,,,,6.0,8.0,,bootstrap_khaosat,32,4
A00,7810101,,,,5.25,,,,6.75,8.5,,bootstrap_khaosat,32,4
C00,7810101,8.0,9.0,,,,,9.0,,,,bootstrap_khaosat,32,4
A01,7810101,,,8.75,8.25,,,,6.0,,,bootstrap_khaosat,32,4
A00,7810101,,,,5.25,,,,6.75,8.5,,bootstrap_khaosat,32,4
A00,7810101,,,,6.0,,,,5.5,7.25,,bootstrap_khaosat,32,4
A00,7810101,,,,7.75,,,,5.0,5.75,,bootstrap_khaosat,32,4
C00,7810101,8.0,9.0,,,,,9.0,,,,bootstrap_khaosat,32,4
C00,7810101,8.0,9.0,,,,,8.0,,,,bootstrap_khaosat,32,4
A01,7810101,,,7.75,8.0,,,,5.25,,,bootstrap_khaosat,32,4
A00,7810101,,,,7.0,,,,6.0,8.0,,bootstrap_khaosat,32,4
C00,7810101,8.0,9.0,,,,,9.0,,,,bootstrap_khaosat,32,4
C00,7810101,8.0,9.0,,,,,8.0,,,,bootstrap_khaosat,32,4
A00,7810101,,,,5.25,,,,6.75,8.5,,bootstrap_khaosat,32,4
A01,7810101,,,8.75,8.25,,,,6.0,,,bootstrap_khaosat,32,4
A01,7810101,,,6.75,6.0,,,,6.5,,,bootstrap_khaosat,32,4
A00,7810101,,,,6.0,,,,5.5,7.25,,bootstrap_khaosat,32,4
A01,7810101,,,7.75,8.0,,,,5.25,,,bootstrap_khaosat,32,4
A01,7810101,,,8.75,8.25,,,,6.0,,,bootstrap_khaosat,32,4
A01,7810101,,,6.75,6.0,,,,6.5,,,bootstrap_khaosat,32,4
C00,7810101,8.0,9.0,,,,,8.0,,,,bootstrap_khaosat,32,4
A01,7810101,,,7.75,8.0,,,,5.25,,,bootstrap_khaosat,32,4
A00,7810101,,,,7.0,,,,6.0,8.0,,bootstrap_khaosat,32,4
A00,7810101,,,,5.25,,,,6.75,8.5,,bootstrap_khaosat,32,4
A01,7810101,,,8.75,8.25,,,,6.0,,,bootstrap_khaosat,32,4
A00,7810101,,,,7.75,,,,5.0,5.75,,bootstrap_khaosat,32,4
A00,7810101,,,,5.25,,,,6.75,8.5,,bootstrap_khaosat,32,4
A00,7810101,,,,5.25,,,,6.75,8.5,,bootstrap_khaosat,32,4
A00,7810101,,,,5.25,,,,6.75,8.5,,bootstrap_khaosat,32,4
A01,7810101,,,7.75,8.0,,,,5.25,,,bootstrap_khaosat,32,4
C00,7810101,8.0,9.0,,,,,9.0,,,,bootstrap_khaosat,32,4
A00,7810101,,,,7.0,,,,6.0,8.0,,bootstrap_khaosat,32,4
A00,7810101,,,,7.0,,,,6.0,8.0,,bootstrap_khaosat,32,4
A01,7810101,,,7.75,8.0,,,,5.25,,,bootstrap_khaosat,32,4
A01,7810101,,,6.75,6.0,,,,6.5,,,bootstrap_khaosat,32,4
A00,7810101,,,,7.0,,,,6.0,8.0,,bootstrap_khaosat,32,4
D01,7810101,9.0,,7.25,9.5,,,,,,,bootstrap_khaosat,32,4
A01,7810101,,,8.75,8.25,,,,6.0,,,bootstrap_khaosat,32,4
A00,7810101,,,,7.75,,,,5.0,5.75,,bootstrap_khaosat,32,4
A00,7810101,,,,6.0,,,,5.5,7.25,,bootstrap_khaosat,32,4
A01,7810101,,,6.75,6.0,,,,6.5,,,bootstrap_khaosat,32,4
A01,7810101,,,6.75,6.0,,,,6.5,,,bootstrap_khaosat,32,4
A00,7810101,,,,7.0,,,,6.0,8.0,,bootstrap_khaosat,32,4
A00,7810101,,,,6.0,,,,5.5,7.25,,bootstrap_khaosat,32,4
A00,7810101,,,,6.0,,,,5.5,7.25,,bootstrap_khaosat,32,4
A01,7810101,,,7.75,8.0,,,,5.25,,,bootstrap_khaosat,32,4
A01,7810101,,,6.75,6.0,,,,6.5,,,bootstrap_khaosat,32,4
A01,7810101,,,7.75,8.0,,,,5.25,,,bootstrap_khaosat,32,4
A01,7810101,,,7.75,8.0,,,,5.25,,,bootstrap_khaosat,32,4
A00,7810101,,,,7.75,,,,5.0,5.75,,bootstrap_khaosat,32,4
A01,7810101,,,6.75,6.0,,,,6.5,,,bootstrap_khaosat,32,4
A01,7810101,,,6.75,6.0,,,,6.5,,,bootstrap_khaosat,32,4
A00,7810101,,,,5.25,,,,6.75,8.5,,bootstrap_khaosat,32,4
A00,7810101,,,,7.75,,,,5.0,5.75,,bootstrap_khaosat,32,4
A01,7810101,,,6.75,6.0,,,,6.5,,,bootstrap_khaosat,32,4
A01,7810101,,,8.75,8.25,,,,6.0,,,bootstrap_khaosat,32,4
A01,7810101,,,6.75,6.0,,,,6.5,,,bootstrap_khaosat,32,4
A00,7810101,,,,7.75,,,,5.0,5.75,,bootstrap_khaosat,32,4
D01,7810101,9.0,,7.25,9.5,,,,,,,bootstrap_khaosat,32,4
C00,7810101,8.0,9.0,,,,,9.0,,,,bootstrap_khaosat,32,4
D01,7810101,9.0,,7.25,9.5,,,,,,,bootstrap_khaosat,32,4
A01,7810101,,,6.75,6.0,,,,6.5,,,bootstrap_khaosat,32,4
A01,7810101,,,6.75,6.0,,,,6.5,,,bootstrap_khaosat,32,4
A00,7810101,,,,7.0,,,,6.0,8.0,,bootstrap_khaosat,32,4
D01,7810101,9.0,,7.25,9.5,,,,,,,bootstrap_khaosat,32,4
A01,7810101,,,8.75,8.25,,,,6.0,,,bootstrap_khaosat,32,4
A00,7810101,,,,7.75,,,,5.0,5.75,,bootstrap_khaosat,32,4
A00,7810101,,,,7.75,,,,5.0,5.75,,bootstrap_khaosat,32,4
C00,7810101,8.0,9.0,,,,,8.0,,,,bootstrap_khaosat,32,4
A00,7810101,,,,7.0,,,,6.0,8.0,,bootstrap_khaosat,32,4
A00,7810101,,,,6.0,,,,5.5,7.25,,bootstrap_khaosat,32,4
A00,7810101,,,,7.0,,,,6.0,8.0,,bootstrap_khaosat,32,4
A00,7810101,,,,6.0,,,,5.5,7.25,,bootstrap_khaosat,32,4
A01,7810101,,,7.75,8.0,,,,5.25,,,bootstrap_khaosat,32,4
A00,7810101,,,,7.75,,,,5.0,5.75,,bootstrap_khaosat,32,4
C00,7810101,8.0,9.0,,,,,9.0,,,,bootstrap_khaosat,32,4
A00,7810101,,,,7.0,,,,6.0,8.0,,bootstrap_khaosat,32,4
C00,7810101,8.0,9.0,,,,,9.0,,,,bootstrap_khaosat,32,4
A00,7810101,,,,7.0,,,,6.0,8.0,,bootstrap_khaosat,32,4
A00,7810101,,,,7.75,,,,5.0,5.75,,bootstrap_khaosat,32,4
D01,7810101,9.0,,7.25,9.5,,,,,,,bootstrap_khaosat,32,4
A01,7810101,,,8.75,8.25,,,,6.0,,,bootstrap_khaosat,32,4
A01,7810101,,,6.75,6.0,,,,6.5,,,bootstrap_khaosat,32,4
A00,7810101,,,,7.0,,,,6.0,8.0,,bootstrap_khaosat,32,4
A00,7810101,,,,5.25,,,,6.75,8.5,,bootstrap_khaosat,32,4
A00,7810101,,,,5.25,,,,6.75,8.5,,bootstrap_khaosat,32,4
A00,7810101,,,,5.25,,,,6.75,8.5,,bootstrap_khaosat,32,4
C00,7810101,8.0,9.0,,,,,8.0,,,,bootstrap_khaosat,32,4
A00,7810101,,,,7.75,,,,5.0,5.75,,bootstrap_khaosat,32,4
A01,7810101,,,7.75,8.0,,,,5.25,,,bootstrap_khaosat,32,4
A01,7810101,,,8.75,8.25,,,,6.0,,,bootstrap_khaosat,32,4
A00,7810101,,,,5.25,,,,6.75,8.5,,bootstrap_khaosat,32,4
D01,7810101,9.0,,7.25,9.5,,,,,,,bootstrap_khaosat,32,4
D01,7810101,9.0,,7.25,9.5,,,,,,,bootstrap_khaosat,32,4
A00,7810101,,,,6.0,,,,5.5,7.25,,bootstrap_khaosat,32,4
A01,7810101,,,7.75,8.0,,,,5.25,,,bootstrap_khaosat,32,4
A00,7810101,,,,7.75,,,,5.0,5.75,,bootstrap_khaosat,32,4
A00,7810101,,,,7.0,,,,6.0,8.0,,bootstrap_khaosat,32,4
A01,7810101,,,6.75,6.0,,,,6.5,,,bootstrap_khaosat,32,4
D01,7810101,9.0,,7.25,9.5,,,,,,,bootstrap_khaosat,32,4
A00,7810101,,,,7.0,,,,6.0,8.0,,bootstrap_khaosat,32,4
A01,7810101,,,6.75,6.0,,,,6.5,,,bootstrap_khaosat,32,4
D01,7810101,9.0,,7.25,9.5,,,,,,,bootstrap_khaosat,32,4
A01,7810101,,,8.75,8.25,,,,6.0,,,bootstrap_khaosat,32,4
A01,7810101,,,7.75,8.0,,,,5.25,,,bootstrap_khaosat,32,4
C00,7810101,8.0,9.0,,,,,8.0,,,,bootstrap_khaosat,32,4
D01,7810101,9.0,,7.25,9.5,,,,,,,bootstrap_khaosat,32,4
A00,7810101,,,,7.0,,,,6.0,8.0,,bootstrap_khaosat,32,4
A00,7810101,,,,7.0,,,,6.0,8.0,,bootstrap_khaosat,32,4
A00,7810101,,,,7.0,,,,6.0,8.0,,bootstrap_khaosat,32,4
A01,7810101,,,7.75,8.0,,,,5.25,,,bootstrap_khaosat,32,4
A00,7810101,,,,5.25,,,,6.75,8.5,,bootstrap_khaosat,32,4
A01,7810101,,,7.75,8.0,,,,5.25,,,bootstrap_khaosat,32,4
A00,7810101,,,,6.0,,,,5.5,7.25,,bootstrap_khaosat,32,4
A00,7810101,,,,7.0,,,,6.0,8.0,,bootstrap_khaosat,32,4
A00,7810101,,,,7.75,,,,5.0,5.75,,bootstrap_khaosat,32,4
C00,7810101,8.0,9.0,,,,,9.0,,,,bootstrap_khaosat,32,4
C00,7810101,8.0,9.0,,,,,8.0,,,,bootstrap_khaosat,32,4
C00,7810101,8.0,9.0,,,,,8.0,,,,bootstrap_khaosat,32,4
