likert_nang_dong,likert_huong_noi,likert_sang_tao,likert_logic,likert_to_mo,likert_thi_nghiem,likert_moi_truong,likert_dinh_duong,likert_tranh_luan,likert_thiet_ke,ips_likert_nang_dong,ips_likert_huong_noi,ips_likert_sang_tao,ips_likert_logic,ips_likert_to_mo,ips_likert_thi_nghiem,ips_likert_moi_truong,ips_likert_dinh_duong,ips_likert_tranh_luan,ips_likert_thiet_ke,likert_tb,likert_dolech,diem_Van,diem_Dia,diem_Anh,diem_Toan,diem_Gdktpl,diem_Tin,diem_Su,diem_Ly,diem_Hoa,diem_Sinh,z_diem_Van,z_diem_Dia,z_diem_Anh,z_diem_Toan,z_diem_Gdktpl,z_diem_Tin,z_diem_Su,z_diem_Ly,z_diem_Hoa,z_diem_Sinh,diem_tb,diem_lech,z_tb,z_max,th_A00,th_A01,th_B00,th_B08,th_C00,th_C01,th_C02,th_C03,th_D01,th_D07,th_D09,th_D14,th_D15,th_X01,th_X26,gioi_tinh_nam,muc_tieu,ma_nganh,ma_nhom,nguon,rui_ro_vong_tron,sample_weight
2.0,4.0,5.0,3.0,5.0,3.0,3.0,4.0,3.0,3.0,-1.5,0.5,1.5,-0.5,1.5,-0.5,-0.5,0.5,-0.5,-0.5,3.5,0.9219544457292888,,,7.8,7.8,,,,7.3,,,,,0.4115660861497326,0.511295273120959,,,,0.1304555512702567,,,7.633333333333333,0.5,0.35110563684698276,0.511295273120959,0.0,1.0,0.0,0.0,0.0,0.0,0.0,0.0,0.0,0.0,0.0,0.0,0.0,0.0,0.0,1.0,1.0,7480201,0,khaosat,0,1.0
2.0,4.0,3.0,5.0,4.0,2.0,2.0,2.0,3.0,2.0,-0.8999999999999999,1.1,0.10000000000000009,2.1,1.1,-0.8999999999999999,-0.8999999999999999,-0.8999999999999999,0.10000000000000009,-0.8999999999999999,2.9,1.044030650891055,,,8.6,7.5,,,,8.5,,,,,1.1834102400614679,0.15764004069844578,,,,1.4301163882812915,,,8.200000000000001,1.0999999999999996,0.9237222230137351,1.4301163882812915,0.0,1.0,0.0,0.0,0.0,0.0,0.0,0.0,0.0,0.0,0.0,0.0,0.0,0.0,0.0,1.0,1.0,7480201,0,khaosat,0,1.0
3.0,2.0,1.0,2.0,1.0,3.0,3.0,1.0,2.0,2.0,1.0,0.0,-1.0,0.0,-1.0,1.0,1.0,-1.0,0.0,0.0,2.0,0.7745966692414834,8.25,,6.5,8.0,,,,,,,1.160669567654988,,-0.8426806639568372,0.7470654280693014,,,,,,,7.583333333333333,1.75,0.3550181105891508,1.160669567654988,0.0,0.0,0.0,0.0,0.0,0.0,0.0,0.0,1.0,0.0,0.0,0.0,0.0,0.0,0.0,1.0,1.0,7810103,4,khaosat,0,1.0
3.0,5.0,3.0,3.0,5.0,3.0,3.0,3.0,3.0,3.0,-0.3999999999999999,1.6,-0.3999999999999999,-0.3999999999999999,1.6,-0.3999999999999999,-0.3999999999999999,-0.3999999999999999,-0.3999999999999999,-0.3999999999999999,3.4,0.8000000000000002,,,8.2,8.0,,,,6.8,,,,,0.7974881631055998,0.7470654280693014,,,,-0.411069797484341,,,7.666666666666667,1.3999999999999995,0.37782793123018665,0.7974881631055998,0.0,1.0,0.0,0.0,0.0,0.0,0.0,0.0,0.0,0.0,0.0,0.0,0.0,0.0,0.0,1.0,4.0,7340201,2,khaosat,0,1.0
4.0,2.0,4.0,4.0,4.0,2.0,4.0,4.0,4.0,4.0,0.3999999999999999,-1.6,0.3999999999999999,0.3999999999999999,0.3999999999999999,-1.6,0.3999999999999999,0.3999999999999999,0.3999999999999999,0.3999999999999999,3.6,0.8000000000000002,,,6.5,7.0,,,,8.5,,,,,-0.8426806639568372,-0.4317853466724099,,,,1.4301163882812915,,,7.333333333333333,2.0,0.051883459217348125,1.4301163882812915,0.0,1.0,0.0,0.0,0.0,0.0,0.0,0.0,0.0,0.0,0.0,0.0,0.0,0.0,0.0,0.0,1.0,7340122,1,khaosat,0,1.0
4.0,3.0,3.0,3.0,3.0,2.0,2.0,3.0,3.0,3.0,1.1,0.10000000000000009,0.10000000000000009,0.10000000000000009,0.10000000000000009,-0.8999999999999999,-0.8999999999999999,0.10000000000000009,0.10000000000000009,0.10000000000000009,2.9,0.5385164807134505,,,,7.6,,,,6.8,7.2,,,,,0.2755251181726165,,,,-0.411069797484341,-0.23819771872656012,,7.199999999999999,0.7999999999999998,-0.1245807993460949,0.2755251181726165,1.0,0.0,0.0,0.0,0.0,0.0,0.0,0.0,0.0,0.0,0.0,0.0,0.0,0.0,0.0,0.0,1.0,7480201,0,khaosat,0,1.0
3.0,4.0,3.0,3.0,3.0,2.0,2.0,3.0,3.0,3.0,0.10000000000000009,1.1,0.10000000000000009,0.10000000000000009,0.10000000000000009,-0.8999999999999999,-0.8999999999999999,0.10000000000000009,0.10000000000000009,0.10000000000000009,2.9,0.5385164807134505,8.25,,5.6,7.6,,,,,,,1.160669567654988,,-1.7110053371075398,0.2755251181726165,,,,,,,7.1499999999999995,2.6500000000000004,-0.09160355042664507,1.160669567654988,0.0,0.0,0.0,0.0,0.0,0.0,0.0,0.0,1.0,0.0,0.0,0.0,0.0,0.0,0.0,0.0,1.0,7340101,1,khaosat,0,1.0
4.0,2.0,2.0,4.0,4.0,2.0,4.0,4.0,4.0,2.0,0.7999999999999998,-1.2000000000000002,-1.2000000000000002,0.7999999999999998,0.7999999999999998,-1.2000000000000002,0.7999999999999998,0.7999999999999998,0.7999999999999998,-1.2000000000000002,3.2,0.9797958971132713,,,,8.3,,,,7.5,7.0,,,,,1.1007206604918156,,,,0.347065690772096,-0.4830364133562463,,7.6000000000000005,1.3000000000000007,0.3215833126358884,1.1007206604918156,1.0,0.0,0.0,0.0,0.0,0.0,0.0,0.0,0.0,0.0,0.0,0.0,0.0,0.0,0.0,1.0,1.0,7340101,1,khaosat,0,1.0
3.0,3.0,3.0,4.0,4.0,1.0,4.0,4.0,2.0,3.0,-0.10000000000000009,-0.10000000000000009,-0.10000000000000009,0.8999999999999999,0.8999999999999999,-2.1,0.8999999999999999,0.8999999999999999,-1.1,-0.10000000000000009,3.1,0.9433981132056604,,,,7.0,,,,8.0,8.0,,,,,-0.4317853466724099,,,,0.8885910395266937,0.7411570597921835,,7.666666666666667,1.0,0.39932091754882243,0.8885910395266937,1.0,0.0,0.0,0.0,0.0,0.0,0.0,0.0,0.0,0.0,0.0,0.0,0.0,0.0,0.0,0.0,1.0,7340115,1,khaosat,0,1.0
3.0,4.0,4.0,4.0,5.0,3.0,4.0,4.0,4.0,5.0,-1.0,0.0,0.0,0.0,1.0,-1.0,0.0,0.0,0.0,1.0,4.0,0.6324555320336759,,,7.2,8.8,,,,8.25,,,,,-0.16731702928406858,1.6901460478626713,,,,1.1593537139039927,,,8.083333333333334,1.6000000000000005,0.8940609108275318,1.6901460478626713,0.0,1.0,0.0,0.0,0.0,0.0,0.0,0.0,0.0,0.0,0.0,0.0,0.0,0.0,0.0,0.0,1.0,7340115,1,khaosat,0,1.0
4.0,4.0,4.0,4.0,4.0,2.0,4.0,4.0,4.0,4.0,0.20000000000000018,0.20000000000000018,0.20000000000000018,0.20000000000000018,0.20000000000000018,-1.7999999999999998,0.20000000000000018,0.20000000000000018,0.20000000000000018,0.20000000000000018,3.8,0.6,8.5,,6.0,7.5,,,,,,,1.385248859582148,,-1.3250832601516718,0.15764004069844578,,,,,,,7.333333333333333,2.5,0.07260188004297398,1.385248859582148,0.0,0.0,0.0,0.0,0.0,0.0,0.0,0.0,1.0,0.0,0.0,0.0,0.0,0.0,0.0,0.0,3.0,7340201,2,khaosat,0,1.0
4.0,2.0,4.0,4.0,5.0,3.0,4.0,3.0,5.0,4.0,0.20000000000000018,-1.7999999999999998,0.20000000000000018,0.20000000000000018,1.2000000000000002,-0.7999999999999998,0.20000000000000018,-0.7999999999999998,1.2000000000000002,0.20000000000000018,3.8,0.8717797887081347,,,,8.0,,,,8.0,7.8,,,,,0.7470654280693014,,,,0.8885910395266937,0.49631836516249733,,7.933333333333334,0.20000000000000018,0.7106582775861642,0.8885910395266937,1.0,0.0,0.0,0.0,0.0,0.0,0.0,0.0,0.0,0.0,0.0,0.0,0.0,0.0,0.0,1.0,3.0,7380107,8,khaosat,0,1.0
4.0,4.0,4.0,3.0,4.0,3.0,4.0,4.0,4.0,4.0,0.20000000000000018,0.20000000000000018,0.20000000000000018,-0.7999999999999998,0.20000000000000018,-0.7999999999999998,0.20000000000000018,0.20000000000000018,0.20000000000000018,0.20000000000000018,3.8,0.39999999999999997,,,,8.0,,,,8.0,8.0,,,,,0.7470654280693014,,,,0.8885910395266937,0.7411570597921835,,8.0,0.0,0.7922711757960595,0.8885910395266937,1.0,0.0,0.0,0.0,0.0,0.0,0.0,0.0,0.0,0.0,0.0,0.0,0.0,0.0,0.0,0.0,1.0,7340201,2,khaosat,0,1.0
3.0,4.0,4.0,2.0,4.0,2.0,4.0,4.0,3.0,4.0,-0.3999999999999999,0.6000000000000001,0.6000000000000001,-1.4,0.6000000000000001,-1.4,0.6000000000000001,0.6000000000000001,-0.3999999999999999,0.6000000000000001,3.4,0.8,7.0,,7.8,7.6,,,,,,,0.03777310801918832,,0.4115660861497326,0.2755251181726165,,,,,,,7.466666666666666,0.7999999999999998,0.24162143744717915,0.4115660861497326,0.0,0.0,0.0,0.0,0.0,0.0,0.0,0.0,1.0,0.0,0.0,0.0,0.0,0.0,0.0,0.0,1.0,7340201,2,khaosat,0,1.0
3.0,4.0,4.0,5.0,5.0,3.0,3.0,4.0,4.0,4.0,-0.8999999999999999,0.10000000000000009,0.10000000000000009,1.1,1.1,-0.8999999999999999,-0.8999999999999999,0.10000000000000009,0.10000000000000009,0.10000000000000009,3.9,0.7,,,7.5,8.0,,,,8.2,,,,,0.12212452843283203,0.7470654280693014,,,,1.105201179028532,,,7.8999999999999995,0.6999999999999993,0.6581303785102218,1.105201179028532,0.0,1.0,0.0,0.0,0.0,0.0,0.0,0.0,0.0,0.0,0.0,0.0,0.0,0.0,0.0,0.0,3.0,7340301,2,khaosat,0,1.0
4.0,3.0,5.0,4.0,4.0,1.0,1.0,1.0,1.0,1.0,1.5,0.5,2.5,1.5,1.5,-1.5,-1.5,-1.5,-1.5,-1.5,2.5,1.5652475842498528,,,,8.0,,,,8.0,8.0,,,,,0.7470654280693014,,,,0.8885910395266937,0.7411570597921835,,8.0,0.0,0.7922711757960595,0.8885910395266937,1.0,0.0,0.0,0.0,0.0,0.0,0.0,0.0,0.0,0.0,0.0,0.0,0.0,0.0,0.0,1.0,1.0,7340122,1,khaosat,0,1.0
3.0,4.0,4.0,5.0,4.0,2.0,1.0,1.0,3.0,2.0,0.10000000000000009,1.1,1.1,2.1,1.1,-0.8999999999999999,-1.9,-1.9,0.10000000000000009,-0.8999999999999999,2.9,1.3,,,,8.2,,,,7.6,8.0,,,,,0.982835583017643,,,,0.4553707605230152,0.7411570597921835,,7.933333333333333,0.5999999999999996,0.7264544677776139,0.982835583017643,1.0,0.0,0.0,0.0,0.0,0.0,0.0,0.0,0.0,0.0,0.0,0.0,0.0,0.0,0.0,1.0,1.0,7480201,0,khaosat,0,1.0
3.0,4.0,4.0,5.0,4.0,2.0,1.0,1.0,3.0,2.0,0.10000000000000009,1.1,1.1,2.1,1.1,-0.8999999999999999,-1.9,-1.9,0.10000000000000009,-0.8999999999999999,2.9,1.3,,,,8.2,,,,7.6,8.0,,,,,0.982835583017643,,,,0.4553707605230152,0.7411570597921835,,7.933333333333333,0.5999999999999996,0.7264544677776139,0.982835583017643,1.0,0.0,0.0,0.0,0.0,0.0,0.0,0.0,0.0,0.0,0.0,0.0,0.0,0.0,0.0,1.0,1.0,7480201,0,khaosat,0,1.0
3.0,3.0,3.0,3.0,3.0,2.0,5.0,3.0,2.0,1.0,0.20000000000000018,0.20000000000000018,0.20000000000000018,0.20000000000000018,0.20000000000000018,-0.7999999999999998,2.2,0.20000000000000018,-0.7999999999999998,-1.7999999999999998,2.8,0.9797958971132712,,,,9.0,,,,,6.25,8.0,,,,1.9259162028110128,,,,,-1.4011815182175686,1.021458749332555,7.75,2.75,0.5153978113086665,1.9259162028110128,0.0,0.0,1.0,0.0,0.0,0.0,0.0,0.0,0.0,0.0,0.0,0.0,0.0,0.0,0.0,1.0,1.0,7850101,7,khaosat,0,1.0
3.0,3.0,3.0,3.0,3.0,3.0,4.0,3.0,4.0,4.0,-0.2999999999999998,-0.2999999999999998,-0.2999999999999998,-0.2999999999999998,-0.2999999999999998,-0.2999999999999998,0.7000000000000002,-0.2999999999999998,0.7000000000000002,0.7000000000000002,3.3,0.45825756949558405,,,,7.8,,,,7.5,8.2,,,,,0.511295273120959,,,,0.347065690772096,0.9859957544218686,,7.833333333333333,0.6999999999999993,0.6147855727716411,0.9859957544218686,1.0,0.0,0.0,0.0,0.0,0.0,0.0,0.0,0.0,0.0,0.0,0.0,0.0,0.0,0.0,0.0,1.0,7340201,2,khaosat,0,1.0
3.0,3.0,3.0,3.0,3.0,3.0,3.0,4.0,3.0,3.0,-0.10000000000000009,-0.10000000000000009,-0.10000000000000009,-0.10000000000000009,-0.10000000000000009,-0.10000000000000009,-0.10000000000000009,0.8999999999999999,-0.10000000000000009,-0.10000000000000009,3.1,0.3,,,8.0,8.0,,,,8.0,,,,,0.6045271246276667,0.7470654280693014,,,,0.8885910395266937,,,8.0,0.0,0.7467278640745539,0.8885910395266937,0.0,1.0,0.0,0.0,0.0,0.0,0.0,0.0,0.0,0.0,0.0,0.0,0.0,0.0,0.0,0.0,1.0,7340201,2,khaosat,0,1.0
1.0,3.0,1.0,1.0,1.0,1.0,1.0,1.0,1.0,2.0,-0.30000000000000004,1.7,-0.30000000000000004,-0.30000000000000004,-0.30000000000000004,-0.30000000000000004,-0.30000000000000004,-0.30000000000000004,-0.30000000000000004,0.7,1.3,0.6403124237432848,,,8.0,9.0,,,,9.0,,,,,0.6045271246276667,1.9259162028110128,,,,1.9716417370358892,,,8.666666666666666,1.0,1.500695021491523,1.9716417370358892,0.0,1.0,0.0,0.0,0.0,0.0,0.0,0.0,0.0,0.0,0.0,0.0,0.0,0.0,0.0,1.0,1.0,7340122,1,khaosat,0,1.0
4.0,4.0,4.0,4.0,3.0,4.0,4.0,4.0,4.0,4.0,0.10000000000000009,0.10000000000000009,0.10000000000000009,0.10000000000000009,-0.8999999999999999,0.10000000000000009,0.10000000000000009,0.10000000000000009,0.10000000000000009,0.10000000000000009,3.9,0.3,8.0,,8.0,8.0,,,,,,,0.936090275727828,,0.6045271246276667,0.7470654280693014,,,,,,,8.0,0.0,0.7625609428082654,0.936090275727828,0.0,0.0,0.0,0.0,0.0,0.0,0.0,0.0,1.0,0.0,0.0,0.0,0.0,0.0,0.0,0.0,3.0,7340122,1,khaosat,0,1.0
2.0,3.0,2.0,3.0,4.0,4.0,2.0,4.0,3.0,1.0,-0.7999999999999998,0.20000000000000018,-0.7999999999999998,0.20000000000000018,1.2000000000000002,1.2000000000000002,-0.7999999999999998,1.2000000000000002,0.20000000000000018,-1.7999999999999998,2.8,0.9797958971132712,,,,6.0,,,,,8.0,8.25,,,,-1.6106361214141214,,,,,0.7411570597921835,1.2915999576467923,7.416666666666667,2.25,0.1407069653416181,1.2915999576467923,0.0,0.0,1.0,0.0,0.0,0.0,0.0,0.0,0.0,0.0,0.0,0.0,0.0,0.0,0.0,0.0,3.0,7540106,7,khaosat,0,1.0
2.0,4.0,3.0,5.0,3.0,2.0,1.0,2.0,1.0,2.0,-0.5,1.5,0.5,2.5,0.5,-0.5,-1.5,-0.5,-1.5,-0.5,2.5,1.2041594578792296,8.25,,,5.5,,,,9.5,,,1.160669567654988,,,-2.200061508784977,,,,2.513167085790487,,,7.75,4.0,0.49125838155349927,2.513167085790487,0.0,0.0,0.0,0.0,0.0,1.0,0.0,0.0,0.0,0.0,0.0,0.0,0.0,0.0,0.0,1.0,1.0,7510303,5,khaosat,0,1.0
2.0,5.0,4.0,5.0,4.0,2.0,1.0,1.0,2.0,2.0,-0.7999999999999998,2.2,1.2000000000000002,2.2,1.2000000000000002,-0.7999999999999998,-1.7999999999999998,-1.7999999999999998,-0.7999999999999998,-0.7999999999999998,2.8,1.469693845669907,7.25,,5.5,8.25,,,,,,,0.26235239994634824,,-1.8074858563465064,1.0417781217547293,,,,,,,7.0,2.75,-0.1677851115484763,1.0417781217547293,0.0,0.0,0.0,0.0,0.0,0.0,0.0,0.0,1.0,0.0,0.0,0.0,0.0,0.0,0.0,1.0,2.0,7480107,0,khaosat,1,1.0
5.0,3.0,3.0,2.0,4.0,2.0,1.0,2.0,3.0,4.0,2.1,0.10000000000000009,0.10000000000000009,-0.8999999999999999,1.1,-0.8999999999999999,-1.9,-0.8999999999999999,0.10000000000000009,1.1,2.9,1.1357816691600546,,,8.0,7.75,,,9.5,,,,,,0.6045271246276667,0.45235273438387363,,,2.111312800325519,,,,8.416666666666666,1.75,1.0560642197790198,2.111312800325519,0.0,0.0,0.0,0.0,0.0,0.0,0.0,0.0,0.0,0.0,1.0,0.0,0.0,0.0,0.0,1.0,3.0,7220201,8,khaosat,0,1.0
2.0,3.0,2.0,4.0,3.0,3.0,3.0,5.0,3.0,2.0,-1.0,0.0,-1.0,1.0,0.0,0.0,0.0,2.0,0.0,-1.0,3.0,0.8944271909999159,,,,9.5,,,,5.5,7.25,,,,,2.5153415901818685,,,,-1.819035704246295,-0.17698804506913884,,7.416666666666667,4.0,0.17310594695547823,2.5153415901818685,1.0,0.0,0.0,0.0,0.0,0.0,0.0,0.0,0.0,0.0,0.0,0.0,0.0,0.0,0.0,1.0,1.0,7540105,7,khaosat,0,1.0
3.0,3.0,3.0,4.0,4.0,4.0,2.0,5.0,3.0,2.0,-0.2999999999999998,-0.2999999999999998,-0.2999999999999998,0.7000000000000002,0.7000000000000002,0.7000000000000002,-1.2999999999999998,1.7000000000000002,-0.2999999999999998,-1.2999999999999998,3.3,0.9,,,9.5,5.75,,,,,,7.0,,,2.0517349132121705,-1.9053488150995492,,,,,,-0.05910608392439303,7.416666666666667,3.75,0.02909333806274274,2.0517349132121705,0.0,0.0,0.0,1.0,0.0,0.0,0.0,0.0,0.0,0.0,0.0,0.0,0.0,0.0,0.0,1.0,3.0,7540101,7,khaosat,0,1.0
3.0,5.0,3.0,5.0,4.0,2.0,2.0,2.0,2.0,1.0,0.10000000000000009,2.1,0.10000000000000009,2.1,1.1,-0.8999999999999999,-0.8999999999999999,-0.8999999999999999,-0.8999999999999999,-1.9,2.9,1.3,,,7.0,8.0,,,,9.5,,,,,-0.3602780677620026,0.7470654280693014,,,,2.513167085790487,,,8.166666666666666,2.5,0.9666514820325952,2.513167085790487,0.0,1.0,0.0,0.0,0.0,0.0,0.0,0.0,0.0,0.0,0.0,0.0,0.0,0.0,0.0,0.0,1.0,7510202,5,khaosat,0,1.0
4.0,3.0,5.0,2.0,5.0,1.0,2.0,2.0,3.0,4.0,0.8999999999999999,-0.10000000000000009,1.9,-1.1,1.9,-2.1,-1.1,-1.1,-0.10000000000000009,0.8999999999999999,3.1,1.3,6.5,,7.25,,,,9.25,,,,-0.4113854758351315,,-0.11907676966458527,,,,1.8500205106741876,,,,7.666666666666667,2.75,0.43985275505815696,1.8500205106741876,0.0,0.0,0.0,0.0,0.0,0.0,0.0,0.0,0.0,0.0,0.0,1.0,0.0,0.0,0.0,0.0,3.0,7220204,8,khaosat,0,1.0
4.0,3.0,4.0,5.0,3.0,1.0,2.0,1.0,3.0,3.0,1.1,0.10000000000000009,1.1,2.1,0.10000000000000009,-1.9,-0.8999999999999999,-1.9,0.10000000000000009,0.10000000000000009,2.9,1.2206555615733703,7.25,,9.0,8.5,,,,,,,0.26235239994634824,,1.5693323170173359,1.3364908154401571,,,,,,,8.25,1.75,1.0560585108012803,1.5693323170173359,0.0,0.0,0.0,0.0,0.0,0.0,0.0,0.0,1.0,0.0,0.0,0.0,0.0,0.0,0.0,1.0,2.0,7340120,1,khaosat,0,1.0
3.0,4.0,5.0,5.0,3.0,2.0,2.0,1.0,3.0,1.0,0.10000000000000009,1.1,2.1,2.1,0.10000000000000009,-0.8999999999999999,-0.8999999999999999,-1.9,0.10000000000000009,-1.9,2.9,1.374772708486752,,,8.0,8.25,,,,5.5,,,,,0.6045271246276667,1.0417781217547293,,,,-1.819035704246295,,,7.25,2.75,-0.05757681928796635,1.0417781217547293,0.0,1.0,0.0,0.0,0.0,0.0,0.0,0.0,0.0,0.0,0.0,0.0,0.0,0.0,0.0,0.0,1.0,7510303,5,khaosat,0,1.0
4.0,1.0,4.0,3.0,3.0,4.0,4.0,4.0,3.0,4.0,0.6000000000000001,-2.4,0.6000000000000001,-0.3999999999999999,-0.3999999999999999,0.6000000000000001,0.6000000000000001,0.6000000000000001,-0.3999999999999999,0.6000000000000001,3.4,0.9165151389911681,,,,5.5,,,,,6.0,6.0,,,,-2.200061508784977,,,,,-1.7072298865046762,-1.1396709171813413,5.833333333333333,0.5,-1.682320770823665,-1.1396709171813413,0.0,0.0,1.0,0.0,0.0,0.0,0.0,0.0,0.0,0.0,0.0,0.0,0.0,0.0,0.0,1.0,2.0,7520115,6,khaosat,0,1.0
5.0,1.0,5.0,5.0,5.0,5.0,5.0,5.0,5.0,3.0,0.5999999999999996,-3.4000000000000004,0.5999999999999996,0.5999999999999996,0.5999999999999996,0.5999999999999996,0.5999999999999996,0.5999999999999996,0.5999999999999996,-1.4000000000000004,4.4,1.2806248474865698,,,,7.6,,,,,7.6,6.5,,,,0.2755251181726165,,,,,0.2514796705328112,-0.5993885005528671,7.233333333333333,1.0999999999999996,-0.024127903949146472,0.2755251181726165,0.0,0.0,1.0,0.0,0.0,0.0,0.0,0.0,0.0,0.0,0.0,0.0,0.0,0.0,0.0,1.0,3.0,7510401,6,khaosat,0,1.0
4.0,3.0,4.0,5.0,5.0,4.0,4.0,5.0,4.0,4.0,-0.20000000000000018,-1.2000000000000002,-0.20000000000000018,0.7999999999999998,0.7999999999999998,-0.20000000000000018,-0.20000000000000018,0.7999999999999998,-0.20000000000000018,-0.20000000000000018,4.2,0.6,,,,8.0,,,,7.25,8.0,,,,,0.7470654280693014,,,,0.07630301639479713,0.7411570597921835,,7.75,0.75,0.5215085014187607,0.7470654280693014,1.0,0.0,0.0,0.0,0.0,0.0,0.0,0.0,0.0,0.0,0.0,0.0,0.0,0.0,0.0,1.0,3.0,7480201,0,khaosat,0,1.0
3.0,3.0,3.0,3.0,3.0,3.0,3.0,4.0,3.0,3.0,-0.10000000000000009,-0.10000000000000009,-0.10000000000000009,-0.10000000000000009,-0.10000000000000009,-0.10000000000000009,-0.10000000000000009,0.8999999999999999,-0.10000000000000009,-0.10000000000000009,3.1,0.3,,,,7.75,,,,8.0,6.5,,,,,0.45235273438387363,,,,0.8885910395266937,-1.0951331499304613,,7.416666666666667,1.5,0.08193687466003537,0.8885910395266937,1.0,0.0,0.0,0.0,0.0,0.0,0.0,0.0,0.0,0.0,0.0,0.0,0.0,0.0,0.0,1.0,2.0,7510301,5,khaosat,0,1.0
3.0,3.0,3.0,3.0,3.0,3.0,3.0,3.0,5.0,5.0,-0.3999999999999999,-0.3999999999999999,-0.3999999999999999,-0.3999999999999999,-0.3999999999999999,-0.3999999999999999,-0.3999999999999999,-0.3999999999999999,1.6,1.6,3.4,0.8,,,,7.0,,,,7.0,7.0,,,,,-0.4317853466724099,,,,-0.19445965798250175,-0.4830364133562463,,7.0,0.0,-0.36976047267038603,-0.19445965798250175,1.0,0.0,0.0,0.0,0.0,0.0,0.0,0.0,0.0,0.0,0.0,0.0,0.0,0.0,0.0,1.0,1.0,7510203,5,khaosat,0,1.0
5.0,1.0,4.0,4.0,2.0,5.0,3.0,5.0,3.0,3.0,1.5,-2.5,0.5,0.5,-1.5,1.5,-0.5,1.5,-0.5,-0.5,3.5,1.284523257866513,,,,7.0,,,,8.0,7.25,,,,,-0.4317853466724099,,,,0.8885910395266937,-0.17698804506913884,,7.416666666666667,1.0,0.09327254926171498,0.8885910395266937,1.0,0.0,0.0,0.0,0.0,0.0,0.0,0.0,0.0,0.0,0.0,0.0,0.0,0.0,0.0,1.0,1.0,7510301,5,khaosat,0,1.0
5.0,4.0,4.0,3.0,3.0,4.0,4.0,4.0,4.0,4.0,1.1,0.10000000000000009,0.10000000000000009,-0.8999999999999999,-0.8999999999999999,0.10000000000000009,0.10000000000000009,0.10000000000000009,0.10000000000000009,0.10000000000000009,3.9,0.5385164807134505,,,,7.0,,,,7.0,7.0,,,,,-0.4317853466724099,,,,-0.19445965798250175,-0.4830364133562463,,7.0,0.0,-0.36976047267038603,-0.19445965798250175,1.0,0.0,0.0,0.0,0.0,0.0,0.0,0.0,0.0,0.0,0.0,0.0,0.0,0.0,0.0,1.0,4.0,7510301,5,khaosat,0,1.0
5.0,1.0,5.0,5.0,5.0,3.0,1.0,1.0,5.0,3.0,1.6,-2.4,1.6,1.6,1.6,-0.3999999999999999,-2.4,-2.4,1.6,-0.3999999999999999,3.4,1.7435595774162693,,,,8.0,,,,6.0,7.0,,,,,0.7470654280693014,,,,-1.2775103554916973,-0.4830364133562463,,7.0,2.0,-0.33782711359288076,0.7470654280693014,1.0,0.0,0.0,0.0,0.0,0.0,0.0,0.0,0.0,0.0,0.0,0.0,0.0,0.0,0.0,1.0,3.0,7510202,5,khaosat,0,1.0
4.0,1.0,3.0,2.0,2.0,1.0,1.0,5.0,2.0,3.0,1.6,-1.4,0.6000000000000001,-0.3999999999999999,-0.3999999999999999,-1.4,-1.4,2.6,-0.3999999999999999,0.6000000000000001,2.4,1.2806248474865698,,,,6.25,,,,5.75,8.0,,,,,-1.3159234277286935,,,,-1.5482730298689962,0.7411570597921835,,6.666666666666667,2.25,-0.7076797992685021,0.7411570597921835,1.0,0.0,0.0,0.0,0.0,0.0,0.0,0.0,0.0,0.0,0.0,0.0,0.0,0.0,0.0,1.0,1.0,7810202,4,khaosat,0,1.0
5.0,2.0,5.0,4.0,2.0,2.0,1.0,1.0,4.0,2.0,2.2,-0.7999999999999998,2.2,1.2000000000000002,-0.7999999999999998,-0.7999999999999998,-1.7999999999999998,-1.7999999999999998,1.2000000000000002,-0.7999999999999998,2.8,1.469693845669907,,,8.25,8.25,,,,,5.25,,,,0.845728422725084,1.0417781217547293,,,,,-2.6253749913659985,,7.25,3.0,-0.24595614896206172,1.0417781217547293,0.0,0.0,0.0,0.0,0.0,0.0,0.0,0.0,0.0,1.0,0.0,0.0,0.0,0.0,0.0,1.0,1.0,7340301,2,khaosat,0,1.0
2.0,3.0,3.0,4.0,3.0,4.0,3.0,4.0,3.0,1.0,-1.0,0.0,0.0,1.0,0.0,1.0,0.0,1.0,0.0,-2.0,3.0,0.8944271909999159,,,6.25,8.5,,,,,,7.75,,,-1.0838819620542546,1.3364908154401571,,,,,,0.751317541018318,7.5,2.25,0.3346421314680736,1.3364908154401571,0.0,0.0,0.0,1.0,0.0,0.0,0.0,0.0,0.0,0.0,0.0,0.0,0.0,0.0,0.0,0.0,1.0,7819009,4,khaosat,0,1.0
5.0,2.0,3.0,2.0,4.0,1.0,2.0,2.0,3.0,2.0,2.4,-0.6000000000000001,0.3999999999999999,-0.6000000000000001,1.4,-1.6,-0.6000000000000001,-0.6000000000000001,0.3999999999999999,-0.6000000000000001,2.6,1.1135528725660042,6.0,7.5,6.75,,,,,,,,-0.8605440596894514,0.9701363148557172,-0.6014793658594199,,,,,,,,6.75,1.5,-0.16396237023105134,0.9701363148557172,0.0,0.0,0.0,0.0,0.0,0.0,0.0,0.0,0.0,0.0,0.0,0.0,1.0,0.0,0.0,0.0,3.0,7220201,8,khaosat,0,1.0
4.0,2.0,2.0,2.0,2.0,2.0,1.0,4.0,2.0,3.0,1.6,-0.3999999999999999,-0.3999999999999999,-0.3999999999999999,-0.3999999999999999,-0.3999999999999999,-1.4,1.6,-0.3999999999999999,0.6000000000000001,2.4,0.9165151389911681,,,,5.0,,,,7.25,5.5,,,,,-2.789486896155833,,,,0.07630301639479713,-2.319326623078891,,5.916666666666667,2.25,-1.6775035009466421,0.07630301639479713,1.0,0.0,0.0,0.0,0.0,0.0,0.0,0.0,0.0,0.0,0.0,0.0,0.0,0.0,0.0,1.0,1.0,7810201,4,khaosat,0,1.0
1.0,4.0,3.0,5.0,3.0,2.0,2.0,2.0,1.0,1.0,-1.4,1.6,0.6000000000000001,2.6,0.6000000000000001,-0.3999999999999999,-0.3999999999999999,-0.3999999999999999,-1.4,-1.4,2.4,1.2806248474865698,,,8.75,6.0,,,,5.0,,,,,1.3281310189199185,-1.6106361214141214,,,,-2.3605610530008927,,,6.583333333333333,3.75,-0.8810220518316986,1.3281310189199185,0.0,1.0,0.0,0.0,0.0,0.0,0.0,0.0,0.0,0.0,0.0,0.0,0.0,0.0,0.0,0.0,3.0,7480107,0,khaosat,1,1.0
3.0,5.0,5.0,4.0,3.0,2.0,2.0,2.0,1.0,2.0,0.10000000000000009,2.1,2.1,1.1,0.10000000000000009,-0.8999999999999999,-0.8999999999999999,-0.8999999999999999,-1.9,-0.8999999999999999,2.9,1.3,,,6.0,6.0,,8.75,,,,,,,-1.3250832601516718,-1.6106361214141214,,0.3522217346728337,,,,,6.916666666666667,2.75,-0.861165882297653,0.3522217346728337,0.0,0.0,0.0,0.0,0.0,0.0,0.0,0.0,0.0,0.0,0.0,0.0,0.0,0.0,1.0,0.0,1.0,7480202,0,khaosat,0,1.0
4.0,1.0,4.0,5.0,4.0,2.0,1.0,2.0,3.0,1.0,1.2999999999999998,-1.7000000000000002,1.2999999999999998,2.3,1.2999999999999998,-0.7000000000000002,-1.7000000000000002,-0.7000000000000002,0.2999999999999998,-1.7000000000000002,2.7,1.4177446878757827,,,7.5,6.25,,,,,7.25,,,,0.12212452843283203,-1.3159234277286935,,,,,-0.17698804506913884,,7.0,1.25,-0.4569289814550001,0.12212452843283203,0.0,0.0,0.0,0.0,0.0,0.0,0.0,0.0,0.0,1.0,0.0,0.0,0.0,0.0,0.0,0.0,1.0,7520115,6,khaosat,0,1.0
4.0,3.0,5.0,2.0,5.0,1.0,2.0,2.0,2.0,3.0,1.1,0.10000000000000009,2.1,-0.8999999999999999,2.1,-1.9,-0.8999999999999999,-0.8999999999999999,-0.8999999999999999,0.10000000000000009,2.9,1.3,6.75,,9.25,,,,8.5,,,,-0.1868061839079716,,1.810533615114753,,,,1.066143641720194,,,,8.166666666666666,2.5,0.8966236909756585,1.810533615114753,0.0,0.0,0.0,0.0,0.0,0.0,0.0,0.0,0.0,0.0,0.0,1.0,0.0,0.0,0.0,1.0,1.0,7220204,8,khaosat,0,1.0
1.0,4.0,4.0,4.0,3.0,1.0,2.0,2.0,1.0,1.0,-1.2999999999999998,1.7000000000000002,1.7000000000000002,1.7000000000000002,0.7000000000000002,-1.2999999999999998,-0.2999999999999998,-0.2999999999999998,-1.2999999999999998,-1.2999999999999998,2.3,1.2688577540449522,,,,9.0,,,,5.5,8.25,,,,,1.9259162028110128,,,,-1.819035704246295,1.047205428079291,,7.583333333333333,3.5,0.3846953088813363,1.9259162028110128,1.0,0.0,0.0,0.0,0.0,0.0,0.0,0.0,0.0,0.0,0.0,0.0,0.0,0.0,0.0,0.0,1.0,7510301,5,khaosat,0,1.0
3.0,4.0,4.0,4.0,4.0,4.0,4.0,2.0,1.0,1.0,-0.10000000000000009,0.8999999999999999,0.8999999999999999,0.8999999999999999,0.8999999999999999,0.8999999999999999,0.8999999999999999,-1.1,-2.1,-2.1,3.1,1.2206555615733703,6.0,,4.0,8.0,,,,,,,-0.8605440596894514,,-3.2546936449310104,0.7470654280693014,,,,,,,6.0,4.0,-1.1227240921837203,0.7470654280693014,0.0,0.0,0.0,0.0,0.0,0.0,0.0,0.0,1.0,0.0,0.0,0.0,0.0,0.0,0.0,1.0,1.0,7510301,5,khaosat,0,1.0
1.0,4.0,2.0,2.0,3.0,3.0,3.0,3.0,2.0,3.0,-1.6,1.4,-0.6000000000000001,-0.6000000000000001,0.3999999999999999,0.3999999999999999,0.3999999999999999,0.3999999999999999,-0.6000000000000001,0.3999999999999999,2.6,0.8000000000000002,,,,8.0,,,,,7.0,7.5,,,,0.7470654280693014,,,,,-0.4830364133562463,0.48117633270408106,7.5,1.0,0.24840178247237873,0.7470654280693014,0.0,0.0,1.0,0.0,0.0,0.0,0.0,0.0,0.0,0.0,0.0,0.0,0.0,0.0,0.0,0.0,1.0,7540101,7,khaosat,0,1.0
3.0,2.0,1.0,1.0,2.0,1.0,4.0,4.0,2.0,3.0,0.7000000000000002,-0.2999999999999998,-1.2999999999999998,-1.2999999999999998,-0.2999999999999998,-1.2999999999999998,1.7000000000000002,1.7000000000000002,-0.2999999999999998,0.7000000000000002,2.3,1.1,8.0,8.5,,,,,9.0,,,,0.936090275727828,1.7462453667402913,,,,,1.5887282210228564,,,,8.5,1.0,1.4236879544969918,1.7462453667402913,0.0,0.0,0.0,0.0,1.0,0.0,0.0,0.0,0.0,0.0,0.0,0.0,0.0,0.0,0.0,0.0,1.0,7380107,8,khaosat,0,1.0
2.0,3.0,2.0,3.0,3.0,4.0,4.0,4.0,3.0,3.0,-1.1,-0.10000000000000009,-1.1,-0.10000000000000009,-0.10000000000000009,0.8999999999999999,0.8999999999999999,0.8999999999999999,-0.10000000000000009,-0.10000000000000009,3.1,0.7,7.75,9.0,,,,,8.75,,,,0.7115109838006681,2.1342998926825785,,,,,1.3274359313715252,,,,8.5,1.25,1.391082269284924,2.1342998926825785,0.0,0.0,0.0,0.0,1.0,0.0,0.0,0.0,0.0,0.0,0.0,0.0,0.0,0.0,0.0,0.0,1.0,7380107,8,khaosat,0,1.0
5.0,1.0,5.0,5.0,5.0,5.0,5.0,3.0,5.0,5.0,0.5999999999999996,-3.4000000000000004,0.5999999999999996,0.5999999999999996,0.5999999999999996,0.5999999999999996,0.5999999999999996,-1.4000000000000004,0.5999999999999996,0.5999999999999996,4.4,1.2806248474865698,,,,7.4,,,,7.0,7.0,,,,,0.03975496322427506,,,,-0.19445965798250175,-0.4830364133562463,,7.133333333333333,0.40000000000000036,-0.21258036937149102,0.03975496322427506,1.0,0.0,0.0,0.0,0.0,0.0,0.0,0.0,0.0,0.0,0.0,0.0,0.0,0.0,0.0,1.0,1.0,7480201,0,khaosat,0,1.0
2.0,2.0,3.0,3.0,4.0,2.0,2.0,2.0,2.0,3.0,-0.5,-0.5,0.5,0.5,1.5,-0.5,-0.5,-0.5,-0.5,0.5,2.5,0.6708203932499369,,,,6.8,,,,6.3,6.3,,,,,-0.6675555016207524,,,,-0.9525951462389388,-1.3399718445601474,,6.466666666666666,0.5,-0.9867074974732795,-0.6675555016207524,1.0,0.0,0.0,0.0,0.0,0.0,0.0,0.0,0.0,0.0,0.0,0.0,0.0,0.0,0.0,1.0,4.0,7480201,0,khaosat,0,1.0
2.0,5.0,3.0,3.0,3.0,3.0,3.0,3.0,2.0,3.0,-1.0,2.0,0.0,0.0,0.0,0.0,0.0,0.0,-1.0,0.0,3.0,0.7745966692414834,7.0,,7.8,7.2,,,,,,,0.03777310801918832,,0.4115660861497326,-0.19601519172406742,,,,,,,7.333333333333333,0.7999999999999998,0.08444133414828452,0.4115660861497326,0.0,0.0,0.0,0.0,0.0,0.0,0.0,0.0,1.0,0.0,0.0,0.0,0.0,0.0,0.0,1.0,1.0,7480201,0,khaosat,0,1.0
3.0,4.0,3.0,4.0,3.0,3.0,3.0,3.0,3.0,3.0,-0.20000000000000018,0.7999999999999998,-0.20000000000000018,0.7999999999999998,-0.20000000000000018,-0.20000000000000018,-0.20000000000000018,-0.20000000000000018,-0.20000000000000018,-0.20000000000000018,3.2,0.39999999999999997,6.5,,8.7,6.0,,,,,,,-0.4113854758351315,,1.2798907593004345,-1.6106361214141214,,,,,,,7.066666666666666,2.6999999999999993,-0.24737694598293947,1.2798907593004345,0.0,0.0,0.0,0.0,0.0,0.0,0.0,0.0,1.0,0.0,0.0,0.0,0.0,0.0,0.0,1.0,1.0,7480201,0,khaosat,0,1.0
3.0,3.0,5.0,5.0,5.0,5.0,3.0,5.0,4.0,4.0,-1.2000000000000002,-1.2000000000000002,0.7999999999999998,0.7999999999999998,0.7999999999999998,0.7999999999999998,-1.2000000000000002,0.7999999999999998,-0.20000000000000018,-0.20000000000000018,4.2,0.8717797887081347,,,,7.0,,,,7.0,7.0,,,,,-0.4317853466724099,,,,-0.19445965798250175,-0.4830364133562463,,7.0,0.0,-0.36976047267038603,-0.19445965798250175,1.0,0.0,0.0,0.0,0.0,0.0,0.0,0.0,0.0,0.0,0.0,0.0,0.0,0.0,0.0,0.0,2.0,7480201,0,khaosat,0,1.0
3.0,2.0,3.0,4.0,4.0,3.0,4.0,3.0,4.0,3.0,-0.2999999999999998,-1.2999999999999998,-0.2999999999999998,0.7000000000000002,0.7000000000000002,-0.2999999999999998,0.7000000000000002,-0.2999999999999998,0.7000000000000002,-0.2999999999999998,3.3,0.6403124237432849,7.0,,8.0,6.0,,,,,,,0.03777310801918832,,0.6045271246276667,-1.6106361214141214,,,,,,,7.0,2.0,-0.3227786295890888,0.6045271246276667,0.0,0.0,0.0,0.0,0.0,0.0,0.0,0.0,1.0,0.0,0.0,0.0,0.0,0.0,0.0,1.0,1.0,7480201,0,khaosat,0,1.0
4.0,3.0,3.0,4.0,5.0,4.0,4.0,4.0,4.0,4.0,0.10000000000000009,-0.8999999999999999,-0.8999999999999999,0.10000000000000009,1.1,0.10000000000000009,0.10000000000000009,0.10000000000000009,0.10000000000000009,0.10000000000000009,3.9,0.5385164807134505,7.0,,8.0,8.0,,,,,,,0.03777310801918832,,0.6045271246276667,0.7470654280693014,,,,,,,7.666666666666667,1.0,0.46312188690538547,0.7470654280693014,0.0,0.0,0.0,0.0,0.0,0.0,0.0,0.0,1.0,0.0,0.0,0.0,0.0,0.0,0.0,0.0,1.0,7480201,0,khaosat,0,1.0
4.0,3.0,3.0,3.0,3.0,2.0,4.0,5.0,3.0,4.0,0.6000000000000001,-0.3999999999999999,-0.3999999999999999,-0.3999999999999999,-0.3999999999999999,-1.4,0.6000000000000001,1.6,-0.3999999999999999,0.6000000000000001,3.4,0.8,,,,9.0,,,,8.0,7.0,,,,,1.9259162028110128,,,,0.8885910395266937,-0.4830364133562463,,8.0,2.0,0.7771569429938201,1.9259162028110128,1.0,0.0,0.0,0.0,0.0,0.0,0.0,0.0,0.0,0.0,0.0,0.0,0.0,0.0,0.0,0.0,1.0,7480202,0,khaosat,0,1.0
3.0,5.0,5.0,5.0,2.0,3.0,5.0,2.0,4.0,2.0,-0.6000000000000001,1.4,1.4,1.4,-1.6,-0.6000000000000001,1.4,-1.6,0.3999999999999999,-1.6,3.6,1.2806248474865698,,,,8.2,,,,7.25,6.75,,,,,0.982835583017643,,,,0.07630301639479713,-0.7890847816433537,,7.3999999999999995,1.4499999999999993,0.0900179392563621,0.982835583017643,1.0,0.0,0.0,0.0,0.0,0.0,0.0,0.0,0.0,0.0,0.0,0.0,0.0,0.0,0.0,1.0,1.0,7510303,5,khaosat,0,1.0
2.0,4.0,3.0,3.0,4.0,4.0,3.0,4.0,2.0,4.0,-1.2999999999999998,0.7000000000000002,-0.2999999999999998,-0.2999999999999998,0.7000000000000002,0.7000000000000002,-0.2999999999999998,0.7000000000000002,-1.2999999999999998,0.7000000000000002,3.3,0.7810249675906654,,,,7.0,,,,7.0,6.0,,,,,-0.4317853466724099,,,,-0.19445965798250175,-1.7072298865046762,,6.666666666666667,1.0,-0.7778249637198625,-0.19445965798250175,1.0,0.0,0.0,0.0,0.0,0.0,0.0,0.0,0.0,0.0,0.0,0.0,0.0,0.0,0.0,1.0,1.0,7480201,0,khaosat,0,1.0
4.0,4.0,3.0,4.0,5.0,4.0,4.0,4.0,3.0,4.0,0.10000000000000009,0.10000000000000009,-0.8999999999999999,0.10000000000000009,1.1,0.10000000000000009,0.10000000000000009,0.10000000000000009,-0.8999999999999999,0.10000000000000009,3.9,0.5385164807134505,,,,8.2,,,,6.5,9.3,,,,,0.982835583017643,,,,-0.7359850067370995,2.332608574885143,,8.0,2.8000000000000007,0.8598197170552289,2.332608574885143,1.0,0.0,0.0,0.0,0.0,0.0,0.0,0.0,0.0,0.0,0.0,0.0,0.0,0.0,0.0,1.0,2.0,7510401,6,khaosat,0,1.0
5.0,2.0,5.0,5.0,5.0,5.0,5.0,5.0,5.0,5.0,0.2999999999999998,-2.7,0.2999999999999998,0.2999999999999998,0.2999999999999998,0.2999999999999998,0.2999999999999998,0.2999999999999998,0.2999999999999998,0.2999999999999998,4.7,0.9,,,,8.0,,,,7.0,8.5,,,,,0.7470654280693014,,,,-0.19445965798250175,1.3532537963663984,,7.833333333333333,1.5,0.6352865221510661,1.3532537963663984,1.0,0.0,0.0,0.0,0.0,0.0,0.0,0.0,0.0,0.0,0.0,0.0,0.0,0.0,0.0,1.0,2.0,7510401,6,khaosat,0,1.0
3.0,5.0,4.0,2.0,3.0,2.0,4.0,5.0,3.0,2.0,-0.2999999999999998,1.7000000000000002,0.7000000000000002,-1.2999999999999998,-0.2999999999999998,-1.2999999999999998,0.7000000000000002,1.7000000000000002,-0.2999999999999998,-1.2999999999999998,3.3,1.1,8.0,,8.0,9.0,,,,,,,0.936090275727828,,0.6045271246276667,1.9259162028110128,,,,,,,8.333333333333334,1.0,1.1555112010555024,1.9259162028110128,0.0,0.0,0.0,0.0,0.0,0.0,0.0,0.0,1.0,0.0,0.0,0.0,0.0,0.0,0.0,0.0,1.0,7510605,3,khaosat,1,1.0
5.0,3.0,5.0,3.0,3.0,4.0,4.0,5.0,3.0,5.0,1.0,-1.0,1.0,-1.0,-1.0,0.0,0.0,1.0,-1.0,1.0,4.0,0.8944271909999159,,,7.4,7.6,,,,7.0,,,,,0.025644009193865447,0.2755251181726165,,,,-0.19445965798250175,,,7.333333333333333,0.5999999999999996,0.035569823127993394,0.2755251181726165,0.0,1.0,0.0,0.0,0.0,0.0,0.0,0.0,0.0,0.0,0.0,0.0,0.0,0.0,0.0,1.0,2.0,7340101,1,khaosat,0,1.0
5.0,1.0,4.0,3.0,5.0,3.0,3.0,5.0,3.0,5.0,1.2999999999999998,-2.7,0.2999999999999998,-0.7000000000000002,1.2999999999999998,-0.7000000000000002,-0.7000000000000002,1.2999999999999998,-0.7000000000000002,1.2999999999999998,3.7,1.2688577540449522,,,,7.5,,,,8.5,8.0,,,,,0.15764004069844578,,,,1.4301163882812915,0.7411570597921835,,8.0,1.0,0.7763044962573069,1.4301163882812915,1.0,0.0,0.0,0.0,0.0,0.0,0.0,0.0,0.0,0.0,0.0,0.0,0.0,0.0,0.0,0.0,3.0,7340122,1,khaosat,0,1.0
5.0,3.0,3.0,4.0,5.0,5.0,5.0,3.0,5.0,4.0,0.7999999999999998,-1.2000000000000002,-1.2000000000000002,-0.20000000000000018,0.7999999999999998,0.7999999999999998,0.7999999999999998,-1.2000000000000002,0.7999999999999998,-0.20000000000000018,4.2,0.8717797887081347,,,6.5,7.8,,,,7.4,,,,,-0.8426806639568372,0.511295273120959,,,,0.23876062102117684,,,7.233333333333334,1.2999999999999998,-0.0308749232715671,0.511295273120959,0.0,1.0,0.0,0.0,0.0,0.0,0.0,0.0,0.0,0.0,0.0,0.0,0.0,0.0,0.0,1.0,1.0,7510301,5,khaosat,0,1.0
1.0,5.0,5.0,4.0,3.0,5.0,3.0,1.0,4.0,4.0,-2.5,1.5,1.5,0.5,-0.5,1.5,-0.5,-2.5,0.5,0.5,3.5,1.4317821063276353,,,,7.5,,,,9.5,9.0,,,,,0.15764004069844578,,,,2.513167085790487,1.9653505329406133,,8.666666666666666,2.0,1.5453858864765155,2.513167085790487,1.0,0.0,0.0,0.0,0.0,0.0,0.0,0.0,0.0,0.0,0.0,0.0,0.0,0.0,0.0,1.0,1.0,7510303,5,khaosat,0,1.0
3.0,3.0,3.0,3.0,5.0,4.0,3.0,5.0,4.0,4.0,-0.7000000000000002,-0.7000000000000002,-0.7000000000000002,-0.7000000000000002,1.2999999999999998,0.2999999999999998,-0.7000000000000002,1.2999999999999998,0.2999999999999998,0.2999999999999998,3.7,0.7810249675906654,,,,8.3,,,,9.2,8.2,,,,,1.1007206604918156,,,,2.1882518765377275,0.9859957544218686,,8.566666666666666,1.0,1.424989430483804,2.1882518765377275,1.0,0.0,0.0,0.0,0.0,0.0,0.0,0.0,0.0,0.0,0.0,0.0,0.0,0.0,0.0,0.0,1.0,7540101,7,khaosat,0,1.0
2.0,5.0,3.0,4.0,3.0,3.0,3.0,3.0,3.0,3.0,-1.2000000000000002,1.7999999999999998,-0.20000000000000018,0.7999999999999998,-0.20000000000000018,-0.20000000000000018,-0.20000000000000018,-0.20000000000000018,-0.20000000000000018,-0.20000000000000018,3.2,0.7483314773547882,,,8.0,8.0,,,,8.0,,,,,0.6045271246276667,0.7470654280693014,,,,0.8885910395266937,,,8.0,0.0,0.7467278640745539,0.8885910395266937,0.0,1.0,0.0,0.0,0.0,0.0,0.0,0.0,0.0,0.0,0.0,0.0,0.0,0.0,0.0,1.0,1.0,7480201,0,khaosat,0,1.0
5.0,3.0,5.0,5.0,5.0,4.0,5.0,5.0,4.0,4.0,0.5,-1.5,0.5,0.5,0.5,-0.5,0.5,0.5,-0.5,-0.5,4.5,0.6708203932499369,9.0,,8.2,8.0,,,,,,,1.8344074434364677,,0.7974881631055998,0.7470654280693014,,,,,,,8.4,1.0,1.1263203448704562,1.8344074434364677,0.0,0.0,0.0,0.0,0.0,0.0,0.0,0.0,1.0,0.0,0.0,0.0,0.0,0.0,0.0,1.0,1.0,7220201,8,khaosat,0,1.0
5.0,5.0,4.0,4.0,3.0,4.0,5.0,5.0,5.0,4.0,0.5999999999999996,0.5999999999999996,-0.40000000000000036,-0.40000000000000036,-1.4000000000000004,-0.40000000000000036,0.5999999999999996,0.5999999999999996,0.5999999999999996,-0.40000000000000036,4.4,0.6633249580710799,,,8.0,7.5,,,,7.0,,,,,0.6045271246276667,0.15764004069844578,,,,-0.19445965798250175,,,7.5,1.0,0.18923583578120354,0.6045271246276667,0.0,1.0,0.0,0.0,0.0,0.0,0.0,0.0,0.0,0.0,0.0,0.0,0.0,0.0,0.0,1.0,3.0,7480202,0,khaosat,0,1.0
4.0,4.0,5.0,2.0,3.0,2.0,4.0,4.0,3.0,4.0,0.5,0.5,1.5,-1.5,-0.5,-1.5,0.5,0.5,-0.5,0.5,3.5,0.9219544457292888,8.0,,9.0,7.0,,,,,,,0.936090275727828,,1.5693323170173359,-0.4317853466724099,,,,,,,8.0,2.0,0.6912124153575846,1.5693323170173359,0.0,0.0,0.0,0.0,0.0,0.0,0.0,0.0,1.0,0.0,0.0,0.0,0.0,0.0,0.0,1.0,2.0,7220201,8,khaosat,0,1.0
4.0,3.0,3.0,3.0,4.0,3.0,4.0,3.0,4.0,3.0,0.6000000000000001,-0.3999999999999999,-0.3999999999999999,-0.3999999999999999,0.6000000000000001,-0.3999999999999999,0.6000000000000001,-0.3999999999999999,0.6000000000000001,-0.3999999999999999,3.4,0.48989794855663565,,,10.0,9.0,,,,9.0,,,,,2.534137509407005,1.9259162028110128,,,,1.9716417370358892,,,9.333333333333334,1.0,2.143898483084636,2.534137509407005,0.0,1.0,0.0,0.0,0.0,0.0,0.0,0.0,0.0,0.0,0.0,0.0,0.0,0.0,0.0,1.0,1.0,7220201,8,khaosat,0,1.0
5.0,3.0,5.0,3.0,5.0,4.0,5.0,5.0,4.0,5.0,0.5999999999999996,-1.4000000000000004,0.5999999999999996,-1.4000000000000004,0.5999999999999996,-0.40000000000000036,0.5999999999999996,0.5999999999999996,-0.40000000000000036,0.5999999999999996,4.4,0.7999999999999999,8.75,9.25,6.0,,,,,,,,1.6098281515093078,2.328327155653722,-1.3250832601516718,,,,,,,,8.0,3.25,0.8710240156704527,2.328327155653722,0.0,0.0,0.0,0.0,0.0,0.0,0.0,0.0,0.0,0.0,0.0,0.0,1.0,0.0,0.0,1.0,4.0,7220201,8,khaosat,0,1.0
5.0,3.0,4.0,4.0,5.0,3.0,5.0,4.0,4.0,4.0,0.9000000000000004,-1.0999999999999996,-0.09999999999999964,-0.09999999999999964,0.9000000000000004,-1.0999999999999996,0.9000000000000004,-0.09999999999999964,-0.09999999999999964,-0.09999999999999964,4.1,0.7,,,6.25,6.75,,,8.0,,,,,,-1.0838819620542546,-0.7264980403578377,,,0.5435590624175314,,,,7.0,1.75,-0.4222736466648536,0.5435590624175314,0.0,0.0,0.0,0.0,0.0,0.0,0.0,0.0,0.0,0.0,1.0,0.0,0.0,0.0,0.0,0.0,1.0,7220201,8,khaosat,0,1.0
5.0,1.0,4.0,4.0,3.0,3.0,5.0,4.0,1.0,5.0,1.5,-2.5,0.5,0.5,-0.5,-0.5,1.5,0.5,-2.5,1.5,3.5,1.4317821063276353,9.25,,7.0,8.9,,,,,,,2.0589867353636278,,-0.3602780677620026,1.8080311253368422,,,,,,,8.383333333333333,2.25,1.1689132643128224,2.0589867353636278,0.0,0.0,0.0,0.0,0.0,0.0,0.0,0.0,1.0,0.0,0.0,0.0,0.0,0.0,0.0,1.0,3.0,7220201,8,khaosat,0,1.0
3.0,2.0,2.0,4.0,4.0,5.0,3.0,2.0,3.0,2.0,0.0,-1.0,-1.0,1.0,1.0,2.0,0.0,-1.0,0.0,-1.0,3.0,1.0,,,6.0,7.25,,,,,6.75,,,,-1.3250832601516718,-0.13707265298698207,,,,,-0.7890847816433537,,6.666666666666667,1.25,-0.7504135649273359,-0.13707265298698207,0.0,0.0,0.0,0.0,0.0,0.0,0.0,0.0,0.0,1.0,0.0,0.0,0.0,0.0,0.0,1.0,1.0,7510401,6,khaosat,0,1.0
3.0,4.0,3.0,4.0,4.0,1.0,1.0,2.0,3.0,2.0,0.2999999999999998,1.2999999999999998,0.2999999999999998,1.2999999999999998,1.2999999999999998,-1.7000000000000002,-1.7000000000000002,-0.7000000000000002,0.2999999999999998,-0.7000000000000002,2.7,1.1,,,6.75,6.25,,,,6.25,,,,,-0.6014793658594199,-1.3159234277286935,,,,-1.0067476811143983,,,6.416666666666667,0.5,-0.9747168249008373,-0.6014793658594199,0.0,1.0,0.0,0.0,0.0,0.0,0.0,0.0,0.0,0.0,0.0,0.0,0.0,0.0,0.0,1.0,1.0,7460108,0,khaosat,0,1.0
5.0,1.0,5.0,4.0,3.0,2.0,2.0,2.0,2.0,2.0,2.2,-1.7999999999999998,2.2,1.2000000000000002,0.20000000000000018,-0.7999999999999998,-0.7999999999999998,-0.7999999999999998,-0.7999999999999998,-0.7999999999999998,2.8,1.32664991614216,,,,6.25,,,,8.75,7.5,,,,,-1.3159234277286935,,,,1.7008790626585903,0.12906032321796862,,7.5,2.5,0.17133865271595514,1.7008790626585903,1.0,0.0,0.0,0.0,0.0,0.0,0.0,0.0,0.0,0.0,0.0,0.0,0.0,0.0,0.0,0.0,1.0,7340201,2,khaosat,0,1.0
2.0,3.0,3.0,3.0,4.0,3.0,4.0,2.0,2.0,1.0,-0.7000000000000002,0.2999999999999998,0.2999999999999998,0.2999999999999998,1.2999999999999998,0.2999999999999998,1.2999999999999998,-0.7000000000000002,-0.7000000000000002,-1.7000000000000002,2.7,0.9,,,,5.0,,,,7.75,8.5,,,,,-2.789486896155833,,,,0.6178283651493949,1.3532537963663984,,7.083333333333333,3.5,-0.27280157821334644,1.3532537963663984,1.0,0.0,0.0,0.0,0.0,0.0,0.0,0.0,0.0,0.0,0.0,0.0,0.0,0.0,0.0,0.0,1.0,7850101,7,khaosat,0,1.0
3.0,2.0,2.0,3.0,4.0,4.0,2.0,2.0,3.0,2.0,0.2999999999999998,-0.7000000000000002,-0.7000000000000002,0.2999999999999998,1.2999999999999998,1.2999999999999998,-0.7000000000000002,-0.7000000000000002,0.2999999999999998,-0.7000000000000002,2.7,0.7810249675906654,,,,7.25,,,,5.5,9.0,,,,,-0.13707265298698207,,,,-1.819035704246295,1.9653505329406133,,7.25,3.5,0.0030807252357787362,1.9653505329406133,1.0,0.0,0.0,0.0,0.0,0.0,0.0,0.0,0.0,0.0,0.0,0.0,0.0,0.0,0.0,0.0,1.0,7510401,6,khaosat,0,1.0
3.0,3.0,2.0,4.0,5.0,5.0,3.0,5.0,2.0,1.0,-0.2999999999999998,-0.2999999999999998,-1.2999999999999998,0.7000000000000002,1.7000000000000002,1.7000000000000002,-0.2999999999999998,1.7000000000000002,-1.2999999999999998,-2.3,3.3,1.3453624047073711,7.25,6.5,,,,,5.5,,,,0.26235239994634824,0.19402726297114287,,,,,-2.0693638340957814,,,,6.416666666666667,1.75,-0.5376613903927634,0.26235239994634824,0.0,0.0,0.0,0.0,1.0,0.0,0.0,0.0,0.0,0.0,0.0,0.0,0.0,0.0,0.0,1.0,1.0,7819010,4,khaosat,0,1.0
3.0,1.0,3.0,4.0,3.0,2.0,2.0,2.0,3.0,1.0,0.6000000000000001,-1.4,0.6000000000000001,1.6,0.6000000000000001,-0.3999999999999999,-0.3999999999999999,-0.3999999999999999,0.6000000000000001,-1.4,2.4,0.9165151389911681,,,6.75,8.0,,,,7.0,,,,,-0.6014793658594199,0.7470654280693014,,,,-0.19445965798250175,,,7.25,1.25,-0.016291198590873395,0.7470654280693014,0.0,1.0,0.0,0.0,0.0,0.0,0.0,0.0,0.0,0.0,0.0,0.0,0.0,0.0,0.0,1.0,3.0,7510303,5,khaosat,0,1.0
5.0,1.0,2.0,3.0,3.0,2.0,1.0,5.0,2.0,2.0,2.4,-1.6,-0.6000000000000001,0.3999999999999999,0.3999999999999999,-0.6000000000000001,-1.6,2.4,-0.6000000000000001,-0.6000000000000001,2.6,1.3564659966250536,6.5,,9.25,8.25,,,,,,,-0.4113854758351315,,1.810533615114753,1.0417781217547293,,,,,,,8.0,2.75,0.8136420870114502,1.810533615114753,0.0,0.0,0.0,0.0,0.0,0.0,0.0,0.0,1.0,0.0,0.0,0.0,0.0,0.0,0.0,1.0,1.0,7810201,4,khaosat,0,1.0
4.0,2.0,3.0,2.0,2.0,2.0,2.0,5.0,2.0,3.0,1.2999999999999998,-0.7000000000000002,0.2999999999999998,-0.7000000000000002,-0.7000000000000002,-0.7000000000000002,-0.7000000000000002,2.3,-0.7000000000000002,0.2999999999999998,2.7,1.004987562112089,8.75,5.75,,,,,5.75,,,,1.6098281515093078,-0.3880545259422878,,,,,-1.80807154444445,,,,6.75,3.0,-0.19543263962581,1.6098281515093078,0.0,0.0,0.0,0.0,1.0,0.0,0.0,0.0,0.0,0.0,0.0,0.0,0.0,0.0,0.0,0.0,1.0,7810103,4,khaosat,0,1.0
2.0,4.0,4.0,5.0,5.0,1.0,2.0,1.0,3.0,1.0,-0.7999999999999998,1.2000000000000002,1.2000000000000002,2.2,2.2,-1.7999999999999998,-0.7999999999999998,-1.7999999999999998,0.20000000000000018,-1.7999999999999998,2.8,1.5362291495737217,,,6.75,6.5,,5.5,,,,,,,-0.6014793658594199,-1.0212107340432657,,-1.6250230031496629,,,,,6.25,1.25,-1.0825710343507828,-0.6014793658594199,0.0,0.0,0.0,0.0,0.0,0.0,0.0,0.0,0.0,0.0,0.0,0.0,0.0,0.0,1.0,0.0,1.0,7480107,0,khaosat,1,1.0
4.0,2.0,4.0,3.0,2.0,2.0,2.0,2.0,4.0,3.0,1.2000000000000002,-0.7999999999999998,1.2000000000000002,0.20000000000000018,-0.7999999999999998,-0.7999999999999998,-0.7999999999999998,-0.7999999999999998,1.2000000000000002,0.20000000000000018,2.8,0.8717797887081347,7.75,,8.5,6.5,,,,,,,0.7115109838006681,,1.0869297208225013,-1.0212107340432657,,,,,,,7.583333333333333,2.0,0.2590766568599679,1.0869297208225013,0.0,0.0,0.0,0.0,0.0,0.0,0.0,0.0,1.0,0.0,0.0,0.0,0.0,0.0,0.0,0.0,1.0,7340122,1,khaosat,0,1.0
4.0,2.0,3.0,5.0,3.0,1.0,2.0,2.0,4.0,2.0,1.2000000000000002,-0.7999999999999998,0.20000000000000018,2.2,0.20000000000000018,-1.7999999999999998,-0.7999999999999998,-0.7999999999999998,1.2000000000000002,-0.7999999999999998,2.8,1.1661903789690602,,,5.25,5.0,,,,,7.5,,,,-2.0486871544439236,-2.789486896155833,,,,,0.12906032321796862,,5.916666666666667,2.5,-1.569704575793929,0.12906032321796862,0.0,0.0,0.0,0.0,0.0,0.0,0.0,0.0,0.0,1.0,0.0,0.0,0.0,0.0,0.0,0.0,1.0,7510601,3,khaosat,1,1.0
5.0,1.0,4.0,3.0,3.0,2.0,2.0,1.0,2.0,3.0,2.4,-1.6,1.4,0.3999999999999999,0.3999999999999999,-0.6000000000000001,-0.6000000000000001,-1.6,-0.6000000000000001,0.3999999999999999,2.6,1.2,,,9.0,5.5,,,,,5.25,,,,1.5693323170173359,-2.200061508784977,,,,,-2.6253749913659985,,6.583333333333333,3.75,-1.0853680610445464,1.5693323170173359,0.0,0.0,0.0,0.0,0.0,0.0,0.0,0.0,0.0,1.0,0.0,0.0,0.0,0.0,0.0,0.0,3.0,7340301,2,khaosat,0,1.0
2.0,2.0,2.0,5.0,5.0,5.0,2.0,3.0,2.0,2.0,-1.0,-1.0,-1.0,2.0,2.0,2.0,-1.0,0.0,-1.0,-1.0,3.0,1.3416407864998738,,,7.5,5.0,,,,,6.25,,,,0.12212452843283203,-2.789486896155833,,,,,-1.4011815182175686,,6.25,2.5,-1.356181295313523,0.12212452843283203,0.0,0.0,0.0,0.0,0.0,0.0,0.0,0.0,0.0,1.0,0.0,0.0,0.0,0.0,0.0,1.0,3.0,7420201,7,khaosat,0,1.0
4.0,3.0,2.0,5.0,5.0,1.0,1.0,1.0,5.0,1.0,1.2000000000000002,0.20000000000000018,-0.7999999999999998,2.2,2.2,-1.7999999999999998,-1.7999999999999998,-1.7999999999999998,2.2,-1.7999999999999998,2.8,1.7204650534085253,9.0,,,5.25,8.75,,,,,,1.8344074434364677,,,-2.494774202470405,1.235133859809331,,,,,,7.666666666666667,3.75,0.19158903359179794,1.8344074434364677,0.0,0.0,0.0,0.0,0.0,0.0,0.0,0.0,0.0,0.0,0.0,0.0,0.0,1.0,0.0,0.0,1.0,7380101,8,khaosat,1,1.0
5.0,2.0,5.0,3.0,3.0,1.0,2.0,1.0,4.0,2.0,2.2,-0.7999999999999998,2.2,0.20000000000000018,0.20000000000000018,-1.7999999999999998,-0.7999999999999998,-1.7999999999999998,1.2000000000000002,-0.7999999999999998,2.8,1.4000000000000001,8.25,,8.25,6.75,,,,,,,1.160669567654988,,0.845728422725084,-0.7264980403578377,,,,,,,7.75,1.5,0.42663331667407806,1.160669567654988,0.0,0.0,0.0,0.0,0.0,0.0,0.0,0.0,1.0,0.0,0.0,0.0,0.0,0.0,0.0,0.0,1.0,7510601,3,khaosat,1,1.0
3.0,3.0,2.0,5.0,3.0,5.0,2.0,4.0,3.0,1.0,-0.10000000000000009,-0.10000000000000009,-1.1,1.9,-0.10000000000000009,1.9,-1.1,0.8999999999999999,-0.10000000000000009,-2.1,3.1,1.2206555615733703,,,,6.75,,,,5.5,8.0,,,,,-0.7264980403578377,,,,-1.819035704246295,0.7411570597921835,,6.75,2.5,-0.6014588949373164,0.7411570597921835,1.0,0.0,0.0,0.0,0.0,0.0,0.0,0.0,0.0,0.0,0.0,0.0,0.0,0.0,0.0,0.0,1.0,7819010,4,khaosat,0,1.0
4.0,1.0,3.0,2.0,3.0,1.0,2.0,5.0,2.0,2.0,1.5,-1.5,0.5,-0.5,0.5,-1.5,-0.5,2.5,-0.5,-0.5,2.5,1.2041594578792296,,,,7.5,,,,5.0,9.5,,,,,0.15764004069844578,,,,-2.3605610530008927,2.577447269514828,,7.333333333333333,4.5,0.12484208573746036,2.577447269514828,1.0,0.0,0.0,0.0,0.0,0.0,0.0,0.0,0.0,0.0,0.0,0.0,0.0,0.0,0.0,1.0,1.0,7810103,4,khaosat,0,1.0
5.0,3.0,4.0,2.0,5.0,2.0,1.0,2.0,2.0,3.0,2.1,0.10000000000000009,1.1,-0.8999999999999999,2.1,-0.8999999999999999,-1.9,-0.8999999999999999,-0.8999999999999999,0.10000000000000009,2.9,1.3,5.75,,7.25,,,,5.25,,,,-1.0851233516166114,,-0.11907676966458527,,,,-2.3306561237471124,,,,6.083333333333333,2.0,-1.1782854150094364,-0.11907676966458527,0.0,0.0,0.0,0.0,0.0,0.0,0.0,0.0,0.0,0.0,0.0,1.0,0.0,0.0,0.0,1.0,3.0,7220201,8,khaosat,0,1.0
3.0,4.0,4.0,5.0,5.0,1.0,2.0,2.0,3.0,1.0,0.0,1.0,1.0,2.0,2.0,-2.0,-1.0,-1.0,0.0,-2.0,3.0,1.4142135623730951,,,7.75,5.25,,,,6.25,,,,,0.3633258265302493,-2.494774202470405,,,,-1.0067476811143983,,,6.416666666666667,2.5,-1.046065352351518,0.3633258265302493,0.0,1.0,0.0,0.0,0.0,0.0,0.0,0.0,0.0,0.0,0.0,0.0,0.0,0.0,0.0,0.0,1.0,7510203,5,khaosat,0,1.0
3.0,3.0,1.0,1.0,2.0,1.0,2.0,2.0,2.0,1.0,1.2,1.2,-0.8,-0.8,0.19999999999999996,-0.8,0.19999999999999996,0.19999999999999996,0.19999999999999996,-0.8,1.8,0.7483314773547882,,,,8.0,,,,6.25,8.0,,,,,0.7470654280693014,,,,-1.0067476811143983,0.7411570597921835,,7.416666666666667,1.75,0.1604916022490289,0.7470654280693014,1.0,0.0,0.0,0.0,0.0,0.0,0.0,0.0,0.0,0.0,0.0,0.0,0.0,0.0,0.0,1.0,1.0,7480201,0,khaosat,0,1.0
5.0,3.0,4.0,3.0,4.0,3.0,4.0,5.0,4.0,5.0,1.0,-1.0,0.0,-1.0,0.0,-1.0,0.0,1.0,0.0,1.0,4.0,0.7745966692414834,8.0,,7.8,7.6,,,,,,,0.936090275727828,,0.4115660861497326,0.2755251181726165,,,,,,,7.8,0.40000000000000036,0.541060493350059,0.936090275727828,0.0,0.0,0.0,0.0,0.0,0.0,0.0,0.0,1.0,0.0,0.0,0.0,0.0,0.0,0.0,0.0,1.0,7340115,1,khaosat,0,1.0
5.0,1.0,4.0,3.0,5.0,3.0,5.0,5.0,3.0,3.0,1.2999999999999998,-2.7,0.2999999999999998,-0.7000000000000002,1.2999999999999998,-0.7000000000000002,1.2999999999999998,1.2999999999999998,-0.7000000000000002,-0.7000000000000002,3.7,1.2688577540449522,,,,8.3,,,,8.5,8.0,,,,,1.1007206604918156,,,,1.4301163882812915,0.7411570597921835,,8.266666666666667,0.5,1.0906647028550969,1.4301163882812915,1.0,0.0,0.0,0.0,0.0,0.0,0.0,0.0,0.0,0.0,0.0,0.0,0.0,0.0,0.0,0.0,4.0,7340115,1,khaosat,0,1.0
3.0,2.0,4.0,3.0,3.0,4.0,3.0,3.0,4.0,3.0,-0.20000000000000018,-1.2000000000000002,0.7999999999999998,-0.20000000000000018,-0.20000000000000018,0.7999999999999998,-0.20000000000000018,-0.20000000000000018,0.7999999999999998,-0.20000000000000018,3.2,0.6,,,7.75,8.0,,,,,8.25,,,,0.3633258265302493,0.7470654280693014,,,,,1.047205428079291,,8.0,0.5,0.7191988942262806,1.047205428079291,0.0,0.0,0.0,0.0,0.0,0.0,0.0,0.0,0.0,1.0,0.0,0.0,0.0,0.0,0.0,0.0,1.0,7510605,3,khaosat,1,1.0
3.0,4.0,4.0,3.0,5.0,4.0,5.0,5.0,5.0,4.0,-1.2000000000000002,-0.20000000000000018,-0.20000000000000018,-1.2000000000000002,0.7999999999999998,-0.20000000000000018,0.7999999999999998,0.7999999999999998,0.7999999999999998,-0.20000000000000018,4.2,0.7483314773547882,,,8.0,8.4,,,,8.0,,,,,0.6045271246276667,1.2186057379659865,,,,0.8885910395266937,,,8.133333333333333,0.40000000000000036,0.903907967373449,1.2186057379659865,0.0,1.0,0.0,0.0,0.0,0.0,0.0,0.0,0.0,0.0,0.0,0.0,0.0,0.0,0.0,1.0,1.0,7480201,0,khaosat,0,1.0
5.0,2.0,5.0,5.0,3.0,2.0,2.0,1.0,2.0,2.0,2.1,-0.8999999999999999,2.1,2.1,0.10000000000000009,-0.8999999999999999,-0.8999999999999999,-1.9,-0.8999999999999999,-0.8999999999999999,2.9,1.445683229480096,,,5.25,6.25,,,,,6.25,,,,-2.0486871544439236,-1.3159234277286935,,,,,-1.4011815182175686,,5.916666666666667,1.0,-1.5885973667967288,-1.3159234277286935,0.0,0.0,0.0,0.0,0.0,0.0,0.0,0.0,0.0,1.0,0.0,0.0,0.0,0.0,0.0,0.0,1.0,7340205,2,khaosat,0,1.0
2.0,2.0,2.0,5.0,3.0,5.0,3.0,5.0,2.0,2.0,-1.1,-1.1,-1.1,1.9,-0.10000000000000009,1.9,-0.10000000000000009,1.9,-1.1,-1.1,3.1,1.3,,,9.25,9.5,,,,,5.0,,,,1.810533615114753,2.5153415901818685,,,,,-2.931423359653106,,7.916666666666667,4.5,0.4648172818811718,2.5153415901818685,0.0,0.0,0.0,0.0,0.0,0.0,0.0,0.0,0.0,1.0,0.0,0.0,0.0,0.0,0.0,1.0,1.0,7819009,4,khaosat,0,1.0
5.0,1.0,3.0,2.0,3.0,2.0,2.0,3.0,3.0,3.0,2.3,-1.7000000000000002,0.2999999999999998,-0.7000000000000002,0.2999999999999998,-0.7000000000000002,-0.7000000000000002,0.2999999999999998,0.2999999999999998,0.2999999999999998,2.7,1.004987562112089,9.0,,7.25,9.5,,,,,,,1.8344074434364677,,-0.11907676966458527,2.5153415901818685,,,,,,,8.583333333333334,2.25,1.4102240879845835,2.5153415901818685,0.0,0.0,0.0,0.0,0.0,0.0,0.0,0.0,1.0,0.0,0.0,0.0,0.0,0.0,0.0,1.0,1.0,7810101,4,khaosat,1,1.0
1.0,4.0,3.0,5.0,3.0,2.0,2.0,2.0,1.0,1.0,-1.4,1.6,0.6000000000000001,2.6,0.6000000000000001,-0.3999999999999999,-0.3999999999999999,-0.3999999999999999,-1.4,-1.4,2.4,1.2806248474865698,,,6.5,9.5,,,,,8.0,,,,-0.8426806639568372,2.5153415901818685,,,,,0.7411570597921835,,8.0,3.0,0.8046059953390716,2.5153415901818685,0.0,0.0,0.0,0.0,0.0,0.0,0.0,0.0,0.0,1.0,0.0,0.0,0.0,0.0,0.0,0.0,3.0,7510303,5,khaosat,0,1.0
4.0,2.0,3.0,5.0,2.0,1.0,1.0,2.0,4.0,2.0,1.4,-0.6000000000000001,0.3999999999999999,2.4,-0.6000000000000001,-1.6,-1.6,-0.6000000000000001,1.4,-0.6000000000000001,2.6,1.2806248474865698,,,,5.25,,,,7.75,7.25,,,,,-2.494774202470405,,,,0.6178283651493949,-0.17698804506913884,,6.75,2.5,-0.684644627463383,0.6178283651493949,1.0,0.0,0.0,0.0,0.0,0.0,0.0,0.0,0.0,0.0,0.0,0.0,0.0,0.0,0.0,1.0,1.0,7340205,2,khaosat,0,1.0
1.0,4.0,3.0,5.0,5.0,2.0,2.0,2.0,2.0,2.0,-1.7999999999999998,1.2000000000000002,0.20000000000000018,2.2,2.2,-0.7999999999999998,-0.7999999999999998,-0.7999999999999998,-0.7999999999999998,-0.7999999999999998,2.8,1.32664991614216,,,,8.75,,,,5.75,8.25,,,,,1.631203509125585,,,,-1.5482730298689962,1.047205428079291,,7.583333333333333,3.0,0.37671196911196,1.631203509125585,1.0,0.0,0.0,0.0,0.0,0.0,0.0,0.0,0.0,0.0,0.0,0.0,0.0,0.0,0.0,1.0,1.0,7510301,5,khaosat,0,1.0
4.0,2.0,4.0,4.0,3.0,1.0,1.0,1.0,3.0,2.0,1.5,-0.5,1.5,1.5,0.5,-1.5,-1.5,-1.5,0.5,-0.5,2.5,1.2041594578792296,,,5.0,7.75,,,,,7.0,,,,-2.289888452541341,0.45235273438387363,,,,,-0.4830364133562463,,6.583333333333333,2.75,-0.7735240438379046,0.45235273438387363,0.0,0.0,0.0,0.0,0.0,0.0,0.0,0.0,0.0,1.0,0.0,0.0,0.0,0.0,0.0,0.0,1.0,7460108,0,khaosat,0,1.0
3.0,1.0,4.0,5.0,4.0,1.0,2.0,1.0,1.0,2.0,0.6000000000000001,-1.4,1.6,2.6,1.6,-1.4,-0.3999999999999999,-1.4,-1.4,-0.3999999999999999,2.4,1.42828568570857,,,,7.25,,,,6.75,7.25,,,,,-0.13707265298698207,,,,-0.4652223323598006,-0.17698804506913884,,7.083333333333333,0.5,-0.2597610101386405,-0.13707265298698207,1.0,0.0,0.0,0.0,0.0,0.0,0.0,0.0,0.0,0.0,0.0,0.0,0.0,0.0,0.0,1.0,1.0,7510203,5,khaosat,0,1.0
5.0,2.0,4.0,3.0,3.0,2.0,1.0,2.0,4.0,2.0,2.2,-0.7999999999999998,1.2000000000000002,0.20000000000000018,0.20000000000000018,-0.7999999999999998,-1.7999999999999998,-0.7999999999999998,1.2000000000000002,-0.7999999999999998,2.8,1.1661903789690602,,,,9.5,,,,8.5,6.75,,,,,2.5153415901818685,,,,1.4301163882812915,-0.7890847816433537,,8.25,2.75,1.0521243989399354,2.5153415901818685,1.0,0.0,0.0,0.0,0.0,0.0,0.0,0.0,0.0,0.0,0.0,0.0,0.0,0.0,0.0,1.0,1.0,7340205,2,khaosat,0,1.0
3.0,2.0,2.0,5.0,4.0,3.0,2.0,4.0,3.0,2.0,0.0,-1.0,-1.0,2.0,1.0,0.0,-1.0,1.0,0.0,-1.0,3.0,1.0,,,9.5,5.25,,,,8.5,,,,,2.0517349132121705,-2.494774202470405,,,,1.4301163882812915,,,7.75,4.25,0.32902569967435236,2.0517349132121705,0.0,1.0,0.0,0.0,0.0,0.0,0.0,0.0,0.0,0.0,0.0,0.0,0.0,0.0,0.0,1.0,3.0,7340129,7,khaosat,0,1.0
3.0,3.0,4.0,3.0,4.0,2.0,4.0,4.0,4.0,3.0,-0.3999999999999999,-0.3999999999999999,0.6000000000000001,-0.3999999999999999,0.6000000000000001,-1.4,0.6000000000000001,0.6000000000000001,0.6000000000000001,-0.3999999999999999,3.4,0.66332495807108,7.75,,7.4,7.0,,,,,,,0.7115109838006681,,0.025644009193865447,-0.4317853466724099,,,,,,,7.383333333333333,0.75,0.10178988210737455,0.7115109838006681,0.0,0.0,0.0,0.0,0.0,0.0,0.0,0.0,1.0,0.0,0.0,0.0,0.0,0.0,0.0,1.0,1.0,7480201,0,khaosat,0,1.0
3.0,3.0,3.0,5.0,5.0,3.0,1.0,5.0,5.0,4.0,-0.7000000000000002,-0.7000000000000002,-0.7000000000000002,1.2999999999999998,1.2999999999999998,-0.7000000000000002,-2.7,1.2999999999999998,1.2999999999999998,0.2999999999999998,3.7,1.268857754044952,,,9.2,8.0,,,,,9.7,,,,1.762293355495269,0.7470654280693014,,,,,2.8222859641445135,,8.966666666666667,1.6999999999999993,1.777214915903028,2.8222859641445135,0.0,0.0,0.0,0.0,0.0,0.0,0.0,0.0,0.0,1.0,0.0,0.0,0.0,0.0,0.0,0.0,3.0,7819010,4,khaosat,0,1.0
3.0,3.0,3.0,3.0,4.0,4.0,4.0,4.0,4.0,4.0,-0.6000000000000001,-0.6000000000000001,-0.6000000000000001,-0.6000000000000001,0.3999999999999999,0.3999999999999999,0.3999999999999999,0.3999999999999999,0.3999999999999999,0.3999999999999999,3.6,0.48989794855663565,,,,8.0,,,,8.0,6.0,,,,,0.7470654280693014,,,,0.8885910395266937,-1.7072298865046762,,7.333333333333333,2.0,-0.023857806302893653,0.8885910395266937,1.0,0.0,0.0,0.0,0.0,0.0,0.0,0.0,0.0,0.0,0.0,0.0,0.0,0.0,0.0,0.0,1.0,7540106,7,khaosat,0,1.0
3.0,3.0,3.0,4.0,4.0,5.0,2.0,5.0,3.0,1.0,-0.2999999999999998,-0.2999999999999998,-0.2999999999999998,0.7000000000000002,0.7000000000000002,1.7000000000000002,-1.2999999999999998,1.7000000000000002,-0.2999999999999998,-2.3,3.3,1.1874342087037917,,,6.0,7.5,,,,7.0,,,,,-1.3250832601516718,0.15764004069844578,,,,-0.19445965798250175,,,6.833333333333333,1.5,-0.45396762581190925,0.15764004069844578,0.0,1.0,0.0,0.0,0.0,0.0,0.0,0.0,0.0,0.0,0.0,0.0,0.0,0.0,0.0,1.0,4.0,7510303,5,khaosat,0,1.0
2.0,4.0,3.0,4.0,3.0,5.0,4.0,5.0,3.0,4.0,-1.7000000000000002,0.2999999999999998,-0.7000000000000002,0.2999999999999998,-0.7000000000000002,1.2999999999999998,0.2999999999999998,1.2999999999999998,-0.7000000000000002,0.2999999999999998,3.7,0.9,,,,7.4,,,,,8.5,8.0,,,,0.03975496322427506,,,,,1.3532537963663984,1.021458749332555,7.966666666666666,1.0999999999999996,0.8048225029744095,1.3532537963663984,0.0,0.0,1.0,0.0,0.0,0.0,0.0,0.0,0.0,0.0,0.0,0.0,0.0,0.0,0.0,0.0,2.0,7540101,7,khaosat,0,1.0
2.0,5.0,3.0,3.0,3.0,3.0,3.0,3.0,3.0,3.0,-1.1,1.9,-0.10000000000000009,-0.10000000000000009,-0.10000000000000009,-0.10000000000000009,-0.10000000000000009,-0.10000000000000009,-0.10000000000000009,-0.10000000000000009,3.1,0.7,,,,8.0,,,,8.0,8.0,,,,,0.7470654280693014,,,,0.8885910395266937,0.7411570597921835,,8.0,0.0,0.7922711757960595,0.8885910395266937,1.0,0.0,0.0,0.0,0.0,0.0,0.0,0.0,0.0,0.0,0.0,0.0,0.0,0.0,0.0,0.0,1.0,7480201,0,khaosat,0,1.0
2.0,5.0,4.0,5.0,4.0,4.0,4.0,5.0,5.0,5.0,-2.3,0.7000000000000002,-0.2999999999999998,0.7000000000000002,-0.2999999999999998,-0.2999999999999998,-0.2999999999999998,0.7000000000000002,0.7000000000000002,0.7000000000000002,4.3,0.9,,,,6.0,,,,6.0,6.0,,,,,-1.6106361214141214,,,,-1.2775103554916973,-1.7072298865046762,,6.0,0.0,-1.5317921211368315,-1.2775103554916973,1.0,0.0,0.0,0.0,0.0,0.0,0.0,0.0,0.0,0.0,0.0,0.0,0.0,0.0,0.0,1.0,1.0,7520115,6,khaosat,0,1.0
3.0,3.0,4.0,3.0,4.0,2.0,4.0,4.0,4.0,4.0,-0.5,-0.5,0.5,-0.5,0.5,-1.5,0.5,0.5,0.5,0.5,3.5,0.6708203932499369,8.0,,8.3,7.5,,,,,,,0.936090275727828,,0.893968682344568,0.15764004069844578,,,,,,,7.933333333333334,0.8000000000000007,0.6625663329236139,0.936090275727828,0.0,0.0,0.0,0.0,0.0,0.0,0.0,0.0,1.0,0.0,0.0,0.0,0.0,0.0,0.0,0.0,3.0,7340301,2,khaosat,0,1.0
3.0,4.0,3.0,3.0,3.0,2.0,2.0,1.0,3.0,4.0,0.20000000000000018,1.2000000000000002,0.20000000000000018,0.20000000000000018,0.20000000000000018,-0.7999999999999998,-0.7999999999999998,-1.7999999999999998,0.20000000000000018,1.2000000000000002,2.8,0.8717797887081347,,,6.25,6.5,,,,8.3,,,,,-1.0838819620542546,-1.0212107340432657,,,,1.2135062487794532,,,7.016666666666667,2.0500000000000007,-0.2971954824393556,1.2135062487794532,0.0,1.0,0.0,0.0,0.0,0.0,0.0,0.0,0.0,0.0,0.0,0.0,0.0,0.0,0.0,0.0,1.0,7340201,2,khaosat,0,1.0
3.0,4.0,5.0,3.0,4.0,5.0,3.0,3.0,1.0,4.0,-0.5,0.5,1.5,-0.5,0.5,1.5,-0.5,-0.5,-2.5,0.5,3.5,1.118033988749895,,,,6.0,,,,5.0,6.0,,,,,-1.6106361214141214,,,,-2.3605610530008927,-1.7072298865046762,,5.666666666666667,1.0,-1.8928090203065633,-1.6106361214141214,1.0,0.0,0.0,0.0,0.0,0.0,0.0,0.0,0.0,0.0,0.0,0.0,0.0,0.0,0.0,1.0,3.0,7520115,6,khaosat,0,1.0
3.0,2.0,4.0,5.0,3.0,3.0,3.0,5.0,4.0,4.0,-0.6000000000000001,-1.6,0.3999999999999999,1.4,-0.6000000000000001,-0.6000000000000001,-0.6000000000000001,1.4,0.3999999999999999,0.3999999999999999,3.6,0.9165151389911681,,,,6.35,,,,7.25,7.75,,,,,-1.1980383502545227,,,,0.07630301639479713,0.4351086915050761,,7.116666666666667,1.4000000000000004,-0.2288755474515498,0.4351086915050761,1.0,0.0,0.0,0.0,0.0,0.0,0.0,0.0,0.0,0.0,0.0,0.0,0.0,0.0,0.0,0.0,1.0,7340201,2,khaosat,0,1.0
1.0,1.0,3.0,5.0,4.0,4.0,4.0,2.0,2.0,3.0,-1.9,-1.9,0.10000000000000009,2.1,1.1,1.1,1.1,-0.8999999999999999,-0.8999999999999999,0.10000000000000009,2.9,1.3,6.0,,7.5,8.5,,,,,,,-0.8605440596894514,,0.12212452843283203,1.3364908154401571,,,,,,,7.333333333333333,2.5,0.19935709472784593,1.3364908154401571,0.0,0.0,0.0,0.0,0.0,0.0,0.0,0.0,1.0,0.0,0.0,0.0,0.0,0.0,0.0,1.0,1.0,7340205,2,khaosat,0,1.0
2.0,4.0,3.0,3.0,2.0,1.0,2.0,3.0,2.0,3.0,-0.5,1.5,0.5,0.5,-0.5,-1.5,-0.5,0.5,-0.5,0.5,2.5,0.806225774829855,,,,8.0,,,,8.0,6.0,,,,,0.7470654280693014,,,,0.8885910395266937,-1.7072298865046762,,7.333333333333333,2.0,-0.023857806302893653,0.8885910395266937,1.0,0.0,0.0,0.0,0.0,0.0,0.0,0.0,0.0,0.0,0.0,0.0,0.0,0.0,0.0,1.0,3.0,7480201,0,khaosat,0,1.0
1.0,1.0,3.0,4.0,5.0,3.0,3.0,3.0,2.0,3.0,-1.7999999999999998,-1.7999999999999998,0.20000000000000018,1.2000000000000002,2.2,0.20000000000000018,0.20000000000000018,0.20000000000000018,-0.7999999999999998,0.20000000000000018,2.8,1.1661903789690602,,,,7.0,,,,5.0,8.0,,,,,-0.4317853466724099,,,,-2.3605610530008927,0.7411570597921835,,6.666666666666667,3.0,-0.6837297799603731,0.7411570597921835,1.0,0.0,0.0,0.0,0.0,0.0,0.0,0.0,0.0,0.0,0.0,0.0,0.0,0.0,0.0,1.0,1.0,7520115,6,khaosat,0,1.0
4.0,4.0,4.0,4.0,3.0,4.0,5.0,5.0,4.0,5.0,-0.20000000000000018,-0.20000000000000018,-0.20000000000000018,-0.20000000000000018,-1.2000000000000002,-0.20000000000000018,0.7999999999999998,0.7999999999999998,-0.20000000000000018,0.7999999999999998,4.2,0.6,,,7.8,8.0,,,,8.0,,,,,0.4115660861497326,0.7470654280693014,,,,0.8885910395266937,,,7.933333333333334,0.20000000000000018,0.6824075179152426,0.8885910395266937,0.0,1.0,0.0,0.0,0.0,0.0,0.0,0.0,0.0,0.0,0.0,0.0,0.0,0.0,0.0,1.0,1.0,7480201,0,khaosat,0,1.0
3.0,3.0,2.0,3.0,3.0,3.0,3.0,3.0,3.0,3.0,0.10000000000000009,0.10000000000000009,-0.8999999999999999,0.10000000000000009,0.10000000000000009,0.10000000000000009,0.10000000000000009,0.10000000000000009,0.10000000000000009,0.10000000000000009,2.9,0.3,6.0,,6.0,8.0,,,,,,,-0.8605440596894514,,-1.3250832601516718,0.7470654280693014,,,,,,,6.666666666666667,2.0,-0.47952063059060723,0.7470654280693014,0.0,0.0,0.0,0.0,0.0,0.0,0.0,0.0,1.0,0.0,0.0,0.0,0.0,0.0,0.0,1.0,1.0,7480201,0,khaosat,0,1.0
3.0,3.0,4.0,4.0,1.0,3.0,1.0,1.0,3.0,3.0,0.3999999999999999,0.3999999999999999,1.4,1.4,-1.6,0.3999999999999999,-1.6,-1.6,0.3999999999999999,0.3999999999999999,2.6,1.1135528725660044,,,,7.0,,,,7.0,8.0,,,,,-0.4317853466724099,,,,-0.19445965798250175,0.7411570597921835,,7.333333333333333,1.0,0.03830401837909059,0.7411570597921835,1.0,0.0,0.0,0.0,0.0,0.0,0.0,0.0,0.0,0.0,0.0,0.0,0.0,0.0,0.0,0.0,1.0,7340205,2,khaosat,0,1.0
3.0,3.0,5.0,3.0,3.0,3.0,5.0,4.0,3.0,3.0,-0.5,-0.5,1.5,-0.5,-0.5,-0.5,1.5,0.5,-0.5,-0.5,3.5,0.806225774829855,,,,8.0,,,,7.0,7.0,,,,,0.7470654280693014,,,,-0.19445965798250175,-0.4830364133562463,,7.333333333333333,1.0,0.023189785576851123,0.7470654280693014,1.0,0.0,0.0,0.0,0.0,0.0,0.0,0.0,0.0,0.0,0.0,0.0,0.0,0.0,0.0,0.0,3.0,7340205,2,khaosat,0,1.0
4.0,2.0,5.0,3.0,3.0,3.0,4.0,5.0,4.0,3.0,0.3999999999999999,-1.6,1.4,-0.6000000000000001,-0.6000000000000001,-0.6000000000000001,0.3999999999999999,1.4,0.3999999999999999,-0.6000000000000001,3.6,0.9165151389911681,,,4.0,6.5,,,8.0,,,,,,-3.2546936449310104,-1.0212107340432657,,,0.5435590624175314,,,,6.166666666666667,4.0,-1.244115105518915,0.5435590624175314,0.0,0.0,0.0,0.0,0.0,0.0,0.0,0.0,0.0,0.0,1.0,0.0,0.0,0.0,0.0,0.0,3.0,7340301,2,khaosat,0,1.0
4.0,2.0,3.0,3.0,4.0,3.0,3.0,2.0,4.0,2.0,1.0,-1.0,0.0,0.0,1.0,0.0,0.0,-1.0,1.0,-1.0,3.0,0.7745966692414834,,,,9.0,,,,9.0,6.0,,,,,1.9259162028110128,,,,1.9716417370358892,-1.7072298865046762,,8.0,3.0,0.7301093511140753,1.9716417370358892,1.0,0.0,0.0,0.0,0.0,0.0,0.0,0.0,0.0,0.0,0.0,0.0,0.0,0.0,0.0,0.0,1.0,7340301,2,khaosat,0,1.0
2.0,5.0,2.0,4.0,4.0,4.0,3.0,4.0,3.0,1.0,-1.2000000000000002,1.7999999999999998,-1.2000000000000002,0.7999999999999998,0.7999999999999998,0.7999999999999998,-0.20000000000000018,0.7999999999999998,-0.20000000000000018,-2.2,3.2,1.1661903789690602,,,,6.0,,,,,6.0,7.0,,,,-1.6106361214141214,,,,,-1.7072298865046762,-0.05910608392439303,6.333333333333333,1.0,-1.1256573639477303,-0.05910608392439303,0.0,0.0,1.0,0.0,0.0,0.0,0.0,0.0,0.0,0.0,0.0,0.0,0.0,0.0,0.0,1.0,1.0,7420201,7,khaosat,0,1.0
3.0,3.0,4.0,3.0,4.0,3.0,2.0,3.0,3.0,4.0,-0.20000000000000018,-0.20000000000000018,0.7999999999999998,-0.20000000000000018,0.7999999999999998,-0.20000000000000018,-1.2000000000000002,-0.20000000000000018,-0.20000000000000018,0.7999999999999998,3.2,0.6,,,,8.8,,,,7.0,8.0,,,,,1.6901460478626713,,,,-0.19445965798250175,0.7411570597921835,,7.933333333333334,1.8000000000000007,0.7456144832241177,1.6901460478626713,1.0,0.0,0.0,0.0,0.0,0.0,0.0,0.0,0.0,0.0,0.0,0.0,0.0,0.0,0.0,0.0,1.0,7540101,7,khaosat,0,1.0
3.0,4.0,2.0,3.0,3.0,4.0,3.0,4.0,3.0,2.0,-0.10000000000000009,0.8999999999999999,-1.1,-0.10000000000000009,-0.10000000000000009,0.8999999999999999,-0.10000000000000009,0.8999999999999999,-0.10000000000000009,-1.1,3.1,0.7000000000000001,,,8.6,7.6,,,,,7.0,,,,1.1834102400614679,0.2755251181726165,,,,,-0.4830364133562463,,7.733333333333333,1.5999999999999996,0.3252996482926127,1.1834102400614679,0.0,0.0,0.0,0.0,0.0,0.0,0.0,0.0,0.0,1.0,0.0,0.0,0.0,0.0,0.0,1.0,3.0,7420201,7,khaosat,0,1.0
3.0,4.0,4.0,4.0,4.0,4.0,4.0,4.0,4.0,4.0,-0.8999999999999999,0.10000000000000009,0.10000000000000009,0.10000000000000009,0.10000000000000009,0.10000000000000009,0.10000000000000009,0.10000000000000009,0.10000000000000009,0.10000000000000009,3.9,0.3,8.0,7.0,,,,,7.0,,,,0.936090275727828,0.58208178891343,,,,,-0.5016100961877937,,,,7.333333333333333,1.0,0.33885398948448814,0.936090275727828,0.0,0.0,0.0,0.0,1.0,0.0,0.0,0.0,0.0,0.0,0.0,0.0,0.0,0.0,0.0,0.0,1.0,7340129,7,khaosat,0,1.0
3.0,4.0,3.0,3.0,4.0,3.0,3.0,4.0,4.0,3.0,-0.3999999999999999,0.6000000000000001,-0.3999999999999999,-0.3999999999999999,0.6000000000000001,-0.3999999999999999,-0.3999999999999999,0.6000000000000001,0.6000000000000001,-0.3999999999999999,3.4,0.48989794855663565,7.5,,9.0,7.8,,,,,,,0.4869316918735082,,1.5693323170173359,0.511295273120959,,,,,,,8.1,1.5,0.8558530940039345,1.5693323170173359,0.0,0.0,0.0,0.0,0.0,0.0,0.0,0.0,1.0,0.0,0.0,0.0,0.0,0.0,0.0,1.0,1.0,7220201,8,khaosat,0,1.0
3.0,3.0,4.0,3.0,4.0,4.0,5.0,5.0,4.0,4.0,-0.8999999999999999,-0.8999999999999999,0.10000000000000009,-0.8999999999999999,0.10000000000000009,0.10000000000000009,1.1,1.1,0.10000000000000009,0.10000000000000009,3.9,0.7,,,,7.0,,,,,8.0,8.0,,,,-0.4317853466724099,,,,,0.7411570597921835,1.021458749332555,7.666666666666667,1.0,0.4436101541507762,1.021458749332555,0.0,0.0,1.0,0.0,0.0,0.0,0.0,0.0,0.0,0.0,0.0,0.0,0.0,0.0,0.0,0.0,1.0,7420201,7,khaosat,0,1.0
2.0,5.0,4.0,4.0,4.0,4.0,4.0,5.0,4.0,3.0,-1.9,1.1,0.10000000000000009,0.10000000000000009,0.10000000000000009,0.10000000000000009,0.10000000000000009,1.1,0.10000000000000009,-0.8999999999999999,3.9,0.8306623862918073,,,,8.0,,,,,8.0,8.5,,,,0.7470654280693014,,,,,0.7411570597921835,1.5617411659610292,8.166666666666666,0.5,1.0166545512741714,1.5617411659610292,0.0,0.0,1.0,0.0,0.0,0.0,0.0,0.0,0.0,0.0,0.0,0.0,0.0,0.0,0.0,1.0,1.0,7420201,7,khaosat,0,1.0
4.0,4.0,4.0,2.0,4.0,2.0,4.0,4.0,2.0,4.0,0.6000000000000001,0.6000000000000001,0.6000000000000001,-1.4,0.6000000000000001,-1.4,0.6000000000000001,0.6000000000000001,-1.4,0.6000000000000001,3.4,0.9165151389911681,8.0,,,5.5,,,,7.75,,,0.936090275727828,,,-2.200061508784977,,,,0.6178283651493949,,,7.083333333333333,2.5,-0.21538095596925141,0.936090275727828,0.0,0.0,0.0,0.0,0.0,1.0,0.0,0.0,0.0,0.0,0.0,0.0,0.0,0.0,0.0,1.0,1.0,7510402,6,khaosat,0,1.0
3.0,3.0,3.0,3.0,3.0,3.0,3.0,4.0,3.0,4.0,-0.20000000000000018,-0.20000000000000018,-0.20000000000000018,-0.20000000000000018,-0.20000000000000018,-0.20000000000000018,-0.20000000000000018,0.7999999999999998,-0.20000000000000018,0.7999999999999998,3.2,0.39999999999999997,,,,8.0,,,,7.75,7.0,,,,,0.7470654280693014,,,,0.6178283651493949,-0.4830364133562463,,7.583333333333333,1.0,0.29395245995415004,0.7470654280693014,1.0,0.0,0.0,0.0,0.0,0.0,0.0,0.0,0.0,0.0,0.0,0.0,0.0,0.0,0.0,1.0,4.0,7510301,5,khaosat,0,1.0
2.0,3.0,3.0,3.0,3.0,3.0,3.0,3.0,3.0,3.0,-0.8999999999999999,0.10000000000000009,0.10000000000000009,0.10000000000000009,0.10000000000000009,0.10000000000000009,0.10000000000000009,0.10000000000000009,0.10000000000000009,0.10000000000000009,2.9,0.3,,,,7.0,,,,,7.0,7.0,,,,-0.4317853466724099,,,,,-0.4830364133562463,-0.05910608392439303,7.0,0.0,-0.3246426146510164,-0.05910608392439303,0.0,0.0,1.0,0.0,0.0,0.0,0.0,0.0,0.0,0.0,0.0,0.0,0.0,0.0,0.0,0.0,1.0,7420201,7,khaosat,0,1.0
3.0,5.0,4.0,5.0,5.0,4.0,3.0,3.0,3.0,2.0,-0.7000000000000002,1.2999999999999998,0.2999999999999998,1.2999999999999998,1.2999999999999998,0.2999999999999998,-0.7000000000000002,-0.7000000000000002,-0.7000000000000002,-1.7000000000000002,3.7,1.004987562112089,,,7.0,6.8,,,,7.3,,,,,-0.3602780677620026,-0.6675555016207524,,,,0.1304555512702567,,,7.033333333333334,0.5,-0.2991260060374994,0.1304555512702567,0.0,1.0,0.0,0.0,0.0,0.0,0.0,0.0,0.0,0.0,0.0,0.0,0.0,0.0,0.0,1.0,1.0,7510301,5,khaosat,0,1.0
4.0,2.0,3.0,3.0,4.0,5.0,4.0,3.0,1.0,2.0,0.8999999999999999,-1.1,-0.10000000000000009,-0.10000000000000009,0.8999999999999999,1.9,0.8999999999999999,-0.10000000000000009,-2.1,-1.1,3.1,1.1357816691600549,,,,8.0,,,,,6.75,9.0,,,,0.7470654280693014,,,,,-0.7890847816433537,2.1020235825895033,7.916666666666667,2.25,0.6866680763384837,2.1020235825895033,0.0,0.0,1.0,0.0,0.0,0.0,0.0,0.0,0.0,0.0,0.0,0.0,0.0,0.0,0.0,1.0,2.0,7420201,7,khaosat,0,1.0
1.0,5.0,4.0,4.0,4.0,5.0,5.0,4.0,4.0,5.0,-3.0999999999999996,0.9000000000000004,-0.09999999999999964,-0.09999999999999964,-0.09999999999999964,0.9000000000000004,0.9000000000000004,-0.09999999999999964,-0.09999999999999964,0.9000000000000004,4.1,1.1357816691600546,,,,8.0,,,,,8.0,8.5,,,,0.7470654280693014,,,,,0.7411570597921835,1.5617411659610292,8.166666666666666,0.5,1.0166545512741714,1.5617411659610292,0.0,0.0,1.0,0.0,0.0,0.0,0.0,0.0,0.0,0.0,0.0,0.0,0.0,0.0,0.0,1.0,4.0,7420201,7,khaosat,0,1.0
2.0,5.0,3.0,4.0,3.0,2.0,3.0,4.0,3.0,3.0,-1.2000000000000002,1.7999999999999998,-0.20000000000000018,0.7999999999999998,-0.20000000000000018,-1.2000000000000002,-0.20000000000000018,0.7999999999999998,-0.20000000000000018,-0.20000000000000018,3.2,0.8717797887081347,,,7.2,4.5,,,,,4.2,,,,-0.16731702928406858,-3.3789122835266885,,,,,-3.9107781381718496,,5.3,3.0,-2.4856691503275354,-0.16731702928406858,0.0,0.0,0.0,0.0,0.0,0.0,0.0,0.0,0.0,1.0,0.0,0.0,0.0,0.0,0.0,0.0,1.0,7540101,7,khaosat,0,1.0
4.0,4.0,4.0,5.0,4.0,5.0,5.0,5.0,5.0,4.0,-0.5,-0.5,-0.5,0.5,-0.5,0.5,0.5,0.5,0.5,-0.5,4.5,0.5,,,,7.0,,,,,8.0,7.5,,,,-0.4317853466724099,,,,,0.7411570597921835,0.48117633270408106,7.5,1.0,0.2635160152746182,0.7411570597921835,0.0,0.0,1.0,0.0,0.0,0.0,0.0,0.0,0.0,0.0,0.0,0.0,0.0,0.0,0.0,0.0,3.0,7420201,7,khaosat,0,1.0
3.0,5.0,3.0,3.0,3.0,3.0,3.0,3.0,5.0,3.0,-0.3999999999999999,1.6,-0.3999999999999999,-0.3999999999999999,-0.3999999999999999,-0.3999999999999999,-0.3999999999999999,-0.3999999999999999,1.6,-0.3999999999999999,3.4,0.8000000000000002,,,,7.0,,,,,7.0,7.5,,,,-0.4317853466724099,,,,,-0.4830364133562463,0.48117633270408106,7.166666666666667,0.5,-0.14454847577485838,0.48117633270408106,0.0,0.0,1.0,0.0,0.0,0.0,0.0,0.0,0.0,0.0,0.0,0.0,0.0,0.0,0.0,0.0,4.0,7420201,7,khaosat,0,1.0
2.0,4.0,3.0,2.0,2.0,3.0,3.0,3.0,3.0,3.0,-0.7999999999999998,1.2000000000000002,0.20000000000000018,-0.7999999999999998,-0.7999999999999998,0.20000000000000018,0.20000000000000018,0.20000000000000018,0.20000000000000018,0.20000000000000018,2.8,0.6,,,,7.75,,,,,6.0,5.75,,,,0.45235273438387363,,,,,-1.7072298865046762,-1.4098121254955782,6.5,2.0,-0.8882297592054602,0.45235273438387363,0.0,0.0,1.0,0.0,0.0,0.0,0.0,0.0,0.0,0.0,0.0,0.0,0.0,0.0,0.0,1.0,1.0,7420201,7,khaosat,0,1.0
2.0,1.0,5.0,5.0,5.0,1.0,1.0,1.0,5.0,1.0,-0.7000000000000002,-1.7000000000000002,2.3,2.3,2.3,-1.7000000000000002,-1.7000000000000002,-1.7000000000000002,2.3,-1.7000000000000002,2.7,1.9000000000000001,,,9.0,8.0,,,,8.0,,,,,1.5693323170173359,0.7470654280693014,,,,0.8885910395266937,,,8.333333333333334,1.0,1.0683295948711102,1.5693323170173359,0.0,1.0,0.0,0.0,0.0,0.0,0.0,0.0,0.0,0.0,0.0,0.0,0.0,0.0,0.0,1.0,1.0,7480202,0,khaosat,0,1.0
5.0,1.0,5.0,3.0,4.0,2.0,5.0,5.0,2.0,2.0,1.6,-2.4,1.6,-0.3999999999999999,0.6000000000000001,-1.4,1.6,1.6,-1.4,-1.4,3.4,1.4966629547095767,,,,5.6,,,,8.5,6.8,,,,,-2.082176431310806,,,,1.4301163882812915,-0.7278751079859325,,6.966666666666666,2.9000000000000004,-0.4599783836718157,1.4301163882812915,1.0,0.0,0.0,0.0,0.0,0.0,0.0,0.0,0.0,0.0,0.0,0.0,0.0,0.0,0.0,0.0,1.0,7340301,2,khaosat,0,1.0
3.0,4.0,5.0,4.0,5.0,4.0,5.0,5.0,5.0,4.0,-1.4000000000000004,-0.40000000000000036,0.5999999999999996,-0.40000000000000036,0.5999999999999996,-0.40000000000000036,0.5999999999999996,0.5999999999999996,0.5999999999999996,-0.40000000000000036,4.4,0.6633249580710799,9.0,,,7.75,,,,7.0,,,1.8344074434364677,,,0.45235273438387363,,,,-0.19445965798250175,,,7.916666666666667,2.0,0.697433506612613,1.8344074434364677,0.0,0.0,0.0,0.0,0.0,1.0,0.0,0.0,0.0,0.0,0.0,0.0,0.0,0.0,0.0,0.0,1.0,7340301,2,khaosat,0,1.0
3.0,3.0,3.0,3.0,4.0,4.0,4.0,4.0,4.0,4.0,-0.6000000000000001,-0.6000000000000001,-0.6000000000000001,-0.6000000000000001,0.3999999999999999,0.3999999999999999,0.3999999999999999,0.3999999999999999,0.3999999999999999,0.3999999999999999,3.6,0.48989794855663565,,,,7.0,,,,8.0,8.0,,,,,-0.4317853466724099,,,,0.8885910395266937,0.7411570597921835,,7.666666666666667,1.0,0.39932091754882243,0.8885910395266937,1.0,0.0,0.0,0.0,0.0,0.0,0.0,0.0,0.0,0.0,0.0,0.0,0.0,0.0,0.0,0.0,1.0,7540101,7,khaosat,0,1.0
3.0,3.0,3.0,3.0,3.0,3.0,3.0,5.0,5.0,5.0,-0.6000000000000001,-0.6000000000000001,-0.6000000000000001,-0.6000000000000001,-0.6000000000000001,-0.6000000000000001,-0.6000000000000001,1.4,1.4,1.4,3.6,0.9165151389911681,,,,7.0,,,,,7.0,6.0,,,,-0.4317853466724099,,,,,-0.4830364133562463,-1.1396709171813413,6.666666666666667,1.0,-0.6848308924033325,-0.4317853466724099,0.0,0.0,1.0,0.0,0.0,0.0,0.0,0.0,0.0,0.0,0.0,0.0,0.0,0.0,0.0,0.0,4.0,7540101,7,khaosat,0,1.0
4.0,3.0,4.0,3.0,4.0,3.0,4.0,4.0,4.0,4.0,0.2999999999999998,-0.7000000000000002,0.2999999999999998,-0.7000000000000002,0.2999999999999998,-0.7000000000000002,0.2999999999999998,0.2999999999999998,0.2999999999999998,0.2999999999999998,3.7,0.45825756949558405,8.5,,,7.3,,,7.8,,,,1.385248859582148,,,-0.0781301142498967,,,0.33452523069646617,,,,7.866666666666667,1.2000000000000002,0.5472146586762391,1.385248859582148,0.0,0.0,0.0,0.0,0.0,0.0,0.0,1.0,0.0,0.0,0.0,0.0,0.0,0.0,0.0,0.0,1.0,7810103,4,khaosat,0,1.0
3.0,4.0,3.0,3.0,3.0,3.0,3.0,3.0,3.0,3.0,-0.10000000000000009,0.8999999999999999,-0.10000000000000009,-0.10000000000000009,-0.10000000000000009,-0.10000000000000009,-0.10000000000000009,-0.10000000000000009,-0.10000000000000009,-0.10000000000000009,3.1,0.3,,,,5.1,,,,7.0,6.25,,,,,-2.671601818681662,,,,-0.19445965798250175,-1.4011815182175686,,6.116666666666667,1.9000000000000004,-1.422414331627244,-0.19445965798250175,1.0,0.0,0.0,0.0,0.0,0.0,0.0,0.0,0.0,0.0,0.0,0.0,0.0,0.0,0.0,0.0,1.0,7340301,2,khaosat,0,1.0
2.0,4.0,2.0,3.0,3.0,3.0,2.0,3.0,3.0,4.0,-0.8999999999999999,1.1,-0.8999999999999999,0.10000000000000009,0.10000000000000009,0.10000000000000009,-0.8999999999999999,0.10000000000000009,0.10000000000000009,1.1,2.9,0.7000000000000001,9.0,,,8.6,,,,7.5,,,1.8344074434364677,,,1.4543758929143278,,,,0.347065690772096,,,8.366666666666667,1.5,1.2119496757076307,1.8344074434364677,0.0,0.0,0.0,0.0,0.0,1.0,0.0,0.0,0.0,0.0,0.0,0.0,0.0,0.0,0.0,0.0,1.0,7340301,2,khaosat,0,1.0
4.0,2.0,5.0,3.0,4.0,1.0,1.0,3.0,4.0,1.0,1.2000000000000002,-0.7999999999999998,2.2,0.20000000000000018,1.2000000000000002,-1.7999999999999998,-1.7999999999999998,0.20000000000000018,1.2000000000000002,-1.7999999999999998,2.8,1.4,,,,5.5,,,,7.8,6.8,,,,,-2.200061508784977,,,,0.6719809000248544,-0.7278751079859325,,6.7,2.3,-0.7519852389153517,0.6719809000248544,1.0,0.0,0.0,0.0,0.0,0.0,0.0,0.0,0.0,0.0,0.0,0.0,0.0,0.0,0.0,0.0,1.0,7340301,2,khaosat,0,1.0
3.0,3.0,3.0,3.0,2.0,2.0,2.0,2.0,2.0,2.0,0.6000000000000001,0.6000000000000001,0.6000000000000001,0.6000000000000001,-0.3999999999999999,-0.3999999999999999,-0.3999999999999999,-0.3999999999999999,-0.3999999999999999,-0.3999999999999999,2.4,0.48989794855663565,8.5,,6.4,7.2,,,,,,,1.385248859582148,,-0.9391611831958038,-0.19601519172406742,,,,,,,7.366666666666667,2.0999999999999996,0.08335749488742557,1.385248859582148,0.0,0.0,0.0,0.0,0.0,0.0,0.0,0.0,1.0,0.0,0.0,0.0,0.0,0.0,0.0,0.0,4.0,7220204,8,khaosat,0,1.0
5.0,1.0,4.0,4.0,3.0,3.0,3.0,3.0,3.0,3.0,1.7999999999999998,-2.2,0.7999999999999998,0.7999999999999998,-0.20000000000000018,-0.20000000000000018,-0.20000000000000018,-0.20000000000000018,-0.20000000000000018,-0.20000000000000018,3.2,0.9797958971132715,,,,8.0,,,,9.0,9.0,,,,,0.7470654280693014,,,,1.9716417370358892,1.9653505329406133,,8.666666666666666,1.0,1.5613525660152678,1.9716417370358892,1.0,0.0,0.0,0.0,0.0,0.0,0.0,0.0,0.0,0.0,0.0,0.0,0.0,0.0,0.0,1.0,1.0,7810103,4,khaosat,0,1.0
5.0,3.0,4.0,3.0,5.0,4.0,3.0,1.0,5.0,3.0,1.4,-0.6000000000000001,0.3999999999999999,-0.6000000000000001,1.4,0.3999999999999999,-0.6000000000000001,-2.6,1.4,-0.6000000000000001,3.6,1.2,,,,6.0,,,,5.5,7.0,,,,,-1.6106361214141214,,,,-1.819035704246295,-0.4830364133562463,,6.166666666666667,1.5,-1.304236079672221,-0.4830364133562463,1.0,0.0,0.0,0.0,0.0,0.0,0.0,0.0,0.0,0.0,0.0,0.0,0.0,0.0,0.0,0.0,1.0,7340301,2,khaosat,0,1.0
3.0,5.0,3.0,3.0,4.0,2.0,3.0,5.0,5.0,2.0,-0.5,1.5,-0.5,-0.5,0.5,-1.5,-0.5,1.5,1.5,-1.5,3.5,1.118033988749895,7.0,,6.5,6.5,,,,,,,0.03777310801918832,,-0.8426806639568372,-1.0212107340432657,,,,,,,6.666666666666667,0.5,-0.6087060966603048,0.03777310801918832,0.0,0.0,0.0,0.0,0.0,0.0,0.0,0.0,1.0,0.0,0.0,0.0,0.0,0.0,0.0,0.0,1.0,7340301,2,khaosat,0,1.0
2.0,5.0,5.0,5.0,5.0,5.0,4.0,4.0,5.0,4.0,-2.4000000000000004,0.5999999999999996,0.5999999999999996,0.5999999999999996,0.5999999999999996,0.5999999999999996,-0.40000000000000036,-0.40000000000000036,0.5999999999999996,-0.40000000000000036,4.4,0.9165151389911679,,,,8.0,,,,8.0,7.5,,,,,0.7470654280693014,,,,0.8885910395266937,0.12906032321796862,,7.833333333333333,0.5,0.5882389302713212,0.8885910395266937,1.0,0.0,0.0,0.0,0.0,0.0,0.0,0.0,0.0,0.0,0.0,0.0,0.0,0.0,0.0,0.0,1.0,7480201,0,khaosat,0,1.0
3.0,5.0,4.0,3.0,3.0,3.0,3.0,5.0,3.0,4.0,-0.6000000000000001,1.4,0.3999999999999999,-0.6000000000000001,-0.6000000000000001,-0.6000000000000001,-0.6000000000000001,1.4,-0.6000000000000001,0.3999999999999999,3.6,0.8,,,,7.0,,,,,6.0,7.0,,,,-0.4317853466724099,,,,,-1.7072298865046762,-0.05910608392439303,6.666666666666667,1.0,-0.7327071057004931,-0.05910608392439303,0.0,0.0,1.0,0.0,0.0,0.0,0.0,0.0,0.0,0.0,0.0,0.0,0.0,0.0,0.0,1.0,1.0,7540101,7,khaosat,0,1.0
5.0,3.0,5.0,5.0,4.0,4.0,4.0,5.0,5.0,5.0,0.5,-1.5,0.5,0.5,-0.5,-0.5,-0.5,0.5,0.5,0.5,4.5,0.6708203932499369,7.5,,3.25,5.25,,,,,,,0.4869316918735082,,-3.978297539223262,-2.494774202470405,,,,,,,5.333333333333333,4.25,-1.9953800166067197,0.4869316918735082,0.0,0.0,0.0,0.0,0.0,0.0,0.0,0.0,1.0,0.0,0.0,0.0,0.0,0.0,0.0,0.0,1.0,7220204,8,khaosat,0,1.0
3.0,5.0,5.0,3.0,4.0,4.0,5.0,5.0,4.0,5.0,-1.2999999999999998,0.7000000000000002,0.7000000000000002,-1.2999999999999998,-0.2999999999999998,-0.2999999999999998,0.7000000000000002,0.7000000000000002,-0.2999999999999998,0.7000000000000002,4.3,0.7810249675906654,6.0,,8.0,7.0,,,,,,,-0.8605440596894514,,0.6045271246276667,-0.4317853466724099,,,,,,,7.0,2.0,-0.22926742724473156,0.6045271246276667,0.0,0.0,0.0,0.0,0.0,0.0,0.0,0.0,1.0,0.0,0.0,0.0,0.0,0.0,0.0,0.0,1.0,7340129,7,khaosat,0,1.0
5.0,4.0,3.0,3.0,4.0,4.0,4.0,3.0,3.0,3.0,1.4,0.3999999999999999,-0.6000000000000001,-0.6000000000000001,0.3999999999999999,0.3999999999999999,0.3999999999999999,-0.6000000000000001,-0.6000000000000001,-0.6000000000000001,3.6,0.66332495807108,,,9.0,7.75,,,,,8.5,,,,1.5693323170173359,0.45235273438387363,,,,,1.3532537963663984,,8.416666666666666,1.25,1.124979615922536,1.5693323170173359,0.0,0.0,0.0,0.0,0.0,0.0,0.0,0.0,0.0,1.0,0.0,0.0,0.0,0.0,0.0,0.0,4.0,7340129,7,khaosat,0,1.0
3.0,4.0,3.0,4.0,4.0,3.0,3.0,3.0,3.0,3.0,-0.2999999999999998,0.7000000000000002,-0.2999999999999998,0.7000000000000002,0.7000000000000002,-0.2999999999999998,-0.2999999999999998,-0.2999999999999998,-0.2999999999999998,-0.2999999999999998,3.3,0.45825756949558405,9.0,9.75,5.6,,,,,,,,1.8344074434364677,2.716381681596009,-1.7110053371075398,,,,,,,,8.116666666666667,4.15,0.946594595974979,2.716381681596009,0.0,0.0,0.0,0.0,0.0,0.0,0.0,0.0,0.0,0.0,0.0,0.0,1.0,0.0,0.0,0.0,1.0,7380107,8,khaosat,0,1.0
2.0,4.0,3.0,3.0,3.0,3.0,3.0,3.0,3.0,3.0,-1.0,1.0,0.0,0.0,0.0,0.0,0.0,0.0,0.0,0.0,3.0,0.4472135954999579,8.5,,7.0,7.0,,,,,,,1.385248859582148,,-0.3602780677620026,-0.4317853466724099,,,,,,,7.5,1.5,0.1977284817159118,1.385248859582148,0.0,0.0,0.0,0.0,0.0,0.0,0.0,0.0,1.0,0.0,0.0,0.0,0.0,0.0,0.0,0.0,1.0,7380107,8,khaosat,0,1.0
3.0,3.0,3.0,4.0,4.0,3.0,2.0,4.0,3.0,3.0,-0.20000000000000018,-0.20000000000000018,-0.20000000000000018,0.7999999999999998,0.7999999999999998,-0.20000000000000018,-1.2000000000000002,0.7999999999999998,-0.20000000000000018,-0.20000000000000018,3.2,0.6,,,6.0,7.0,,,,8.5,,,,,-1.3250832601516718,-0.4317853466724099,,,,1.4301163882812915,,,7.166666666666667,2.5,-0.10891740618093008,1.4301163882812915,0.0,1.0,0.0,0.0,0.0,0.0,0.0,0.0,0.0,0.0,0.0,0.0,0.0,0.0,0.0,0.0,1.0,7340301,2,khaosat,0,1.0
4.0,5.0,3.0,3.0,4.0,4.0,4.0,5.0,4.0,4.0,0.0,1.0,-1.0,-1.0,0.0,0.0,0.0,1.0,0.0,0.0,4.0,0.6324555320336759,8.5,9.5,,,,,8.5,,,,1.385248859582148,2.5223544186248654,,,,,1.066143641720194,,,,8.833333333333334,1.0,1.6579156399757358,2.5223544186248654,0.0,0.0,0.0,0.0,1.0,0.0,0.0,0.0,0.0,0.0,0.0,0.0,0.0,0.0,0.0,0.0,1.0,7220204,8,khaosat,0,1.0
4.0,3.0,3.0,4.0,4.0,3.0,4.0,4.0,3.0,4.0,0.3999999999999999,-0.6000000000000001,-0.6000000000000001,0.3999999999999999,0.3999999999999999,-0.6000000000000001,0.3999999999999999,0.3999999999999999,-0.6000000000000001,0.3999999999999999,3.6,0.48989794855663565,,,,7.0,,,,7.5,7.75,,,,,-0.4317853466724099,,,,0.347065690772096,0.4351086915050761,,7.416666666666667,0.75,0.11679634520158738,0.4351086915050761,1.0,0.0,0.0,0.0,0.0,0.0,0.0,0.0,0.0,0.0,0.0,0.0,0.0,0.0,0.0,0.0,1.0,7540101,7,khaosat,0,1.0
5.0,5.0,5.0,5.0,4.0,4.0,4.0,4.0,4.0,3.0,0.7000000000000002,0.7000000000000002,0.7000000000000002,0.7000000000000002,-0.2999999999999998,-0.2999999999999998,-0.2999999999999998,-0.2999999999999998,-0.2999999999999998,-1.2999999999999998,4.3,0.6403124237432849,8.0,,7.5,,,,8.5,,,,0.936090275727828,,0.12212452843283203,,,,1.066143641720194,,,,8.0,1.0,0.7081194819602846,1.066143641720194,0.0,0.0,0.0,0.0,0.0,0.0,0.0,0.0,0.0,0.0,0.0,1.0,0.0,0.0,0.0,1.0,1.0,7220201,8,khaosat,0,1.0
3.0,3.0,5.0,3.0,4.0,3.0,3.0,4.0,2.0,5.0,-0.5,-0.5,1.5,-0.5,0.5,-0.5,-0.5,0.5,-1.5,1.5,3.5,0.9219544457292888,,,,5.75,,,,6.25,7.0,,,,,-1.9053488150995492,,,,-1.0067476811143983,-0.4830364133562463,,6.333333333333333,1.25,-1.1317109698567311,-0.4830364133562463,1.0,0.0,0.0,0.0,0.0,0.0,0.0,0.0,0.0,0.0,0.0,0.0,0.0,0.0,0.0,0.0,1.0,7510401,6,khaosat,0,1.0
3.0,3.0,4.0,3.0,3.0,3.0,4.0,4.0,4.0,4.0,-0.5,-0.5,0.5,-0.5,-0.5,-0.5,0.5,0.5,0.5,0.5,3.5,0.5,8.25,8.0,,,,,8.0,,,,1.160669567654988,1.3581908407980043,,,,,0.5435590624175314,,,,8.083333333333334,0.25,1.0208064902901746,1.3581908407980043,0.0,0.0,0.0,0.0,1.0,0.0,0.0,0.0,0.0,0.0,0.0,0.0,0.0,0.0,0.0,0.0,1.0,7810103,4,khaosat,0,1.0
3.0,4.0,4.0,3.0,3.0,4.0,5.0,4.0,3.0,3.0,-0.6000000000000001,0.3999999999999999,0.3999999999999999,-0.6000000000000001,-0.6000000000000001,0.3999999999999999,1.4,0.3999999999999999,-0.6000000000000001,-0.6000000000000001,3.6,0.66332495807108,,,,5.5,,,,,8.25,7.5,,,,-2.200061508784977,,,,,1.047205428079291,0.48117633270408106,7.083333333333333,2.75,-0.22389324933386834,1.047205428079291,0.0,0.0,1.0,0.0,0.0,0.0,0.0,0.0,0.0,0.0,0.0,0.0,0.0,0.0,0.0,0.0,4.0,7510402,6,khaosat,0,1.0
3.0,4.0,2.0,4.0,4.0,3.0,4.0,4.0,3.0,5.0,-0.6000000000000001,0.3999999999999999,-1.6,0.3999999999999999,0.3999999999999999,-0.6000000000000001,0.3999999999999999,0.3999999999999999,-0.6000000000000001,1.4,3.6,0.8,,,,6.0,,,,7.5,6.5,,,,,-1.6106361214141214,,,,0.347065690772096,-1.0951331499304613,,6.666666666666667,1.5,-0.7862345268574956,0.347065690772096,1.0,0.0,0.0,0.0,0.0,0.0,0.0,0.0,0.0,0.0,0.0,0.0,0.0,0.0,0.0,0.0,1.0,7460108,0,khaosat,0,1.0
2.0,5.0,3.0,3.0,3.0,2.0,3.0,2.0,3.0,3.0,-0.8999999999999999,2.1,0.10000000000000009,0.10000000000000009,0.10000000000000009,-0.8999999999999999,0.10000000000000009,-0.8999999999999999,0.10000000000000009,0.10000000000000009,2.9,0.8306623862918073,,,6.8,8.2,,,,8.5,,,,,-0.5532391062399366,0.982835583017643,,,,1.4301163882812915,,,7.833333333333333,1.7000000000000002,0.6199042883529993,1.4301163882812915,0.0,1.0,0.0,0.0,0.0,0.0,0.0,0.0,0.0,0.0,0.0,0.0,0.0,0.0,0.0,0.0,1.0,7220204,8,khaosat,0,1.0
3.0,5.0,3.0,2.0,3.0,5.0,5.0,5.0,2.0,5.0,-0.7999999999999998,1.2000000000000002,-0.7999999999999998,-1.7999999999999998,-0.7999999999999998,1.2000000000000002,1.2000000000000002,1.2000000000000002,-1.7999999999999998,1.2000000000000002,3.8,1.2489995996796797,,,,9.2,,,,8.5,8.2,,,,,2.161686357759354,,,,1.4301163882812915,0.9859957544218686,,8.633333333333333,1.0,1.5259328334875049,2.161686357759354,1.0,0.0,0.0,0.0,0.0,0.0,0.0,0.0,0.0,0.0,0.0,0.0,0.0,0.0,0.0,0.0,4.0,7460108,0,khaosat,0,1.0
1.0,4.0,3.0,4.0,3.0,2.0,3.0,4.0,2.0,4.0,-2.0,1.0,0.0,1.0,0.0,-1.0,0.0,1.0,-1.0,1.0,3.0,1.0,,,6.3,7.3,,,,7.0,,,,,-1.0356417024347713,-0.0781301142498967,,,,-0.19445965798250175,,,6.866666666666667,1.0,-0.4360771582223899,-0.0781301142498967,0.0,1.0,0.0,0.0,0.0,0.0,0.0,0.0,0.0,0.0,0.0,0.0,0.0,0.0,0.0,0.0,1.0,7340301,2,khaosat,0,1.0
5.0,5.0,5.0,5.0,4.0,1.0,3.0,5.0,3.0,3.0,1.1,1.1,1.1,1.1,0.10000000000000009,-2.9,-0.8999999999999999,1.1,-0.8999999999999999,-0.8999999999999999,3.9,1.3,8.75,9.75,5.5,,,,,,,,1.6098281515093078,2.716381681596009,-1.8074858563465064,,,,,,,,8.0,4.25,0.8395746589196035,2.716381681596009,0.0,0.0,0.0,0.0,0.0,0.0,0.0,0.0,0.0,0.0,0.0,0.0,1.0,0.0,0.0,0.0,1.0,7220204,8,khaosat,0,1.0
4.0,2.0,4.0,4.0,4.0,1.0,1.0,4.0,5.0,2.0,0.8999999999999999,-1.1,0.8999999999999999,0.8999999999999999,0.8999999999999999,-2.1,-2.1,0.8999999999999999,1.9,-1.1,3.1,1.374772708486752,,,7.75,8.2,,,,8.0,,,,,0.3633258265302493,0.982835583017643,,,,0.8885910395266937,,,7.983333333333333,0.4499999999999993,0.7449174830248619,0.982835583017643,0.0,1.0,0.0,0.0,0.0,0.0,0.0,0.0,0.0,0.0,0.0,0.0,0.0,0.0,0.0,0.0,1.0,7340301,2,khaosat,0,1.0
3.0,5.0,3.0,4.0,5.0,4.0,4.0,5.0,5.0,4.0,-1.2000000000000002,0.7999999999999998,-1.2000000000000002,-0.20000000000000018,0.7999999999999998,-0.20000000000000018,-0.20000000000000018,0.7999999999999998,0.7999999999999998,-0.20000000000000018,4.2,0.7483314773547882,,,,8.0,,,,7.6,9.0,,,,,0.7470654280693014,,,,0.4553707605230152,1.9653505329406133,,8.200000000000001,1.4000000000000004,1.0559289071776432,1.9653505329406133,1.0,0.0,0.0,0.0,0.0,0.0,0.0,0.0,0.0,0.0,0.0,0.0,0.0,0.0,0.0,0.0,1.0,7340301,2,khaosat,0,1.0
3.0,3.0,3.0,3.0,2.0,3.0,2.0,1.0,2.0,2.0,0.6000000000000001,0.6000000000000001,0.6000000000000001,0.6000000000000001,-0.3999999999999999,0.6000000000000001,-0.3999999999999999,-1.4,-0.3999999999999999,-0.3999999999999999,2.4,0.66332495807108,,,4.0,5.46,,,,8.2,,,,,-3.2546936449310104,-2.2472155397746456,,,,1.105201179028532,,,5.886666666666667,4.199999999999999,-1.4655693352257082,1.105201179028532,0.0,1.0,0.0,0.0,0.0,0.0,0.0,0.0,0.0,0.0,0.0,0.0,0.0,0.0,0.0,1.0,2.0,7480201,0,khaosat,0,1.0
3.0,4.0,5.0,5.0,3.0,5.0,3.0,4.0,3.0,3.0,-0.7999999999999998,0.20000000000000018,1.2000000000000002,1.2000000000000002,-0.7999999999999998,1.2000000000000002,-0.7999999999999998,0.20000000000000018,-0.7999999999999998,-0.7999999999999998,3.8,0.8717797887081347,,,5.5,6.6,,,,,7.4,,,,-1.8074858563465064,-0.9033256565690949,,,,,0.006640975903126065,,6.5,1.9000000000000004,-0.9013901790041584,0.006640975903126065,0.0,0.0,0.0,0.0,0.0,0.0,0.0,0.0,0.0,1.0,0.0,0.0,0.0,0.0,0.0,1.0,2.0,7510401,6,khaosat,0,1.0
5.0,5.0,5.0,5.0,5.0,4.0,5.0,4.0,3.0,5.0,0.40000000000000036,0.40000000000000036,0.40000000000000036,0.40000000000000036,0.40000000000000036,-0.5999999999999996,0.40000000000000036,-0.5999999999999996,-1.5999999999999996,0.40000000000000036,4.6,0.66332495807108,,,,5.0,,,,7.0,8.0,,,,,-2.789486896155833,,,,-0.19445965798250175,0.7411570597921835,,6.666666666666667,3.0,-0.7475964981153838,0.7411570597921835,1.0,0.0,0.0,0.0,0.0,0.0,0.0,0.0,0.0,0.0,0.0,0.0,0.0,0.0,0.0,1.0,4.0,7520115,6,khaosat,0,1.0
4.0,3.0,4.0,3.0,3.0,3.0,4.0,3.0,4.0,4.0,0.5,-0.5,0.5,-0.5,-0.5,-0.5,0.5,-0.5,0.5,0.5,3.5,0.5,7.5,,5.5,7.8,,,,,,,0.4869316918735082,,-1.8074858563465064,0.511295273120959,,,,,,,6.933333333333334,2.3,-0.26975296378401303,0.511295273120959,0.0,0.0,0.0,0.0,0.0,0.0,0.0,0.0,1.0,0.0,0.0,0.0,0.0,0.0,0.0,0.0,1.0,7340115,1,khaosat,0,1.0
4.0,2.0,3.0,3.0,4.0,3.0,4.0,3.0,3.0,4.0,0.7000000000000002,-1.2999999999999998,-0.2999999999999998,-0.2999999999999998,0.7000000000000002,-0.2999999999999998,0.7000000000000002,-0.2999999999999998,-0.2999999999999998,0.7000000000000002,3.3,0.6403124237432849,8.5,,7.0,7.0,,,,,,,1.385248859582148,,-0.3602780677620026,-0.4317853466724099,,,,,,,7.5,1.5,0.1977284817159118,1.385248859582148,0.0,0.0,0.0,0.0,0.0,0.0,0.0,0.0,1.0,0.0,0.0,0.0,0.0,0.0,0.0,0.0,3.0,7340123,3,khaosat,0,1.0
4.0,4.0,4.0,4.0,4.0,3.0,4.0,5.0,4.0,5.0,-0.09999999999999964,-0.09999999999999964,-0.09999999999999964,-0.09999999999999964,-0.09999999999999964,-1.0999999999999996,-0.09999999999999964,0.9000000000000004,-0.09999999999999964,0.9000000000000004,4.1,0.5385164807134504,,,,8.0,,,,8.0,8.0,,,,,0.7470654280693014,,,,0.8885910395266937,0.7411570597921835,,8.0,0.0,0.7922711757960595,0.8885910395266937,1.0,0.0,0.0,0.0,0.0,0.0,0.0,0.0,0.0,0.0,0.0,0.0,0.0,0.0,0.0,0.0,3.0,7340123,3,khaosat,0,1.0
5.0,1.0,5.0,5.0,5.0,5.0,5.0,4.0,5.0,5.0,0.5,-3.5,0.5,0.5,0.5,0.5,0.5,-0.5,0.5,0.5,4.5,1.2041594578792296,7.0,,4.5,6.74,,,,,,,0.03777310801918832,,-2.7722910487361756,-0.7382865481052546,,,,,,,6.080000000000001,2.5,-1.1576014962740806,0.03777310801918832,0.0,0.0,0.0,0.0,0.0,0.0,0.0,0.0,1.0,0.0,0.0,0.0,0.0,0.0,0.0,0.0,3.0,7340123,3,khaosat,0,1.0
2.0,4.0,4.0,2.0,3.0,3.0,4.0,3.0,3.0,3.0,-1.1,0.8999999999999999,0.8999999999999999,-1.1,-0.10000000000000009,-0.10000000000000009,0.8999999999999999,-0.10000000000000009,-0.10000000000000009,-0.10000000000000009,3.1,0.7,8.75,8.0,,,,,7.75,,,,1.6098281515093078,1.3581908407980043,,,,,0.2822667727662001,,,,8.166666666666666,1.0,1.0834285883578374,1.6098281515093078,0.0,0.0,0.0,0.0,1.0,0.0,0.0,0.0,0.0,0.0,0.0,0.0,0.0,0.0,0.0,0.0,2.0,7340123,3,khaosat,0,1.0
4.0,3.0,5.0,4.0,5.0,5.0,5.0,5.0,5.0,4.0,-0.5,-1.5,0.5,-0.5,0.5,0.5,0.5,0.5,0.5,-0.5,4.5,0.6708203932499369,7.0,,,5.25,,,,7.75,,,0.03777310801918832,,,-2.494774202470405,,,,0.6178283651493949,,,6.666666666666667,2.5,-0.6130575764339405,0.6178283651493949,0.0,0.0,0.0,0.0,0.0,1.0,0.0,0.0,0.0,0.0,0.0,0.0,0.0,0.0,0.0,1.0,1.0,7520115,6,khaosat,0,1.0
3.0,2.0,4.0,4.0,3.0,4.0,4.0,4.0,3.0,5.0,-0.6000000000000001,-1.6,0.3999999999999999,0.3999999999999999,-0.6000000000000001,0.3999999999999999,0.3999999999999999,0.3999999999999999,-0.6000000000000001,1.4,3.6,0.8000000000000002,,,,9.0,,,,9.5,8.0,,,,,1.9259162028110128,,,,2.513167085790487,0.7411570597921835,,8.833333333333334,1.5,1.7267467827978944,2.513167085790487,1.0,0.0,0.0,0.0,0.0,0.0,0.0,0.0,0.0,0.0,0.0,0.0,0.0,0.0,0.0,1.0,1.0,7480201,0,khaosat,0,1.0
1.0,5.0,4.0,3.0,3.0,2.0,4.0,5.0,2.0,5.0,-2.4,1.6,0.6000000000000001,-0.3999999999999999,-0.3999999999999999,-1.4,0.6000000000000001,1.6,-1.4,1.6,3.4,1.3564659966250536,,,8.0,4.0,,,,7.0,,,,,0.6045271246276667,-3.968337670897544,,,,-0.19445965798250175,,,6.333333333333333,4.0,-1.1860900680841262,0.6045271246276667,0.0,1.0,0.0,0.0,0.0,0.0,0.0,0.0,0.0,0.0,0.0,0.0,0.0,0.0,0.0,1.0,4.0,7480201,0,khaosat,0,1.0
3.0,3.0,4.0,2.0,2.0,3.0,3.0,5.0,2.0,5.0,-0.20000000000000018,-0.20000000000000018,0.7999999999999998,-1.2000000000000002,-1.2000000000000002,-0.20000000000000018,-0.20000000000000018,1.7999999999999998,-1.2000000000000002,1.7999999999999998,3.2,1.0770329614269007,,,,6.0,,,,8.0,6.0,,,,,-1.6106361214141214,,,,0.8885910395266937,-1.7072298865046762,,6.666666666666667,2.0,-0.8097583227973679,0.8885910395266937,1.0,0.0,0.0,0.0,0.0,0.0,0.0,0.0,0.0,0.0,0.0,0.0,0.0,0.0,0.0,0.0,1.0,7340301,2,khaosat,0,1.0
2.0,4.0,4.0,3.0,3.0,1.0,1.0,4.0,2.0,4.0,-0.7999999999999998,1.2000000000000002,1.2000000000000002,0.20000000000000018,0.20000000000000018,-1.7999999999999998,-1.7999999999999998,1.2000000000000002,-0.7999999999999998,1.2000000000000002,2.8,1.1661903789690602,7.5,,7.8,8.0,,,,,,,0.4869316918735082,,0.4115660861497326,0.7470654280693014,,,,,,,7.766666666666667,0.5,0.548521068697514,0.7470654280693014,0.0,0.0,0.0,0.0,0.0,0.0,0.0,0.0,1.0,0.0,0.0,0.0,0.0,0.0,0.0,0.0,1.0,7340301,2,khaosat,0,1.0
2.0,5.0,4.0,3.0,2.0,2.0,3.0,2.0,3.0,2.0,-0.7999999999999998,2.2,1.2000000000000002,0.20000000000000018,-0.7999999999999998,-0.7999999999999998,0.20000000000000018,-0.7999999999999998,0.20000000000000018,-0.7999999999999998,2.8,0.9797958971132713,,,,7.0,,,,,7.75,6.25,,,,-0.4317853466724099,,,,,0.4351086915050761,-0.8695297088671041,7.0,1.5,-0.288735454678146,0.4351086915050761,0.0,0.0,1.0,0.0,0.0,0.0,0.0,0.0,0.0,0.0,0.0,0.0,0.0,0.0,0.0,1.0,1.0,7520115,6,khaosat,0,1.0
3.0,4.0,4.0,4.0,3.0,3.0,4.0,4.0,3.0,5.0,-0.7000000000000002,0.2999999999999998,0.2999999999999998,0.2999999999999998,-0.7000000000000002,-0.7000000000000002,0.2999999999999998,0.2999999999999998,-0.7000000000000002,1.2999999999999998,3.7,0.6403124237432849,,,,7.0,,,,8.3,8.0,,,,,-0.4317853466724099,,,,1.2135062487794532,0.7411570597921835,,7.766666666666667,1.3000000000000007,0.5076259872997423,1.2135062487794532,1.0,0.0,0.0,0.0,0.0,0.0,0.0,0.0,0.0,0.0,0.0,0.0,0.0,0.0,0.0,0.0,4.0,7340301,2,khaosat,0,1.0
1.0,3.0,1.0,1.0,1.0,1.0,4.0,4.0,5.0,2.0,-1.2999999999999998,0.7000000000000002,-1.2999999999999998,-1.2999999999999998,-1.2999999999999998,-1.2999999999999998,1.7000000000000002,1.7000000000000002,2.7,-0.2999999999999998,2.3,1.4866068747318506,,,5.75,5.6,,,,,7.25,,,,-1.5662845582490892,-2.082176431310806,,,,,-0.17698804506913884,,6.2,1.6500000000000004,-1.275149678209678,-0.17698804506913884,0.0,0.0,0.0,0.0,0.0,0.0,0.0,0.0,0.0,1.0,0.0,0.0,0.0,0.0,0.0,0.0,1.0,7540101,7,khaosat,0,1.0
3.0,4.0,4.0,3.0,4.0,3.0,3.0,4.0,3.0,2.0,-0.2999999999999998,0.7000000000000002,0.7000000000000002,-0.2999999999999998,0.7000000000000002,-0.2999999999999998,-0.2999999999999998,0.7000000000000002,-0.2999999999999998,-1.2999999999999998,3.3,0.6403124237432849,,,,6.0,,,,,5.0,5.0,,,,-1.6106361214141214,,,,,-2.931423359653106,-2.2202357504382895,5.333333333333333,1.0,-2.254098410501839,-1.6106361214141214,0.0,0.0,1.0,0.0,0.0,0.0,0.0,0.0,0.0,0.0,0.0,0.0,0.0,0.0,0.0,0.0,1.0,7540101,7,khaosat,0,1.0
4.0,4.0,5.0,5.0,3.0,5.0,4.0,5.0,5.0,4.0,-0.40000000000000036,-0.40000000000000036,0.5999999999999996,0.5999999999999996,-1.4000000000000004,0.5999999999999996,-0.40000000000000036,0.5999999999999996,0.5999999999999996,-0.40000000000000036,4.4,0.6633249580710799,,,,5.5,,,,7.0,6.25,,,,,-2.200061508784977,,,,-0.19445965798250175,-1.4011815182175686,,6.25,1.5,-1.2652342283283493,-0.19445965798250175,1.0,0.0,0.0,0.0,0.0,0.0,0.0,0.0,0.0,0.0,0.0,0.0,0.0,0.0,0.0,0.0,1.0,7540101,7,khaosat,0,1.0
5.0,3.0,5.0,5.0,5.0,4.0,4.0,4.0,5.0,5.0,0.5,-1.5,0.5,0.5,0.5,-0.5,-0.5,-0.5,0.5,0.5,4.5,0.6708203932499369,,,,7.0,,,,7.5,6.5,,,,,-0.4317853466724099,,,,0.347065690772096,-1.0951331499304613,,7.0,1.0,-0.39328426861025845,0.347065690772096,1.0,0.0,0.0,0.0,0.0,0.0,0.0,0.0,0.0,0.0,0.0,0.0,0.0,0.0,0.0,0.0,1.0,7540101,7,khaosat,0,1.0
4.0,3.0,2.0,3.0,3.0,3.0,4.0,3.0,2.0,3.0,1.0,0.0,-1.0,0.0,0.0,0.0,1.0,0.0,-1.0,0.0,3.0,0.6324555320336759,,,,6.0,,,,7.0,6.25,,,,,-1.6106361214141214,,,,-0.19445965798250175,-1.4011815182175686,,6.416666666666667,1.0,-1.0687590992047307,-0.19445965798250175,1.0,0.0,0.0,0.0,0.0,0.0,0.0,0.0,0.0,0.0,0.0,0.0,0.0,0.0,0.0,0.0,1.0,7540101,7,khaosat,0,1.0
5.0,3.0,3.0,3.0,2.0,3.0,3.0,4.0,3.0,4.0,1.7000000000000002,-0.2999999999999998,-0.2999999999999998,-0.2999999999999998,-1.2999999999999998,-0.2999999999999998,-0.2999999999999998,0.7000000000000002,-0.2999999999999998,0.7000000000000002,3.3,0.7810249675906654,,,5.25,6.0,,,,,6.75,,,,-2.0486871544439236,-1.6106361214141214,,,,,-0.7890847816433537,,6.0,1.5,-1.4828026858337997,-0.7890847816433537,0.0,0.0,0.0,0.0,0.0,0.0,0.0,0.0,0.0,1.0,0.0,0.0,0.0,0.0,0.0,0.0,2.0,7540101,7,khaosat,0,1.0
3.0,4.0,4.0,3.0,2.0,2.0,2.0,5.0,2.0,5.0,-0.20000000000000018,0.7999999999999998,0.7999999999999998,-0.20000000000000018,-1.2000000000000002,-1.2000000000000002,-1.2000000000000002,1.7999999999999998,-1.2000000000000002,1.7999999999999998,3.2,1.16619037896906,,,,6.0,,,,,6.0,6.0,,,,-1.6106361214141214,,,,,-1.7072298865046762,-1.1396709171813413,6.0,0.0,-1.4858456417000463,-1.1396709171813413,0.0,0.0,1.0,0.0,0.0,0.0,0.0,0.0,0.0,0.0,0.0,0.0,0.0,0.0,0.0,0.0,4.0,7540101,7,khaosat,0,1.0
3.0,4.0,3.0,4.0,3.0,3.0,4.0,3.0,3.0,3.0,-0.2999999999999998,0.7000000000000002,-0.2999999999999998,0.7000000000000002,-0.2999999999999998,-0.2999999999999998,0.7000000000000002,-0.2999999999999998,-0.2999999999999998,-0.2999999999999998,3.3,0.45825756949558405,,,,8.0,,,,7.0,8.0,,,,,0.7470654280693014,,,,-0.19445965798250175,0.7411570597921835,,7.666666666666667,1.0,0.4312542766263277,0.7470654280693014,1.0,0.0,0.0,0.0,0.0,0.0,0.0,0.0,0.0,0.0,0.0,0.0,0.0,0.0,0.0,0.0,4.0,7340120,1,khaosat,0,1.0
2.0,4.0,3.0,3.0,4.0,3.0,4.0,3.0,3.0,4.0,-1.2999999999999998,0.7000000000000002,-0.2999999999999998,-0.2999999999999998,0.7000000000000002,-0.2999999999999998,0.7000000000000002,-0.2999999999999998,-0.2999999999999998,0.7000000000000002,3.3,0.6403124237432849,8.0,,7.0,7.0,,,,,,,0.936090275727828,,-0.3602780677620026,-0.4317853466724099,,,,,,,7.333333333333333,1.0,0.04800895376447184,0.936090275727828,0.0,0.0,0.0,0.0,0.0,0.0,0.0,0.0,1.0,0.0,0.0,0.0,0.0,0.0,0.0,1.0,4.0,7220204,8,khaosat,0,1.0
2.0,3.0,3.0,3.0,3.0,4.0,3.0,4.0,4.0,4.0,-1.2999999999999998,-0.2999999999999998,-0.2999999999999998,-0.2999999999999998,-0.2999999999999998,0.7000000000000002,-0.2999999999999998,0.7000000000000002,0.7000000000000002,0.7000000000000002,3.3,0.6403124237432849,,,,6.0,,,,7.0,8.0,,,,,-1.6106361214141214,,,,-0.19445965798250175,0.7411570597921835,,7.0,2.0,-0.35464623986814653,0.7411570597921835,1.0,0.0,0.0,0.0,0.0,0.0,0.0,0.0,0.0,0.0,0.0,0.0,0.0,0.0,0.0,0.0,1.0,7540101,7,khaosat,0,1.0
4.0,2.0,3.0,3.0,4.0,4.0,5.0,4.0,4.0,2.0,0.5,-1.5,-0.5,-0.5,0.5,0.5,1.5,0.5,0.5,-1.5,3.5,0.9219544457292888,,,,6.25,,,,,7.5,7.0,,,,-1.3159234277286935,,,,,0.12906032321796862,-0.05910608392439303,6.916666666666667,1.25,-0.415323062811706,0.12906032321796862,0.0,0.0,1.0,0.0,0.0,0.0,0.0,0.0,0.0,0.0,0.0,0.0,0.0,0.0,0.0,0.0,1.0,7540101,7,khaosat,0,1.0
4.0,4.0,4.0,3.0,3.0,3.0,3.0,4.0,3.0,3.0,0.6000000000000001,0.6000000000000001,0.6000000000000001,-0.3999999999999999,-0.3999999999999999,-0.3999999999999999,-0.3999999999999999,0.6000000000000001,-0.3999999999999999,-0.3999999999999999,3.4,0.48989794855663565,,,,7.0,,,,7.0,7.0,,,,,-0.4317853466724099,,,,-0.19445965798250175,-0.4830364133562463,,7.0,0.0,-0.36976047267038603,-0.19445965798250175,1.0,0.0,0.0,0.0,0.0,0.0,0.0,0.0,0.0,0.0,0.0,0.0,0.0,0.0,0.0,0.0,1.0,7540101,7,khaosat,0,1.0
3.0,2.0,3.0,3.0,4.0,4.0,4.0,2.0,4.0,4.0,-0.2999999999999998,-1.2999999999999998,-0.2999999999999998,-0.2999999999999998,0.7000000000000002,0.7000000000000002,0.7000000000000002,-1.2999999999999998,0.7000000000000002,0.7000000000000002,3.3,0.7810249675906654,,,,5.5,,,,,6.5,7.5,,,,-2.200061508784977,,,,,-1.0951331499304613,0.48117633270408106,6.5,2.0,-0.9380061086704523,0.48117633270408106,0.0,0.0,1.0,0.0,0.0,0.0,0.0,0.0,0.0,0.0,0.0,0.0,0.0,0.0,0.0,0.0,2.0,7420201,7,khaosat,0,1.0
3.0,2.0,5.0,1.0,5.0,3.0,4.0,5.0,3.0,3.0,-0.3999999999999999,-1.4,1.6,-2.4,1.6,-0.3999999999999999,0.6000000000000001,1.6,-0.3999999999999999,-0.3999999999999999,3.4,1.2806248474865698,5.0,,,5.0,,,,,4.0,,-1.758861227398091,,,-2.789486896155833,,,,,-4.1556168328015355,,4.666666666666667,1.0,-2.9013216521184866,-1.758861227398091,0.0,0.0,0.0,0.0,0.0,0.0,1.0,0.0,0.0,0.0,0.0,0.0,0.0,0.0,0.0,0.0,1.0,7420201,7,khaosat,0,1.0
3.0,4.0,5.0,5.0,5.0,5.0,4.0,5.0,4.0,4.0,-1.4000000000000004,-0.40000000000000036,0.5999999999999996,0.5999999999999996,0.5999999999999996,0.5999999999999996,-0.40000000000000036,0.5999999999999996,-0.40000000000000036,-0.40000000000000036,4.4,0.6633249580710799,,,,7.0,,,,7.5,6.5,,,,,-0.4317853466724099,,,,0.347065690772096,-1.0951331499304613,,7.0,1.0,-0.39328426861025845,0.347065690772096,1.0,0.0,0.0,0.0,0.0,0.0,0.0,0.0,0.0,0.0,0.0,0.0,0.0,0.0,0.0,0.0,1.0,7510401,6,khaosat,0,1.0
3.0,3.0,4.0,3.0,5.0,5.0,3.0,5.0,5.0,3.0,-0.8999999999999999,-0.8999999999999999,0.10000000000000009,-0.8999999999999999,1.1,1.1,-0.8999999999999999,1.1,1.1,-0.8999999999999999,3.9,0.9433981132056604,8.0,,6.0,6.0,,,,,,,0.936090275727828,,-1.3250832601516718,-1.6106361214141214,,,,,,,6.666666666666667,2.0,-0.6665430352793217,0.936090275727828,0.0,0.0,0.0,0.0,0.0,0.0,0.0,0.0,1.0,0.0,0.0,0.0,0.0,0.0,0.0,0.0,1.0,7510401,6,khaosat,0,1.0
3.0,2.0,3.0,3.0,4.0,4.0,3.0,4.0,4.0,3.0,-0.2999999999999998,-1.2999999999999998,-0.2999999999999998,-0.2999999999999998,0.7000000000000002,0.7000000000000002,-0.2999999999999998,0.7000000000000002,0.7000000000000002,-0.2999999999999998,3.3,0.6403124237432849,,,6.0,8.0,,,,,8.0,,,,-1.3250832601516718,0.7470654280693014,,,,,0.7411570597921835,,7.333333333333333,2.0,0.05437974256993772,0.7470654280693014,0.0,0.0,0.0,0.0,0.0,0.0,0.0,0.0,0.0,1.0,0.0,0.0,0.0,0.0,0.0,0.0,3.0,7540101,7,khaosat,0,1.0
3.0,2.0,3.0,3.0,4.0,3.0,5.0,5.0,5.0,5.0,-0.7999999999999998,-1.7999999999999998,-0.7999999999999998,-0.7999999999999998,0.20000000000000018,-0.7999999999999998,1.2000000000000002,1.2000000000000002,1.2000000000000002,1.2000000000000002,3.8,1.077032961426901,,,6.5,7.0,,,,,8.0,,,,-0.8426806639568372,-0.4317853466724099,,,,,0.7411570597921835,,7.166666666666667,1.5,-0.17776965027902122,0.7411570597921835,0.0,0.0,0.0,0.0,0.0,0.0,0.0,0.0,0.0,1.0,0.0,0.0,0.0,0.0,0.0,0.0,1.0,7540101,7,khaosat,0,1.0
4.0,1.0,2.0,2.0,4.0,3.0,4.0,4.0,3.0,4.0,0.8999999999999999,-2.1,-1.1,-1.1,0.8999999999999999,-0.10000000000000009,0.8999999999999999,0.8999999999999999,-0.10000000000000009,0.8999999999999999,3.1,1.044030650891055,,,,5.0,,,,8.0,6.8,,,,,-2.789486896155833,,,,0.8885910395266937,-0.7278751079859325,,6.6000000000000005,3.0,-0.8762569882050238,0.8885910395266937,1.0,0.0,0.0,0.0,0.0,0.0,0.0,0.0,0.0,0.0,0.0,0.0,0.0,0.0,0.0,0.0,1.0,7540101,7,khaosat,0,1.0
1.0,4.0,4.0,3.0,4.0,2.0,5.0,4.0,4.0,2.0,-2.3,0.7000000000000002,0.7000000000000002,-0.2999999999999998,0.7000000000000002,-1.2999999999999998,1.7000000000000002,0.7000000000000002,0.7000000000000002,-1.2999999999999998,3.3,1.1874342087037917,,,7.0,7.0,,,,7.0,,,,,-0.3602780677620026,-0.4317853466724099,,,,-0.19445965798250175,,,7.0,0.0,-0.3288410241389714,-0.19445965798250175,0.0,1.0,0.0,0.0,0.0,0.0,0.0,0.0,0.0,0.0,0.0,0.0,0.0,0.0,0.0,0.0,1.0,7510303,5,khaosat,0,1.0
2.0,4.0,4.0,4.0,4.0,5.0,5.0,4.0,3.0,4.0,-1.9,0.10000000000000009,0.10000000000000009,0.10000000000000009,0.10000000000000009,1.1,1.1,0.10000000000000009,-0.8999999999999999,0.10000000000000009,3.9,0.8306623862918076,,,,6.0,,,,6.75,6.75,,,,,-1.6106361214141214,,,,-0.4652223323598006,-0.7890847816433537,,6.5,0.75,-0.9549810784724251,-0.4652223323598006,1.0,0.0,0.0,0.0,0.0,0.0,0.0,0.0,0.0,0.0,0.0,0.0,0.0,0.0,0.0,0.0,1.0,7540101,7,khaosat,0,1.0
3.0,3.0,3.0,4.0,3.0,3.0,3.0,4.0,4.0,4.0,-0.3999999999999999,-0.3999999999999999,-0.3999999999999999,0.6000000000000001,-0.3999999999999999,-0.3999999999999999,-0.3999999999999999,0.6000000000000001,0.6000000000000001,0.6000000000000001,3.4,0.48989794855663565,7.0,,7.0,7.5,,,,,,,0.03777310801918832,,-0.3602780677620026,0.15764004069844578,,,,,,,7.166666666666667,0.5,-0.0549549730147895,0.15764004069844578,0.0,0.0,0.0,0.0,0.0,0.0,0.0,0.0,1.0,0.0,0.0,0.0,0.0,0.0,0.0,0.0,1.0,7340201,2,khaosat,0,1.0
5.0,2.0,4.0,4.0,5.0,5.0,5.0,5.0,5.0,5.0,0.5,-2.5,-0.5,-0.5,0.5,0.5,0.5,0.5,0.5,0.5,4.5,0.9219544457292888,,,,7.8,,,,,7.5,8.5,,,,0.511295273120959,,,,,0.12906032321796862,1.5617411659610292,7.933333333333334,1.0,0.7340322540999855,1.5617411659610292,0.0,0.0,1.0,0.0,0.0,0.0,0.0,0.0,0.0,0.0,0.0,0.0,0.0,0.0,0.0,0.0,2.0,7420201,7,khaosat,0,1.0
2.0,2.0,2.0,3.0,4.0,3.0,3.0,4.0,4.0,2.0,-0.8999999999999999,-0.8999999999999999,-0.8999999999999999,0.10000000000000009,1.1,0.10000000000000009,0.10000000000000009,1.1,1.1,-0.8999999999999999,2.9,0.8306623862918076,,,,8.0,,,,8.0,8.0,,,,,0.7470654280693014,,,,0.8885910395266937,0.7411570597921835,,8.0,0.0,0.7922711757960595,0.8885910395266937,1.0,0.0,0.0,0.0,0.0,0.0,0.0,0.0,0.0,0.0,0.0,0.0,0.0,0.0,0.0,0.0,1.0,7380107,8,khaosat,0,1.0
1.0,4.0,1.0,5.0,4.0,4.0,5.0,5.0,5.0,3.0,-2.7,0.2999999999999998,-2.7,1.2999999999999998,0.2999999999999998,0.2999999999999998,1.2999999999999998,1.2999999999999998,1.2999999999999998,-0.7000000000000002,3.7,1.4866068747318504,,,,8.0,,,,7.75,8.25,,,,,0.7470654280693014,,,,0.6178283651493949,1.047205428079291,,8.0,0.5,0.8040330737659959,1.047205428079291,1.0,0.0,0.0,0.0,0.0,0.0,0.0,0.0,0.0,0.0,0.0,0.0,0.0,0.0,0.0,0.0,1.0,7380107,8,khaosat,0,1.0
5.0,4.0,4.0,4.0,4.0,4.0,4.0,4.0,4.0,4.0,0.9000000000000004,-0.09999999999999964,-0.09999999999999964,-0.09999999999999964,-0.09999999999999964,-0.09999999999999964,-0.09999999999999964,-0.09999999999999964,-0.09999999999999964,-0.09999999999999964,4.1,0.29999999999999993,,,,8.0,,,,,8.75,8.0,,,,0.7470654280693014,,,,,1.659302164653506,1.021458749332555,8.25,0.75,1.1426087806851208,1.659302164653506,0.0,0.0,1.0,0.0,0.0,0.0,0.0,0.0,0.0,0.0,0.0,0.0,0.0,0.0,0.0,0.0,1.0,7540101,7,khaosat,0,1.0
3.0,3.0,3.0,3.0,3.0,3.0,3.0,4.0,4.0,4.0,-0.2999999999999998,-0.2999999999999998,-0.2999999999999998,-0.2999999999999998,-0.2999999999999998,-0.2999999999999998,-0.2999999999999998,0.7000000000000002,0.7000000000000002,0.7000000000000002,3.3,0.45825756949558405,,,,8.2,,,,8.25,9.0,,,,,0.982835583017643,,,,1.1593537139039927,1.9653505329406133,,8.483333333333333,0.8000000000000007,1.3691799432874163,1.9653505329406133,1.0,0.0,0.0,0.0,0.0,0.0,0.0,0.0,0.0,0.0,0.0,0.0,0.0,0.0,0.0,0.0,4.0,7540101,7,khaosat,0,1.0
5.0,5.0,5.0,4.0,4.0,5.0,5.0,5.0,4.0,5.0,0.2999999999999998,0.2999999999999998,0.2999999999999998,-0.7000000000000002,-0.7000000000000002,0.2999999999999998,0.2999999999999998,0.2999999999999998,-0.7000000000000002,0.2999999999999998,4.7,0.45825756949558405,8.0,,5.5,7.5,,,,,,,0.936090275727828,,-1.8074858563465064,0.15764004069844578,,,,,,,7.0,2.5,-0.2379185133067442,0.936090275727828,0.0,0.0,0.0,0.0,0.0,0.0,0.0,0.0,1.0,0.0,0.0,0.0,0.0,0.0,0.0,0.0,1.0,7340201,2,khaosat,0,1.0
3.0,4.0,4.0,4.0,4.0,4.0,4.0,4.0,4.0,4.0,-0.8999999999999999,0.10000000000000009,0.10000000000000009,0.10000000000000009,0.10000000000000009,0.10000000000000009,0.10000000000000009,0.10000000000000009,0.10000000000000009,0.10000000000000009,3.9,0.3,,,7.0,7.5,,,,6.5,,,,,-0.3602780677620026,0.15764004069844578,,,,-0.7359850067370995,,,7.0,1.0,-0.3128743446002188,0.15764004069844578,0.0,1.0,0.0,0.0,0.0,0.0,0.0,0.0,0.0,0.0,0.0,0.0,0.0,0.0,0.0,0.0,1.0,7480201,0,khaosat,0,1.0
5.0,5.0,5.0,5.0,5.0,5.0,4.0,4.0,4.0,4.0,0.40000000000000036,0.40000000000000036,0.40000000000000036,0.40000000000000036,0.40000000000000036,0.40000000000000036,-0.5999999999999996,-0.5999999999999996,-0.5999999999999996,-0.5999999999999996,4.6,0.4898979485566356,,,,7.0,,,,8.0,9.0,,,,,-0.4317853466724099,,,,0.8885910395266937,1.9653505329406133,,8.0,2.0,0.8073854085982991,1.9653505329406133,1.0,0.0,0.0,0.0,0.0,0.0,0.0,0.0,0.0,0.0,0.0,0.0,0.0,0.0,0.0,1.0,1.0,7510203,5,khaosat,0,1.0
4.0,2.0,5.0,4.0,4.0,4.0,4.0,4.0,4.0,4.0,0.10000000000000009,-1.9,1.1,0.10000000000000009,0.10000000000000009,0.10000000000000009,0.10000000000000009,0.10000000000000009,0.10000000000000009,0.10000000000000009,3.9,0.7,,,,7.0,,,,8.0,6.5,,,,,-0.4317853466724099,,,,0.8885910395266937,-1.0951331499304613,,7.166666666666667,1.5,-0.21277581902539247,0.8885910395266937,1.0,0.0,0.0,0.0,0.0,0.0,0.0,0.0,0.0,0.0,0.0,0.0,0.0,0.0,0.0,1.0,1.0,7510401,6,khaosat,0,1.0
2.0,2.0,3.0,4.0,2.0,2.0,2.0,2.0,2.0,3.0,-0.3999999999999999,-0.3999999999999999,0.6000000000000001,1.6,-0.3999999999999999,-0.3999999999999999,-0.3999999999999999,-0.3999999999999999,-0.3999999999999999,0.6000000000000001,2.4,0.66332495807108,,,7.2,4.25,,,,,8.75,,,,-0.16731702928406858,-3.6736249772121163,,,,,1.659302164653506,,6.733333333333333,4.5,-0.7272132806142263,1.659302164653506,0.0,0.0,0.0,0.0,0.0,0.0,0.0,0.0,0.0,1.0,0.0,0.0,0.0,0.0,0.0,0.0,1.0,7540101,7,khaosat,0,1.0
3.0,2.0,3.0,3.0,5.0,5.0,5.0,5.0,5.0,5.0,-1.0999999999999996,-2.0999999999999996,-1.0999999999999996,-1.0999999999999996,0.9000000000000004,0.9000000000000004,0.9000000000000004,0.9000000000000004,0.9000000000000004,0.9000000000000004,4.1,1.1357816691600546,10.0,,10.0,10.0,,,,,,,2.7327246111451076,,2.534137509407005,3.1047669775527242,,,,,,,10.0,0.0,2.790543032701612,3.1047669775527242,0.0,0.0,0.0,0.0,0.0,0.0,0.0,0.0,1.0,0.0,0.0,0.0,0.0,0.0,0.0,1.0,3.0,7340205,2,khaosat,0,1.0
3.0,3.0,5.0,1.0,2.0,2.0,4.0,5.0,5.0,5.0,-0.5,-0.5,1.5,-2.5,-1.5,-1.5,0.5,1.5,1.5,1.5,3.5,1.4317821063276353,8.0,,,6.0,,,8.0,,,,0.936090275727828,,,-1.6106361214141214,,,0.5435590624175314,,,,7.333333333333333,2.0,-0.04366226108958734,0.936090275727828,0.0,0.0,0.0,0.0,0.0,0.0,0.0,1.0,0.0,0.0,0.0,0.0,0.0,0.0,0.0,0.0,4.0,7340301,2,khaosat,0,1.0
2.0,4.0,4.0,4.0,5.0,5.0,3.0,4.0,5.0,4.0,-2.0,0.0,0.0,0.0,1.0,1.0,-1.0,0.0,1.0,0.0,4.0,0.8944271909999159,,,6.5,7.8,,,,,8.75,,,,-0.8426806639568372,0.511295273120959,,,,,1.659302164653506,,7.683333333333334,2.25,0.44263892460587595,1.659302164653506,0.0,0.0,0.0,0.0,0.0,0.0,0.0,0.0,0.0,1.0,0.0,0.0,0.0,0.0,0.0,0.0,2.0,7540101,7,khaosat,0,1.0
2.0,4.0,4.0,2.0,5.0,4.0,4.0,4.0,4.0,5.0,-1.7999999999999998,0.20000000000000018,0.20000000000000018,-1.7999999999999998,1.2000000000000002,0.20000000000000018,0.20000000000000018,0.20000000000000018,0.20000000000000018,1.2000000000000002,3.8,0.9797958971132713,,,5.25,6.25,,,,,5.25,,,,-2.0486871544439236,-1.3159234277286935,,,,,-2.6253749913659985,,5.583333333333333,1.0,-1.9966618578462052,-1.3159234277286935,0.0,0.0,0.0,0.0,0.0,0.0,0.0,0.0,0.0,1.0,0.0,0.0,0.0,0.0,0.0,1.0,2.0,7540105,7,khaosat,0,1.0
5.0,5.0,4.0,4.0,4.0,5.0,5.0,5.0,4.0,5.0,0.40000000000000036,0.40000000000000036,-0.5999999999999996,-0.5999999999999996,-0.5999999999999996,0.40000000000000036,0.40000000000000036,0.40000000000000036,-0.5999999999999996,0.40000000000000036,4.6,0.48989794855663565,,,,6.6,,,,8.25,8.25,,,,,-0.9033256565690949,,,,1.1593537139039927,1.047205428079291,,7.7,1.6500000000000004,0.43441116180472966,1.1593537139039927,1.0,0.0,0.0,0.0,0.0,0.0,0.0,0.0,0.0,0.0,0.0,0.0,0.0,0.0,0.0,1.0,1.0,7540101,7,khaosat,0,1.0
3.0,3.0,3.0,3.0,3.0,2.0,3.0,3.0,3.0,3.0,0.10000000000000009,0.10000000000000009,0.10000000000000009,0.10000000000000009,0.10000000000000009,-0.8999999999999999,0.10000000000000009,0.10000000000000009,0.10000000000000009,0.10000000000000009,2.9,0.3,,,7.0,5.0,,,,7.0,,,,,-0.3602780677620026,-2.789486896155833,,,,-0.19445965798250175,,,6.333333333333333,2.0,-1.1147415406334458,-0.19445965798250175,0.0,1.0,0.0,0.0,0.0,0.0,0.0,0.0,0.0,0.0,0.0,0.0,0.0,0.0,0.0,1.0,4.0,7510203,5,khaosat,0,1.0
5.0,2.0,4.0,4.0,4.0,4.0,4.0,4.0,4.0,4.0,1.1,-1.9,0.10000000000000009,0.10000000000000009,0.10000000000000009,0.10000000000000009,0.10000000000000009,0.10000000000000009,0.10000000000000009,0.10000000000000009,3.9,0.7,,,,7.8,,,,6.5,8.8,,,,,0.511295273120959,,,,-0.7359850067370995,1.7205118383109284,,7.7,2.3000000000000007,0.49860736823159596,1.7205118383109284,1.0,0.0,0.0,0.0,0.0,0.0,0.0,0.0,0.0,0.0,0.0,0.0,0.0,0.0,0.0,1.0,1.0,7510401,6,khaosat,0,1.0
3.0,2.0,4.0,5.0,3.0,2.0,2.0,3.0,4.0,5.0,-0.2999999999999998,-1.2999999999999998,0.7000000000000002,1.7000000000000002,-0.2999999999999998,-1.2999999999999998,-1.2999999999999998,-0.2999999999999998,0.7000000000000002,1.7000000000000002,3.3,1.1,,,,6.35,,,,7.25,7.75,,,,,-1.1980383502545227,,,,0.07630301639479713,0.4351086915050761,,7.116666666666667,1.4000000000000004,-0.2288755474515498,0.4351086915050761,1.0,0.0,0.0,0.0,0.0,0.0,0.0,0.0,0.0,0.0,0.0,0.0,0.0,0.0,0.0,0.0,1.0,7340201,2,khaosat,0,1.0
3.0,4.0,5.0,3.0,4.0,4.0,4.0,4.0,3.0,3.0,-0.7000000000000002,0.2999999999999998,1.2999999999999998,-0.7000000000000002,0.2999999999999998,0.2999999999999998,0.2999999999999998,0.2999999999999998,-0.7000000000000002,-0.7000000000000002,3.7,0.6403124237432849,,,,7.0,,,,7.0,7.0,,,,,-0.4317853466724099,,,,-0.19445965798250175,-0.4830364133562463,,7.0,0.0,-0.36976047267038603,-0.19445965798250175,1.0,0.0,0.0,0.0,0.0,0.0,0.0,0.0,0.0,0.0,0.0,0.0,0.0,0.0,0.0,1.0,3.0,7510401,6,khaosat,0,1.0
5.0,4.0,5.0,3.0,4.0,5.0,4.0,5.0,4.0,3.0,0.7999999999999998,-0.20000000000000018,0.7999999999999998,-1.2000000000000002,-0.20000000000000018,0.7999999999999998,-0.20000000000000018,0.7999999999999998,-0.20000000000000018,-1.2000000000000002,4.2,0.7483314773547882,8.0,,5.0,6.0,,,,,,,0.936090275727828,,-2.289888452541341,-1.6106361214141214,,,,,,,6.333333333333333,3.0,-0.9881447660758781,0.936090275727828,0.0,0.0,0.0,0.0,0.0,0.0,0.0,0.0,1.0,0.0,0.0,0.0,0.0,0.0,0.0,0.0,1.0,7340122,1,khaosat,0,1.0
2.0,4.0,2.0,3.0,2.0,4.0,3.0,2.0,5.0,3.0,-1.0,1.0,-1.0,0.0,-1.0,1.0,0.0,-1.0,2.0,0.0,3.0,1.0,,,,8.0,,,,8.0,8.0,,,,,0.7470654280693014,,,,0.8885910395266937,0.7411570597921835,,8.0,0.0,0.7922711757960595,0.8885910395266937,1.0,0.0,0.0,0.0,0.0,0.0,0.0,0.0,0.0,0.0,0.0,0.0,0.0,0.0,0.0,0.0,2.0,7340122,1,khaosat,0,1.0
5.0,5.0,5.0,5.0,1.0,2.0,2.0,5.0,3.0,4.0,1.2999999999999998,1.2999999999999998,1.2999999999999998,1.2999999999999998,-2.7,-1.7000000000000002,-1.7000000000000002,1.2999999999999998,-0.7000000000000002,0.2999999999999998,3.7,1.4866068747318506,,,8.0,8.0,,,,8.0,,,,,0.6045271246276667,0.7470654280693014,,,,0.8885910395266937,,,8.0,0.0,0.7467278640745539,0.8885910395266937,0.0,1.0,0.0,0.0,0.0,0.0,0.0,0.0,0.0,0.0,0.0,0.0,0.0,0.0,0.0,0.0,4.0,7220204,8,khaosat,0,1.0
1.0,5.0,5.0,5.0,5.0,5.0,5.0,5.0,5.0,5.0,-3.5999999999999996,0.40000000000000036,0.40000000000000036,0.40000000000000036,0.40000000000000036,0.40000000000000036,0.40000000000000036,0.40000000000000036,0.40000000000000036,0.40000000000000036,4.6,1.2,,,9.0,9.0,,,,9.0,,,,,1.5693323170173359,1.9259162028110128,,,,1.9716417370358892,,,9.0,0.0,1.8222967522880793,1.9716417370358892,0.0,1.0,0.0,0.0,0.0,0.0,0.0,0.0,0.0,0.0,0.0,0.0,0.0,0.0,0.0,0.0,1.0,7340122,1,khaosat,0,1.0
3.0,5.0,3.0,3.0,3.0,3.0,4.0,3.0,1.0,3.0,-0.10000000000000009,1.9,-0.10000000000000009,-0.10000000000000009,-0.10000000000000009,-0.10000000000000009,0.8999999999999999,-0.10000000000000009,-2.1,-0.10000000000000009,3.1,0.9433981132056604,,,8.0,8.0,,,,7.0,,,,,0.6045271246276667,0.7470654280693014,,,,-0.19445965798250175,,,7.666666666666667,1.0,0.3857109649048221,0.7470654280693014,0.0,1.0,0.0,0.0,0.0,0.0,0.0,0.0,0.0,0.0,0.0,0.0,0.0,0.0,0.0,1.0,1.0,7340205,2,khaosat,0,1.0
3.0,2.0,4.0,3.0,3.0,4.0,3.0,4.0,4.0,2.0,-0.20000000000000018,-1.2000000000000002,0.7999999999999998,-0.20000000000000018,-0.20000000000000018,0.7999999999999998,-0.20000000000000018,0.7999999999999998,0.7999999999999998,-1.2000000000000002,3.2,0.7483314773547882,,,,7.0,,,,,7.0,8.0,,,,-0.4317853466724099,,,,,-0.4830364133562463,1.021458749332555,7.333333333333333,1.0,0.03554566310129962,1.021458749332555,0.0,0.0,1.0,0.0,0.0,0.0,0.0,0.0,0.0,0.0,0.0,0.0,0.0,0.0,0.0,0.0,1.0,7420201,7,khaosat,0,1.0
3.0,3.0,4.0,4.0,3.0,1.0,1.0,5.0,2.0,3.0,0.10000000000000009,0.10000000000000009,1.1,1.1,0.10000000000000009,-1.9,-1.9,2.1,-0.8999999999999999,0.10000000000000009,2.9,1.2206555615733703,7.0,7.75,,,,,8.25,,,,0.03777310801918832,1.1641635778268606,,,,,0.8048513520688626,,,,7.666666666666667,1.25,0.6689293459716371,1.1641635778268606,0.0,0.0,0.0,0.0,1.0,0.0,0.0,0.0,0.0,0.0,0.0,0.0,0.0,0.0,0.0,0.0,3.0,7540101,7,khaosat,0,1.0
4.0,3.0,3.0,4.0,4.0,4.0,4.0,5.0,5.0,5.0,-0.09999999999999964,-1.0999999999999996,-1.0999999999999996,-0.09999999999999964,-0.09999999999999964,-0.09999999999999964,-0.09999999999999964,0.9000000000000004,0.9000000000000004,0.9000000000000004,4.1,0.7,,,,6.5,,,,,7.0,6.5,,,,-1.0212107340432657,,,,,-0.4830364133562463,-0.5993885005528671,6.666666666666667,0.5,-0.701211882650793,-0.4830364133562463,0.0,0.0,1.0,0.0,0.0,0.0,0.0,0.0,0.0,0.0,0.0,0.0,0.0,0.0,0.0,0.0,1.0,7420201,7,khaosat,0,1.0
4.0,1.0,4.0,2.0,3.0,2.0,1.0,4.0,2.0,4.0,1.2999999999999998,-1.7000000000000002,1.2999999999999998,-0.7000000000000002,0.2999999999999998,-0.7000000000000002,-1.7000000000000002,1.2999999999999998,-0.7000000000000002,1.2999999999999998,2.7,1.1874342087037917,,,,8.0,,,,8.0,8.0,,,,,0.7470654280693014,,,,0.8885910395266937,0.7411570597921835,,8.0,0.0,0.7922711757960595,0.8885910395266937,1.0,0.0,0.0,0.0,0.0,0.0,0.0,0.0,0.0,0.0,0.0,0.0,0.0,0.0,0.0,0.0,3.0,7340101,1,khaosat,0,1.0
2.0,3.0,4.0,2.0,3.0,1.0,3.0,2.0,5.0,5.0,-1.0,0.0,1.0,-1.0,0.0,-2.0,0.0,-1.0,2.0,2.0,3.0,1.2649110640673518,,,7.0,6.0,,,,8.0,,,,,-0.3602780677620026,-1.6106361214141214,,,,0.8885910395266937,,,7.0,2.0,-0.36077438321647676,0.8885910395266937,0.0,1.0,0.0,0.0,0.0,0.0,0.0,0.0,0.0,0.0,0.0,0.0,0.0,0.0,0.0,0.0,4.0,7340115,1,khaosat,0,1.0
3.0,3.0,4.0,4.0,5.0,4.0,5.0,4.0,4.0,5.0,-1.0999999999999996,-1.0999999999999996,-0.09999999999999964,-0.09999999999999964,0.9000000000000004,-0.09999999999999964,0.9000000000000004,-0.09999999999999964,-0.09999999999999964,0.9000000000000004,4.1,0.7,,,7.8,9.0,,,,7.5,,,,,0.4115660861497326,1.9259162028110128,,,,0.347065690772096,,,8.1,1.5,0.894849326577614,1.9259162028110128,0.0,1.0,0.0,0.0,0.0,0.0,0.0,0.0,0.0,0.0,0.0,0.0,0.0,0.0,0.0,0.0,3.0,7340115,1,khaosat,0,1.0
5.0,1.0,4.0,3.0,4.0,4.0,3.0,4.0,3.0,5.0,1.4,-2.6,0.3999999999999999,-0.6000000000000001,0.3999999999999999,0.3999999999999999,-0.6000000000000001,0.3999999999999999,-0.6000000000000001,1.4,3.6,1.1135528725660042,9.0,,7.0,7.0,,,,,,,1.8344074434364677,,-0.3602780677620026,-0.4317853466724099,,,,,,,7.666666666666667,2.0,0.34744800966735173,1.8344074434364677,0.0,0.0,0.0,0.0,0.0,0.0,0.0,0.0,1.0,0.0,0.0,0.0,0.0,0.0,0.0,0.0,1.0,7810202,4,khaosat,0,1.0
3.0,4.0,3.0,4.0,4.0,4.0,4.0,4.0,4.0,4.0,-0.7999999999999998,0.20000000000000018,-0.7999999999999998,0.20000000000000018,0.20000000000000018,0.20000000000000018,0.20000000000000018,0.20000000000000018,0.20000000000000018,0.20000000000000018,3.8,0.39999999999999997,,,,7.8,,,,,7.0,7.5,,,,0.511295273120959,,,,,-0.4830364133562463,0.48117633270408106,7.433333333333334,0.7999999999999998,0.16981173082293124,0.511295273120959,0.0,0.0,1.0,0.0,0.0,0.0,0.0,0.0,0.0,0.0,0.0,0.0,0.0,0.0,0.0,0.0,1.0,7420201,7,khaosat,0,1.0
4.0,5.0,5.0,4.0,3.0,5.0,5.0,5.0,5.0,5.0,-0.5999999999999996,0.40000000000000036,0.40000000000000036,-0.5999999999999996,-1.5999999999999996,0.40000000000000036,0.40000000000000036,0.40000000000000036,0.40000000000000036,0.40000000000000036,4.6,0.6633249580710799,8.75,7.25,,,,,7.75,,,,1.6098281515093078,0.7761090518845736,,,,,0.2822667727662001,,,,7.916666666666667,1.5,0.8894013253866939,1.6098281515093078,0.0,0.0,0.0,0.0,1.0,0.0,0.0,0.0,0.0,0.0,0.0,0.0,0.0,0.0,0.0,0.0,4.0,7810202,4,khaosat,0,1.0
4.0,3.0,4.0,3.0,4.0,4.0,4.0,4.0,4.0,4.0,0.20000000000000018,-0.7999999999999998,0.20000000000000018,-0.7999999999999998,0.20000000000000018,0.20000000000000018,0.20000000000000018,0.20000000000000018,0.20000000000000018,0.20000000000000018,3.8,0.39999999999999997,8.0,,8.0,6.0,,,,,,,0.936090275727828,,0.6045271246276667,-1.6106361214141214,,,,,,,7.333333333333333,2.0,-0.023339573686208908,0.936090275727828,0.0,0.0,0.0,0.0,0.0,0.0,0.0,0.0,1.0,0.0,0.0,0.0,0.0,0.0,0.0,0.0,3.0,7340122,1,khaosat,0,1.0
4.0,4.0,4.0,3.0,2.0,2.0,2.0,3.0,4.0,5.0,0.7000000000000002,0.7000000000000002,0.7000000000000002,-0.2999999999999998,-1.2999999999999998,-1.2999999999999998,-1.2999999999999998,-0.2999999999999998,0.7000000000000002,1.7000000000000002,3.3,1.004987562112089,,,,7.0,,,,6.0,7.0,,,,,-0.4317853466724099,,,,-1.2775103554916973,-0.4830364133562463,,6.666666666666667,1.0,-0.7307773718401179,-0.4317853466724099,1.0,0.0,0.0,0.0,0.0,0.0,0.0,0.0,0.0,0.0,0.0,0.0,0.0,0.0,0.0,0.0,1.0,7810103,4,khaosat,0,1.0
2.0,5.0,4.0,3.0,1.0,5.0,5.0,5.0,5.0,5.0,-2.0,1.0,0.0,-1.0,-3.0,1.0,1.0,1.0,1.0,1.0,4.0,1.4142135623730951,7.5,,6.0,6.0,,,,,,,0.4869316918735082,,-1.3250832601516718,-1.6106361214141214,,,,,,,6.5,1.5,-0.8162625632307616,0.4869316918735082,0.0,0.0,0.0,0.0,0.0,0.0,0.0,0.0,1.0,0.0,0.0,0.0,0.0,0.0,0.0,1.0,1.0,7510203,5,khaosat,0,1.0
3.0,4.0,3.0,4.0,4.0,3.0,5.0,4.0,5.0,4.0,-0.8999999999999999,0.10000000000000009,-0.8999999999999999,0.10000000000000009,0.10000000000000009,-0.8999999999999999,1.1,0.10000000000000009,1.1,0.10000000000000009,3.9,0.7000000000000001,,,7.0,8.0,,,,7.0,,,,,-0.3602780677620026,0.7470654280693014,,,,-0.19445965798250175,,,7.333333333333333,1.0,0.06410923410826569,0.7470654280693014,0.0,1.0,0.0,0.0,0.0,0.0,0.0,0.0,0.0,0.0,0.0,0.0,0.0,0.0,0.0,1.0,3.0,7510301,5,khaosat,0,1.0
2.0,4.0,3.0,3.0,4.0,4.0,4.0,4.0,3.0,3.0,-1.4,0.6000000000000001,-0.3999999999999999,-0.3999999999999999,0.6000000000000001,0.6000000000000001,0.6000000000000001,0.6000000000000001,-0.3999999999999999,-0.3999999999999999,3.4,0.66332495807108,,,,5.5,,,,,8.25,6.6,,,,-2.200061508784977,,,,,1.047205428079291,-0.4913320172271727,6.783333333333334,2.75,-0.5480626993109529,1.047205428079291,0.0,0.0,1.0,0.0,0.0,0.0,0.0,0.0,0.0,0.0,0.0,0.0,0.0,0.0,0.0,0.0,1.0,7540101,7,khaosat,0,1.0
4.0,1.0,3.0,2.0,3.0,1.0,1.0,5.0,3.0,2.0,1.5,-1.5,0.5,-0.5,0.5,-1.5,-1.5,2.5,0.5,-0.5,2.5,1.284523257866513,,,,9.0,,,,8.75,6.5,,,,,1.9259162028110128,,,,1.7008790626585903,-1.0951331499304613,,8.083333333333334,2.5,0.8438873718463805,1.9259162028110128,1.0,0.0,0.0,0.0,0.0,0.0,0.0,0.0,0.0,0.0,0.0,0.0,0.0,0.0,0.0,0.0,1.0,7810201,4,khaosat,0,1.0
2.0,3.0,3.0,3.0,3.0,5.0,3.0,3.0,3.0,1.0,-0.8999999999999999,0.10000000000000009,0.10000000000000009,0.10000000000000009,0.10000000000000009,2.1,0.10000000000000009,0.10000000000000009,0.10000000000000009,-1.9,2.9,0.9433981132056604,,,7.25,8.75,,,,,8.5,,,,-0.11907676966458527,1.631203509125585,,,,,1.3532537963663984,,8.166666666666666,1.5,0.9551268452757994,1.631203509125585,0.0,0.0,0.0,0.0,0.0,0.0,0.0,0.0,0.0,1.0,0.0,0.0,0.0,0.0,0.0,0.0,1.0,7510402,6,khaosat,0,1.0
5.0,3.0,5.0,3.0,3.0,1.0,1.0,1.0,4.0,2.0,2.2,0.20000000000000018,2.2,0.20000000000000018,0.20000000000000018,-1.7999999999999998,-1.7999999999999998,-1.7999999999999998,1.2000000000000002,-0.7999999999999998,2.8,1.469693845669907,,,6.75,5.5,,,,5.5,,,,,-0.6014793658594199,-2.200061508784977,,,,-1.819035704246295,,,5.916666666666667,1.25,-1.5401921929635638,-0.6014793658594199,0.0,1.0,0.0,0.0,0.0,0.0,0.0,0.0,0.0,0.0,0.0,0.0,0.0,0.0,0.0,0.0,1.0,7340120,1,khaosat,0,1.0
3.0,2.0,4.0,2.0,3.0,2.0,2.0,3.0,3.0,5.0,0.10000000000000009,-0.8999999999999999,1.1,-0.8999999999999999,0.10000000000000009,-0.8999999999999999,-0.8999999999999999,0.10000000000000009,0.10000000000000009,2.1,2.9,0.9433981132056604,,,,5.0,,,,9.0,8.75,,,,,-2.789486896155833,,,,1.9716417370358892,1.659302164653506,,7.583333333333333,4.0,0.28048566851118745,1.9716417370358892,1.0,0.0,0.0,0.0,0.0,0.0,0.0,0.0,0.0,0.0,0.0,0.0,0.0,0.0,0.0,1.0,1.0,7340123,3,khaosat,0,1.0
1.0,5.0,4.0,4.0,4.0,1.0,2.0,2.0,3.0,1.0,-1.7000000000000002,2.3,1.2999999999999998,1.2999999999999998,1.2999999999999998,-1.7000000000000002,-0.7000000000000002,-0.7000000000000002,0.2999999999999998,-1.7000000000000002,2.7,1.4177446878757827,,,,5.25,,,,8.25,6.0,,,,,-2.494774202470405,,,,1.1593537139039927,-1.7072298865046762,,6.5,3.0,-1.0142167916903628,1.1593537139039927,1.0,0.0,0.0,0.0,0.0,0.0,0.0,0.0,0.0,0.0,0.0,0.0,0.0,0.0,0.0,1.0,1.0,7480202,0,khaosat,0,1.0
4.0,1.0,2.0,2.0,3.0,1.0,1.0,5.0,2.0,3.0,1.6,-1.4,-0.3999999999999999,-0.3999999999999999,0.6000000000000001,-1.4,-1.4,2.6,-0.3999999999999999,0.6000000000000001,2.4,1.2806248474865698,,,7.75,7.75,,,,8.5,,,,,0.3633258265302493,0.45235273438387363,,,,1.4301163882812915,,,8.0,0.75,0.7485983163984714,1.4301163882812915,0.0,1.0,0.0,0.0,0.0,0.0,0.0,0.0,0.0,0.0,0.0,0.0,0.0,0.0,0.0,1.0,1.0,7810103,4,khaosat,0,1.0
5.0,1.0,2.0,3.0,3.0,1.0,1.0,3.0,3.0,2.0,2.6,-1.4,-0.3999999999999999,0.6000000000000001,0.6000000000000001,-1.4,-1.4,0.6000000000000001,0.6000000000000001,-0.3999999999999999,2.4,1.2,,,5.0,8.25,,,,6.5,,,,,-2.289888452541341,1.0417781217547293,,,,-0.7359850067370995,,,6.583333333333333,3.25,-0.6613651125079039,1.0417781217547293,0.0,1.0,0.0,0.0,0.0,0.0,0.0,0.0,0.0,0.0,0.0,0.0,0.0,0.0,0.0,1.0,1.0,7810201,4,khaosat,0,1.0
4.0,1.0,3.0,3.0,3.0,2.0,1.0,3.0,3.0,2.0,1.5,-1.5,0.5,0.5,0.5,-0.5,-1.5,0.5,0.5,-0.5,2.5,0.9219544457292888,,,6.75,6.0,,,,6.5,,,,,-0.6014793658594199,-1.6106361214141214,,,,-0.7359850067370995,,,6.416666666666667,0.75,-0.9827001646702137,-0.6014793658594199,0.0,1.0,0.0,0.0,0.0,0.0,0.0,0.0,0.0,0.0,0.0,0.0,0.0,0.0,0.0,0.0,1.0,7810101,4,khaosat,1,1.0
4.0,3.0,4.0,5.0,3.0,1.0,1.0,1.0,2.0,3.0,1.2999999999999998,0.2999999999999998,1.2999999999999998,2.3,0.2999999999999998,-1.7000000000000002,-1.7000000000000002,-1.7000000000000002,-0.7000000000000002,0.2999999999999998,2.7,1.3453624047073711,,,9.0,9.25,,,,,6.25,,,,1.5693323170173359,2.2206288964964407,,,,,-1.4011815182175686,,8.166666666666666,3.0,0.7962598984320692,2.2206288964964407,0.0,0.0,0.0,0.0,0.0,0.0,0.0,0.0,0.0,1.0,0.0,0.0,0.0,0.0,0.0,1.0,3.0,7510601,3,khaosat,1,1.0
4.0,2.0,2.0,3.0,2.0,2.0,1.0,4.0,3.0,2.0,1.5,-0.5,-0.5,0.5,-0.5,-0.5,-1.5,1.5,0.5,-0.5,2.5,0.9219544457292888,,,6.75,7.25,,,,7.5,,,,,-0.6014793658594199,-0.13707265298698207,,,,0.347065690772096,,,7.166666666666667,0.75,-0.1304954426914353,0.347065690772096,0.0,1.0,0.0,0.0,0.0,0.0,0.0,0.0,0.0,0.0,0.0,0.0,0.0,0.0,0.0,1.0,1.0,7810103,4,khaosat,0,1.0
4.0,3.0,3.0,4.0,2.0,1.0,1.0,2.0,3.0,3.0,1.4,0.3999999999999999,0.3999999999999999,1.4,-0.6000000000000001,-1.6,-1.6,-0.6000000000000001,0.3999999999999999,0.3999999999999999,2.6,1.019803902718557,,,,9.0,,,,6.5,8.5,,,,,1.9259162028110128,,,,-0.7359850067370995,1.3532537963663984,,8.0,2.5,0.8477283308134371,1.9259162028110128,1.0,0.0,0.0,0.0,0.0,0.0,0.0,0.0,0.0,0.0,0.0,0.0,0.0,0.0,0.0,1.0,1.0,7340201,2,khaosat,0,1.0
2.0,5.0,4.0,5.0,5.0,2.0,1.0,1.0,3.0,2.0,-1.0,2.0,1.0,2.0,2.0,-1.0,-2.0,-2.0,0.0,-1.0,3.0,1.5491933384829668,,,,6.0,,,,8.5,7.75,,,,,-1.6106361214141214,,,,1.4301163882812915,0.4351086915050761,,7.416666666666667,2.5,0.08486298612408207,1.4301163882812915,1.0,0.0,0.0,0.0,0.0,0.0,0.0,0.0,0.0,0.0,0.0,0.0,0.0,0.0,0.0,1.0,3.0,7510303,5,khaosat,0,1.0
4.0,1.0,5.0,5.0,5.0,1.0,2.0,1.0,1.0,1.0,1.4,-1.6,2.4,2.4,2.4,-1.6,-0.6000000000000001,-1.6,-1.6,-1.6,2.6,1.8000000000000003,,,5.75,7.0,,,,,6.75,,,,-1.5662845582490892,-0.4317853466724099,,,,,-0.7890847816433537,,6.5,1.25,-0.9290515621882843,-0.4317853466724099,0.0,0.0,0.0,0.0,0.0,0.0,0.0,0.0,0.0,1.0,0.0,0.0,0.0,0.0,0.0,1.0,1.0,7510203,5,khaosat,0,1.0
5.0,2.0,5.0,3.0,3.0,1.0,1.0,1.0,4.0,3.0,2.2,-0.7999999999999998,2.2,0.20000000000000018,0.20000000000000018,-1.7999999999999998,-1.7999999999999998,-1.7999999999999998,1.2000000000000002,0.20000000000000018,2.8,1.4696938456699067,8.0,,6.25,9.0,,,,,,,0.936090275727828,,-1.0838819620542546,1.9259162028110128,,,,,,,7.75,2.75,0.5927081721615287,1.9259162028110128,0.0,0.0,0.0,0.0,0.0,0.0,0.0,0.0,1.0,0.0,0.0,0.0,0.0,0.0,0.0,1.0,1.0,7340101,1,khaosat,0,1.0
4.0,2.0,2.0,3.0,2.0,1.0,1.0,4.0,3.0,2.0,1.6,-0.3999999999999999,-0.3999999999999999,0.6000000000000001,-0.3999999999999999,-1.4,-1.4,1.6,0.6000000000000001,-0.3999999999999999,2.4,1.019803902718557,5.5,7.25,,,,,8.25,,,,-1.3097026435437713,0.7761090518845736,,,,,0.8048513520688626,,,,7.0,2.75,0.09041925346988829,0.8048513520688626,0.0,0.0,0.0,0.0,1.0,0.0,0.0,0.0,0.0,0.0,0.0,0.0,0.0,0.0,0.0,0.0,1.0,7810202,4,khaosat,0,1.0
2.0,3.0,2.0,3.0,5.0,5.0,3.0,3.0,3.0,2.0,-1.1,-0.10000000000000009,-1.1,-0.10000000000000009,1.9,1.9,-0.10000000000000009,-0.10000000000000009,-0.10000000000000009,-1.1,3.1,1.044030650891055,,,,6.0,,,,,5.75,6.5,,,,-1.6106361214141214,,,,,-2.013278254791784,-0.5993885005528671,6.083333333333333,0.75,-1.4077676255862575,-0.5993885005528671,0.0,0.0,1.0,0.0,0.0,0.0,0.0,0.0,0.0,0.0,0.0,0.0,0.0,0.0,0.0,1.0,1.0,7420201,7,khaosat,0,1.0
2.0,2.0,3.0,4.0,3.0,4.0,3.0,5.0,2.0,2.0,-1.0,-1.0,0.0,1.0,0.0,1.0,0.0,2.0,-1.0,-1.0,3.0,1.0,,,,9.5,,,,6.75,7.25,,,,,2.5153415901818685,,,,-0.4652223323598006,-0.17698804506913884,,7.833333333333333,2.75,0.6243770709176432,2.5153415901818685,1.0,0.0,0.0,0.0,0.0,0.0,0.0,0.0,0.0,0.0,0.0,0.0,0.0,0.0,0.0,1.0,1.0,7340129,7,khaosat,0,1.0
3.0,2.0,2.0,4.0,5.0,4.0,2.0,4.0,2.0,2.0,0.0,-1.0,-1.0,1.0,2.0,1.0,-1.0,1.0,-1.0,-1.0,3.0,1.0954451150103321,,,8.75,7.5,,,,,7.25,,,,1.3281310189199185,0.15764004069844578,,,,,-0.17698804506913884,,7.833333333333333,1.5,0.4362610048497418,1.3281310189199185,0.0,0.0,0.0,0.0,0.0,0.0,0.0,0.0,0.0,1.0,0.0,0.0,0.0,0.0,0.0,0.0,3.0,7540105,7,khaosat,0,1.0
2.0,3.0,4.0,2.0,3.0,1.0,2.0,3.0,2.0,4.0,-0.6000000000000001,0.3999999999999999,1.4,-0.6000000000000001,0.3999999999999999,-1.6,-0.6000000000000001,0.3999999999999999,-0.6000000000000001,1.4,2.6,0.9165151389911681,,,8.75,5.25,,,,,6.0,,,,1.3281310189199185,-2.494774202470405,,,,,-1.7072298865046762,,6.666666666666667,3.5,-0.9579576900183876,1.3281310189199185,0.0,0.0,0.0,0.0,0.0,0.0,0.0,0.0,0.0,1.0,0.0,0.0,0.0,0.0,0.0,1.0,1.0,7340123,3,khaosat,0,1.0
3.0,2.0,2.0,4.0,5.0,3.0,5.0,2.0,3.0,2.0,-0.10000000000000009,-1.1,-1.1,0.8999999999999999,1.9,-0.10000000000000009,1.9,-1.1,-0.10000000000000009,-1.1,3.1,1.1357816691600546,,,,9.0,,,,,7.0,9.0,,,,1.9259162028110128,,,,,-0.4830364133562463,2.1020235825895033,8.333333333333334,2.0,1.18163445734809,2.1020235825895033,0.0,0.0,1.0,0.0,0.0,0.0,0.0,0.0,0.0,0.0,0.0,0.0,0.0,0.0,0.0,1.0,1.0,7850101,7,khaosat,0,1.0
5.0,1.0,2.0,2.0,2.0,1.0,1.0,5.0,3.0,2.0,2.6,-1.4,-0.3999999999999999,-0.3999999999999999,-0.3999999999999999,-1.4,-1.4,2.6,0.6000000000000001,-0.3999999999999999,2.4,1.42828568570857,,,,5.25,,,,6.75,8.5,,,,,-2.494774202470405,,,,-0.4652223323598006,1.3532537963663984,,6.833333333333333,3.25,-0.535580912821269,1.3532537963663984,1.0,0.0,0.0,0.0,0.0,0.0,0.0,0.0,0.0,0.0,0.0,0.0,0.0,0.0,0.0,0.0,1.0,7810101,4,khaosat,1,1.0
4.0,2.0,5.0,5.0,2.0,2.0,1.0,1.0,3.0,3.0,1.2000000000000002,-0.7999999999999998,2.2,2.2,-0.7999999999999998,-0.7999999999999998,-1.7999999999999998,-1.7999999999999998,0.20000000000000018,0.20000000000000018,2.8,1.4,,,8.5,9.0,,,,8.25,,,,,1.0869297208225013,1.9259162028110128,,,,1.1593537139039927,,,8.583333333333334,0.75,1.390733212512502,1.9259162028110128,0.0,1.0,0.0,0.0,0.0,0.0,0.0,0.0,0.0,0.0,0.0,0.0,0.0,0.0,0.0,1.0,1.0,7510605,3,khaosat,1,1.0
3.0,3.0,3.0,5.0,3.0,5.0,3.0,3.0,2.0,1.0,-0.10000000000000009,-0.10000000000000009,-0.10000000000000009,1.9,-0.10000000000000009,1.9,-0.10000000000000009,-0.10000000000000009,-1.1,-2.1,3.1,1.1357816691600546,,,,9.0,,,,,7.25,7.5,,,,1.9259162028110128,,,,,-0.17698804506913884,0.48117633270408106,7.916666666666667,1.75,0.7433681634819851,1.9259162028110128,0.0,0.0,1.0,0.0,0.0,0.0,0.0,0.0,0.0,0.0,0.0,0.0,0.0,0.0,0.0,0.0,1.0,7510402,6,khaosat,0,1.0
3.0,4.0,5.0,5.0,3.0,2.0,1.0,2.0,3.0,2.0,0.0,1.0,2.0,2.0,0.0,-1.0,-2.0,-1.0,0.0,-1.0,3.0,1.2649110640673518,,,,6.5,,,,8.0,5.25,,,,,-1.0212107340432657,,,,0.8885910395266937,-2.6253749913659985,,6.583333333333333,2.75,-0.9193315619608567,0.8885910395266937,1.0,0.0,0.0,0.0,0.0,0.0,0.0,0.0,0.0,0.0,0.0,0.0,0.0,0.0,0.0,0.0,1.0,7520115,6,khaosat,0,1.0
2.0,2.0,2.0,5.0,5.0,3.0,4.0,3.0,2.0,1.0,-0.8999999999999999,-0.8999999999999999,-0.8999999999999999,2.1,2.1,0.10000000000000009,1.1,0.10000000000000009,-0.8999999999999999,-1.9,2.9,1.3,,,,5.0,,,,,5.25,9.25,,,,-2.789486896155833,,,,,-2.6253749913659985,2.3721647909037404,6.5,4.25,-1.0142323655393637,2.3721647909037404,0.0,0.0,1.0,0.0,0.0,0.0,0.0,0.0,0.0,0.0,0.0,0.0,0.0,0.0,0.0,1.0,1.0,7510406,7,khaosat,0,1.0
4.0,1.0,5.0,3.0,3.0,1.0,2.0,2.0,2.0,3.0,1.4,-1.6,2.4,0.3999999999999999,0.3999999999999999,-1.6,-0.6000000000000001,-0.6000000000000001,-0.6000000000000001,0.3999999999999999,2.6,1.2,,,5.75,5.0,,,,7.25,,,,,-1.5662845582490892,-2.789486896155833,,,,0.07630301639479713,,,6.0,2.25,-1.4264894793367082,0.07630301639479713,0.0,1.0,0.0,0.0,0.0,0.0,0.0,0.0,0.0,0.0,0.0,0.0,0.0,0.0,0.0,1.0,1.0,7340101,1,khaosat,0,1.0
3.0,3.0,4.0,2.0,2.0,1.0,1.0,2.0,3.0,5.0,0.3999999999999999,0.3999999999999999,1.4,-0.6000000000000001,-0.6000000000000001,-1.6,-1.6,-0.6000000000000001,0.3999999999999999,2.4,2.6,1.2,5.5,,9.0,9.5,,,,,,,-1.3097026435437713,,1.5693323170173359,2.5153415901818685,,,,,,,8.0,4.0,0.9249904212184777,2.5153415901818685,0.0,0.0,0.0,0.0,0.0,0.0,0.0,0.0,1.0,0.0,0.0,0.0,0.0,0.0,0.0,0.0,3.0,7340123,3,khaosat,0,1.0
2.0,2.0,3.0,3.0,4.0,4.0,2.0,3.0,3.0,2.0,-0.7999999999999998,-0.7999999999999998,0.20000000000000018,0.20000000000000018,1.2000000000000002,1.2000000000000002,-0.7999999999999998,0.20000000000000018,0.20000000000000018,-0.7999999999999998,2.8,0.7483314773547882,,,,5.75,,,,5.25,9.25,,,,,-1.9053488150995492,,,,-2.089798378623594,2.271398901227721,,6.75,4.0,-0.5745827641651408,2.271398901227721,1.0,0.0,0.0,0.0,0.0,0.0,0.0,0.0,0.0,0.0,0.0,0.0,0.0,0.0,0.0,1.0,1.0,7420201,7,khaosat,0,1.0
4.0,1.0,3.0,5.0,2.0,2.0,2.0,2.0,2.0,2.0,1.5,-1.5,0.5,2.5,-0.5,-0.5,-0.5,-0.5,-0.5,-0.5,2.5,1.118033988749895,,,7.25,6.5,,,,7.25,,,,,-0.11907676966458527,-1.0212107340432657,,,,0.07630301639479713,,,7.0,0.75,-0.35466149577101796,0.07630301639479713,0.0,1.0,0.0,0.0,0.0,0.0,0.0,0.0,0.0,0.0,0.0,0.0,0.0,0.0,0.0,1.0,1.0,7340201,2,khaosat,0,1.0
5.0,2.0,3.0,4.0,3.0,2.0,1.0,1.0,4.0,3.0,2.2,-0.7999999999999998,0.20000000000000018,1.2000000000000002,0.20000000000000018,-0.7999999999999998,-1.7999999999999998,-1.7999999999999998,1.2000000000000002,0.20000000000000018,2.8,1.2489995996796797,7.5,,6.0,8.5,,,,,,,0.4869316918735082,,-1.3250832601516718,1.3364908154401571,,,,,,,7.333333333333333,2.5,0.16611308238733122,1.3364908154401571,0.0,0.0,0.0,0.0,0.0,0.0,0.0,0.0,1.0,0.0,0.0,0.0,0.0,0.0,0.0,0.0,1.0,7340122,1,khaosat,0,1.0
3.0,4.0,2.0,4.0,5.0,1.0,3.0,1.0,5.0,1.0,0.10000000000000009,1.1,-0.8999999999999999,1.1,2.1,-1.9,0.10000000000000009,-1.9,2.1,-1.9,2.9,1.5132745950421556,,,,7.0,,,,8.0,7.5,,,,,-0.4317853466724099,,,,0.8885910395266937,0.12906032321796862,,7.5,1.0,0.19528867202408415,0.8885910395266937,1.0,0.0,0.0,0.0,0.0,0.0,0.0,0.0,0.0,0.0,0.0,0.0,0.0,0.0,0.0,0.0,1.0,7340120,1,khaosat,0,1.0
4.0,1.0,3.0,3.0,3.0,2.0,1.0,4.0,3.0,2.0,1.4,-1.6,0.3999999999999999,0.3999999999999999,0.3999999999999999,-0.6000000000000001,-1.6,1.4,0.3999999999999999,-0.6000000000000001,2.6,1.019803902718557,6.0,6.5,,,,,7.5,,,,-0.8605440596894514,0.19402726297114287,,,,,0.020974483114868825,,,,6.666666666666667,1.5,-0.21518077120114656,0.19402726297114287,0.0,0.0,0.0,0.0,1.0,0.0,0.0,0.0,0.0,0.0,0.0,0.0,0.0,0.0,0.0,1.0,1.0,7810202,4,khaosat,0,1.0
2.0,2.0,5.0,2.0,3.0,2.0,1.0,2.0,2.0,5.0,-0.6000000000000001,-0.6000000000000001,2.4,-0.6000000000000001,0.3999999999999999,-0.6000000000000001,-1.6,-0.6000000000000001,-0.6000000000000001,2.4,2.6,1.2806248474865698,,,7.25,7.25,,,,8.0,,,,,-0.11907676966458527,-0.13707265298698207,,,,0.8885910395266937,,,7.5,0.75,0.21081387229170878,0.8885910395266937,0.0,1.0,0.0,0.0,0.0,0.0,0.0,0.0,0.0,0.0,0.0,0.0,0.0,0.0,0.0,0.0,1.0,7340123,3,khaosat,0,1.0
5.0,3.0,5.0,4.0,3.0,2.0,1.0,2.0,3.0,2.0,2.0,0.0,2.0,1.0,0.0,-1.0,-2.0,-1.0,0.0,-1.0,3.0,1.2649110640673518,,,6.25,8.0,,,,9.5,,,,,-1.0838819620542546,0.7470654280693014,,,,2.513167085790487,,,7.916666666666667,3.25,0.725450183935178,2.513167085790487,0.0,1.0,0.0,0.0,0.0,0.0,0.0,0.0,0.0,0.0,0.0,0.0,0.0,0.0,0.0,1.0,1.0,7340115,1,khaosat,0,1.0
1.0,5.0,4.0,4.0,4.0,4.0,4.0,4.0,4.0,4.0,-2.8,1.2000000000000002,0.20000000000000018,0.20000000000000018,0.20000000000000018,0.20000000000000018,0.20000000000000018,0.20000000000000018,0.20000000000000018,0.20000000000000018,3.8,0.9797958971132715,7.5,8.0,,,,,8.0,,,,0.4869316918735082,1.3581908407980043,,,,,0.5435590624175314,,,,7.833333333333333,0.5,0.7962271983630146,1.3581908407980043,0.0,0.0,0.0,0.0,1.0,0.0,0.0,0.0,0.0,0.0,0.0,0.0,0.0,0.0,0.0,0.0,1.0,7810103,4,khaosat,0,1.0
2.0,5.0,3.0,1.0,5.0,1.0,5.0,3.0,4.0,3.0,-1.2000000000000002,1.7999999999999998,-0.20000000000000018,-2.2,1.7999999999999998,-2.2,1.7999999999999998,-0.20000000000000018,0.7999999999999998,-0.20000000000000018,3.2,1.4696938456699067,7.25,8.8,,,,,9.0,,,,0.26235239994634824,1.9790780823056642,,,,,1.5887282210228564,,,,8.35,1.75,1.2767195677582894,1.9790780823056642,0.0,0.0,0.0,0.0,1.0,0.0,0.0,0.0,0.0,0.0,0.0,0.0,0.0,0.0,0.0,0.0,1.0,7810103,4,khaosat,0,1.0
1.0,3.0,3.0,4.0,5.0,3.0,2.0,4.0,3.0,2.0,-2.0,0.0,0.0,1.0,2.0,0.0,-1.0,1.0,0.0,-1.0,3.0,1.0954451150103321,8.5,9.3,,,,,8.0,,,,1.385248859582148,2.3671326082479514,,,,,0.5435590624175314,,,,8.6,1.3000000000000007,1.4319801767492102,2.3671326082479514,0.0,0.0,0.0,0.0,1.0,0.0,0.0,0.0,0.0,0.0,0.0,0.0,0.0,0.0,0.0,0.0,1.0,7810103,4,khaosat,0,1.0
3.0,4.0,3.0,4.0,3.0,3.0,3.0,3.0,3.0,3.0,-0.20000000000000018,0.7999999999999998,-0.20000000000000018,0.7999999999999998,-0.20000000000000018,-0.20000000000000018,-0.20000000000000018,-0.20000000000000018,-0.20000000000000018,-0.20000000000000018,3.2,0.39999999999999997,7.5,8.5,,,,,8.25,,,,0.4869316918735082,1.7462453667402913,,,,,0.8048513520688626,,,,8.083333333333334,1.0,1.0126761368942208,1.7462453667402913,0.0,0.0,0.0,0.0,1.0,0.0,0.0,0.0,0.0,0.0,0.0,0.0,0.0,0.0,0.0,0.0,3.0,7810103,4,khaosat,0,1.0
5.0,1.0,3.0,4.0,3.0,5.0,5.0,2.0,2.0,2.0,1.7999999999999998,-2.2,-0.20000000000000018,0.7999999999999998,-0.20000000000000018,1.7999999999999998,1.7999999999999998,-1.2000000000000002,-1.2000000000000002,-1.2000000000000002,3.2,1.4000000000000001,7.75,8.0,,,,,8.0,,,,0.7115109838006681,1.3581908407980043,,,,,0.5435590624175314,,,,7.916666666666667,0.25,0.8710869623387345,1.3581908407980043,0.0,0.0,0.0,0.0,1.0,0.0,0.0,0.0,0.0,0.0,0.0,0.0,0.0,0.0,0.0,0.0,4.0,7380107,8,khaosat,0,1.0
3.0,2.0,2.0,4.0,5.0,5.0,3.0,4.0,2.0,1.0,-0.10000000000000009,-1.1,-1.1,0.8999999999999999,1.9,1.9,-0.10000000000000009,0.8999999999999999,-1.1,-2.1,3.1,1.3,,,9.0,8.0,,,,,,8.0,,,1.5693323170173359,0.7470654280693014,,,,,,1.021458749332555,8.333333333333334,1.0,1.112618831473064,1.5693323170173359,0.0,0.0,0.0,1.0,0.0,0.0,0.0,0.0,0.0,0.0,0.0,0.0,0.0,0.0,0.0,1.0,1.0,7540106,7,khaosat,0,1.0
5.0,3.0,4.0,4.0,4.0,4.0,4.0,4.0,4.0,3.0,1.1,-0.8999999999999999,0.10000000000000009,0.10000000000000009,0.10000000000000009,0.10000000000000009,0.10000000000000009,0.10000000000000009,0.10000000000000009,-0.8999999999999999,3.9,0.5385164807134505,8.0,,7.0,5.0,,,,,,,0.936090275727828,,-0.3602780677620026,-2.789486896155833,,,,,,,6.666666666666667,3.0,-0.7378915627300024,0.936090275727828,0.0,0.0,0.0,0.0,0.0,0.0,0.0,0.0,1.0,0.0,0.0,0.0,0.0,0.0,0.0,0.0,1.0,7380101,8,khaosat,1,1.0
5.0,4.0,5.0,1.0,5.0,4.0,5.0,1.0,5.0,5.0,1.0,0.0,1.0,-3.0,1.0,0.0,1.0,-3.0,1.0,1.0,4.0,1.5491933384829668,7.75,,,5.0,,,6.75,,,,0.7115109838006681,,,-2.789486896155833,,,-0.762902385839125,,,,6.5,2.75,-0.9469594327314299,0.7115109838006681,0.0,0.0,0.0,0.0,0.0,0.0,0.0,1.0,0.0,0.0,0.0,0.0,0.0,0.0,0.0,0.0,2.0,7540204,6,khaosat,0,1.0
3.0,3.0,3.0,5.0,5.0,4.0,4.0,4.0,4.0,4.0,-0.8999999999999999,-0.8999999999999999,-0.8999999999999999,1.1,1.1,0.10000000000000009,0.10000000000000009,0.10000000000000009,0.10000000000000009,0.10000000000000009,3.9,0.7,6.5,,,6.0,,,,8.0,,,-0.4113854758351315,,,-1.6106361214141214,,,,0.8885910395266937,,,6.833333333333333,2.0,-0.37781018590751964,0.8885910395266937,0.0,0.0,0.0,0.0,0.0,1.0,0.0,0.0,0.0,0.0,0.0,0.0,0.0,0.0,0.0,0.0,1.0,7540204,6,khaosat,0,1.0
3.0,3.0,1.0,3.0,3.0,3.0,2.0,3.0,3.0,3.0,0.2999999999999998,0.2999999999999998,-1.7000000000000002,0.2999999999999998,0.2999999999999998,0.2999999999999998,-0.7000000000000002,0.2999999999999998,0.2999999999999998,0.2999999999999998,2.7,0.6403124237432849,,,4.0,5.75,,,,7.25,,,,,-3.2546936449310104,-1.9053488150995492,,,,0.07630301639479713,,,5.666666666666667,3.25,-1.6945798145452544,0.07630301639479713,0.0,1.0,0.0,0.0,0.0,0.0,0.0,0.0,0.0,0.0,0.0,0.0,0.0,0.0,0.0,0.0,1.0,7540204,6,khaosat,0,1.0
5.0,1.0,5.0,5.0,5.0,5.0,5.0,5.0,3.0,4.0,0.7000000000000002,-3.3,0.7000000000000002,0.7000000000000002,0.7000000000000002,0.7000000000000002,0.7000000000000002,0.7000000000000002,-1.2999999999999998,-0.2999999999999998,4.3,1.268857754044952,,,,5.5,,,,5.5,5.0,,,,,-2.200061508784977,,,,-1.819035704246295,-2.931423359653106,,5.333333333333333,0.5,-2.316840190894793,-1.819035704246295,1.0,0.0,0.0,0.0,0.0,0.0,0.0,0.0,0.0,0.0,0.0,0.0,0.0,0.0,0.0,0.0,1.0,7540204,6,khaosat,0,1.0
3.0,3.0,5.0,4.0,4.0,4.0,4.0,5.0,4.0,3.0,-0.8999999999999999,-0.8999999999999999,1.1,0.10000000000000009,0.10000000000000009,0.10000000000000009,0.10000000000000009,1.1,0.10000000000000009,-0.8999999999999999,3.9,0.7000000000000001,,,5.0,6.0,,,,7.5,,,,,-2.289888452541341,-1.6106361214141214,,,,0.347065690772096,,,6.166666666666667,2.5,-1.1844862943944554,0.347065690772096,0.0,1.0,0.0,0.0,0.0,0.0,0.0,0.0,0.0,0.0,0.0,0.0,0.0,0.0,0.0,0.0,3.0,7340120,1,khaosat,0,1.0
4.0,3.0,3.0,4.0,3.0,1.0,1.0,2.0,2.0,2.0,1.5,0.5,0.5,1.5,0.5,-1.5,-1.5,-0.5,-0.5,-0.5,2.5,1.02469507659596,,,,8.75,,,,7.25,7.25,,,,,1.631203509125585,,,,0.07630301639479713,-0.17698804506913884,,7.75,1.5,0.5101728268170811,1.631203509125585,1.0,0.0,0.0,0.0,0.0,0.0,0.0,0.0,0.0,0.0,0.0,0.0,0.0,0.0,0.0,0.0,1.0,7340115,1,khaosat,0,1.0
5.0,1.0,5.0,5.0,5.0,5.0,5.0,5.0,5.0,5.0,0.40000000000000036,-3.5999999999999996,0.40000000000000036,0.40000000000000036,0.40000000000000036,0.40000000000000036,0.40000000000000036,0.40000000000000036,0.40000000000000036,0.40000000000000036,4.6,1.2,,,,7.0,,,,8.0,9.0,,,,,-0.4317853466724099,,,,0.8885910395266937,1.9653505329406133,,8.0,2.0,0.8073854085982991,1.9653505329406133,1.0,0.0,0.0,0.0,0.0,0.0,0.0,0.0,0.0,0.0,0.0,0.0,0.0,0.0,0.0,1.0,3.0,7510203,5,khaosat,0,1.0
4.0,2.0,4.0,4.0,3.0,5.0,4.0,3.0,4.0,2.0,0.5,-1.5,0.5,0.5,-0.5,1.5,0.5,-0.5,0.5,-1.5,3.5,0.9219544457292888,,,,6.0,,,,6.75,8.25,,,,,-1.6106361214141214,,,,-0.4652223323598006,1.047205428079291,,7.0,2.25,-0.3428843418982102,1.047205428079291,1.0,0.0,0.0,0.0,0.0,0.0,0.0,0.0,0.0,0.0,0.0,0.0,0.0,0.0,0.0,0.0,2.0,7510401,6,khaosat,0,1.0
3.0,5.0,4.0,3.0,4.0,3.0,5.0,5.0,4.0,2.0,-0.7999999999999998,1.2000000000000002,0.20000000000000018,-0.7999999999999998,0.20000000000000018,-0.7999999999999998,1.2000000000000002,1.2000000000000002,0.20000000000000018,-1.7999999999999998,3.8,0.9797958971132712,,,,8.0,,,,,8.3,8.0,,,,0.7470654280693014,,,,,1.1084151017367134,1.021458749332555,8.1,0.3000000000000007,0.9589797597128568,1.1084151017367134,0.0,0.0,1.0,0.0,0.0,0.0,0.0,0.0,0.0,0.0,0.0,0.0,0.0,0.0,0.0,0.0,2.0,7420201,7,khaosat,0,1.0
5.0,3.0,5.0,5.0,4.0,4.0,5.0,5.0,5.0,5.0,0.40000000000000036,-1.5999999999999996,0.40000000000000036,0.40000000000000036,-0.5999999999999996,-0.5999999999999996,0.40000000000000036,0.40000000000000036,0.40000000000000036,0.40000000000000036,4.6,0.6633249580710798,8.0,,,7.5,,,,6.0,,,0.936090275727828,,,0.15764004069844578,,,,-1.2775103554916973,,,7.166666666666667,2.0,-0.06126001302180787,0.936090275727828,0.0,0.0,0.0,0.0,0.0,1.0,0.0,0.0,0.0,0.0,0.0,0.0,0.0,0.0,0.0,1.0,1.0,7510203,5,khaosat,0,1.0
3.0,3.0,5.0,5.0,5.0,5.0,5.0,5.0,5.0,5.0,-1.5999999999999996,-1.5999999999999996,0.40000000000000036,0.40000000000000036,0.40000000000000036,0.40000000000000036,0.40000000000000036,0.40000000000000036,0.40000000000000036,0.40000000000000036,4.6,0.7999999999999999,,,,6.75,,,,8.75,8.25,,,,,-0.7264980403578377,,,,1.7008790626585903,1.047205428079291,,7.916666666666667,2.0,0.6738621501266812,1.7008790626585903,1.0,0.0,0.0,0.0,0.0,0.0,0.0,0.0,0.0,0.0,0.0,0.0,0.0,0.0,0.0,1.0,1.0,7340115,1,khaosat,0,1.0
4.0,2.0,3.0,2.0,2.0,2.0,1.0,4.0,2.0,3.0,1.5,-0.5,0.5,-0.5,-0.5,-0.5,-1.5,1.5,-0.5,0.5,2.5,0.9219544457292888,,,,8.0,,,,9.5,5.5,,,,,0.7470654280693014,,,,2.513167085790487,-2.319326623078891,,7.666666666666667,4.0,0.3136352969269658,2.513167085790487,1.0,0.0,0.0,0.0,0.0,0.0,0.0,0.0,0.0,0.0,0.0,0.0,0.0,0.0,0.0,0.0,4.0,7810202,4,khaosat,0,1.0
2.0,4.0,3.0,4.0,5.0,3.0,4.0,4.0,5.0,5.0,-1.9,0.10000000000000009,-0.8999999999999999,0.10000000000000009,1.1,-0.8999999999999999,0.10000000000000009,0.10000000000000009,1.1,1.1,3.9,0.9433981132056604,7.8,,7.0,8.0,,,,,,,0.7564268421860999,,-0.3602780677620026,0.7470654280693014,,,,,,,7.6000000000000005,1.0,0.3810714008311329,0.7564268421860999,0.0,0.0,0.0,0.0,0.0,0.0,0.0,0.0,1.0,0.0,0.0,0.0,0.0,0.0,0.0,0.0,1.0,7460108,0,khaosat,0,1.0
2.0,5.0,4.0,5.0,4.0,2.0,2.0,2.0,3.0,2.0,-1.1,1.9,0.8999999999999999,1.9,0.8999999999999999,-1.1,-1.1,-1.1,-0.10000000000000009,-1.1,3.1,1.2206555615733705,,,,5.75,,,,6.0,8.0,,,,,-1.9053488150995492,,,,-1.2775103554916973,0.7411570597921835,,6.583333333333333,2.25,-0.8139007035996877,0.7411570597921835,1.0,0.0,0.0,0.0,0.0,0.0,0.0,0.0,0.0,0.0,0.0,0.0,0.0,0.0,0.0,1.0,1.0,7510202,5,khaosat,0,1.0
1.0,4.0,4.0,3.0,4.0,4.0,4.0,3.0,4.0,5.0,-2.6,0.3999999999999999,0.3999999999999999,-0.6000000000000001,0.3999999999999999,0.3999999999999999,0.3999999999999999,-0.6000000000000001,0.3999999999999999,1.4,3.6,1.019803902718557,,,7.0,5.0,,,,,9.0,,,,-0.3602780677620026,-2.789486896155833,,,,,1.9653505329406133,,7.0,4.0,-0.3948048103257407,1.9653505329406133,0.0,0.0,0.0,0.0,0.0,0.0,0.0,0.0,0.0,1.0,0.0,0.0,0.0,0.0,0.0,0.0,2.0,7540101,7,khaosat,0,1.0
3.0,4.0,3.0,3.0,3.0,3.0,4.0,4.0,3.0,4.0,-0.3999999999999999,0.6000000000000001,-0.3999999999999999,-0.3999999999999999,-0.3999999999999999,-0.3999999999999999,0.6000000000000001,0.6000000000000001,-0.3999999999999999,0.6000000000000001,3.4,0.48989794855663565,,,,4.25,,,,8.8,8.0,,,,,-3.6736249772121163,,,,1.755031597534051,0.7411570597921835,,7.016666666666667,4.550000000000001,-0.39247877329529396,1.755031597534051,1.0,0.0,0.0,0.0,0.0,0.0,0.0,0.0,0.0,0.0,0.0,0.0,0.0,0.0,0.0,0.0,1.0,7510401,6,khaosat,0,1.0
4.0,3.0,3.0,3.0,3.0,4.0,5.0,5.0,3.0,5.0,0.20000000000000018,-0.7999999999999998,-0.7999999999999998,-0.7999999999999998,-0.7999999999999998,0.20000000000000018,1.2000000000000002,1.2000000000000002,-0.7999999999999998,1.2000000000000002,3.8,0.8717797887081347,,,7.0,9.0,,,,7.0,,,,,-0.3602780677620026,1.9259162028110128,,,,-0.19445965798250175,,,7.666666666666667,2.0,0.45705949235550286,1.9259162028110128,0.0,1.0,0.0,0.0,0.0,0.0,0.0,0.0,0.0,0.0,0.0,0.0,0.0,0.0,0.0,0.0,3.0,7340101,1,khaosat,0,1.0
3.0,3.0,3.0,4.0,5.0,4.0,2.0,4.0,3.0,2.0,-0.2999999999999998,-0.2999999999999998,-0.2999999999999998,0.7000000000000002,1.7000000000000002,0.7000000000000002,-1.2999999999999998,0.7000000000000002,-0.2999999999999998,-1.2999999999999998,3.3,0.9,,,6.25,7.25,,,,,5.5,,,,-1.0838819620542546,-0.13707265298698207,,,,,-2.319326623078891,,6.333333333333333,1.75,-1.1800937460400425,-0.13707265298698207,0.0,0.0,0.0,0.0,0.0,0.0,0.0,0.0,0.0,1.0,0.0,0.0,0.0,0.0,0.0,0.0,1.0,7540101,7,khaosat,0,1.0
3.0,4.0,2.0,4.0,3.0,1.0,1.0,2.0,4.0,3.0,0.2999999999999998,1.2999999999999998,-0.7000000000000002,1.2999999999999998,0.2999999999999998,-1.7000000000000002,-1.7000000000000002,-0.7000000000000002,1.2999999999999998,0.2999999999999998,2.7,1.1,7.75,,,6.0,8.0,,,,,,0.7115109838006681,,,-1.6106361214141214,0.7793106496416018,,,,,,7.25,2.0,-0.03993816265728382,0.7793106496416018,0.0,0.0,0.0,0.0,0.0,0.0,0.0,0.0,0.0,0.0,0.0,0.0,0.0,1.0,0.0,0.0,1.0,7340101,1,khaosat,0,1.0
3.0,4.0,5.0,1.0,3.0,2.0,3.0,3.0,4.0,4.0,-0.20000000000000018,0.7999999999999998,1.7999999999999998,-2.2,-0.20000000000000018,-1.2000000000000002,-0.20000000000000018,-0.20000000000000018,0.7999999999999998,0.7999999999999998,3.2,1.077032961426901,,,8.0,8.0,,,,8.0,,,,,0.6045271246276667,0.7470654280693014,,,,0.8885910395266937,,,8.0,0.0,0.7467278640745539,0.8885910395266937,0.0,1.0,0.0,0.0,0.0,0.0,0.0,0.0,0.0,0.0,0.0,0.0,0.0,0.0,0.0,0.0,1.0,7340101,1,khaosat,0,1.0
2.0,2.0,3.0,3.0,4.0,3.0,5.0,3.0,3.0,2.0,-1.0,-1.0,0.0,0.0,1.0,0.0,2.0,0.0,0.0,-1.0,3.0,0.8944271909999159,5.0,,,6.0,,,,7.25,,,-1.758861227398091,,,-1.6106361214141214,,,,0.07630301639479713,,,6.083333333333333,2.25,-1.0977314441391384,0.07630301639479713,0.0,0.0,0.0,0.0,0.0,1.0,0.0,0.0,0.0,0.0,0.0,0.0,0.0,0.0,0.0,1.0,1.0,7510406,7,khaosat,0,1.0
3.0,3.0,3.0,3.0,4.0,3.0,3.0,3.0,3.0,3.0,-0.10000000000000009,-0.10000000000000009,-0.10000000000000009,-0.10000000000000009,0.8999999999999999,-0.10000000000000009,-0.10000000000000009,-0.10000000000000009,-0.10000000000000009,-0.10000000000000009,3.1,0.3,7.8,,7.2,7.8,,,,,,,0.7564268421860999,,-0.16731702928406858,0.511295273120959,,,,,,,7.6000000000000005,0.5999999999999996,0.36680169534099677,0.7564268421860999,0.0,0.0,0.0,0.0,0.0,0.0,0.0,0.0,1.0,0.0,0.0,0.0,0.0,0.0,0.0,0.0,1.0,7480201,0,khaosat,0,1.0
4.0,3.0,5.0,5.0,5.0,2.0,3.0,3.0,4.0,3.0,0.2999999999999998,-0.7000000000000002,1.2999999999999998,1.2999999999999998,1.2999999999999998,-1.7000000000000002,-0.7000000000000002,-0.7000000000000002,0.2999999999999998,-0.7000000000000002,3.7,1.004987562112089,7.5,,8.4,7.5,,,,,,,0.4869316918735082,,0.9904492015835347,0.15764004069844578,,,,,,,7.8,0.9000000000000004,0.5450069780518295,0.9904492015835347,0.0,0.0,0.0,0.0,0.0,0.0,0.0,0.0,1.0,0.0,0.0,0.0,0.0,0.0,0.0,0.0,1.0,7480201,0,khaosat,0,1.0
4.0,4.0,5.0,5.0,4.0,5.0,5.0,5.0,5.0,5.0,-0.7000000000000002,-0.7000000000000002,0.2999999999999998,0.2999999999999998,-0.7000000000000002,0.2999999999999998,0.2999999999999998,0.2999999999999998,0.2999999999999998,0.2999999999999998,4.7,0.45825756949558405,,,,9.0,,,,8.75,7.5,,,,,1.9259162028110128,,,,1.7008790626585903,0.12906032321796862,,8.416666666666666,1.5,1.2519518628958572,1.9259162028110128,1.0,0.0,0.0,0.0,0.0,0.0,0.0,0.0,0.0,0.0,0.0,0.0,0.0,0.0,0.0,1.0,1.0,7480201,0,khaosat,0,1.0
4.0,2.0,3.0,2.0,2.0,1.0,2.0,3.0,2.0,2.0,1.7000000000000002,-0.2999999999999998,0.7000000000000002,-0.2999999999999998,-0.2999999999999998,-1.2999999999999998,-0.2999999999999998,0.7000000000000002,-0.2999999999999998,-0.2999999999999998,2.3,0.7810249675906654,,,,6.0,,,,7.25,8.0,,,,,-1.6106361214141214,,,,0.07630301639479713,0.7411570597921835,,7.083333333333333,2.0,-0.2643920150757136,0.7411570597921835,1.0,0.0,0.0,0.0,0.0,0.0,0.0,0.0,0.0,0.0,0.0,0.0,0.0,0.0,0.0,0.0,1.0,7810201,4,khaosat,0,1.0
3.0,2.0,3.0,2.0,4.0,2.0,2.0,4.0,3.0,3.0,0.20000000000000018,-0.7999999999999998,0.20000000000000018,-0.7999999999999998,1.2000000000000002,-0.7999999999999998,-0.7999999999999998,1.2000000000000002,0.20000000000000018,0.20000000000000018,2.8,0.7483314773547882,7.0,,7.0,6.5,,,,,,,0.03777310801918832,,-0.3602780677620026,-1.0212107340432657,,,,,,,6.833333333333333,0.5,-0.44790523126202664,0.03777310801918832,0.0,0.0,0.0,0.0,0.0,0.0,0.0,0.0,1.0,0.0,0.0,0.0,0.0,0.0,0.0,0.0,1.0,7540101,7,khaosat,0,1.0
5.0,5.0,5.0,3.0,2.0,2.0,2.0,2.0,3.0,4.0,1.7000000000000002,1.7000000000000002,1.7000000000000002,-0.2999999999999998,-1.2999999999999998,-1.2999999999999998,-1.2999999999999998,-1.2999999999999998,-0.2999999999999998,0.7000000000000002,3.3,1.2688577540449522,,,,6.0,,,,6.0,6.0,,,,,-1.6106361214141214,,,,-1.2775103554916973,-1.7072298865046762,,6.0,0.0,-1.5317921211368315,-1.2775103554916973,1.0,0.0,0.0,0.0,0.0,0.0,0.0,0.0,0.0,0.0,0.0,0.0,0.0,0.0,0.0,1.0,4.0,7480201,0,khaosat,0,1.0
4.0,2.0,3.0,3.0,2.0,2.0,2.0,4.0,2.0,2.0,1.4,-0.6000000000000001,0.3999999999999999,0.3999999999999999,-0.6000000000000001,-0.6000000000000001,-0.6000000000000001,1.4,-0.6000000000000001,-0.6000000000000001,2.6,0.8,,,,6.0,,,,5.5,7.25,,,,,-1.6106361214141214,,,,-1.819035704246295,-0.17698804506913884,,6.25,1.75,-1.2022199569098517,-0.17698804506913884,1.0,0.0,0.0,0.0,0.0,0.0,0.0,0.0,0.0,0.0,0.0,0.0,0.0,0.0,0.0,1.0,1.0,7810101,4,khaosat,1,1.0
4.0,5.0,5.0,5.0,5.0,5.0,5.0,5.0,5.0,5.0,-0.9000000000000004,0.09999999999999964,0.09999999999999964,0.09999999999999964,0.09999999999999964,0.09999999999999964,0.09999999999999964,0.09999999999999964,0.09999999999999964,0.09999999999999964,4.9,0.29999999999999993,7.75,,7.0,8.2,,,,,,,0.7115109838006681,,-0.3602780677620026,0.982835583017643,,,,,,,7.6499999999999995,1.1999999999999993,0.4446894996854362,0.982835583017643,0.0,0.0,0.0,0.0,0.0,0.0,0.0,0.0,1.0,0.0,0.0,0.0,0.0,0.0,0.0,1.0,3.0,7220201,8,khaosat,0,1.0
4.0,1.0,5.0,3.0,5.0,1.0,1.0,3.0,4.0,3.0,1.0,-2.0,2.0,0.0,2.0,-2.0,-2.0,0.0,1.0,0.0,3.0,1.4832396974191326,8.25,,7.6,7.8,,,,,,,1.160669567654988,,0.2186050476717986,0.511295273120959,,,,,,,7.883333333333333,0.6500000000000004,0.6301899628159152,1.160669567654988,0.0,0.0,0.0,0.0,0.0,0.0,0.0,0.0,1.0,0.0,0.0,0.0,0.0,0.0,0.0,1.0,3.0,7220201,8,khaosat,0,1.0
5.0,1.0,2.0,3.0,3.0,2.0,2.0,5.0,2.0,3.0,2.2,-1.7999999999999998,-0.7999999999999998,0.20000000000000018,0.20000000000000018,-0.7999999999999998,-0.7999999999999998,2.2,-0.7999999999999998,0.20000000000000018,2.8,1.2489995996796797,7.75,,5.0,8.0,,,,,,,0.7115109838006681,,-2.289888452541341,0.7470654280693014,,,,,,,6.916666666666667,3.0,-0.2771040135571239,0.7470654280693014,0.0,0.0,0.0,0.0,0.0,0.0,0.0,0.0,1.0,0.0,0.0,0.0,0.0,0.0,0.0,1.0,1.0,7810201,4,khaosat,0,1.0
5.0,5.0,5.0,4.0,4.0,4.0,5.0,5.0,5.0,5.0,0.2999999999999998,0.2999999999999998,0.2999999999999998,-0.7000000000000002,-0.7000000000000002,-0.7000000000000002,0.2999999999999998,0.2999999999999998,0.2999999999999998,0.2999999999999998,4.7,0.45825756949558405,,,7.0,9.0,,,,9.0,,,,,-0.3602780677620026,1.9259162028110128,,,,1.9716417370358892,,,8.333333333333334,2.0,1.1790932906949665,1.9716417370358892,0.0,1.0,0.0,0.0,0.0,0.0,0.0,0.0,0.0,0.0,0.0,0.0,0.0,0.0,0.0,1.0,3.0,7340122,1,khaosat,0,1.0
2.0,2.0,2.0,4.0,5.0,5.0,2.0,4.0,2.0,2.0,-1.0,-1.0,-1.0,1.0,2.0,2.0,-1.0,1.0,-1.0,-1.0,3.0,1.2649110640673518,,,6.75,5.25,,,,,,6.5,,,-0.6014793658594199,-2.494774202470405,,,,,,-0.5993885005528671,6.166666666666667,1.5,-1.231880689627564,-0.5993885005528671,0.0,0.0,0.0,1.0,0.0,0.0,0.0,0.0,0.0,0.0,0.0,0.0,0.0,0.0,0.0,1.0,4.0,7540106,7,khaosat,0,1.0
5.0,2.0,3.0,3.0,4.0,4.0,5.0,5.0,5.0,5.0,0.9000000000000004,-2.0999999999999996,-1.0999999999999996,-1.0999999999999996,-0.09999999999999964,-0.09999999999999964,0.9000000000000004,0.9000000000000004,0.9000000000000004,0.9000000000000004,4.1,1.0440306508910548,,,,8.0,,,,8.0,8.0,,,,,0.7470654280693014,,,,0.8885910395266937,0.7411570597921835,,8.0,0.0,0.7922711757960595,0.8885910395266937,1.0,0.0,0.0,0.0,0.0,0.0,0.0,0.0,0.0,0.0,0.0,0.0,0.0,0.0,0.0,1.0,1.0,7480201,0,khaosat,0,1.0
4.0,4.0,4.0,2.0,5.0,3.0,2.0,3.0,3.0,3.0,0.7000000000000002,0.7000000000000002,0.7000000000000002,-1.2999999999999998,1.7000000000000002,-0.2999999999999998,-1.2999999999999998,-0.2999999999999998,-0.2999999999999998,-0.2999999999999998,3.3,0.9,,,7.0,7.0,,,,8.0,,,,,-0.3602780677620026,-0.4317853466724099,,,,0.8885910395266937,,,7.333333333333333,1.0,0.032175875030760394,0.8885910395266937,0.0,1.0,0.0,0.0,0.0,0.0,0.0,0.0,0.0,0.0,0.0,0.0,0.0,0.0,0.0,0.0,1.0,7340115,1,khaosat,0,1.0
5.0,5.0,5.0,4.0,3.0,3.0,5.0,3.0,3.0,3.0,1.1,1.1,1.1,0.10000000000000009,-0.8999999999999999,-0.8999999999999999,1.1,-0.8999999999999999,-0.8999999999999999,-0.8999999999999999,3.9,0.9433981132056604,,,10.0,8.0,,,,9.0,,,,,2.534137509407005,0.7470654280693014,,,,1.9716417370358892,,,9.0,2.0,1.7509482248373984,2.534137509407005,0.0,1.0,0.0,0.0,0.0,0.0,0.0,0.0,0.0,0.0,0.0,0.0,0.0,0.0,0.0,0.0,3.0,7340101,1,khaosat,0,1.0
5.0,3.0,4.0,3.0,4.0,4.0,3.0,3.0,3.0,2.0,1.6,-0.3999999999999999,0.6000000000000001,-0.3999999999999999,0.6000000000000001,0.6000000000000001,-0.3999999999999999,-0.3999999999999999,-0.3999999999999999,-1.4,3.4,0.8000000000000002,8.0,7.25,,,,,7.0,,,,0.936090275727828,0.7761090518845736,,,,,-0.5016100961877937,,,,7.416666666666667,1.0,0.40352974380820267,0.936090275727828,0.0,0.0,0.0,0.0,1.0,0.0,0.0,0.0,0.0,0.0,0.0,0.0,0.0,0.0,0.0,0.0,1.0,7340115,1,khaosat,0,1.0
5.0,3.0,5.0,5.0,3.0,2.0,1.0,2.0,2.0,2.0,2.0,0.0,2.0,2.0,0.0,-1.0,-2.0,-1.0,-1.0,-1.0,3.0,1.4142135623730951,,,,8.75,,,,7.5,5.25,,,,,1.631203509125585,,,,0.347065690772096,-2.6253749913659985,,7.166666666666667,3.5,-0.2157019304894392,1.631203509125585,1.0,0.0,0.0,0.0,0.0,0.0,0.0,0.0,0.0,0.0,0.0,0.0,0.0,0.0,0.0,1.0,3.0,7340122,1,khaosat,0,1.0
5.0,2.0,4.0,2.0,4.0,1.0,3.0,3.0,3.0,1.0,2.2,-0.7999999999999998,1.2000000000000002,-0.7999999999999998,1.2000000000000002,-1.7999999999999998,0.20000000000000018,0.20000000000000018,0.20000000000000018,-1.7999999999999998,2.8,1.2489995996796797,,,10.0,9.6,,,,6.75,,,,,2.534137509407005,2.6332266676560394,,,,-0.4652223323598006,,,8.783333333333333,3.25,1.5673806149010812,2.6332266676560394,0.0,1.0,0.0,0.0,0.0,0.0,0.0,0.0,0.0,0.0,0.0,0.0,0.0,0.0,0.0,0.0,2.0,7480201,0,khaosat,0,1.0
3.0,3.0,5.0,4.0,5.0,5.0,5.0,4.0,4.0,4.0,-1.2000000000000002,-1.2000000000000002,0.7999999999999998,-0.20000000000000018,0.7999999999999998,0.7999999999999998,0.7999999999999998,-0.20000000000000018,-0.20000000000000018,-0.20000000000000018,4.2,0.7483314773547882,6.0,,7.0,6.0,,,,,,,-0.8605440596894514,,-0.3602780677620026,-1.6106361214141214,,,,,,,6.333333333333333,1.0,-0.9438194162885251,-0.3602780677620026,0.0,0.0,0.0,0.0,0.0,0.0,0.0,0.0,1.0,0.0,0.0,0.0,0.0,0.0,0.0,1.0,1.0,7510301,5,khaosat,0,1.0
3.0,3.0,3.0,4.0,3.0,3.0,4.0,5.0,5.0,3.0,-0.6000000000000001,-0.6000000000000001,-0.6000000000000001,0.3999999999999999,-0.6000000000000001,-0.6000000000000001,0.3999999999999999,1.4,1.4,-0.6000000000000001,3.6,0.8,,,7.8,8.2,,,,7.75,,,,,0.4115660861497326,0.982835583017643,,,,0.6178283651493949,,,7.916666666666667,0.4499999999999993,0.6707433447722568,0.982835583017643,0.0,1.0,0.0,0.0,0.0,0.0,0.0,0.0,0.0,0.0,0.0,0.0,0.0,0.0,0.0,1.0,1.0,7510203,5,khaosat,0,1.0
4.0,2.0,3.0,3.0,3.0,1.0,1.0,3.0,2.0,3.0,1.5,-0.5,0.5,0.5,0.5,-1.5,-1.5,0.5,-0.5,0.5,2.5,0.9219544457292888,7.0,,5.25,8.0,,,,,,,0.03777310801918832,,-2.0486871544439236,0.7470654280693014,,,,,,,6.75,2.75,-0.4212828727851446,0.7470654280693014,0.0,0.0,0.0,0.0,0.0,0.0,0.0,0.0,1.0,0.0,0.0,0.0,0.0,0.0,0.0,1.0,1.0,7810202,4,khaosat,0,1.0
4.0,4.0,5.0,3.0,2.0,2.0,4.0,3.0,3.0,4.0,0.6000000000000001,0.6000000000000001,1.6,-0.3999999999999999,-1.4,-1.4,0.6000000000000001,-0.3999999999999999,-0.3999999999999999,0.6000000000000001,3.4,0.9165151389911681,8.25,,7.0,8.0,,,,,,,1.160669567654988,,-0.3602780677620026,0.7470654280693014,,,,,,,7.75,1.25,0.515818975987429,1.160669567654988,0.0,0.0,0.0,0.0,0.0,0.0,0.0,0.0,1.0,0.0,0.0,0.0,0.0,0.0,0.0,0.0,3.0,7810202,4,khaosat,0,1.0
3.0,3.0,4.0,3.0,3.0,2.0,2.0,4.0,3.0,4.0,-0.10000000000000009,-0.10000000000000009,0.8999999999999999,-0.10000000000000009,-0.10000000000000009,-1.1,-1.1,0.8999999999999999,-0.10000000000000009,0.8999999999999999,3.1,0.7,7.0,,6.5,7.0,,,,,,,0.03777310801918832,,-0.8426806639568372,-0.4317853466724099,,,,,,,6.833333333333333,0.5,-0.41223096753668625,0.03777310801918832,0.0,0.0,0.0,0.0,0.0,0.0,0.0,0.0,1.0,0.0,0.0,0.0,0.0,0.0,0.0,0.0,1.0,7819010,4,khaosat,0,1.0
5.0,3.0,4.0,4.0,5.0,3.0,4.0,4.0,4.0,4.0,1.0,-1.0,0.0,0.0,1.0,-1.0,0.0,0.0,0.0,0.0,4.0,0.6324555320336759,,,4.5,4.5,,,,6.5,,,,,-2.7722910487361756,-3.3789122835266885,,,,-0.7359850067370995,,,5.166666666666667,2.0,-2.295729446333321,-0.7359850067370995,0.0,1.0,0.0,0.0,0.0,0.0,0.0,0.0,0.0,0.0,0.0,0.0,0.0,0.0,0.0,0.0,1.0,7810202,4,khaosat,0,1.0
3.0,5.0,2.0,1.0,5.0,3.0,3.0,5.0,5.0,4.0,-0.6000000000000001,1.4,-1.6,-2.6,1.4,-0.6000000000000001,-0.6000000000000001,1.4,1.4,0.3999999999999999,3.6,1.3564659966250536,8.0,8.5,,,,,7.8,,,,0.936090275727828,1.7462453667402913,,,,,0.33452523069646617,,,,8.1,0.7000000000000002,1.0056202910548617,1.7462453667402913,0.0,0.0,0.0,0.0,1.0,0.0,0.0,0.0,0.0,0.0,0.0,0.0,0.0,0.0,0.0,0.0,1.0,7810202,4,khaosat,0,1.0
4.0,1.0,2.0,2.0,2.0,2.0,2.0,5.0,3.0,2.0,1.5,-1.5,-0.5,-0.5,-0.5,-0.5,-0.5,2.5,0.5,-0.5,2.5,1.118033988749895,,,8.75,8.25,,,,6.0,,,,,1.3281310189199185,1.0417781217547293,,,,-1.2775103554916973,,,7.666666666666667,2.75,0.3641329283943168,1.3281310189199185,0.0,1.0,0.0,0.0,0.0,0.0,0.0,0.0,0.0,0.0,0.0,0.0,0.0,0.0,0.0,1.0,1.0,7810101,4,khaosat,1,1.0
3.0,2.0,5.0,4.0,5.0,5.0,5.0,4.0,4.0,4.0,-1.0999999999999996,-2.0999999999999996,0.9000000000000004,-0.09999999999999964,0.9000000000000004,0.9000000000000004,0.9000000000000004,-0.09999999999999964,-0.09999999999999964,-0.09999999999999964,4.1,0.9433981132056604,,,6.25,7.0,,,,7.75,,,,,-1.0838819620542546,-0.4317853466724099,,,,0.6178283651493949,,,7.0,1.5,-0.2992796478590899,0.6178283651493949,0.0,1.0,0.0,0.0,0.0,0.0,0.0,0.0,0.0,0.0,0.0,0.0,0.0,0.0,0.0,0.0,3.0,7340120,1,khaosat,0,1.0
4.0,3.0,4.0,4.0,4.0,2.0,2.0,3.0,4.0,5.0,0.5,-0.5,0.5,0.5,0.5,-1.5,-1.5,-0.5,0.5,1.5,3.5,0.9219544457292888,,,5.5,9.0,,,,8.0,,,,,-1.8074858563465064,1.9259162028110128,,,,0.8885910395266937,,,7.5,3.5,0.3356737953304001,1.9259162028110128,0.0,1.0,0.0,0.0,0.0,0.0,0.0,0.0,0.0,0.0,0.0,0.0,0.0,0.0,0.0,0.0,3.0,7340120,1,khaosat,0,1.0
3.0,2.0,3.0,3.0,4.0,4.0,3.0,4.0,3.0,4.0,-0.2999999999999998,-1.2999999999999998,-0.2999999999999998,-0.2999999999999998,0.7000000000000002,0.7000000000000002,-0.2999999999999998,0.7000000000000002,-0.2999999999999998,0.7000000000000002,3.3,0.6403124237432849,,,,7.5,,,,7.0,7.25,,,,,0.15764004069844578,,,,-0.19445965798250175,-0.17698804506913884,,7.25,0.5,-0.07126922078439828,0.15764004069844578,1.0,0.0,0.0,0.0,0.0,0.0,0.0,0.0,0.0,0.0,0.0,0.0,0.0,0.0,0.0,0.0,1.0,7340115,1,khaosat,0,1.0
2.0,4.0,4.0,4.0,3.0,1.0,2.0,1.0,3.0,1.0,-0.5,1.5,1.5,1.5,0.5,-1.5,-0.5,-1.5,0.5,-1.5,2.5,1.2041594578792296,,,7.5,5.5,,,,,9.0,,,,0.12212452843283203,-2.200061508784977,,,,,1.9653505329406133,,7.333333333333333,3.5,-0.037528815803843894,1.9653505329406133,0.0,0.0,0.0,0.0,0.0,0.0,0.0,0.0,0.0,1.0,0.0,0.0,0.0,0.0,0.0,0.0,2.0,7510202,5,khaosat,0,1.0
3.0,2.0,3.0,3.0,4.0,4.0,4.0,5.0,4.0,2.0,-0.3999999999999999,-1.4,-0.3999999999999999,-0.3999999999999999,0.6000000000000001,0.6000000000000001,0.6000000000000001,1.6,0.6000000000000001,-1.4,3.4,0.9165151389911681,,,,7.6,,,,6.75,8.75,,,,,0.2755251181726165,,,,-0.4652223323598006,1.659302164653506,,7.7,2.0,0.48986831682210735,1.659302164653506,1.0,0.0,0.0,0.0,0.0,0.0,0.0,0.0,0.0,0.0,0.0,0.0,0.0,0.0,0.0,0.0,1.0,7380107,8,khaosat,0,1.0
4.0,2.0,4.0,3.0,5.0,2.0,2.0,2.0,2.0,2.0,1.2000000000000002,-0.7999999999999998,1.2000000000000002,0.20000000000000018,2.2,-0.7999999999999998,-0.7999999999999998,-0.7999999999999998,-0.7999999999999998,-0.7999999999999998,2.8,1.077032961426901,,,8.5,5.75,,,6.75,,,,,,1.0869297208225013,-1.9053488150995492,,,-0.762902385839125,,,,7.0,2.75,-0.5271071600387244,1.0869297208225013,0.0,0.0,0.0,0.0,0.0,0.0,0.0,0.0,0.0,0.0,1.0,0.0,0.0,0.0,0.0,0.0,1.0,7220201,8,khaosat,0,1.0
3.0,2.0,4.0,4.0,3.0,1.0,1.0,2.0,1.0,2.0,0.7000000000000002,-0.2999999999999998,1.7000000000000002,1.7000000000000002,0.7000000000000002,-1.2999999999999998,-1.2999999999999998,-0.2999999999999998,-1.2999999999999998,-0.2999999999999998,2.3,1.1,,,6.75,5.5,,,,9.5,,,,,-0.6014793658594199,-2.200061508784977,,,,2.513167085790487,,,7.25,4.0,-0.09612459628463672,2.513167085790487,0.0,1.0,0.0,0.0,0.0,0.0,0.0,0.0,0.0,0.0,0.0,0.0,0.0,0.0,0.0,0.0,1.0,7480107,0,khaosat,1,1.0
4.0,3.0,5.0,4.0,4.0,3.0,3.0,3.0,2.0,3.0,0.6000000000000001,-0.3999999999999999,1.6,0.6000000000000001,0.6000000000000001,-0.3999999999999999,-0.3999999999999999,-0.3999999999999999,-1.4,-0.3999999999999999,3.4,0.8,,,,8.0,,,,,7.8,9.0,,,,0.7470654280693014,,,,,0.49631836516249733,2.1020235825895033,8.266666666666667,1.2000000000000002,1.1151357919404339,2.1020235825895033,0.0,0.0,1.0,0.0,0.0,0.0,0.0,0.0,0.0,0.0,0.0,0.0,0.0,0.0,0.0,0.0,1.0,7540101,7,khaosat,0,1.0
3.0,2.0,3.0,3.0,4.0,5.0,2.0,2.0,2.0,2.0,0.20000000000000018,-0.7999999999999998,0.20000000000000018,0.20000000000000018,1.2000000000000002,2.2,-0.7999999999999998,-0.7999999999999998,-0.7999999999999998,-0.7999999999999998,2.8,0.9797958971132713,,,,9.0,,,,,7.25,7.0,,,,1.9259162028110128,,,,,-0.17698804506913884,-0.05910608392439303,7.75,2.0,0.563274024605827,1.9259162028110128,0.0,0.0,1.0,0.0,0.0,0.0,0.0,0.0,0.0,0.0,0.0,0.0,0.0,0.0,0.0,0.0,1.0,7510402,6,khaosat,0,1.0
2.0,4.0,4.0,4.0,4.0,1.0,2.0,2.0,1.0,1.0,-0.5,1.5,1.5,1.5,1.5,-1.5,-0.5,-0.5,-1.5,-1.5,2.5,1.284523257866513,,,7.75,9.25,,,,,8.5,,,,0.3633258265302493,2.2206288964964407,,,,,1.3532537963663984,,8.5,1.5,1.3124028397976961,2.2206288964964407,0.0,0.0,0.0,0.0,0.0,0.0,0.0,0.0,0.0,1.0,0.0,0.0,0.0,0.0,0.0,0.0,1.0,7510303,5,khaosat,0,1.0
3.0,2.0,3.0,3.0,3.0,4.0,3.0,5.0,2.0,1.0,0.10000000000000009,-0.8999999999999999,0.10000000000000009,0.10000000000000009,0.10000000000000009,1.1,0.10000000000000009,2.1,-0.8999999999999999,-1.9,2.9,1.044030650891055,,,,8.5,,,,,7.75,5.75,,,,1.3364908154401571,,,,,0.4351086915050761,-1.4098121254955782,7.333333333333333,2.75,0.12059579381655168,1.3364908154401571,0.0,0.0,1.0,0.0,0.0,0.0,0.0,0.0,0.0,0.0,0.0,0.0,0.0,0.0,0.0,0.0,1.0,7540101,7,khaosat,0,1.0
5.0,2.0,4.0,4.0,3.0,2.0,1.0,2.0,4.0,2.0,2.1,-0.8999999999999999,1.1,1.1,0.10000000000000009,-0.8999999999999999,-1.9,-0.8999999999999999,1.1,-0.8999999999999999,2.9,1.2206555615733703,,,6.0,7.75,,,,,8.25,,,,-1.3250832601516718,0.45235273438387363,,,,,1.047205428079291,,7.333333333333333,2.25,0.05815830077049763,1.047205428079291,0.0,0.0,0.0,0.0,0.0,0.0,0.0,0.0,0.0,1.0,0.0,0.0,0.0,0.0,0.0,1.0,1.0,7340122,1,khaosat,0,1.0
2.0,3.0,3.0,3.0,5.0,5.0,3.0,2.0,2.0,2.0,-1.0,0.0,0.0,0.0,2.0,2.0,0.0,-1.0,-1.0,-1.0,3.0,1.0954451150103321,,,,5.0,,,,9.5,5.25,,,,,-2.789486896155833,,,,2.513167085790487,-2.6253749913659985,,6.583333333333333,4.5,-0.9672316005771148,2.513167085790487,1.0,0.0,0.0,0.0,0.0,0.0,0.0,0.0,0.0,0.0,0.0,0.0,0.0,0.0,0.0,1.0,2.0,7510401,6,khaosat,0,1.0
5.0,2.0,2.0,2.0,3.0,1.0,2.0,5.0,3.0,2.0,2.3,-0.7000000000000002,-0.7000000000000002,-0.7000000000000002,0.2999999999999998,-1.7000000000000002,-0.7000000000000002,2.3,0.2999999999999998,-0.7000000000000002,2.7,1.2688577540449522,,,8.5,6.25,,,,8.0,,,,,1.0869297208225013,-1.3159234277286935,,,,0.8885910395266937,,,7.583333333333333,2.25,0.21986577754016715,1.0869297208225013,0.0,1.0,0.0,0.0,0.0,0.0,0.0,0.0,0.0,0.0,0.0,0.0,0.0,0.0,0.0,0.0,1.0,7810201,4,khaosat,0,1.0
2.0,4.0,3.0,4.0,4.0,2.0,1.0,1.0,1.0,2.0,-0.3999999999999999,1.6,0.6000000000000001,1.6,1.6,-0.3999999999999999,-1.4,-1.4,-1.4,-0.3999999999999999,2.4,1.2,,,5.75,6.75,,,,,8.5,,,,-1.5662845582490892,-0.7264980403578377,,,,,1.3532537963663984,,7.0,2.75,-0.3131762674135095,1.3532537963663984,0.0,0.0,0.0,0.0,0.0,0.0,0.0,0.0,0.0,1.0,0.0,0.0,0.0,0.0,0.0,1.0,1.0,7510203,5,khaosat,0,1.0
5.0,3.0,5.0,2.0,5.0,2.0,1.0,1.0,2.0,2.0,2.2,0.20000000000000018,2.2,-0.7999999999999998,2.2,-0.7999999999999998,-1.7999999999999998,-1.7999999999999998,-0.7999999999999998,-0.7999999999999998,2.8,1.5362291495737217,6.0,,8.0,6.5,,,,,,,-0.8605440596894514,,0.6045271246276667,-1.0212107340432657,,,,,,,6.833333333333333,2.0,-0.4257425563683501,0.6045271246276667,0.0,0.0,0.0,0.0,0.0,0.0,0.0,0.0,1.0,0.0,0.0,0.0,0.0,0.0,0.0,1.0,1.0,7220201,8,khaosat,0,1.0
3.0,3.0,3.0,3.0,3.0,2.0,4.0,3.0,3.0,1.0,0.20000000000000018,0.20000000000000018,0.20000000000000018,0.20000000000000018,0.20000000000000018,-0.7999999999999998,1.2000000000000002,0.20000000000000018,0.20000000000000018,-1.7999999999999998,2.8,0.7483314773547882,,,,7.75,,,,7.0,5.25,,,,,0.45235273438387363,,,,-0.19445965798250175,-2.6253749913659985,,6.666666666666667,2.5,-0.7891606383215422,0.45235273438387363,1.0,0.0,0.0,0.0,0.0,0.0,0.0,0.0,0.0,0.0,0.0,0.0,0.0,0.0,0.0,1.0,1.0,7850101,7,khaosat,0,1.0
5.0,2.0,5.0,5.0,2.0,2.0,1.0,2.0,3.0,3.0,2.0,-1.0,2.0,2.0,-1.0,-1.0,-2.0,-1.0,0.0,0.0,3.0,1.4142135623730951,,,,9.0,,,,5.75,5.75,,,,,1.9259162028110128,,,,-1.5482730298689962,-2.013278254791784,,6.833333333333333,3.25,-0.5452116939499224,1.9259162028110128,1.0,0.0,0.0,0.0,0.0,0.0,0.0,0.0,0.0,0.0,0.0,0.0,0.0,0.0,0.0,1.0,3.0,7510605,3,khaosat,1,1.0
1.0,4.0,3.0,5.0,3.0,1.0,1.0,2.0,1.0,1.0,-1.2000000000000002,1.7999999999999998,0.7999999999999998,2.8,0.7999999999999998,-1.2000000000000002,-1.2000000000000002,-0.20000000000000018,-1.2000000000000002,-1.2000000000000002,2.2,1.4000000000000001,8.25,,9.5,5.25,,,,,,,1.160669567654988,,2.0517349132121705,-2.494774202470405,,,,,,,7.666666666666667,4.25,0.23921009279891794,2.0517349132121705,0.0,0.0,0.0,0.0,0.0,0.0,0.0,0.0,1.0,0.0,0.0,0.0,0.0,0.0,0.0,0.0,1.0,7480107,0,khaosat,1,1.0
4.0,2.0,3.0,3.0,3.0,1.0,2.0,2.0,3.0,3.0,1.4,-0.6000000000000001,0.3999999999999999,0.3999999999999999,0.3999999999999999,-1.6,-0.6000000000000001,-0.6000000000000001,0.3999999999999999,0.3999999999999999,2.6,0.8,9.5,,8.75,7.5,,,,,,,2.283566027290788,,1.3281310189199185,0.15764004069844578,,,,,,,8.583333333333334,2.0,1.256445695636384,2.283566027290788,0.0,0.0,0.0,0.0,0.0,0.0,0.0,0.0,1.0,0.0,0.0,0.0,0.0,0.0,0.0,1.0,1.0,7510605,3,khaosat,1,1.0
3.0,4.0,4.0,5.0,5.0,3.0,4.0,4.0,4.0,4.0,-1.0,0.0,0.0,1.0,1.0,-1.0,0.0,0.0,0.0,0.0,4.0,0.6324555320336759,8.25,,7.0,7.5,,,,,,,1.160669567654988,,-0.3602780677620026,0.15764004069844578,,,,,,,7.583333333333333,1.25,0.3193438468638104,1.160669567654988,0.0,0.0,0.0,0.0,0.0,0.0,0.0,0.0,1.0,0.0,0.0,0.0,0.0,0.0,0.0,0.0,1.0,7220201,8,khaosat,0,1.0
5.0,4.0,4.0,4.0,4.0,5.0,5.0,5.0,5.0,5.0,0.40000000000000036,-0.5999999999999996,-0.5999999999999996,-0.5999999999999996,-0.5999999999999996,0.40000000000000036,0.40000000000000036,0.40000000000000036,0.40000000000000036,0.40000000000000036,4.6,0.4898979485566356,8.0,7.25,,,,,8.75,,,,0.936090275727828,0.7761090518845736,,,,,1.3274359313715252,,,,8.0,1.5,1.0132117529946423,1.3274359313715252,0.0,0.0,0.0,0.0,1.0,0.0,0.0,0.0,0.0,0.0,0.0,0.0,0.0,0.0,0.0,0.0,4.0,7810103,4,khaosat,0,1.0
1.0,1.0,2.0,1.0,3.0,2.0,2.0,1.0,2.0,1.0,-0.6000000000000001,-0.6000000000000001,0.3999999999999999,-0.6000000000000001,1.4,0.3999999999999999,0.3999999999999999,-0.6000000000000001,0.3999999999999999,-0.6000000000000001,1.6,0.66332495807108,8.75,7.75,,,,,8.25,,,,1.6098281515093078,1.1641635778268606,,,,,0.8048513520688626,,,,8.25,1.0,1.192947693801677,1.6098281515093078,0.0,0.0,0.0,0.0,1.0,0.0,0.0,0.0,0.0,0.0,0.0,0.0,0.0,0.0,0.0,0.0,1.0,7810103,4,khaosat,0,1.0
3.0,2.0,2.0,3.0,3.0,3.0,4.0,3.0,2.0,2.0,0.2999999999999998,-0.7000000000000002,-0.7000000000000002,0.2999999999999998,0.2999999999999998,0.2999999999999998,1.2999999999999998,0.2999999999999998,-0.7000000000000002,-0.7000000000000002,2.7,0.6403124237432849,,,,6.0,,,,7.25,7.0,,,,,-1.6106361214141214,,,,0.07630301639479713,-0.4830364133562463,,6.75,1.25,-0.6724565061251901,0.07630301639479713,1.0,0.0,0.0,0.0,0.0,0.0,0.0,0.0,0.0,0.0,0.0,0.0,0.0,0.0,0.0,0.0,1.0,7510406,7,khaosat,0,1.0
5.0,5.0,5.0,4.0,5.0,5.0,5.0,5.0,4.0,3.0,0.40000000000000036,0.40000000000000036,0.40000000000000036,-0.5999999999999996,0.40000000000000036,0.40000000000000036,0.40000000000000036,0.40000000000000036,-0.5999999999999996,-1.5999999999999996,4.6,0.66332495807108,6.0,,,7.5,,,,,8.4,,-0.8605440596894514,,,0.15764004069844578,,,,,1.230834449051556,,7.3,2.4000000000000004,0.17597681002018342,1.230834449051556,0.0,0.0,0.0,0.0,0.0,0.0,1.0,0.0,0.0,0.0,0.0,0.0,0.0,0.0,0.0,1.0,1.0,7819009,4,khaosat,0,1.0
1.0,5.0,1.0,3.0,5.0,3.0,3.0,3.0,3.0,3.0,-2.0,2.0,-2.0,0.0,2.0,0.0,0.0,0.0,0.0,0.0,3.0,1.2649110640673518,,,3.0,6.75,,,,6.5,,,,,-4.219498837320679,-0.7264980403578377,,,,-0.7359850067370995,,,5.416666666666667,3.75,-1.893993961471872,-0.7264980403578377,0.0,1.0,0.0,0.0,0.0,0.0,0.0,0.0,0.0,0.0,0.0,0.0,0.0,0.0,0.0,1.0,1.0,7520115,6,khaosat,0,1.0
1.0,4.0,5.0,5.0,3.0,1.0,2.0,1.0,1.0,1.0,-1.4,1.6,2.6,2.6,0.6000000000000001,-1.4,-0.3999999999999999,-1.4,-1.4,-1.4,2.4,1.6248076809271923,7.5,,8.5,7.25,,,,,,,0.4869316918735082,,1.0869297208225013,-0.13707265298698207,,,,,,,7.75,1.25,0.4789295865696758,1.0869297208225013,0.0,0.0,0.0,0.0,0.0,0.0,0.0,0.0,1.0,0.0,0.0,0.0,0.0,0.0,0.0,1.0,1.0,7480202,0,khaosat,0,1.0
5.0,2.0,3.0,3.0,5.0,2.0,4.0,5.0,5.0,3.0,1.2999999999999998,-1.7000000000000002,-0.7000000000000002,-0.7000000000000002,1.2999999999999998,-1.7000000000000002,0.2999999999999998,1.2999999999999998,1.2999999999999998,-0.7000000000000002,3.7,1.1874342087037917,8.4,,8.0,8.5,,,,,,,1.2954171428112842,,0.6045271246276667,1.3364908154401571,,,,,,,8.299999999999999,0.5,1.0788116942930361,1.3364908154401571,0.0,0.0,0.0,0.0,0.0,0.0,0.0,0.0,1.0,0.0,0.0,0.0,0.0,0.0,0.0,0.0,1.0,7220204,8,khaosat,0,1.0
4.0,5.0,4.0,4.0,5.0,4.0,5.0,4.0,4.0,5.0,-0.40000000000000036,0.5999999999999996,-0.40000000000000036,-0.40000000000000036,0.5999999999999996,-0.40000000000000036,0.5999999999999996,-0.40000000000000036,-0.40000000000000036,0.5999999999999996,4.4,0.4898979485566356,6.5,,6.75,6.5,,,,,,,-0.4113854758351315,,-0.6014793658594199,-1.0212107340432657,,,,,,,6.583333333333333,0.25,-0.6780251919126057,-0.4113854758351315,0.0,0.0,0.0,0.0,0.0,0.0,0.0,0.0,1.0,0.0,0.0,0.0,0.0,0.0,0.0,0.0,4.0,7340120,1,khaosat,0,1.0
5.0,2.0,3.0,2.0,2.0,1.0,2.0,3.0,3.0,3.0,2.4,-0.6000000000000001,0.3999999999999999,-0.6000000000000001,-0.6000000000000001,-1.6,-0.6000000000000001,0.3999999999999999,0.3999999999999999,0.3999999999999999,2.6,1.019803902718557,,,7.0,7.5,,,,7.25,,,,,-0.3602780677620026,0.15764004069844578,,,,0.07630301639479713,,,7.25,0.5,-0.042111670222919895,0.15764004069844578,0.0,1.0,0.0,0.0,0.0,0.0,0.0,0.0,0.0,0.0,0.0,0.0,0.0,0.0,0.0,0.0,1.0,7810202,4,khaosat,0,1.0
3.0,3.0,3.0,4.0,5.0,5.0,5.0,5.0,3.0,5.0,-1.0999999999999996,-1.0999999999999996,-1.0999999999999996,-0.09999999999999964,0.9000000000000004,0.9000000000000004,0.9000000000000004,0.9000000000000004,-1.0999999999999996,0.9000000000000004,4.1,0.9433981132056604,6.75,,,5.6,,,,4.75,,,-0.1868061839079716,,,-2.082176431310806,,,,-2.6313237273781915,,,5.7,2.0,-1.6334354475323234,-0.1868061839079716,0.0,0.0,0.0,0.0,0.0,1.0,0.0,0.0,0.0,0.0,0.0,0.0,0.0,0.0,0.0,0.0,3.0,7340301,2,khaosat,0,1.0
3.0,4.0,4.0,2.0,4.0,3.0,2.0,2.0,4.0,4.0,-0.20000000000000018,0.7999999999999998,0.7999999999999998,-1.2000000000000002,0.7999999999999998,-0.20000000000000018,-1.2000000000000002,-1.2000000000000002,0.7999999999999998,0.7999999999999998,3.2,0.8717797887081347,8.0,,5.75,5.25,,,,,,,0.936090275727828,,-1.5662845582490892,-2.494774202470405,,,,,,,6.333333333333333,2.75,-1.0416561616638889,0.936090275727828,0.0,0.0,0.0,0.0,0.0,0.0,0.0,0.0,1.0,0.0,0.0,0.0,0.0,0.0,0.0,0.0,1.0,7540204,6,khaosat,0,1.0
3.0,2.0,2.0,4.0,4.0,4.0,3.0,3.0,2.0,1.0,0.20000000000000018,-0.7999999999999998,-0.7999999999999998,1.2000000000000002,1.2000000000000002,1.2000000000000002,0.20000000000000018,0.20000000000000018,-0.7999999999999998,-1.7999999999999998,2.8,0.9797958971132712,,,,7.75,,,,,5.0,5.75,,,,0.45235273438387363,,,,,-2.931423359653106,-1.4098121254955782,6.166666666666667,2.75,-1.296294250254937,0.45235273438387363,0.0,0.0,1.0,0.0,0.0,0.0,0.0,0.0,0.0,0.0,0.0,0.0,0.0,0.0,0.0,1.0,4.0,7510402,6,khaosat,0,1.0
5.0,4.0,5.0,3.0,5.0,5.0,3.0,4.0,5.0,5.0,0.5999999999999996,-0.40000000000000036,0.5999999999999996,-1.4000000000000004,0.5999999999999996,0.5999999999999996,-1.4000000000000004,-0.40000000000000036,0.5999999999999996,0.5999999999999996,4.4,0.7999999999999999,8.25,,6.75,7.0,,,,,,,1.160669567654988,,-0.6014793658594199,-0.4317853466724099,,,,,,,7.333333333333333,1.5,0.04246828504105277,1.160669567654988,0.0,0.0,0.0,0.0,0.0,0.0,0.0,0.0,1.0,0.0,0.0,0.0,0.0,0.0,0.0,0.0,1.0,7340115,1,khaosat,0,1.0
3.0,3.0,3.0,3.0,2.0,4.0,2.0,1.0,2.0,2.0,0.5,0.5,0.5,0.5,-0.5,1.5,-0.5,-1.5,-0.5,-0.5,2.5,0.806225774829855,,,,8.0,,,,7.8,7.0,,,,,0.7470654280693014,,,,0.6719809000248544,-0.4830364133562463,,7.6000000000000005,1.0,0.3120033049126365,0.7470654280693014,1.0,0.0,0.0,0.0,0.0,0.0,0.0,0.0,0.0,0.0,0.0,0.0,0.0,0.0,0.0,0.0,3.0,7340122,1,khaosat,0,1.0
2.0,5.0,3.0,3.0,3.0,4.0,3.0,4.0,3.0,3.0,-1.2999999999999998,1.7000000000000002,-0.2999999999999998,-0.2999999999999998,-0.2999999999999998,0.7000000000000002,-0.2999999999999998,0.7000000000000002,-0.2999999999999998,-0.2999999999999998,3.3,0.7810249675906654,,,,6.0,,,,4.1,5.5,,,,,-1.6106361214141214,,,,-3.335306680759169,-2.319326623078891,,5.2,1.9000000000000004,-2.4217564750840603,-1.6106361214141214,1.0,0.0,0.0,0.0,0.0,0.0,0.0,0.0,0.0,0.0,0.0,0.0,0.0,0.0,0.0,0.0,2.0,7540101,7,khaosat,0,1.0
3.0,2.0,4.0,4.0,3.0,3.0,4.0,4.0,3.0,2.0,-0.20000000000000018,-1.2000000000000002,0.7999999999999998,0.7999999999999998,-0.20000000000000018,-0.20000000000000018,0.7999999999999998,0.7999999999999998,-0.20000000000000018,-1.2000000000000002,3.2,0.7483314773547882,,,4.5,8.25,,,,4.75,,,,,-2.7722910487361756,1.0417781217547293,,,,-2.6313237273781915,,,5.833333333333333,3.75,-1.4539455514532127,1.0417781217547293,0.0,1.0,0.0,0.0,0.0,0.0,0.0,0.0,0.0,0.0,0.0,0.0,0.0,0.0,0.0,0.0,3.0,7340122,1,khaosat,0,1.0
4.0,3.0,3.0,5.0,5.0,2.0,1.0,2.0,1.0,2.0,1.2000000000000002,0.20000000000000018,0.20000000000000018,2.2,2.2,-0.7999999999999998,-1.7999999999999998,-0.7999999999999998,-1.7999999999999998,-0.7999999999999998,2.8,1.4000000000000001,,,6.0,6.5,,,,,9.25,,,,-1.3250832601516718,-1.0212107340432657,,,,,2.271398901227721,,7.25,3.25,-0.0249650309890721,2.271398901227721,0.0,0.0,0.0,0.0,0.0,0.0,0.0,0.0,0.0,1.0,0.0,0.0,0.0,0.0,0.0,1.0,1.0,7510303,5,khaosat,0,1.0
3.0,4.0,3.0,3.0,4.0,3.0,4.0,4.0,3.0,4.0,-0.5,0.5,-0.5,-0.5,0.5,-0.5,0.5,0.5,-0.5,0.5,3.5,0.5,5.25,,7.0,7.8,,,,,,,-1.5342819354709312,,-0.3602780677620026,0.511295273120959,,,,,,,6.683333333333334,2.55,-0.46108824337065824,0.511295273120959,0.0,0.0,0.0,0.0,0.0,0.0,0.0,0.0,1.0,0.0,0.0,0.0,0.0,0.0,0.0,1.0,1.0,7510605,3,khaosat,1,1.0
2.0,4.0,3.0,3.0,4.0,5.0,4.0,2.0,3.0,3.0,-1.2999999999999998,0.7000000000000002,-0.2999999999999998,-0.2999999999999998,0.7000000000000002,1.7000000000000002,0.7000000000000002,-1.2999999999999998,-0.2999999999999998,-0.2999999999999998,3.3,0.9,,,,8.0,,,,5.75,7.75,,,,,0.7470654280693014,,,,-1.5482730298689962,0.4351086915050761,,7.166666666666667,2.25,-0.12203297009820623,0.7470654280693014,1.0,0.0,0.0,0.0,0.0,0.0,0.0,0.0,0.0,0.0,0.0,0.0,0.0,0.0,0.0,1.0,4.0,7510402,6,khaosat,0,1.0
5.0,1.0,5.0,4.0,5.0,5.0,5.0,5.0,5.0,5.0,0.5,-3.5,0.5,-0.5,0.5,0.5,0.5,0.5,0.5,0.5,4.5,1.2041594578792296,,,,8.25,,,,8.0,8.25,,,,,1.0417781217547293,,,,0.8885910395266937,1.047205428079291,,8.166666666666666,0.25,0.992524863120238,1.047205428079291,1.0,0.0,0.0,0.0,0.0,0.0,0.0,0.0,0.0,0.0,0.0,0.0,0.0,0.0,0.0,0.0,4.0,7460108,0,khaosat,0,1.0
4.0,3.0,2.0,3.0,4.0,4.0,4.0,1.0,4.0,3.0,0.7999999999999998,-0.20000000000000018,-1.2000000000000002,-0.20000000000000018,0.7999999999999998,0.7999999999999998,0.7999999999999998,-2.2,0.7999999999999998,-0.20000000000000018,3.2,0.9797958971132712,,,7.5,7.5,,,,7.3,,,,,0.12212452843283203,0.15764004069844578,,,,0.1304555512702567,,,7.433333333333334,0.20000000000000018,0.13674004013384483,0.15764004069844578,0.0,1.0,0.0,0.0,0.0,0.0,0.0,0.0,0.0,0.0,0.0,0.0,0.0,0.0,0.0,0.0,4.0,7460108,0,khaosat,0,1.0
5.0,2.0,5.0,3.0,3.0,1.0,1.0,2.0,4.0,2.0,2.2,-0.7999999999999998,2.2,0.20000000000000018,0.20000000000000018,-1.7999999999999998,-1.7999999999999998,-0.7999999999999998,1.2000000000000002,-0.7999999999999998,2.8,1.4000000000000001,,,8.25,5.25,,,,5.25,,,,,0.845728422725084,-2.494774202470405,,,,-2.089798378623594,,,6.25,3.0,-1.2462813861229716,0.845728422725084,0.0,1.0,0.0,0.0,0.0,0.0,0.0,0.0,0.0,0.0,0.0,0.0,0.0,0.0,0.0,0.0,1.0,7340205,2,khaosat,0,1.0
5.0,1.0,3.0,4.0,5.0,5.0,2.0,5.0,4.0,1.0,1.5,-2.5,-0.5,0.5,1.5,1.5,-1.5,1.5,0.5,-2.5,3.5,1.5652475842498528,,,,7.5,,,,6.25,7.75,,,,,0.15764004069844578,,,,-1.0067476811143983,0.4351086915050761,,7.166666666666667,1.5,-0.13799964963695882,0.4351086915050761,1.0,0.0,0.0,0.0,0.0,0.0,0.0,0.0,0.0,0.0,0.0,0.0,0.0,0.0,0.0,1.0,1.0,7220201,8,khaosat,0,1.0
4.0,1.0,4.0,3.0,5.0,5.0,4.0,3.0,4.0,3.0,0.3999999999999999,-2.6,0.3999999999999999,-0.6000000000000001,1.4,1.4,0.3999999999999999,-0.6000000000000001,0.3999999999999999,-0.6000000000000001,3.6,1.1135528725660042,8.0,,,7.75,,,,4.5,,,0.936090275727828,,,0.45235273438387363,,,,-2.9020864017554904,,,6.75,3.5,-0.5045477972145963,0.936090275727828,0.0,0.0,0.0,0.0,0.0,1.0,0.0,0.0,0.0,0.0,0.0,0.0,0.0,0.0,0.0,1.0,1.0,7510202,5,khaosat,0,1.0
4.0,2.0,4.0,3.0,2.0,1.0,1.0,3.0,5.0,4.0,1.1,-0.8999999999999999,1.1,0.10000000000000009,-0.8999999999999999,-1.9,-1.9,0.10000000000000009,2.1,1.1,2.9,1.3,7.5,,3.5,7.25,,,,,,,0.4869316918735082,,-3.737096241125845,-0.13707265298698207,,,,,,,6.083333333333333,4.0,-1.1290790674131064,0.4869316918735082,0.0,0.0,0.0,0.0,0.0,0.0,0.0,0.0,1.0,0.0,0.0,0.0,0.0,0.0,0.0,1.0,3.0,7340101,1,khaosat,0,1.0
3.0,3.0,5.0,4.0,4.0,4.0,4.0,3.0,2.0,2.0,-0.3999999999999999,-0.3999999999999999,1.6,0.6000000000000001,0.6000000000000001,0.6000000000000001,0.6000000000000001,-0.3999999999999999,-1.4,-1.4,3.4,0.9165151389911681,,,4.5,6.3,,,,5.5,,,,,-2.7722910487361756,-1.256980888991608,,,,-1.819035704246295,,,5.433333333333334,1.7999999999999998,-1.9494358806580265,-1.256980888991608,0.0,1.0,0.0,0.0,0.0,0.0,0.0,0.0,0.0,0.0,0.0,0.0,0.0,0.0,0.0,1.0,4.0,7510203,5,khaosat,0,1.0
2.0,3.0,3.0,5.0,4.0,3.0,2.0,1.0,4.0,5.0,-1.2000000000000002,-0.20000000000000018,-0.20000000000000018,1.7999999999999998,0.7999999999999998,-0.20000000000000018,-1.2000000000000002,-2.2,0.7999999999999998,1.7999999999999998,3.2,1.2489995996796797,6.25,,,8.5,,,,7.0,,,-0.6359647677622915,,,1.3364908154401571,,,,-0.19445965798250175,,,7.25,2.25,0.16868879656512129,1.3364908154401571,0.0,0.0,0.0,0.0,0.0,1.0,0.0,0.0,0.0,0.0,0.0,0.0,0.0,0.0,0.0,1.0,2.0,7460108,0,khaosat,0,1.0
3.0,2.0,2.0,3.0,3.0,5.0,3.0,5.0,3.0,1.0,0.0,-1.0,-1.0,0.0,0.0,2.0,0.0,2.0,0.0,-2.0,3.0,1.1832159566199232,,,,7.75,,,,,6.75,7.0,,,,0.45235273438387363,,,,,-0.7890847816433537,-0.05910608392439303,7.166666666666667,1.0,-0.1319460437279577,0.45235273438387363,0.0,0.0,1.0,0.0,0.0,0.0,0.0,0.0,0.0,0.0,0.0,0.0,0.0,0.0,0.0,0.0,1.0,7819009,4,khaosat,0,1.0
3.0,4.0,3.0,4.0,4.0,2.0,5.0,5.0,4.0,3.0,-0.7000000000000002,0.2999999999999998,-0.7000000000000002,0.2999999999999998,0.2999999999999998,-1.7000000000000002,1.2999999999999998,1.2999999999999998,0.2999999999999998,-0.7000000000000002,3.7,0.9,,,,6.1,,,,6.35,6.25,,,,,-1.4927510439399505,,,,-0.8984426113634792,-1.4011815182175686,,6.233333333333333,0.25,-1.2641250578403327,-0.8984426113634792,1.0,0.0,0.0,0.0,0.0,0.0,0.0,0.0,0.0,0.0,0.0,0.0,0.0,0.0,0.0,0.0,1.0,7510605,3,khaosat,1,1.0
1.0,1.0,1.0,1.0,2.0,3.0,2.0,2.0,3.0,4.0,-1.0,-1.0,-1.0,-1.0,0.0,1.0,0.0,0.0,1.0,2.0,2.0,1.0,8.0,,7.1,8.0,,,,,,,0.936090275727828,,-0.263797548523036,0.7470654280693014,,,,,,,7.7,0.9000000000000004,0.4731193850913645,0.936090275727828,0.0,0.0,0.0,0.0,0.0,0.0,0.0,0.0,1.0,0.0,0.0,0.0,0.0,0.0,0.0,0.0,3.0,7340205,2,khaosat,0,1.0
2.0,2.0,4.0,4.0,4.0,4.0,2.0,5.0,1.0,5.0,-1.2999999999999998,-1.2999999999999998,0.7000000000000002,0.7000000000000002,0.7000000000000002,0.7000000000000002,-1.2999999999999998,1.7000000000000002,-2.3,1.7000000000000002,3.3,1.3453624047073711,9.0,,,9.0,,,,8.0,,,1.8344074434364677,,,1.9259162028110128,,,,0.8885910395266937,,,8.666666666666666,1.0,1.5496382285913912,1.9259162028110128,0.0,0.0,0.0,0.0,0.0,1.0,0.0,0.0,0.0,0.0,0.0,0.0,0.0,0.0,0.0,1.0,1.0,7480107,0,khaosat,1,1.0
4.0,3.0,4.0,3.0,5.0,4.0,4.0,4.0,3.0,4.0,0.20000000000000018,-0.7999999999999998,0.20000000000000018,-0.7999999999999998,1.2000000000000002,0.20000000000000018,0.20000000000000018,0.20000000000000018,-0.7999999999999998,0.20000000000000018,3.8,0.6,7.0,,4.5,5.5,,,,,,,0.03777310801918832,,-2.7722910487361756,-2.200061508784977,,,,,,,5.666666666666667,2.5,-1.6448598165006547,0.03777310801918832,0.0,0.0,0.0,0.0,0.0,0.0,0.0,0.0,1.0,0.0,0.0,0.0,0.0,0.0,0.0,1.0,1.0,7510202,5,khaosat,0,1.0
4.0,2.0,4.0,4.0,4.0,4.0,4.0,4.0,4.0,4.0,0.20000000000000018,-1.7999999999999998,0.20000000000000018,0.20000000000000018,0.20000000000000018,0.20000000000000018,0.20000000000000018,0.20000000000000018,0.20000000000000018,0.20000000000000018,3.8,0.6,,,6.25,8.5,,,,7.0,,,,,-1.0838819620542546,1.3364908154401571,,,,-0.19445965798250175,,,7.25,2.25,0.019383065134466932,1.3364908154401571,0.0,1.0,0.0,0.0,0.0,0.0,0.0,0.0,0.0,0.0,0.0,0.0,0.0,0.0,0.0,1.0,3.0,7480202,0,khaosat,0,1.0
3.0,2.0,3.0,3.0,4.0,2.0,4.0,2.0,3.0,2.0,0.20000000000000018,-0.7999999999999998,0.20000000000000018,0.20000000000000018,1.2000000000000002,-0.7999999999999998,1.2000000000000002,-0.7999999999999998,0.20000000000000018,-0.7999999999999998,2.8,0.7483314773547882,,,9.25,9.0,,,,,6.75,,,,1.810533615114753,1.9259162028110128,,,,,-0.7890847816433537,,8.333333333333334,2.5,0.9824550120941374,1.9259162028110128,0.0,0.0,0.0,0.0,0.0,0.0,0.0,0.0,0.0,1.0,0.0,0.0,0.0,0.0,0.0,0.0,1.0,7510406,7,khaosat,0,1.0
4.0,3.0,5.0,5.0,5.0,5.0,4.0,5.0,5.0,5.0,-0.5999999999999996,-1.5999999999999996,0.40000000000000036,0.40000000000000036,0.40000000000000036,0.40000000000000036,-0.5999999999999996,0.40000000000000036,0.40000000000000036,0.40000000000000036,4.6,0.6633249580710798,7.0,,6.0,7.0,,,,,,,0.03777310801918832,,-1.3250832601516718,-0.4317853466724099,,,,,,,6.666666666666667,1.0,-0.5730318329349645,0.03777310801918832,0.0,0.0,0.0,0.0,0.0,0.0,0.0,0.0,1.0,0.0,0.0,0.0,0.0,0.0,0.0,0.0,3.0,7340101,1,khaosat,0,1.0
5.0,2.0,4.0,5.0,5.0,3.0,3.0,4.0,5.0,5.0,0.9000000000000004,-2.0999999999999996,-0.09999999999999964,0.9000000000000004,0.9000000000000004,-1.0999999999999996,-1.0999999999999996,-0.09999999999999964,0.9000000000000004,0.9000000000000004,4.1,1.0440306508910548,,,,7.4,,,,6.75,7.25,,,,,0.03975496322427506,,,,-0.4652223323598006,-0.17698804506913884,,7.133333333333333,0.6500000000000004,-0.20081847140155476,0.03975496322427506,1.0,0.0,0.0,0.0,0.0,0.0,0.0,0.0,0.0,0.0,0.0,0.0,0.0,0.0,0.0,1.0,3.0,7510303,5,khaosat,0,1.0
3.0,3.0,2.0,3.0,3.0,3.0,5.0,4.0,3.0,3.0,-0.20000000000000018,-0.20000000000000018,-1.2000000000000002,-0.20000000000000018,-0.20000000000000018,-0.20000000000000018,1.7999999999999998,0.7999999999999998,-0.20000000000000018,-0.20000000000000018,3.2,0.7483314773547882,,,,6.0,,,,5.75,5.0,,,,,-1.6106361214141214,,,,-1.5482730298689962,-2.931423359653106,,5.583333333333333,1.0,-2.030110836978741,-1.5482730298689962,1.0,0.0,0.0,0.0,0.0,0.0,0.0,0.0,0.0,0.0,0.0,0.0,0.0,0.0,0.0,1.0,1.0,7340201,2,khaosat,0,1.0
4.0,1.0,3.0,3.0,5.0,4.0,5.0,4.0,3.0,3.0,0.5,-2.5,-0.5,-0.5,1.5,0.5,1.5,0.5,-0.5,-0.5,3.5,1.118033988749895,,,,7.25,,,,,5.35,4.75,,,,-0.13707265298698207,,,,,-2.502955644051156,-2.4903769587525266,5.783333333333334,2.5,-1.7101350852635548,-0.13707265298698207,0.0,0.0,1.0,0.0,0.0,0.0,0.0,0.0,0.0,0.0,0.0,0.0,0.0,0.0,0.0,1.0,2.0,7819009,4,khaosat,0,1.0
4.0,4.0,4.0,4.0,5.0,5.0,5.0,5.0,4.0,5.0,-0.5,-0.5,-0.5,-0.5,0.5,0.5,0.5,0.5,-0.5,0.5,4.5,0.5,,,,7.5,,,,8.0,7.75,,,,,0.15764004069844578,,,,0.8885910395266937,0.4351086915050761,,7.75,0.5,0.4937799239100719,0.8885910395266937,1.0,0.0,0.0,0.0,0.0,0.0,0.0,0.0,0.0,0.0,0.0,0.0,0.0,0.0,0.0,0.0,2.0,7220201,8,khaosat,0,1.0
4.0,4.0,2.0,4.0,3.0,4.0,3.0,4.0,2.0,3.0,0.7000000000000002,0.7000000000000002,-1.2999999999999998,0.7000000000000002,-0.2999999999999998,0.7000000000000002,-0.2999999999999998,0.7000000000000002,-1.2999999999999998,-0.2999999999999998,3.3,0.7810249675906654,,,6.0,7.0,,,,8.0,,,,,-1.3250832601516718,-0.4317853466724099,,,,0.8885910395266937,,,7.0,2.0,-0.289425855765796,0.8885910395266937,0.0,1.0,0.0,0.0,0.0,0.0,0.0,0.0,0.0,0.0,0.0,0.0,0.0,0.0,0.0,1.0,1.0,7510301,5,khaosat,0,1.0
4.0,4.0,5.0,5.0,5.0,4.0,5.0,5.0,5.0,5.0,-0.7000000000000002,-0.7000000000000002,0.2999999999999998,0.2999999999999998,0.2999999999999998,-0.7000000000000002,0.2999999999999998,0.2999999999999998,0.2999999999999998,0.2999999999999998,4.7,0.45825756949558405,8.75,7.0,,,,,9.0,,,,1.6098281515093078,0.58208178891343,,,,,1.5887282210228564,,,,8.25,2.0,1.2602127204818647,1.6098281515093078,0.0,0.0,0.0,0.0,1.0,0.0,0.0,0.0,0.0,0.0,0.0,0.0,0.0,0.0,0.0,0.0,1.0,7810201,4,khaosat,0,1.0
3.0,4.0,3.0,4.0,4.0,4.0,2.0,5.0,2.0,3.0,-0.3999999999999999,0.6000000000000001,-0.3999999999999999,0.6000000000000001,0.6000000000000001,0.6000000000000001,-1.4,1.6,-1.4,-0.3999999999999999,3.4,0.9165151389911681,,,7.25,8.0,,,,5.0,,,,,-0.11907676966458527,0.7470654280693014,,,,-2.3605610530008927,,,6.75,3.0,-0.5775241315320588,0.7470654280693014,0.0,1.0,0.0,0.0,0.0,0.0,0.0,0.0,0.0,0.0,0.0,0.0,0.0,0.0,0.0,1.0,1.0,7480201,0,khaosat,0,1.0
2.0,4.0,4.0,4.0,3.0,4.0,2.0,4.0,3.0,3.0,-1.2999999999999998,0.7000000000000002,0.7000000000000002,0.7000000000000002,-0.2999999999999998,0.7000000000000002,-1.2999999999999998,0.7000000000000002,-0.2999999999999998,-0.2999999999999998,3.3,0.7810249675906654,,,7.5,8.8,,,,,7.5,,,,0.12212452843283203,1.6901460478626713,,,,,0.12906032321796862,,7.933333333333334,1.3000000000000007,0.647110299837824,1.6901460478626713,0.0,0.0,0.0,0.0,0.0,0.0,0.0,0.0,0.0,1.0,0.0,0.0,0.0,0.0,0.0,0.0,4.0,7480201,0,khaosat,0,1.0
3.0,2.0,3.0,3.0,3.0,3.0,3.0,3.0,3.0,3.0,0.10000000000000009,-0.8999999999999999,0.10000000000000009,0.10000000000000009,0.10000000000000009,0.10000000000000009,0.10000000000000009,0.10000000000000009,0.10000000000000009,0.10000000000000009,2.9,0.3,,,,8.8,,,,7.0,7.0,,,,,1.6901460478626713,,,,-0.19445965798250175,-0.4830364133562463,,7.6000000000000005,1.8000000000000007,0.33754999217464104,1.6901460478626713,1.0,0.0,0.0,0.0,0.0,0.0,0.0,0.0,0.0,0.0,0.0,0.0,0.0,0.0,0.0,0.0,1.0,7480201,0,khaosat,0,1.0
5.0,5.0,5.0,5.0,5.0,5.0,4.0,4.0,5.0,5.0,0.20000000000000018,0.20000000000000018,0.20000000000000018,0.20000000000000018,0.20000000000000018,0.20000000000000018,-0.7999999999999998,-0.7999999999999998,0.20000000000000018,0.20000000000000018,4.8,0.39999999999999997,,,5.0,7.0,,,,7.0,,,,,-2.289888452541341,-0.4317853466724099,,,,-0.19445965798250175,,,6.333333333333333,2.0,-0.9720444857320842,-0.19445965798250175,0.0,1.0,0.0,0.0,0.0,0.0,0.0,0.0,0.0,0.0,0.0,0.0,0.0,0.0,0.0,1.0,1.0,7520115,6,khaosat,0,1.0
5.0,3.0,3.0,5.0,3.0,4.0,3.0,5.0,2.0,5.0,1.2000000000000002,-0.7999999999999998,-0.7999999999999998,1.2000000000000002,-0.7999999999999998,0.20000000000000018,-0.7999999999999998,1.2000000000000002,-1.7999999999999998,1.2000000000000002,3.8,1.077032961426901,,,,7.25,,,,,7.25,6.5,,,,-0.13707265298698207,,,,,-0.17698804506913884,-0.5993885005528671,7.0,0.75,-0.304483066202996,-0.13707265298698207,0.0,0.0,1.0,0.0,0.0,0.0,0.0,0.0,0.0,0.0,0.0,0.0,0.0,0.0,0.0,0.0,2.0,7510401,6,khaosat,0,1.0
3.0,3.0,5.0,5.0,5.0,5.0,5.0,5.0,4.0,5.0,-1.5,-1.5,0.5,0.5,0.5,0.5,0.5,0.5,-0.5,0.5,4.5,0.806225774829855,,,,8.0,,,,8.0,8.0,,,,,0.7470654280693014,,,,0.8885910395266937,0.7411570597921835,,8.0,0.0,0.7922711757960595,0.8885910395266937,1.0,0.0,0.0,0.0,0.0,0.0,0.0,0.0,0.0,0.0,0.0,0.0,0.0,0.0,0.0,1.0,4.0,7510203,5,khaosat,0,1.0
2.0,4.0,3.0,3.0,4.0,4.0,2.0,5.0,2.0,3.0,-1.2000000000000002,0.7999999999999998,-0.20000000000000018,-0.20000000000000018,0.7999999999999998,0.7999999999999998,-1.2000000000000002,1.7999999999999998,-1.2000000000000002,-0.20000000000000018,3.2,0.9797958971132712,6.5,,,7.75,,,,,7.0,,-0.4113854758351315,,,0.45235273438387363,,,,,-0.4830364133562463,,7.083333333333333,1.25,-0.14735638493583472,0.45235273438387363,0.0,0.0,0.0,0.0,0.0,0.0,1.0,0.0,0.0,0.0,0.0,0.0,0.0,0.0,0.0,0.0,3.0,7220204,8,khaosat,0,1.0
3.0,3.0,3.0,3.0,4.0,4.0,4.0,4.0,4.0,4.0,-0.6000000000000001,-0.6000000000000001,-0.6000000000000001,-0.6000000000000001,0.3999999999999999,0.3999999999999999,0.3999999999999999,0.3999999999999999,0.3999999999999999,0.3999999999999999,3.6,0.48989794855663565,8.75,,4.0,6.5,,,,,,,1.6098281515093078,,-3.2546936449310104,-1.0212107340432657,,,,,,,6.416666666666667,4.75,-0.888692075821656,1.6098281515093078,0.0,0.0,0.0,0.0,0.0,0.0,0.0,0.0,1.0,0.0,0.0,0.0,0.0,0.0,0.0,0.0,3.0,7480201,0,khaosat,0,1.0
5.0,2.0,4.0,4.0,4.0,5.0,5.0,5.0,5.0,5.0,0.5999999999999996,-2.4000000000000004,-0.40000000000000036,-0.40000000000000036,-0.40000000000000036,0.5999999999999996,0.5999999999999996,0.5999999999999996,0.5999999999999996,0.5999999999999996,4.4,0.9165151389911679,,,,5.5,,,,2.6,4.5,,,,,-2.200061508784977,,,,-4.959882727022962,-3.543520096227321,,4.2,2.9,-3.5678214440117535,-2.200061508784977,1.0,0.0,0.0,0.0,0.0,0.0,0.0,0.0,0.0,0.0,0.0,0.0,0.0,0.0,0.0,1.0,1.0,7220204,8,khaosat,0,1.0
2.0,5.0,4.0,4.0,4.0,5.0,4.0,4.0,4.0,4.0,-2.0,1.0,0.0,0.0,0.0,1.0,0.0,0.0,0.0,0.0,4.0,0.7745966692414834,,,,7.0,,,,7.0,7.5,,,,,-0.4317853466724099,,,,-0.19445965798250175,0.12906032321796862,,7.166666666666667,0.5,-0.1657282271456477,0.12906032321796862,1.0,0.0,0.0,0.0,0.0,0.0,0.0,0.0,0.0,0.0,0.0,0.0,0.0,0.0,0.0,0.0,4.0,7510401,6,khaosat,0,1.0
5.0,2.0,5.0,4.0,5.0,3.0,2.0,2.0,3.0,1.0,1.7999999999999998,-1.2000000000000002,1.7999999999999998,0.7999999999999998,1.7999999999999998,-0.20000000000000018,-1.2000000000000002,-1.2000000000000002,-0.20000000000000018,-2.2,3.2,1.4000000000000001,,,5.25,6.75,,,,5.75,,,,,-2.0486871544439236,-0.7264980403578377,,,,-1.5482730298689962,,,5.916666666666667,1.5,-1.441152741556919,-0.7264980403578377,0.0,1.0,0.0,0.0,0.0,0.0,0.0,0.0,0.0,0.0,0.0,0.0,0.0,0.0,0.0,1.0,1.0,7480107,0,khaosat,1,1.0
4.0,1.0,5.0,1.0,4.0,3.0,5.0,5.0,4.0,5.0,0.2999999999999998,-2.7,1.2999999999999998,-2.7,0.2999999999999998,-0.7000000000000002,1.2999999999999998,1.2999999999999998,0.2999999999999998,1.2999999999999998,3.7,1.4866068747318506,7.5,,2.25,,,,7.0,,,,0.4869316918735082,,-4.943102731612932,,,,-0.5016100961877937,,,,5.583333333333333,5.25,-1.6525937119757392,0.4869316918735082,0.0,0.0,0.0,0.0,0.0,0.0,0.0,0.0,0.0,0.0,0.0,1.0,0.0,0.0,0.0,1.0,4.0,7340101,1,khaosat,0,1.0
4.0,2.0,4.0,4.0,4.0,5.0,2.0,4.0,5.0,2.0,0.3999999999999999,-1.6,0.3999999999999999,0.3999999999999999,0.3999999999999999,1.4,-1.6,0.3999999999999999,1.4,-1.6,3.6,1.1135528725660044,,,,7.25,,,,6.0,5.85,,,,,-0.13707265298698207,,,,-1.2775103554916973,-1.890858907476941,,6.366666666666667,1.4000000000000004,-1.101813971985207,-0.13707265298698207,1.0,0.0,0.0,0.0,0.0,0.0,0.0,0.0,0.0,0.0,0.0,0.0,0.0,0.0,0.0,1.0,3.0,7510301,5,khaosat,0,1.0
2.0,4.0,5.0,5.0,5.0,5.0,4.0,3.0,2.0,4.0,-1.9,0.10000000000000009,1.1,1.1,1.1,1.1,0.10000000000000009,-0.8999999999999999,-1.9,0.10000000000000009,3.9,1.1357816691600546,,,,7.5,,,,5.0,5.25,,,,,0.15764004069844578,,,,-2.3605610530008927,-2.6253749913659985,,5.916666666666667,2.5,-1.609432001222815,0.15764004069844578,1.0,0.0,0.0,0.0,0.0,0.0,0.0,0.0,0.0,0.0,0.0,0.0,0.0,0.0,0.0,1.0,4.0,7540106,7,khaosat,0,1.0
1.0,3.0,3.0,2.0,3.0,2.0,4.0,3.0,3.0,3.0,-1.7000000000000002,0.2999999999999998,0.2999999999999998,-0.7000000000000002,0.2999999999999998,-0.7000000000000002,1.2999999999999998,0.2999999999999998,0.2999999999999998,0.2999999999999998,2.7,0.7810249675906654,6.5,,,6.25,,,,4.75,,,-0.4113854758351315,,,-1.3159234277286935,,,,-2.6313237273781915,,,5.833333333333333,1.75,-1.452877543647339,-0.4113854758351315,0.0,0.0,0.0,0.0,0.0,1.0,0.0,0.0,0.0,0.0,0.0,0.0,0.0,0.0,0.0,1.0,4.0,7480202,0,khaosat,0,1.0
4.0,1.0,2.0,3.0,2.0,2.0,2.0,5.0,2.0,2.0,1.5,-1.5,-0.5,0.5,-0.5,-0.5,-0.5,2.5,-0.5,-0.5,2.5,1.118033988749895,,,,7.75,,,,5.0,5.75,,,,,0.45235273438387363,,,,-2.3605610530008927,-2.013278254791784,,6.166666666666667,2.75,-1.3071621911362676,0.45235273438387363,1.0,0.0,0.0,0.0,0.0,0.0,0.0,0.0,0.0,0.0,0.0,0.0,0.0,0.0,0.0,1.0,1.0,7810101,4,khaosat,1,1.0
5.0,1.0,3.0,4.0,2.0,2.0,2.0,1.0,2.0,2.0,2.6,-1.4,0.6000000000000001,1.6,-0.3999999999999999,-0.3999999999999999,-0.3999999999999999,-1.4,-0.3999999999999999,-0.3999999999999999,2.4,1.2,,,,5.5,,,,5.5,6.5,,,,,-2.200061508784977,,,,-1.819035704246295,-1.0951331499304613,,5.833333333333333,1.0,-1.704743454320578,-1.0951331499304613,1.0,0.0,0.0,0.0,0.0,0.0,0.0,0.0,0.0,0.0,0.0,0.0,0.0,0.0,0.0,0.0,1.0,7340205,2,khaosat,0,1.0
5.0,3.0,5.0,2.0,4.0,1.0,2.0,2.0,2.0,4.0,2.0,0.0,2.0,-1.0,1.0,-2.0,-1.0,-1.0,-1.0,1.0,3.0,1.3416407864998738,,,7.0,8.0,,,6.25,,,,,,-0.3602780677620026,0.7470654280693014,,,-1.2854869651417875,,,,7.083333333333333,1.75,-0.29956653494482954,0.7470654280693014,0.0,0.0,0.0,0.0,0.0,0.0,0.0,0.0,0.0,0.0,1.0,0.0,0.0,0.0,0.0,0.0,1.0,7220204,8,khaosat,0,1.0
2.0,2.0,2.0,4.0,5.0,4.0,3.0,4.0,2.0,2.0,-1.0,-1.0,-1.0,1.0,2.0,1.0,0.0,1.0,-1.0,-1.0,3.0,1.0954451150103321,,,9.5,7.0,,,,,6.5,,,,2.0517349132121705,-0.4317853466724099,,,,,-1.0951331499304613,,7.666666666666667,3.0,0.17493880553643307,2.0517349132121705,0.0,0.0,0.0,0.0,0.0,0.0,0.0,0.0,0.0,1.0,0.0,0.0,0.0,0.0,0.0,0.0,1.0,7819009,4,khaosat,0,1.0
4.0,2.0,4.0,4.0,2.0,2.0,1.0,1.0,4.0,2.0,1.4,-0.6000000000000001,1.4,1.4,-0.6000000000000001,-0.6000000000000001,-1.6,-1.6,1.4,-0.6000000000000001,2.6,1.2,,,5.25,6.0,,,,6.75,,,,,-2.0486871544439236,-1.6106361214141214,,,,-0.4652223323598006,,,6.0,1.5,-1.374848536072615,-0.4652223323598006,0.0,1.0,0.0,0.0,0.0,0.0,0.0,0.0,0.0,0.0,0.0,0.0,0.0,0.0,0.0,0.0,1.0,7340115,1,khaosat,0,1.0
4.0,1.0,4.0,5.0,3.0,2.0,1.0,2.0,4.0,3.0,1.1,-1.9,1.1,2.1,0.10000000000000009,-0.8999999999999999,-1.9,-0.8999999999999999,1.1,0.10000000000000009,2.9,1.3,6.75,,6.5,6.75,,,,,,,-0.1868061839079716,,-0.8426806639568372,-0.7264980403578377,,,,,,,6.666666666666667,0.25,-0.5853282960742154,-0.1868061839079716,0.0,0.0,0.0,0.0,0.0,0.0,0.0,0.0,1.0,0.0,0.0,0.0,0.0,0.0,0.0,1.0,1.0,7340205,2,khaosat,0,1.0
2.0,2.0,3.0,5.0,4.0,2.0,5.0,2.0,2.0,1.0,-0.7999999999999998,-0.7999999999999998,0.20000000000000018,2.2,1.2000000000000002,-0.7999999999999998,2.2,-0.7999999999999998,-0.7999999999999998,-1.7999999999999998,2.8,1.32664991614216,,,,8.75,,,,7.5,9.5,,,,,1.631203509125585,,,,0.347065690772096,2.577447269514828,,8.583333333333334,2.0,1.5185721564708363,2.577447269514828,1.0,0.0,0.0,0.0,0.0,0.0,0.0,0.0,0.0,0.0,0.0,0.0,0.0,0.0,0.0,0.0,1.0,7850101,7,khaosat,0,1.0
4.0,2.0,3.0,4.0,4.0,2.0,1.0,1.0,5.0,2.0,1.2000000000000002,-0.7999999999999998,0.20000000000000018,1.2000000000000002,1.2000000000000002,-0.7999999999999998,-1.7999999999999998,-1.7999999999999998,2.2,-0.7999999999999998,2.8,1.3266499161421599,,,,7.5,,,,8.5,7.75,,,,,0.15764004069844578,,,,1.4301163882812915,0.4351086915050761,,7.916666666666667,1.0,0.6742883734949378,1.4301163882812915,1.0,0.0,0.0,0.0,0.0,0.0,0.0,0.0,0.0,0.0,0.0,0.0,0.0,0.0,0.0,1.0,1.0,7380107,8,khaosat,0,1.0
2.0,3.0,3.0,5.0,5.0,5.0,2.0,5.0,3.0,1.0,-1.4,-0.3999999999999999,-0.3999999999999999,1.6,1.6,1.6,-1.4,1.6,-0.3999999999999999,-2.4,3.4,1.42828568570857,,,,5.0,,,,,8.5,5.0,,,,-2.789486896155833,,,,,1.3532537963663984,-2.2202357504382895,6.166666666666667,3.5,-1.218822950075908,1.3532537963663984,0.0,0.0,1.0,0.0,0.0,0.0,0.0,0.0,0.0,0.0,0.0,0.0,0.0,0.0,0.0,0.0,1.0,7819010,4,khaosat,0,1.0
4.0,1.0,3.0,2.0,4.0,1.0,1.0,1.0,2.0,3.0,1.7999999999999998,-1.2000000000000002,0.7999999999999998,-0.20000000000000018,1.7999999999999998,-1.2000000000000002,-1.2000000000000002,-1.2000000000000002,-0.20000000000000018,0.7999999999999998,2.2,1.1661903789690602,8.0,,7.75,7.5,,,,,,,0.936090275727828,,0.3633258265302493,0.15764004069844578,,,,,,,7.75,0.5,0.4856853809855077,0.936090275727828,0.0,0.0,0.0,0.0,0.0,0.0,0.0,0.0,1.0,0.0,0.0,0.0,0.0,0.0,0.0,0.0,1.0,7220201,8,khaosat,0,1.0
3.0,3.0,3.0,5.0,3.0,4.0,3.0,3.0,3.0,1.0,-0.10000000000000009,-0.10000000000000009,-0.10000000000000009,1.9,-0.10000000000000009,0.8999999999999999,-0.10000000000000009,-0.10000000000000009,-0.10000000000000009,-2.1,3.1,0.9433981132056604,,,7.75,8.75,,,,,5.75,,,,0.3633258265302493,1.631203509125585,,,,,-2.013278254791784,,7.416666666666667,3.0,-0.006249639711983186,1.631203509125585,0.0,0.0,0.0,0.0,0.0,0.0,0.0,0.0,0.0,1.0,0.0,0.0,0.0,0.0,0.0,1.0,1.0,7510402,6,khaosat,0,1.0
4.0,2.0,4.0,5.0,2.0,2.0,2.0,1.0,2.0,3.0,1.2999999999999998,-0.7000000000000002,1.2999999999999998,2.3,-0.7000000000000002,-0.7000000000000002,-0.7000000000000002,-1.7000000000000002,-0.7000000000000002,0.2999999999999998,2.7,1.1874342087037917,,,8.5,7.5,,,,7.25,,,,,1.0869297208225013,0.15764004069844578,,,,0.07630301639479713,,,7.75,1.25,0.4402909259719147,1.0869297208225013,0.0,1.0,0.0,0.0,0.0,0.0,0.0,0.0,0.0,0.0,0.0,0.0,0.0,0.0,0.0,1.0,1.0,7340301,2,khaosat,0,1.0
1.0,5.0,4.0,5.0,5.0,1.0,2.0,2.0,2.0,2.0,-1.9,2.1,1.1,2.1,2.1,-1.9,-0.8999999999999999,-0.8999999999999999,-0.8999999999999999,-0.8999999999999999,2.9,1.5779733838059498,,,,7.5,,,,5.75,7.75,,,,,0.15764004069844578,,,,-1.5482730298689962,0.4351086915050761,,7.0,2.0,-0.31850809922182477,0.4351086915050761,1.0,0.0,0.0,0.0,0.0,0.0,0.0,0.0,0.0,0.0,0.0,0.0,0.0,0.0,0.0,1.0,1.0,7480107,0,khaosat,1,1.0
3.0,2.0,3.0,4.0,3.0,3.0,3.0,4.0,2.0,1.0,0.20000000000000018,-0.7999999999999998,0.20000000000000018,1.2000000000000002,0.20000000000000018,0.20000000000000018,0.20000000000000018,1.2000000000000002,-0.7999999999999998,-1.7999999999999998,2.8,0.8717797887081347,,,,7.5,,,,,8.5,6.25,,,,0.15764004069844578,,,,,1.3532537963663984,-0.8695297088671041,7.416666666666667,2.25,0.21378804273258,1.3532537963663984,0.0,0.0,1.0,0.0,0.0,0.0,0.0,0.0,0.0,0.0,0.0,0.0,0.0,0.0,0.0,0.0,1.0,7540105,7,khaosat,0,1.0
1.0,5.0,4.0,5.0,5.0,2.0,2.0,1.0,2.0,1.0,-1.7999999999999998,2.2,1.2000000000000002,2.2,2.2,-0.7999999999999998,-0.7999999999999998,-1.7999999999999998,-0.7999999999999998,-1.7999999999999998,2.8,1.6613247725836149,,,7.5,8.25,,,,,8.5,,,,0.12212452843283203,1.0417781217547293,,,,,1.3532537963663984,,8.083333333333334,1.0,0.83905214885132,1.3532537963663984,0.0,0.0,0.0,0.0,0.0,0.0,0.0,0.0,0.0,1.0,0.0,0.0,0.0,0.0,0.0,1.0,1.0,7510301,5,khaosat,0,1.0
5.0,1.0,3.0,3.0,3.0,2.0,2.0,5.0,3.0,2.0,2.1,-1.9,0.10000000000000009,0.10000000000000009,0.10000000000000009,-0.8999999999999999,-0.8999999999999999,2.1,0.10000000000000009,-0.8999999999999999,2.9,1.2206555615733703,7.0,7.0,,,,,9.0,,,,0.03777310801918832,0.58208178891343,,,,,1.5887282210228564,,,,7.666666666666667,2.0,0.7361943726518249,1.5887282210228564,0.0,0.0,0.0,0.0,1.0,0.0,0.0,0.0,0.0,0.0,0.0,0.0,0.0,0.0,0.0,0.0,3.0,7810201,4,khaosat,0,1.0
3.0,2.0,4.0,5.0,5.0,1.0,1.0,2.0,2.0,1.0,0.3999999999999999,-0.6000000000000001,1.4,2.4,2.4,-1.6,-1.6,-0.6000000000000001,-0.6000000000000001,-1.6,2.6,1.4966629547095764,,,6.75,8.25,,,,,9.25,,,,-0.6014793658594199,1.0417781217547293,,,,,2.271398901227721,,8.083333333333334,2.5,0.9038992190410101,2.271398901227721,0.0,0.0,0.0,0.0,0.0,0.0,0.0,0.0,0.0,1.0,0.0,0.0,0.0,0.0,0.0,0.0,1.0,7510301,5,khaosat,0,1.0
4.0,2.0,2.0,3.0,2.0,1.0,1.0,4.0,2.0,3.0,1.6,-0.3999999999999999,-0.3999999999999999,0.6000000000000001,-0.3999999999999999,-1.4,-1.4,1.6,-0.3999999999999999,0.6000000000000001,2.4,1.019803902718557,5.25,,6.75,8.75,,,,,,,-1.5342819354709312,,-0.6014793658594199,1.631203509125585,,,,,,,6.916666666666667,3.5,-0.16818593073492197,1.631203509125585,0.0,0.0,0.0,0.0,0.0,0.0,0.0,0.0,1.0,0.0,0.0,0.0,0.0,0.0,0.0,1.0,1.0,7810202,4,khaosat,0,1.0
3.0,3.0,4.0,4.0,3.0,2.0,1.0,2.0,2.0,1.0,0.5,0.5,1.5,1.5,0.5,-0.5,-1.5,-0.5,-0.5,-1.5,2.5,1.02469507659596,8.5,,,9.25,,,,6.25,,,1.385248859582148,,,2.2206288964964407,,,,-1.0067476811143983,,,8.0,3.0,0.8663766916547301,2.2206288964964407,0.0,0.0,0.0,0.0,0.0,1.0,0.0,0.0,0.0,0.0,0.0,0.0,0.0,0.0,0.0,0.0,1.0,7510203,5,khaosat,0,1.0
3.0,5.0,4.0,4.0,4.0,2.0,1.0,1.0,1.0,1.0,0.3999999999999999,2.4,1.4,1.4,1.4,-0.6000000000000001,-1.6,-1.6,-1.6,-1.6,2.6,1.4966629547095767,,,,5.25,,,,8.75,8.75,,,,,-2.494774202470405,,,,1.7008790626585903,1.659302164653506,,7.583333333333333,3.5,0.2884690082805638,1.7008790626585903,1.0,0.0,0.0,0.0,0.0,0.0,0.0,0.0,0.0,0.0,0.0,0.0,0.0,0.0,0.0,1.0,3.0,7510301,5,khaosat,0,1.0
3.0,2.0,3.0,4.0,3.0,1.0,2.0,1.0,2.0,2.0,0.7000000000000002,-0.2999999999999998,0.7000000000000002,1.7000000000000002,0.7000000000000002,-1.2999999999999998,-0.2999999999999998,-1.2999999999999998,-0.2999999999999998,-0.2999999999999998,2.3,0.9,,,7.75,8.75,,,,,6.5,,,,0.3633258265302493,1.631203509125585,,,,,-1.0951331499304613,,7.666666666666667,2.25,0.2997987285751243,1.631203509125585,0.0,0.0,0.0,0.0,0.0,0.0,0.0,0.0,0.0,1.0,0.0,0.0,0.0,0.0,0.0,1.0,1.0,7510301,5,khaosat,0,1.0
2.0,2.0,2.0,5.0,3.0,4.0,3.0,2.0,3.0,1.0,-0.7000000000000002,-0.7000000000000002,-0.7000000000000002,2.3,0.2999999999999998,1.2999999999999998,0.2999999999999998,-0.7000000000000002,0.2999999999999998,-1.7000000000000002,2.7,1.1,,,8.5,5.25,,,,,9.25,,,,1.0869297208225013,-2.494774202470405,,,,,2.271398901227721,,7.666666666666667,4.0,0.2878514731932724,2.271398901227721,0.0,0.0,0.0,0.0,0.0,0.0,0.0,0.0,0.0,1.0,0.0,0.0,0.0,0.0,0.0,0.0,1.0,7510402,6,khaosat,0,1.0
4.0,1.0,2.0,2.0,3.0,2.0,2.0,4.0,3.0,3.0,1.4,-1.6,-0.6000000000000001,-0.6000000000000001,0.3999999999999999,-0.6000000000000001,-0.6000000000000001,1.4,0.3999999999999999,0.3999999999999999,2.6,0.9165151389911681,9.0,,8.0,8.75,,,,,,,1.8344074434364677,,0.6045271246276667,1.631203509125585,,,,,,,8.583333333333334,1.0,1.356712692396573,1.8344074434364677,0.0,0.0,0.0,0.0,0.0,0.0,0.0,0.0,1.0,0.0,0.0,0.0,0.0,0.0,0.0,1.0,1.0,7810202,4,khaosat,0,1.0
4.0,2.0,2.0,4.0,5.0,2.0,1.0,1.0,4.0,1.0,1.4,-0.6000000000000001,-0.6000000000000001,1.4,2.4,-0.6000000000000001,-1.6,-1.6,1.4,-1.6,2.6,1.42828568570857,8.0,,6.75,7.0,,,,,,,0.936090275727828,,-0.6014793658594199,-0.4317853466724099,,,,,,,7.25,1.25,-0.03239147893466726,0.936090275727828,0.0,0.0,0.0,0.0,0.0,0.0,0.0,0.0,1.0,0.0,0.0,0.0,0.0,0.0,0.0,0.0,3.0,7380107,8,khaosat,0,1.0
3.0,5.0,4.0,4.0,3.0,1.0,2.0,2.0,1.0,2.0,0.2999999999999998,2.3,1.2999999999999998,1.2999999999999998,0.2999999999999998,-1.7000000000000002,-0.7000000000000002,-0.7000000000000002,-1.7000000000000002,-0.7000000000000002,2.7,1.2688577540449522,,,8.75,6.5,,,,9.5,,,,,1.3281310189199185,-1.0212107340432657,,,,2.513167085790487,,,8.25,3.0,0.9400291235557132,2.513167085790487,0.0,1.0,0.0,0.0,0.0,0.0,0.0,0.0,0.0,0.0,0.0,0.0,0.0,0.0,0.0,1.0,1.0,7510303,5,khaosat,0,1.0
4.0,3.0,2.0,5.0,5.0,2.0,1.0,2.0,5.0,2.0,0.8999999999999999,-0.10000000000000009,-1.1,1.9,1.9,-1.1,-2.1,-1.1,1.9,-1.1,3.1,1.445683229480096,9.0,,,9.5,6.5,,,,,,1.8344074434364677,,,2.5153415901818685,-0.1323357706938569,,,,,,8.333333333333334,3.0,1.4058044209748264,2.5153415901818685,0.0,0.0,0.0,0.0,0.0,0.0,0.0,0.0,0.0,0.0,0.0,0.0,0.0,1.0,0.0,1.0,1.0,7380101,8,khaosat,1,1.0
1.0,5.0,4.0,5.0,5.0,1.0,2.0,1.0,1.0,2.0,-1.7000000000000002,2.3,1.2999999999999998,2.3,2.3,-1.7000000000000002,-0.7000000000000002,-1.7000000000000002,-1.7000000000000002,-0.7000000000000002,2.7,1.7349351572897473,,,,6.0,,,,9.5,9.5,,,,,-1.6106361214141214,,,,2.513167085790487,2.577447269514828,,8.333333333333334,3.5,1.159992744630398,2.577447269514828,1.0,0.0,0.0,0.0,0.0,0.0,0.0,0.0,0.0,0.0,0.0,0.0,0.0,0.0,0.0,0.0,1.0,7460108,0,khaosat,0,1.0
5.0,2.0,5.0,4.0,3.0,2.0,1.0,2.0,4.0,2.0,2.0,-1.0,2.0,1.0,0.0,-1.0,-2.0,-1.0,1.0,-1.0,3.0,1.3416407864998738,,,7.5,8.0,,,,8.5,,,,,0.12212452843283203,0.7470654280693014,,,,1.4301163882812915,,,8.0,1.0,0.7664354482611416,1.4301163882812915,0.0,1.0,0.0,0.0,0.0,0.0,0.0,0.0,0.0,0.0,0.0,0.0,0.0,0.0,0.0,0.0,1.0,7340205,2,khaosat,0,1.0
3.0,2.0,2.0,3.0,3.0,5.0,2.0,3.0,3.0,1.0,0.2999999999999998,-0.7000000000000002,-0.7000000000000002,0.2999999999999998,0.2999999999999998,2.3,-0.7000000000000002,0.2999999999999998,0.2999999999999998,-1.7000000000000002,2.7,1.004987562112089,,,9.0,7.75,,,,,6.25,,,,1.5693323170173359,0.45235273438387363,,,,,-1.4011815182175686,,7.666666666666667,2.75,0.20683451106121367,1.5693323170173359,0.0,0.0,0.0,0.0,0.0,0.0,0.0,0.0,0.0,1.0,0.0,0.0,0.0,0.0,0.0,0.0,1.0,7510402,6,khaosat,0,1.0
5.0,4.0,5.0,4.0,5.0,4.0,5.0,5.0,5.0,5.0,0.2999999999999998,-0.7000000000000002,0.2999999999999998,-0.7000000000000002,0.2999999999999998,-0.7000000000000002,0.2999999999999998,0.2999999999999998,0.2999999999999998,0.2999999999999998,4.7,0.45825756949558405,,,7.0,8.0,,,,,,8.0,,,-0.3602780677620026,0.7470654280693014,,,,,,1.021458749332555,7.666666666666667,1.0,0.4694153698799513,1.021458749332555,0.0,0.0,0.0,1.0,0.0,0.0,0.0,0.0,0.0,0.0,0.0,0.0,0.0,0.0,0.0,0.0,1.0,7540204,6,khaosat,0,1.0
5.0,1.0,5.0,5.0,5.0,5.0,5.0,5.0,5.0,5.0,0.40000000000000036,-3.5999999999999996,0.40000000000000036,0.40000000000000036,0.40000000000000036,0.40000000000000036,0.40000000000000036,0.40000000000000036,0.40000000000000036,0.40000000000000036,4.6,1.2,,,5.0,7.75,,,,,,9.0,,,-2.289888452541341,0.45235273438387363,,,,,,2.1020235825895033,7.25,4.0,0.08816262147734522,2.1020235825895033,0.0,0.0,0.0,1.0,0.0,0.0,0.0,0.0,0.0,0.0,0.0,0.0,0.0,0.0,0.0,0.0,1.0,7420201,7,khaosat,0,1.0
2.0,5.0,4.0,3.0,5.0,4.0,5.0,4.0,4.0,5.0,-2.0999999999999996,0.9000000000000004,-0.09999999999999964,-1.0999999999999996,0.9000000000000004,-0.09999999999999964,0.9000000000000004,-0.09999999999999964,-0.09999999999999964,0.9000000000000004,4.1,0.9433981132056604,,,6.0,6.0,,,,9.0,,,,,-1.3250832601516718,-1.6106361214141214,,,,1.9716417370358892,,,7.0,3.0,-0.32135921484330127,1.9716417370358892,0.0,1.0,0.0,0.0,0.0,0.0,0.0,0.0,0.0,0.0,0.0,0.0,0.0,0.0,0.0,0.0,2.0,7420201,7,khaosat,0,1.0
4.0,3.0,3.0,2.0,4.0,4.0,3.0,4.0,5.0,3.0,0.5,-0.5,-0.5,-1.5,0.5,0.5,-0.5,0.5,1.5,-0.5,3.5,0.806225774829855,,,5.0,7.0,,,,,,8.0,,,-2.289888452541341,-0.4317853466724099,,,,,,1.021458749332555,6.666666666666667,3.0,-0.5667383499603987,1.021458749332555,0.0,0.0,0.0,1.0,0.0,0.0,0.0,0.0,0.0,0.0,0.0,0.0,0.0,0.0,0.0,0.0,2.0,7420201,7,khaosat,0,1.0
3.0,2.0,2.0,5.0,3.0,3.0,3.0,5.0,4.0,5.0,-0.5,-1.5,-1.5,1.5,-0.5,-0.5,-0.5,1.5,0.5,1.5,3.5,1.118033988749895,,,,8.25,,,,,8.4,8.0,,,,1.0417781217547293,,,,,1.230834449051556,1.021458749332555,8.216666666666667,0.40000000000000036,1.0980237733796134,1.230834449051556,0.0,0.0,1.0,0.0,0.0,0.0,0.0,0.0,0.0,0.0,0.0,0.0,0.0,0.0,0.0,0.0,2.0,7540101,7,khaosat,0,1.0
3.0,4.0,3.0,3.0,3.0,4.0,4.0,4.0,4.0,4.0,-0.6000000000000001,0.3999999999999999,-0.6000000000000001,-0.6000000000000001,-0.6000000000000001,0.3999999999999999,0.3999999999999999,0.3999999999999999,0.3999999999999999,0.3999999999999999,3.6,0.48989794855663565,,,,7.3,,,,,8.0,7.5,,,,-0.0781301142498967,,,,,0.7411570597921835,0.48117633270408106,7.6000000000000005,0.7000000000000002,0.38140109274878925,0.7411570597921835,0.0,0.0,1.0,0.0,0.0,0.0,0.0,0.0,0.0,0.0,0.0,0.0,0.0,0.0,0.0,0.0,2.0,7540101,7,khaosat,0,1.0
3.0,3.0,3.0,4.0,4.0,3.0,3.0,3.0,4.0,4.0,-0.3999999999999999,-0.3999999999999999,-0.3999999999999999,0.6000000000000001,0.6000000000000001,-0.3999999999999999,-0.3999999999999999,-0.3999999999999999,0.6000000000000001,0.6000000000000001,3.4,0.48989794855663565,,,,8.25,,,,8.0,8.0,,,,,1.0417781217547293,,,,0.8885910395266937,0.7411570597921835,,8.083333333333334,0.25,0.8905087403578689,1.0417781217547293,1.0,0.0,0.0,0.0,0.0,0.0,0.0,0.0,0.0,0.0,0.0,0.0,0.0,0.0,0.0,0.0,1.0,7380107,8,khaosat,0,1.0
4.0,2.0,4.0,4.0,4.0,5.0,5.0,5.0,4.0,4.0,-0.09999999999999964,-2.0999999999999996,-0.09999999999999964,-0.09999999999999964,-0.09999999999999964,0.9000000000000004,0.9000000000000004,0.9000000000000004,-0.09999999999999964,-0.09999999999999964,4.1,0.8306623862918073,9.0,,7.0,7.0,,,,,,,1.8344074434364677,,-0.3602780677620026,-0.4317853466724099,,,,,,,7.666666666666667,2.0,0.34744800966735173,1.8344074434364677,0.0,0.0,0.0,0.0,0.0,0.0,0.0,0.0,1.0,0.0,0.0,0.0,0.0,0.0,0.0,0.0,3.0,7810103,4,khaosat,0,1.0
3.0,3.0,4.0,4.0,4.0,1.0,4.0,1.0,5.0,5.0,-0.3999999999999999,-0.3999999999999999,0.6000000000000001,0.6000000000000001,0.6000000000000001,-2.4,0.6000000000000001,-2.4,1.6,1.6,3.4,1.3564659966250538,7.0,,8.0,7.0,,,,,,,0.03777310801918832,,0.6045271246276667,-0.4317853466724099,,,,,,,7.333333333333333,1.0,0.07017162865814836,0.6045271246276667,0.0,0.0,0.0,0.0,0.0,0.0,0.0,0.0,1.0,0.0,0.0,0.0,0.0,0.0,0.0,0.0,1.0,7810103,4,khaosat,0,1.0
3.0,5.0,4.0,5.0,4.0,3.0,5.0,5.0,5.0,4.0,-1.2999999999999998,0.7000000000000002,-0.2999999999999998,0.7000000000000002,-0.2999999999999998,-1.2999999999999998,0.7000000000000002,0.7000000000000002,0.7000000000000002,-0.2999999999999998,4.3,0.7810249675906654,8.25,9.0,,,,,8.0,,,,1.160669567654988,2.1342998926825785,,,,,0.5435590624175314,,,,8.416666666666666,1.0,1.2795095075850325,2.1342998926825785,0.0,0.0,0.0,0.0,1.0,0.0,0.0,0.0,0.0,0.0,0.0,0.0,0.0,0.0,0.0,0.0,4.0,7810103,4,khaosat,0,1.0
3.0,4.0,3.0,3.0,4.0,3.0,4.0,3.0,4.0,3.0,-0.3999999999999999,0.6000000000000001,-0.3999999999999999,-0.3999999999999999,0.6000000000000001,-0.3999999999999999,0.6000000000000001,-0.3999999999999999,0.6000000000000001,-0.3999999999999999,3.4,0.48989794855663565,,,,7.0,,,,7.0,7.0,,,,,-0.4317853466724099,,,,-0.19445965798250175,-0.4830364133562463,,7.0,0.0,-0.36976047267038603,-0.19445965798250175,1.0,0.0,0.0,0.0,0.0,0.0,0.0,0.0,0.0,0.0,0.0,0.0,0.0,0.0,0.0,0.0,1.0,7540204,6,khaosat,0,1.0
3.0,5.0,5.0,5.0,4.0,4.0,5.0,5.0,5.0,5.0,-1.5999999999999996,0.40000000000000036,0.40000000000000036,0.40000000000000036,-0.5999999999999996,-0.5999999999999996,0.40000000000000036,0.40000000000000036,0.40000000000000036,0.40000000000000036,4.6,0.6633249580710798,9.0,,8.0,8.0,,,,,,,1.8344074434364677,,0.6045271246276667,0.7470654280693014,,,,,,,8.333333333333334,1.0,1.0619999987111453,1.8344074434364677,0.0,0.0,0.0,0.0,0.0,0.0,0.0,0.0,1.0,0.0,0.0,0.0,0.0,0.0,0.0,0.0,1.0,7540204,6,khaosat,0,1.0
5.0,2.0,3.0,2.0,2.0,3.0,3.0,3.0,3.0,3.0,2.1,-0.8999999999999999,0.10000000000000009,-0.8999999999999999,-0.8999999999999999,0.10000000000000009,0.10000000000000009,0.10000000000000009,0.10000000000000009,0.10000000000000009,2.9,0.8306623862918073,7.0,,7.0,8.0,,,,,,,0.03777310801918832,,-0.3602780677620026,0.7470654280693014,,,,,,,7.333333333333333,1.0,0.14152015610882904,0.7470654280693014,0.0,0.0,0.0,0.0,0.0,0.0,0.0,0.0,1.0,0.0,0.0,0.0,0.0,0.0,0.0,0.0,3.0,7540106,7,khaosat,0,1.0
3.0,2.0,3.0,3.0,3.0,3.0,3.0,4.0,3.0,3.0,0.0,-1.0,0.0,0.0,0.0,0.0,0.0,1.0,0.0,0.0,3.0,0.4472135954999579,8.0,9.2,,,,,8.9,,,,0.936090275727828,2.289521703059493,,,,,1.4842113051623242,,,,8.700000000000001,1.1999999999999993,1.5699410946498817,2.289521703059493,0.0,0.0,0.0,0.0,1.0,0.0,0.0,0.0,0.0,0.0,0.0,0.0,0.0,0.0,0.0,0.0,1.0,7380107,8,khaosat,0,1.0
3.0,4.0,3.0,3.0,3.0,3.0,3.0,3.0,3.0,3.0,-0.10000000000000009,0.8999999999999999,-0.10000000000000009,-0.10000000000000009,-0.10000000000000009,-0.10000000000000009,-0.10000000000000009,-0.10000000000000009,-0.10000000000000009,-0.10000000000000009,3.1,0.3,8.8,7.8,,,,,8.0,,,,1.6547440098947406,1.2029690304210892,,,,,0.5435590624175314,,,,8.200000000000001,1.0000000000000009,1.133757367577787,1.6547440098947406,0.0,0.0,0.0,0.0,1.0,0.0,0.0,0.0,0.0,0.0,0.0,0.0,0.0,0.0,0.0,0.0,1.0,7380107,8,khaosat,0,1.0
5.0,1.0,5.0,5.0,5.0,3.0,5.0,5.0,3.0,4.0,0.9000000000000004,-3.0999999999999996,0.9000000000000004,0.9000000000000004,0.9000000000000004,-1.0999999999999996,0.9000000000000004,0.9000000000000004,-1.0999999999999996,-0.09999999999999964,4.1,1.3,,,,7.8,,,,8.5,7.0,,,,,0.511295273120959,,,,1.4301163882812915,-0.4830364133562463,,7.766666666666667,1.5,0.4861250826820014,1.4301163882812915,1.0,0.0,0.0,0.0,0.0,0.0,0.0,0.0,0.0,0.0,0.0,0.0,0.0,0.0,0.0,0.0,3.0,7480201,0,khaosat,0,1.0
3.0,4.0,3.0,3.0,3.0,3.0,3.0,3.0,3.0,3.0,-0.10000000000000009,0.8999999999999999,-0.10000000000000009,-0.10000000000000009,-0.10000000000000009,-0.10000000000000009,-0.10000000000000009,-0.10000000000000009,-0.10000000000000009,-0.10000000000000009,3.1,0.3,7.5,,,7.0,,,,,6.0,,0.4869316918735082,,,-0.4317853466724099,,,,,-1.7072298865046762,,6.833333333333333,1.5,-0.5506945137678593,0.4869316918735082,0.0,0.0,0.0,0.0,0.0,0.0,1.0,0.0,0.0,0.0,0.0,0.0,0.0,0.0,0.0,0.0,4.0,7510402,6,khaosat,0,1.0
4.0,3.0,4.0,4.0,4.0,3.0,3.0,4.0,4.0,4.0,0.2999999999999998,-0.7000000000000002,0.2999999999999998,0.2999999999999998,0.2999999999999998,-0.7000000000000002,-0.7000000000000002,0.2999999999999998,0.2999999999999998,0.2999999999999998,3.7,0.45825756949558405,,,6.0,7.0,,,,8.5,,,,,-1.3250832601516718,-0.4317853466724099,,,,1.4301163882812915,,,7.166666666666667,2.5,-0.10891740618093008,1.4301163882812915,0.0,1.0,0.0,0.0,0.0,0.0,0.0,0.0,0.0,0.0,0.0,0.0,0.0,0.0,0.0,0.0,1.0,7340115,1,khaosat,0,1.0
3.0,5.0,4.0,2.0,4.0,4.0,4.0,4.0,4.0,4.0,-0.7999999999999998,1.2000000000000002,0.20000000000000018,-1.7999999999999998,0.20000000000000018,0.20000000000000018,0.20000000000000018,0.20000000000000018,0.20000000000000018,0.20000000000000018,3.8,0.7483314773547882,8.5,,6.8,7.0,,,,,,,1.385248859582148,,-0.5532391062399366,-0.4317853466724099,,,,,,,7.433333333333334,1.7000000000000002,0.1334081355566005,1.385248859582148,0.0,0.0,0.0,0.0,0.0,0.0,0.0,0.0,1.0,0.0,0.0,0.0,0.0,0.0,0.0,0.0,1.0,7340205,2,khaosat,0,1.0
4.0,4.0,5.0,5.0,5.0,4.0,5.0,5.0,5.0,5.0,-0.7000000000000002,-0.7000000000000002,0.2999999999999998,0.2999999999999998,0.2999999999999998,-0.7000000000000002,0.2999999999999998,0.2999999999999998,0.2999999999999998,0.2999999999999998,4.7,0.45825756949558405,,,6.0,7.0,,,,8.0,,,,,-1.3250832601516718,-0.4317853466724099,,,,0.8885910395266937,,,7.0,2.0,-0.289425855765796,0.8885910395266937,0.0,1.0,0.0,0.0,0.0,0.0,0.0,0.0,0.0,0.0,0.0,0.0,0.0,0.0,0.0,0.0,3.0,7380107,8,khaosat,0,1.0
3.0,3.0,4.0,3.0,3.0,3.0,4.0,5.0,3.0,4.0,-0.5,-0.5,0.5,-0.5,-0.5,-0.5,0.5,1.5,-0.5,0.5,3.5,0.6708203932499369,8.5,,,8.9,,,,8.5,,,1.385248859582148,,,1.8080311253368422,,,,1.4301163882812915,,,8.633333333333333,0.40000000000000036,1.541132124400094,1.8080311253368422,0.0,0.0,0.0,0.0,0.0,1.0,0.0,0.0,0.0,0.0,0.0,0.0,0.0,0.0,0.0,0.0,1.0,7340115,1,khaosat,0,1.0
4.0,4.0,3.0,5.0,4.0,5.0,5.0,3.0,5.0,5.0,-0.2999999999999998,-0.2999999999999998,-1.2999999999999998,0.7000000000000002,-0.2999999999999998,0.7000000000000002,0.7000000000000002,-1.2999999999999998,0.7000000000000002,0.7000000000000002,4.3,0.7810249675906654,,,,7.6,,,,8.0,6.5,,,,,0.2755251181726165,,,,0.8885910395266937,-1.0951331499304613,,7.366666666666667,1.5,0.022994335922949638,0.8885910395266937,1.0,0.0,0.0,0.0,0.0,0.0,0.0,0.0,0.0,0.0,0.0,0.0,0.0,0.0,0.0,1.0,1.0,7510402,6,khaosat,0,1.0
4.0,4.0,3.0,3.0,4.0,2.0,4.0,4.0,3.0,3.0,0.6000000000000001,0.6000000000000001,-0.3999999999999999,-0.3999999999999999,0.6000000000000001,-1.4,0.6000000000000001,0.6000000000000001,-0.3999999999999999,-0.3999999999999999,3.4,0.66332495807108,8.5,9.25,,,,,7.4,,,,1.385248859582148,2.328327155653722,,,,,-0.08354243274566331,,,,8.383333333333333,1.8499999999999996,1.2100111941634022,2.328327155653722,0.0,0.0,0.0,0.0,1.0,0.0,0.0,0.0,0.0,0.0,0.0,0.0,0.0,0.0,0.0,0.0,1.0,7380107,8,khaosat,0,1.0
3.0,5.0,4.0,4.0,4.0,4.0,4.0,4.0,4.0,4.0,-1.0,1.0,0.0,0.0,0.0,0.0,0.0,0.0,0.0,0.0,4.0,0.4472135954999579,8.0,8.8,,,,,8.8,,,,0.936090275727828,1.9790780823056642,,,,,1.3796943893017921,,,,8.533333333333333,0.8000000000000007,1.431620915778428,1.9790780823056642,0.0,0.0,0.0,0.0,1.0,0.0,0.0,0.0,0.0,0.0,0.0,0.0,0.0,0.0,0.0,0.0,1.0,7380107,8,khaosat,0,1.0
5.0,1.0,4.0,5.0,5.0,1.0,4.0,4.0,4.0,3.0,1.4,-2.6,0.3999999999999999,1.4,1.4,-2.6,0.3999999999999999,0.3999999999999999,0.3999999999999999,-0.6000000000000001,3.6,1.42828568570857,,,,8.0,,,,8.0,8.0,,,,,0.7470654280693014,,,,0.8885910395266937,0.7411570597921835,,8.0,0.0,0.7922711757960595,0.8885910395266937,1.0,0.0,0.0,0.0,0.0,0.0,0.0,0.0,0.0,0.0,0.0,0.0,0.0,0.0,0.0,1.0,1.0,7480201,0,khaosat,0,1.0
5.0,1.0,4.0,3.0,5.0,4.0,4.0,5.0,5.0,4.0,1.0,-3.0,0.0,-1.0,1.0,0.0,0.0,1.0,1.0,0.0,4.0,1.1832159566199232,8.5,,7.6,8.2,,,,,,,1.385248859582148,,0.2186050476717986,0.982835583017643,,,,,,,8.1,0.9000000000000004,0.8622298300905298,1.385248859582148,0.0,0.0,0.0,0.0,0.0,0.0,0.0,0.0,1.0,0.0,0.0,0.0,0.0,0.0,0.0,1.0,3.0,7810201,4,khaosat,0,1.0
3.0,4.0,5.0,5.0,5.0,4.0,4.0,5.0,5.0,3.0,-1.2999999999999998,-0.2999999999999998,0.7000000000000002,0.7000000000000002,0.7000000000000002,-0.2999999999999998,-0.2999999999999998,0.7000000000000002,0.7000000000000002,-1.2999999999999998,4.3,0.7810249675906654,,,10.0,9.0,,,,8.0,,,,,2.534137509407005,1.9259162028110128,,,,0.8885910395266937,,,9.0,2.0,1.782881583914904,2.534137509407005,0.0,1.0,0.0,0.0,0.0,0.0,0.0,0.0,0.0,0.0,0.0,0.0,0.0,0.0,0.0,1.0,2.0,7460108,0,khaosat,0,1.0
3.0,4.0,4.0,4.0,4.0,3.0,4.0,3.0,2.0,4.0,-0.5,0.5,0.5,0.5,0.5,-0.5,0.5,-0.5,-1.5,0.5,3.5,0.6708203932499369,,,,7.0,,,,,8.0,6.5,,,,-0.4317853466724099,,,,,0.7411570597921835,-0.5993885005528671,7.166666666666667,1.5,-0.09667226247769783,0.7411570597921835,0.0,0.0,1.0,0.0,0.0,0.0,0.0,0.0,0.0,0.0,0.0,0.0,0.0,0.0,0.0,1.0,4.0,7420201,7,khaosat,0,1.0
3.0,3.0,3.0,3.0,4.0,3.0,2.0,4.0,4.0,2.0,-0.10000000000000009,-0.10000000000000009,-0.10000000000000009,-0.10000000000000009,0.8999999999999999,-0.10000000000000009,-1.1,0.8999999999999999,0.8999999999999999,-1.1,3.1,0.7,,,7.0,8.5,,,,9.5,,,,,-0.3602780677620026,1.3364908154401571,,,,2.513167085790487,,,8.333333333333334,2.5,1.1631266111562137,2.513167085790487,0.0,1.0,0.0,0.0,0.0,0.0,0.0,0.0,0.0,0.0,0.0,0.0,0.0,0.0,0.0,1.0,2.0,7510303,5,khaosat,0,1.0
3.0,3.0,5.0,4.0,3.0,3.0,3.0,5.0,5.0,4.0,-0.7999999999999998,-0.7999999999999998,1.2000000000000002,0.20000000000000018,-0.7999999999999998,-0.7999999999999998,-0.7999999999999998,1.2000000000000002,1.2000000000000002,0.20000000000000018,3.8,0.8717797887081347,,,,8.5,,,,8.5,8.5,,,,,1.3364908154401571,,,,1.4301163882812915,1.3532537963663984,,8.5,0.0,1.3732870000292825,1.4301163882812915,1.0,0.0,0.0,0.0,0.0,0.0,0.0,0.0,0.0,0.0,0.0,0.0,0.0,0.0,0.0,1.0,1.0,7510301,5,khaosat,0,1.0
1.0,3.0,2.0,3.0,2.0,1.0,1.0,4.0,2.0,2.0,-1.1,0.8999999999999999,-0.10000000000000009,0.8999999999999999,-0.10000000000000009,-1.1,-1.1,1.9,-0.10000000000000009,-0.10000000000000009,2.1,0.9433981132056604,,,7.0,7.0,,,,6.0,,,,,-0.3602780677620026,-0.4317853466724099,,,,-1.2775103554916973,,,6.666666666666667,1.0,-0.6898579233087032,-0.3602780677620026,0.0,1.0,0.0,0.0,0.0,0.0,0.0,0.0,0.0,0.0,0.0,0.0,0.0,0.0,0.0,1.0,1.0,7510202,5,khaosat,0,1.0
5.0,1.0,5.0,5.0,1.0,1.0,1.0,1.0,5.0,1.0,2.4,-1.6,2.4,2.4,-1.6,-1.6,-1.6,-1.6,2.4,-1.6,2.6,1.9595917942265426,,,6.0,5.0,,,,6.0,,,,,-1.3250832601516718,-2.789486896155833,,,,-1.2775103554916973,,,5.666666666666667,1.0,-1.797360170599734,-1.2775103554916973,0.0,1.0,0.0,0.0,0.0,0.0,0.0,0.0,0.0,0.0,0.0,0.0,0.0,0.0,0.0,1.0,1.0,7510301,5,khaosat,0,1.0
3.0,3.0,3.0,3.0,3.0,3.0,2.0,4.0,3.0,1.0,0.20000000000000018,0.20000000000000018,0.20000000000000018,0.20000000000000018,0.20000000000000018,0.20000000000000018,-0.7999999999999998,1.2000000000000002,0.20000000000000018,-1.7999999999999998,2.8,0.7483314773547882,,,,6.0,,,,5.0,6.0,,,,,-1.6106361214141214,,,,-2.3605610530008927,-1.7072298865046762,,5.666666666666667,1.0,-1.8928090203065633,-1.6106361214141214,1.0,0.0,0.0,0.0,0.0,0.0,0.0,0.0,0.0,0.0,0.0,0.0,0.0,0.0,0.0,1.0,4.0,7510203,5,khaosat,0,1.0
4.0,2.0,4.0,5.0,5.0,5.0,5.0,4.0,4.0,3.0,-0.09999999999999964,-2.0999999999999996,-0.09999999999999964,0.9000000000000004,0.9000000000000004,0.9000000000000004,0.9000000000000004,-0.09999999999999964,-0.09999999999999964,-1.0999999999999996,4.1,0.9433981132056604,8.0,,8.0,7.0,,,,,,,0.936090275727828,,0.6045271246276667,-0.4317853466724099,,,,,,,7.666666666666667,1.0,0.36961068456102825,0.936090275727828,0.0,0.0,0.0,0.0,0.0,0.0,0.0,0.0,1.0,0.0,0.0,0.0,0.0,0.0,0.0,1.0,1.0,7510301,5,khaosat,0,1.0
5.0,4.0,4.0,4.0,4.0,4.0,4.0,4.0,4.0,4.0,0.9000000000000004,-0.09999999999999964,-0.09999999999999964,-0.09999999999999964,-0.09999999999999964,-0.09999999999999964,-0.09999999999999964,-0.09999999999999964,-0.09999999999999964,-0.09999999999999964,4.1,0.29999999999999993,8.0,,5.0,5.5,,,,,,,0.936090275727828,,-2.289888452541341,-2.200061508784977,,,,,,,6.166666666666667,3.0,-1.1846198951994966,0.936090275727828,0.0,0.0,0.0,0.0,0.0,0.0,0.0,0.0,1.0,0.0,0.0,0.0,0.0,0.0,0.0,0.0,1.0,7540204,6,khaosat,0,1.0
1.0,3.0,1.0,3.0,1.0,1.0,4.0,5.0,1.0,1.0,-1.1,0.8999999999999999,-1.1,0.8999999999999999,-1.1,-1.1,1.9,2.9,-1.1,-1.1,2.1,1.445683229480096,8.5,,5.0,5.0,,,,,,,1.385248859582148,,-2.289888452541341,-2.789486896155833,,,,,,,6.166666666666667,3.5,-1.2313754963716754,1.385248859582148,0.0,0.0,0.0,0.0,0.0,0.0,0.0,0.0,1.0,0.0,0.0,0.0,0.0,0.0,0.0,0.0,1.0,7540204,6,khaosat,0,1.0
4.0,3.0,4.0,4.0,4.0,4.0,4.0,4.0,4.0,4.0,0.10000000000000009,-0.8999999999999999,0.10000000000000009,0.10000000000000009,0.10000000000000009,0.10000000000000009,0.10000000000000009,0.10000000000000009,0.10000000000000009,0.10000000000000009,3.9,0.3,8.0,,5.0,6.0,,,,,,,0.936090275727828,,-2.289888452541341,-1.6106361214141214,,,,,,,6.333333333333333,3.0,-0.9881447660758781,0.936090275727828,0.0,0.0,0.0,0.0,0.0,0.0,0.0,0.0,1.0,0.0,0.0,0.0,0.0,0.0,0.0,0.0,3.0,7540204,6,khaosat,0,1.0
4.0,3.0,4.0,4.0,4.0,3.0,5.0,3.0,3.0,5.0,0.20000000000000018,-0.7999999999999998,0.20000000000000018,0.20000000000000018,0.20000000000000018,-0.7999999999999998,1.2000000000000002,-0.7999999999999998,-0.7999999999999998,1.2000000000000002,3.8,0.7483314773547882,,,7.0,7.0,,,,6.0,,,,,-0.3602780677620026,-0.4317853466724099,,,,-1.2775103554916973,,,6.666666666666667,1.0,-0.6898579233087032,-0.3602780677620026,0.0,1.0,0.0,0.0,0.0,0.0,0.0,0.0,0.0,0.0,0.0,0.0,0.0,0.0,0.0,0.0,3.0,7540204,6,khaosat,0,1.0
5.0,1.0,5.0,5.0,5.0,5.0,5.0,5.0,5.0,4.0,0.5,-3.5,0.5,0.5,0.5,0.5,0.5,0.5,0.5,-0.5,4.5,1.2041594578792296,8.25,,6.0,9.2,,,,,,,1.160669567654988,,-1.3250832601516718,2.161686357759354,,,,,,,7.816666666666666,3.1999999999999993,0.6657575550875569,2.161686357759354,0.0,0.0,0.0,0.0,0.0,0.0,0.0,0.0,1.0,0.0,0.0,0.0,0.0,0.0,0.0,1.0,4.0,7510203,5,khaosat,0,1.0
3.0,2.0,4.0,4.0,4.0,4.0,3.0,3.0,3.0,3.0,-0.2999999999999998,-1.2999999999999998,0.7000000000000002,0.7000000000000002,0.7000000000000002,0.7000000000000002,-0.2999999999999998,-0.2999999999999998,-0.2999999999999998,-0.2999999999999998,3.3,0.6403124237432849,9.0,,7.0,8.0,,,,,,,1.8344074434364677,,-0.3602780677620026,0.7470654280693014,,,,,,,8.0,2.0,0.7403982679145887,1.8344074434364677,0.0,0.0,0.0,0.0,0.0,0.0,0.0,0.0,1.0,0.0,0.0,0.0,0.0,0.0,0.0,1.0,1.0,7340120,1,khaosat,0,1.0
4.0,4.0,4.0,5.0,5.0,3.0,4.0,4.0,5.0,5.0,-0.2999999999999998,-0.2999999999999998,-0.2999999999999998,0.7000000000000002,0.7000000000000002,-1.2999999999999998,-0.2999999999999998,-0.2999999999999998,0.7000000000000002,0.7000000000000002,4.3,0.6403124237432849,,,,7.0,,,,6.8,7.0,,,,,-0.4317853466724099,,,,-0.411069797484341,-0.4830364133562463,,6.933333333333334,0.20000000000000018,-0.4419638525043324,-0.411069797484341,1.0,0.0,0.0,0.0,0.0,0.0,0.0,0.0,0.0,0.0,0.0,0.0,0.0,0.0,0.0,0.0,3.0,7540204,6,khaosat,0,1.0
3.0,2.0,3.0,3.0,3.0,3.0,3.0,3.0,3.0,3.0,0.10000000000000009,-0.8999999999999999,0.10000000000000009,0.10000000000000009,0.10000000000000009,0.10000000000000009,0.10000000000000009,0.10000000000000009,0.10000000000000009,0.10000000000000009,2.9,0.3,6.0,,6.0,7.0,,,,,,,-0.8605440596894514,,-1.3250832601516718,-0.4317853466724099,,,,,,,6.333333333333333,1.0,-0.8724708888378444,-0.4317853466724099,0.0,0.0,0.0,0.0,0.0,0.0,0.0,0.0,1.0,0.0,0.0,0.0,0.0,0.0,0.0,1.0,1.0,7520115,6,khaosat,0,1.0
5.0,5.0,5.0,5.0,5.0,5.0,5.0,4.0,5.0,5.0,0.09999999999999964,0.09999999999999964,0.09999999999999964,0.09999999999999964,0.09999999999999964,0.09999999999999964,0.09999999999999964,-0.9000000000000004,0.09999999999999964,0.09999999999999964,4.9,0.3,2.5,,5.0,8.25,,,,,,,-4.00465414666969,,-2.289888452541341,1.0417781217547293,,,,,,,5.25,5.75,-1.7509214924854337,1.0417781217547293,0.0,0.0,0.0,0.0,0.0,0.0,0.0,0.0,1.0,0.0,0.0,0.0,0.0,0.0,0.0,1.0,1.0,7520115,6,khaosat,0,1.0
4.0,4.0,5.0,4.0,4.0,5.0,5.0,4.0,4.0,5.0,-0.40000000000000036,-0.40000000000000036,0.5999999999999996,-0.40000000000000036,-0.40000000000000036,0.5999999999999996,0.5999999999999996,-0.40000000000000036,-0.40000000000000036,0.5999999999999996,4.4,0.4898979485566356,,,,8.0,,,,7.25,8.5,,,,,0.7470654280693014,,,,0.07630301639479713,1.3532537963663984,,7.916666666666667,1.25,0.725540746943499,1.3532537963663984,1.0,0.0,0.0,0.0,0.0,0.0,0.0,0.0,0.0,0.0,0.0,0.0,0.0,0.0,0.0,1.0,1.0,7510301,5,khaosat,0,1.0
5.0,1.0,5.0,5.0,3.0,5.0,5.0,5.0,3.0,3.0,1.0,-3.0,1.0,1.0,-1.0,1.0,1.0,1.0,-1.0,-1.0,4.0,1.3416407864998738,7.0,,3.0,6.0,,,,,,,0.03777310801918832,,-4.219498837320679,-1.6106361214141214,,,,,,,5.333333333333333,4.0,-1.9307872835718705,0.03777310801918832,0.0,0.0,0.0,0.0,0.0,0.0,0.0,0.0,1.0,0.0,0.0,0.0,0.0,0.0,0.0,1.0,1.0,7520115,6,khaosat,0,1.0
5.0,5.0,3.0,3.0,3.0,3.0,3.0,4.0,4.0,5.0,1.2000000000000002,1.2000000000000002,-0.7999999999999998,-0.7999999999999998,-0.7999999999999998,-0.7999999999999998,-0.7999999999999998,0.20000000000000018,0.20000000000000018,1.2000000000000002,3.8,0.8717797887081347,,,,7.0,,,,6.0,8.0,,,,,-0.4317853466724099,,,,-1.2775103554916973,0.7411570597921835,,7.0,2.0,-0.32271288079064125,0.7411570597921835,1.0,0.0,0.0,0.0,0.0,0.0,0.0,0.0,0.0,0.0,0.0,0.0,0.0,0.0,0.0,1.0,1.0,7520115,6,khaosat,0,1.0
4.0,3.0,3.0,3.0,4.0,3.0,3.0,4.0,4.0,3.0,0.6000000000000001,-0.3999999999999999,-0.3999999999999999,-0.3999999999999999,0.6000000000000001,-0.3999999999999999,-0.3999999999999999,0.6000000000000001,0.6000000000000001,-0.3999999999999999,3.4,0.48989794855663565,,,,7.0,,,,6.0,6.0,,,,,-0.4317853466724099,,,,-1.2775103554916973,-1.7072298865046762,,6.333333333333333,1.0,-1.1388418628895944,-0.4317853466724099,1.0,0.0,0.0,0.0,0.0,0.0,0.0,0.0,0.0,0.0,0.0,0.0,0.0,0.0,0.0,1.0,1.0,7510203,5,khaosat,0,1.0
1.0,1.0,2.0,4.0,1.0,5.0,5.0,5.0,5.0,5.0,-2.4,-2.4,-1.4,0.6000000000000001,-2.4,1.6,1.6,1.6,1.6,1.6,3.4,1.8000000000000003,7.0,,2.0,8.0,,,,,,,0.03777310801918832,,-5.184304029710349,0.7470654280693014,,,,,,,5.666666666666667,6.0,-1.466488497873953,0.7470654280693014,0.0,0.0,0.0,0.0,0.0,0.0,0.0,0.0,1.0,0.0,0.0,0.0,0.0,0.0,0.0,1.0,4.0,7510202,5,khaosat,0,1.0
3.0,3.0,3.0,2.0,2.0,2.0,2.0,2.0,2.0,2.0,0.7000000000000002,0.7000000000000002,0.7000000000000002,-0.2999999999999998,-0.2999999999999998,-0.2999999999999998,-0.2999999999999998,-0.2999999999999998,-0.2999999999999998,-0.2999999999999998,2.3,0.45825756949558405,,,8.0,8.0,,,,8.0,,,,,0.6045271246276667,0.7470654280693014,,,,0.8885910395266937,,,8.0,0.0,0.7467278640745539,0.8885910395266937,0.0,1.0,0.0,0.0,0.0,0.0,0.0,0.0,0.0,0.0,0.0,0.0,0.0,0.0,0.0,1.0,2.0,7380101,8,khaosat,1,1.0
3.0,5.0,4.0,4.0,5.0,5.0,4.0,4.0,3.0,5.0,-1.2000000000000002,0.7999999999999998,-0.20000000000000018,-0.20000000000000018,0.7999999999999998,0.7999999999999998,-0.20000000000000018,-0.20000000000000018,-1.2000000000000002,0.7999999999999998,4.2,0.7483314773547882,,,8.0,7.0,,,,6.0,,,,,0.6045271246276667,-0.4317853466724099,,,,-1.2775103554916973,,,7.0,2.0,-0.36825619251214686,0.6045271246276667,0.0,1.0,0.0,0.0,0.0,0.0,0.0,0.0,0.0,0.0,0.0,0.0,0.0,0.0,0.0,0.0,2.0,7340201,2,khaosat,0,1.0
4.0,1.0,4.0,5.0,2.0,1.0,1.0,1.0,3.0,2.0,1.6,-1.4,1.6,2.6,-0.3999999999999999,-1.4,-1.4,-1.4,0.6000000000000001,-0.3999999999999999,2.4,1.42828568570857,7.25,,7.0,6.0,,,,,,,0.26235239994634824,,-0.3602780677620026,-1.6106361214141214,,,,,,,6.75,1.25,-0.5695205964099253,0.26235239994634824,0.0,0.0,0.0,0.0,0.0,0.0,0.0,0.0,1.0,0.0,0.0,0.0,0.0,0.0,0.0,0.0,1.0,7340115,1,khaosat,0,1.0
1.0,1.0,1.0,1.0,5.0,5.0,5.0,5.0,5.0,3.0,-2.2,-2.2,-2.2,-2.2,1.7999999999999998,1.7999999999999998,1.7999999999999998,1.7999999999999998,1.7999999999999998,-0.20000000000000018,3.2,1.8867962264113207,,,,7.0,,,,5.0,6.0,,,,,-0.4317853466724099,,,,-2.3605610530008927,-1.7072298865046762,,6.0,2.0,-1.4998587620593262,-0.4317853466724099,1.0,0.0,0.0,0.0,0.0,0.0,0.0,0.0,0.0,0.0,0.0,0.0,0.0,0.0,0.0,1.0,4.0,7510303,5,khaosat,0,1.0
5.0,1.0,5.0,5.0,5.0,5.0,5.0,5.0,5.0,5.0,0.40000000000000036,-3.5999999999999996,0.40000000000000036,0.40000000000000036,0.40000000000000036,0.40000000000000036,0.40000000000000036,0.40000000000000036,0.40000000000000036,0.40000000000000036,4.6,1.2,8.0,9.0,,,,,8.0,,,,0.936090275727828,2.1342998926825785,,,,,0.5435590624175314,,,,8.333333333333334,1.0,1.2046497436093124,2.1342998926825785,0.0,0.0,0.0,0.0,1.0,0.0,0.0,0.0,0.0,0.0,0.0,0.0,0.0,0.0,0.0,1.0,1.0,7810101,4,khaosat,1,1.0
5.0,1.0,2.0,3.0,3.0,1.0,2.0,3.0,3.0,2.0,2.5,-1.5,-0.5,0.5,0.5,-1.5,-0.5,0.5,0.5,-0.5,2.5,1.118033988749895,,,5.75,9.0,,,,6.5,,,,,-1.5662845582490892,1.9259162028110128,,,,-0.7359850067370995,,,7.083333333333333,3.25,-0.12545112072505862,1.9259162028110128,0.0,1.0,0.0,0.0,0.0,0.0,0.0,0.0,0.0,0.0,0.0,0.0,0.0,0.0,0.0,1.0,1.0,7810103,4,khaosat,0,1.0
3.0,1.0,2.0,2.0,4.0,4.0,2.0,3.0,3.0,2.0,0.3999999999999999,-1.6,-0.6000000000000001,-0.6000000000000001,1.4,1.4,-0.6000000000000001,0.3999999999999999,0.3999999999999999,-0.6000000000000001,2.6,0.9165151389911681,,,,5.0,,,,5.0,5.0,,,,,-2.789486896155833,,,,-2.3605610530008927,-2.931423359653106,,5.0,0.0,-2.693823769603277,-2.3605610530008927,1.0,0.0,0.0,0.0,0.0,0.0,0.0,0.0,0.0,0.0,0.0,0.0,0.0,0.0,0.0,1.0,1.0,7510202,5,khaosat,0,1.0
3.0,3.0,2.0,3.0,4.0,5.0,2.0,3.0,3.0,1.0,0.10000000000000009,0.10000000000000009,-0.8999999999999999,0.10000000000000009,1.1,2.1,-0.8999999999999999,0.10000000000000009,0.10000000000000009,-1.9,2.9,1.0440306508910548,,,,6.75,,,,7.0,5.0,,,,,-0.7264980403578377,,,,-0.19445965798250175,-2.931423359653106,,6.25,2.0,-1.2841270193311485,-0.19445965798250175,1.0,0.0,0.0,0.0,0.0,0.0,0.0,0.0,0.0,0.0,0.0,0.0,0.0,0.0,0.0,0.0,1.0,7510402,6,khaosat,0,1.0
3.0,3.0,4.0,3.0,3.0,3.0,3.0,3.0,3.0,5.0,-0.2999999999999998,-0.2999999999999998,0.7000000000000002,-0.2999999999999998,-0.2999999999999998,-0.2999999999999998,-0.2999999999999998,-0.2999999999999998,-0.2999999999999998,1.7000000000000002,3.3,0.6403124237432849,5.75,,,6.5,,,,,5.85,,-1.0851233516166114,,,-1.0212107340432657,,,,,-1.890858907476941,,6.033333333333334,0.75,-1.3323976643789395,-1.0212107340432657,0.0,0.0,0.0,0.0,0.0,0.0,1.0,0.0,0.0,0.0,0.0,0.0,0.0,0.0,0.0,0.0,3.0,7340101,1,khaosat,0,1.0
3.0,2.0,4.0,3.0,3.0,1.0,2.0,2.0,2.0,4.0,0.3999999999999999,-0.6000000000000001,1.4,0.3999999999999999,0.3999999999999999,-1.6,-0.6000000000000001,-0.6000000000000001,-0.6000000000000001,1.4,2.6,0.9165151389911681,,,8.75,6.0,,,,9.0,,,,,1.3281310189199185,-1.6106361214141214,,,,1.9716417370358892,,,7.916666666666667,3.0,0.5630455448472288,1.9716417370358892,0.0,1.0,0.0,0.0,0.0,0.0,0.0,0.0,0.0,0.0,0.0,0.0,0.0,0.0,0.0,0.0,1.0,7340123,3,khaosat,0,1.0
1.0,1.0,1.0,1.0,1.0,3.0,2.0,2.0,2.0,3.0,-0.7,-0.7,-0.7,-0.7,-0.7,1.3,0.30000000000000004,0.30000000000000004,0.30000000000000004,1.3,1.7,0.7810249675906654,,,5.0,7.5,,,,8.0,,,,,-2.289888452541341,0.15764004069844578,,,,0.8885910395266937,,,6.833333333333333,3.0,-0.41455245743873387,0.8885910395266937,0.0,1.0,0.0,0.0,0.0,0.0,0.0,0.0,0.0,0.0,0.0,0.0,0.0,0.0,0.0,0.0,1.0,7220201,8,khaosat,0,1.0
2.0,4.0,4.0,3.0,3.0,3.0,4.0,2.0,4.0,4.0,-1.2999999999999998,0.7000000000000002,0.7000000000000002,-0.2999999999999998,-0.2999999999999998,-0.2999999999999998,0.7000000000000002,-1.2999999999999998,0.7000000000000002,0.7000000000000002,3.3,0.7810249675906654,,,7.2,8.3,,,,6.5,,,,,-0.16731702928406858,1.1007206604918156,,,,-0.7359850067370995,,,7.333333333333333,1.8000000000000007,0.0658062081568825,1.1007206604918156,0.0,1.0,0.0,0.0,0.0,0.0,0.0,0.0,0.0,0.0,0.0,0.0,0.0,0.0,0.0,0.0,1.0,7480107,0,khaosat,1,1.0
3.0,3.0,3.0,5.0,5.0,5.0,2.0,2.0,3.0,2.0,-0.2999999999999998,-0.2999999999999998,-0.2999999999999998,1.7000000000000002,1.7000000000000002,1.7000000000000002,-1.2999999999999998,-1.2999999999999998,-0.2999999999999998,-1.2999999999999998,3.3,1.1874342087037917,,,6.0,5.25,,,,9.5,,,,,-1.3250832601516718,-2.494774202470405,,,,2.513167085790487,,,6.916666666666667,4.25,-0.4355634589438632,2.513167085790487,0.0,1.0,0.0,0.0,0.0,0.0,0.0,0.0,0.0,0.0,0.0,0.0,0.0,0.0,0.0,1.0,1.0,7510402,6,khaosat,0,1.0
3.0,3.0,4.0,3.0,4.0,5.0,4.0,3.0,3.0,3.0,-0.5,-0.5,0.5,-0.5,0.5,1.5,0.5,-0.5,-0.5,-0.5,3.5,0.6708203932499369,,,,7.0,,,,7.0,7.1,,,,,-0.4317853466724099,,,,-0.19445965798250175,-0.36061706604140376,,7.033333333333334,0.09999999999999964,-0.3289540235654385,-0.19445965798250175,1.0,0.0,0.0,0.0,0.0,0.0,0.0,0.0,0.0,0.0,0.0,0.0,0.0,0.0,0.0,1.0,1.0,7510402,6,khaosat,0,1.0
4.0,1.0,4.0,4.0,3.0,3.0,4.0,5.0,5.0,4.0,0.2999999999999998,-2.7,0.2999999999999998,0.2999999999999998,-0.7000000000000002,-0.7000000000000002,0.2999999999999998,1.2999999999999998,1.2999999999999998,0.2999999999999998,3.7,1.1,,,,8.0,,,,8.0,8.0,,,,,0.7470654280693014,,,,0.8885910395266937,0.7411570597921835,,8.0,0.0,0.7922711757960595,0.8885910395266937,1.0,0.0,0.0,0.0,0.0,0.0,0.0,0.0,0.0,0.0,0.0,0.0,0.0,0.0,0.0,0.0,3.0,7540101,7,khaosat,0,1.0
4.0,2.0,5.0,5.0,3.0,2.0,4.0,5.0,5.0,4.0,0.10000000000000009,-1.9,1.1,1.1,-0.8999999999999999,-1.9,0.10000000000000009,1.1,1.1,0.10000000000000009,3.9,1.1357816691600546,,,,8.1,,,,8.0,8.4,,,,,0.8649505055434722,,,,0.8885910395266937,1.230834449051556,,8.166666666666666,0.40000000000000036,0.9947919980405739,1.230834449051556,1.0,0.0,0.0,0.0,0.0,0.0,0.0,0.0,0.0,0.0,0.0,0.0,0.0,0.0,0.0,1.0,3.0,7340201,2,khaosat,0,1.0
5.0,1.0,3.0,3.0,4.0,5.0,3.0,4.0,2.0,5.0,1.5,-2.5,-0.5,-0.5,0.5,1.5,-0.5,0.5,-1.5,1.5,3.5,1.284523257866513,8.0,,8.0,8.0,,,,,,,0.936090275727828,,0.6045271246276667,0.7470654280693014,,,,,,,8.0,0.0,0.7625609428082654,0.936090275727828,0.0,0.0,0.0,0.0,0.0,0.0,0.0,0.0,1.0,0.0,0.0,0.0,0.0,0.0,0.0,0.0,1.0,7220204,8,khaosat,0,1.0
2.0,3.0,3.0,5.0,5.0,4.0,3.0,4.0,3.0,1.0,-1.2999999999999998,-0.2999999999999998,-0.2999999999999998,1.7000000000000002,1.7000000000000002,0.7000000000000002,-0.2999999999999998,0.7000000000000002,-0.2999999999999998,-2.3,3.3,1.1874342087037917,,,,9.5,,,,6.5,6.25,,,,,2.5153415901818685,,,,-0.7359850067370995,-1.4011815182175686,,7.416666666666667,3.25,0.1260583550757334,2.5153415901818685,1.0,0.0,0.0,0.0,0.0,0.0,0.0,0.0,0.0,0.0,0.0,0.0,0.0,0.0,0.0,1.0,1.0,7540105,7,khaosat,0,1.0
4.0,1.0,4.0,3.0,3.0,2.0,4.0,2.0,3.0,3.0,1.1,-1.9,1.1,0.10000000000000009,0.10000000000000009,-0.8999999999999999,1.1,-0.8999999999999999,0.10000000000000009,0.10000000000000009,2.9,0.9433981132056604,,,,6.0,,,,5.0,6.0,,,,,-1.6106361214141214,,,,-2.3605610530008927,-1.7072298865046762,,5.666666666666667,1.0,-1.8928090203065633,-1.6106361214141214,1.0,0.0,0.0,0.0,0.0,0.0,0.0,0.0,0.0,0.0,0.0,0.0,0.0,0.0,0.0,1.0,1.0,7510401,6,khaosat,0,1.0
5.0,5.0,5.0,3.0,3.0,4.0,3.0,5.0,5.0,4.0,0.7999999999999998,0.7999999999999998,0.7999999999999998,-1.2000000000000002,-1.2000000000000002,-0.20000000000000018,-1.2000000000000002,0.7999999999999998,0.7999999999999998,-0.20000000000000018,4.2,0.8717797887081347,,,7.9,7.0,,,,6.7,,,,,0.5080466053887001,-0.4317853466724099,,,,-0.5193748672352602,,,7.2,1.2000000000000002,-0.14770453617299,0.5080466053887001,0.0,1.0,0.0,0.0,0.0,0.0,0.0,0.0,0.0,0.0,0.0,0.0,0.0,0.0,0.0,0.0,1.0,7340201,2,khaosat,0,1.0
4.0,1.0,4.0,4.0,2.0,2.0,2.0,1.0,3.0,3.0,1.4,-1.6,1.4,1.4,-0.6000000000000001,-0.6000000000000001,-0.6000000000000001,-1.6,0.3999999999999999,0.3999999999999999,2.6,1.1135528725660042,,,,6.75,,,,5.75,6.25,,,,,-0.7264980403578377,,,,-1.5482730298689962,-1.4011815182175686,,6.25,1.0,-1.2253175294814675,-0.7264980403578377,1.0,0.0,0.0,0.0,0.0,0.0,0.0,0.0,0.0,0.0,0.0,0.0,0.0,0.0,0.0,1.0,1.0,7340201,2,khaosat,0,1.0
3.0,4.0,4.0,4.0,4.0,2.0,3.0,3.0,3.0,4.0,-0.3999999999999999,0.6000000000000001,0.6000000000000001,0.6000000000000001,0.6000000000000001,-1.4,-0.3999999999999999,-0.3999999999999999,-0.3999999999999999,0.6000000000000001,3.4,0.66332495807108,9.0,,6.75,6.5,,,,,,,1.8344074434364677,,-0.6014793658594199,-1.0212107340432657,,,,,,,7.416666666666667,2.5,0.070572447844594,1.8344074434364677,0.0,0.0,0.0,0.0,0.0,0.0,0.0,0.0,1.0,0.0,0.0,0.0,0.0,0.0,0.0,0.0,3.0,7340201,2,khaosat,0,1.0
3.0,5.0,5.0,5.0,5.0,2.0,2.0,2.0,3.0,1.0,-0.2999999999999998,1.7000000000000002,1.7000000000000002,1.7000000000000002,1.7000000000000002,-1.2999999999999998,-1.2999999999999998,-1.2999999999999998,-0.2999999999999998,-2.3,3.3,1.4866068747318506,6.75,,,8.25,,,,5.5,,,-0.1868061839079716,,,1.0417781217547293,,,,-1.819035704246295,,,6.833333333333333,2.75,-0.32135458879984574,1.0417781217547293,0.0,0.0,0.0,0.0,0.0,1.0,0.0,0.0,0.0,0.0,0.0,0.0,0.0,0.0,0.0,0.0,1.0,7510303,5,khaosat,0,1.0
1.0,1.0,3.0,3.0,3.0,3.0,5.0,2.0,1.0,5.0,-1.7000000000000002,-1.7000000000000002,0.2999999999999998,0.2999999999999998,0.2999999999999998,0.2999999999999998,2.3,-0.7000000000000002,-1.7000000000000002,2.3,2.7,1.4177446878757827,6.5,,,4.5,,,7.1,,,,-0.4113854758351315,,,-3.3789122835266885,,,-0.39709318032726154,,,,6.033333333333334,2.5999999999999996,-1.3957969798963605,-0.39709318032726154,0.0,0.0,0.0,0.0,0.0,0.0,0.0,1.0,0.0,0.0,0.0,0.0,0.0,0.0,0.0,1.0,4.0,7850101,7,khaosat,0,1.0
5.0,2.0,4.0,4.0,5.0,4.0,5.0,5.0,5.0,5.0,0.5999999999999996,-2.4000000000000004,-0.40000000000000036,-0.40000000000000036,0.5999999999999996,-0.40000000000000036,0.5999999999999996,0.5999999999999996,0.5999999999999996,0.5999999999999996,4.4,0.9165151389911679,8.0,9.5,,,,,9.0,,,,0.936090275727828,2.5223544186248654,,,,,1.5887282210228564,,,,8.833333333333334,1.5,1.6823909717918502,2.5223544186248654,0.0,0.0,0.0,0.0,1.0,0.0,0.0,0.0,0.0,0.0,0.0,0.0,0.0,0.0,0.0,1.0,3.0,7810202,4,khaosat,0,1.0
5.0,1.0,3.0,5.0,3.0,2.0,1.0,1.0,4.0,3.0,2.2,-1.7999999999999998,0.20000000000000018,2.2,0.20000000000000018,-0.7999999999999998,-1.7999999999999998,-1.7999999999999998,1.2000000000000002,0.20000000000000018,2.8,1.4696938456699067,,,5.25,8.25,,,,,9.0,,,,-2.0486871544439236,1.0417781217547293,,,,,1.9653505329406133,,7.5,3.75,0.31948050008380635,1.9653505329406133,0.0,0.0,0.0,0.0,0.0,0.0,0.0,0.0,0.0,1.0,0.0,0.0,0.0,0.0,0.0,1.0,1.0,7340115,1,khaosat,0,1.0
1.0,4.0,4.0,5.0,5.0,1.0,1.0,2.0,3.0,1.0,-1.7000000000000002,1.2999999999999998,1.2999999999999998,2.3,2.3,-1.7000000000000002,-1.7000000000000002,-0.7000000000000002,0.2999999999999998,-1.7000000000000002,2.7,1.6155494421403513,,,8.25,6.0,,,,,6.75,,,,0.845728422725084,-1.6106361214141214,,,,,-0.7890847816433537,,7.0,2.25,-0.5179974934441304,0.845728422725084,0.0,0.0,0.0,0.0,0.0,0.0,0.0,0.0,0.0,1.0,0.0,0.0,0.0,0.0,0.0,1.0,1.0,7480107,0,khaosat,1,1.0
3.0,3.0,3.0,4.0,4.0,3.0,3.0,3.0,3.0,4.0,-0.2999999999999998,-0.2999999999999998,-0.2999999999999998,0.7000000000000002,0.7000000000000002,-0.2999999999999998,-0.2999999999999998,-0.2999999999999998,-0.2999999999999998,0.7000000000000002,3.3,0.45825756949558405,6.75,,,8.0,,,,6.5,,,-0.1868061839079716,,,0.7470654280693014,,,,-0.7359850067370995,,,7.083333333333333,1.5,-0.05857525419192322,0.7470654280693014,0.0,0.0,0.0,0.0,0.0,1.0,0.0,0.0,0.0,0.0,0.0,0.0,0.0,0.0,0.0,0.0,3.0,7340120,1,khaosat,0,1.0
3.0,4.0,3.0,3.0,5.0,5.0,5.0,4.0,2.0,5.0,-0.8999999999999999,0.10000000000000009,-0.8999999999999999,-0.8999999999999999,1.1,1.1,1.1,0.10000000000000009,-1.9,1.1,3.9,1.044030650891055,5.0,5.85,,,,,8.0,,,,-1.758861227398091,-0.31044362075383064,,,,,0.5435590624175314,,,,6.283333333333334,3.0,-0.5085819285781302,0.5435590624175314,0.0,0.0,0.0,0.0,1.0,0.0,0.0,0.0,0.0,0.0,0.0,0.0,0.0,0.0,0.0,0.0,1.0,7220204,8,khaosat,0,1.0
3.0,1.0,4.0,3.0,4.0,2.0,2.0,2.0,3.0,2.0,0.3999999999999999,-1.6,1.4,0.3999999999999999,1.4,-0.6000000000000001,-0.6000000000000001,-0.6000000000000001,0.3999999999999999,-0.6000000000000001,2.6,0.9165151389911681,,,,6.0,,,,5.1,5.25,,,,,-1.6106361214141214,,,,-2.252255983249974,-2.6253749913659985,,5.45,0.9000000000000004,-2.162755698676698,-1.6106361214141214,1.0,0.0,0.0,0.0,0.0,0.0,0.0,0.0,0.0,0.0,0.0,0.0,0.0,0.0,0.0,0.0,1.0,7340115,1,khaosat,0,1.0
3.0,4.0,5.0,2.0,4.0,5.0,1.0,3.0,3.0,4.0,-0.3999999999999999,0.6000000000000001,1.6,-1.4,0.6000000000000001,1.6,-2.4,-0.3999999999999999,-0.3999999999999999,0.6000000000000001,3.4,1.2,8.0,9.0,,,,,9.0,,,,0.936090275727828,2.1342998926825785,,,,,1.5887282210228564,,,,8.666666666666666,1.0,1.5530394631444209,2.1342998926825785,0.0,0.0,0.0,0.0,1.0,0.0,0.0,0.0,0.0,0.0,0.0,0.0,0.0,0.0,0.0,0.0,2.0,7810101,4,khaosat,1,1.0
2.0,1.0,5.0,3.0,4.0,5.0,3.0,5.0,1.0,4.0,-1.2999999999999998,-2.3,1.7000000000000002,-0.2999999999999998,0.7000000000000002,1.7000000000000002,-0.2999999999999998,1.7000000000000002,-2.3,0.7000000000000002,3.3,1.4866068747318506,,,,6.75,,,,5.25,6.75,,,,,-0.7264980403578377,,,,-2.089798378623594,-0.7890847816433537,,6.25,1.5,-1.2017937335415951,-0.7264980403578377,1.0,0.0,0.0,0.0,0.0,0.0,0.0,0.0,0.0,0.0,0.0,0.0,0.0,0.0,0.0,1.0,1.0,7540106,7,khaosat,0,1.0
3.0,3.0,3.0,4.0,5.0,4.0,2.0,4.0,2.0,1.0,-0.10000000000000009,-0.10000000000000009,-0.10000000000000009,0.8999999999999999,1.9,0.8999999999999999,-1.1,0.8999999999999999,-1.1,-2.1,3.1,1.1357816691600546,,,9.0,7.0,,,,,9.5,,,,1.5693323170173359,-0.4317853466724099,,,,,2.577447269514828,,8.5,2.5,1.2383314132865848,2.577447269514828,0.0,0.0,0.0,0.0,0.0,0.0,0.0,0.0,0.0,1.0,0.0,0.0,0.0,0.0,0.0,0.0,3.0,7819009,4,khaosat,0,1.0
5.0,1.0,2.0,3.0,1.0,2.0,1.0,2.0,1.0,2.0,3.0,-1.0,0.0,1.0,-1.0,0.0,-1.0,0.0,-1.0,0.0,2.0,1.1832159566199232,7.5,0.0,,,,,6.6,,,,0.4869316918735082,-4.85068157427859,,,,,-0.919677759629924,,,,4.7,7.5,-1.761142547345002,0.4869316918735082,0.0,0.0,0.0,0.0,1.0,0.0,0.0,0.0,0.0,0.0,0.0,0.0,0.0,0.0,0.0,0.0,1.0,7810103,4,khaosat,0,1.0
2.0,3.0,3.0,3.0,5.0,3.0,3.0,3.0,4.0,4.0,-1.2999999999999998,-0.2999999999999998,-0.2999999999999998,-0.2999999999999998,1.7000000000000002,-0.2999999999999998,-0.2999999999999998,-0.2999999999999998,0.7000000000000002,0.7000000000000002,3.3,0.7810249675906654,8.0,,7.0,7.0,,,,,,,0.936090275727828,,-0.3602780677620026,-0.4317853466724099,,,,,,,7.333333333333333,1.0,0.04800895376447184,0.936090275727828,0.0,0.0,0.0,0.0,0.0,0.0,0.0,0.0,1.0,0.0,0.0,0.0,0.0,0.0,0.0,0.0,2.0,7340129,7,khaosat,0,1.0
4.0,5.0,5.0,4.0,4.0,3.0,4.0,3.0,3.0,5.0,0.0,1.0,1.0,0.0,0.0,-1.0,0.0,-1.0,-1.0,1.0,4.0,0.7745966692414834,7.5,,,4.0,,,,4.0,,,0.4869316918735082,,,-3.968337670897544,,,,-3.443611750510088,,,5.166666666666667,3.5,-2.3083392431780414,0.4869316918735082,0.0,0.0,0.0,0.0,0.0,1.0,0.0,0.0,0.0,0.0,0.0,0.0,0.0,0.0,0.0,0.0,4.0,7340301,2,khaosat,0,1.0
5.0,2.0,5.0,3.0,5.0,5.0,3.0,4.0,5.0,4.0,0.9000000000000004,-2.0999999999999996,0.9000000000000004,-1.0999999999999996,0.9000000000000004,0.9000000000000004,-1.0999999999999996,-0.09999999999999964,0.9000000000000004,-0.09999999999999964,4.1,1.0440306508910548,,,,8.5,,,,5.6,7.0,,,,,1.3364908154401571,,,,-1.7107306344953759,-0.4830364133562463,,7.033333333333334,2.9000000000000004,-0.285758744137155,1.3364908154401571,1.0,0.0,0.0,0.0,0.0,0.0,0.0,0.0,0.0,0.0,0.0,0.0,0.0,0.0,0.0,0.0,3.0,7510605,3,khaosat,1,1.0
4.0,2.0,5.0,3.0,3.0,4.0,3.0,3.0,3.0,3.0,0.7000000000000002,-1.2999999999999998,1.7000000000000002,-0.2999999999999998,-0.2999999999999998,0.7000000000000002,-0.2999999999999998,-0.2999999999999998,-0.2999999999999998,-0.2999999999999998,3.3,0.7810249675906654,,,,5.6,,,,,5.1,4.1,,,,-2.082176431310806,,,,,-2.8090040123382636,-3.192744100369543,4.933333333333333,1.5,-2.694641514672871,-2.082176431310806,0.0,0.0,1.0,0.0,0.0,0.0,0.0,0.0,0.0,0.0,0.0,0.0,0.0,0.0,0.0,0.0,1.0,7819009,4,khaosat,0,1.0
2.0,4.0,3.0,2.0,3.0,4.0,3.0,1.0,2.0,3.0,-0.7000000000000002,1.2999999999999998,0.2999999999999998,-0.7000000000000002,0.2999999999999998,1.2999999999999998,0.2999999999999998,-1.7000000000000002,-0.7000000000000002,0.2999999999999998,2.7,0.9,,,5.25,7.5,,,,,,6.35,,,-2.0486871544439236,0.15764004069844578,,,,,,-0.7614732255414097,6.366666666666667,2.25,-0.8841734464289625,0.15764004069844578,0.0,0.0,0.0,1.0,0.0,0.0,0.0,0.0,0.0,0.0,0.0,0.0,0.0,0.0,0.0,0.0,1.0,7420201,7,khaosat,0,1.0
3.0,2.0,4.0,4.0,3.0,4.0,2.0,2.0,3.0,2.0,0.10000000000000009,-0.8999999999999999,1.1,1.1,0.10000000000000009,1.1,-0.8999999999999999,-0.8999999999999999,0.10000000000000009,-0.8999999999999999,2.9,0.8306623862918074,7.5,,,6.75,,,,,6.75,,0.4869316918735082,,,-0.7264980403578377,,,,,-0.7890847816433537,,7.0,0.75,-0.3428837100425611,0.4869316918735082,0.0,0.0,0.0,0.0,0.0,0.0,1.0,0.0,0.0,0.0,0.0,0.0,0.0,0.0,0.0,0.0,1.0,7340129,7,khaosat,0,1.0
5.0,2.0,5.0,5.0,2.0,2.0,1.0,2.0,3.0,3.0,2.0,-1.0,2.0,2.0,-1.0,-1.0,-2.0,-1.0,0.0,0.0,3.0,1.4142135623730951,,,,6.25,,,,5.5,7.0,,,,,-1.3159234277286935,,,,-1.819035704246295,-0.4830364133562463,,6.25,1.5,-1.2059985151104116,-0.4830364133562463,1.0,0.0,0.0,0.0,0.0,0.0,0.0,0.0,0.0,0.0,0.0,0.0,0.0,0.0,0.0,1.0,1.0,7510601,3,khaosat,1,1.0
1.0,4.0,3.0,4.0,4.0,5.0,4.0,2.0,3.0,3.0,-2.3,0.7000000000000002,-0.2999999999999998,0.7000000000000002,0.7000000000000002,1.7000000000000002,0.7000000000000002,-1.2999999999999998,-0.2999999999999998,-0.2999999999999998,3.3,1.1,6.25,,6.25,8.0,,,,,,,-0.6359647677622915,,-1.0838819620542546,0.7470654280693014,,,,,,,6.833333333333333,1.75,-0.3242604339157482,0.7470654280693014,0.0,0.0,0.0,0.0,0.0,0.0,0.0,0.0,1.0,0.0,0.0,0.0,0.0,0.0,0.0,0.0,1.0,7480201,0,khaosat,0,1.0
3.0,4.0,4.0,4.0,5.0,4.0,5.0,5.0,3.0,2.0,-0.8999999999999999,0.10000000000000009,0.10000000000000009,0.10000000000000009,1.1,0.10000000000000009,1.1,1.1,-0.8999999999999999,-1.9,3.9,0.9433981132056604,5.5,,8.0,8.0,,,,,,,-1.3097026435437713,,0.6045271246276667,0.7470654280693014,,,,,,,7.166666666666667,2.5,0.013963303051065598,0.7470654280693014,0.0,0.0,0.0,0.0,0.0,0.0,0.0,0.0,1.0,0.0,0.0,0.0,0.0,0.0,0.0,1.0,1.0,7220201,8,khaosat,0,1.0
5.0,1.0,3.0,2.0,4.0,2.0,4.0,2.0,3.0,4.0,2.0,-2.0,0.0,-1.0,1.0,-1.0,1.0,-1.0,0.0,1.0,3.0,1.1832159566199232,6.5,,6.0,,,,8.8,,,,-0.4113854758351315,,-1.3250832601516718,,,,1.3796943893017921,,,,7.1000000000000005,2.8000000000000007,-0.11892478222833709,1.3796943893017921,0.0,0.0,0.0,0.0,0.0,0.0,0.0,0.0,0.0,0.0,0.0,1.0,0.0,0.0,0.0,1.0,1.0,7810103,4,khaosat,0,1.0
2.0,5.0,4.0,4.0,3.0,4.0,5.0,3.0,4.0,5.0,-1.9,1.1,0.10000000000000009,0.10000000000000009,-0.8999999999999999,0.10000000000000009,1.1,-0.8999999999999999,0.10000000000000009,1.1,3.9,0.9433981132056604,,,5.5,7.25,,,,5.5,,,,,-1.8074858563465064,-0.13707265298698207,,,,-1.819035704246295,,,6.083333333333333,1.75,-1.2545314045265945,-0.13707265298698207,0.0,1.0,0.0,0.0,0.0,0.0,0.0,0.0,0.0,0.0,0.0,0.0,0.0,0.0,0.0,1.0,4.0,7480202,0,khaosat,0,1.0
4.0,3.0,3.0,3.0,4.0,3.0,3.0,4.0,4.0,4.0,0.5,-0.5,-0.5,-0.5,0.5,-0.5,-0.5,0.5,0.5,0.5,3.5,0.5,,,4.25,5.5,,,,6.25,,,,,-3.013492346833593,-2.200061508784977,,,,-1.0067476811143983,,,5.333333333333333,2.0,-2.073433845577656,-1.0067476811143983,0.0,1.0,0.0,0.0,0.0,0.0,0.0,0.0,0.0,0.0,0.0,0.0,0.0,0.0,0.0,0.0,4.0,7340115,1,khaosat,0,1.0
5.0,3.0,5.0,5.0,5.0,5.0,5.0,5.0,5.0,5.0,0.20000000000000018,-1.7999999999999998,0.20000000000000018,0.20000000000000018,0.20000000000000018,0.20000000000000018,0.20000000000000018,0.20000000000000018,0.20000000000000018,0.20000000000000018,4.8,0.6,6.75,,3.0,7.25,,,,,,,-0.1868061839079716,,-4.219498837320679,-0.13707265298698207,,,,,,,5.666666666666667,4.25,-1.514459224738544,-0.13707265298698207,0.0,0.0,0.0,0.0,0.0,0.0,0.0,0.0,1.0,0.0,0.0,0.0,0.0,0.0,0.0,1.0,1.0,7510202,5,khaosat,0,1.0
3.0,4.0,4.0,4.0,4.0,4.0,3.0,2.0,4.0,3.0,-0.5,0.5,0.5,0.5,0.5,0.5,-0.5,-1.5,0.5,-0.5,3.5,0.6708203932499369,,,7.2,8.4,,,,8.7,,,,,-0.16731702928406858,1.2186057379659865,,,,1.6467265277831298,,,8.1,1.4999999999999991,0.8993384121550158,1.6467265277831298,0.0,1.0,0.0,0.0,0.0,0.0,0.0,0.0,0.0,0.0,0.0,0.0,0.0,0.0,0.0,1.0,4.0,7510301,5,khaosat,0,1.0
3.0,4.0,4.0,4.0,5.0,4.0,4.0,5.0,2.0,3.0,-0.7999999999999998,0.20000000000000018,0.20000000000000018,0.20000000000000018,1.2000000000000002,0.20000000000000018,0.20000000000000018,1.2000000000000002,-1.7999999999999998,-0.7999999999999998,3.8,0.8717797887081347,6.25,,5.5,8.0,,,,,,,-0.6359647677622915,,-1.8074858563465064,0.7470654280693014,,,,,,,6.583333333333333,2.5,-0.5654617320131655,0.7470654280693014,0.0,0.0,0.0,0.0,0.0,0.0,0.0,0.0,1.0,0.0,0.0,0.0,0.0,0.0,0.0,0.0,1.0,7540204,6,khaosat,0,1.0
3.0,3.0,5.0,3.0,4.0,2.0,3.0,3.0,3.0,3.0,-0.20000000000000018,-0.20000000000000018,1.7999999999999998,-0.20000000000000018,0.7999999999999998,-1.2000000000000002,-0.20000000000000018,-0.20000000000000018,-0.20000000000000018,-0.20000000000000018,3.2,0.7483314773547882,,,6.5,6.5,,,,,7.75,,,,-0.8426806639568372,-1.0212107340432657,,,,,0.4351086915050761,,6.916666666666667,1.25,-0.4762609021650089,0.4351086915050761,0.0,0.0,0.0,0.0,0.0,0.0,0.0,0.0,0.0,1.0,0.0,0.0,0.0,0.0,0.0,1.0,1.0,7540101,7,khaosat,0,1.0
3.0,2.0,3.0,3.0,4.0,4.0,2.0,4.0,2.0,1.0,0.20000000000000018,-0.7999999999999998,0.20000000000000018,0.20000000000000018,1.2000000000000002,1.2000000000000002,-0.7999999999999998,1.2000000000000002,-0.7999999999999998,-1.7999999999999998,2.8,0.9797958971132712,,,5.25,6.5,,,,,,8.75,,,-2.0486871544439236,-1.0212107340432657,,,,,,1.8318823742752663,6.833333333333333,3.5,-0.41267183807064095,1.8318823742752663,0.0,0.0,0.0,1.0,0.0,0.0,0.0,0.0,0.0,0.0,0.0,0.0,0.0,0.0,0.0,0.0,1.0,7540101,7,khaosat,0,1.0
1.0,4.0,2.0,2.0,2.0,2.0,4.0,3.0,2.0,3.0,-1.5,1.5,-0.5,-0.5,-0.5,-0.5,1.5,0.5,-0.5,0.5,2.5,0.9219544457292888,,,,4.5,,,,4.75,6.25,,,,,-3.3789122835266885,,,,-2.6313237273781915,-1.4011815182175686,,5.166666666666667,1.75,-2.470472509707483,-1.4011815182175686,1.0,0.0,0.0,0.0,0.0,0.0,0.0,0.0,0.0,0.0,0.0,0.0,0.0,0.0,0.0,0.0,1.0,7540106,7,khaosat,0,1.0
3.0,1.0,5.0,3.0,3.0,3.0,4.0,5.0,4.0,2.0,-0.2999999999999998,-2.3,1.7000000000000002,-0.2999999999999998,-0.2999999999999998,-0.2999999999999998,0.7000000000000002,1.7000000000000002,0.7000000000000002,-1.2999999999999998,3.3,1.1874342087037917,6.5,7.75,5.25,,,,,,,,-0.4113854758351315,1.1641635778268606,-2.0486871544439236,,,,,,,,6.5,2.5,-0.4319696841507315,1.1641635778268606,0.0,0.0,0.0,0.0,0.0,0.0,0.0,0.0,0.0,0.0,0.0,0.0,1.0,0.0,0.0,1.0,3.0,7510605,3,khaosat,1,1.0
4.0,5.0,5.0,3.0,5.0,5.0,5.0,5.0,5.0,5.0,-0.7000000000000002,0.2999999999999998,0.2999999999999998,-1.7000000000000002,0.2999999999999998,0.2999999999999998,0.2999999999999998,0.2999999999999998,0.2999999999999998,0.2999999999999998,4.7,0.6403124237432849,,,8.7,8.3,,,,8.9,,,,,1.2798907593004345,1.1007206604918156,,,,1.86333666728497,,,8.633333333333333,0.5999999999999996,1.4146493623590732,1.86333666728497,0.0,1.0,0.0,0.0,0.0,0.0,0.0,0.0,0.0,0.0,0.0,0.0,0.0,0.0,0.0,0.0,1.0,7340120,1,khaosat,0,1.0
2.0,5.0,2.0,1.0,4.0,4.0,3.0,5.0,1.0,2.0,-0.8999999999999999,2.1,-0.8999999999999999,-1.9,1.1,1.1,0.10000000000000009,2.1,-1.9,-0.8999999999999999,2.9,1.445683229480096,7.0,5.0,,,,,6.75,,,,0.03777310801918832,-0.9701363148557185,,,,,-0.762902385839125,,,,6.25,2.0,-0.565088530891885,0.03777310801918832,0.0,0.0,0.0,0.0,1.0,0.0,0.0,0.0,0.0,0.0,0.0,0.0,0.0,0.0,0.0,0.0,1.0,7380101,8,khaosat,1,1.0
3.0,1.0,3.0,3.0,2.0,2.0,3.0,2.0,1.0,2.0,0.7999999999999998,-1.2000000000000002,0.7999999999999998,0.7999999999999998,-0.20000000000000018,-0.20000000000000018,0.7999999999999998,-0.20000000000000018,-1.2000000000000002,-0.20000000000000018,2.2,0.7483314773547882,,,5.5,8.25,,,,6.5,,,,,-1.8074858563465064,1.0417781217547293,,,,-0.7359850067370995,,,6.75,2.75,-0.5005642471096255,1.0417781217547293,0.0,1.0,0.0,0.0,0.0,0.0,0.0,0.0,0.0,0.0,0.0,0.0,0.0,0.0,0.0,1.0,1.0,7510203,5,khaosat,0,1.0
3.0,4.0,4.0,2.0,4.0,1.0,1.0,1.0,1.0,1.0,0.7999999999999998,1.7999999999999998,1.7999999999999998,-0.20000000000000018,1.7999999999999998,-1.2000000000000002,-1.2000000000000002,-1.2000000000000002,-1.2000000000000002,-1.2000000000000002,2.2,1.32664991614216,,,,7.0,,,,8.0,7.5,,,,,-0.4317853466724099,,,,0.8885910395266937,0.12906032321796862,,7.5,1.0,0.19528867202408415,0.8885910395266937,1.0,0.0,0.0,0.0,0.0,0.0,0.0,0.0,0.0,0.0,0.0,0.0,0.0,0.0,0.0,1.0,3.0,7340101,1,khaosat,0,1.0
2.0,5.0,2.0,4.0,4.0,4.0,3.0,4.0,4.0,4.0,-1.6,1.4,-1.6,0.3999999999999999,0.3999999999999999,0.3999999999999999,-0.6000000000000001,0.3999999999999999,0.3999999999999999,0.3999999999999999,3.6,0.9165151389911681,8.25,,,5.5,,,,4.5,,,1.160669567654988,,,-2.200061508784977,,,,-2.9020864017554904,,,6.083333333333333,3.75,-1.3138261142951597,1.160669567654988,0.0,0.0,0.0,0.0,0.0,1.0,0.0,0.0,0.0,0.0,0.0,0.0,0.0,0.0,0.0,0.0,1.0,7340122,1,khaosat,0,1.0
3.0,4.0,4.0,4.0,5.0,4.0,2.0,2.0,3.0,5.0,-0.6000000000000001,0.3999999999999999,0.3999999999999999,0.3999999999999999,1.4,0.3999999999999999,-1.6,-1.6,-0.6000000000000001,1.4,3.6,1.019803902718557,,,,8.0,,,,4.5,3.8,,,,,0.7470654280693014,,,,-2.9020864017554904,-4.400455527431222,,5.433333333333334,4.2,-2.185158833705804,0.7470654280693014,1.0,0.0,0.0,0.0,0.0,0.0,0.0,0.0,0.0,0.0,0.0,0.0,0.0,0.0,0.0,0.0,1.0,7340101,1,khaosat,0,1.0
4.0,2.0,4.0,4.0,5.0,4.0,4.0,3.0,4.0,4.0,0.20000000000000018,-1.7999999999999998,0.20000000000000018,0.20000000000000018,1.2000000000000002,0.20000000000000018,0.20000000000000018,-0.7999999999999998,0.20000000000000018,0.20000000000000018,3.8,0.7483314773547882,6.75,,,8.75,,,,6.75,,,-0.1868061839079716,,,1.631203509125585,,,,-0.4652223323598006,,,7.416666666666667,2.0,0.32639166428593763,1.631203509125585,0.0,0.0,0.0,0.0,0.0,1.0,0.0,0.0,0.0,0.0,0.0,0.0,0.0,0.0,0.0,1.0,1.0,7510301,5,khaosat,0,1.0
3.0,2.0,4.0,4.0,4.0,5.0,4.0,4.0,3.0,2.0,-0.5,-1.5,0.5,0.5,0.5,1.5,0.5,0.5,-0.5,-1.5,3.5,0.9219544457292888,,,,9.0,,,,9.0,9.0,,,,,1.9259162028110128,,,,1.9716417370358892,1.9653505329406133,,9.0,0.0,1.954302824262505,1.9716417370358892,1.0,0.0,0.0,0.0,0.0,0.0,0.0,0.0,0.0,0.0,0.0,0.0,0.0,0.0,0.0,0.0,2.0,7540101,7,khaosat,0,1.0
3.0,3.0,4.0,2.0,3.0,1.0,1.0,3.0,3.0,5.0,0.20000000000000018,0.20000000000000018,1.2000000000000002,-0.7999999999999998,0.20000000000000018,-1.7999999999999998,-1.7999999999999998,0.20000000000000018,0.20000000000000018,2.2,2.8,1.1661903789690602,,,,8.75,,,,7.75,6.0,,,,,1.631203509125585,,,,0.6178283651493949,-1.7072298865046762,,7.5,2.75,0.18060066259010124,1.631203509125585,1.0,0.0,0.0,0.0,0.0,0.0,0.0,0.0,0.0,0.0,0.0,0.0,0.0,0.0,0.0,0.0,1.0,7540204,6,khaosat,0,1.0
4.0,3.0,4.0,4.0,3.0,4.0,5.0,4.0,5.0,5.0,-0.09999999999999964,-1.0999999999999996,-0.09999999999999964,-0.09999999999999964,-1.0999999999999996,-0.09999999999999964,0.9000000000000004,-0.09999999999999964,0.9000000000000004,0.9000000000000004,4.1,0.7,,,,6.5,,,,4.85,4.25,,,,,-1.0212107340432657,,,,-2.5230186576272726,-3.8495684645144284,,5.2,2.25,-2.4645992853949887,-1.0212107340432657,1.0,0.0,0.0,0.0,0.0,0.0,0.0,0.0,0.0,0.0,0.0,0.0,0.0,0.0,0.0,1.0,4.0,7510406,7,khaosat,0,1.0
3.0,1.0,3.0,3.0,5.0,4.0,5.0,3.0,5.0,2.0,-0.3999999999999999,-2.4,-0.3999999999999999,-0.3999999999999999,1.6,0.6000000000000001,1.6,-0.3999999999999999,1.6,-1.4,3.4,1.2806248474865698,6.75,,2.75,5.25,,,,,,,-0.1868061839079716,,-4.460700135418096,-2.494774202470405,,,,,,,4.916666666666667,4.0,-2.3807601739321576,-0.1868061839079716,0.0,0.0,0.0,0.0,0.0,0.0,0.0,0.0,1.0,0.0,0.0,0.0,0.0,0.0,0.0,1.0,3.0,7340101,1,khaosat,0,1.0
5.0,3.0,4.0,4.0,4.0,4.0,4.0,4.0,4.0,4.0,1.0,-1.0,0.0,0.0,0.0,0.0,0.0,0.0,0.0,0.0,4.0,0.4472135954999579,,,,8.0,,,,8.0,8.0,,,,,0.7470654280693014,,,,0.8885910395266937,0.7411570597921835,,8.0,0.0,0.7922711757960595,0.8885910395266937,1.0,0.0,0.0,0.0,0.0,0.0,0.0,0.0,0.0,0.0,0.0,0.0,0.0,0.0,0.0,0.0,1.0,7340201,2,khaosat,0,1.0
1.0,4.0,2.0,1.0,5.0,2.0,5.0,4.0,2.0,1.0,-1.7000000000000002,1.2999999999999998,-0.7000000000000002,-1.7000000000000002,2.3,-0.7000000000000002,2.3,1.2999999999999998,-0.7000000000000002,-1.7000000000000002,2.7,1.5524174696260025,6.0,5.25,,,,,6.0,,,,-0.8605440596894514,-0.7761090518845749,,,,,-1.5467792547931187,,,,5.75,0.75,-1.0611441221223818,-0.7761090518845749,0.0,0.0,0.0,0.0,1.0,0.0,0.0,0.0,0.0,0.0,0.0,0.0,0.0,0.0,0.0,0.0,1.0,7510406,7,khaosat,0,1.0
2.0,4.0,4.0,4.0,5.0,1.0,1.0,1.0,1.0,2.0,-0.5,1.5,1.5,1.5,2.5,-1.5,-1.5,-1.5,-1.5,-0.5,2.5,1.5,,,8.75,8.75,,,,5.0,,,,,1.3281310189199185,1.631203509125585,,,,-2.3605610530008927,,,7.5,3.75,0.1995911583482036,1.631203509125585,0.0,1.0,0.0,0.0,0.0,0.0,0.0,0.0,0.0,0.0,0.0,0.0,0.0,0.0,0.0,0.0,1.0,7510202,5,khaosat,0,1.0
3.0,3.0,2.0,3.0,2.0,3.0,4.0,2.0,3.0,3.0,0.20000000000000018,0.20000000000000018,-0.7999999999999998,0.20000000000000018,-0.7999999999999998,0.20000000000000018,1.2000000000000002,-0.7999999999999998,0.20000000000000018,0.20000000000000018,2.8,0.6,6.75,,,7.5,,,,,5.5,,-0.1868061839079716,,,0.15764004069844578,,,,,-2.319326623078891,,6.583333333333333,2.0,-0.782830922096139,0.15764004069844578,0.0,0.0,0.0,0.0,0.0,0.0,1.0,0.0,0.0,0.0,0.0,0.0,0.0,0.0,0.0,0.0,4.0,7340129,7,khaosat,0,1.0
2.0,4.0,5.0,5.0,5.0,4.0,3.0,3.0,3.0,2.0,-1.6,0.3999999999999999,1.4,1.4,1.4,0.3999999999999999,-0.6000000000000001,-0.6000000000000001,-0.6000000000000001,-1.6,3.6,1.1135528725660042,,,,8.25,,,,6.0,7.25,,,,,1.0417781217547293,,,,-1.2775103554916973,-0.17698804506913884,,7.166666666666667,2.25,-0.1375734262687023,1.0417781217547293,1.0,0.0,0.0,0.0,0.0,0.0,0.0,0.0,0.0,0.0,0.0,0.0,0.0,0.0,0.0,1.0,1.0,7480201,0,khaosat,0,1.0
2.0,5.0,4.0,3.0,4.0,2.0,3.0,3.0,3.0,4.0,-1.2999999999999998,1.7000000000000002,0.7000000000000002,-0.2999999999999998,0.7000000000000002,-1.2999999999999998,-0.2999999999999998,-0.2999999999999998,-0.2999999999999998,0.7000000000000002,3.3,0.9,6.0,6.25,,,,,8.0,,,,-0.8605440596894514,-6.8932331121780365e-16,,,,,0.5435590624175314,,,,6.75,2.0,-0.10566166575730689,0.5435590624175314,0.0,0.0,0.0,0.0,1.0,0.0,0.0,0.0,0.0,0.0,0.0,0.0,0.0,0.0,0.0,0.0,1.0,7380107,8,khaosat,0,1.0
4.0,2.0,4.0,4.0,5.0,2.0,1.0,1.0,1.0,1.0,1.5,-0.5,1.5,1.5,2.5,-0.5,-1.5,-1.5,-1.5,-1.5,2.5,1.5,,,,8.25,,,,6.0,8.5,,,,,1.0417781217547293,,,,-1.2775103554916973,1.3532537963663984,,7.583333333333333,2.5,0.37250718754314344,1.3532537963663984,1.0,0.0,0.0,0.0,0.0,0.0,0.0,0.0,0.0,0.0,0.0,0.0,0.0,0.0,0.0,1.0,3.0,7510301,5,khaosat,0,1.0
5.0,3.0,5.0,5.0,3.0,2.0,2.0,4.0,4.0,4.0,1.2999999999999998,-0.7000000000000002,1.2999999999999998,1.2999999999999998,-0.7000000000000002,-1.7000000000000002,-1.7000000000000002,0.2999999999999998,0.2999999999999998,0.2999999999999998,3.7,1.1,6.25,,4.25,8.0,,,,,,,-0.6359647677622915,,-3.013492346833593,0.7470654280693014,,,,,,,6.166666666666667,3.75,-0.9674638955088609,0.7470654280693014,0.0,0.0,0.0,0.0,0.0,0.0,0.0,0.0,1.0,0.0,0.0,0.0,0.0,0.0,0.0,0.0,1.0,7220204,8,khaosat,0,1.0
3.0,3.0,5.0,3.0,4.0,2.0,2.0,4.0,3.0,3.0,-0.20000000000000018,-0.20000000000000018,1.7999999999999998,-0.20000000000000018,0.7999999999999998,-1.2000000000000002,-1.2000000000000002,0.7999999999999998,-0.20000000000000018,-0.20000000000000018,3.2,0.8717797887081347,7.0,,3.25,7.5,,,,,,,0.03777310801918832,,-3.978297539223262,0.15764004069844578,,,,,,,5.916666666666667,4.25,-1.260961463501876,0.15764004069844578,0.0,0.0,0.0,0.0,0.0,0.0,0.0,0.0,1.0,0.0,0.0,0.0,0.0,0.0,0.0,0.0,4.0,7340301,2,khaosat,0,1.0
2.0,3.0,2.0,3.0,3.0,3.0,3.0,4.0,2.0,1.0,-0.6000000000000001,0.3999999999999999,-0.6000000000000001,0.3999999999999999,0.3999999999999999,0.3999999999999999,0.3999999999999999,1.4,-0.6000000000000001,-1.6,2.6,0.8,,,,8.0,,,,,8.75,5.5,,,,0.7470654280693014,,,,,1.659302164653506,-1.6799533338098154,7.416666666666667,3.25,0.24213808630433062,1.659302164653506,0.0,0.0,1.0,0.0,0.0,0.0,0.0,0.0,0.0,0.0,0.0,0.0,0.0,0.0,0.0,1.0,1.0,7819010,4,khaosat,0,1.0
5.0,3.0,3.0,3.0,5.0,2.0,3.0,4.0,2.0,3.0,1.7000000000000002,-0.2999999999999998,-0.2999999999999998,-0.2999999999999998,1.7000000000000002,-1.2999999999999998,-0.2999999999999998,0.7000000000000002,-1.2999999999999998,-0.2999999999999998,3.3,1.004987562112089,7.5,,6.0,7.0,,,,,,,0.4869316918735082,,-1.3250832601516718,-0.4317853466724099,,,,,,,6.833333333333333,1.5,-0.4233123049835245,0.4869316918735082,0.0,0.0,0.0,0.0,0.0,0.0,0.0,0.0,1.0,0.0,0.0,0.0,0.0,0.0,0.0,0.0,1.0,7810202,4,khaosat,0,1.0
3.0,3.0,3.0,3.0,3.0,4.0,3.0,4.0,3.0,3.0,-0.20000000000000018,-0.20000000000000018,-0.20000000000000018,-0.20000000000000018,-0.20000000000000018,0.7999999999999998,-0.20000000000000018,0.7999999999999998,-0.20000000000000018,-0.20000000000000018,3.2,0.39999999999999997,6.5,,,7.25,,,,6.75,,,-0.4113854758351315,,,-0.13707265298698207,,,,-0.4652223323598006,,,6.833333333333333,0.75,-0.33789348706063804,-0.13707265298698207,0.0,0.0,0.0,0.0,0.0,1.0,0.0,0.0,0.0,0.0,0.0,0.0,0.0,0.0,0.0,1.0,1.0,7340205,2,khaosat,0,1.0
5.0,3.0,5.0,3.0,5.0,5.0,5.0,5.0,5.0,3.0,0.5999999999999996,-1.4000000000000004,0.5999999999999996,-1.4000000000000004,0.5999999999999996,0.5999999999999996,0.5999999999999996,0.5999999999999996,0.5999999999999996,-1.4000000000000004,4.4,0.9165151389911681,,,5.75,7.25,,,,5.0,,,,,-1.5662845582490892,-0.13707265298698207,,,,-2.3605610530008927,,,6.0,2.25,-1.3546394214123214,-0.13707265298698207,0.0,1.0,0.0,0.0,0.0,0.0,0.0,0.0,0.0,0.0,0.0,0.0,0.0,0.0,0.0,0.0,2.0,7340120,1,khaosat,0,1.0
3.0,3.0,3.0,4.0,4.0,4.0,3.0,3.0,3.0,2.0,-0.20000000000000018,-0.20000000000000018,-0.20000000000000018,0.7999999999999998,0.7999999999999998,0.7999999999999998,-0.20000000000000018,-0.20000000000000018,-0.20000000000000018,-1.2000000000000002,3.2,0.6,,,,7.5,,,,7.0,5.75,,,,,0.15764004069844578,,,,-0.19445965798250175,-2.013278254791784,,6.75,1.75,-0.6833659573586132,0.15764004069844578,1.0,0.0,0.0,0.0,0.0,0.0,0.0,0.0,0.0,0.0,0.0,0.0,0.0,0.0,0.0,0.0,1.0,7510401,6,khaosat,0,1.0
2.0,3.0,3.0,3.0,3.0,2.0,4.0,5.0,4.0,3.0,-1.2000000000000002,-0.20000000000000018,-0.20000000000000018,-0.20000000000000018,-0.20000000000000018,-1.2000000000000002,0.7999999999999998,1.7999999999999998,0.7999999999999998,-0.20000000000000018,3.2,0.8717797887081347,7.5,5.5,,,,,7.0,,,,0.4869316918735082,-0.5820817889134313,,,,,-0.5016100961877937,,,,6.666666666666667,2.0,-0.19892006440923896,0.4869316918735082,0.0,0.0,0.0,0.0,1.0,0.0,0.0,0.0,0.0,0.0,0.0,0.0,0.0,0.0,0.0,0.0,1.0,7340101,1,khaosat,0,1.0
3.0,2.0,3.0,4.0,3.0,5.0,5.0,4.0,2.0,2.0,-0.2999999999999998,-1.2999999999999998,-0.2999999999999998,0.7000000000000002,-0.2999999999999998,1.7000000000000002,1.7000000000000002,0.7000000000000002,-1.2999999999999998,-1.2999999999999998,3.3,1.1,,,,7.6,,,,,5.5,8.0,,,,0.2755251181726165,,,,,-2.319326623078891,1.021458749332555,7.033333333333334,2.5,-0.3407809185245731,1.021458749332555,0.0,0.0,1.0,0.0,0.0,0.0,0.0,0.0,0.0,0.0,0.0,0.0,0.0,0.0,0.0,1.0,1.0,7420201,7,khaosat,0,1.0
4.0,3.0,3.0,3.0,3.0,2.0,1.0,1.0,4.0,2.0,1.4,0.3999999999999999,0.3999999999999999,0.3999999999999999,0.3999999999999999,-0.6000000000000001,-1.6,-1.6,1.4,-0.6000000000000001,2.6,1.019803902718557,,,,8.25,,,,8.5,7.5,,,,,1.0417781217547293,,,,1.4301163882812915,0.12906032321796862,,8.083333333333334,1.0,0.8669849444179966,1.4301163882812915,1.0,0.0,0.0,0.0,0.0,0.0,0.0,0.0,0.0,0.0,0.0,0.0,0.0,0.0,0.0,1.0,1.0,7340201,2,khaosat,0,1.0
4.0,5.0,4.0,5.0,5.0,3.0,5.0,5.0,5.0,2.0,-0.2999999999999998,0.7000000000000002,-0.2999999999999998,0.7000000000000002,0.7000000000000002,-1.2999999999999998,0.7000000000000002,0.7000000000000002,0.7000000000000002,-2.3,4.3,1.004987562112089,,,,8.2,,,,8.2,7.5,,,,,0.982835583017643,,,,1.105201179028532,0.12906032321796862,,7.966666666666666,0.6999999999999993,0.7390323617547147,1.105201179028532,1.0,0.0,0.0,0.0,0.0,0.0,0.0,0.0,0.0,0.0,0.0,0.0,0.0,0.0,0.0,0.0,1.0,7380107,8,khaosat,0,1.0
2.0,3.0,3.0,2.0,3.0,2.0,2.0,4.0,3.0,4.0,-0.7999999999999998,0.20000000000000018,0.20000000000000018,-0.7999999999999998,0.20000000000000018,-0.7999999999999998,-0.7999999999999998,1.2000000000000002,0.20000000000000018,1.2000000000000002,2.8,0.7483314773547882,,,,5.5,,,,6.0,5.5,,,,,-2.200061508784977,,,,-1.2775103554916973,-2.319326623078891,,5.666666666666667,0.5,-1.9322994957851884,-1.2775103554916973,1.0,0.0,0.0,0.0,0.0,0.0,0.0,0.0,0.0,0.0,0.0,0.0,0.0,0.0,0.0,1.0,1.0,7340129,7,khaosat,0,1.0
3.0,3.0,3.0,3.0,3.0,3.0,3.0,3.0,4.0,3.0,-0.10000000000000009,-0.10000000000000009,-0.10000000000000009,-0.10000000000000009,-0.10000000000000009,-0.10000000000000009,-0.10000000000000009,-0.10000000000000009,0.8999999999999999,-0.10000000000000009,3.1,0.3,7.25,,7.0,8.0,,,,,,,0.26235239994634824,,-0.3602780677620026,0.7470654280693014,,,,,,,7.416666666666667,1.0,0.216379920084549,0.7470654280693014,0.0,0.0,0.0,0.0,0.0,0.0,0.0,0.0,1.0,0.0,0.0,0.0,0.0,0.0,0.0,0.0,1.0,7380101,8,khaosat,1,1.0
3.0,2.0,2.0,2.0,3.0,3.0,3.0,3.0,3.0,3.0,0.2999999999999998,-0.7000000000000002,-0.7000000000000002,-0.7000000000000002,0.2999999999999998,0.2999999999999998,0.2999999999999998,0.2999999999999998,0.2999999999999998,0.2999999999999998,2.7,0.45825756949558405,7.75,,,6.5,,,7.0,,,,0.7115109838006681,,,-1.0212107340432657,,,-0.5016100961877937,,,,7.083333333333333,1.25,-0.2704366154767971,0.7115109838006681,0.0,0.0,0.0,0.0,0.0,0.0,0.0,1.0,0.0,0.0,0.0,0.0,0.0,0.0,0.0,0.0,1.0,7340301,2,khaosat,0,1.0
3.0,3.0,2.0,4.0,4.0,3.0,3.0,2.0,3.0,2.0,0.10000000000000009,0.10000000000000009,-0.8999999999999999,1.1,1.1,0.10000000000000009,0.10000000000000009,-0.8999999999999999,0.10000000000000009,-0.8999999999999999,2.9,0.7,,,,8.25,,,,7.6,7.75,,,,,1.0417781217547293,,,,0.4553707605230152,0.4351086915050761,,7.866666666666667,0.6500000000000004,0.6440858579276069,1.0417781217547293,1.0,0.0,0.0,0.0,0.0,0.0,0.0,0.0,0.0,0.0,0.0,0.0,0.0,0.0,0.0,0.0,1.0,7510601,3,khaosat,1,1.0
3.0,5.0,3.0,3.0,5.0,5.0,5.0,5.0,4.0,5.0,-1.2999999999999998,0.7000000000000002,-1.2999999999999998,-1.2999999999999998,0.7000000000000002,0.7000000000000002,0.7000000000000002,0.7000000000000002,-0.2999999999999998,0.7000000000000002,4.3,0.9,,,7.0,5.0,,,,,6.5,,,,-0.3602780677620026,-2.789486896155833,,,,,-1.0951331499304613,,6.166666666666667,2.0,-1.4149660379494324,-0.3602780677620026,0.0,0.0,0.0,0.0,0.0,0.0,0.0,0.0,0.0,1.0,0.0,0.0,0.0,0.0,0.0,1.0,4.0,7480201,0,khaosat,0,1.0
3.0,2.0,2.0,4.0,5.0,3.0,4.0,4.0,4.0,3.0,-0.3999999999999999,-1.4,-1.4,0.6000000000000001,1.6,-0.3999999999999999,0.6000000000000001,0.6000000000000001,0.6000000000000001,-0.3999999999999999,3.4,0.9165151389911681,,,,8.0,,,,5.6,7.0,,,,,0.7470654280693014,,,,-1.7107306344953759,-0.4830364133562463,,6.866666666666667,2.4000000000000004,-0.4822338732607736,0.7470654280693014,1.0,0.0,0.0,0.0,0.0,0.0,0.0,0.0,0.0,0.0,0.0,0.0,0.0,0.0,0.0,0.0,1.0,7510401,6,khaosat,0,1.0
5.0,1.0,3.0,4.0,3.0,1.0,1.0,2.0,4.0,2.0,2.4,-1.6,0.3999999999999999,1.4,0.3999999999999999,-1.6,-1.6,-0.6000000000000001,1.4,-0.6000000000000001,2.6,1.3564659966250538,,,,7.75,,,,5.75,8.75,,,,,0.45235273438387363,,,,-1.5482730298689962,1.659302164653506,,7.416666666666667,3.0,0.18779395638946114,1.659302164653506,1.0,0.0,0.0,0.0,0.0,0.0,0.0,0.0,0.0,0.0,0.0,0.0,0.0,0.0,0.0,1.0,1.0,7340122,1,khaosat,0,1.0
3.0,4.0,3.0,4.0,3.0,4.0,3.0,5.0,2.0,2.0,-0.2999999999999998,0.7000000000000002,-0.2999999999999998,0.7000000000000002,-0.2999999999999998,0.7000000000000002,-0.2999999999999998,1.7000000000000002,-1.2999999999999998,-1.2999999999999998,3.3,0.9,,,,9.0,,,,8.5,8.0,,,,,1.9259162028110128,,,,1.4301163882812915,0.7411570597921835,,8.5,1.0,1.3657298836281626,1.9259162028110128,1.0,0.0,0.0,0.0,0.0,0.0,0.0,0.0,0.0,0.0,0.0,0.0,0.0,0.0,0.0,1.0,2.0,7510401,6,khaosat,0,1.0
3.0,1.0,3.0,3.0,3.0,3.0,4.0,3.0,2.0,3.0,0.20000000000000018,-1.7999999999999998,0.20000000000000018,0.20000000000000018,0.20000000000000018,0.20000000000000018,1.2000000000000002,0.20000000000000018,-0.7999999999999998,0.20000000000000018,2.8,0.7483314773547882,,,8.25,8.0,,,,7.75,,,,,0.845728422725084,0.7470654280693014,,,,0.6178283651493949,,,8.0,0.5,0.7368740719812602,0.845728422725084,0.0,1.0,0.0,0.0,0.0,0.0,0.0,0.0,0.0,0.0,0.0,0.0,0.0,0.0,0.0,1.0,3.0,7510605,3,khaosat,1,1.0
2.0,2.0,3.0,5.0,4.0,3.0,4.0,2.0,3.0,2.0,-1.0,-1.0,0.0,2.0,1.0,0.0,1.0,-1.0,0.0,-1.0,3.0,1.0,,,,8.5,,,,,6.25,6.5,,,,1.3364908154401571,,,,,-1.4011815182175686,-0.5993885005528671,7.083333333333333,2.25,-0.2213597344434262,1.3364908154401571,0.0,0.0,1.0,0.0,0.0,0.0,0.0,0.0,0.0,0.0,0.0,0.0,0.0,0.0,0.0,1.0,1.0,7850101,7,khaosat,0,1.0
1.0,5.0,3.0,3.0,3.0,3.0,3.0,4.0,5.0,1.0,-2.1,1.9,-0.10000000000000009,-0.10000000000000009,-0.10000000000000009,-0.10000000000000009,-0.10000000000000009,0.8999999999999999,1.9,-2.1,3.1,1.3,,,,8.0,,,,8.0,8.0,,,,,0.7470654280693014,,,,0.8885910395266937,0.7411570597921835,,8.0,0.0,0.7922711757960595,0.8885910395266937,1.0,0.0,0.0,0.0,0.0,0.0,0.0,0.0,0.0,0.0,0.0,0.0,0.0,0.0,0.0,1.0,4.0,7480201,0,khaosat,0,1.0
1.0,5.0,1.0,3.0,1.0,5.0,5.0,1.0,1.0,1.0,-1.4,2.6,-1.4,0.6000000000000001,-1.4,2.6,2.6,-1.4,-1.4,-1.4,2.4,1.8,,,,8.0,,,,6.5,5.0,,,,,0.7470654280693014,,,,-0.7359850067370995,-2.931423359653106,,6.5,3.0,-0.9734476461069681,0.7470654280693014,1.0,0.0,0.0,0.0,0.0,0.0,0.0,0.0,0.0,0.0,0.0,0.0,0.0,0.0,0.0,1.0,2.0,7510303,5,khaosat,0,1.0
3.0,3.0,2.0,4.0,5.0,2.0,2.0,2.0,5.0,1.0,0.10000000000000009,0.10000000000000009,-0.8999999999999999,1.1,2.1,-0.8999999999999999,-0.8999999999999999,-0.8999999999999999,2.1,-1.9,2.9,1.3,5.75,,,7.0,8.75,,,,,,-1.0851233516166114,,,-0.4317853466724099,1.235133859809331,,,,,,7.166666666666667,3.0,-0.09392494615989677,1.235133859809331,0.0,0.0,0.0,0.0,0.0,0.0,0.0,0.0,0.0,0.0,0.0,0.0,0.0,1.0,0.0,1.0,1.0,7380107,8,khaosat,0,1.0
3.0,3.0,4.0,4.0,5.0,1.0,4.0,2.0,3.0,3.0,-0.20000000000000018,-0.20000000000000018,0.7999999999999998,0.7999999999999998,1.7999999999999998,-2.2,0.7999999999999998,-1.2000000000000002,-0.20000000000000018,-0.20000000000000018,3.2,1.077032961426901,8.0,,9.0,8.0,,,,,,,0.936090275727828,,1.5693323170173359,0.7470654280693014,,,,,,,8.333333333333334,1.0,1.0841626736048218,1.5693323170173359,0.0,0.0,0.0,0.0,0.0,0.0,0.0,0.0,1.0,0.0,0.0,0.0,0.0,0.0,0.0,1.0,3.0,7220201,8,khaosat,0,1.0
3.0,3.0,2.0,4.0,3.0,3.0,3.0,1.0,4.0,1.0,0.2999999999999998,0.2999999999999998,-0.7000000000000002,1.2999999999999998,0.2999999999999998,0.2999999999999998,0.2999999999999998,-1.7000000000000002,1.2999999999999998,-1.7000000000000002,2.7,1.004987562112089,,,,8.0,,,,6.75,5.25,,,,,0.7470654280693014,,,,-0.4652223323598006,-2.6253749913659985,,6.666666666666667,2.75,-0.781177298552166,0.7470654280693014,1.0,0.0,0.0,0.0,0.0,0.0,0.0,0.0,0.0,0.0,0.0,0.0,0.0,0.0,0.0,0.0,4.0,7420201,7,khaosat,0,1.0
3.0,4.0,3.0,4.0,5.0,5.0,4.0,4.0,4.0,5.0,-1.0999999999999996,-0.09999999999999964,-1.0999999999999996,-0.09999999999999964,0.9000000000000004,0.9000000000000004,-0.09999999999999964,-0.09999999999999964,-0.09999999999999964,0.9000000000000004,4.1,0.7,,,,7.8,,,,9.0,7.0,,,,,0.511295273120959,,,,1.9716417370358892,-0.4830364133562463,,7.933333333333334,2.0,0.6666335322668674,1.9716417370358892,1.0,0.0,0.0,0.0,0.0,0.0,0.0,0.0,0.0,0.0,0.0,0.0,0.0,0.0,0.0,1.0,4.0,7480201,0,khaosat,0,1.0
5.0,2.0,3.0,5.0,4.0,1.0,2.0,2.0,5.0,2.0,1.9,-1.1,-0.10000000000000009,1.9,0.8999999999999999,-2.1,-1.1,-1.1,1.9,-1.1,3.1,1.445683229480096,6.5,,,6.75,5.0,,,,,,-0.4113854758351315,,,-0.7264980403578377,-1.0439821910293157,,,,,,6.083333333333333,1.75,-0.727288569074095,-0.4113854758351315,0.0,0.0,0.0,0.0,0.0,0.0,0.0,0.0,0.0,0.0,0.0,0.0,0.0,1.0,0.0,1.0,1.0,7380101,8,khaosat,1,1.0
2.0,2.0,2.0,3.0,2.0,2.0,3.0,2.0,3.0,1.0,-0.20000000000000018,-0.20000000000000018,-0.20000000000000018,0.7999999999999998,-0.20000000000000018,-0.20000000000000018,0.7999999999999998,-0.20000000000000018,0.7999999999999998,-1.2000000000000002,2.2,0.6,,,,7.0,,,,,8.0,8.0,,,,-0.4317853466724099,,,,,0.7411570597921835,1.021458749332555,7.666666666666667,1.0,0.4436101541507762,1.021458749332555,0.0,0.0,1.0,0.0,0.0,0.0,0.0,0.0,0.0,0.0,0.0,0.0,0.0,0.0,0.0,1.0,3.0,7540101,7,khaosat,0,1.0
1.0,5.0,1.0,1.0,1.0,1.0,1.0,1.0,1.0,1.0,-0.3999999999999999,3.6,-0.3999999999999999,-0.3999999999999999,-0.3999999999999999,-0.3999999999999999,-0.3999999999999999,-0.3999999999999999,-0.3999999999999999,-0.3999999999999999,1.4,1.2000000000000002,6.0,7.0,,,,,8.0,,,,-0.8605440596894514,0.58208178891343,,,,,0.5435590624175314,,,,7.0,2.0,0.08836559721383667,0.58208178891343,0.0,0.0,0.0,0.0,1.0,0.0,0.0,0.0,0.0,0.0,0.0,0.0,0.0,0.0,0.0,1.0,3.0,7810202,4,khaosat,0,1.0
5.0,5.0,5.0,4.0,5.0,5.0,5.0,4.0,5.0,5.0,0.20000000000000018,0.20000000000000018,0.20000000000000018,-0.7999999999999998,0.20000000000000018,0.20000000000000018,0.20000000000000018,-0.7999999999999998,0.20000000000000018,0.20000000000000018,4.8,0.39999999999999997,,,6.0,8.0,,,,7.0,,,,,-1.3250832601516718,0.7470654280693014,,,,-0.19445965798250175,,,7.0,2.0,-0.2574924966882907,0.7470654280693014,0.0,1.0,0.0,0.0,0.0,0.0,0.0,0.0,0.0,0.0,0.0,0.0,0.0,0.0,0.0,0.0,2.0,7810201,4,khaosat,0,1.0
4.0,5.0,5.0,4.0,4.0,4.0,4.0,4.0,4.0,4.0,-0.20000000000000018,0.7999999999999998,0.7999999999999998,-0.20000000000000018,-0.20000000000000018,-0.20000000000000018,-0.20000000000000018,-0.20000000000000018,-0.20000000000000018,-0.20000000000000018,4.2,0.39999999999999997,,,,8.0,,,,7.0,7.0,,,,,0.7470654280693014,,,,-0.19445965798250175,-0.4830364133562463,,7.333333333333333,1.0,0.023189785576851123,0.7470654280693014,1.0,0.0,0.0,0.0,0.0,0.0,0.0,0.0,0.0,0.0,0.0,0.0,0.0,0.0,0.0,1.0,3.0,7480201,0,khaosat,0,1.0
4.0,3.0,4.0,5.0,3.0,1.0,1.0,2.0,2.0,2.0,1.2999999999999998,0.2999999999999998,1.2999999999999998,2.3,0.2999999999999998,-1.7000000000000002,-1.7000000000000002,-0.7000000000000002,-0.7000000000000002,-0.7000000000000002,2.7,1.2688577540449522,,,,6.0,,,,9.25,9.0,,,,,-1.6106361214141214,,,,2.242404411413188,1.9653505329406133,,8.083333333333334,3.25,0.8657062743132267,2.242404411413188,1.0,0.0,0.0,0.0,0.0,0.0,0.0,0.0,0.0,0.0,0.0,0.0,0.0,0.0,0.0,1.0,1.0,7510601,3,khaosat,1,1.0
4.0,2.0,4.0,3.0,5.0,2.0,4.0,5.0,3.0,2.0,0.6000000000000001,-1.4,0.6000000000000001,-0.3999999999999999,1.6,-1.4,0.6000000000000001,1.6,-0.3999999999999999,-1.4,3.4,1.1135528725660044,6.0,6.0,,,,,4.0,,,,-0.8605440596894514,-0.19402726297114425,,,,,-3.6371175720037687,,,,5.333333333333333,2.0,-1.563896298221455,-0.19402726297114425,0.0,0.0,0.0,0.0,1.0,0.0,0.0,0.0,0.0,0.0,0.0,0.0,0.0,0.0,0.0,0.0,3.0,7850101,7,khaosat,0,1.0
3.0,3.0,4.0,4.0,4.0,3.0,4.0,2.0,3.0,2.0,-0.20000000000000018,-0.20000000000000018,0.7999999999999998,0.7999999999999998,0.7999999999999998,-0.20000000000000018,0.7999999999999998,-1.2000000000000002,-0.20000000000000018,-1.2000000000000002,3.2,0.7483314773547882,,,,7.0,,,,7.0,7.0,,,,,-0.4317853466724099,,,,-0.19445965798250175,-0.4830364133562463,,7.0,0.0,-0.36976047267038603,-0.19445965798250175,1.0,0.0,0.0,0.0,0.0,0.0,0.0,0.0,0.0,0.0,0.0,0.0,0.0,0.0,0.0,1.0,1.0,7480201,0,khaosat,0,1.0
4.0,1.0,4.0,4.0,2.0,1.0,2.0,1.0,4.0,3.0,1.4,-1.6,1.4,1.4,-0.6000000000000001,-1.6,-0.6000000000000001,-1.6,1.4,0.3999999999999999,2.6,1.2806248474865698,,,8.75,6.0,,,,7.75,,,,,1.3281310189199185,-1.6106361214141214,,,,0.6178283651493949,,,7.5,2.75,0.111774420885064,1.3281310189199185,0.0,1.0,0.0,0.0,0.0,0.0,0.0,0.0,0.0,0.0,0.0,0.0,0.0,0.0,0.0,1.0,1.0,7340120,1,khaosat,0,1.0
1.0,5.0,2.0,2.0,3.0,1.0,2.0,3.0,1.0,2.0,-1.2000000000000002,2.8,-0.20000000000000018,-0.20000000000000018,0.7999999999999998,-1.2000000000000002,-0.20000000000000018,0.7999999999999998,-1.2000000000000002,-0.20000000000000018,2.2,1.1661903789690602,5.5,4.95,,,,,6.7,,,,-1.3097026435437713,-1.008941767449947,,,,,-0.815160843769391,,,,5.716666666666666,1.75,-1.044601751587703,-0.815160843769391,0.0,0.0,0.0,0.0,1.0,0.0,0.0,0.0,0.0,0.0,0.0,0.0,0.0,0.0,0.0,0.0,4.0,7810103,4,khaosat,0,1.0
1.0,4.0,3.0,5.0,3.0,1.0,1.0,1.0,3.0,2.0,-1.4,1.6,0.6000000000000001,2.6,0.6000000000000001,-1.4,-1.4,-1.4,0.6000000000000001,-0.3999999999999999,2.4,1.3564659966250536,,,9.5,7.25,,,,,7.25,,,,2.0517349132121705,-0.13707265298698207,,,,,-0.17698804506913884,,8.0,2.25,0.5792247383853498,2.0517349132121705,0.0,0.0,0.0,0.0,0.0,0.0,0.0,0.0,0.0,1.0,0.0,0.0,0.0,0.0,0.0,0.0,1.0,7520115,6,khaosat,0,1.0
3.0,3.0,5.0,4.0,4.0,1.0,1.0,2.0,2.0,1.0,0.3999999999999999,0.3999999999999999,2.4,1.4,1.4,-1.6,-1.6,-0.6000000000000001,-0.6000000000000001,-1.6,2.6,1.3564659966250536,,,,6.75,,,,7.0,5.5,,,,,-0.7264980403578377,,,,-0.19445965798250175,-2.319326623078891,,6.416666666666667,1.5,-1.0800947738064102,-0.19445965798250175,1.0,0.0,0.0,0.0,0.0,0.0,0.0,0.0,0.0,0.0,0.0,0.0,0.0,0.0,0.0,1.0,1.0,7480107,0,khaosat,1,1.0
3.0,1.0,4.0,3.0,3.0,3.0,5.0,4.0,2.0,3.0,-0.10000000000000009,-2.1,0.8999999999999999,-0.10000000000000009,-0.10000000000000009,-0.10000000000000009,1.9,0.8999999999999999,-1.1,-0.10000000000000009,3.1,1.044030650891055,,,,8.5,,,,7.0,8.0,,,,,1.3364908154401571,,,,-0.19445965798250175,0.7411570597921835,,7.833333333333333,1.5,0.6277294057499463,1.3364908154401571,1.0,0.0,0.0,0.0,0.0,0.0,0.0,0.0,0.0,0.0,0.0,0.0,0.0,0.0,0.0,0.0,4.0,7540101,7,khaosat,0,1.0
2.0,3.0,3.0,3.0,3.0,2.0,3.0,4.0,3.0,3.0,-0.8999999999999999,0.10000000000000009,0.10000000000000009,0.10000000000000009,0.10000000000000009,-0.8999999999999999,0.10000000000000009,1.1,0.10000000000000009,0.10000000000000009,2.9,0.5385164807134505,,,,5.0,,,,5.0,5.0,,,,,-2.789486896155833,,,,-2.3605610530008927,-2.931423359653106,,5.0,0.0,-2.693823769603277,-2.3605610530008927,1.0,0.0,0.0,0.0,0.0,0.0,0.0,0.0,0.0,0.0,0.0,0.0,0.0,0.0,0.0,0.0,4.0,7480202,0,khaosat,0,1.0
5.0,3.0,5.0,4.0,5.0,5.0,5.0,5.0,5.0,5.0,0.2999999999999998,-1.7000000000000002,0.2999999999999998,-0.7000000000000002,0.2999999999999998,0.2999999999999998,0.2999999999999998,0.2999999999999998,0.2999999999999998,0.2999999999999998,4.7,0.6403124237432849,7.5,,,9.0,,,,8.0,,,0.4869316918735082,,,1.9259162028110128,,,,0.8885910395266937,,,8.166666666666666,1.5,1.1004796447370715,1.9259162028110128,0.0,0.0,0.0,0.0,0.0,1.0,0.0,0.0,0.0,0.0,0.0,0.0,0.0,0.0,0.0,1.0,3.0,7510402,6,khaosat,0,1.0
1.0,1.0,2.0,2.0,2.0,4.0,4.0,5.0,5.0,5.0,-2.1,-2.1,-1.1,-1.1,-1.1,0.8999999999999999,0.8999999999999999,1.9,1.9,1.9,3.1,1.57797338380595,,,,8.0,,,,8.0,8.0,,,,,0.7470654280693014,,,,0.8885910395266937,0.7411570597921835,,8.0,0.0,0.7922711757960595,0.8885910395266937,1.0,0.0,0.0,0.0,0.0,0.0,0.0,0.0,0.0,0.0,0.0,0.0,0.0,0.0,0.0,1.0,3.0,7540101,7,khaosat,0,1.0
4.0,2.0,5.0,3.0,2.0,2.0,1.0,2.0,3.0,2.0,1.4,-0.6000000000000001,2.4,0.3999999999999999,-0.6000000000000001,-0.6000000000000001,-1.6,-0.6000000000000001,0.3999999999999999,-0.6000000000000001,2.6,1.1135528725660042,,,,6.0,,,,7.75,9.0,,,,,-1.6106361214141214,,,,0.6178283651493949,1.9653505329406133,,7.583333333333333,3.0,0.32418092555862893,1.9653505329406133,1.0,0.0,0.0,0.0,0.0,0.0,0.0,0.0,0.0,0.0,0.0,0.0,0.0,0.0,0.0,0.0,1.0,7340120,1,khaosat,0,1.0
1.0,5.0,3.0,4.0,5.0,2.0,2.0,1.0,3.0,2.0,-1.7999999999999998,2.2,0.20000000000000018,1.2000000000000002,2.2,-0.7999999999999998,-0.7999999999999998,-1.7999999999999998,0.20000000000000018,-0.7999999999999998,2.8,1.4000000000000001,,,7.75,7.25,,,,6.75,,,,,0.3633258265302493,-0.13707265298698207,,,,-0.4652223323598006,,,7.25,1.0,-0.07965638627217779,0.3633258265302493,0.0,1.0,0.0,0.0,0.0,0.0,0.0,0.0,0.0,0.0,0.0,0.0,0.0,0.0,0.0,1.0,1.0,7510203,5,khaosat,0,1.0
5.0,3.0,5.0,5.0,5.0,5.0,5.0,5.0,5.0,5.0,0.20000000000000018,-1.7999999999999998,0.20000000000000018,0.20000000000000018,0.20000000000000018,0.20000000000000018,0.20000000000000018,0.20000000000000018,0.20000000000000018,0.20000000000000018,4.8,0.6,,,6.0,10.0,,,,10.0,,,,,-1.3250832601516718,3.1047669775527242,,,,3.0546924345450845,,,8.666666666666666,4.0,1.6114587173153792,3.1047669775527242,0.0,1.0,0.0,0.0,0.0,0.0,0.0,0.0,0.0,0.0,0.0,0.0,0.0,0.0,0.0,1.0,1.0,7510301,5,khaosat,0,1.0
1.0,5.0,4.0,5.0,5.0,1.0,1.0,1.0,2.0,1.0,-1.6,2.4,1.4,2.4,2.4,-1.6,-1.6,-1.6,-0.6000000000000001,-1.6,2.6,1.8000000000000003,,,,7.0,,,,7.0,7.75,,,,,-0.4317853466724099,,,,-0.19445965798250175,0.4351086915050761,,7.25,0.75,-0.06371210438327855,0.4351086915050761,1.0,0.0,0.0,0.0,0.0,0.0,0.0,0.0,0.0,0.0,0.0,0.0,0.0,0.0,0.0,1.0,1.0,7480107,0,khaosat,1,1.0
4.0,2.0,2.0,5.0,4.0,1.0,1.0,1.0,4.0,2.0,1.4,-0.6000000000000001,-0.6000000000000001,2.4,1.4,-1.6,-1.6,-1.6,1.4,-0.6000000000000001,2.6,1.42828568570857,8.0,,8.25,7.5,,,,,,,0.936090275727828,,0.845728422725084,0.15764004069844578,,,,,,,7.916666666666667,0.75,0.6464862463837858,0.936090275727828,0.0,0.0,0.0,0.0,0.0,0.0,0.0,0.0,1.0,0.0,0.0,0.0,0.0,0.0,0.0,0.0,1.0,7380101,8,khaosat,1,1.0
2.0,4.0,4.0,5.0,4.0,3.0,3.0,3.0,3.0,3.0,-1.4,0.6000000000000001,0.6000000000000001,1.6,0.6000000000000001,-0.3999999999999999,-0.3999999999999999,-0.3999999999999999,-0.3999999999999999,-0.3999999999999999,3.4,0.8,,,5.0,8.0,,,,7.0,,,,,-2.289888452541341,0.7470654280693014,,,,-0.19445965798250175,,,6.666666666666667,3.0,-0.5790942274848472,0.7470654280693014,0.0,1.0,0.0,0.0,0.0,0.0,0.0,0.0,0.0,0.0,0.0,0.0,0.0,0.0,0.0,1.0,3.0,7510203,5,khaosat,0,1.0
5.0,4.0,3.0,5.0,5.0,5.0,5.0,5.0,4.0,4.0,0.5,-0.5,-1.5,0.5,0.5,0.5,0.5,0.5,-0.5,-0.5,4.5,0.6708203932499369,,,,7.0,,,,6.0,8.0,,,,,-0.4317853466724099,,,,-1.2775103554916973,0.7411570597921835,,7.0,2.0,-0.32271288079064125,0.7411570597921835,1.0,0.0,0.0,0.0,0.0,0.0,0.0,0.0,0.0,0.0,0.0,0.0,0.0,0.0,0.0,1.0,1.0,7810101,4,khaosat,1,1.0
3.0,3.0,5.0,5.0,3.0,2.0,1.0,2.0,1.0,1.0,0.3999999999999999,0.3999999999999999,2.4,2.4,0.3999999999999999,-0.6000000000000001,-1.6,-0.6000000000000001,-1.6,-1.6,2.6,1.42828568570857,,,6.0,5.5,,9.0,,,,,,,-1.3250832601516718,-2.200061508784977,,0.5043174837361026,,,,,6.833333333333333,3.5,-1.006942428400182,0.5043174837361026,0.0,0.0,0.0,0.0,0.0,0.0,0.0,0.0,0.0,0.0,0.0,0.0,0.0,0.0,1.0,1.0,3.0,7480107,0,khaosat,1,1.0
1.0,5.0,3.0,5.0,3.0,1.0,2.0,1.0,3.0,2.0,-1.6,2.4,0.3999999999999999,2.4,0.3999999999999999,-1.6,-0.6000000000000001,-1.6,0.3999999999999999,-0.6000000000000001,2.6,1.42828568570857,,,,7.25,,,,9.0,6.5,,,,,-0.13707265298698207,,,,1.9716417370358892,-1.0951331499304613,,7.583333333333333,2.5,0.24647864470614858,1.9716417370358892,1.0,0.0,0.0,0.0,0.0,0.0,0.0,0.0,0.0,0.0,0.0,0.0,0.0,0.0,0.0,0.0,4.0,7510203,5,khaosat,0,1.0
2.0,3.0,3.0,2.0,3.0,2.0,3.0,2.0,2.0,2.0,-0.3999999999999999,0.6000000000000001,0.6000000000000001,-0.3999999999999999,0.6000000000000001,-0.3999999999999999,0.6000000000000001,-0.3999999999999999,-0.3999999999999999,-0.3999999999999999,2.4,0.48989794855663565,,,6.0,7.0,,,,,7.0,,,,-1.3250832601516718,-0.4317853466724099,,,,,-0.4830364133562463,,6.666666666666667,1.0,-0.746635006726776,-0.4317853466724099,0.0,0.0,0.0,0.0,0.0,0.0,0.0,0.0,0.0,1.0,0.0,0.0,0.0,0.0,0.0,0.0,1.0,7380101,8,khaosat,1,1.0
2.0,3.0,2.0,3.0,3.0,4.0,2.0,4.0,3.0,2.0,-0.7999999999999998,0.20000000000000018,-0.7999999999999998,0.20000000000000018,0.20000000000000018,1.2000000000000002,-0.7999999999999998,1.2000000000000002,0.20000000000000018,-0.7999999999999998,2.8,0.7483314773547882,9.25,,6.0,9.0,,,,,,,2.0589867353636278,,-1.3250832601516718,1.9259162028110128,,,,,,,8.083333333333334,3.25,0.8866065593409896,2.0589867353636278,0.0,0.0,0.0,0.0,0.0,0.0,0.0,0.0,1.0,0.0,0.0,0.0,0.0,0.0,0.0,1.0,1.0,7819010,4,khaosat,0,1.0
2.0,5.0,5.0,4.0,5.0,2.0,2.0,1.0,1.0,2.0,-0.8999999999999999,2.1,2.1,1.1,2.1,-0.8999999999999999,-0.8999999999999999,-1.9,-1.9,-0.8999999999999999,2.9,1.5779733838059498,,,,6.25,,,,9.25,8.25,,,,,-1.3159234277286935,,,,2.242404411413188,1.047205428079291,,7.916666666666667,3.0,0.6578954705879285,2.242404411413188,1.0,0.0,0.0,0.0,0.0,0.0,0.0,0.0,0.0,0.0,0.0,0.0,0.0,0.0,0.0,0.0,1.0,7510303,5,khaosat,0,1.0
3.0,2.0,4.0,3.0,2.0,1.0,2.0,3.0,2.0,4.0,0.3999999999999999,-0.6000000000000001,1.4,0.3999999999999999,-0.6000000000000001,-1.6,-0.6000000000000001,0.3999999999999999,-0.6000000000000001,1.4,2.6,0.9165151389911681,,,8.75,8.5,,,,6.5,,,,,1.3281310189199185,1.3364908154401571,,,,-0.7359850067370995,,,7.916666666666667,2.25,0.642878942540992,1.3364908154401571,0.0,1.0,0.0,0.0,0.0,0.0,0.0,0.0,0.0,0.0,0.0,0.0,0.0,0.0,0.0,0.0,1.0,7540204,6,khaosat,0,1.0
2.0,2.0,3.0,4.0,5.0,4.0,3.0,4.0,2.0,1.0,-1.0,-1.0,0.0,1.0,2.0,1.0,0.0,1.0,-1.0,-2.0,3.0,1.1832159566199232,,,,6.5,,,,6.25,5.0,,,,,-1.0212107340432657,,,,-1.0067476811143983,-2.931423359653106,,5.916666666666667,1.5,-1.6531272582702565,-1.0067476811143983,1.0,0.0,0.0,0.0,0.0,0.0,0.0,0.0,0.0,0.0,0.0,0.0,0.0,0.0,0.0,0.0,1.0,7540101,7,khaosat,0,1.0
2.0,1.0,3.0,1.0,2.0,3.0,4.0,1.0,5.0,2.0,-0.3999999999999999,-1.4,0.6000000000000001,-1.4,-0.3999999999999999,0.6000000000000001,1.6,-1.4,2.6,-0.3999999999999999,2.4,1.2806248474865698,6.0,,,5.5,,,7.75,,,,-0.8605440596894514,,,-2.200061508784977,,,0.2822667727662001,,,,6.416666666666667,2.25,-0.9261129319027427,0.2822667727662001,0.0,0.0,0.0,0.0,0.0,0.0,0.0,1.0,0.0,0.0,0.0,0.0,0.0,0.0,0.0,0.0,1.0,7220204,8,khaosat,0,1.0
4.0,2.0,3.0,3.0,2.0,1.0,2.0,2.0,3.0,2.0,1.6,-0.3999999999999999,0.6000000000000001,0.6000000000000001,-0.3999999999999999,-1.4,-0.3999999999999999,-0.3999999999999999,0.6000000000000001,-0.3999999999999999,2.4,0.8000000000000002,,,8.0,8.25,,,,9.25,,,,,0.6045271246276667,1.0417781217547293,,,,2.242404411413188,,,8.5,1.25,1.296236552598528,2.242404411413188,0.0,1.0,0.0,0.0,0.0,0.0,0.0,0.0,0.0,0.0,0.0,0.0,0.0,0.0,0.0,0.0,1.0,7340201,2,khaosat,0,1.0
3.0,2.0,3.0,3.0,3.0,4.0,2.0,2.0,3.0,1.0,0.3999999999999999,-0.6000000000000001,0.3999999999999999,0.3999999999999999,0.3999999999999999,1.4,-0.6000000000000001,-0.6000000000000001,0.3999999999999999,-1.6,2.6,0.8,,,,7.5,,,,,5.5,5.5,,,,0.15764004069844578,,,,,-2.319326623078891,-1.6799533338098154,6.166666666666667,2.0,-1.2805466387300868,0.15764004069844578,0.0,0.0,1.0,0.0,0.0,0.0,0.0,0.0,0.0,0.0,0.0,0.0,0.0,0.0,0.0,1.0,1.0,7510402,6,khaosat,0,1.0
3.0,2.0,3.0,3.0,3.0,4.0,2.0,3.0,3.0,1.0,0.2999999999999998,-0.7000000000000002,0.2999999999999998,0.2999999999999998,0.2999999999999998,1.2999999999999998,-0.7000000000000002,0.2999999999999998,0.2999999999999998,-1.7000000000000002,2.7,0.7810249675906654,,,5.0,7.25,,,,7.0,,,,,-2.289888452541341,-0.13707265298698207,,,,-0.19445965798250175,,,6.416666666666667,2.25,-0.8738069211702749,-0.13707265298698207,0.0,1.0,0.0,0.0,0.0,0.0,0.0,0.0,0.0,0.0,0.0,0.0,0.0,0.0,0.0,1.0,1.0,7510401,6,khaosat,0,1.0
5.0,1.0,2.0,2.0,3.0,2.0,2.0,5.0,3.0,3.0,2.2,-1.7999999999999998,-0.7999999999999998,-0.7999999999999998,0.20000000000000018,-0.7999999999999998,-0.7999999999999998,2.2,0.20000000000000018,0.20000000000000018,2.8,1.2489995996796797,,,9.5,8.5,,,,5.75,,,,,2.0517349132121705,1.3364908154401571,,,,-1.5482730298689962,,,7.916666666666667,3.75,0.6133175662611104,2.0517349132121705,0.0,1.0,0.0,0.0,0.0,0.0,0.0,0.0,0.0,0.0,0.0,0.0,0.0,0.0,0.0,0.0,4.0,7810201,4,khaosat,0,1.0
1.0,5.0,3.0,5.0,4.0,1.0,1.0,2.0,1.0,2.0,-1.5,2.5,0.5,2.5,1.5,-1.5,-1.5,-0.5,-1.5,-0.5,2.5,1.5652475842498528,,,9.5,5.5,,,,,6.0,,,,2.0517349132121705,-2.200061508784977,,,,,-1.7072298865046762,,7.0,4.0,-0.618518827359161,2.0517349132121705,0.0,0.0,0.0,0.0,0.0,0.0,0.0,0.0,0.0,1.0,0.0,0.0,0.0,0.0,0.0,0.0,3.0,7480201,0,khaosat,0,1.0
3.0,2.0,3.0,3.0,3.0,4.0,2.0,5.0,2.0,1.0,0.20000000000000018,-0.7999999999999998,0.20000000000000018,0.20000000000000018,0.20000000000000018,1.2000000000000002,-0.7999999999999998,2.2,-0.7999999999999998,-1.7999999999999998,2.8,1.0770329614269007,,,,5.0,,,,8.0,8.25,,,,,-2.789486896155833,,,,0.8885910395266937,1.047205428079291,,7.083333333333333,3.25,-0.28456347618328265,1.047205428079291,1.0,0.0,0.0,0.0,0.0,0.0,0.0,0.0,0.0,0.0,0.0,0.0,0.0,0.0,0.0,0.0,1.0,7540105,7,khaosat,0,1.0
4.0,3.0,3.0,5.0,2.0,1.0,2.0,2.0,4.0,2.0,1.2000000000000002,0.20000000000000018,0.20000000000000018,2.2,-0.7999999999999998,-1.7999999999999998,-0.7999999999999998,-0.7999999999999998,1.2000000000000002,-0.7999999999999998,2.8,1.1661903789690602,,,,8.75,,,,8.75,6.5,,,,,1.631203509125585,,,,1.7008790626585903,-1.0951331499304613,,8.0,2.25,0.7456498072845713,1.7008790626585903,1.0,0.0,0.0,0.0,0.0,0.0,0.0,0.0,0.0,0.0,0.0,0.0,0.0,0.0,0.0,1.0,1.0,7340101,1,khaosat,0,1.0
3.0,4.0,4.0,5.0,5.0,2.0,2.0,1.0,2.0,2.0,0.0,1.0,1.0,2.0,2.0,-1.0,-1.0,-2.0,-1.0,-1.0,3.0,1.3416407864998738,,,7.5,5.75,,,,9.0,,,,,0.12212452843283203,-1.9053488150995492,,,,1.9716417370358892,,,7.416666666666667,3.25,0.06280581678972401,1.9716417370358892,0.0,1.0,0.0,0.0,0.0,0.0,0.0,0.0,0.0,0.0,0.0,0.0,0.0,0.0,0.0,0.0,2.0,7460108,0,khaosat,0,1.0
5.0,1.0,3.0,4.0,3.0,2.0,1.0,2.0,4.0,3.0,2.2,-1.7999999999999998,0.20000000000000018,1.2000000000000002,0.20000000000000018,-0.7999999999999998,-1.7999999999999998,-0.7999999999999998,1.2000000000000002,0.20000000000000018,2.8,1.2489995996796797,,,8.25,8.5,,,,,8.5,,,,0.845728422725084,1.3364908154401571,,,,,1.3532537963663984,,8.416666666666666,0.25,1.1784910115105465,1.3532537963663984,0.0,0.0,0.0,0.0,0.0,0.0,0.0,0.0,0.0,1.0,0.0,0.0,0.0,0.0,0.0,0.0,1.0,7340115,1,khaosat,0,1.0
3.0,2.0,3.0,3.0,4.0,5.0,2.0,5.0,2.0,2.0,-0.10000000000000009,-1.1,-0.10000000000000009,-0.10000000000000009,0.8999999999999999,1.9,-1.1,1.9,-1.1,-1.1,3.1,1.1357816691600549,,,,9.25,,,,,5.75,8.0,,,,2.2206288964964407,,,,,-2.013278254791784,1.021458749332555,7.666666666666667,3.5,0.4096031303457373,2.2206288964964407,0.0,0.0,1.0,0.0,0.0,0.0,0.0,0.0,0.0,0.0,0.0,0.0,0.0,0.0,0.0,1.0,1.0,7540105,7,khaosat,0,1.0
3.0,3.0,2.0,3.0,3.0,3.0,3.0,5.0,2.0,2.0,0.10000000000000009,0.10000000000000009,-0.8999999999999999,0.10000000000000009,0.10000000000000009,0.10000000000000009,0.10000000000000009,2.1,-0.8999999999999999,-0.8999999999999999,2.9,0.8306623862918074,,,,8.0,,,,6.75,8.75,,,,,0.7470654280693014,,,,-0.4652223323598006,1.659302164653506,,7.833333333333333,2.0,0.6470484201210023,1.659302164653506,1.0,0.0,0.0,0.0,0.0,0.0,0.0,0.0,0.0,0.0,0.0,0.0,0.0,0.0,0.0,1.0,3.0,7540106,7,khaosat,0,1.0
1.0,5.0,5.0,5.0,4.0,2.0,2.0,1.0,2.0,1.0,-1.7999999999999998,2.2,2.2,2.2,1.2000000000000002,-0.7999999999999998,-0.7999999999999998,-1.7999999999999998,-0.7999999999999998,-1.7999999999999998,2.8,1.661324772583615,,,5.25,9.5,,6.25,,,,,,,-2.0486871544439236,2.5153415901818685,,-1.168735755959856,,,,,7.0,4.25,-0.23402710674063698,2.5153415901818685,0.0,0.0,0.0,0.0,0.0,0.0,0.0,0.0,0.0,0.0,0.0,0.0,0.0,0.0,1.0,1.0,1.0,7480202,0,khaosat,0,1.0
2.0,2.0,2.0,3.0,4.0,4.0,3.0,3.0,3.0,1.0,-0.7000000000000002,-0.7000000000000002,-0.7000000000000002,0.2999999999999998,1.2999999999999998,1.2999999999999998,0.2999999999999998,0.2999999999999998,0.2999999999999998,-1.7000000000000002,2.7,0.9,,,,5.25,,,,8.5,5.25,,,,,-2.494774202470405,,,,1.4301163882812915,-2.6253749913659985,,6.333333333333333,3.25,-1.2300109351850372,1.4301163882812915,1.0,0.0,0.0,0.0,0.0,0.0,0.0,0.0,0.0,0.0,0.0,0.0,0.0,0.0,0.0,1.0,1.0,7510402,6,khaosat,0,1.0
3.0,3.0,2.0,3.0,4.0,3.0,4.0,3.0,3.0,2.0,0.0,0.0,-1.0,0.0,1.0,0.0,1.0,0.0,0.0,-1.0,3.0,0.6324555320336759,6.5,,7.75,9.5,,,,,,,-0.4113854758351315,,0.3633258265302493,2.5153415901818685,,,,,,,7.916666666666667,3.0,0.8224273136256621,2.5153415901818685,0.0,0.0,0.0,0.0,0.0,0.0,0.0,0.0,1.0,0.0,0.0,0.0,0.0,0.0,0.0,0.0,1.0,7850101,7,khaosat,0,1.0
4.0,3.0,4.0,5.0,3.0,1.0,2.0,2.0,2.0,3.0,1.1,0.10000000000000009,1.1,2.1,0.10000000000000009,-1.9,-0.8999999999999999,-0.8999999999999999,-0.8999999999999999,0.10000000000000009,2.9,1.1357816691600549,7.75,,8.25,8.5,,,,,,,0.7115109838006681,,0.845728422725084,1.3364908154401571,,,,,,,8.166666666666666,0.75,0.9645767406553031,1.3364908154401571,0.0,0.0,0.0,0.0,0.0,0.0,0.0,0.0,1.0,0.0,0.0,0.0,0.0,0.0,0.0,1.0,1.0,7340205,2,khaosat,0,1.0
1.0,4.0,4.0,4.0,4.0,2.0,2.0,1.0,2.0,2.0,-1.6,1.4,1.4,1.4,1.4,-0.6000000000000001,-0.6000000000000001,-1.6,-0.6000000000000001,-0.6000000000000001,2.6,1.2,,,,6.25,,,,7.5,8.5,,,,,-1.3159234277286935,,,,0.347065690772096,1.3532537963663984,,7.416666666666667,2.25,0.12813201980326694,1.3532537963663984,1.0,0.0,0.0,0.0,0.0,0.0,0.0,0.0,0.0,0.0,0.0,0.0,0.0,0.0,0.0,0.0,1.0,7480202,0,khaosat,0,1.0
2.0,2.0,5.0,2.0,2.0,2.0,2.0,2.0,2.0,5.0,-0.6000000000000001,-0.6000000000000001,2.4,-0.6000000000000001,-0.6000000000000001,-0.6000000000000001,-0.6000000000000001,-0.6000000000000001,-0.6000000000000001,2.4,2.6,1.2,8.5,,5.25,5.5,,,,,,,1.385248859582148,,-2.0486871544439236,-2.200061508784977,,,,,,,6.416666666666667,3.25,-0.9544999345489176,1.385248859582148,0.0,0.0,0.0,0.0,0.0,0.0,0.0,0.0,1.0,0.0,0.0,0.0,0.0,0.0,0.0,0.0,1.0,7540204,6,khaosat,0,1.0
2.0,4.0,5.0,5.0,4.0,1.0,1.0,2.0,3.0,2.0,-0.8999999999999999,1.1,2.1,2.1,1.1,-1.9,-1.9,-0.8999999999999999,0.10000000000000009,-0.8999999999999999,2.9,1.445683229480096,,,,8.0,,,,7.75,5.75,,,,,0.7470654280693014,,,,0.6178283651493949,-2.013278254791784,,7.166666666666667,2.25,-0.2161281538576958,0.7470654280693014,1.0,0.0,0.0,0.0,0.0,0.0,0.0,0.0,0.0,0.0,0.0,0.0,0.0,0.0,0.0,0.0,1.0,7510301,5,khaosat,0,1.0
1.0,5.0,3.0,4.0,3.0,1.0,1.0,1.0,2.0,1.0,-1.2000000000000002,2.8,0.7999999999999998,1.7999999999999998,0.7999999999999998,-1.2000000000000002,-1.2000000000000002,-1.2000000000000002,-0.20000000000000018,-1.2000000000000002,2.2,1.4000000000000001,,,8.5,7.5,,,,,8.25,,,,1.0869297208225013,0.15764004069844578,,,,,1.047205428079291,,8.083333333333334,1.0,0.7639250632000794,1.0869297208225013,0.0,0.0,0.0,0.0,0.0,0.0,0.0,0.0,0.0,1.0,0.0,0.0,0.0,0.0,0.0,0.0,1.0,7510303,5,khaosat,0,1.0
2.0,2.0,3.0,3.0,4.0,5.0,2.0,5.0,3.0,1.0,-1.0,-1.0,0.0,0.0,1.0,2.0,-1.0,2.0,0.0,-2.0,3.0,1.2649110640673518,,,,9.5,,,,,6.5,9.5,,,,2.5153415901818685,,,,,-1.0951331499304613,2.6423059992179776,8.5,3.0,1.3541714798231281,2.6423059992179776,0.0,0.0,1.0,0.0,0.0,0.0,0.0,0.0,0.0,0.0,0.0,0.0,0.0,0.0,0.0,1.0,1.0,7819009,4,khaosat,0,1.0
1.0,4.0,4.0,5.0,4.0,1.0,2.0,2.0,2.0,1.0,-1.6,1.4,1.4,2.4,1.4,-1.6,-0.6000000000000001,-0.6000000000000001,-0.6000000000000001,-1.6,2.6,1.42828568570857,6.25,,,9.5,,,,8.5,,,-0.6359647677622915,,,2.5153415901818685,,,,1.4301163882812915,,,8.083333333333334,3.25,1.103164403566956,2.5153415901818685,0.0,0.0,0.0,0.0,0.0,1.0,0.0,0.0,0.0,0.0,0.0,0.0,0.0,0.0,0.0,0.0,1.0,7510303,5,khaosat,0,1.0
4.0,2.0,3.0,2.0,3.0,2.0,2.0,4.0,3.0,2.0,1.2999999999999998,-0.7000000000000002,0.2999999999999998,-0.7000000000000002,0.2999999999999998,-0.7000000000000002,-0.7000000000000002,1.2999999999999998,0.2999999999999998,-0.7000000000000002,2.7,0.7810249675906654,,,7.75,8.0,,,,5.25,,,,,0.3633258265302493,0.7470654280693014,,,,-2.089798378623594,,,7.0,2.75,-0.32646904134134774,0.7470654280693014,0.0,1.0,0.0,0.0,0.0,0.0,0.0,0.0,0.0,0.0,0.0,0.0,0.0,0.0,0.0,1.0,1.0,7810101,4,khaosat,1,1.0
2.0,3.0,2.0,3.0,3.0,5.0,3.0,4.0,2.0,2.0,-0.8999999999999999,0.10000000000000009,-0.8999999999999999,0.10000000000000009,0.10000000000000009,2.1,0.10000000000000009,1.1,-0.8999999999999999,-0.8999999999999999,2.9,0.9433981132056604,,,,8.25,,,,,7.25,5.75,,,,1.0417781217547293,,,,,-0.17698804506913884,-1.4098121254955782,7.083333333333333,2.5,-0.1816740162699959,1.0417781217547293,0.0,0.0,1.0,0.0,0.0,0.0,0.0,0.0,0.0,0.0,0.0,0.0,0.0,0.0,0.0,0.0,1.0,7819010,4,khaosat,0,1.0
4.0,2.0,3.0,5.0,2.0,2.0,1.0,1.0,2.0,2.0,1.6,-0.3999999999999999,0.6000000000000001,2.6,-0.3999999999999999,-0.3999999999999999,-1.4,-1.4,-0.3999999999999999,-0.3999999999999999,2.4,1.2,,,,5.75,,,,9.25,8.0,,,,,-1.9053488150995492,,,,2.242404411413188,0.7411570597921835,,7.666666666666667,3.5,0.3594042187019408,2.242404411413188,1.0,0.0,0.0,0.0,0.0,0.0,0.0,0.0,0.0,0.0,0.0,0.0,0.0,0.0,0.0,1.0,1.0,7340101,1,khaosat,0,1.0
4.0,2.0,3.0,3.0,2.0,1.0,2.0,1.0,2.0,2.0,1.7999999999999998,-0.20000000000000018,0.7999999999999998,0.7999999999999998,-0.20000000000000018,-1.2000000000000002,-0.20000000000000018,-1.2000000000000002,-0.20000000000000018,-0.20000000000000018,2.2,0.8717797887081347,,,,5.25,,,,9.25,5.75,,,,,-2.494774202470405,,,,2.242404411413188,-2.013278254791784,,6.75,4.0,-0.7552160152830002,2.242404411413188,1.0,0.0,0.0,0.0,0.0,0.0,0.0,0.0,0.0,0.0,0.0,0.0,0.0,0.0,0.0,0.0,1.0,7340122,1,khaosat,0,1.0
4.0,2.0,4.0,3.0,2.0,2.0,3.0,3.0,3.0,4.0,1.0,-1.0,1.0,0.0,-1.0,-1.0,0.0,0.0,0.0,1.0,3.0,0.7745966692414834,,,,9.0,,,,7.75,8.75,,,,,1.9259162028110128,,,,0.6178283651493949,1.659302164653506,,8.5,1.25,1.4010155775379713,1.9259162028110128,1.0,0.0,0.0,0.0,0.0,0.0,0.0,0.0,0.0,0.0,0.0,0.0,0.0,0.0,0.0,0.0,1.0,7340201,2,khaosat,0,1.0
4.0,3.0,4.0,4.0,4.0,2.0,2.0,1.0,1.0,1.0,1.4,0.3999999999999999,1.4,1.4,1.4,-0.6000000000000001,-0.6000000000000001,-1.6,-1.6,-1.6,2.6,1.2806248474865698,,,8.0,7.5,,,,,5.0,,,,0.6045271246276667,0.15764004069844578,,,,,-2.931423359653106,,6.833333333333333,3.0,-0.7230853981089979,0.6045271246276667,0.0,0.0,0.0,0.0,0.0,0.0,0.0,0.0,0.0,1.0,0.0,0.0,0.0,0.0,0.0,0.0,1.0,7510202,5,khaosat,0,1.0
5.0,1.0,3.0,3.0,3.0,2.0,2.0,2.0,4.0,2.0,2.3,-1.7000000000000002,0.2999999999999998,0.2999999999999998,0.2999999999999998,-0.7000000000000002,-0.7000000000000002,-0.7000000000000002,1.2999999999999998,-0.7000000000000002,2.7,1.1,9.5,,7.0,5.75,,,,,,,2.283566027290788,,-0.3602780677620026,-1.9053488150995492,,,,,,,7.416666666666667,3.75,0.005979714809745351,2.283566027290788,0.0,0.0,0.0,0.0,0.0,0.0,0.0,0.0,1.0,0.0,0.0,0.0,0.0,0.0,0.0,0.0,1.0,7340115,1,khaosat,0,1.0
2.0,3.0,2.0,5.0,4.0,5.0,2.0,3.0,3.0,1.0,-1.0,0.0,-1.0,2.0,1.0,2.0,-1.0,0.0,0.0,-2.0,3.0,1.2649110640673518,,,9.0,6.0,,,,8.75,,,,,1.5693323170173359,-1.6106361214141214,,,,1.7008790626585903,,,7.916666666666667,3.0,0.553191752753935,1.7008790626585903,0.0,1.0,0.0,0.0,0.0,0.0,0.0,0.0,0.0,0.0,0.0,0.0,0.0,0.0,0.0,1.0,1.0,7510401,6,khaosat,0,1.0
2.0,2.0,3.0,3.0,4.0,5.0,2.0,4.0,2.0,1.0,-0.7999999999999998,-0.7999999999999998,0.20000000000000018,0.20000000000000018,1.2000000000000002,2.2,-0.7999999999999998,1.2000000000000002,-0.7999999999999998,-1.7999999999999998,2.8,1.1661903789690602,,,8.5,6.0,,,,6.75,,,,,1.0869297208225013,-1.6106361214141214,,,,-0.4652223323598006,,,7.083333333333333,2.5,-0.3296429109838069,1.0869297208225013,0.0,1.0,0.0,0.0,0.0,0.0,0.0,0.0,0.0,0.0,0.0,0.0,0.0,0.0,0.0,1.0,1.0,7340129,7,khaosat,0,1.0
3.0,2.0,2.0,4.0,3.0,3.0,3.0,4.0,3.0,1.0,0.20000000000000018,-0.7999999999999998,-0.7999999999999998,1.2000000000000002,0.20000000000000018,0.20000000000000018,0.20000000000000018,1.2000000000000002,0.20000000000000018,-1.7999999999999998,2.8,0.8717797887081347,,,7.25,7.25,,,,,5.5,,,,-0.11907676966458527,-0.13707265298698207,,,,,-2.319326623078891,,6.666666666666667,1.75,-0.8584920152434861,-0.11907676966458527,0.0,0.0,0.0,0.0,0.0,0.0,0.0,0.0,0.0,1.0,0.0,0.0,0.0,0.0,0.0,0.0,1.0,7819009,4,khaosat,0,1.0
5.0,2.0,3.0,4.0,3.0,1.0,2.0,2.0,2.0,2.0,2.4,-0.6000000000000001,0.3999999999999999,1.4,0.3999999999999999,-1.6,-0.6000000000000001,-0.6000000000000001,-0.6000000000000001,-0.6000000000000001,2.6,1.1135528725660042,7.75,,8.75,8.5,,,,,,,0.7115109838006681,,1.3281310189199185,1.3364908154401571,,,,,,,8.333333333333334,1.0,1.1253776060535812,1.3364908154401571,0.0,0.0,0.0,0.0,0.0,0.0,0.0,0.0,1.0,0.0,0.0,0.0,0.0,0.0,0.0,0.0,4.0,7340101,1,khaosat,0,1.0
2.0,3.0,3.0,3.0,5.0,4.0,3.0,5.0,2.0,2.0,-1.2000000000000002,-0.20000000000000018,-0.20000000000000018,-0.20000000000000018,1.7999999999999998,0.7999999999999998,-0.20000000000000018,1.7999999999999998,-1.2000000000000002,-1.2000000000000002,3.2,1.077032961426901,,,6.75,5.75,,,,,5.0,,,,-0.6014793658594199,-1.9053488150995492,,,,,-2.931423359653106,,5.833333333333333,1.75,-1.8127505135373585,-0.6014793658594199,0.0,0.0,0.0,0.0,0.0,0.0,0.0,0.0,0.0,1.0,0.0,0.0,0.0,0.0,0.0,1.0,1.0,7540106,7,khaosat,0,1.0
4.0,2.0,3.0,3.0,2.0,2.0,1.0,1.0,3.0,2.0,1.7000000000000002,-0.2999999999999998,0.7000000000000002,0.7000000000000002,-0.2999999999999998,-0.2999999999999998,-1.2999999999999998,-1.2999999999999998,0.7000000000000002,-0.2999999999999998,2.3,0.9,,,,5.5,,,,8.0,8.0,,,,,-2.200061508784977,,,,0.8885910395266937,0.7411570597921835,,7.166666666666667,2.5,-0.19010446982203325,0.8885910395266937,1.0,0.0,0.0,0.0,0.0,0.0,0.0,0.0,0.0,0.0,0.0,0.0,0.0,0.0,0.0,1.0,3.0,7510601,3,khaosat,1,1.0
5.0,1.0,3.0,3.0,2.0,2.0,1.0,2.0,3.0,3.0,2.5,-1.5,0.5,0.5,-0.5,-0.5,-1.5,-0.5,0.5,0.5,2.5,1.118033988749895,,,,8.0,,,,8.5,7.0,,,,,0.7470654280693014,,,,1.4301163882812915,-0.4830364133562463,,7.833333333333333,1.5,0.5647151343314488,1.4301163882812915,1.0,0.0,0.0,0.0,0.0,0.0,0.0,0.0,0.0,0.0,0.0,0.0,0.0,0.0,0.0,0.0,1.0,7340301,2,khaosat,0,1.0
4.0,1.0,5.0,2.0,4.0,1.0,1.0,2.0,3.0,2.0,1.5,-1.5,2.5,-0.5,1.5,-1.5,-1.5,-0.5,0.5,-0.5,2.5,1.3601470508735443,5.0,,7.5,,,,5.25,,,,-1.758861227398091,,0.12212452843283203,,,,-2.3306561237471124,,,,5.916666666666667,2.5,-1.322464274237457,0.12212452843283203,0.0,0.0,0.0,0.0,0.0,0.0,0.0,0.0,0.0,0.0,0.0,1.0,0.0,0.0,0.0,1.0,1.0,7220204,8,khaosat,0,1.0
1.0,4.0,4.0,5.0,5.0,1.0,1.0,1.0,3.0,2.0,-1.7000000000000002,1.2999999999999998,1.2999999999999998,2.3,2.3,-1.7000000000000002,-1.7000000000000002,-1.7000000000000002,0.2999999999999998,-0.7000000000000002,2.7,1.6155494421403513,6.0,,5.75,5.75,,,,,,,-0.8605440596894514,,-1.5662845582490892,-1.9053488150995492,,,,,,,5.833333333333333,0.25,-1.4440591443460302,-0.8605440596894514,0.0,0.0,0.0,0.0,0.0,0.0,0.0,0.0,1.0,0.0,0.0,0.0,0.0,0.0,0.0,0.0,1.0,7480107,0,khaosat,1,1.0
5.0,2.0,4.0,4.0,2.0,2.0,2.0,1.0,4.0,2.0,2.2,-0.7999999999999998,1.2000000000000002,1.2000000000000002,-0.7999999999999998,-0.7999999999999998,-0.7999999999999998,-1.7999999999999998,1.2000000000000002,-0.7999999999999998,2.8,1.2489995996796797,,,5.5,5.0,,,,,8.75,,,,-1.8074858563465064,-2.789486896155833,,,,,1.659302164653506,,6.416666666666667,3.75,-0.9792235292829442,1.659302164653506,0.0,0.0,0.0,0.0,0.0,0.0,0.0,0.0,0.0,1.0,0.0,0.0,0.0,0.0,0.0,0.0,1.0,7340101,1,khaosat,0,1.0
2.0,5.0,3.0,5.0,5.0,1.0,1.0,2.0,3.0,1.0,-0.7999999999999998,2.2,0.20000000000000018,2.2,2.2,-1.7999999999999998,-1.7999999999999998,-0.7999999999999998,0.20000000000000018,-1.7999999999999998,2.8,1.5999999999999999,,,7.25,9.5,,9.25,,,,,,,-0.11907676966458527,2.5153415901818685,,0.6564132327993716,,,,,8.666666666666666,2.25,1.0175593511055516,2.5153415901818685,0.0,0.0,0.0,0.0,0.0,0.0,0.0,0.0,0.0,0.0,0.0,0.0,0.0,0.0,1.0,1.0,1.0,7480107,0,khaosat,1,1.0
5.0,2.0,4.0,3.0,4.0,1.0,2.0,1.0,2.0,4.0,2.2,-0.7999999999999998,1.2000000000000002,0.20000000000000018,1.2000000000000002,-1.7999999999999998,-0.7999999999999998,-1.7999999999999998,-0.7999999999999998,1.2000000000000002,2.8,1.32664991614216,5.75,,7.5,,,,8.0,,,,-1.0851233516166114,,0.12212452843283203,,,,0.5435590624175314,,,,7.083333333333333,2.25,-0.13981325358874933,0.5435590624175314,0.0,0.0,0.0,0.0,0.0,0.0,0.0,0.0,0.0,0.0,0.0,1.0,0.0,0.0,0.0,1.0,1.0,7220201,8,khaosat,0,1.0
4.0,3.0,5.0,4.0,2.0,1.0,2.0,1.0,3.0,3.0,1.2000000000000002,0.20000000000000018,2.2,1.2000000000000002,-0.7999999999999998,-1.7999999999999998,-0.7999999999999998,-1.7999999999999998,0.20000000000000018,0.20000000000000018,2.8,1.2489995996796797,,,8.0,7.75,,,,,5.5,,,,0.6045271246276667,0.45235273438387363,,,,,-2.319326623078891,,7.083333333333333,2.5,-0.4208155880224502,0.6045271246276667,0.0,0.0,0.0,0.0,0.0,0.0,0.0,0.0,0.0,1.0,0.0,0.0,0.0,0.0,0.0,1.0,1.0,7340115,1,khaosat,0,1.0
5.0,1.0,4.0,4.0,2.0,1.0,1.0,1.0,2.0,2.0,2.7,-1.2999999999999998,1.7000000000000002,1.7000000000000002,-0.2999999999999998,-1.2999999999999998,-1.2999999999999998,-1.2999999999999998,-0.2999999999999998,-0.2999999999999998,2.3,1.4177446878757822,9.5,,6.5,9.5,,,,,,,2.283566027290788,,-0.8426806639568372,2.5153415901818685,,,,,,,8.5,3.0,1.3187423178386064,2.5153415901818685,0.0,0.0,0.0,0.0,0.0,0.0,0.0,0.0,1.0,0.0,0.0,0.0,0.0,0.0,0.0,0.0,1.0,7340205,2,khaosat,0,1.0
4.0,3.0,2.0,5.0,5.0,1.0,1.0,2.0,4.0,1.0,1.2000000000000002,0.20000000000000018,-0.7999999999999998,2.2,2.2,-1.7999999999999998,-1.7999999999999998,-0.7999999999999998,1.2000000000000002,-1.7999999999999998,2.8,1.5362291495737217,7.25,,8.75,8.25,,,,,,,0.26235239994634824,,1.3281310189199185,1.0417781217547293,,,,,,,8.083333333333334,1.5,0.8774205135403319,1.3281310189199185,0.0,0.0,0.0,0.0,0.0,0.0,0.0,0.0,1.0,0.0,0.0,0.0,0.0,0.0,0.0,1.0,1.0,7380101,8,khaosat,1,1.0
