to_hop_thi,diem_Van,diem_Dia,diem_Anh,diem_Toan,diem_Gdktpl,diem_Tin,diem_Su,diem_Ly,diem_Hoa,diem_Sinh,nguon,ma_nganh,j_nganh,ma_nhom,i_trong_nganh
D01,8.2,,6.4,7.5,,,,,,,ttth,7220201,0,8,0
D01,8.2,,6.2,7.5,,,,,,,ttth,7220201,0,8,1
D01,7.5,,8.4,8.8,,,,,,,ttth,7220201,0,8,2
D01,6.4,,8.2,7.75,,,,,,,ttth,7220201,0,8,3
A01,,,7.2,6.5,,,,7.8,,,ttth,7220201,0,8,4
D01,7.75,,8.4,7.6,,,,,,,ttth,7220201,0,8,5
D01,8.25,,8.0,7.2,,,,,,,ttth,7220201,0,8,6
D09,,,7.4,8.0,,,8.4,,,,ttth,7220201,0,8,7
D01,7.5,,8.8,7.0,,,,,,,ttth,7220201,0,8,8
D01,7.6,,7.6,8.0,,,,,,,ttth,7220201,0,8,9
D09,,,6.2,7.75,,,7.6,,,,ttth,7220201,0,8,10
D01,7.4,,8.6,7.0,,,,,,,ttth,7220201,0,8,11
D01,7.6,,6.2,8.75,,,,,,,ttth,7220201,0,8,12
D01,8.0,,7.2,8.25,,,,,,,ttth,7220201,0,8,13
D01,8.5,,8.0,7.6,,,,,,,ttth,7220201,0,8,14
D01,7.0,,6.8,7.5,,,,,,,ttth,7220201,0,8,15
A01,,,7.8,8.2,,,,7.25,,,ttth,7220201,0,8,16
D01,8.6,,7.0,7.5,,,,,,,ttth,7220201,0,8,17
D09,,,8.0,7.5,,,8.6,,,,ttth,7220201,0,8,18
D01,7.5,,8.2,8.0,,,,,,,ttth,7220201,0,8,19
D01,7.0,,7.4,7.75,,,,,,,ttth,7220201,0,8,20
D01,8.0,,6.4,7.25,,,,,,,ttth,7220201,0,8,21
D01,7.5,,8.6,7.4,,,,,,,ttth,7220201,0,8,22
D01,9.0,,6.2,7.0,,,,,,,ttth,7220201,0,8,23
D01,7.75,,9.0,7.2,,,,,,,ttth,7220201,0,8,24
D01,8.6,,7.4,7.75,,,,,,,ttth,7220201,0,8,25
D01,9.0,,7.2,7.5,,,,,,,ttth,7220201,0,8,26
D09,,,7.6,9.5,,,7.2,,,,ttth,7220201,0,8,27
A01,,,8.2,7.8,,,,7.25,,,ttth,7220201,0,8,28
A01,,,9.0,8.4,,,,6.75,,,ttth,7220201,0,8,29
D01,8.0,,7.4,8.0,,,,,,,ttth,7220201,0,8,30
D01,7.25,,7.2,8.4,,,,,,,ttth,7220201,0,8,31
D01,7.4,,7.0,7.25,,,,,,,ttth,7220201,0,8,32
D01,7.25,,9.0,8.0,,,,,,,ttth,7220201,0,8,33
D01,7.0,,9.6,7.6,,,,,,,ttth,7220201,0,8,34
D01,7.75,,8.2,8.2,,,,,,,ttth,7220201,0,8,35
D01,6.0,,8.8,8.2,,,,,,,ttth,7220201,0,8,36
A01,,,9.0,8.2,,,,7.75,,,ttth,7220201,0,8,37
D01,7.8,,7.4,7.5,,,,,,,ttth,7220201,0,8,38
A01,,,9.0,8.0,,,,7.5,,,ttth,7220201,0,8,39
D01,7.75,,7.4,7.6,,,,,,,ttth,7220201,0,8,40
D01,6.5,,8.8,8.0,,,,,,,ttth,7220201,0,8,41
D01,7.4,,7.6,6.75,,,,,,,ttth,7220201,0,8,42
D01,8.0,,8.8,7.0,,,,,,,ttth,7220201,0,8,43
D01,7.75,,8.6,8.0,,,,,,,ttth,7220201,0,8,44
A01,,,8.8,8.4,,,,6.75,,,ttth,7220201,0,8,45
D09,,,7.6,7.5,,,7.8,,,,ttth,7220201,0,8,46
D01,8.4,,7.0,7.25,,,,,,,ttth,7220201,0,8,47
D01,7.25,,7.6,8.0,,,,,,,ttth,7220201,0,8,48
D01,7.75,,8.8,8.0,,,,,,,ttth,7220201,0,8,49
D01,8.0,,7.0,8.0,,,,,,,ttth,7220201,0,8,50
D01,8.5,,7.2,8.0,,,,,,,ttth,7220201,0,8,51
D01,6.25,,9.4,7.6,,,,,,,ttth,7220201,0,8,52
D09,,,7.8,7.75,,,7.6,,,,ttth,7220201,0,8,53
D01,8.25,,8.6,6.6,,,,,,,ttth,7220201,0,8,54
D01,7.75,,8.8,7.2,,,,,,,ttth,7220201,0,8,55
D01,8.5,,9.2,6.4,,,,,,,ttth,7220201,0,8,56
D01,7.0,,6.8,7.0,,,,,,,ttth,7220201,0,8,57
A01,,,8.2,8.5,,,,8.0,,,ttth,7220201,0,8,58
D01,7.0,,6.6,7.5,,,,,,,ttth,7220201,0,8,59
A01,,,8.2,7.0,,,,7.4,,,ttth,7220201,0,8,60
D09,,,6.6,8.0,,,7.6,,,,ttth,7220201,0,8,61
D09,,,7.4,8.25,,,7.6,,,,ttth,7220201,0,8,62
D01,8.75,,8.8,7.2,,,,,,,ttth,7220201,0,8,63
D01,7.25,,9.0,8.4,,,,,,,ttth,7220201,0,8,64
A01,,,7.2,7.75,,,,6.0,,,ttth,7220201,0,8,65
D01,6.25,,9.4,8.0,,,,,,,ttth,7220201,0,8,66
D01,6.75,,9.0,7.8,,,,,,,ttth,7220201,0,8,67
D01,7.2,,6.8,6.75,,,,,,,ttth,7220201,0,8,68
D01,7.0,,9.6,7.4,,,,,,,ttth,7220201,0,8,69
A01,,,7.8,8.0,,,,8.0,,,ttth,7220201,0,8,70
A01,,,7.8,8.0,,,,6.6,,,ttth,7220201,0,8,71
D01,7.0,,10.0,7.6,,,,,,,ttth,7220201,0,8,72
A01,,,7.6,9.0,,,,7.75,,,ttth,7220201,0,8,73
D01,8.8,,7.0,6.25,,,,,,,ttth,7220201,0,8,74
D01,7.8,,7.0,6.75,,,,,,,ttth,7220201,0,8,75
D01,7.8,,7.0,6.0,,,,,,,ttth,7220201,0,8,76
A01,,,9.0,8.0,,,,8.0,,,ttth,7220201,0,8,77
D01,6.4,,7.0,7.75,,,,,,,ttth,7220201,0,8,78
D01,8.4,,6.8,7.0,,,,,,,ttth,7220201,0,8,79
D01,6.8,,7.0,8.0,,,,,,,ttth,7220201,0,8,80
D01,6.8,,7.2,7.25,,,,,,,ttth,7220201,0,8,81
A01,,,6.2,6.0,,,,9.2,,,ttth,7220201,0,8,82
D01,8.5,,7.4,7.6,,,,,,,ttth,7220201,0,8,83
A01,,,8.8,7.75,,,,8.8,,,ttth,7220201,0,8,84
D01,7.75,,8.4,8.8,,,,,,,ttth,7220201,0,8,85
D01,7.5,,8.8,7.0,,,,,,,ttth,7220201,0,8,86
D09,,,7.8,7.75,,,8.0,,,,ttth,7220201,0,8,87
D01,7.8,,7.6,8.0,,,,,,,ttth,7220201,0,8,88
D01,7.25,,9.0,7.6,,,,,,,ttth,7220201,0,8,89
D01,7.4,,7.4,7.0,,,,,,,ttth,7220201,0,8,90
D01,7.0,,8.6,8.0,,,,,,,ttth,7220201,0,8,91
D01,7.5,,8.0,7.8,,,,,,,ttth,7220201,0,8,92
D01,6.0,,7.6,7.5,,,,,,,ttth,7220201,0,8,93
D01,7.25,,9.0,8.2,,,,,,,ttth,7220201,0,8,94
D01,8.0,,9.4,8.2,,,,,,,ttth,7220201,0,8,95
D01,8.8,,7.0,7.75,,,,,,,ttth,7220201,0,8,96
A01,,,7.6,7.5,,,,8.4,,,ttth,7220201,0,8,97
D01,7.75,,8.2,7.4,,,,,,,ttth,7220201,0,8,98
D01,8.5,,7.2,7.2,,,,,,,ttth,7220201,0,8,99
D01,6.0,,6.6,8.75,,,,,,,ttth,7220201,0,8,100
D09,,,6.8,8.0,,,6.2,,,,ttth,7220201,0,8,101
D01,8.2,,8.0,7.25,,,,,,,ttth,7220201,0,8,102
D01,7.75,,9.0,6.8,,,,,,,ttth,7220201,0,8,103
A01,,,7.6,8.2,,,,7.5,,,ttth,7220201,0,8,104
D01,8.75,,8.0,8.2,,,,,,,ttth,7220201,0,8,105
D09,,,5.6,8.25,,,9.0,,,,ttth,7220201,0,8,106
D01,7.25,,9.2,7.6,,,,,,,ttth,7220201,0,8,107
D01,7.0,,9.4,7.6,,,,,,,ttth,7220201,0,8,108
D01,7.5,,9.0,7.4,,,,,,,ttth,7220201,0,8,109
A01,,,8.8,8.0,,,,7.25,,,ttth,7220201,0,8,110
D09,,,6.4,8.25,,,7.6,,,,ttth,7220201,0,8,111
D01,7.5,,9.0,7.4,,,,,,,ttth,7220201,0,8,112
D09,,,7.6,7.75,,,9.2,,,,ttth,7220201,0,8,113
D01,7.0,,7.6,7.5,,,,,,,ttth,7220201,0,8,114
D01,8.6,,8.0,7.5,,,,,,,ttth,7220201,0,8,115
D01,8.5,,8.6,7.2,,,,,,,ttth,7220201,0,8,116
D01,8.0,,6.8,7.25,,,,,,,ttth,7220201,0,8,117
A01,,,8.2,7.25,,,,8.8,,,ttth,7220201,0,8,118
D01,8.0,,8.8,7.2,,,,,,,ttth,7220201,0,8,119
D01,7.2,,7.0,8.5,,,,,,,ttth,7220204,1,8,0
D01,7.6,,7.4,8.25,,,,,,,ttth,7220204,1,8,1
D01,6.6,,7.2,8.25,,,,,,,ttth,7220204,1,8,2
D01,6.8,,6.6,7.25,,,,,,,ttth,7220204,1,8,3
D01,8.2,,8.0,7.25,,,,,,,ttth,7220204,1,8,4
D01,9.25,,8.2,7.4,,,,,,,ttth,7220204,1,8,5
D01,7.5,,8.4,7.0,,,,,,,ttth,7220204,1,8,6
D01,7.5,,8.0,8.6,,,,,,,ttth,7220204,1,8,7
A01,,,7.4,7.4,,,,8.0,,,ttth,7220204,1,8,8
D01,8.0,,9.0,7.4,,,,,,,ttth,7220204,1,8,9
D01,9.0,,7.8,8.0,,,,,,,ttth,7220204,1,8,10
D01,7.0,,9.4,7.0,,,,,,,ttth,7220204,1,8,11
D01,6.58,,9.2,7.2,,,,,,,ttth,7220204,1,8,12
D01,8.2,,8.0,7.0,,,,,,,ttth,7220204,1,8,13
D01,6.5,,8.8,8.0,,,,,,,ttth,7220204,1,8,14
A01,,,7.2,7.8,,,,7.75,,,ttth,7220204,1,8,15
D01,7.75,,7.4,7.4,,,,,,,ttth,7220204,1,8,16
D09,,,8.6,8.0,,,7.75,,,,ttth,7220204,1,8,17
D01,6.8,,7.6,8.5,,,,,,,ttth,7220204,1,8,18
D01,8.25,,8.4,6.8,,,,,,,ttth,7220204,1,8,19
D01,7.4,,8.4,8.25,,,,,,,ttth,7220204,1,8,20
D09,,,6.8,7.75,,,6.8,,,,ttth,7220204,1,8,21
D01,7.2,,7.6,8.25,,,,,,,ttth,7220204,1,8,22
D01,6.4,,7.8,8.25,,,,,,,ttth,7220204,1,8,23
D01,7.6,,7.8,8.75,,,,,,,ttth,7220204,1,8,24
D09,,,7.8,7.25,,,6.2,,,,ttth,7220204,1,8,25
D01,7.25,,9.0,6.4,,,,,,,ttth,7220204,1,8,26
A01,,,7.6,8.5,,,,6.6,,,ttth,7220204,1,8,27
D01,6.4,,7.0,8.5,,,,,,,ttth,7220204,1,8,28
A01,,,8.2,7.25,,,,8.0,,,ttth,7220204,1,8,29
D01,8.25,,7.2,8.2,,,,,,,ttth,7220204,1,8,30
D01,8.5,,7.2,8.6,,,,,,,ttth,7220204,1,8,31
A01,,,8.2,8.0,,,,7.25,,,ttth,7220204,1,8,32
D01,6.8,,5.6,8.5,,,,,,,ttth,7220204,1,8,33
D01,7.75,,8.0,7.2,,,,,,,ttth,7220204,1,8,34
D01,6.6,,7.2,7.75,,,,,,,ttth,7220204,1,8,35
D01,7.2,,8.2,8.75,,,,,,,ttth,7220204,1,8,36
D01,7.6,,7.2,8.25,,,,,,,ttth,7220204,1,8,37
D01,8.0,,7.6,7.4,,,,,,,ttth,7220204,1,8,38
D01,7.8,,7.6,9.0,,,,,,,ttth,7220204,1,8,39
D01,8.8,,7.8,8.25,,,,,,,ttth,7220204,1,8,40
D01,8.0,,7.4,7.6,,,,,,,ttth,7220204,1,8,41
D01,8.4,,8.2,6.25,,,,,,,ttth,7220204,1,8,42
D01,8.0,,8.2,7.4,,,,,,,ttth,7220204,1,8,43
D01,7.6,,7.4,6.5,,,,,,,ttth,7220204,1,8,44
D09,,,7.6,8.5,,,5.2,,,,ttth,7220204,1,8,45
A01,,,7.8,8.0,,,,6.4,,,ttth,7220204,1,8,46
D01,6.2,,7.2,7.75,,,,,,,ttth,7220204,1,8,47
D01,8.0,,7.8,7.0,,,,,,,ttth,7220204,1,8,48
D09,,,8.6,7.0,,,7.6,,,,ttth,7220204,1,8,49
D01,7.75,,8.8,7.6,,,,,,,ttth,7220204,1,8,50
D01,6.5,,8.6,7.4,,,,,,,ttth,7220204,1,8,51
D01,7.75,,7.0,7.8,,,,,,,ttth,7220204,1,8,52
D01,8.5,,8.4,7.6,,,,,,,ttth,7220204,1,8,53
D01,8.25,,8.8,7.8,,,,,,,ttth,7220204,1,8,54
D01,7.75,,7.4,7.4,,,,,,,ttth,7220204,1,8,55
D01,8.25,,8.0,8.2,,,,,,,ttth,7220204,1,8,56
D01,8.25,,8.6,7.6,,,,,,,ttth,7220204,1,8,57
A01,,,7.8,8.0,,,,7.75,,,ttth,7220204,1,8,58
D09,,,8.2,6.4,,,8.5,,,,ttth,7220204,1,8,59
D01,8.2,,7.0,7.75,,,,,,,ttth,7220204,1,8,60
A01,,,7.4,8.0,,,,7.6,,,ttth,7220204,1,8,61
D01,7.25,,8.2,7.4,,,,,,,ttth,7220204,1,8,62
D01,8.0,,7.0,8.5,,,,,,,ttth,7220204,1,8,63
D01,8.2,,8.4,7.75,,,,,,,ttth,7220204,1,8,64
D01,7.2,,7.0,8.25,,,,,,,ttth,7220204,1,8,65
D01,9.25,,6.0,7.4,,,,,,,ttth,7220204,1,8,66
D01,8.5,,7.0,8.0,,,,,,,ttth,7220204,1,8,67
D01,7.6,,7.4,8.75,,,,,,,ttth,7220204,1,8,68
D09,,,7.4,9.25,,,5.6,,,,ttth,7220204,1,8,69
D01,7.4,,6.6,8.25,,,,,,,ttth,7220204,1,8,70
A01,,,8.6,7.0,,,,5.4,,,ttth,7220204,1,8,71
D09,,,7.4,9.0,,,5.0,,,,ttth,7220204,1,8,72
A01,,,8.4,7.4,,,,7.0,,,ttth,7220204,1,8,73
D01,7.75,,7.8,7.2,,,,,,,ttth,7220204,1,8,74
D01,8.75,,7.2,8.2,,,,,,,ttth,7220204,1,8,75
D01,7.75,,8.0,7.4,,,,,,,ttth,7220204,1,8,76
A01,,,7.8,8.6,,,,7.5,,,ttth,7220204,1,8,77
D01,6.2,,7.2,7.5,,,,,,,ttth,7220204,1,8,78
D01,6.4,,7.4,7.75,,,,,,,ttth,7220204,1,8,79
D01,7.75,,8.8,7.4,,,,,,,ttth,7220204,1,8,80
D01,8.25,,7.2,8.0,,,,,,,ttth,7220204,1,8,81
A01,,,7.2,6.5,,,,6.8,,,ttth,7220204,1,8,82
D01,7.2,,6.2,7.75,,,,,,,ttth,7220204,1,8,83
D01,7.5,,8.2,8.0,,,,,,,ttth,7220204,1,8,84
D01,7.6,,7.6,8.75,,,,,,,ttth,7220204,1,8,85
D01,8.75,,6.2,7.8,,,,,,,ttth,7220204,1,8,86
D01,8.25,,7.8,7.0,,,,,,,ttth,7220204,1,8,87
D01,6.0,,7.8,9.0,,,,,,,ttth,7220204,1,8,88
D01,8.5,,7.0,7.2,,,,,,,ttth,7220204,1,8,89
D09,,,6.0,9.0,,,7.8,,,,ttth,7220204,1,8,90
D01,7.6,,8.2,8.0,,,,,,,ttth,7220204,1,8,91
A01,,,8.6,8.6,,,,7.25,,,ttth,7220204,1,8,92
D01,7.2,,8.4,7.75,,,,,,,ttth,7220204,1,8,93
D01,7.0,,8.6,8.4,,,,,,,ttth,7220204,1,8,94
D01,7.0,,7.0,7.75,,,,,,,ttth,7220204,1,8,95
D01,5.2,,6.8,8.5,,,,,,,ttth,7220204,1,8,96
D01,7.08,,8.2,8.4,,,,,,,ttth,7220204,1,8,97
D09,,,7.0,8.5,,,7.2,,,,ttth,7220204,1,8,98
A01,,,8.4,7.6,,,,7.75,,,ttth,7220204,1,8,99
D01,6.5,,9.4,7.2,,,,,,,ttth,7220204,1,8,100
D09,,,7.0,7.5,,,7.8,,,,ttth,7220204,1,8,101
D01,6.25,,8.2,8.2,,,,,,,ttth,7220204,1,8,102
D01,7.25,,9.0,6.8,,,,,,,ttth,7220204,1,8,103
D01,7.0,,7.0,8.0,,,,,,,ttth,7220204,1,8,104
D01,7.6,,6.0,6.75,,,,,,,ttth,7220204,1,8,105
D09,,,7.0,8.0,,,7.4,,,,ttth,7220204,1,8,106
D01,6.75,,8.0,7.8,,,,,,,ttth,7220204,1,8,107
D01,6.0,,7.2,8.25,,,,,,,ttth,7220204,1,8,108
D01,6.8,,7.4,8.25,,,,,,,ttth,7220204,1,8,109
D01,7.0,,7.6,9.25,,,,,,,ttth,7220204,1,8,110
D01,8.2,,7.6,8.5,,,,,,,ttth,7220204,1,8,111
D01,6.8,,8.2,7.5,,,,,,,ttth,7220204,1,8,112
D01,7.25,,6.8,8.2,,,,,,,ttth,7220204,1,8,113
D01,7.5,,9.0,7.2,,,,,,,ttth,7220204,1,8,114
D01,8.0,,8.0,7.0,,,,,,,ttth,7220204,1,8,115
D01,6.4,,7.4,7.25,,,,,,,ttth,7220204,1,8,116
D01,7.4,,7.0,7.0,,,,,,,ttth,7220204,1,8,117
D01,7.0,,8.8,7.2,,,,,,,ttth,7220204,1,8,118
D01,7.25,,8.2,7.8,,,,,,,ttth,7220204,1,8,119
D01,8.0,,7.2,6.75,,,,,,,ttth,7340101,2,1,0
A00,,,,8.6,,,,7.25,8.5,,ttth,7340101,2,1,1
A00,,,,7.75,,,,7.75,8.4,,ttth,7340101,2,1,2
D01,8.75,,7.6,7.6,,,,,,,ttth,7340101,2,1,3
D01,7.4,,7.4,8.0,,,,,,,ttth,7340101,2,1,4
A00,,,,8.2,,,,7.75,8.75,,ttth,7340101,2,1,5
A01,,,7.6,8.25,,,,7.8,,,ttth,7340101,2,1,6
A01,,,7.4,7.5,,,,9.0,,,ttth,7340101,2,1,7
D01,5.8,,7.0,8.5,,,,,,,ttth,7340101,2,1,8
D01,6.0,,7.8,8.75,,,,,,,ttth,7340101,2,1,9
D01,7.25,,8.8,7.6,,,,,,,ttth,7340101,2,1,10
D01,7.6,,7.2,8.0,,,,,,,ttth,7340101,2,1,11
A00,,,,8.2,,,,7.5,8.0,,ttth,7340101,2,1,12
A00,,,,6.75,,,,6.75,7.8,,ttth,7340101,2,1,13
A00,,,,9.2,,,,8.25,7.75,,ttth,7340101,2,1,14
A00,,,,6.0,,,,7.75,8.0,,ttth,7340101,2,1,15
A00,,,,8.0,,,,7.0,8.2,,ttth,7340101,2,1,16
D01,7.6,,7.6,7.5,,,,,,,ttth,7340101,2,1,17
D01,7.75,,8.2,7.6,,,,,,,ttth,7340101,2,1,18
A00,,,,7.25,,,,7.25,7.4,,ttth,7340101,2,1,19
A00,,,,8.4,,,,7.5,8.25,,ttth,7340101,2,1,20
A00,,,,7.5,,,,7.25,8.2,,ttth,7340101,2,1,21
A00,,,,7.5,,,,8.0,7.8,,ttth,7340101,2,1,22
A01,,,9.0,7.2,,,,7.75,,,ttth,7340101,2,1,23
A00,,,,8.2,,,,8.25,7.75,,ttth,7340101,2,1,24
D01,8.4,,7.4,6.0,,,,,,,ttth,7340101,2,1,25
A00,,,,6.25,,,,7.25,7.4,,ttth,7340101,2,1,26
A01,,,8.6,7.4,,,,7.25,,,ttth,7340101,2,1,27
A01,,,7.2,7.75,,,,7.8,,,ttth,7340101,2,1,28
D01,7.6,,7.0,7.0,,,,,,,ttth,7340101,2,1,29
A00,,,,7.0,,,,7.25,8.2,,ttth,7340101,2,1,30
D01,7.2,,7.0,7.0,,,,,,,ttth,7340101,2,1,31
D01,7.2,,8.0,6.25,,,,,,,ttth,7340101,2,1,32
A00,,,,7.25,,,,7.0,7.6,,ttth,7340101,2,1,33
D01,6.0,,5.8,9.0,,,,,,,ttth,7340101,2,1,34
A01,,,8.0,7.75,,,,7.6,,,ttth,7340101,2,1,35
A00,,,,7.5,,,,7.5,8.2,,ttth,7340101,2,1,36
A00,,,,8.4,,,,7.75,7.25,,ttth,7340101,2,1,37
A00,,,,8.0,,,,8.25,8.5,,ttth,7340101,2,1,38
A00,,,,6.5,,,,7.25,6.8,,ttth,7340101,2,1,39
A00,,,,8.25,,,,7.5,7.6,,ttth,7340101,2,1,40
A00,,,,8.4,,,,8.25,7.25,,ttth,7340101,2,1,41
A00,,,,7.75,,,,6.75,7.4,,ttth,7340101,2,1,42
D01,7.6,,6.8,9.0,,,,,,,ttth,7340101,2,1,43
D01,7.4,,7.2,8.0,,,,,,,ttth,7340101,2,1,44
D01,6.6,,7.6,7.0,,,,,,,ttth,7340101,2,1,45
A00,,,,8.0,,,,7.75,7.75,,ttth,7340101,2,1,46
D01,6.4,,7.8,7.0,,,,,,,ttth,7340101,2,1,47
D01,8.0,,8.0,7.6,,,,,,,ttth,7340101,2,1,48
D01,7.6,,7.4,7.5,,,,,,,ttth,7340101,2,1,49
D01,8.6,,6.8,7.25,,,,,,,ttth,7340101,2,1,50
A01,,,8.6,8.2,,,,8.25,,,ttth,7340101,2,1,51
A00,,,,8.0,,,,7.0,8.25,,ttth,7340101,2,1,52
A00,,,,7.75,,,,7.5,7.8,,ttth,7340101,2,1,53
D01,7.25,,7.8,8.8,,,,,,,ttth,7340101,2,1,54
A00,,,,8.2,,,,8.25,7.75,,ttth,7340101,2,1,55
A00,,,,6.75,,,,7.75,6.8,,ttth,7340101,2,1,56
D01,6.4,,7.2,7.75,,,,,,,ttth,7340101,2,1,57
A00,,,,7.75,,,,8.75,8.0,,ttth,7340101,2,1,58
D01,7.0,,6.4,8.0,,,,,,,ttth,7340101,2,1,59
A00,,,,6.5,,,,6.75,7.8,,ttth,7340101,2,1,60
A00,,,,8.25,,,,7.5,8.2,,ttth,7340101,2,1,61
A00,,,,6.25,,,,7.75,7.8,,ttth,7340101,2,1,62
A00,,,,7.0,,,,9.0,7.8,,ttth,7340101,2,1,63
A00,,,,6.75,,,,7.5,7.0,,ttth,7340101,2,1,64
A00,,,,6.75,,,,7.25,6.6,,ttth,7340101,2,1,65
D01,8.5,,8.8,6.8,,,,,,,ttth,7340101,2,1,66
D01,6.2,,7.8,8.25,,,,,,,ttth,7340101,2,1,67
D01,8.25,,8.4,7.8,,,,,,,ttth,7340101,2,1,68
A01,,,9.4,7.6,,,,7.5,,,ttth,7340101,2,1,69
A00,,,,8.2,,,,7.75,8.25,,ttth,7340101,2,1,70
A00,,,,6.5,,,,7.25,6.8,,ttth,7340101,2,1,71
D01,7.2,,7.4,6.5,,,,,,,ttth,7340101,2,1,72
A00,,,,6.25,,,,7.5,7.2,,ttth,7340101,2,1,73
A00,,,,6.25,,,,8.25,7.4,,ttth,7340101,2,1,74
A00,,,,8.0,,,,8.0,8.25,,ttth,7340101,2,1,75
D01,5.8,,7.4,8.25,,,,,,,ttth,7340101,2,1,76
A00,,,,7.75,,,,7.75,7.6,,ttth,7340101,2,1,77
D01,7.0,,7.6,8.75,,,,,,,ttth,7340101,2,1,78
D01,6.4,,7.0,7.75,,,,,,,ttth,7340101,2,1,79
A01,,,7.8,7.75,,,,8.0,,,ttth,7340101,2,1,80
A00,,,,7.0,,,,7.5,7.4,,ttth,7340101,2,1,81
D01,7.0,,6.0,7.75,,,,,,,ttth,7340101,2,1,82
D01,7.4,,7.0,8.5,,,,,,,ttth,7340101,2,1,83
A00,,,,6.5,,,,7.25,7.8,,ttth,7340101,2,1,84
D01,6.4,,6.2,8.5,,,,,,,ttth,7340101,2,1,85
A00,,,,7.5,,,,7.25,8.0,,ttth,7340101,2,1,86
D01,6.6,,7.0,8.25,,,,,,,ttth,7340101,2,1,87
D01,7.75,,8.0,7.4,,,,,,,ttth,7340101,2,1,88
A00,,,,8.2,,,,7.0,8.5,,ttth,7340101,2,1,89
A00,,,,8.0,,,,7.75,7.4,,ttth,7340101,2,1,90
D01,5.6,,6.2,9.0,,,,,,,ttth,7340101,2,1,91
A00,,,,8.4,,,,7.75,8.0,,ttth,7340101,2,1,92
A00,,,,6.0,,,,7.75,7.8,,ttth,7340101,2,1,93
A01,,,8.4,7.8,,,,7.75,,,ttth,7340101,2,1,94
D01,7.6,,8.0,7.5,,,,,,,ttth,7340101,2,1,95
A01,,,8.6,9.0,,,,7.75,,,ttth,7340101,2,1,96
D01,5.4,,8.0,8.0,,,,,,,ttth,7340101,2,1,97
A01,,,7.2,7.25,,,,7.8,,,ttth,7340101,2,1,98
D01,7.0,,8.6,7.8,,,,,,,ttth,7340101,2,1,99
A00,,,,8.4,,,,8.25,8.25,,ttth,7340101,2,1,100
A00,,,,7.5,,,,7.75,8.2,,ttth,7340101,2,1,101
D01,7.6,,8.2,7.75,,,,,,,ttth,7340101,2,1,102
A00,,,,7.75,,,,7.75,7.6,,ttth,7340101,2,1,103
A00,,,,7.25,,,,8.0,8.2,,ttth,7340101,2,1,104
A00,,,,6.25,,,,8.0,7.6,,ttth,7340101,2,1,105
D01,8.5,,7.8,7.2,,,,,,,ttth,7340101,2,1,106
A00,,,,7.8,,,,8.25,7.75,,ttth,7340101,2,1,107
D01,7.75,,8.2,7.6,,,,,,,ttth,7340101,2,1,108
A00,,,,7.8,,,,8.25,8.0,,ttth,7340101,2,1,109
A00,,,,6.5,,,,8.0,8.0,,ttth,7340101,2,1,110
A01,,,8.4,8.2,,,,7.0,,,ttth,7340101,2,1,111
D01,6.6,,8.2,7.5,,,,,,,ttth,7340101,2,1,112
A00,,,,8.2,,,,7.25,8.25,,ttth,7340101,2,1,113
A01,,,8.6,8.4,,,,7.0,,,ttth,7340101,2,1,114
D01,8.0,,7.6,7.8,,,,,,,ttth,7340101,2,1,115
A00,,,,6.75,,,,6.75,7.2,,ttth,7340101,2,1,116
A00,,,,7.5,,,,7.0,7.8,,ttth,7340101,2,1,117
D01,5.4,,7.8,8.25,,,,,,,ttth,7340101,2,1,118
D01,5.8,,8.4,6.75,,,,,,,ttth,7340101,2,1,119
A01,,,6.8,7.0,,,,8.8,,,ttth,7340115,3,1,0
A00,,,,7.25,,,,8.0,8.0,,ttth,7340115,3,1,1
D01,8.0,,7.8,6.75,,,,,,,ttth,7340115,3,1,2
D01,7.0,,7.2,8.25,,,,,,,ttth,7340115,3,1,3
A00,,,,7.25,,,,8.0,7.8,,ttth,7340115,3,1,4
D01,7.8,,7.0,7.75,,,,,,,ttth,7340115,3,1,5
A00,,,,7.75,,,,7.75,8.8,,ttth,7340115,3,1,6
D01,5.2,,7.6,9.0,,,,,,,ttth,7340115,3,1,7
D01,6.4,,8.4,8.0,,,,,,,ttth,7340115,3,1,8
D01,7.75,,9.2,7.2,,,,,,,ttth,7340115,3,1,9
D01,7.4,,8.0,7.75,,,,,,,ttth,7340115,3,1,10
D01,8.25,,8.4,8.4,,,,,,,ttth,7340115,3,1,11
D01,7.5,,8.6,8.2,,,,,,,ttth,7340115,3,1,12
A00,,,,7.25,,,,8.25,8.4,,ttth,7340115,3,1,13
D01,8.0,,7.2,7.25,,,,,,,ttth,7340115,3,1,14
D01,7.6,,7.6,8.25,,,,,,,ttth,7340115,3,1,15
A00,,,,8.2,,,,7.5,8.0,,ttth,7340115,3,1,16
D01,7.8,,7.6,7.5,,,,,,,ttth,7340115,3,1,17
D01,8.0,,7.0,8.5,,,,,,,ttth,7340115,3,1,18
A00,,,,8.25,,,,8.0,7.6,,ttth,7340115,3,1,19
D01,8.5,,7.4,8.0,,,,,,,ttth,7340115,3,1,20
A00,,,,7.5,,,,7.25,7.6,,ttth,7340115,3,1,21
D01,7.6,,6.6,8.25,,,,,,,ttth,7340115,3,1,22
A00,,,,8.0,,,,9.0,8.0,,ttth,7340115,3,1,23
D01,8.0,,7.2,7.75,,,,,,,ttth,7340115,3,1,24
D01,7.4,,8.4,8.25,,,,,,,ttth,7340115,3,1,25
D01,7.6,,6.8,8.5,,,,,,,ttth,7340115,3,1,26
A00,,,,7.0,,,,7.25,8.4,,ttth,7340115,3,1,27
D01,7.8,,6.8,7.75,,,,,,,ttth,7340115,3,1,28
A00,,,,8.0,,,,8.25,7.8,,ttth,7340115,3,1,29
A00,,,,7.75,,,,8.25,8.0,,ttth,7340115,3,1,30
D01,7.8,,8.0,8.0,,,,,,,ttth,7340115,3,1,31
D01,9.2,,8.0,8.0,,,,,,,ttth,7340115,3,1,32
D01,8.25,,8.6,7.2,,,,,,,ttth,7340115,3,1,33
A00,,,,6.75,,,,7.5,7.8,,ttth,7340115,3,1,34
A00,,,,8.2,,,,7.5,8.0,,ttth,7340115,3,1,35
A01,,,7.0,8.5,,,,7.4,,,ttth,7340115,3,1,36
A00,,,,7.8,,,,7.25,8.5,,ttth,7340115,3,1,37
D01,7.0,,7.4,8.5,,,,,,,ttth,7340115,3,1,38
A00,,,,7.75,,,,7.25,8.0,,ttth,7340115,3,1,39
A01,,,7.8,8.2,,,,7.5,,,ttth,7340115,3,1,40
A00,,,,8.25,,,,8.0,8.2,,ttth,7340115,3,1,41
D01,8.2,,7.6,7.25,,,,,,,ttth,7340115,3,1,42
A01,,,7.8,8.0,,,,8.4,,,ttth,7340115,3,1,43
A00,,,,7.4,,,,8.0,8.0,,ttth,7340115,3,1,44
A00,,,,7.75,,,,8.5,7.6,,ttth,7340115,3,1,45
A00,,,,7.5,,,,7.5,7.6,,ttth,7340115,3,1,46
A00,,,,6.25,,,,8.0,8.0,,ttth,7340115,3,1,47
A00,,,,7.75,,,,7.75,7.8,,ttth,7340115,3,1,48
D01,8.2,,7.6,8.5,,,,,,,ttth,7340115,3,1,49
A00,,,,7.6,,,,8.75,8.5,,ttth,7340115,3,1,50
D01,8.4,,8.2,8.0,,,,,,,ttth,7340115,3,1,51
A01,,,7.8,8.25,,,,7.4,,,ttth,7340115,3,1,52
A00,,,,7.75,,,,8.0,7.8,,ttth,7340115,3,1,53
D01,7.0,,8.4,8.25,,,,,,,ttth,7340115,3,1,54
D01,6.6,,7.6,8.25,,,,,,,ttth,7340115,3,1,55
A00,,,,8.75,,,,7.25,7.6,,ttth,7340115,3,1,56
D01,8.0,,8.8,7.75,,,,,,,ttth,7340115,3,1,57
A00,,,,7.5,,,,8.25,7.2,,ttth,7340115,3,1,58
D01,9.2,,8.0,7.25,,,,,,,ttth,7340115,3,1,59
D01,7.2,,7.0,8.5,,,,,,,ttth,7340115,3,1,60
A00,,,,8.5,,,,8.0,8.4,,ttth,7340115,3,1,61
D01,6.8,,6.8,8.75,,,,,,,ttth,7340115,3,1,62
D01,9.4,,7.8,7.25,,,,,,,ttth,7340115,3,1,63
D01,8.0,,7.8,7.0,,,,,,,ttth,7340115,3,1,64
D01,8.0,,7.6,8.5,,,,,,,ttth,7340115,3,1,65
A01,,,8.4,7.75,,,,7.6,,,ttth,7340115,3,1,66
A00,,,,8.25,,,,7.5,7.8,,ttth,7340115,3,1,67
D01,6.8,,7.4,8.25,,,,,,,ttth,7340115,3,1,68
A00,,,,7.75,,,,8.0,7.8,,ttth,7340115,3,1,69
A00,,,,7.25,,,,8.25,8.0,,ttth,7340115,3,1,70
A00,,,,8.25,,,,8.75,7.6,,ttth,7340115,3,1,71
A00,,,,7.25,,,,7.0,7.8,,ttth,7340115,3,1,72
A00,,,,9.0,,,,8.25,7.5,,ttth,7340115,3,1,73
D01,8.6,,7.8,7.5,,,,,,,ttth,7340115,3,1,74
A00,,,,6.75,,,,8.25,8.4,,ttth,7340115,3,1,75
D01,6.8,,8.4,9.25,,,,,,,ttth,7340115,3,1,76
A00,,,,7.25,,,,8.0,8.4,,ttth,7340115,3,1,77
A00,,,,7.5,,,,8.25,7.6,,ttth,7340115,3,1,78
A00,,,,8.6,,,,7.5,8.0,,ttth,7340115,3,1,79
D01,7.6,,7.4,9.5,,,,,,,ttth,7340115,3,1,80
A00,,,,7.5,,,,8.25,8.0,,ttth,7340115,3,1,81
D01,7.0,,9.2,8.6,,,,,,,ttth,7340115,3,1,82
A00,,,,7.25,,,,9.0,8.0,,ttth,7340115,3,1,83
D01,7.8,,7.2,7.25,,,,,,,ttth,7340115,3,1,84
D01,6.4,,8.0,8.25,,,,,,,ttth,7340115,3,1,85
A00,,,,8.0,,,,7.75,8.0,,ttth,7340115,3,1,86
A00,,,,7.25,,,,8.5,8.4,,ttth,7340115,3,1,87
A00,,,,7.75,,,,7.75,7.8,,ttth,7340115,3,1,88
A00,,,,6.75,,,,7.75,8.0,,ttth,7340115,3,1,89
D01,9.2,,6.6,7.5,,,,,,,ttth,7340115,3,1,90
D01,7.5,,9.2,7.4,,,,,,,ttth,7340115,3,1,91
D01,8.0,,7.2,8.25,,,,,,,ttth,7340115,3,1,92
D01,7.2,,7.4,7.75,,,,,,,ttth,7340115,3,1,93
A00,,,,8.25,,,,6.75,7.6,,ttth,7340115,3,1,94
A01,,,7.4,7.75,,,,9.2,,,ttth,7340115,3,1,95
A00,,,,8.0,,,,7.75,8.2,,ttth,7340115,3,1,96
D01,8.6,,7.8,8.5,,,,,,,ttth,7340115,3,1,97
A00,,,,7.25,,,,8.0,8.2,,ttth,7340115,3,1,98
D01,8.4,,8.4,7.75,,,,,,,ttth,7340115,3,1,99
A00,,,,7.5,,,,6.75,7.6,,ttth,7340115,3,1,100
D01,7.4,,7.4,8.5,,,,,,,ttth,7340115,3,1,101
A00,,,,7.5,,,,8.0,8.2,,ttth,7340115,3,1,102
A00,,,,7.75,,,,7.25,8.2,,ttth,7340115,3,1,103
A00,,,,7.5,,,,8.75,7.6,,ttth,7340115,3,1,104
D01,7.0,,7.4,8.0,,,,,,,ttth,7340115,3,1,105
A00,,,,7.5,,,,7.75,7.8,,ttth,7340115,3,1,106
D01,8.2,,7.8,8.0,,,,,,,ttth,7340115,3,1,107
D01,8.0,,7.8,8.25,,,,,,,ttth,7340115,3,1,108
D01,6.8,,7.8,8.0,,,,,,,ttth,7340115,3,1,109
A01,,,7.8,7.5,,,,7.6,,,ttth,7340115,3,1,110
A01,,,8.4,7.5,,,,7.8,,,ttth,7340115,3,1,111
D01,6.4,,7.8,8.0,,,,,,,ttth,7340115,3,1,112
A01,,,7.8,8.25,,,,7.2,,,ttth,7340115,3,1,113
A01,,,7.0,7.75,,,,8.0,,,ttth,7340115,3,1,114
D01,6.6,,8.6,8.25,,,,,,,ttth,7340115,3,1,115
A00,,,,7.0,,,,8.25,8.75,,ttth,7340115,3,1,116
D01,8.0,,6.6,8.0,,,,,,,ttth,7340115,3,1,117
D01,8.0,,8.0,7.25,,,,,,,ttth,7340115,3,1,118
A00,,,,7.75,,,,7.5,8.0,,ttth,7340115,3,1,119
A01,,,7.6,7.75,,,,7.8,,,ttth,7340120,4,1,0
A00,,,,7.75,,,,8.25,8.0,,ttth,7340120,4,1,1
A00,,,,8.0,,,,8.0,8.0,,ttth,7340120,4,1,2
D01,8.0,,7.6,7.4,,,,,,,ttth,7340120,4,1,3
A00,,,,8.25,,,,8.0,9.0,,ttth,7340120,4,1,4
D01,7.6,,8.6,7.0,,,,,,,ttth,7340120,4,1,5
A00,,,,8.2,,,,7.75,7.5,,ttth,7340120,4,1,6
D01,8.6,,6.6,7.75,,,,,,,ttth,7340120,4,1,7
A00,,,,6.5,,,,7.5,7.4,,ttth,7340120,4,1,8
A00,,,,7.5,,,,7.75,7.6,,ttth,7340120,4,1,9
D01,8.2,,7.0,8.25,,,,,,,ttth,7340120,4,1,10
A00,,,,6.75,,,,8.0,7.0,,ttth,7340120,4,1,11
A00,,,,8.0,,,,6.5,8.2,,ttth,7340120,4,1,12
D01,6.8,,6.8,9.25,,,,,,,ttth,7340120,4,1,13
D01,6.4,,8.2,7.5,,,,,,,ttth,7340120,4,1,14
D01,7.0,,8.4,8.2,,,,,,,ttth,7340120,4,1,15
D01,5.6,,7.2,9.25,,,,,,,ttth,7340120,4,1,16
D01,6.8,,7.8,7.75,,,,,,,ttth,7340120,4,1,17
D01,7.0,,6.8,7.5,,,,,,,ttth,7340120,4,1,18
A00,,,,8.4,,,,6.5,8.0,,ttth,7340120,4,1,19
D01,6.8,,7.6,9.0,,,,,,,ttth,7340120,4,1,20
D01,7.4,,8.0,9.0,,,,,,,ttth,7340120,4,1,21
D01,8.5,,7.4,8.0,,,,,,,ttth,7340120,4,1,22
A00,,,,6.25,,,,7.5,7.4,,ttth,7340120,4,1,23
A00,,,,8.0,,,,7.25,8.5,,ttth,7340120,4,1,24
A00,,,,8.5,,,,8.0,7.6,,ttth,7340120,4,1,25
D01,6.6,,7.2,8.0,,,,,,,ttth,7340120,4,1,26
A00,,,,5.0,,,,8.25,8.2,,ttth,7340120,4,1,27
D01,8.0,,7.4,7.25,,,,,,,ttth,7340120,4,1,28
D01,7.8,,7.8,8.25,,,,,,,ttth,7340120,4,1,29
D01,6.4,,7.2,8.25,,,,,,,ttth,7340120,4,1,30
A01,,,7.8,8.0,,,,7.2,,,ttth,7340120,4,1,31
D01,8.0,,6.6,8.25,,,,,,,ttth,7340120,4,1,32
A00,,,,7.0,,,,8.25,7.8,,ttth,7340120,4,1,33
D01,7.8,,8.0,7.25,,,,,,,ttth,7340120,4,1,34
D01,7.8,,7.8,7.25,,,,,,,ttth,7340120,4,1,35
A01,,,7.6,8.4,,,,7.5,,,ttth,7340120,4,1,36
D01,7.6,,7.0,8.5,,,,,,,ttth,7340120,4,1,37
A01,,,8.4,7.75,,,,7.4,,,ttth,7340120,4,1,38
A00,,,,7.75,,,,8.0,7.8,,ttth,7340120,4,1,39
D01,7.0,,8.6,7.8,,,,,,,ttth,7340120,4,1,40
D01,7.4,,6.8,7.75,,,,,,,ttth,7340120,4,1,41
A01,,,7.2,7.25,,,,7.4,,,ttth,7340120,4,1,42
D01,9.0,,6.8,7.8,,,,,,,ttth,7340120,4,1,43
D01,8.25,,7.8,7.4,,,,,,,ttth,7340120,4,1,44
A01,,,9.2,7.4,,,,7.0,,,ttth,7340120,4,1,45
A00,,,,7.5,,,,7.5,8.2,,ttth,7340120,4,1,46
A01,,,8.0,8.4,,,,7.25,,,ttth,7340120,4,1,47
A01,,,7.0,6.75,,,,7.6,,,ttth,7340120,4,1,48
A00,,,,7.75,,,,7.5,8.2,,ttth,7340120,4,1,49
A00,,,,7.0,,,,8.25,7.0,,ttth,7340120,4,1,50
A00,,,,7.75,,,,7.25,8.0,,ttth,7340120,4,1,51
A01,,,8.0,7.8,,,,7.25,,,ttth,7340120,4,1,52
A01,,,8.6,8.0,,,,6.75,,,ttth,7340120,4,1,53
A00,,,,6.5,,,,7.25,7.6,,ttth,7340120,4,1,54
D01,7.6,,7.8,7.75,,,,,,,ttth,7340120,4,1,55
D01,7.4,,7.0,9.0,,,,,,,ttth,7340120,4,1,56
A00,,,,8.25,,,,7.75,7.2,,ttth,7340120,4,1,57
D01,7.8,,6.8,8.75,,,,,,,ttth,7340120,4,1,58
A01,,,7.6,7.25,,,,8.6,,,ttth,7340120,4,1,59
D01,7.75,,8.4,8.4,,,,,,,ttth,7340120,4,1,60
D01,6.75,,9.4,7.4,,,,,,,ttth,7340120,4,1,61
A01,,,8.2,7.6,,,,7.0,,,ttth,7340120,4,1,62
D01,5.8,,7.6,8.0,,,,,,,ttth,7340120,4,1,63
A00,,,,6.0,,,,7.75,7.4,,ttth,7340120,4,1,64
D01,7.0,,6.8,7.5,,,,,,,ttth,7340120,4,1,65
A00,,,,7.8,,,,7.75,8.25,,ttth,7340120,4,1,66
A00,,,,7.0,,,,8.0,8.4,,ttth,7340120,4,1,67
D01,6.8,,7.4,7.5,,,,,,,ttth,7340120,4,1,68
D01,7.6,,7.2,7.5,,,,,,,ttth,7340120,4,1,69
A00,,,,7.5,,,,8.0,7.8,,ttth,7340120,4,1,70
A00,,,,6.75,,,,7.5,7.8,,ttth,7340120,4,1,71
A01,,,8.2,7.8,,,,7.5,,,ttth,7340120,4,1,72
D01,8.2,,8.6,7.25,,,,,,,ttth,7340120,4,1,73
A01,,,8.8,7.8,,,,6.5,,,ttth,7340120,4,1,74
A01,,,8.2,8.2,,,,8.0,,,ttth,7340120,4,1,75
A01,,,8.0,7.0,,,,7.6,,,ttth,7340120,4,1,76
A00,,,,7.75,,,,7.75,7.2,,ttth,7340120,4,1,77
A00,,,,8.0,,,,7.5,8.0,,ttth,7340120,4,1,78
A00,,,,7.5,,,,7.25,8.0,,ttth,7340120,4,1,79
A00,,,,7.25,,,,8.25,7.6,,ttth,7340120,4,1,80
A00,,,,7.75,,,,8.25,7.6,,ttth,7340120,4,1,81
A01,,,8.0,7.75,,,,8.2,,,ttth,7340120,4,1,82
A00,,,,9.0,,,,7.0,7.25,,ttth,7340120,4,1,83
D01,8.0,,8.6,7.0,,,,,,,ttth,7340120,4,1,84
A00,,,,7.25,,,,7.25,8.2,,ttth,7340120,4,1,85
A00,,,,7.25,,,,8.0,7.2,,ttth,7340120,4,1,86
A00,,,,8.0,,,,6.25,9.0,,ttth,7340120,4,1,87
A01,,,7.8,8.2,,,,7.25,,,ttth,7340120,4,1,88
D01,6.6,,7.8,7.75,,,,,,,ttth,7340120,4,1,89
D01,7.2,,7.8,7.25,,,,,,,ttth,7340120,4,1,90
A01,,,6.6,6.25,,,,9.2,,,ttth,7340120,4,1,91
D01,8.0,,7.6,7.75,,,,,,,ttth,7340120,4,1,92
D01,7.5,,8.4,8.2,,,,,,,ttth,7340120,4,1,93
D01,6.75,,7.8,8.8,,,,,,,ttth,7340120,4,1,94
D01,6.8,,8.0,8.25,,,,,,,ttth,7340120,4,1,95
D01,6.4,,7.0,7.75,,,,,,,ttth,7340120,4,1,96
A01,,,7.2,7.0,,,,7.8,,,ttth,7340120,4,1,97
A00,,,,6.5,,,,8.25,8.4,,ttth,7340120,4,1,98
D01,7.6,,7.4,8.25,,,,,,,ttth,7340120,4,1,99
D01,7.0,,8.2,8.25,,,,,,,ttth,7340120,4,1,100
D01,6.6,,7.4,8.75,,,,,,,ttth,7340120,4,1,101
A01,,,8.2,8.0,,,,6.4,,,ttth,7340120,4,1,102
A01,,,8.4,8.2,,,,6.75,,,ttth,7340120,4,1,103
A00,,,,6.5,,,,7.25,7.4,,ttth,7340120,4,1,104
D01,8.0,,7.4,7.6,,,,,,,ttth,7340120,4,1,105
D01,8.5,,7.8,8.0,,,,,,,ttth,7340120,4,1,106
A00,,,,7.5,,,,8.5,8.2,,ttth,7340120,4,1,107
A01,,,8.0,7.75,,,,7.4,,,ttth,7340120,4,1,108
A01,,,8.2,8.6,,,,8.0,,,ttth,7340120,4,1,109
A00,,,,8.8,,,,8.5,7.25,,ttth,7340120,4,1,110
D01,6.4,,6.8,8.5,,,,,,,ttth,7340120,4,1,111
A00,,,,7.5,,,,7.5,7.8,,ttth,7340120,4,1,112
D01,6.6,,6.4,8.25,,,,,,,ttth,7340120,4,1,113
D01,8.0,,8.0,8.0,,,,,,,ttth,7340120,4,1,114
D01,8.0,,7.8,7.25,,,,,,,ttth,7340120,4,1,115
A01,,,8.0,8.25,,,,7.4,,,ttth,7340120,4,1,116
A00,,,,6.75,,,,7.5,8.2,,ttth,7340120,4,1,117
A00,,,,7.25,,,,7.75,8.2,,ttth,7340120,4,1,118
A00,,,,7.75,,,,7.25,8.2,,ttth,7340120,4,1,119
A01,,,8.0,6.75,,,,7.6,,,ttth,7340122,5,1,0
D01,7.8,,7.2,8.0,,,,,,,ttth,7340122,5,1,1
A00,,,,6.75,,,,7.25,7.8,,ttth,7340122,5,1,2
D01,8.6,,6.8,7.0,,,,,,,ttth,7340122,5,1,3
A01,,,7.0,7.0,,,,9.0,,,ttth,7340122,5,1,4
A00,,,,6.75,,,,7.0,8.0,,ttth,7340122,5,1,5
A00,,,,7.75,,,,7.0,7.6,,ttth,7340122,5,1,6
A00,,,,7.75,,,,7.5,7.2,,ttth,7340122,5,1,7
A01,,,7.6,8.25,,,,7.4,,,ttth,7340122,5,1,8
A00,,,,7.25,,,,7.75,8.4,,ttth,7340122,5,1,9
D01,7.8,,7.6,6.5,,,,,,,ttth,7340122,5,1,10
A00,,,,7.0,,,,8.0,8.2,,ttth,7340122,5,1,11
D01,7.0,,7.8,7.0,,,,,,,ttth,7340122,5,1,12
D01,6.8,,8.4,7.25,,,,,,,ttth,7340122,5,1,13
A01,,,8.0,7.75,,,,7.6,,,ttth,7340122,5,1,14
D01,6.6,,7.4,8.0,,,,,,,ttth,7340122,5,1,15
D01,9.0,,7.2,7.25,,,,,,,ttth,7340122,5,1,16
D01,8.0,,7.4,7.25,,,,,,,ttth,7340122,5,1,17
A01,,,8.6,6.75,,,,7.8,,,ttth,7340122,5,1,18
A00,,,,7.25,,,,7.0,7.4,,ttth,7340122,5,1,19
D01,7.0,,7.0,8.41,,,,,,,ttth,7340122,5,1,20
A00,,,,8.0,,,,8.25,8.2,,ttth,7340122,5,1,21
A00,,,,6.75,,,,7.25,8.2,,ttth,7340122,5,1,22
A00,,,,7.5,,,,7.75,8.0,,ttth,7340122,5,1,23
A01,,,7.6,7.25,,,,7.4,,,ttth,7340122,5,1,24
A00,,,,7.75,,,,7.5,7.8,,ttth,7340122,5,1,25
D01,5.0,,8.0,9.0,,,,,,,ttth,7340122,5,1,26
A00,,,,7.25,,,,8.25,7.2,,ttth,7340122,5,1,27
A01,,,8.2,7.5,,,,7.8,,,ttth,7340122,5,1,28
A00,,,,7.5,,,,7.5,7.6,,ttth,7340122,5,1,29
D01,7.6,,7.4,7.25,,,,,,,ttth,7340122,5,1,30
A00,,,,7.75,,,,8.0,7.4,,ttth,7340122,5,1,31
A00,,,,7.25,,,,7.5,7.6,,ttth,7340122,5,1,32
D01,8.4,,7.6,7.25,,,,,,,ttth,7340122,5,1,33
D01,5.8,,8.2,8.5,,,,,,,ttth,7340122,5,1,34
A00,,,,8.0,,,,7.5,8.0,,ttth,7340122,5,1,35
A00,,,,7.5,,,,6.75,8.4,,ttth,7340122,5,1,36
D01,8.2,,7.8,6.75,,,,,,,ttth,7340122,5,1,37
D01,7.6,,8.2,8.25,,,,,,,ttth,7340122,5,1,38
A01,,,7.6,7.5,,,,7.2,,,ttth,7340122,5,1,39
D01,8.8,,7.4,8.25,,,,,,,ttth,7340122,5,1,40
A01,,,8.2,7.25,,,,7.6,,,ttth,7340122,5,1,41
D01,8.2,,7.4,8.75,,,,,,,ttth,7340122,5,1,42
D01,7.4,,7.6,7.0,,,,,,,ttth,7340122,5,1,43
D01,7.0,,8.8,7.5,,,,,,,ttth,7340122,5,1,44
A00,,,,8.0,,,,7.75,7.6,,ttth,7340122,5,1,45
A00,,,,7.75,,,,8.0,7.8,,ttth,7340122,5,1,46
A00,,,,7.25,,,,7.75,7.6,,ttth,7340122,5,1,47
D01,7.0,,7.2,8.25,,,,,,,ttth,7340122,5,1,48
D01,7.2,,7.6,8.5,,,,,,,ttth,7340122,5,1,49
A00,,,,7.0,,,,7.25,7.4,,ttth,7340122,5,1,50
D01,8.0,,8.0,7.25,,,,,,,ttth,7340122,5,1,51
A00,,,,8.0,,,,7.0,8.2,,ttth,7340122,5,1,52
D01,5.4,,7.4,9.0,,,,,,,ttth,7340122,5,1,53
A00,,,,7.25,,,,7.75,7.4,,ttth,7340122,5,1,54
D01,6.4,,7.4,8.25,,,,,,,ttth,7340122,5,1,55
D01,8.4,,7.2,8.25,,,,,,,ttth,7340122,5,1,56
A01,,,7.2,6.75,,,,8.0,,,ttth,7340122,5,1,57
D01,7.0,,7.8,8.75,,,,,,,ttth,7340122,5,1,58
D01,5.8,,8.2,7.75,,,,,,,ttth,7340122,5,1,59
A00,,,,7.25,,,,7.75,7.2,,ttth,7340122,5,1,60
A00,,,,7.0,,,,8.25,8.4,,ttth,7340122,5,1,61
A00,,,,6.75,,,,7.0,8.0,,ttth,7340122,5,1,62
D01,7.4,,8.6,6.25,,,,,,,ttth,7340122,5,1,63
D01,8.2,,8.4,7.5,,,,,,,ttth,7340122,5,1,64
A00,,,,7.5,,,,8.25,6.6,,ttth,7340122,5,1,65
A00,,,,6.75,,,,8.25,8.4,,ttth,7340122,5,1,66
D01,7.2,,8.0,7.25,,,,,,,ttth,7340122,5,1,67
D01,7.8,,7.6,8.25,,,,,,,ttth,7340122,5,1,68
A00,,,,8.0,,,,8.75,7.2,,ttth,7340122,5,1,69
D01,8.2,,7.8,6.5,,,,,,,ttth,7340122,5,1,70
D01,7.0,,7.8,6.75,,,,,,,ttth,7340122,5,1,71
D01,6.8,,7.6,8.75,,,,,,,ttth,7340122,5,1,72
A01,,,8.2,8.0,,,,7.6,,,ttth,7340122,5,1,73
A00,,,,8.0,,,,8.0,6.6,,ttth,7340122,5,1,74
A00,,,,7.25,,,,8.0,7.6,,ttth,7340122,5,1,75
D01,6.8,,7.2,7.75,,,,,,,ttth,7340122,5,1,76
D01,6.4,,7.2,8.25,,,,,,,ttth,7340122,5,1,77
A00,,,,7.5,,,,7.75,7.8,,ttth,7340122,5,1,78
A00,,,,7.5,,,,6.75,8.2,,ttth,7340122,5,1,79
A00,,,,7.5,,,,6.5,7.8,,ttth,7340122,5,1,80
A00,,,,6.75,,,,7.75,7.8,,ttth,7340122,5,1,81
A00,,,,6.5,,,,8.5,6.6,,ttth,7340122,5,1,82
D01,7.2,,7.6,7.5,,,,,,,ttth,7340122,5,1,83
D01,7.0,,7.4,8.0,,,,,,,ttth,7340122,5,1,84
A01,,,7.8,6.75,,,,8.0,,,ttth,7340122,5,1,85
A00,,,,8.0,,,,7.75,7.4,,ttth,7340122,5,1,86
A00,,,,7.5,,,,8.0,7.8,,ttth,7340122,5,1,87
A00,,,,7.25,,,,7.5,7.8,,ttth,7340122,5,1,88
D01,7.0,,7.8,7.25,,,,,,,ttth,7340122,5,1,89
A00,,,,7.75,,,,7.25,7.0,,ttth,7340122,5,1,90
D01,6.0,,7.0,8.75,,,,,,,ttth,7340122,5,1,91
D01,7.4,,8.2,8.75,,,,,,,ttth,7340122,5,1,92
D01,7.8,,7.0,8.0,,,,,,,ttth,7340122,5,1,93
A00,,,,6.25,,,,8.0,7.6,,ttth,7340122,5,1,94
A00,,,,7.5,,,,6.75,7.6,,ttth,7340122,5,1,95
D01,6.4,,7.2,8.0,,,,,,,ttth,7340122,5,1,96
A00,,,,7.0,,,,8.0,6.6,,ttth,7340122,5,1,97
D01,5.4,,8.0,8.75,,,,,,,ttth,7340122,5,1,98
A00,,,,7.25,,,,7.25,7.4,,ttth,7340122,5,1,99
A01,,,7.2,8.25,,,,8.0,,,ttth,7340122,5,1,100
A01,,,7.4,7.25,,,,9.4,,,ttth,7340122,5,1,101
D01,6.6,,6.8,9.0,,,,,,,ttth,7340122,5,1,102
A01,,,7.0,8.0,,,,7.6,,,ttth,7340122,5,1,103
A00,,,,8.25,,,,8.0,7.6,,ttth,7340122,5,1,104
A01,,,8.2,7.5,,,,7.8,,,ttth,7340122,5,1,105
D01,5.0,,9.0,8.5,,,,,,,ttth,7340122,5,1,106
D01,7.2,,7.6,8.5,,,,,,,ttth,7340122,5,1,107
A00,,,,7.75,,,,7.25,7.8,,ttth,7340122,5,1,108
A00,,,,8.25,,,,7.75,7.6,,ttth,7340122,5,1,109
D01,6.6,,7.0,8.5,,,,,,,ttth,7340122,5,1,110
A00,,,,7.0,,,,7.75,7.2,,ttth,7340122,5,1,111
D01,7.0,,6.6,8.5,,,,,,,ttth,7340122,5,1,112
A00,,,,7.75,,,,8.75,7.4,,ttth,7340122,5,1,113
A00,,,,7.75,,,,8.0,7.4,,ttth,7340122,5,1,114
A01,,,8.0,6.75,,,,8.0,,,ttth,7340122,5,1,115
D01,7.4,,6.6,8.0,,,,,,,ttth,7340122,5,1,116
A00,,,,6.75,,,,7.75,7.4,,ttth,7340122,5,1,117
A01,,,7.8,8.75,,,,7.4,,,ttth,7340122,5,1,118
A00,,,,7.0,,,,7.5,7.8,,ttth,7340122,5,1,119
D01,6.25,,7.8,7.8,,,,,,,ttth,7340123,6,3,0
D01,5.0,,7.2,8.0,,,,,,,ttth,7340123,6,3,1
D01,6.6,,7.8,8.25,,,,,,,ttth,7340123,6,3,2
D01,4.6,,5.2,7.75,,,,,,,ttth,7340123,6,3,3
D01,5.4,,7.0,6.5,,,,,,,ttth,7340123,6,3,4
D01,4.2,,5.6,8.0,,,,,,,ttth,7340123,6,3,5
A00,,,,6.6,,,,6.75,7.75,,ttth,7340123,6,3,6
D01,5.6,,6.4,7.0,,,,,,,ttth,7340123,6,3,7
D01,6.0,,7.0,6.25,,,,,,,ttth,7340123,6,3,8
A00,,,,5.0,,,,7.5,6.6,,ttth,7340123,6,3,9
D01,7.0,,4.4,7.0,,,,,,,ttth,7340123,6,3,10
D01,6.2,,7.4,7.5,,,,,,,ttth,7340123,6,3,11
A00,,,,6.0,,,,7.25,7.0,,ttth,7340123,6,3,12
A01,,,7.2,6.75,,,,6.4,,,ttth,7340123,6,3,13
D01,7.4,,7.6,6.0,,,,,,,ttth,7340123,6,3,14
D01,7.25,,4.6,7.4,,,,,,,ttth,7340123,6,3,15
A00,,,,7.0,,,,6.5,6.5,,ttth,7340123,6,3,16
A01,,,7.2,7.0,,,,7.4,,,ttth,7340123,6,3,17
A01,,,7.2,7.5,,,,8.2,,,ttth,7340123,6,3,18
D01,4.2,,6.4,7.25,,,,,,,ttth,7340123,6,3,19
D01,5.0,,7.4,8.5,,,,,,,ttth,7340123,6,3,20
A00,,,,5.0,,,,6.5,6.2,,ttth,7340123,6,3,21
D01,7.0,,7.8,8.0,,,,,,,ttth,7340123,6,3,22
D01,5.0,,6.8,7.25,,,,,,,ttth,7340123,6,3,23
D01,8.0,,4.4,7.6,,,,,,,ttth,7340123,6,3,24
D01,5.6,,6.8,7.25,,,,,,,ttth,7340123,6,3,25
A00,,,,5.75,,,,8.0,7.4,,ttth,7340123,6,3,26
D01,7.5,,4.8,6.4,,,,,,,ttth,7340123,6,3,27
A01,,,7.0,6.75,,,,7.8,,,ttth,7340123,6,3,28
D01,7.0,,3.4,6.6,,,,,,,ttth,7340123,6,3,29
A00,,,,8.4,,,,7.0,6.25,,ttth,7340123,6,3,30
D01,8.0,,8.0,6.8,,,,,,,ttth,7340123,6,3,31
D01,7.0,,6.2,8.25,,,,,,,ttth,7340123,6,3,32
D01,6.6,,7.4,7.75,,,,,,,ttth,7340123,6,3,33
D01,6.6,,7.4,7.25,,,,,,,ttth,7340123,6,3,34
D01,7.8,,7.0,7.0,,,,,,,ttth,7340123,6,3,35
D01,7.0,,6.6,8.25,,,,,,,ttth,7340123,6,3,36
A01,,,7.8,7.6,,,,6.75,,,ttth,7340123,6,3,37
A00,,,,6.5,,,,6.75,7.4,,ttth,7340123,6,3,38
A00,,,,8.0,,,,7.25,7.6,,ttth,7340123,6,3,39
A00,,,,6.5,,,,6.75,8.0,,ttth,7340123,6,3,40
D01,6.5,,8.6,4.8,,,,,,,ttth,7340123,6,3,41
A00,,,,8.5,,,,7.0,7.4,,ttth,7340123,6,3,42
D01,6.5,,5.6,6.8,,,,,,,ttth,7340123,6,3,43
D01,5.5,,5.6,7.4,,,,,,,ttth,7340123,6,3,44
D01,6.0,,7.0,8.25,,,,,,,ttth,7340123,6,3,45
A00,,,,5.0,,,,6.5,6.8,,ttth,7340123,6,3,46
A01,,,7.8,7.25,,,,6.8,,,ttth,7340123,6,3,47
A00,,,,7.75,,,,4.75,7.2,,ttth,7340123,6,3,48
A00,,,,7.25,,,,6.0,7.6,,ttth,7340123,6,3,49
D01,5.4,,6.8,7.5,,,,,,,ttth,7340123,6,3,50
D01,4.6,,6.2,7.0,,,,,,,ttth,7340123,6,3,51
D01,7.8,,6.0,7.25,,,,,,,ttth,7340123,6,3,52
D01,5.8,,5.8,6.25,,,,,,,ttth,7340123,6,3,53
D01,4.4,,6.0,6.5,,,,,,,ttth,7340123,6,3,54
D01,7.4,,5.4,7.25,,,,,,,ttth,7340123,6,3,55
A00,,,,5.25,,,,6.25,8.0,,ttth,7340123,6,3,56
D01,6.8,,6.2,7.25,,,,,,,ttth,7340123,6,3,57
A00,,,,6.75,,,,6.25,7.2,,ttth,7340123,6,3,58
D01,6.25,,3.2,7.0,,,,,,,ttth,7340123,6,3,59
A00,,,,7.0,,,,7.5,7.0,,ttth,7340123,6,3,60
A00,,,,6.75,,,,7.5,6.6,,ttth,7340123,6,3,61
D01,6.2,,6.4,6.25,,,,,,,ttth,7340123,6,3,62
A01,,,7.8,7.5,,,,6.6,,,ttth,7340123,6,3,63
D01,7.75,,5.8,5.4,,,,,,,ttth,7340123,6,3,64
D01,5.4,,7.6,7.0,,,,,,,ttth,7340123,6,3,65
A00,,,,6.0,,,,7.5,6.6,,ttth,7340123,6,3,66
D01,5.0,,8.0,6.5,,,,,,,ttth,7340123,6,3,67
A00,,,,8.0,,,,8.5,7.8,,ttth,7340123,6,3,68
D01,7.8,,7.0,7.0,,,,,,,ttth,7340123,6,3,69
D01,5.4,,7.2,7.5,,,,,,,ttth,7340123,6,3,70
A00,,,,7.5,,,,6.75,7.8,,ttth,7340123,6,3,71
D01,3.6,,7.0,8.0,,,,,,,ttth,7340123,6,3,72
D01,7.2,,7.4,5.75,,,,,,,ttth,7340123,6,3,73
A00,,,,7.5,,,,6.0,6.8,,ttth,7340123,6,3,74
D01,5.2,,7.8,7.25,,,,,,,ttth,7340123,6,3,75
D01,6.2,,7.4,7.0,,,,,,,ttth,7340123,6,3,76
D01,5.6,,6.8,7.0,,,,,,,ttth,7340123,6,3,77
D01,6.6,,7.6,8.5,,,,,,,ttth,7340123,6,3,78
D01,6.2,,5.4,7.0,,,,,,,ttth,7340123,6,3,79
A00,,,,6.75,,,,6.0,7.4,,ttth,7340123,6,3,80
D01,6.2,,7.0,6.75,,,,,,,ttth,7340123,6,3,81
D01,5.0,,6.4,6.75,,,,,,,ttth,7340123,6,3,82
D01,4.8,,8.0,7.75,,,,,,,ttth,7340123,6,3,83
A00,,,,7.2,,,,6.25,6.5,,ttth,7340123,6,3,84
D01,5.0,,4.2,6.5,,,,,,,ttth,7340123,6,3,85
D01,5.75,,6.2,6.8,,,,,,,ttth,7340123,6,3,86
D01,6.5,,7.2,5.8,,,,,,,ttth,7340123,6,3,87
D01,6.5,,5.6,7.8,,,,,,,ttth,7340123,6,3,88
A00,,,,5.75,,,,6.25,6.6,,ttth,7340123,6,3,89
D01,5.8,,4.0,7.25,,,,,,,ttth,7340123,6,3,90
A00,,,,7.25,,,,6.25,7.6,,ttth,7340123,6,3,91
D01,7.5,,5.0,6.8,,,,,,,ttth,7340123,6,3,92
D01,4.4,,5.6,6.5,,,,,,,ttth,7340123,6,3,93
D01,4.4,,5.6,6.0,,,,,,,ttth,7340123,6,3,94
A00,,,,6.25,,,,4.5,7.6,,ttth,7340123,6,3,95
D01,6.4,,7.0,6.75,,,,,,,ttth,7340123,6,3,96
A00,,,,7.5,,,,6.25,6.6,,ttth,7340123,6,3,97
D01,4.8,,7.0,7.75,,,,,,,ttth,7340123,6,3,98
D01,5.75,,6.8,7.8,,,,,,,ttth,7340123,6,3,99
A00,,,,6.25,,,,8.0,8.0,,ttth,7340123,6,3,100
D01,6.5,,4.8,7.0,,,,,,,ttth,7340123,6,3,101
A01,,,9.2,7.8,,,,7.5,,,ttth,7340123,6,3,102
A00,,,,4.25,,,,6.25,7.2,,ttth,7340123,6,3,103
A01,,,8.0,7.0,,,,6.0,,,ttth,7340123,6,3,104
D01,5.4,,7.4,6.5,,,,,,,ttth,7340123,6,3,105
D01,6.5,,7.4,7.6,,,,,,,ttth,7340123,6,3,106
D01,7.0,,6.8,7.6,,,,,,,ttth,7340123,6,3,107
A00,,,,5.5,,,,8.25,7.8,,ttth,7340123,6,3,108
D01,7.25,,4.2,5.4,,,,,,,ttth,7340123,6,3,109
A01,,,7.6,7.0,,,,7.4,,,ttth,7340123,6,3,110
D01,7.0,,6.6,7.0,,,,,,,ttth,7340123,6,3,111
D01,6.5,,5.8,7.0,,,,,,,ttth,7340123,6,3,112
D01,6.75,,8.0,6.4,,,,,,,ttth,7340123,6,3,113
A01,,,7.2,7.2,,,,6.5,,,ttth,7340123,6,3,114
A01,,,7.4,7.0,,,,7.0,,,ttth,7340123,6,3,115
A00,,,,7.0,,,,7.0,8.0,,ttth,7340123,6,3,116
A00,,,,6.25,,,,6.75,7.0,,ttth,7340123,6,3,117
A00,,,,6.5,,,,7.25,7.2,,ttth,7340123,6,3,118
D01,7.75,,7.4,5.4,,,,,,,ttth,7340123,6,3,119
D01,7.0,,7.2,6.4,,,,,,,ttth,7340129,7,7,0
A00,,,,7.2,,,,6.5,7.5,,ttth,7340129,7,7,1
D01,6.6,,7.6,6.75,,,,,,,ttth,7340129,7,7,2
D01,7.5,,8.0,7.0,,,,,,,ttth,7340129,7,7,3
D01,7.6,,7.8,6.5,,,,,,,ttth,7340129,7,7,4
A01,,,7.8,5.75,,,,7.8,,,ttth,7340129,7,7,5
D01,7.2,,7.2,8.0,,,,,,,ttth,7340129,7,7,6
D01,6.0,,7.4,7.25,,,,,,,ttth,7340129,7,7,7
D01,6.2,,6.0,7.5,,,,,,,ttth,7340129,7,7,8
D01,7.8,,8.0,6.5,,,,,,,ttth,7340129,7,7,9
A01,,,6.4,7.4,,,,7.0,,,ttth,7340129,7,7,10
D01,6.75,,6.6,7.4,,,,,,,ttth,7340129,7,7,11
A00,,,,6.25,,,,6.5,7.2,,ttth,7340129,7,7,12
D01,5.6,,6.6,7.5,,,,,,,ttth,7340129,7,7,13
D01,7.25,,6.8,8.2,,,,,,,ttth,7340129,7,7,14
A01,,,6.2,7.5,,,,5.4,,,ttth,7340129,7,7,15
D01,7.75,,7.6,5.2,,,,,,,ttth,7340129,7,7,16
D01,4.2,,6.0,8.0,,,,,,,ttth,7340129,7,7,17
A00,,,,8.4,,,,6.25,8.0,,ttth,7340129,7,7,18
D01,6.5,,6.6,7.4,,,,,,,ttth,7340129,7,7,19
A00,,,,6.25,,,,7.75,8.2,,ttth,7340129,7,7,20
A00,,,,7.25,,,,7.25,7.0,,ttth,7340129,7,7,21
D01,7.0,,7.8,6.4,,,,,,,ttth,7340129,7,7,22
D01,7.2,,8.2,6.5,,,,,,,ttth,7340129,7,7,23
D01,6.0,,5.4,8.25,,,,,,,ttth,7340129,7,7,24
D01,7.75,,8.0,6.8,,,,,,,ttth,7340129,7,7,25
D01,6.2,,7.2,8.75,,,,,,,ttth,7340129,7,7,26
A00,,,,7.4,,,,6.0,6.75,,ttth,7340129,7,7,27
D01,8.25,,4.6,7.6,,,,,,,ttth,7340129,7,7,28
D01,8.0,,6.8,7.0,,,,,,,ttth,7340129,7,7,29
D01,6.0,,6.4,8.0,,,,,,,ttth,7340129,7,7,30
A00,,,,7.5,,,,8.0,7.4,,ttth,7340129,7,7,31
D01,6.4,,7.4,7.5,,,,,,,ttth,7340129,7,7,32
D01,7.0,,5.4,7.25,,,,,,,ttth,7340129,7,7,33
D01,7.5,,7.0,7.6,,,,,,,ttth,7340129,7,7,34
D01,5.4,,5.8,8.75,,,,,,,ttth,7340129,7,7,35
D01,6.6,,7.6,7.75,,,,,,,ttth,7340129,7,7,36
D01,7.4,,8.0,6.75,,,,,,,ttth,7340129,7,7,37
D01,5.0,,7.4,7.5,,,,,,,ttth,7340129,7,7,38
A00,,,,7.6,,,,7.25,8.0,,ttth,7340129,7,7,39
D01,7.0,,6.4,7.5,,,,,,,ttth,7340129,7,7,40
A00,,,,6.0,,,,6.75,7.0,,ttth,7340129,7,7,41
D01,8.0,,6.6,6.8,,,,,,,ttth,7340129,7,7,42
A00,,,,7.5,,,,7.0,7.4,,ttth,7340129,7,7,43
A00,,,,5.25,,,,6.5,7.0,,ttth,7340129,7,7,44
D01,5.4,,7.0,7.5,,,,,,,ttth,7340129,7,7,45
D01,6.5,,7.6,7.2,,,,,,,ttth,7340129,7,7,46
A00,,,,6.0,,,,7.5,6.6,,ttth,7340129,7,7,47
A00,,,,8.0,,,,7.75,7.6,,ttth,7340129,7,7,48
D01,8.0,,7.2,7.0,,,,,,,ttth,7340129,7,7,49
A00,,,,6.5,,,,7.25,7.6,,ttth,7340129,7,7,50
D01,5.75,,7.6,7.4,,,,,,,ttth,7340129,7,7,51
D01,7.0,,5.8,6.8,,,,,,,ttth,7340129,7,7,52
D01,6.25,,7.8,8.0,,,,,,,ttth,7340129,7,7,53
D01,5.6,,7.2,8.75,,,,,,,ttth,7340129,7,7,54
A00,,,,6.5,,,,7.25,7.8,,ttth,7340129,7,7,55
D01,7.25,,6.2,6.8,,,,,,,ttth,7340129,7,7,56
D01,7.4,,7.6,7.75,,,,,,,ttth,7340129,7,7,57
D01,6.2,,7.6,7.0,,,,,,,ttth,7340129,7,7,58
D01,8.0,,5.0,7.2,,,,,,,ttth,7340129,7,7,59
D01,5.2,,8.0,8.25,,,,,,,ttth,7340129,7,7,60
D01,7.6,,6.0,7.5,,,,,,,ttth,7340129,7,7,61
A00,,,,6.75,,,,7.25,8.0,,ttth,7340129,7,7,62
D01,7.0,,6.8,6.4,,,,,,,ttth,7340129,7,7,63
A00,,,,7.0,,,,6.75,7.6,,ttth,7340129,7,7,64
D01,7.2,,6.2,8.25,,,,,,,ttth,7340129,7,7,65
D01,7.4,,6.8,8.0,,,,,,,ttth,7340129,7,7,66
D01,8.75,,5.2,6.8,,,,,,,ttth,7340129,7,7,67
D01,4.8,,7.2,7.5,,,,,,,ttth,7340129,7,7,68
A00,,,,6.75,,,,7.5,7.6,,ttth,7340129,7,7,69
D01,6.4,,7.6,6.25,,,,,,,ttth,7340129,7,7,70
D01,7.0,,7.0,6.6,,,,,,,ttth,7340129,7,7,71
A00,,,,7.0,,,,7.25,7.6,,ttth,7340129,7,7,72
A00,,,,7.0,,,,7.25,7.8,,ttth,7340129,7,7,73
A00,,,,7.0,,,,5.75,7.5,,ttth,7340129,7,7,74
D01,7.5,,6.8,7.8,,,,,,,ttth,7340129,7,7,75
A00,,,,7.0,,,,6.5,7.6,,ttth,7340129,7,7,76
D01,4.8,,7.4,6.75,,,,,,,ttth,7340129,7,7,77
D01,6.25,,7.4,7.2,,,,,,,ttth,7340129,7,7,78
A00,,,,7.5,,,,6.25,7.8,,ttth,7340129,7,7,79
A00,,,,7.5,,,,7.5,7.4,,ttth,7340129,7,7,80
D01,5.6,,7.8,6.75,,,,,,,ttth,7340129,7,7,81
D01,6.0,,6.8,6.75,,,,,,,ttth,7340129,7,7,82
D01,7.6,,7.4,7.5,,,,,,,ttth,7340129,7,7,83
A01,,,8.0,6.5,,,,6.8,,,ttth,7340129,7,7,84
A01,,,7.8,7.25,,,,7.8,,,ttth,7340129,7,7,85
D01,6.8,,7.0,8.0,,,,,,,ttth,7340129,7,7,86
A00,,,,7.5,,,,6.25,8.0,,ttth,7340129,7,7,87
A00,,,,7.25,,,,6.5,8.4,,ttth,7340129,7,7,88
A00,,,,7.0,,,,7.5,5.6,,ttth,7340129,7,7,89
A00,,,,6.75,,,,6.5,8.2,,ttth,7340129,7,7,90
D01,8.25,,6.8,6.2,,,,,,,ttth,7340129,7,7,91
A00,,,,6.75,,,,7.5,7.0,,ttth,7340129,7,7,92
A01,,,6.8,8.25,,,,5.4,,,ttth,7340129,7,7,93
A00,,,,6.5,,,,8.25,7.6,,ttth,7340129,7,7,94
A00,,,,7.4,,,,6.75,6.5,,ttth,7340129,7,7,95
A00,,,,7.25,,,,7.75,7.0,,ttth,7340129,7,7,96
A01,,,7.6,7.8,,,,7.25,,,ttth,7340129,7,7,97
A00,,,,7.75,,,,7.25,6.2,,ttth,7340129,7,7,98
D01,7.25,,7.8,7.2,,,,,,,ttth,7340129,7,7,99
D01,5.2,,6.4,6.5,,,,,,,ttth,7340129,7,7,100
D01,7.0,,7.4,7.4,,,,,,,ttth,7340129,7,7,101
A00,,,,7.25,,,,7.75,8.2,,ttth,7340129,7,7,102
D01,5.2,,6.8,7.0,,,,,,,ttth,7340129,7,7,103
A00,,,,7.25,,,,8.25,7.0,,ttth,7340129,7,7,104
A00,,,,5.75,,,,8.0,8.0,,ttth,7340129,7,7,105
A00,,,,8.2,,,,6.5,7.25,,ttth,7340129,7,7,106
D01,4.6,,6.6,6.75,,,,,,,ttth,7340129,7,7,107
D01,6.8,,7.6,7.0,,,,,,,ttth,7340129,7,7,108
D01,7.5,,6.6,6.6,,,,,,,ttth,7340129,7,7,109
A00,,,,7.5,,,,6.0,7.6,,ttth,7340129,7,7,110
A01,,,6.8,6.8,,,,6.5,,,ttth,7340129,7,7,111
D01,8.4,,7.8,6.5,,,,,,,ttth,7340129,7,7,112
D01,4.0,,6.8,7.25,,,,,,,ttth,7340129,7,7,113
A00,,,,7.25,,,,8.0,8.0,,ttth,7340129,7,7,114
A00,,,,6.25,,,,8.0,7.4,,ttth,7340129,7,7,115
D01,6.6,,7.2,7.5,,,,,,,ttth,7340129,7,7,116
D01,5.4,,7.8,8.25,,,,,,,ttth,7340129,7,7,117
D01,4.8,,7.0,7.5,,,,,,,ttth,7340129,7,7,118
D01,4.6,,6.2,7.75,,,,,,,ttth,7340129,7,7,119
A00,,,,6.25,,,,7.25,7.2,,ttth,7340201,8,2,0
D01,8.4,,8.0,8.0,,,,,,,ttth,7340201,8,2,1
D01,6.6,,6.8,7.25,,,,,,,ttth,7340201,8,2,2
D01,4.8,,7.8,7.5,,,,,,,ttth,7340201,8,2,3
A00,,,,8.25,,,,7.25,7.6,,ttth,7340201,8,2,4
A01,,,9.0,7.8,,,,8.0,,,ttth,7340201,8,2,5
D01,7.8,,7.6,7.0,,,,,,,ttth,7340201,8,2,6
A00,,,,7.0,,,,7.75,8.2,,ttth,7340201,8,2,7
A00,,,,8.2,,,,6.75,7.75,,ttth,7340201,8,2,8
A00,,,,8.25,,,,7.5,8.2,,ttth,7340201,8,2,9
D01,7.75,,8.2,6.8,,,,,,,ttth,7340201,8,2,10
A00,,,,7.0,,,,7.0,8.0,,ttth,7340201,8,2,11
D01,7.5,,8.0,8.0,,,,,,,ttth,7340201,8,2,12
D01,9.0,,7.6,7.2,,,,,,,ttth,7340201,8,2,13
A00,,,,6.25,,,,8.0,7.2,,ttth,7340201,8,2,14
A00,,,,8.0,,,,8.0,7.8,,ttth,7340201,8,2,15
D01,7.75,,9.0,7.4,,,,,,,ttth,7340201,8,2,16
A01,,,7.6,8.0,,,,7.2,,,ttth,7340201,8,2,17
A00,,,,8.2,,,,7.0,8.0,,ttth,7340201,8,2,18
A01,,,6.8,7.25,,,,7.2,,,ttth,7340201,8,2,19
A00,,,,9.0,,,,6.75,6.75,,ttth,7340201,8,2,20
D01,8.4,,7.8,7.5,,,,,,,ttth,7340201,8,2,21
D01,7.2,,7.0,7.25,,,,,,,ttth,7340201,8,2,22
D01,6.6,,7.4,8.0,,,,,,,ttth,7340201,8,2,23
A00,,,,7.5,,,,7.75,8.4,,ttth,7340201,8,2,24
D01,5.8,,7.4,7.5,,,,,,,ttth,7340201,8,2,25
A00,,,,6.75,,,,6.75,6.8,,ttth,7340201,8,2,26
A01,,,8.2,8.0,,,,7.0,,,ttth,7340201,8,2,27
D01,7.5,,7.6,7.8,,,,,,,ttth,7340201,8,2,28
D01,7.75,,7.0,7.8,,,,,,,ttth,7340201,8,2,29
A00,,,,8.4,,,,6.25,7.75,,ttth,7340201,8,2,30
D01,7.25,,9.6,7.0,,,,,,,ttth,7340201,8,2,31
D01,6.4,,6.8,8.0,,,,,,,ttth,7340201,8,2,32
D01,6.2,,7.4,8.0,,,,,,,ttth,7340201,8,2,33
A00,,,,7.25,,,,8.5,8.2,,ttth,7340201,8,2,34
D01,7.75,,7.0,7.4,,,,,,,ttth,7340201,8,2,35
A00,,,,7.5,,,,8.5,7.6,,ttth,7340201,8,2,36
D01,5.6,,7.4,7.25,,,,,,,ttth,7340201,8,2,37
D01,7.75,,8.6,6.8,,,,,,,ttth,7340201,8,2,38
D01,8.0,,8.2,7.6,,,,,,,ttth,7340201,8,2,39
A00,,,,8.8,,,,7.0,7.5,,ttth,7340201,8,2,40
D01,7.75,,7.2,8.0,,,,,,,ttth,7340201,8,2,41
D01,6.6,,7.2,8.0,,,,,,,ttth,7340201,8,2,42
A00,,,,7.75,,,,7.25,6.8,,ttth,7340201,8,2,43
A00,,,,8.25,,,,8.75,7.4,,ttth,7340201,8,2,44
D01,8.5,,6.6,7.4,,,,,,,ttth,7340201,8,2,45
D01,5.2,,7.8,7.0,,,,,,,ttth,7340201,8,2,46
D01,8.25,,6.6,8.0,,,,,,,ttth,7340201,8,2,47
A00,,,,7.6,,,,7.25,7.5,,ttth,7340201,8,2,48
A00,,,,8.0,,,,7.75,8.0,,ttth,7340201,8,2,49
A00,,,,5.5,,,,7.25,8.0,,ttth,7340201,8,2,50
A00,,,,5.5,,,,8.0,8.2,,ttth,7340201,8,2,51
A01,,,7.6,8.4,,,,6.5,,,ttth,7340201,8,2,52
A00,,,,7.5,,,,8.25,8.2,,ttth,7340201,8,2,53
D01,6.6,,7.8,8.0,,,,,,,ttth,7340201,8,2,54
A00,,,,7.75,,,,7.0,7.0,,ttth,7340201,8,2,55
A00,,,,7.5,,,,6.0,7.0,,ttth,7340201,8,2,56
A00,,,,6.75,,,,6.75,7.4,,ttth,7340201,8,2,57
A00,,,,8.2,,,,8.0,8.25,,ttth,7340201,8,2,58
A01,,,8.2,7.0,,,,7.4,,,ttth,7340201,8,2,59
D01,6.0,,5.4,9.0,,,,,,,ttth,7340201,8,2,60
A00,,,,8.2,,,,7.0,8.25,,ttth,7340201,8,2,61
A00,,,,6.25,,,,7.75,8.8,,ttth,7340201,8,2,62
A00,,,,8.0,,,,8.5,7.5,,ttth,7340201,8,2,63
D01,7.2,,7.4,8.25,,,,,,,ttth,7340201,8,2,64
A01,,,7.8,8.0,,,,7.0,,,ttth,7340201,8,2,65
D01,7.6,,7.8,7.5,,,,,,,ttth,7340201,8,2,66
A00,,,,8.5,,,,6.75,8.2,,ttth,7340201,8,2,67
A00,,,,6.75,,,,7.5,7.2,,ttth,7340201,8,2,68
D01,7.25,,9.0,6.8,,,,,,,ttth,7340201,8,2,69
A00,,,,6.5,,,,7.5,6.8,,ttth,7340201,8,2,70
A00,,,,6.5,,,,6.75,8.4,,ttth,7340201,8,2,71
D01,6.2,,6.8,7.25,,,,,,,ttth,7340201,8,2,72
A01,,,7.6,8.6,,,,7.0,,,ttth,7340201,8,2,73
A01,,,8.4,7.25,,,,7.4,,,ttth,7340201,8,2,74
D01,8.5,,6.4,7.2,,,,,,,ttth,7340201,8,2,75
D01,7.6,,6.6,7.25,,,,,,,ttth,7340201,8,2,76
D01,7.2,,8.2,8.5,,,,,,,ttth,7340201,8,2,77
A01,,,7.8,7.5,,,,7.8,,,ttth,7340201,8,2,78
D01,5.8,,7.4,7.75,,,,,,,ttth,7340201,8,2,79
A01,,,8.8,8.4,,,,7.5,,,ttth,7340201,8,2,80
A00,,,,8.8,,,,7.75,8.5,,ttth,7340201,8,2,81
A00,,,,7.0,,,,6.75,6.4,,ttth,7340201,8,2,82
A00,,,,8.25,,,,6.75,7.6,,ttth,7340201,8,2,83
D01,7.5,,7.8,7.6,,,,,,,ttth,7340201,8,2,84
A00,,,,7.0,,,,6.25,6.8,,ttth,7340201,8,2,85
D01,7.25,,7.4,8.2,,,,,,,ttth,7340201,8,2,86
D01,8.25,,7.4,6.8,,,,,,,ttth,7340201,8,2,87
D01,8.5,,7.2,7.4,,,,,,,ttth,7340201,8,2,88
D01,7.4,,6.0,8.75,,,,,,,ttth,7340201,8,2,89
A00,,,,6.75,,,,6.5,7.6,,ttth,7340201,8,2,90
A00,,,,7.25,,,,7.75,7.6,,ttth,7340201,8,2,91
D01,7.2,,7.0,6.75,,,,,,,ttth,7340201,8,2,92
D01,6.0,,7.2,8.75,,,,,,,ttth,7340201,8,2,93
A00,,,,7.25,,,,7.5,8.4,,ttth,7340201,8,2,94
A00,,,,7.5,,,,8.0,7.6,,ttth,7340201,8,2,95
A00,,,,7.75,,,,7.0,6.6,,ttth,7340201,8,2,96
A00,,,,7.6,,,,8.0,7.25,,ttth,7340201,8,2,97
A00,,,,6.25,,,,7.25,7.6,,ttth,7340201,8,2,98
A01,,,8.8,7.0,,,,7.25,,,ttth,7340201,8,2,99
A00,,,,6.25,,,,7.25,7.2,,ttth,7340201,8,2,100
A00,,,,6.75,,,,7.25,8.2,,ttth,7340201,8,2,101
D01,8.0,,7.0,7.0,,,,,,,ttth,7340201,8,2,102
A00,,,,8.6,,,,8.0,7.5,,ttth,7340201,8,2,103
A01,,,8.0,7.8,,,,6.5,,,ttth,7340201,8,2,104
A01,,,9.0,7.2,,,,7.25,,,ttth,7340201,8,2,105
A00,,,,8.2,,,,7.25,7.5,,ttth,7340201,8,2,106
A00,,,,6.25,,,,6.75,7.2,,ttth,7340201,8,2,107
A00,,,,6.25,,,,7.25,7.6,,ttth,7340201,8,2,108
D01,7.5,,9.2,8.4,,,,,,,ttth,7340201,8,2,109
A01,,,6.8,8.2,,,,7.5,,,ttth,7340201,8,2,110
A00,,,,8.2,,,,7.25,7.5,,ttth,7340201,8,2,111
A00,,,,5.75,,,,8.0,7.8,,ttth,7340201,8,2,112
A01,,,7.0,7.5,,,,7.2,,,ttth,7340201,8,2,113
A01,,,7.6,8.6,,,,6.75,,,ttth,7340201,8,2,114
A00,,,,8.2,,,,6.5,8.25,,ttth,7340201,8,2,115
A00,,,,6.75,,,,8.0,8.2,,ttth,7340201,8,2,116
D01,7.5,,8.2,7.4,,,,,,,ttth,7340201,8,2,117
D01,7.5,,8.2,8.0,,,,,,,ttth,7340201,8,2,118
D01,7.8,,5.0,8.5,,,,,,,ttth,7340201,8,2,119
A01,,,7.8,6.25,,,,5.8,,,ttth,7340205,9,2,0
D01,7.8,,7.2,8.75,,,,,,,ttth,7340205,9,2,1
D01,7.2,,6.2,6.5,,,,,,,ttth,7340205,9,2,2
D01,5.8,,7.6,6.75,,,,,,,ttth,7340205,9,2,3
A00,,,,6.5,,,,6.5,7.8,,ttth,7340205,9,2,4
D07,,,6.6,7.25,,,,,6.0,,ttth,7340205,9,2,5
A00,,,,7.0,,,,5.75,8.2,,ttth,7340205,9,2,6
A01,,,6.0,7.0,,,,7.0,,,ttth,7340205,9,2,7
A01,,,7.4,7.5,,,,7.6,,,ttth,7340205,9,2,8
A01,,,6.0,7.0,,,,7.0,,,ttth,7340205,9,2,9
D07,,,7.4,7.25,,,,,7.0,,ttth,7340205,9,2,10
D01,4.6,,6.8,7.0,,,,,,,ttth,7340205,9,2,11
A00,,,,4.0,,,,7.75,6.8,,ttth,7340205,9,2,12
A00,,,,5.75,,,,6.25,7.6,,ttth,7340205,9,2,13
D01,4.8,,6.8,6.5,,,,,,,ttth,7340205,9,2,14
D01,8.0,,5.6,6.25,,,,,,,ttth,7340205,9,2,15
A00,,,,6.75,,,,7.75,7.8,,ttth,7340205,9,2,16
D07,,,6.8,8.25,,,,,7.0,,ttth,7340205,9,2,17
D07,,,7.2,6.5,,,,,7.0,,ttth,7340205,9,2,18
A00,,,,7.5,,,,6.5,5.4,,ttth,7340205,9,2,19
D01,4.4,,7.2,7.0,,,,,,,ttth,7340205,9,2,20
D01,6.2,,7.4,8.25,,,,,,,ttth,7340205,9,2,21
A00,,,,6.25,,,,7.75,8.0,,ttth,7340205,9,2,22
A00,,,,6.25,,,,6.0,6.0,,ttth,7340205,9,2,23
A00,,,,6.25,,,,7.75,8.0,,ttth,7340205,9,2,24
D01,5.0,,5.6,8.0,,,,,,,ttth,7340205,9,2,25
D01,7.8,,6.2,6.25,,,,,,,ttth,7340205,9,2,26
D01,8.2,,6.4,6.25,,,,,,,ttth,7340205,9,2,27
D01,5.0,,7.6,6.5,,,,,,,ttth,7340205,9,2,28
D01,5.8,,7.6,6.75,,,,,,,ttth,7340205,9,2,29
D01,6.2,,6.8,7.5,,,,,,,ttth,7340205,9,2,30
A00,,,,7.25,,,,5.75,6.6,,ttth,7340205,9,2,31
D01,5.4,,7.4,7.25,,,,,,,ttth,7340205,9,2,32
A00,,,,7.0,,,,5.75,8.2,,ttth,7340205,9,2,33
A00,,,,5.0,,,,6.0,7.0,,ttth,7340205,9,2,34
D01,7.6,,7.2,8.0,,,,,,,ttth,7340205,9,2,35
D07,,,6.8,6.25,,,,,6.2,,ttth,7340205,9,2,36
D01,5.0,,7.6,6.5,,,,,,,ttth,7340205,9,2,37
D01,6.0,,8.0,8.25,,,,,,,ttth,7340205,9,2,38
D01,5.8,,7.6,7.0,,,,,,,ttth,7340205,9,2,39
A00,,,,6.5,,,,6.75,7.0,,ttth,7340205,9,2,40
A00,,,,5.0,,,,6.0,7.0,,ttth,7340205,9,2,41
A00,,,,8.0,,,,8.0,7.8,,ttth,7340205,9,2,42
D01,5.2,,6.8,6.75,,,,,,,ttth,7340205,9,2,43
A00,,,,6.75,,,,6.0,6.8,,ttth,7340205,9,2,44
A00,,,,5.0,,,,6.0,7.0,,ttth,7340205,9,2,45
A00,,,,6.75,,,,7.25,5.6,,ttth,7340205,9,2,46
D01,4.6,,8.2,7.5,,,,,,,ttth,7340205,9,2,47
A00,,,,7.5,,,,7.25,7.2,,ttth,7340205,9,2,48
D01,5.8,,7.6,7.0,,,,,,,ttth,7340205,9,2,49
A01,,,7.4,7.25,,,,7.6,,,ttth,7340205,9,2,50
A01,,,7.0,6.5,,,,6.2,,,ttth,7340205,9,2,51
A01,,,7.4,7.5,,,,7.6,,,ttth,7340205,9,2,52
D01,5.0,,7.6,6.5,,,,,,,ttth,7340205,9,2,53
D01,7.6,,7.0,6.75,,,,,,,ttth,7340205,9,2,54
D01,6.6,,6.8,6.0,,,,,,,ttth,7340205,9,2,55
D01,6.6,,7.2,7.0,,,,,,,ttth,7340205,9,2,56
A00,,,,6.25,,,,6.0,6.0,,ttth,7340205,9,2,57
A00,,,,7.75,,,,6.25,7.4,,ttth,7340205,9,2,58
D01,5.8,,7.6,6.75,,,,,,,ttth,7340205,9,2,59
A00,,,,7.5,,,,6.0,5.2,,ttth,7340205,9,2,60
A00,,,,7.5,,,,7.0,7.2,,ttth,7340205,9,2,61
D01,5.8,,6.6,6.5,,,,,,,ttth,7340205,9,2,62
D01,5.8,,6.6,6.5,,,,,,,ttth,7340205,9,2,63
D01,5.8,,7.0,8.25,,,,,,,ttth,7340205,9,2,64
A00,,,,7.25,,,,7.25,8.0,,ttth,7340205,9,2,65
D01,6.2,,7.4,8.25,,,,,,,ttth,7340205,9,2,66
A00,,,,5.0,,,,6.0,7.0,,ttth,7340205,9,2,67
A00,,,,8.25,,,,7.75,7.6,,ttth,7340205,9,2,68
D01,6.0,,5.8,6.5,,,,,,,ttth,7340205,9,2,69
D07,,,6.4,7.25,,,,,6.4,,ttth,7340205,9,2,70
A01,,,7.0,7.0,,,,6.6,,,ttth,7340205,9,2,71
D01,6.4,,6.4,7.25,,,,,,,ttth,7340205,9,2,72
D01,4.6,,6.8,7.0,,,,,,,ttth,7340205,9,2,73
A01,,,7.2,5.25,,,,7.0,,,ttth,7340205,9,2,74
A00,,,,7.0,,,,6.0,7.0,,ttth,7340205,9,2,75
D07,,,6.8,8.25,,,,,7.0,,ttth,7340205,9,2,76
A00,,,,5.0,,,,6.0,7.0,,ttth,7340205,9,2,77
D07,,,7.2,6.5,,,,,7.0,,ttth,7340205,9,2,78
A00,,,,7.0,,,,5.75,8.2,,ttth,7340205,9,2,79
A00,,,,6.5,,,,7.5,5.0,,ttth,7340205,9,2,80
D07,,,6.8,8.25,,,,,7.0,,ttth,7340205,9,2,81
A00,,,,7.75,,,,6.25,7.4,,ttth,7340205,9,2,82
A00,,,,7.25,,,,6.5,6.0,,ttth,7340205,9,2,83
D01,7.6,,7.0,6.75,,,,,,,ttth,7340205,9,2,84
D07,,,7.4,7.25,,,,,7.0,,ttth,7340205,9,2,85
D01,7.8,,6.2,6.5,,,,,,,ttth,7340205,9,2,86
D01,6.6,,6.2,7.25,,,,,,,ttth,7340205,9,2,87
D01,6.0,,7.2,6.75,,,,,,,ttth,7340205,9,2,88
A00,,,,8.0,,,,8.0,7.8,,ttth,7340205,9,2,89
D01,5.2,,6.8,6.75,,,,,,,ttth,7340205,9,2,90
A00,,,,7.25,,,,7.25,8.0,,ttth,7340205,9,2,91
D01,5.8,,6.6,6.5,,,,,,,ttth,7340205,9,2,92
A00,,,,7.0,,,,7.75,7.4,,ttth,7340205,9,2,93
D01,6.6,,7.2,7.0,,,,,,,ttth,7340205,9,2,94
D01,6.8,,6.6,7.25,,,,,,,ttth,7340205,9,2,95
A01,,,7.8,6.5,,,,8.6,,,ttth,7340205,9,2,96
D07,,,6.4,7.25,,,,,6.4,,ttth,7340205,9,2,97
D01,6.4,,6.4,7.25,,,,,,,ttth,7340205,9,2,98
D01,6.2,,7.4,7.5,,,,,,,ttth,7340205,9,2,99
D01,9.0,,7.0,5.5,,,,,,,ttth,7340205,9,2,100
D01,6.2,,6.8,7.5,,,,,,,ttth,7340205,9,2,101
A00,,,,5.5,,,,5.75,7.0,,ttth,7340205,9,2,102
A00,,,,6.25,,,,6.0,7.6,,ttth,7340205,9,2,103
D01,5.0,,6.8,6.75,,,,,,,ttth,7340205,9,2,104
D01,7.6,,7.0,6.75,,,,,,,ttth,7340205,9,2,105
D01,7.0,,5.6,5.75,,,,,,,ttth,7340205,9,2,106
A01,,,7.4,7.25,,,,7.6,,,ttth,7340205,9,2,107
D01,6.2,,7.4,8.25,,,,,,,ttth,7340205,9,2,108
A00,,,,7.5,,,,6.5,5.4,,ttth,7340205,9,2,109
D01,6.2,,7.4,8.25,,,,,,,ttth,7340205,9,2,110
A01,,,7.0,7.0,,,,6.6,,,ttth,7340205,9,2,111
A00,,,,6.5,,,,8.0,5.6,,ttth,7340205,9,2,112
D01,5.0,,5.6,8.0,,,,,,,ttth,7340205,9,2,113
D01,7.2,,7.4,6.5,,,,,,,ttth,7340205,9,2,114
D01,5.0,,6.8,6.75,,,,,,,ttth,7340205,9,2,115
D01,5.6,,6.6,6.5,,,,,,,ttth,7340205,9,2,116
D01,6.4,,5.6,6.75,,,,,,,ttth,7340205,9,2,117
D07,,,7.2,6.5,,,,,7.0,,ttth,7340205,9,2,118
A01,,,7.8,6.25,,,,5.8,,,ttth,7340205,9,2,119
D01,8.8,,7.2,7.0,,,,,,,ttth,7340301,10,2,0
D01,6.2,,7.6,7.75,,,,,,,ttth,7340301,10,2,1
A00,,,,7.0,,,,7.5,6.8,,ttth,7340301,10,2,2
D01,7.5,,7.8,6.8,,,,,,,ttth,7340301,10,2,3
A00,,,,6.5,,,,6.75,7.2,,ttth,7340301,10,2,4
D01,8.0,,6.6,8.0,,,,,,,ttth,7340301,10,2,5
A00,,,,7.8,,,,7.0,7.75,,ttth,7340301,10,2,6
A00,,,,7.25,,,,6.75,7.8,,ttth,7340301,10,2,7
A00,,,,7.5,,,,8.0,8.2,,ttth,7340301,10,2,8
A00,,,,6.75,,,,8.25,6.4,,ttth,7340301,10,2,9
D01,6.8,,7.0,7.25,,,,,,,ttth,7340301,10,2,10
D01,5.8,,7.4,9.25,,,,,,,ttth,7340301,10,2,11
D01,7.75,,7.2,8.4,,,,,,,ttth,7340301,10,2,12
A00,,,,7.5,,,,7.25,7.4,,ttth,7340301,10,2,13
D01,7.75,,7.6,7.2,,,,,,,ttth,7340301,10,2,14
A00,,,,8.2,,,,6.5,8.25,,ttth,7340301,10,2,15
A00,,,,7.25,,,,8.25,7.6,,ttth,7340301,10,2,16
D01,8.8,,7.0,7.75,,,,,,,ttth,7340301,10,2,17
A00,,,,6.5,,,,6.5,8.0,,ttth,7340301,10,2,18
D01,7.0,,8.6,7.6,,,,,,,ttth,7340301,10,2,19
D01,6.8,,7.6,6.5,,,,,,,ttth,7340301,10,2,20
D01,6.0,,7.2,7.5,,,,,,,ttth,7340301,10,2,21
D01,7.0,,7.6,7.6,,,,,,,ttth,7340301,10,2,22
D01,5.4,,7.4,8.0,,,,,,,ttth,7340301,10,2,23
A00,,,,8.5,,,,6.0,8.4,,ttth,7340301,10,2,24
D01,9.0,,6.6,7.0,,,,,,,ttth,7340301,10,2,25
A00,,,,7.0,,,,7.0,7.8,,ttth,7340301,10,2,26
A00,,,,7.2,,,,7.25,8.0,,ttth,7340301,10,2,27
D01,8.0,,7.6,7.6,,,,,,,ttth,7340301,10,2,28
D01,6.75,,8.6,7.0,,,,,,,ttth,7340301,10,2,29
A01,,,8.0,6.5,,,,7.6,,,ttth,7340301,10,2,30
D01,6.8,,6.4,7.0,,,,,,,ttth,7340301,10,2,31
D01,6.8,,7.0,6.75,,,,,,,ttth,7340301,10,2,32
A00,,,,5.0,,,,8.25,7.6,,ttth,7340301,10,2,33
A00,,,,7.0,,,,8.5,7.4,,ttth,7340301,10,2,34
D01,4.8,,7.2,7.75,,,,,,,ttth,7340301,10,2,35
A00,,,,7.0,,,,7.5,8.0,,ttth,7340301,10,2,36
D01,6.6,,6.2,7.0,,,,,,,ttth,7340301,10,2,37
D01,8.5,,6.6,7.4,,,,,,,ttth,7340301,10,2,38
D01,7.5,,7.8,7.4,,,,,,,ttth,7340301,10,2,39
D01,6.8,,7.4,6.5,,,,,,,ttth,7340301,10,2,40
A00,,,,7.8,,,,7.5,8.0,,ttth,7340301,10,2,41
A00,,,,7.8,,,,6.5,8.5,,ttth,7340301,10,2,42
D01,6.2,,7.6,7.0,,,,,,,ttth,7340301,10,2,43
D01,7.75,,7.4,8.0,,,,,,,ttth,7340301,10,2,44
A00,,,,6.75,,,,6.75,7.0,,ttth,7340301,10,2,45
A00,,,,7.8,,,,7.5,8.25,,ttth,7340301,10,2,46
A00,,,,8.4,,,,8.25,7.75,,ttth,7340301,10,2,47
A01,,,7.8,7.6,,,,7.5,,,ttth,7340301,10,2,48
D01,6.4,,7.8,7.75,,,,,,,ttth,7340301,10,2,49
D01,7.0,,7.6,8.0,,,,,,,ttth,7340301,10,2,50
A00,,,,8.5,,,,7.0,8.0,,ttth,7340301,10,2,51
A00,,,,7.8,,,,7.0,7.75,,ttth,7340301,10,2,52
A00,,,,7.6,,,,7.25,8.25,,ttth,7340301,10,2,53
D01,8.0,,7.4,7.2,,,,,,,ttth,7340301,10,2,54
D01,8.0,,7.2,7.2,,,,,,,ttth,7340301,10,2,55
A00,,,,8.0,,,,7.75,8.25,,ttth,7340301,10,2,56
A00,,,,5.5,,,,7.5,7.8,,ttth,7340301,10,2,57
A00,,,,8.4,,,,8.5,8.0,,ttth,7340301,10,2,58
D01,7.5,,7.8,7.4,,,,,,,ttth,7340301,10,2,59
A00,,,,8.2,,,,6.75,7.75,,ttth,7340301,10,2,60
A00,,,,8.6,,,,7.0,7.25,,ttth,7340301,10,2,61
A00,,,,5.5,,,,7.75,7.4,,ttth,7340301,10,2,62
A00,,,,7.8,,,,6.75,7.5,,ttth,7340301,10,2,63
D01,8.0,,6.6,8.0,,,,,,,ttth,7340301,10,2,64
D01,9.0,,7.8,7.6,,,,,,,ttth,7340301,10,2,65
D01,6.2,,7.2,7.0,,,,,,,ttth,7340301,10,2,66
A00,,,,8.0,,,,7.25,8.0,,ttth,7340301,10,2,67
D01,8.2,,6.8,8.0,,,,,,,ttth,7340301,10,2,68
D01,8.5,,7.6,8.2,,,,,,,ttth,7340301,10,2,69
A00,,,,8.25,,,,8.0,7.0,,ttth,7340301,10,2,70
D01,8.25,,8.2,7.4,,,,,,,ttth,7340301,10,2,71
A00,,,,8.2,,,,7.75,8.5,,ttth,7340301,10,2,72
D01,8.5,,8.0,6.6,,,,,,,ttth,7340301,10,2,73
A01,,,8.4,7.5,,,,8.0,,,ttth,7340301,10,2,74
D01,6.0,,7.4,6.75,,,,,,,ttth,7340301,10,2,75
A00,,,,7.5,,,,8.25,7.4,,ttth,7340301,10,2,76
A00,,,,8.0,,,,6.75,8.0,,ttth,7340301,10,2,77
A00,,,,7.8,,,,6.75,8.75,,ttth,7340301,10,2,78
A00,,,,8.2,,,,6.5,8.25,,ttth,7340301,10,2,79
A00,,,,7.25,,,,8.5,8.0,,ttth,7340301,10,2,80
D01,7.75,,8.6,7.2,,,,,,,ttth,7340301,10,2,81
D01,7.4,,7.6,9.0,,,,,,,ttth,7340301,10,2,82
A00,,,,6.25,,,,7.75,7.8,,ttth,7340301,10,2,83
A01,,,7.2,6.5,,,,6.6,,,ttth,7340301,10,2,84
A00,,,,7.0,,,,7.0,8.25,,ttth,7340301,10,2,85
A00,,,,8.0,,,,7.0,7.5,,ttth,7340301,10,2,86
A00,,,,7.25,,,,7.25,7.6,,ttth,7340301,10,2,87
D01,8.0,,6.4,7.25,,,,,,,ttth,7340301,10,2,88
D01,7.4,,6.6,7.75,,,,,,,ttth,7340301,10,2,89
D01,6.0,,6.4,8.0,,,,,,,ttth,7340301,10,2,90
A00,,,,7.6,,,,7.5,7.75,,ttth,7340301,10,2,91
A00,,,,6.75,,,,6.75,7.6,,ttth,7340301,10,2,92
A01,,,7.2,8.8,,,,8.0,,,ttth,7340301,10,2,93
D01,6.6,,7.2,8.0,,,,,,,ttth,7340301,10,2,94
A00,,,,7.75,,,,8.25,8.2,,ttth,7340301,10,2,95
A00,,,,8.0,,,,7.25,8.0,,ttth,7340301,10,2,96
A01,,,7.4,8.2,,,,7.0,,,ttth,7340301,10,2,97
D01,6.4,,6.8,6.5,,,,,,,ttth,7340301,10,2,98
A01,,,8.4,7.6,,,,7.75,,,ttth,7340301,10,2,99
A00,,,,7.5,,,,7.5,8.4,,ttth,7340301,10,2,100
A00,,,,7.75,,,,8.0,8.4,,ttth,7340301,10,2,101
D01,7.75,,7.2,7.8,,,,,,,ttth,7340301,10,2,102
D01,7.8,,6.0,7.25,,,,,,,ttth,7340301,10,2,103
A00,,,,6.0,,,,6.75,7.8,,ttth,7340301,10,2,104
D01,7.25,,7.4,7.6,,,,,,,ttth,7340301,10,2,105
A00,,,,8.0,,,,7.5,8.4,,ttth,7340301,10,2,106
A00,,,,8.0,,,,7.0,7.2,,ttth,7340301,10,2,107
D01,5.8,,7.8,7.25,,,,,,,ttth,7340301,10,2,108
D01,7.2,,6.0,8.25,,,,,,,ttth,7340301,10,2,109
A00,,,,6.75,,,,6.0,7.4,,ttth,7340301,10,2,110
D01,7.25,,7.8,8.0,,,,,,,ttth,7340301,10,2,111
A01,,,7.8,7.5,,,,8.6,,,ttth,7340301,10,2,112
A00,,,,7.0,,,,7.75,8.4,,ttth,7340301,10,2,113
A01,,,8.2,7.6,,,,7.5,,,ttth,7340301,10,2,114
A00,,,,7.5,,,,7.75,7.0,,ttth,7340301,10,2,115
D01,7.5,,8.6,7.4,,,,,,,ttth,7340301,10,2,116
D01,8.25,,6.6,8.4,,,,,,,ttth,7340301,10,2,117
D01,5.8,,7.4,7.0,,,,,,,ttth,7340301,10,2,118
A00,,,,7.5,,,,7.5,7.2,,ttth,7340301,10,2,119
A01,,,8.0,8.0,,,,8.0,,,bootstrap_khaosat,7380101,11,8,0
D07,,,6.0,7.0,,,,,7.0,,bootstrap_khaosat,7380101,11,8,1
D01,7.25,,8.75,8.25,,,,,,,bootstrap_khaosat,7380101,11,8,2
D07,,,6.0,7.0,,,,,7.0,,bootstrap_khaosat,7380101,11,8,3
X01,9.0,,,5.25,8.75,,,,,,bootstrap_khaosat,7380101,11,8,4
D07,,,6.0,7.0,,,,,7.0,,bootstrap_khaosat,7380101,11,8,5
D01,8.0,,8.25,7.5,,,,,,,bootstrap_khaosat,7380101,11,8,6
X01,6.5,,,6.75,5.0,,,,,,bootstrap_khaosat,7380101,11,8,7
A01,,,8.0,8.0,,,,8.0,,,bootstrap_khaosat,7380101,11,8,8
D01,7.25,,8.75,8.25,,,,,,,bootstrap_khaosat,7380101,11,8,9
D01,7.25,,7.0,8.0,,,,,,,bootstrap_khaosat,7380101,11,8,10
X01,9.0,,,5.25,8.75,,,,,,bootstrap_khaosat,7380101,11,8,11
A01,,,8.0,8.0,,,,8.0,,,bootstrap_khaosat,7380101,11,8,12
D01,7.25,,7.0,8.0,,,,,,,bootstrap_khaosat,7380101,11,8,13
X01,9.0,,,5.25,8.75,,,,,,bootstrap_khaosat,7380101,11,8,14
C00,7.0,5.0,,,,,6.75,,,,bootstrap_khaosat,7380101,11,8,15
D01,7.25,,7.0,8.0,,,,,,,bootstrap_khaosat,7380101,11,8,16
D01,7.25,,8.75,8.25,,,,,,,bootstrap_khaosat,7380101,11,8,17
X01,9.0,,,5.25,8.75,,,,,,bootstrap_khaosat,7380101,11,8,18
X01,6.5,,,6.75,5.0,,,,,,bootstrap_khaosat,7380101,11,8,19
D01,7.25,,8.75,8.25,,,,,,,bootstrap_khaosat,7380101,11,8,20
D07,,,6.0,7.0,,,,,7.0,,bootstrap_khaosat,7380101,11,8,21
D01,7.25,,8.75,8.25,,,,,,,bootstrap_khaosat,7380101,11,8,22
A01,,,8.0,8.0,,,,8.0,,,bootstrap_khaosat,7380101,11,8,23
D07,,,6.0,7.0,,,,,7.0,,bootstrap_khaosat,7380101,11,8,24
D01,7.25,,8.75,8.25,,,,,,,bootstrap_khaosat,7380101,11,8,25
C00,7.0,5.0,,,,,6.75,,,,bootstrap_khaosat,7380101,11,8,26
D01,7.25,,7.0,8.0,,,,,,,bootstrap_khaosat,7380101,11,8,27
X01,6.5,,,6.75,5.0,,,,,,bootstrap_khaosat,7380101,11,8,28
D01,7.25,,7.0,8.0,,,,,,,bootstrap_khaosat,7380101,11,8,29
C00,7.0,5.0,,,,,6.75,,,,bootstrap_khaosat,7380101,11,8,30
D01,7.25,,8.75,8.25,,,,,,,bootstrap_khaosat,7380101,11,8,31
D01,7.25,,8.75,8.25,,,,,,,bootstrap_khaosat,7380101,11,8,32
D01,7.25,,7.0,8.0,,,,,,,bootstrap_khaosat,7380101,11,8,33
D07,,,6.0,7.0,,,,,7.0,,bootstrap_khaosat,7380101,11,8,34
D01,7.25,,7.0,8.0,,,,,,,bootstrap_khaosat,7380101,11,8,35
D07,,,6.0,7.0,,,,,7.0,,bootstrap_khaosat,7380101,11,8,36
X01,6.5,,,6.75,5.0,,,,,,bootstrap_khaosat,7380101,11,8,37
D01,7.25,,7.0,8.0,,,,,,,bootstrap_khaosat,7380101,11,8,38
A01,,,8.0,8.0,,,,8.0,,,bootstrap_khaosat,7380101,11,8,39
D01,8.0,,8.25,7.5,,,,,,,bootstrap_khaosat,7380101,11,8,40
C00,7.0,5.0,,,,,6.75,,,,bootstrap_khaosat,7380101,11,8,41
A01,,,8.0,8.0,,,,8.0,,,bootstrap_khaosat,7380101,11,8,42
A01,,,8.0,8.0,,,,8.0,,,bootstrap_khaosat,7380101,11,8,43
D01,7.25,,8.75,8.25,,,,,,,bootstrap_khaosat,7380101,11,8,44
X01,9.0,,,5.25,8.75,,,,,,bootstrap_khaosat,7380101,11,8,45
D07,,,6.0,7.0,,,,,7.0,,bootstrap_khaosat,7380101,11,8,46
D07,,,6.0,7.0,,,,,7.0,,bootstrap_khaosat,7380101,11,8,47
X01,9.0,,,5.25,8.75,,,,,,bootstrap_khaosat,7380101,11,8,48
X01,6.5,,,6.75,5.0,,,,,,bootstrap_khaosat,7380101,11,8,49
X01,6.5,,,6.75,5.0,,,,,,bootstrap_khaosat,7380101,11,8,50
C00,7.0,5.0,,,,,6.75,,,,bootstrap_khaosat,7380101,11,8,51
D01,8.0,,8.25,7.5,,,,,,,bootstrap_khaosat,7380101,11,8,52
D01,7.25,,7.0,8.0,,,,,,,bootstrap_khaosat,7380101,11,8,53
D01,7.25,,7.0,8.0,,,,,,,bootstrap_khaosat,7380101,11,8,54
D01,7.25,,7.0,8.0,,,,,,,bootstrap_khaosat,7380101,11,8,55
D07,,,6.0,7.0,,,,,7.0,,bootstrap_khaosat,7380101,11,8,56
D01,8.0,,8.25,7.5,,,,,,,bootstrap_khaosat,7380101,11,8,57
D01,7.25,,7.0,8.0,,,,,,,bootstrap_khaosat,7380101,11,8,58
D01,7.25,,8.75,8.25,,,,,,,bootstrap_khaosat,7380101,11,8,59
D07,,,6.0,7.0,,,,,7.0,,bootstrap_khaosat,7380101,11,8,60
D01,7.25,,8.75,8.25,,,,,,,bootstrap_khaosat,7380101,11,8,61
D01,8.0,,8.25,7.5,,,,,,,bootstrap_khaosat,7380101,11,8,62
D01,7.25,,7.0,8.0,,,,,,,bootstrap_khaosat,7380101,11,8,63
D07,,,6.0,7.0,,,,,7.0,,bootstrap_khaosat,7380101,11,8,64
C00,7.0,5.0,,,,,6.75,,,,bootstrap_khaosat,7380101,11,8,65
C00,7.0,5.0,,,,,6.75,,,,bootstrap_khaosat,7380101,11,8,66
D01,7.25,,7.0,8.0,,,,,,,bootstrap_khaosat,7380101,11,8,67
D01,7.25,,8.75,8.25,,,,,,,bootstrap_khaosat,7380101,11,8,68
X01,6.5,,,6.75,5.0,,,,,,bootstrap_khaosat,7380101,11,8,69
D01,7.25,,7.0,8.0,,,,,,,bootstrap_khaosat,7380101,11,8,70
D01,7.25,,7.0,8.0,,,,,,,bootstrap_khaosat,7380101,11,8,71
C00,7.0,5.0,,,,,6.75,,,,bootstrap_khaosat,7380101,11,8,72
D01,8.0,,8.25,7.5,,,,,,,bootstrap_khaosat,7380101,11,8,73
C00,7.0,5.0,,,,,6.75,,,,bootstrap_khaosat,7380101,11,8,74
X01,6.5,,,6.75,5.0,,,,,,bootstrap_khaosat,7380101,11,8,75
C00,7.0,5.0,,,,,6.75,,,,bootstrap_khaosat,7380101,11,8,76
C00,7.0,5.0,,,,,6.75,,,,bootstrap_khaosat,7380101,11,8,77
D01,7.25,,8.75,8.25,,,,,,,bootstrap_khaosat,7380101,11,8,78
C00,7.0,5.0,,,,,6.75,,,,bootstrap_khaosat,7380101,11,8,79
X01,9.0,,,5.25,8.75,,,,,,bootstrap_khaosat,7380101,11,8,80
D01,7.25,,7.0,8.0,,,,,,,bootstrap_khaosat,7380101,11,8,81
X01,6.5,,,6.75,5.0,,,,,,bootstrap_khaosat,7380101,11,8,82
X01,9.0,,,5.25,8.75,,,,,,bootstrap_khaosat,7380101,11,8,83
C00,7.0,5.0,,,,,6.75,,,,bootstrap_khaosat,7380101,11,8,84
A01,,,8.0,8.0,,,,8.0,,,bootstrap_khaosat,7380101,11,8,85
X01,6.5,,,6.75,5.0,,,,,,bootstrap_khaosat,7380101,11,8,86
D01,8.0,,8.25,7.5,,,,,,,bootstrap_khaosat,7380101,11,8,87
D01,7.25,,8.75,8.25,,,,,,,bootstrap_khaosat,7380101,11,8,88
D01,7.25,,7.0,8.0,,,,,,,bootstrap_khaosat,7380101,11,8,89
D07,,,6.0,7.0,,,,,7.0,,bootstrap_khaosat,7380101,11,8,90
A01,,,8.0,8.0,,,,8.0,,,bootstrap_khaosat,7380101,11,8,91
D07,,,6.0,7.0,,,,,7.0,,bootstrap_khaosat,7380101,11,8,92
X01,6.5,,,6.75,5.0,,,,,,bootstrap_khaosat,7380101,11,8,93
D07,,,6.0,7.0,,,,,7.0,,bootstrap_khaosat,7380101,11,8,94
D07,,,6.0,7.0,,,,,7.0,,bootstrap_khaosat,7380101,11,8,95
X01,6.5,,,6.75,5.0,,,,,,bootstrap_khaosat,7380101,11,8,96
C00,7.0,5.0,,,,,6.75,,,,bootstrap_khaosat,7380101,11,8,97
X01,6.5,,,6.75,5.0,,,,,,bootstrap_khaosat,7380101,11,8,98
D07,,,6.0,7.0,,,,,7.0,,bootstrap_khaosat,7380101,11,8,99
D01,7.25,,8.75,8.25,,,,,,,bootstrap_khaosat,7380101,11,8,100
D01,7.25,,8.75,8.25,,,,,,,bootstrap_khaosat,7380101,11,8,101
A01,,,8.0,8.0,,,,8.0,,,bootstrap_khaosat,7380101,11,8,102
X01,6.5,,,6.75,5.0,,,,,,bootstrap_khaosat,7380101,11,8,103
X01,9.0,,,5.25,8.75,,,,,,bootstrap_khaosat,7380101,11,8,104
D01,8.0,,8.25,7.5,,,,,,,bootstrap_khaosat,7380101,11,8,105
D01,7.25,,8.75,8.25,,,,,,,bootstrap_khaosat,7380101,11,8,106
X01,9.0,,,5.25,8.75,,,,,,bootstrap_khaosat,7380101,11,8,107
D01,8.0,,8.25,7.5,,,,,,,bootstrap_khaosat,7380101,11,8,108
D01,7.25,,8.75,8.25,,,,,,,bootstrap_khaosat,7380101,11,8,109
D07,,,6.0,7.0,,,,,7.0,,bootstrap_khaosat,7380101,11,8,110
D01,7.25,,7.0,8.0,,,,,,,bootstrap_khaosat,7380101,11,8,111
X01,9.0,,,5.25,8.75,,,,,,bootstrap_khaosat,7380101,11,8,112
D01,7.25,,8.75,8.25,,,,,,,bootstrap_khaosat,7380101,11,8,113
D01,7.25,,8.75,8.25,,,,,,,bootstrap_khaosat,7380101,11,8,114
X01,6.5,,,6.75,5.0,,,,,,bootstrap_khaosat,7380101,11,8,115
D01,7.25,,8.75,8.25,,,,,,,bootstrap_khaosat,7380101,11,8,116
X01,9.0,,,5.25,8.75,,,,,,bootstrap_khaosat,7380101,11,8,117
X01,6.5,,,6.75,5.0,,,,,,bootstrap_khaosat,7380101,11,8,118
X01,9.0,,,5.25,8.75,,,,,,bootstrap_khaosat,7380101,11,8,119
D15,6.75,4.6,8.0,,,,,,,,ttth,7380107,12,8,0
A00,,,,7.0,,,,7.5,7.4,,ttth,7380107,12,8,1
A01,,,7.4,5.0,,,,7.2,,,ttth,7380107,12,8,2
D01,7.0,,6.2,7.5,,,,,,,ttth,7380107,12,8,3
A00,,,,8.4,,,,7.0,7.5,,ttth,7380107,12,8,4
D15,7.75,5.4,7.25,,,,,,,,ttth,7380107,12,8,5
D01,7.2,,8.2,7.5,,,,,,,ttth,7380107,12,8,6
D01,7.5,,5.4,8.2,,,,,,,ttth,7380107,12,8,7
D15,6.75,7.6,5.25,,,,,,,,ttth,7380107,12,8,8
D01,7.0,,6.6,8.25,,,,,,,ttth,7380107,12,8,9
D01,7.8,,6.8,7.5,,,,,,,ttth,7380107,12,8,10
A00,,,,6.25,,,,7.5,6.6,,ttth,7380107,12,8,11
D01,8.0,,7.6,7.6,,,,,,,ttth,7380107,12,8,12
A01,,,8.4,7.25,,,,7.2,,,ttth,7380107,12,8,13
D01,6.75,,7.6,7.4,,,,,,,ttth,7380107,12,8,14
D01,7.6,,7.0,8.25,,,,,,,ttth,7380107,12,8,15
A00,,,,7.6,,,,6.75,7.0,,ttth,7380107,12,8,16
A00,,,,7.0,,,,8.0,6.4,,ttth,7380107,12,8,17
A00,,,,6.0,,,,6.5,6.8,,ttth,7380107,12,8,18
D01,6.6,,7.4,7.75,,,,,,,ttth,7380107,12,8,19
D01,7.0,,7.6,7.4,,,,,,,ttth,7380107,12,8,20
D01,6.8,,6.4,6.5,,,,,,,ttth,7380107,12,8,21
D01,7.5,,7.0,7.2,,,,,,,ttth,7380107,12,8,22
D01,7.4,,7.4,7.5,,,,,,,ttth,7380107,12,8,23
D01,8.0,,7.8,7.0,,,,,,,ttth,7380107,12,8,24
D15,6.75,4.4,8.0,,,,,,,,ttth,7380107,12,8,25
D15,5.5,8.0,6.0,,,,,,,,ttth,7380107,12,8,26
D01,7.4,,7.4,7.5,,,,,,,ttth,7380107,12,8,27
D01,5.8,,7.0,7.25,,,,,,,ttth,7380107,12,8,28
A00,,,,6.8,,,,7.0,7.75,,ttth,7380107,12,8,29
A00,,,,7.75,,,,7.25,8.0,,ttth,7380107,12,8,30
A00,,,,5.75,,,,8.25,7.4,,ttth,7380107,12,8,31
A01,,,8.4,6.5,,,,6.4,,,ttth,7380107,12,8,32
D01,7.6,,6.6,7.0,,,,,,,ttth,7380107,12,8,33
A00,,,,6.0,,,,7.75,7.0,,ttth,7380107,12,8,34
A00,,,,7.4,,,,8.25,7.25,,ttth,7380107,12,8,35
A00,,,,6.25,,,,7.75,7.2,,ttth,7380107,12,8,36
D01,6.0,,8.8,8.0,,,,,,,ttth,7380107,12,8,37
D01,7.75,,7.8,7.2,,,,,,,ttth,7380107,12,8,38
A00,,,,7.25,,,,7.5,8.2,,ttth,7380107,12,8,39
A00,,,,7.25,,,,7.75,8.2,,ttth,7380107,12,8,40
D01,6.75,,8.6,8.2,,,,,,,ttth,7380107,12,8,41
D01,6.75,,8.4,7.4,,,,,,,ttth,7380107,12,8,42
A00,,,,8.6,,,,7.25,8.0,,ttth,7380107,12,8,43
D01,6.75,,8.0,7.6,,,,,,,ttth,7380107,12,8,44
A01,,,8.8,7.0,,,,6.75,,,ttth,7380107,12,8,45
A00,,,,7.8,,,,7.75,8.25,,ttth,7380107,12,8,46
D01,6.4,,7.0,8.5,,,,,,,ttth,7380107,12,8,47
D01,6.4,,6.6,7.5,,,,,,,ttth,7380107,12,8,48
A00,,,,7.5,,,,7.5,6.6,,ttth,7380107,12,8,49
D01,8.0,,6.8,7.8,,,,,,,ttth,7380107,12,8,50
A00,,,,8.8,,,,6.75,6.0,,ttth,7380107,12,8,51
D01,8.75,,7.4,6.8,,,,,,,ttth,7380107,12,8,52
D01,6.2,,7.6,8.75,,,,,,,ttth,7380107,12,8,53
D01,7.0,,8.0,8.25,,,,,,,ttth,7380107,12,8,54
D01,4.8,,6.6,7.5,,,,,,,ttth,7380107,12,8,55
A01,,,7.4,7.5,,,,8.0,,,ttth,7380107,12,8,56
A00,,,,7.0,,,,7.0,6.8,,ttth,7380107,12,8,57
D15,6.0,7.8,6.25,,,,,,,,ttth,7380107,12,8,58
A01,,,7.6,8.2,,,,6.75,,,ttth,7380107,12,8,59
A00,,,,8.2,,,,6.75,7.5,,ttth,7380107,12,8,60
A00,,,,8.4,,,,8.0,6.25,,ttth,7380107,12,8,61
D01,7.2,,5.0,8.0,,,,,,,ttth,7380107,12,8,62
D01,7.2,,5.8,6.25,,,,,,,ttth,7380107,12,8,63
D01,5.4,,7.6,7.0,,,,,,,ttth,7380107,12,8,64
D01,6.0,,6.6,8.5,,,,,,,ttth,7380107,12,8,65
A00,,,,5.75,,,,6.0,7.2,,ttth,7380107,12,8,66
D01,8.0,,8.4,8.0,,,,,,,ttth,7380107,12,8,67
D01,5.8,,8.0,7.0,,,,,,,ttth,7380107,12,8,68
D01,7.4,,7.6,7.75,,,,,,,ttth,7380107,12,8,69
D01,4.4,,7.6,7.25,,,,,,,ttth,7380107,12,8,70
D01,7.75,,6.6,7.2,,,,,,,ttth,7380107,12,8,71
D01,7.2,,6.8,7.0,,,,,,,ttth,7380107,12,8,72
D01,7.4,,7.6,7.5,,,,,,,ttth,7380107,12,8,73
D01,7.5,,8.0,7.2,,,,,,,ttth,7380107,12,8,74
A00,,,,7.75,,,,7.5,7.0,,ttth,7380107,12,8,75
D01,7.5,,6.0,8.0,,,,,,,ttth,7380107,12,8,76
D01,7.25,,8.4,7.0,,,,,,,ttth,7380107,12,8,77
D01,5.8,,7.8,7.75,,,,,,,ttth,7380107,12,8,78
D01,6.4,,8.6,6.5,,,,,,,ttth,7380107,12,8,79
A00,,,,8.2,,,,5.75,7.75,,ttth,7380107,12,8,80
D01,8.5,,7.8,8.0,,,,,,,ttth,7380107,12,8,81
D01,6.4,,8.4,6.5,,,,,,,ttth,7380107,12,8,82
A00,,,,7.6,,,,6.75,7.5,,ttth,7380107,12,8,83
D01,7.0,,8.0,7.2,,,,,,,ttth,7380107,12,8,84
A00,,,,6.75,,,,6.5,7.4,,ttth,7380107,12,8,85
A00,,,,8.2,,,,8.5,7.0,,ttth,7380107,12,8,86
A00,,,,7.8,,,,7.25,7.75,,ttth,7380107,12,8,87
D01,7.0,,7.8,7.2,,,,,,,ttth,7380107,12,8,88
A00,,,,6.8,,,,7.0,7.75,,ttth,7380107,12,8,89
D01,7.0,,7.8,7.6,,,,,,,ttth,7380107,12,8,90
A01,,,6.6,8.4,,,,8.75,,,ttth,7380107,12,8,91
D01,6.2,,6.8,8.25,,,,,,,ttth,7380107,12,8,92
A00,,,,8.25,,,,7.0,8.6,,ttth,7380107,12,8,93
A00,,,,7.2,,,,7.5,6.75,,ttth,7380107,12,8,94
D01,8.75,,7.6,7.0,,,,,,,ttth,7380107,12,8,95
D01,5.8,,6.6,9.0,,,,,,,ttth,7380107,12,8,96
D01,6.0,,8.0,7.6,,,,,,,ttth,7380107,12,8,97
A00,,,,7.75,,,,6.75,6.6,,ttth,7380107,12,8,98
A00,,,,6.0,,,,6.5,6.4,,ttth,7380107,12,8,99
D01,7.25,,8.0,7.2,,,,,,,ttth,7380107,12,8,100
A00,,,,7.0,,,,7.0,7.8,,ttth,7380107,12,8,101
A01,,,8.8,7.6,,,,8.0,,,ttth,7380107,12,8,102
D01,6.8,,7.2,7.5,,,,,,,ttth,7380107,12,8,103
D15,7.5,5.6,7.75,,,,,,,,ttth,7380107,12,8,104
A01,,,7.2,7.0,,,,7.4,,,ttth,7380107,12,8,105
D01,8.0,,7.6,7.2,,,,,,,ttth,7380107,12,8,106
D01,8.25,,5.8,7.2,,,,,,,ttth,7380107,12,8,107
A01,,,7.0,6.5,,,,5.6,,,ttth,7380107,12,8,108
A00,,,,8.2,,,,7.25,6.75,,ttth,7380107,12,8,109
D15,7.0,5.8,8.25,,,,,,,,ttth,7380107,12,8,110
D01,6.2,,7.0,8.5,,,,,,,ttth,7380107,12,8,111
D01,8.5,,7.0,6.8,,,,,,,ttth,7380107,12,8,112
D01,8.0,,6.4,7.8,,,,,,,ttth,7380107,12,8,113
A00,,,,7.25,,,,5.5,7.6,,ttth,7380107,12,8,114
D01,5.0,,7.0,8.67,,,,,,,ttth,7380107,12,8,115
D01,7.2,,6.8,9.0,,,,,,,ttth,7380107,12,8,116
D01,7.5,,8.6,6.0,,,,,,,ttth,7380107,12,8,117
D01,3.8,,8.2,7.75,,,,,,,ttth,7380107,12,8,118
A00,,,,7.4,,,,5.75,8.25,,ttth,7380107,12,8,119
A00,,,,7.4,,,,6.75,7.75,,ttth,7420201,13,7,0
B00,,,,8.2,,,,,8.0,6.25,ttth,7420201,13,7,1
B00,,,,7.75,,,,,8.75,7.6,ttth,7420201,13,7,2
B00,,,,8.0,,,,,7.5,7.75,ttth,7420201,13,7,3
B00,,,,6.5,,,,,6.25,8.0,ttth,7420201,13,7,4
D07,,,8.8,7.6,,,,,7.5,,ttth,7420201,13,7,5
B00,,,,6.5,,,,,5.75,6.8,ttth,7420201,13,7,6
A00,,,,7.0,,,,6.5,8.0,,ttth,7420201,13,7,7
B00,,,,8.2,,,,,7.25,7.75,ttth,7420201,13,7,8
B00,,,,7.5,,,,,8.25,8.0,ttth,7420201,13,7,9
B00,,,,5.0,,,,,6.0,6.2,ttth,7420201,13,7,10
B00,,,,5.0,,,,,6.25,5.0,ttth,7420201,13,7,11
A00,,,,6.4,,,,5.75,7.75,,ttth,7420201,13,7,12
D07,,,7.8,7.75,,,,,7.4,,ttth,7420201,13,7,13
A00,,,,7.2,,,,5.75,5.5,,ttth,7420201,13,7,14
A01,,,5.0,6.6,,,,6.25,,,ttth,7420201,13,7,15
A00,,,,7.8,,,,7.25,6.75,,ttth,7420201,13,7,16
B00,,,,7.75,,,,,7.0,6.8,ttth,7420201,13,7,17
A00,,,,6.2,,,,6.75,6.75,,ttth,7420201,13,7,18
B00,,,,8.25,,,,,8.0,7.8,ttth,7420201,13,7,19
B00,,,,6.5,,,,,7.75,7.0,ttth,7420201,13,7,20
B00,,,,7.8,,,,,6.75,7.5,ttth,7420201,13,7,21
A00,,,,6.75,,,,7.5,7.2,,ttth,7420201,13,7,22
B00,,,,7.0,,,,,7.75,7.2,ttth,7420201,13,7,23
B00,,,,8.6,,,,,7.5,6.5,ttth,7420201,13,7,24
B00,,,,6.2,,,,,7.75,7.0,ttth,7420201,13,7,25
A00,,,,6.6,,,,6.25,6.25,,ttth,7420201,13,7,26
A00,,,,7.75,,,,7.0,6.8,,ttth,7420201,13,7,27
B00,,,,7.5,,,,,5.5,8.0,ttth,7420201,13,7,28
A01,,,5.4,7.4,,,,6.0,,,ttth,7420201,13,7,29
D07,,,7.0,6.5,,,,,7.2,,ttth,7420201,13,7,30
B00,,,,7.6,,,,,6.75,7.5,ttth,7420201,13,7,31
B00,,,,8.0,,,,,7.75,6.25,ttth,7420201,13,7,32
A00,,,,8.4,,,,7.0,7.25,,ttth,7420201,13,7,33
A01,,,8.0,6.5,,,,8.0,,,ttth,7420201,13,7,34
A00,,,,7.0,,,,5.0,5.75,,ttth,7420201,13,7,35
D07,,,7.2,6.8,,,,,6.5,,ttth,7420201,13,7,36
A00,,,,7.75,,,,6.0,7.8,,ttth,7420201,13,7,37
B00,,,,8.0,,,,,5.75,7.8,ttth,7420201,13,7,38
A00,,,,7.0,,,,5.25,4.5,,ttth,7420201,13,7,39
B00,,,,7.2,,,,,6.5,7.25,ttth,7420201,13,7,40
A00,,,,8.4,,,,6.0,8.25,,ttth,7420201,13,7,41
A01,,,4.8,5.8,,,,5.5,,,ttth,7420201,13,7,42
A00,,,,7.0,,,,6.5,7.0,,ttth,7420201,13,7,43
A00,,,,8.0,,,,7.0,7.8,,ttth,7420201,13,7,44
D07,,,5.6,7.5,,,,,7.4,,ttth,7420201,13,7,45
B00,,,,7.75,,,,,8.25,8.4,ttth,7420201,13,7,46
A00,,,,8.4,,,,5.5,4.75,,ttth,7420201,13,7,47
A01,,,7.4,7.5,,,,8.4,,,ttth,7420201,13,7,48
B00,,,,4.8,,,,,6.25,5.5,ttth,7420201,13,7,49
B00,,,,8.0,,,,,7.75,7.25,ttth,7420201,13,7,50
A00,,,,7.0,,,,5.5,5.0,,ttth,7420201,13,7,51
B00,,,,8.25,,,,,7.75,8.0,ttth,7420201,13,7,52
A00,,,,6.75,,,,7.75,7.4,,ttth,7420201,13,7,53
B00,,,,6.75,,,,,7.75,7.8,ttth,7420201,13,7,54
A00,,,,8.0,,,,6.75,8.0,,ttth,7420201,13,7,55
D07,,,7.6,6.25,,,,,7.6,,ttth,7420201,13,7,56
B00,,,,7.6,,,,,7.25,7.25,ttth,7420201,13,7,57
B00,,,,6.5,,,,,7.75,6.8,ttth,7420201,13,7,58
B00,,,,7.8,,,,,7.0,6.5,ttth,7420201,13,7,59
A00,,,,6.8,,,,6.0,6.75,,ttth,7420201,13,7,60
B00,,,,7.2,,,,,7.0,6.0,ttth,7420201,13,7,61
B00,,,,7.4,,,,,6.75,5.5,ttth,7420201,13,7,62
A00,,,,8.2,,,,6.0,7.0,,ttth,7420201,13,7,63
B00,,,,6.0,,,,,7.75,7.0,ttth,7420201,13,7,64
A01,,,7.8,7.4,,,,7.0,,,ttth,7420201,13,7,65
B00,,,,7.0,,,,,5.5,5.0,ttth,7420201,13,7,66
B00,,,,7.2,,,,,7.25,6.25,ttth,7420201,13,7,67
B00,,,,6.5,,,,,8.0,7.2,ttth,7420201,13,7,68
D07,,,6.6,6.8,,,,,6.0,,ttth,7420201,13,7,69
D07,,,7.0,7.75,,,,,7.2,,ttth,7420201,13,7,70
D07,,,8.2,7.6,,,,,5.75,,ttth,7420201,13,7,71
A00,,,,7.4,,,,4.25,6.5,,ttth,7420201,13,7,72
B00,,,,7.75,,,,,7.0,7.0,ttth,7420201,13,7,73
B00,,,,6.75,,,,,7.0,7.2,ttth,7420201,13,7,74
A01,,,8.2,7.5,,,,7.2,,,ttth,7420201,13,7,75
B00,,,,7.25,,,,,5.75,8.0,ttth,7420201,13,7,76
D07,,,7.2,8.25,,,,,7.0,,ttth,7420201,13,7,77
B00,,,,7.0,,,,,6.0,6.2,ttth,7420201,13,7,78
B00,,,,7.4,,,,,6.25,6.25,ttth,7420201,13,7,79
B00,,,,8.0,,,,,6.5,7.0,ttth,7420201,13,7,80
B00,,,,6.8,,,,,7.75,7.0,ttth,7420201,13,7,81
B00,,,,8.0,,,,,6.75,6.4,ttth,7420201,13,7,82
A00,,,,6.75,,,,6.75,7.0,,ttth,7420201,13,7,83
B00,,,,7.6,,,,,7.75,7.75,ttth,7420201,13,7,84
B00,,,,4.75,,,,,6.75,6.4,ttth,7420201,13,7,85
B00,,,,7.6,,,,,7.25,6.0,ttth,7420201,13,7,86
D07,,,6.6,7.25,,,,,7.8,,ttth,7420201,13,7,87
B00,,,,8.0,,,,,8.5,7.6,ttth,7420201,13,7,88
A00,,,,6.75,,,,7.25,6.6,,ttth,7420201,13,7,89
B00,,,,6.6,,,,,7.0,5.25,ttth,7420201,13,7,90
B00,,,,6.5,,,,,6.0,6.4,ttth,7420201,13,7,91
B00,,,,3.75,,,,,6.25,6.4,ttth,7420201,13,7,92
A01,,,7.4,7.8,,,,7.75,,,ttth,7420201,13,7,93
B00,,,,6.4,,,,,6.0,4.75,ttth,7420201,13,7,94
B00,,,,6.75,,,,,7.5,7.4,ttth,7420201,13,7,95
A01,,,8.8,7.2,,,,7.5,,,ttth,7420201,13,7,96
A00,,,,6.8,,,,5.25,6.75,,ttth,7420201,13,7,97
B00,,,,8.0,,,,,5.75,7.6,ttth,7420201,13,7,98
A01,,,7.8,7.0,,,,8.0,,,ttth,7420201,13,7,99
B00,,,,7.4,,,,,8.0,7.5,ttth,7420201,13,7,100
B00,,,,8.25,,,,,7.0,6.6,ttth,7420201,13,7,101
A00,,,,8.0,,,,5.25,7.75,,ttth,7420201,13,7,102
B00,,,,8.2,,,,,7.25,6.25,ttth,7420201,13,7,103
D07,,,6.6,6.75,,,,,7.0,,ttth,7420201,13,7,104
A00,,,,7.8,,,,6.0,6.5,,ttth,7420201,13,7,105
B00,,,,6.4,,,,,7.25,6.25,ttth,7420201,13,7,106
D07,,,7.2,9.0,,,,,6.8,,ttth,7420201,13,7,107
B00,,,,7.6,,,,,7.0,6.0,ttth,7420201,13,7,108
B00,,,,7.4,,,,,7.5,6.75,ttth,7420201,13,7,109
B00,,,,7.0,,,,,7.25,7.4,ttth,7420201,13,7,110
B00,,,,5.0,,,,,6.25,5.8,ttth,7420201,13,7,111
B00,,,,8.4,,,,,8.25,7.25,ttth,7420201,13,7,112
B00,,,,5.5,,,,,7.5,7.4,ttth,7420201,13,7,113
B00,,,,8.0,,,,,8.0,7.25,ttth,7420201,13,7,114
B00,,,,6.25,,,,,6.75,8.2,ttth,7420201,13,7,115
B00,,,,6.5,,,,,7.25,7.0,ttth,7420201,13,7,116
A01,,,8.2,8.2,,,,6.75,,,ttth,7420201,13,7,117
B00,,,,5.75,,,,,7.0,5.8,ttth,7420201,13,7,118
B00,,,,8.25,,,,,8.0,7.6,ttth,7420201,13,7,119
A00,,,,7.75,,,,7.75,7.4,,ttth,7460108,14,0,0
A00,,,,6.0,,,,6.0,6.8,,ttth,7460108,14,0,1
D01,7.6,,6.6,6.25,,,,,,,ttth,7460108,14,0,2
D01,6.4,,6.8,6.75,,,,,,,ttth,7460108,14,0,3
D01,4.0,,5.6,7.0,,,,,,,ttth,7460108,14,0,4
D07,,,6.8,6.5,,,,,5.8,,ttth,7460108,14,0,5
D01,5.6,,6.2,6.5,,,,,,,ttth,7460108,14,0,6
A00,,,,6.75,,,,6.5,6.6,,ttth,7460108,14,0,7
A00,,,,6.5,,,,6.75,8.0,,ttth,7460108,14,0,8
D01,7.8,,5.2,8.0,,,,,,,ttth,7460108,14,0,9
D01,5.8,,6.2,5.25,,,,,,,ttth,7460108,14,0,10
D01,6.4,,7.6,8.75,,,,,,,ttth,7460108,14,0,11
D01,3.6,,6.0,6.75,,,,,,,ttth,7460108,14,0,12
A00,,,,6.0,,,,7.5,6.4,,ttth,7460108,14,0,13
D01,4.8,,7.2,8.0,,,,,,,ttth,7460108,14,0,14
A01,,,7.4,6.5,,,,6.8,,,ttth,7460108,14,0,15
D01,5.4,,6.8,8.25,,,,,,,ttth,7460108,14,0,16
D01,5.8,,6.2,6.0,,,,,,,ttth,7460108,14,0,17
D01,6.4,,8.0,6.5,,,,,,,ttth,7460108,14,0,18
A00,,,,6.0,,,,6.75,7.8,,ttth,7460108,14,0,19
D01,6.4,,8.0,6.5,,,,,,,ttth,7460108,14,0,20
D01,5.6,,6.0,8.25,,,,,,,ttth,7460108,14,0,21
D01,5.6,,6.2,6.5,,,,,,,ttth,7460108,14,0,22
A00,,,,6.75,,,,6.25,7.6,,ttth,7460108,14,0,23
D01,6.4,,6.8,6.75,,,,,,,ttth,7460108,14,0,24
D01,5.4,,5.6,8.0,,,,,,,ttth,7460108,14,0,25
D01,7.8,,7.4,7.5,,,,,,,ttth,7460108,14,0,26
D01,4.6,,6.0,6.5,,,,,,,ttth,7460108,14,0,27
D01,8.2,,6.8,7.75,,,,,,,ttth,7460108,14,0,28
D01,4.8,,7.2,8.0,,,,,,,ttth,7460108,14,0,29
A00,,,,6.25,,,,6.5,6.8,,ttth,7460108,14,0,30
A00,,,,6.75,,,,6.5,6.6,,ttth,7460108,14,0,31
A00,,,,6.75,,,,6.5,6.6,,ttth,7460108,14,0,32
D01,4.8,,8.0,6.75,,,,,,,ttth,7460108,14,0,33
D01,6.2,,7.4,6.25,,,,,,,ttth,7460108,14,0,34
D07,,,6.0,6.5,,,,,8.6,,ttth,7460108,14,0,35
D01,6.4,,6.8,6.75,,,,,,,ttth,7460108,14,0,36
D01,4.2,,5.0,7.75,,,,,,,ttth,7460108,14,0,37
D01,7.8,,5.2,8.0,,,,,,,ttth,7460108,14,0,38
D01,4.8,,6.6,6.25,,,,,,,ttth,7460108,14,0,39
D07,,,7.2,8.5,,,,,7.8,,ttth,7460108,14,0,40
D01,3.4,,6.8,6.75,,,,,,,ttth,7460108,14,0,41
D01,5.8,,5.4,6.0,,,,,,,ttth,7460108,14,0,42
D01,6.8,,6.8,5.75,,,,,,,ttth,7460108,14,0,43
D01,4.8,,6.2,6.5,,,,,,,ttth,7460108,14,0,44
D01,5.6,,6.0,8.25,,,,,,,ttth,7460108,14,0,45
A00,,,,6.5,,,,7.5,7.4,,ttth,7460108,14,0,46
A00,,,,7.5,,,,5.75,7.4,,ttth,7460108,14,0,47
D01,4.4,,5.6,8.25,,,,,,,ttth,7460108,14,0,48
A00,,,,6.0,,,,7.5,6.4,,ttth,7460108,14,0,49
D01,8.8,,6.8,7.5,,,,,,,ttth,7460108,14,0,50
D01,6.4,,7.6,8.75,,,,,,,ttth,7460108,14,0,51
D07,,,6.8,5.75,,,,,7.8,,ttth,7460108,14,0,52
D01,5.8,,6.2,6.0,,,,,,,ttth,7460108,14,0,53
A00,,,,6.75,,,,6.25,7.0,,ttth,7460108,14,0,54
D01,5.6,,6.2,7.0,,,,,,,ttth,7460108,14,0,55
D01,5.4,,6.0,6.0,,,,,,,ttth,7460108,14,0,56
A00,,,,6.5,,,,6.5,7.0,,ttth,7460108,14,0,57
D01,4.0,,5.6,7.5,,,,,,,ttth,7460108,14,0,58
D07,,,7.6,7.25,,,,,5.6,,ttth,7460108,14,0,59
A00,,,,6.25,,,,7.25,5.4,,ttth,7460108,14,0,60
A01,,,7.4,6.5,,,,6.8,,,ttth,7460108,14,0,61
A00,,,,6.5,,,,6.75,8.0,,ttth,7460108,14,0,62
D07,,,7.2,6.75,,,,,6.4,,ttth,7460108,14,0,63
D01,5.2,,7.6,6.25,,,,,,,ttth,7460108,14,0,64
A00,,,,7.75,,,,7.0,6.6,,ttth,7460108,14,0,65
A00,,,,6.0,,,,7.5,6.4,,ttth,7460108,14,0,66
D01,4.2,,5.0,7.75,,,,,,,ttth,7460108,14,0,67
A01,,,7.4,6.5,,,,6.8,,,ttth,7460108,14,0,68
D07,,,7.4,7.75,,,,,7.4,,ttth,7460108,14,0,69
A00,,,,7.25,,,,7.75,7.2,,ttth,7460108,14,0,70
D07,,,6.4,6.5,,,,,5.6,,ttth,7460108,14,0,71
D01,6.8,,6.8,5.75,,,,,,,ttth,7460108,14,0,72
D01,4.8,,6.2,6.5,,,,,,,ttth,7460108,14,0,73
D01,4.0,,5.6,7.5,,,,,,,ttth,7460108,14,0,74
D01,4.0,,5.6,7.0,,,,,,,ttth,7460108,14,0,75
A00,,,,6.5,,,,6.75,8.0,,ttth,7460108,14,0,76
A00,,,,6.5,,,,5.25,6.2,,ttth,7460108,14,0,77
D01,6.4,,6.8,6.75,,,,,,,ttth,7460108,14,0,78
A00,,,,6.5,,,,6.5,7.0,,ttth,7460108,14,0,79
D01,4.0,,5.6,7.0,,,,,,,ttth,7460108,14,0,80
D01,6.4,,8.0,6.5,,,,,,,ttth,7460108,14,0,81
D01,5.4,,7.2,6.5,,,,,,,ttth,7460108,14,0,82
A01,,,6.6,7.5,,,,7.2,,,ttth,7460108,14,0,83
D01,8.8,,6.8,7.5,,,,,,,ttth,7460108,14,0,84
D01,5.6,,7.0,6.25,,,,,,,ttth,7460108,14,0,85
A00,,,,7.25,,,,7.25,7.8,,ttth,7460108,14,0,86
A00,,,,6.25,,,,6.25,6.8,,ttth,7460108,14,0,87
D01,6.8,,6.8,5.75,,,,,,,ttth,7460108,14,0,88
D01,4.8,,6.6,8.25,,,,,,,ttth,7460108,14,0,89
A00,,,,7.0,,,,5.5,7.0,,ttth,7460108,14,0,90
D07,,,7.6,7.25,,,,,5.6,,ttth,7460108,14,0,91
D07,,,7.0,7.25,,,,,6.2,,ttth,7460108,14,0,92
A00,,,,6.0,,,,6.75,7.8,,ttth,7460108,14,0,93
D01,4.4,,5.6,8.25,,,,,,,ttth,7460108,14,0,94
D01,4.8,,5.8,8.0,,,,,,,ttth,7460108,14,0,95
D01,6.6,,7.2,6.5,,,,,,,ttth,7460108,14,0,96
A01,,,6.6,7.5,,,,7.2,,,ttth,7460108,14,0,97
A00,,,,6.0,,,,7.5,6.4,,ttth,7460108,14,0,98
D01,4.8,,6.6,8.25,,,,,,,ttth,7460108,14,0,99
D01,9.0,,7.2,8.5,,,,,,,ttth,7460108,14,0,100
A00,,,,6.0,,,,6.0,6.8,,ttth,7460108,14,0,101
D01,9.2,,6.8,7.25,,,,,,,ttth,7460108,14,0,102
A00,,,,6.75,,,,7.5,7.2,,ttth,7460108,14,0,103
A00,,,,7.75,,,,7.0,6.6,,ttth,7460108,14,0,104
D01,6.0,,6.8,7.0,,,,,,,ttth,7460108,14,0,105
A01,,,7.8,7.75,,,,7.4,,,ttth,7460108,14,0,106
D07,,,7.6,7.25,,,,,5.6,,ttth,7460108,14,0,107
D01,5.4,,7.2,6.5,,,,,,,ttth,7460108,14,0,108
D01,5.2,,7.6,6.25,,,,,,,ttth,7460108,14,0,109
D07,,,7.2,8.5,,,,,7.8,,ttth,7460108,14,0,110
D01,5.2,,7.6,6.25,,,,,,,ttth,7460108,14,0,111
D01,5.6,,6.6,6.5,,,,,,,ttth,7460108,14,0,112
A00,,,,6.75,,,,7.75,8.0,,ttth,7460108,14,0,113
D01,4.4,,5.6,8.25,,,,,,,ttth,7460108,14,0,114
D01,4.4,,5.6,8.25,,,,,,,ttth,7460108,14,0,115
A01,,,7.4,6.5,,,,6.8,,,ttth,7460108,14,0,116
D01,4.4,,5.6,8.25,,,,,,,ttth,7460108,14,0,117
D01,8.2,,6.8,7.75,,,,,,,ttth,7460108,14,0,118
D01,6.6,,7.4,8.5,,,,,,,ttth,7460108,14,0,119
A00,,,,7.0,,,,7.0,7.75,,bootstrap_khaosat,7480107,15,0,0
X26,,,6.0,5.5,,9.0,,,,,bootstrap_khaosat,7480107,15,0,1
X26,,,6.0,5.5,,9.0,,,,,bootstrap_khaosat,7480107,15,0,2
A01,,,6.75,5.5,,,,9.5,,,bootstrap_khaosat,7480107,15,0,3
A00,,,,6.75,,,,7.0,5.5,,bootstrap_khaosat,7480107,15,0,4
D01,7.25,,5.5,8.25,,,,,,,bootstrap_khaosat,7480107,15,0,5
D07,,,8.25,6.0,,,,,6.75,,bootstrap_khaosat,7480107,15,0,6
D07,,,8.25,6.0,,,,,6.75,,bootstrap_khaosat,7480107,15,0,7
C01,9.0,,,9.0,,,,8.0,,,bootstrap_khaosat,7480107,15,0,8
X26,,,7.25,9.5,,9.25,,,,,bootstrap_khaosat,7480107,15,0,9
D01,6.0,,5.75,5.75,,,,,,,bootstrap_khaosat,7480107,15,0,10
D01,7.25,,5.5,8.25,,,,,,,bootstrap_khaosat,7480107,15,0,11
A01,,,6.75,5.5,,,,9.5,,,bootstrap_khaosat,7480107,15,0,12
A01,,,6.75,5.5,,,,9.5,,,bootstrap_khaosat,7480107,15,0,13
D01,6.0,,5.75,5.75,,,,,,,bootstrap_khaosat,7480107,15,0,14
A01,,,7.2,8.3,,,,6.5,,,bootstrap_khaosat,7480107,15,0,15
A00,,,,7.0,,,,7.0,7.75,,bootstrap_khaosat,7480107,15,0,16
X26,,,6.0,5.5,,9.0,,,,,bootstrap_khaosat,7480107,15,0,17
A00,,,,7.0,,,,7.0,7.75,,bootstrap_khaosat,7480107,15,0,18
X26,,,6.75,6.5,,5.5,,,,,bootstrap_khaosat,7480107,15,0,19
X26,,,6.75,6.5,,5.5,,,,,bootstrap_khaosat,7480107,15,0,20
A00,,,,7.5,,,,5.75,7.75,,bootstrap_khaosat,7480107,15,0,21
C01,9.0,,,9.0,,,,8.0,,,bootstrap_khaosat,7480107,15,0,22
A00,,,,7.0,,,,7.0,7.75,,bootstrap_khaosat,7480107,15,0,23
A01,,,6.75,5.5,,,,9.5,,,bootstrap_khaosat,7480107,15,0,24
C01,9.0,,,9.0,,,,8.0,,,bootstrap_khaosat,7480107,15,0,25
D01,8.25,,9.5,5.25,,,,,,,bootstrap_khaosat,7480107,15,0,26
A01,,,6.75,5.5,,,,9.5,,,bootstrap_khaosat,7480107,15,0,27
A01,,,6.75,5.5,,,,9.5,,,bootstrap_khaosat,7480107,15,0,28
A01,,,6.75,5.5,,,,9.5,,,bootstrap_khaosat,7480107,15,0,29
D07,,,8.25,6.0,,,,,6.75,,bootstrap_khaosat,7480107,15,0,30
A00,,,,7.5,,,,5.75,7.75,,bootstrap_khaosat,7480107,15,0,31
A00,,,,7.5,,,,5.75,7.75,,bootstrap_khaosat,7480107,15,0,32
A01,,,7.2,8.3,,,,6.5,,,bootstrap_khaosat,7480107,15,0,33
A00,,,,7.0,,,,7.0,7.75,,bootstrap_khaosat,7480107,15,0,34
D01,6.0,,5.75,5.75,,,,,,,bootstrap_khaosat,7480107,15,0,35
A01,,,7.2,8.3,,,,6.5,,,bootstrap_khaosat,7480107,15,0,36
A00,,,,6.75,,,,7.0,5.5,,bootstrap_khaosat,7480107,15,0,37
A00,,,,7.0,,,,7.0,7.75,,bootstrap_khaosat,7480107,15,0,38
A00,,,,6.75,,,,7.0,5.5,,bootstrap_khaosat,7480107,15,0,39
X26,,,6.75,6.5,,5.5,,,,,bootstrap_khaosat,7480107,15,0,40
X26,,,7.25,9.5,,9.25,,,,,bootstrap_khaosat,7480107,15,0,41
A01,,,6.75,5.5,,,,9.5,,,bootstrap_khaosat,7480107,15,0,42
A00,,,,7.5,,,,5.75,7.75,,bootstrap_khaosat,7480107,15,0,43
A00,,,,6.75,,,,7.0,5.5,,bootstrap_khaosat,7480107,15,0,44
A00,,,,7.5,,,,5.75,7.75,,bootstrap_khaosat,7480107,15,0,45
D01,8.25,,9.5,5.25,,,,,,,bootstrap_khaosat,7480107,15,0,46
X26,,,7.25,9.5,,9.25,,,,,bootstrap_khaosat,7480107,15,0,47
D01,7.25,,5.5,8.25,,,,,,,bootstrap_khaosat,7480107,15,0,48
D01,8.25,,9.5,5.25,,,,,,,bootstrap_khaosat,7480107,15,0,49
X26,,,7.25,9.5,,9.25,,,,,bootstrap_khaosat,7480107,15,0,50
A00,,,,7.0,,,,7.0,7.75,,bootstrap_khaosat,7480107,15,0,51
X26,,,6.75,6.5,,5.5,,,,,bootstrap_khaosat,7480107,15,0,52
A00,,,,7.0,,,,7.0,7.75,,bootstrap_khaosat,7480107,15,0,53
X26,,,7.25,9.5,,9.25,,,,,bootstrap_khaosat,7480107,15,0,54
X26,,,6.75,6.5,,5.5,,,,,bootstrap_khaosat,7480107,15,0,55
A00,,,,7.5,,,,5.75,7.75,,bootstrap_khaosat,7480107,15,0,56
A01,,,7.2,8.3,,,,6.5,,,bootstrap_khaosat,7480107,15,0,57
X26,,,6.75,6.5,,5.5,,,,,bootstrap_khaosat,7480107,15,0,58
A01,,,6.75,5.5,,,,9.5,,,bootstrap_khaosat,7480107,15,0,59
A01,,,6.75,5.5,,,,9.5,,,bootstrap_khaosat,7480107,15,0,60
A01,,,6.75,5.5,,,,9.5,,,bootstrap_khaosat,7480107,15,0,61
A00,,,,7.5,,,,5.75,7.75,,bootstrap_khaosat,7480107,15,0,62
A01,,,7.2,8.3,,,,6.5,,,bootstrap_khaosat,7480107,15,0,63
D01,8.25,,9.5,5.25,,,,,,,bootstrap_khaosat,7480107,15,0,64
D01,8.25,,9.5,5.25,,,,,,,bootstrap_khaosat,7480107,15,0,65
A01,,,6.75,5.5,,,,9.5,,,bootstrap_khaosat,7480107,15,0,66
X26,,,6.0,5.5,,9.0,,,,,bootstrap_khaosat,7480107,15,0,67
A01,,,6.75,5.5,,,,9.5,,,bootstrap_khaosat,7480107,15,0,68
D01,6.0,,5.75,5.75,,,,,,,bootstrap_khaosat,7480107,15,0,69
D07,,,8.25,6.0,,,,,6.75,,bootstrap_khaosat,7480107,15,0,70
X26,,,6.0,5.5,,9.0,,,,,bootstrap_khaosat,7480107,15,0,71
A00,,,,6.75,,,,7.0,5.5,,bootstrap_khaosat,7480107,15,0,72
D01,8.25,,9.5,5.25,,,,,,,bootstrap_khaosat,7480107,15,0,73
D07,,,8.25,6.0,,,,,6.75,,bootstrap_khaosat,7480107,15,0,74
D01,8.25,,9.5,5.25,,,,,,,bootstrap_khaosat,7480107,15,0,75
X26,,,6.75,6.5,,5.5,,,,,bootstrap_khaosat,7480107,15,0,76
D01,8.25,,9.5,5.25,,,,,,,bootstrap_khaosat,7480107,15,0,77
D01,8.25,,9.5,5.25,,,,,,,bootstrap_khaosat,7480107,15,0,78
X26,,,6.75,6.5,,5.5,,,,,bootstrap_khaosat,7480107,15,0,79
D01,7.25,,5.5,8.25,,,,,,,bootstrap_khaosat,7480107,15,0,80
X26,,,7.25,9.5,,9.25,,,,,bootstrap_khaosat,7480107,15,0,81
A01,,,7.2,8.3,,,,6.5,,,bootstrap_khaosat,7480107,15,0,82
A00,,,,7.5,,,,5.75,7.75,,bootstrap_khaosat,7480107,15,0,83
X26,,,7.25,9.5,,9.25,,,,,bootstrap_khaosat,7480107,15,0,84
A01,,,6.75,5.5,,,,9.5,,,bootstrap_khaosat,7480107,15,0,85
A00,,,,7.5,,,,5.75,7.75,,bootstrap_khaosat,7480107,15,0,86
D01,6.0,,5.75,5.75,,,,,,,bootstrap_khaosat,7480107,15,0,87
A00,,,,6.75,,,,7.0,5.5,,bootstrap_khaosat,7480107,15,0,88
A00,,,,7.5,,,,5.75,7.75,,bootstrap_khaosat,7480107,15,0,89
D01,8.25,,9.5,5.25,,,,,,,bootstrap_khaosat,7480107,15,0,90
D01,7.25,,5.5,8.25,,,,,,,bootstrap_khaosat,7480107,15,0,91
X26,,,6.75,6.5,,5.5,,,,,bootstrap_khaosat,7480107,15,0,92
A01,,,6.75,5.5,,,,9.5,,,bootstrap_khaosat,7480107,15,0,93
X26,,,6.0,5.5,,9.0,,,,,bootstrap_khaosat,7480107,15,0,94
A00,,,,6.75,,,,7.0,5.5,,bootstrap_khaosat,7480107,15,0,95
A00,,,,7.5,,,,5.75,7.75,,bootstrap_khaosat,7480107,15,0,96
X26,,,6.0,5.5,,9.0,,,,,bootstrap_khaosat,7480107,15,0,97
A01,,,6.75,5.5,,,,9.5,,,bootstrap_khaosat,7480107,15,0,98
A01,,,6.75,5.5,,,,9.5,,,bootstrap_khaosat,7480107,15,0,99
A00,,,,7.5,,,,5.75,7.75,,bootstrap_khaosat,7480107,15,0,100
D01,6.0,,5.75,5.75,,,,,,,bootstrap_khaosat,7480107,15,0,101
D07,,,8.25,6.0,,,,,6.75,,bootstrap_khaosat,7480107,15,0,102
D01,6.0,,5.75,5.75,,,,,,,bootstrap_khaosat,7480107,15,0,103
D01,8.25,,9.5,5.25,,,,,,,bootstrap_khaosat,7480107,15,0,104
D01,6.0,,5.75,5.75,,,,,,,bootstrap_khaosat,7480107,15,0,105
D01,7.25,,5.5,8.25,,,,,,,bootstrap_khaosat,7480107,15,0,106
A01,,,6.75,5.5,,,,9.5,,,bootstrap_khaosat,7480107,15,0,107
A01,,,7.2,8.3,,,,6.5,,,bootstrap_khaosat,7480107,15,0,108
D01,7.25,,5.5,8.25,,,,,,,bootstrap_khaosat,7480107,15,0,109
D01,6.0,,5.75,5.75,,,,,,,bootstrap_khaosat,7480107,15,0,110
D01,6.0,,5.75,5.75,,,,,,,bootstrap_khaosat,7480107,15,0,111
D07,,,8.25,6.0,,,,,6.75,,bootstrap_khaosat,7480107,15,0,112
D01,8.25,,9.5,5.25,,,,,,,bootstrap_khaosat,7480107,15,0,113
X26,,,6.75,6.5,,5.5,,,,,bootstrap_khaosat,7480107,15,0,114
A00,,,,6.75,,,,7.0,5.5,,bootstrap_khaosat,7480107,15,0,115
A01,,,7.2,8.3,,,,6.5,,,bootstrap_khaosat,7480107,15,0,116
A00,,,,7.0,,,,7.0,7.75,,bootstrap_khaosat,7480107,15,0,117
D07,,,8.25,6.0,,,,,6.75,,bootstrap_khaosat,7480107,15,0,118
X26,,,6.75,6.5,,5.5,,,,,bootstrap_khaosat,7480107,15,0,119
A00,,,,7.75,,,,8.0,7.8,,ttth,7480201,16,0,0
A00,,,,7.6,,,,7.5,8.75,,ttth,7480201,16,0,1
A00,,,,7.75,,,,8.5,7.4,,ttth,7480201,16,0,2
A01,,,7.4,6.75,,,,6.6,,,ttth,7480201,16,0,3
A00,,,,8.25,,,,7.5,6.6,,ttth,7480201,16,0,4
A00,,,,7.75,,,,8.0,7.6,,ttth,7480201,16,0,5
D01,7.8,,7.2,8.5,,,,,,,ttth,7480201,16,0,6
D07,,,8.4,7.8,,,,,7.5,,ttth,7480201,16,0,7
A01,,,9.2,7.4,,,,7.5,,,ttth,7480201,16,0,8
A00,,,,8.2,,,,8.0,7.25,,ttth,7480201,16,0,9
A00,,,,8.0,,,,7.5,8.0,,ttth,7480201,16,0,10
D01,8.2,,8.2,8.5,,,,,,,ttth,7480201,16,0,11
A01,,,7.0,7.2,,,,8.0,,,ttth,7480201,16,0,12
A00,,,,8.75,,,,7.75,8.6,,ttth,7480201,16,0,13
D07,,,8.0,8.5,,,,,7.8,,ttth,7480201,16,0,14
A00,,,,7.5,,,,7.0,7.4,,ttth,7480201,16,0,15
A00,,,,7.75,,,,7.25,7.6,,ttth,7480201,16,0,16
A01,,,7.2,8.0,,,,8.6,,,ttth,7480201,16,0,17
D01,7.0,,8.8,7.6,,,,,,,ttth,7480201,16,0,18
A01,,,6.8,7.25,,,,8.0,,,ttth,7480201,16,0,19
D01,8.2,,8.0,7.5,,,,,,,ttth,7480201,16,0,20
A00,,,,8.2,,,,6.25,8.25,,ttth,7480201,16,0,21
D07,,,7.4,8.0,,,,,8.0,,ttth,7480201,16,0,22
D07,,,7.2,8.25,,,,,9.4,,ttth,7480201,16,0,23
D01,6.75,,7.2,8.2,,,,,,,ttth,7480201,16,0,24
D07,,,8.2,8.2,,,,,6.5,,ttth,7480201,16,0,25
A01,,,8.2,7.25,,,,7.6,,,ttth,7480201,16,0,26
A00,,,,7.0,,,,7.75,7.6,,ttth,7480201,16,0,27
D07,,,7.8,8.25,,,,,8.2,,ttth,7480201,16,0,28
D01,7.4,,7.6,8.25,,,,,,,ttth,7480201,16,0,29
D07,,,8.6,7.6,,,,,8.0,,ttth,7480201,16,0,30
A00,,,,8.0,,,,7.75,7.4,,ttth,7480201,16,0,31
A00,,,,9.0,,,,4.5,7.4,,ttth,7480201,16,0,32
D01,7.25,,9.2,8.4,,,,,,,ttth,7480201,16,0,33
A00,,,,7.5,,,,6.75,7.6,,ttth,7480201,16,0,34
A00,,,,8.0,,,,6.75,8.25,,ttth,7480201,16,0,35
A01,,,7.8,8.0,,,,7.8,,,ttth,7480201,16,0,36
A01,,,7.6,7.5,,,,8.0,,,ttth,7480201,16,0,37
D01,7.4,,7.8,8.0,,,,,,,ttth,7480201,16,0,38
D01,8.0,,6.4,7.75,,,,,,,ttth,7480201,16,0,39
D01,7.4,,8.6,7.5,,,,,,,ttth,7480201,16,0,40
A01,,,8.8,6.8,,,,6.5,,,ttth,7480201,16,0,41
A00,,,,7.75,,,,7.25,8.4,,ttth,7480201,16,0,42
D01,8.0,,8.0,7.0,,,,,,,ttth,7480201,16,0,43
A01,,,7.6,8.5,,,,8.6,,,ttth,7480201,16,0,44
A00,,,,7.75,,,,8.0,9.0,,ttth,7480201,16,0,45
A00,,,,7.25,,,,8.75,8.4,,ttth,7480201,16,0,46
D01,8.0,,7.8,8.0,,,,,,,ttth,7480201,16,0,47
A00,,,,8.25,,,,7.5,7.6,,ttth,7480201,16,0,48
D07,,,7.8,8.0,,,,,6.6,,ttth,7480201,16,0,49
D07,,,7.2,7.75,,,,,7.8,,ttth,7480201,16,0,50
A00,,,,7.25,,,,7.0,7.6,,ttth,7480201,16,0,51
A01,,,8.0,7.25,,,,7.4,,,ttth,7480201,16,0,52
A00,,,,8.6,,,,7.25,8.0,,ttth,7480201,16,0,53
D01,8.2,,8.0,8.0,,,,,,,ttth,7480201,16,0,54
D01,8.0,,7.4,8.0,,,,,,,ttth,7480201,16,0,55
A00,,,,8.6,,,,7.25,7.5,,ttth,7480201,16,0,56
A01,,,7.6,7.8,,,,7.0,,,ttth,7480201,16,0,57
D07,,,7.4,7.75,,,,,8.2,,ttth,7480201,16,0,58
A01,,,8.6,8.4,,,,6.0,,,ttth,7480201,16,0,59
D01,6.8,,7.0,7.75,,,,,,,ttth,7480201,16,0,60
A00,,,,7.0,,,,7.0,7.8,,ttth,7480201,16,0,61
A00,,,,7.0,,,,8.75,8.2,,ttth,7480201,16,0,62
A00,,,,6.75,,,,7.25,8.2,,ttth,7480201,16,0,63
D01,8.0,,8.0,7.5,,,,,,,ttth,7480201,16,0,64
A00,,,,8.5,,,,7.75,8.2,,ttth,7480201,16,0,65
A00,,,,7.8,,,,7.25,7.0,,ttth,7480201,16,0,66
A00,,,,8.0,,,,8.0,7.0,,ttth,7480201,16,0,67
A01,,,7.4,6.75,,,,7.8,,,ttth,7480201,16,0,68
A00,,,,7.5,,,,8.0,7.8,,ttth,7480201,16,0,69
D01,9.2,,7.4,7.25,,,,,,,ttth,7480201,16,0,70
D01,6.75,,9.4,8.0,,,,,,,ttth,7480201,16,0,71
D01,6.0,,7.8,7.75,,,,,,,ttth,7480201,16,0,72
D01,7.2,,8.2,6.25,,,,,,,ttth,7480201,16,0,73
A00,,,,7.25,,,,8.0,7.6,,ttth,7480201,16,0,74
A00,,,,6.75,,,,8.5,8.0,,ttth,7480201,16,0,75
A00,,,,7.5,,,,8.25,7.6,,ttth,7480201,16,0,76
A01,,,8.2,8.0,,,,7.0,,,ttth,7480201,16,0,77
D01,8.6,,5.6,7.5,,,,,,,ttth,7480201,16,0,78
D01,8.4,,6.0,6.25,,,,,,,ttth,7480201,16,0,79
D01,7.25,,8.2,8.2,,,,,,,ttth,7480201,16,0,80
A00,,,,8.8,,,,6.75,7.25,,ttth,7480201,16,0,81
A01,,,9.4,7.4,,,,6.75,,,ttth,7480201,16,0,82
A01,,,8.0,7.6,,,,7.5,,,ttth,7480201,16,0,83
A01,,,9.0,7.6,,,,7.25,,,ttth,7480201,16,0,84
D01,6.25,,9.0,8.2,,,,,,,ttth,7480201,16,0,85
D07,,,8.0,8.0,,,,,7.0,,ttth,7480201,16,0,86
A01,,,7.4,6.0,,,,7.6,,,ttth,7480201,16,0,87
D01,8.0,,8.2,7.0,,,,,,,ttth,7480201,16,0,88
D07,,,7.8,8.5,,,,,7.6,,ttth,7480201,16,0,89
A01,,,7.6,8.4,,,,7.75,,,ttth,7480201,16,0,90
A00,,,,7.5,,,,8.0,8.4,,ttth,7480201,16,0,91
A00,,,,7.4,,,,7.25,8.25,,ttth,7480201,16,0,92
D01,6.8,,7.2,7.75,,,,,,,ttth,7480201,16,0,93
A01,,,7.2,8.25,,,,7.6,,,ttth,7480201,16,0,94
A00,,,,7.2,,,,8.0,8.0,,ttth,7480201,16,0,95
D01,7.5,,8.4,6.6,,,,,,,ttth,7480201,16,0,96
A01,,,8.4,7.4,,,,7.75,,,ttth,7480201,16,0,97
D01,5.8,,7.2,9.0,,,,,,,ttth,7480201,16,0,98
D07,,,6.6,7.25,,,,,8.0,,ttth,7480201,16,0,99
D07,,,9.0,7.0,,,,,8.25,,ttth,7480201,16,0,100
D01,6.75,,7.8,8.0,,,,,,,ttth,7480201,16,0,101
A01,,,8.2,7.8,,,,7.25,,,ttth,7480201,16,0,102
D01,9.0,,6.4,6.25,,,,,,,ttth,7480201,16,0,103
A00,,,,7.6,,,,6.25,8.25,,ttth,7480201,16,0,104
D01,5.6,,7.6,7.5,,,,,,,ttth,7480201,16,0,105
A00,,,,7.8,,,,7.25,7.0,,ttth,7480201,16,0,106
D01,8.25,,7.4,8.2,,,,,,,ttth,7480201,16,0,107
D01,7.2,,7.4,6.75,,,,,,,ttth,7480201,16,0,108
A00,,,,8.0,,,,7.5,7.0,,ttth,7480201,16,0,109
A01,,,8.0,8.0,,,,7.5,,,ttth,7480201,16,0,110
D01,8.4,,8.2,7.75,,,,,,,ttth,7480201,16,0,111
D01,7.5,,7.2,8.2,,,,,,,ttth,7480201,16,0,112
D01,6.4,,8.0,6.5,,,,,,,ttth,7480201,16,0,113
D07,,,8.4,7.25,,,,,7.6,,ttth,7480201,16,0,114
D07,,,7.0,7.0,,,,,7.2,,ttth,7480201,16,0,115
D01,7.75,,7.0,7.8,,,,,,,ttth,7480201,16,0,116
D01,7.5,,7.0,7.8,,,,,,,ttth,7480201,16,0,117
D01,8.0,,8.0,7.25,,,,,,,ttth,7480201,16,0,118
A01,,,6.8,7.25,,,,8.8,,,ttth,7480201,16,0,119
A00,,,,6.4,,,,6.25,7.5,,ttth,7480202,17,0,0
A01,,,7.8,7.2,,,,4.5,,,ttth,7480202,17,0,1
D01,7.25,,7.4,7.8,,,,,,,ttth,7480202,17,0,2
A01,,,8.8,7.6,,,,7.75,,,ttth,7480202,17,0,3
A01,,,6.6,7.6,,,,6.75,,,ttth,7480202,17,0,4
D07,,,6.6,7.25,,,,,7.6,,ttth,7480202,17,0,5
D01,6.2,,7.8,6.0,,,,,,,ttth,7480202,17,0,6
D07,,,6.0,6.25,,,,,6.8,,ttth,7480202,17,0,7
D01,8.0,,6.4,6.4,,,,,,,ttth,7480202,17,0,8
A00,,,,7.75,,,,7.5,7.4,,ttth,7480202,17,0,9
D07,,,7.2,7.4,,,,,7.0,,ttth,7480202,17,0,10
D01,7.5,,6.4,5.6,,,,,,,ttth,7480202,17,0,11
D01,7.2,,5.6,5.75,,,,,,,ttth,7480202,17,0,12
D01,6.25,,3.6,5.8,,,,,,,ttth,7480202,17,0,13
D01,6.25,,4.6,6.6,,,,,,,ttth,7480202,17,0,14
A00,,,,8.25,,,,6.5,7.2,,ttth,7480202,17,0,15
D07,,,7.0,7.0,,,,,7.5,,ttth,7480202,17,0,16
A01,,,7.4,5.8,,,,6.0,,,ttth,7480202,17,0,17
A00,,,,7.0,,,,8.5,6.6,,ttth,7480202,17,0,18
A00,,,,6.6,,,,3.75,8.25,,ttth,7480202,17,0,19
D07,,,5.0,5.5,,,,,7.4,,ttth,7480202,17,0,20
A01,,,7.8,7.8,,,,4.0,,,ttth,7480202,17,0,21
D01,6.4,,6.6,7.5,,,,,,,ttth,7480202,17,0,22
D01,7.8,,7.8,6.5,,,,,,,ttth,7480202,17,0,23
D01,3.8,,7.8,5.5,,,,,,,ttth,7480202,17,0,24
A00,,,,7.4,,,,6.25,6.25,,ttth,7480202,17,0,25
D01,7.8,,6.6,7.75,,,,,,,ttth,7480202,17,0,26
D01,6.5,,4.4,4.6,,,,,,,ttth,7480202,17,0,27
D07,,,7.4,7.5,,,,,7.4,,ttth,7480202,17,0,28
D01,6.5,,5.8,5.6,,,,,,,ttth,7480202,17,0,29
A01,,,7.2,6.25,,,,6.4,,,ttth,7480202,17,0,30
D01,6.0,,7.0,7.0,,,,,,,ttth,7480202,17,0,31
A00,,,,8.25,,,,6.75,8.0,,ttth,7480202,17,0,32
D07,,,8.2,7.2,,,,,7.0,,ttth,7480202,17,0,33
A00,,,,6.2,,,,7.75,6.5,,ttth,7480202,17,0,34
D01,8.4,,7.4,7.0,,,,,,,ttth,7480202,17,0,35
D01,6.8,,7.0,9.0,,,,,,,ttth,7480202,17,0,36
A00,,,,7.8,,,,6.5,7.75,,ttth,7480202,17,0,37
D01,5.25,,7.2,6.0,,,,,,,ttth,7480202,17,0,38
D01,6.0,,6.4,5.6,,,,,,,ttth,7480202,17,0,39
D01,7.5,,6.6,6.0,,,,,,,ttth,7480202,17,0,40
A00,,,,8.6,,,,6.5,7.0,,ttth,7480202,17,0,41
A00,,,,6.75,,,,8.25,8.0,,ttth,7480202,17,0,42
A00,,,,6.5,,,,7.0,7.0,,ttth,7480202,17,0,43
D01,6.75,,4.8,6.6,,,,,,,ttth,7480202,17,0,44
D01,8.2,,8.0,6.5,,,,,,,ttth,7480202,17,0,45
A00,,,,7.4,,,,7.75,6.25,,ttth,7480202,17,0,46
D01,6.0,,8.4,6.8,,,,,,,ttth,7480202,17,0,47
D01,6.2,,7.8,8.25,,,,,,,ttth,7480202,17,0,48
D01,8.25,,6.6,6.4,,,,,,,ttth,7480202,17,0,49
D01,7.0,,6.0,5.8,,,,,,,ttth,7480202,17,0,50
A01,,,7.8,7.5,,,,8.6,,,ttth,7480202,17,0,51
A00,,,,7.4,,,,5.75,6.25,,ttth,7480202,17,0,52
D07,,,6.8,6.5,,,,,7.0,,ttth,7480202,17,0,53
D01,5.4,,7.2,6.75,,,,,,,ttth,7480202,17,0,54
D01,5.6,,5.2,6.0,,,,,,,ttth,7480202,17,0,55
D07,,,6.4,6.5,,,,,7.0,,ttth,7480202,17,0,56
D01,6.0,,8.0,8.0,,,,,,,ttth,7480202,17,0,57
A01,,,7.4,7.2,,,,7.0,,,ttth,7480202,17,0,58
D01,7.0,,7.2,6.0,,,,,,,ttth,7480202,17,0,59
D01,6.5,,8.2,6.4,,,,,,,ttth,7480202,17,0,60
A01,,,7.8,7.0,,,,7.4,,,ttth,7480202,17,0,61
A00,,,,8.0,,,,6.0,7.6,,ttth,7480202,17,0,62
D07,,,6.8,7.4,,,,,8.25,,ttth,7480202,17,0,63
A00,,,,6.5,,,,7.75,7.8,,ttth,7480202,17,0,64
D07,,,6.4,6.75,,,,,8.4,,ttth,7480202,17,0,65
D01,7.0,,4.0,6.0,,,,,,,ttth,7480202,17,0,66
D01,6.75,,5.6,8.0,,,,,,,ttth,7480202,17,0,67
A01,,,7.2,7.75,,,,8.0,,,ttth,7480202,17,0,68
A01,,,7.6,8.2,,,,7.0,,,ttth,7480202,17,0,69
D01,3.8,,6.4,6.75,,,,,,,ttth,7480202,17,0,70
A00,,,,7.0,,,,7.75,8.2,,ttth,7480202,17,0,71
A00,,,,7.25,,,,7.25,7.8,,ttth,7480202,17,0,72
D01,6.5,,6.6,6.6,,,,,,,ttth,7480202,17,0,73
D01,7.0,,4.6,5.6,,,,,,,ttth,7480202,17,0,74
D01,5.6,,5.8,6.5,,,,,,,ttth,7480202,17,0,75
A00,,,,6.25,,,,7.25,7.6,,ttth,7480202,17,0,76
A00,,,,7.0,,,,7.25,7.0,,ttth,7480202,17,0,77
D01,4.6,,6.2,6.0,,,,,,,ttth,7480202,17,0,78
D01,6.8,,6.2,6.0,,,,,,,ttth,7480202,17,0,79
D01,7.6,,4.2,6.0,,,,,,,ttth,7480202,17,0,80
A00,,,,7.0,,,,6.75,7.0,,ttth,7480202,17,0,81
D07,,,8.0,6.5,,,,,7.0,,ttth,7480202,17,0,82
D01,7.0,,6.2,6.8,,,,,,,ttth,7480202,17,0,83
A00,,,,6.0,,,,8.25,8.0,,ttth,7480202,17,0,84
D01,5.6,,6.8,6.75,,,,,,,ttth,7480202,17,0,85
D01,9.2,,7.2,7.25,,,,,,,ttth,7480202,17,0,86
D07,,,8.4,8.5,,,,,7.6,,ttth,7480202,17,0,87
A01,,,8.4,8.4,,,,7.5,,,ttth,7480202,17,0,88
A00,,,,7.75,,,,7.25,8.2,,ttth,7480202,17,0,89
A00,,,,7.2,,,,7.75,8.0,,ttth,7480202,17,0,90
D01,7.25,,4.8,5.8,,,,,,,ttth,7480202,17,0,91
A00,,,,8.2,,,,7.0,7.5,,ttth,7480202,17,0,92
A00,,,,7.4,,,,6.5,7.5,,ttth,7480202,17,0,93
A01,,,7.4,5.75,,,,5.8,,,ttth,7480202,17,0,94
A00,,,,6.0,,,,4.25,5.5,,ttth,7480202,17,0,95
A01,,,6.2,8.0,,,,7.25,,,ttth,7480202,17,0,96
A00,,,,6.25,,,,6.25,7.2,,ttth,7480202,17,0,97
A01,,,7.4,7.6,,,,7.0,,,ttth,7480202,17,0,98
A01,,,8.2,7.25,,,,7.0,,,ttth,7480202,17,0,99
A00,,,,7.5,,,,8.0,7.8,,ttth,7480202,17,0,100
A01,,,6.2,7.6,,,,6.0,,,ttth,7480202,17,0,101
D01,6.8,,7.2,7.0,,,,,,,ttth,7480202,17,0,102
A00,,,,7.75,,,,6.5,7.6,,ttth,7480202,17,0,103
D01,7.2,,6.8,5.25,,,,,,,ttth,7480202,17,0,104
A00,,,,7.5,,,,7.5,7.6,,ttth,7480202,17,0,105
D01,5.5,,7.4,7.0,,,,,,,ttth,7480202,17,0,106
D07,,,7.6,7.25,,,,,8.6,,ttth,7480202,17,0,107
A00,,,,7.8,,,,6.5,7.5,,ttth,7480202,17,0,108
D01,7.0,,3.6,6.4,,,,,,,ttth,7480202,17,0,109
A00,,,,7.2,,,,5.0,6.75,,ttth,7480202,17,0,110
D07,,,6.4,8.0,,,,,7.5,,ttth,7480202,17,0,111
A00,,,,7.0,,,,8.0,7.8,,ttth,7480202,17,0,112
D01,5.25,,6.0,7.4,,,,,,,ttth,7480202,17,0,113
D01,5.4,,6.8,7.25,,,,,,,ttth,7480202,17,0,114
D01,6.6,,6.6,6.0,,,,,,,ttth,7480202,17,0,115
D01,7.0,,7.6,6.5,,,,,,,ttth,7480202,17,0,116
D01,6.5,,4.8,6.2,,,,,,,ttth,7480202,17,0,117
D01,7.8,,8.2,7.0,,,,,,,ttth,7480202,17,0,118
A00,,,,7.0,,,,8.25,8.2,,ttth,7480202,17,0,119
A00,,,,6.25,,,,7.25,8.0,,ttth,7510202,18,5,0
A00,,,,4.75,,,,5.5,6.2,,ttth,7510202,18,5,1
A00,,,,7.4,,,,6.75,5.5,,ttth,7510202,18,5,2
D01,8.0,,7.6,6.8,,,,,,,ttth,7510202,18,5,3
A00,,,,6.8,,,,5.25,5.0,,ttth,7510202,18,5,4
D01,6.4,,5.2,6.0,,,,,,,ttth,7510202,18,5,5
A00,,,,8.2,,,,5.5,7.25,,ttth,7510202,18,5,6
A00,,,,6.75,,,,7.25,8.0,,ttth,7510202,18,5,7
A00,,,,7.4,,,,7.0,5.25,,ttth,7510202,18,5,8
A00,,,,7.2,,,,4.0,7.0,,ttth,7510202,18,5,9
D01,6.6,,7.6,7.5,,,,,,,ttth,7510202,18,5,10
D01,2.8,,6.6,7.25,,,,,,,ttth,7510202,18,5,11
A00,,,,8.0,,,,7.25,7.4,,ttth,7510202,18,5,12
A00,,,,5.0,,,,5.75,7.6,,ttth,7510202,18,5,13
D01,6.25,,2.8,7.0,,,,,,,ttth,7510202,18,5,14
D01,4.8,,4.6,7.0,,,,,,,ttth,7510202,18,5,15
A00,,,,8.0,,,,5.0,6.5,,ttth,7510202,18,5,16
D01,5.2,,6.6,7.0,,,,,,,ttth,7510202,18,5,17
A00,,,,5.5,,,,7.25,6.2,,ttth,7510202,18,5,18
D01,5.4,,6.6,5.25,,,,,,,ttth,7510202,18,5,19
D01,6.5,,3.8,6.8,,,,,,,ttth,7510202,18,5,20
D01,4.0,,6.4,6.75,,,,,,,ttth,7510202,18,5,21
D01,4.6,,6.0,7.5,,,,,,,ttth,7510202,18,5,22
D01,6.2,,7.6,7.0,,,,,,,ttth,7510202,18,5,23
D01,4.2,,5.2,7.25,,,,,,,ttth,7510202,18,5,24
D01,3.2,,7.0,8.0,,,,,,,ttth,7510202,18,5,25
A00,,,,4.5,,,,5.75,6.8,,ttth,7510202,18,5,26
A01,,,6.8,5.5,,,,6.2,,,ttth,7510202,18,5,27
D01,5.4,,7.0,5.5,,,,,,,ttth,7510202,18,5,28
A00,,,,7.8,,,,6.0,8.0,,ttth,7510202,18,5,29
A00,,,,7.25,,,,6.75,5.6,,ttth,7510202,18,5,30
D01,7.2,,6.0,5.25,,,,,,,ttth,7510202,18,5,31
A00,,,,8.2,,,,6.75,6.75,,ttth,7510202,18,5,32
D01,6.6,,6.8,6.25,,,,,,,ttth,7510202,18,5,33
A00,,,,8.0,,,,6.0,7.0,,ttth,7510202,18,5,34
A01,,,6.6,6.5,,,,5.0,,,ttth,7510202,18,5,35
D01,6.2,,7.4,6.5,,,,,,,ttth,7510202,18,5,36
D01,4.2,,7.6,7.25,,,,,,,ttth,7510202,18,5,37
D01,6.5,,6.2,5.6,,,,,,,ttth,7510202,18,5,38
D01,6.0,,7.2,7.25,,,,,,,ttth,7510202,18,5,39
D01,6.5,,4.2,7.2,,,,,,,ttth,7510202,18,5,40
D01,5.2,,6.4,7.0,,,,,,,ttth,7510202,18,5,41
D01,4.6,,7.4,5.25,,,,,,,ttth,7510202,18,5,42
D01,5.4,,7.8,7.25,,,,,,,ttth,7510202,18,5,43
A00,,,,5.0,,,,7.75,7.2,,ttth,7510202,18,5,44
D01,7.2,,6.4,7.0,,,,,,,ttth,7510202,18,5,45
A01,,,8.6,7.75,,,,5.6,,,ttth,7510202,18,5,46
D01,6.4,,7.0,6.25,,,,,,,ttth,7510202,18,5,47
D01,6.4,,8.0,6.5,,,,,,,ttth,7510202,18,5,48
D01,4.2,,6.6,6.75,,,,,,,ttth,7510202,18,5,49
D01,6.25,,4.6,7.2,,,,,,,ttth,7510202,18,5,50
D01,5.5,,5.2,5.8,,,,,,,ttth,7510202,18,5,51
D01,4.6,,6.2,6.5,,,,,,,ttth,7510202,18,5,52
A00,,,,6.75,,,,5.5,6.4,,ttth,7510202,18,5,53
D01,4.6,,7.8,6.0,,,,,,,ttth,7510202,18,5,54
A00,,,,5.25,,,,6.25,7.0,,ttth,7510202,18,5,55
D01,6.5,,4.0,7.2,,,,,,,ttth,7510202,18,5,56
D01,5.8,,7.0,6.5,,,,,,,ttth,7510202,18,5,57
A00,,,,8.0,,,,7.5,6.0,,ttth,7510202,18,5,58
D01,4.4,,6.2,7.25,,,,,,,ttth,7510202,18,5,59
D01,5.25,,4.8,7.4,,,,,,,ttth,7510202,18,5,60
A00,,,,6.8,,,,4.25,4.5,,ttth,7510202,18,5,61
A00,,,,7.0,,,,5.25,6.0,,ttth,7510202,18,5,62
A00,,,,5.25,,,,7.5,6.2,,ttth,7510202,18,5,63
A01,,,7.8,6.25,,,,7.4,,,ttth,7510202,18,5,64
A00,,,,8.2,,,,8.25,7.0,,ttth,7510202,18,5,65
D01,6.0,,6.0,6.6,,,,,,,ttth,7510202,18,5,66
A00,,,,5.75,,,,7.75,7.2,,ttth,7510202,18,5,67
D01,5.5,,5.6,6.8,,,,,,,ttth,7510202,18,5,68
A00,,,,8.4,,,,6.25,7.75,,ttth,7510202,18,5,69
D01,7.0,,7.4,7.2,,,,,,,ttth,7510202,18,5,70
D01,5.5,,5.6,6.2,,,,,,,ttth,7510202,18,5,71
D01,7.25,,7.8,7.8,,,,,,,ttth,7510202,18,5,72
D01,6.2,,6.0,5.5,,,,,,,ttth,7510202,18,5,73
A00,,,,7.4,,,,6.75,7.25,,ttth,7510202,18,5,74
A00,,,,6.8,,,,5.5,6.5,,ttth,7510202,18,5,75
A00,,,,5.5,,,,4.75,7.0,,ttth,7510202,18,5,76
D01,4.0,,5.6,6.75,,,,,,,ttth,7510202,18,5,77
D01,3.2,,6.0,7.0,,,,,,,ttth,7510202,18,5,78
D01,6.25,,6.6,8.8,,,,,,,ttth,7510202,18,5,79
D01,5.25,,4.2,7.4,,,,,,,ttth,7510202,18,5,80
A00,,,,5.75,,,,7.0,7.0,,ttth,7510202,18,5,81
D01,4.6,,7.2,6.5,,,,,,,ttth,7510202,18,5,82
D01,6.08,,7.4,6.2,,,,,,,ttth,7510202,18,5,83
A01,,,7.0,6.25,,,,4.4,,,ttth,7510202,18,5,84
A01,,,6.8,7.5,,,,6.8,,,ttth,7510202,18,5,85
D01,5.2,,6.0,6.25,,,,,,,ttth,7510202,18,5,86
D01,5.4,,7.6,6.0,,,,,,,ttth,7510202,18,5,87
D01,6.25,,4.6,6.0,,,,,,,ttth,7510202,18,5,88
D01,6.0,,7.0,5.5,,,,,,,ttth,7510202,18,5,89
A00,,,,7.6,,,,5.75,4.0,,ttth,7510202,18,5,90
D01,6.0,,7.6,5.75,,,,,,,ttth,7510202,18,5,91
D07,,,7.6,6.75,,,,,7.6,,ttth,7510202,18,5,92
A00,,,,6.5,,,,7.0,7.0,,ttth,7510202,18,5,93
A00,,,,7.4,,,,6.75,7.25,,ttth,7510202,18,5,94
A00,,,,5.8,,,,5.0,6.0,,ttth,7510202,18,5,95
A00,,,,6.75,,,,7.75,7.0,,ttth,7510202,18,5,96
D01,6.6,,7.0,6.0,,,,,,,ttth,7510202,18,5,97
A01,,,7.4,6.8,,,,6.5,,,ttth,7510202,18,5,98
A01,,,5.8,6.0,,,,6.0,,,ttth,7510202,18,5,99
A00,,,,7.0,,,,7.0,5.8,,ttth,7510202,18,5,100
A01,,,4.6,6.4,,,,5.75,,,ttth,7510202,18,5,101
D01,7.25,,6.4,6.2,,,,,,,ttth,7510202,18,5,102
D01,6.25,,8.2,5.4,,,,,,,ttth,7510202,18,5,103
A01,,,5.8,6.5,,,,7.0,,,ttth,7510202,18,5,104
A00,,,,8.0,,,,5.75,7.5,,ttth,7510202,18,5,105
D01,4.0,,5.8,6.25,,,,,,,ttth,7510202,18,5,106
A01,,,8.4,7.2,,,,5.75,,,ttth,7510202,18,5,107
A01,,,8.0,6.0,,,,5.4,,,ttth,7510202,18,5,108
D01,4.8,,7.4,6.5,,,,,,,ttth,7510202,18,5,109
D01,6.5,,5.8,7.2,,,,,,,ttth,7510202,18,5,110
D01,5.4,,7.2,6.0,,,,,,,ttth,7510202,18,5,111
A00,,,,5.25,,,,6.0,6.6,,ttth,7510202,18,5,112
A00,,,,6.4,,,,5.0,5.25,,ttth,7510202,18,5,113
D01,5.6,,6.0,7.5,,,,,,,ttth,7510202,18,5,114
A00,,,,7.0,,,,6.0,7.0,,ttth,7510202,18,5,115
A01,,,6.2,7.0,,,,6.2,,,ttth,7510202,18,5,116
D01,4.6,,7.4,6.75,,,,,,,ttth,7510202,18,5,117
A00,,,,7.4,,,,6.75,7.5,,ttth,7510202,18,5,118
A00,,,,6.25,,,,6.25,7.2,,ttth,7510202,18,5,119
A00,,,,6.5,,,,6.75,7.0,,ttth,7510203,19,5,0
D01,3.6,,6.0,6.5,,,,,,,ttth,7510203,19,5,1
A01,,,6.4,6.0,,,,4.25,,,ttth,7510203,19,5,2
A00,,,,8.4,,,,6.75,6.75,,ttth,7510203,19,5,3
D01,7.25,,4.6,7.0,,,,,,,ttth,7510203,19,5,4
A00,,,,7.0,,,,6.25,6.8,,ttth,7510203,19,5,5
D01,5.0,,7.2,7.0,,,,,,,ttth,7510203,19,5,6
D01,6.5,,8.0,6.8,,,,,,,ttth,7510203,19,5,7
D01,7.0,,4.4,7.2,,,,,,,ttth,7510203,19,5,8
D01,5.5,,5.6,6.8,,,,,,,ttth,7510203,19,5,9
D01,7.6,,8.0,5.5,,,,,,,ttth,7510203,19,5,10
A00,,,,6.75,,,,5.25,6.6,,ttth,7510203,19,5,11
A00,,,,5.4,,,,6.75,4.25,,ttth,7510203,19,5,12
D01,7.25,,2.8,6.6,,,,,,,ttth,7510203,19,5,13
A00,,,,7.5,,,,7.25,7.8,,ttth,7510203,19,5,14
A00,,,,5.75,,,,4.5,6.4,,ttth,7510203,19,5,15
A00,,,,5.0,,,,5.0,6.6,,ttth,7510203,19,5,16
A00,,,,7.8,,,,4.75,6.0,,ttth,7510203,19,5,17
D01,7.0,,6.8,7.6,,,,,,,ttth,7510203,19,5,18
A00,,,,6.5,,,,6.75,6.4,,ttth,7510203,19,5,19
D01,7.4,,4.4,6.75,,,,,,,ttth,7510203,19,5,20
A00,,,,7.5,,,,7.0,8.2,,ttth,7510203,19,5,21
A00,,,,7.8,,,,8.0,7.25,,ttth,7510203,19,5,22
A00,,,,6.8,,,,6.0,6.5,,ttth,7510203,19,5,23
A00,,,,7.4,,,,7.0,6.25,,ttth,7510203,19,5,24
A00,,,,4.25,,,,8.5,6.0,,ttth,7510203,19,5,25
A00,,,,6.0,,,,8.0,7.0,,ttth,7510203,19,5,26
D01,7.0,,6.2,6.0,,,,,,,ttth,7510203,19,5,27
D01,4.2,,7.6,6.25,,,,,,,ttth,7510203,19,5,28
A01,,,5.8,6.0,,,,4.75,,,ttth,7510203,19,5,29
D07,,,7.4,8.0,,,,,7.2,,ttth,7510203,19,5,30
A00,,,,4.25,,,,6.0,6.0,,ttth,7510203,19,5,31
D01,5.6,,5.0,5.75,,,,,,,ttth,7510203,19,5,32
D01,7.0,,7.0,7.6,,,,,,,ttth,7510203,19,5,33
D01,5.6,,7.0,6.0,,,,,,,ttth,7510203,19,5,34
D07,,,6.2,7.2,,,,,7.0,,ttth,7510203,19,5,35
A00,,,,8.0,,,,5.75,8.6,,ttth,7510203,19,5,36
D01,6.75,,6.8,7.6,,,,,,,ttth,7510203,19,5,37
A01,,,7.4,7.25,,,,7.2,,,ttth,7510203,19,5,38
D01,6.0,,5.0,8.4,,,,,,,ttth,7510203,19,5,39
D01,6.0,,6.2,8.4,,,,,,,ttth,7510203,19,5,40
D01,4.8,,6.8,6.5,,,,,,,ttth,7510203,19,5,41
D07,,,7.2,7.75,,,,,6.6,,ttth,7510203,19,5,42
D01,6.0,,6.4,5.75,,,,,,,ttth,7510203,19,5,43
D01,8.0,,6.6,7.75,,,,,,,ttth,7510203,19,5,44
D01,5.0,,7.6,6.5,,,,,,,ttth,7510203,19,5,45
D01,6.25,,6.6,6.6,,,,,,,ttth,7510203,19,5,46
D01,6.0,,7.4,7.5,,,,,,,ttth,7510203,19,5,47
D07,,,7.4,7.0,,,,,5.6,,ttth,7510203,19,5,48
D01,6.5,,4.8,6.0,,,,,,,ttth,7510203,19,5,49
D01,5.2,,5.8,6.25,,,,,,,ttth,7510203,19,5,50
D07,,,7.8,7.25,,,,,6.2,,ttth,7510203,19,5,51
D01,5.75,,4.8,5.6,,,,,,,ttth,7510203,19,5,52
D01,4.2,,6.2,8.25,,,,,,,ttth,7510203,19,5,53
D07,,,7.6,7.0,,,,,5.8,,ttth,7510203,19,5,54
D01,4.2,,6.4,6.0,,,,,,,ttth,7510203,19,5,55
A00,,,,4.75,,,,6.5,7.0,,ttth,7510203,19,5,56
D07,,,6.4,5.5,,,,,4.8,,ttth,7510203,19,5,57
A00,,,,7.4,,,,6.0,6.0,,ttth,7510203,19,5,58
D01,5.2,,8.6,7.75,,,,,,,ttth,7510203,19,5,59
D01,5.25,,6.0,7.8,,,,,,,ttth,7510203,19,5,60
D01,4.5,,8.6,4.8,,,,,,,ttth,7510203,19,5,61
D01,3.4,,7.2,6.0,,,,,,,ttth,7510203,19,5,62
D01,5.75,,4.0,6.0,,,,,,,ttth,7510203,19,5,63
D01,7.8,,6.4,7.0,,,,,,,ttth,7510203,19,5,64
A00,,,,6.6,,,,5.5,6.75,,ttth,7510203,19,5,65
D01,7.2,,7.4,6.5,,,,,,,ttth,7510203,19,5,66
A00,,,,7.25,,,,8.0,8.2,,ttth,7510203,19,5,67
D01,5.0,,6.2,7.5,,,,,,,ttth,7510203,19,5,68
A00,,,,5.75,,,,6.75,7.0,,ttth,7510203,19,5,69
D01,6.25,,3.6,7.0,,,,,,,ttth,7510203,19,5,70
D01,6.5,,7.4,7.8,,,,,,,ttth,7510203,19,5,71
D01,7.8,,5.6,5.75,,,,,,,ttth,7510203,19,5,72
D01,7.5,,3.2,7.2,,,,,,,ttth,7510203,19,5,73
D01,6.0,,8.4,6.8,,,,,,,ttth,7510203,19,5,74
A01,,,7.6,6.25,,,,7.0,,,ttth,7510203,19,5,75
A00,,,,7.6,,,,7.25,8.25,,ttth,7510203,19,5,76
A00,,,,8.4,,,,7.5,7.5,,ttth,7510203,19,5,77
D01,6.4,,6.4,6.5,,,,,,,ttth,7510203,19,5,78
D07,,,6.4,7.0,,,,,6.8,,ttth,7510203,19,5,79
D01,6.5,,4.4,5.6,,,,,,,ttth,7510203,19,5,80
A00,,,,5.75,,,,7.5,6.8,,ttth,7510203,19,5,81
D01,4.0,,5.2,7.6,,,,,,,ttth,7510203,19,5,82
D01,7.0,,4.0,5.2,,,,,,,ttth,7510203,19,5,83
D01,7.4,,7.4,7.25,,,,,,,ttth,7510203,19,5,84
A00,,,,7.2,,,,6.25,7.5,,ttth,7510203,19,5,85
D01,5.75,,7.4,7.0,,,,,,,ttth,7510203,19,5,86
A00,,,,6.6,,,,4.75,5.0,,ttth,7510203,19,5,87
D01,4.75,,5.4,6.2,,,,,,,ttth,7510203,19,5,88
A00,,,,7.75,,,,6.5,7.2,,ttth,7510203,19,5,89
D01,5.4,,5.6,4.5,,,,,,,ttth,7510203,19,5,90
A00,,,,6.8,,,,8.0,7.0,,ttth,7510203,19,5,91
A01,,,7.8,7.25,,,,6.6,,,ttth,7510203,19,5,92
D01,7.8,,7.0,7.25,,,,,,,ttth,7510203,19,5,93
D01,6.75,,6.6,5.2,,,,,,,ttth,7510203,19,5,94
A00,,,,7.4,,,,6.5,6.25,,ttth,7510203,19,5,95
D01,9.2,,5.8,6.0,,,,,,,ttth,7510203,19,5,96
D01,6.6,,6.2,6.25,,,,,,,ttth,7510203,19,5,97
A00,,,,8.4,,,,6.75,7.0,,ttth,7510203,19,5,98
A00,,,,8.8,,,,7.75,4.25,,ttth,7510203,19,5,99
A00,,,,8.0,,,,5.75,6.75,,ttth,7510203,19,5,100
A00,,,,7.0,,,,4.5,4.5,,ttth,7510203,19,5,101
D01,6.75,,6.6,6.8,,,,,,,ttth,7510203,19,5,102
D01,6.0,,5.2,5.8,,,,,,,ttth,7510203,19,5,103
D01,7.5,,5.2,5.6,,,,,,,ttth,7510203,19,5,104
D07,,,6.8,8.6,,,,,7.75,,ttth,7510203,19,5,105
D01,5.2,,7.8,7.0,,,,,,,ttth,7510203,19,5,106
A01,,,6.8,6.25,,,,7.8,,,ttth,7510203,19,5,107
D01,4.2,,7.2,7.0,,,,,,,ttth,7510203,19,5,108
A00,,,,6.25,,,,7.5,6.8,,ttth,7510203,19,5,109
A00,,,,7.2,,,,5.75,8.0,,ttth,7510203,19,5,110
A01,,,8.6,6.0,,,,6.6,,,ttth,7510203,19,5,111
D07,,,6.8,6.5,,,,,8.0,,ttth,7510203,19,5,112
D01,5.0,,7.0,7.75,,,,,,,ttth,7510203,19,5,113
D01,6.0,,7.8,6.75,,,,,,,ttth,7510203,19,5,114
A00,,,,7.0,,,,7.5,7.8,,ttth,7510203,19,5,115
D01,6.2,,7.0,5.5,,,,,,,ttth,7510203,19,5,116
D01,4.8,,6.4,6.25,,,,,,,ttth,7510203,19,5,117
A00,,,,4.75,,,,5.25,6.8,,ttth,7510203,19,5,118
A00,,,,7.2,,,,7.75,6.25,,ttth,7510203,19,5,119
A01,,,8.0,6.75,,,,7.2,,,ttth,7510301,20,5,0
D01,4.5,,5.0,7.0,,,,,,,ttth,7510301,20,5,1
A00,,,,5.75,,,,6.75,8.0,,ttth,7510301,20,5,2
A01,,,7.0,7.0,,,,6.0,,,ttth,7510301,20,5,3
A01,,,7.8,6.75,,,,6.4,,,ttth,7510301,20,5,4
A00,,,,6.8,,,,5.0,5.75,,ttth,7510301,20,5,5
A01,,,6.0,7.0,,,,7.25,,,ttth,7510301,20,5,6
D01,7.6,,7.0,7.75,,,,,,,ttth,7510301,20,5,7
D01,6.5,,4.2,7.6,,,,,,,ttth,7510301,20,5,8
D01,8.5,,4.2,5.2,,,,,,,ttth,7510301,20,5,9
A00,,,,7.0,,,,7.0,6.2,,ttth,7510301,20,5,10
D01,8.0,,5.0,6.2,,,,,,,ttth,7510301,20,5,11
A00,,,,6.75,,,,7.25,7.6,,ttth,7510301,20,5,12
D01,7.75,,5.6,7.8,,,,,,,ttth,7510301,20,5,13
A00,,,,6.8,,,,4.25,7.0,,ttth,7510301,20,5,14
D01,4.2,,5.8,6.5,,,,,,,ttth,7510301,20,5,15
A00,,,,8.0,,,,5.5,5.5,,ttth,7510301,20,5,16
A00,,,,7.0,,,,6.5,8.6,,ttth,7510301,20,5,17
D01,5.75,,4.2,7.0,,,,,,,ttth,7510301,20,5,18
A00,,,,7.0,,,,4.75,7.25,,ttth,7510301,20,5,19
D07,,,8.2,8.0,,,,,7.0,,ttth,7510301,20,5,20
D01,5.5,,4.6,6.6,,,,,,,ttth,7510301,20,5,21
A00,,,,7.4,,,,6.5,5.5,,ttth,7510301,20,5,22
A00,,,,6.25,,,,7.0,6.8,,ttth,7510301,20,5,23
A00,,,,7.6,,,,4.5,6.0,,ttth,7510301,20,5,24
D01,6.0,,4.6,6.6,,,,,,,ttth,7510301,20,5,25
A00,,,,8.2,,,,5.75,8.25,,ttth,7510301,20,5,26
D01,6.75,,5.6,7.0,,,,,,,ttth,7510301,20,5,27
A00,,,,6.0,,,,6.0,7.0,,ttth,7510301,20,5,28
A00,,,,6.8,,,,5.0,6.75,,ttth,7510301,20,5,29
D01,6.0,,6.0,8.8,,,,,,,ttth,7510301,20,5,30
A00,,,,6.4,,,,6.0,4.75,,ttth,7510301,20,5,31
A00,,,,8.25,,,,7.0,7.0,,ttth,7510301,20,5,32
A00,,,,6.8,,,,6.75,7.75,,ttth,7510301,20,5,33
D01,4.6,,5.6,7.5,,,,,,,ttth,7510301,20,5,34
D01,6.8,,7.0,8.0,,,,,,,ttth,7510301,20,5,35
A00,,,,6.75,,,,7.5,7.6,,ttth,7510301,20,5,36
A00,,,,8.2,,,,6.25,6.75,,ttth,7510301,20,5,37
A00,,,,5.75,,,,7.25,7.6,,ttth,7510301,20,5,38
A00,,,,6.5,,,,6.75,8.0,,ttth,7510301,20,5,39
D01,7.25,,6.2,6.4,,,,,,,ttth,7510301,20,5,40
D01,6.2,,6.2,7.25,,,,,,,ttth,7510301,20,5,41
D01,6.8,,7.6,7.0,,,,,,,ttth,7510301,20,5,42
A00,,,,6.4,,,,5.75,5.5,,ttth,7510301,20,5,43
A00,,,,8.0,,,,7.25,8.2,,ttth,7510301,20,5,44
D01,5.6,,7.8,7.5,,,,,,,ttth,7510301,20,5,45
A01,,,8.0,7.8,,,,7.0,,,ttth,7510301,20,5,46
A00,,,,6.75,,,,5.75,6.4,,ttth,7510301,20,5,47
A00,,,,7.2,,,,6.25,6.75,,ttth,7510301,20,5,48
A00,,,,6.6,,,,7.25,7.75,,ttth,7510301,20,5,49
D01,6.75,,5.2,5.0,,,,,,,ttth,7510301,20,5,50
A00,,,,7.4,,,,4.25,5.75,,ttth,7510301,20,5,51
A00,,,,6.5,,,,6.25,6.8,,ttth,7510301,20,5,52
A00,,,,8.2,,,,6.75,7.0,,ttth,7510301,20,5,53
A00,,,,7.8,,,,4.75,6.5,,ttth,7510301,20,5,54
D01,6.5,,7.6,7.2,,,,,,,ttth,7510301,20,5,55
D01,6.5,,3.6,6.6,,,,,,,ttth,7510301,20,5,56
D01,5.75,,5.8,6.4,,,,,,,ttth,7510301,20,5,57
D07,,,6.6,8.25,,,,,6.2,,ttth,7510301,20,5,58
D01,5.75,,5.2,6.2,,,,,,,ttth,7510301,20,5,59
A00,,,,6.8,,,,6.0,8.0,,ttth,7510301,20,5,60
D01,7.5,,6.6,8.0,,,,,,,ttth,7510301,20,5,61
D01,6.8,,7.2,7.5,,,,,,,ttth,7510301,20,5,62
D01,6.5,,5.4,7.2,,,,,,,ttth,7510301,20,5,63
D01,6.25,,4.6,6.0,,,,,,,ttth,7510301,20,5,64
A01,,,6.2,7.0,,,,5.25,,,ttth,7510301,20,5,65
D01,5.8,,7.6,7.0,,,,,,,ttth,7510301,20,5,66
A00,,,,6.5,,,,5.5,6.6,,ttth,7510301,20,5,67
A00,,,,5.6,,,,6.0,4.75,,ttth,7510301,20,5,68
D01,6.75,,5.2,8.2,,,,,,,ttth,7510301,20,5,69
D01,8.0,,4.0,4.8,,,,,,,ttth,7510301,20,5,70
D01,7.0,,6.0,6.4,,,,,,,ttth,7510301,20,5,71
A00,,,,6.25,,,,7.5,7.6,,ttth,7510301,20,5,72
D01,6.0,,7.4,7.75,,,,,,,ttth,7510301,20,5,73
A01,,,6.8,7.0,,,,6.0,,,ttth,7510301,20,5,74
D01,6.25,,5.8,7.2,,,,,,,ttth,7510301,20,5,75
A01,,,8.0,8.0,,,,6.8,,,ttth,7510301,20,5,76
D01,7.4,,7.2,7.5,,,,,,,ttth,7510301,20,5,77
D01,6.5,,7.4,4.0,,,,,,,ttth,7510301,20,5,78
A00,,,,7.0,,,,6.5,6.0,,ttth,7510301,20,5,79
A00,,,,7.8,,,,7.5,6.0,,ttth,7510301,20,5,80
D01,7.8,,7.6,6.0,,,,,,,ttth,7510301,20,5,81
A01,,,9.0,4.8,,,,3.25,,,ttth,7510301,20,5,82
A01,,,8.0,7.0,,,,6.0,,,ttth,7510301,20,5,83
D01,6.5,,4.6,6.4,,,,,,,ttth,7510301,20,5,84
A00,,,,7.4,,,,6.5,6.75,,ttth,7510301,20,5,85
A00,,,,6.75,,,,7.75,7.4,,ttth,7510301,20,5,86
A01,,,5.0,7.6,,,,5.0,,,ttth,7510301,20,5,87
D01,4.4,,6.2,5.5,,,,,,,ttth,7510301,20,5,88
A01,,,6.6,8.0,,,,7.25,,,ttth,7510301,20,5,89
D01,5.5,,6.4,5.8,,,,,,,ttth,7510301,20,5,90
D01,4.75,,8.0,8.0,,,,,,,ttth,7510301,20,5,91
A00,,,,6.4,,,,5.75,5.5,,ttth,7510301,20,5,92
D01,5.75,,5.8,7.8,,,,,,,ttth,7510301,20,5,93
A00,,,,6.0,,,,6.0,6.8,,ttth,7510301,20,5,94
A00,,,,7.4,,,,7.0,7.0,,ttth,7510301,20,5,95
D01,7.4,,7.2,7.75,,,,,,,ttth,7510301,20,5,96
D01,5.0,,5.4,7.8,,,,,,,ttth,7510301,20,5,97
D01,6.5,,5.6,7.0,,,,,,,ttth,7510301,20,5,98
D01,6.0,,5.0,8.0,,,,,,,ttth,7510301,20,5,99
A00,,,,6.4,,,,5.5,6.25,,ttth,7510301,20,5,100
D01,7.0,,6.6,7.2,,,,,,,ttth,7510301,20,5,101
D01,7.2,,7.6,7.0,,,,,,,ttth,7510301,20,5,102
D01,6.75,,5.4,6.4,,,,,,,ttth,7510301,20,5,103
D01,6.8,,7.4,7.0,,,,,,,ttth,7510301,20,5,104
D01,6.0,,6.2,6.25,,,,,,,ttth,7510301,20,5,105
D01,7.4,,7.4,7.0,,,,,,,ttth,7510301,20,5,106
D01,3.6,,7.0,6.0,,,,,,,ttth,7510301,20,5,107
A01,,,6.4,6.5,,,,4.6,,,ttth,7510301,20,5,108
A01,,,6.6,7.6,,,,4.25,,,ttth,7510301,20,5,109
D01,3.8,,5.4,6.75,,,,,,,ttth,7510301,20,5,110
A00,,,,7.6,,,,5.0,5.5,,ttth,7510301,20,5,111
A00,,,,6.0,,,,6.5,7.4,,ttth,7510301,20,5,112
A00,,,,6.25,,,,7.25,7.2,,ttth,7510301,20,5,113
A00,,,,6.4,,,,7.0,4.75,,ttth,7510301,20,5,114
D01,6.0,,4.0,8.2,,,,,,,ttth,7510301,20,5,115
D01,5.75,,5.4,6.6,,,,,,,ttth,7510301,20,5,116
A01,,,5.8,5.75,,,,4.2,,,ttth,7510301,20,5,117
D01,5.5,,3.2,7.8,,,,,,,ttth,7510301,20,5,118
D01,6.5,,4.0,7.6,,,,,,,ttth,7510301,20,5,119
D01,6.2,,6.4,7.0,,,,,,,ttth,7510303,21,5,0
D01,7.0,,6.6,6.6,,,,,,,ttth,7510303,21,5,1
A00,,,,6.75,,,,6.75,7.6,,ttth,7510303,21,5,2
A00,,,,6.5,,,,7.25,8.2,,ttth,7510303,21,5,3
A00,,,,8.0,,,,6.5,8.0,,ttth,7510303,21,5,4
D01,4.6,,4.6,7.5,,,,,,,ttth,7510303,21,5,5
D01,7.75,,7.8,7.8,,,,,,,ttth,7510303,21,5,6
D01,7.0,,6.6,7.8,,,,,,,ttth,7510303,21,5,7
A00,,,,7.2,,,,5.75,5.75,,ttth,7510303,21,5,8
D01,5.0,,4.4,7.4,,,,,,,ttth,7510303,21,5,9
A00,,,,7.4,,,,7.75,5.75,,ttth,7510303,21,5,10
D01,6.0,,6.8,6.6,,,,,,,ttth,7510303,21,5,11
A00,,,,6.25,,,,7.0,8.8,,ttth,7510303,21,5,12
D01,6.6,,6.4,6.25,,,,,,,ttth,7510303,21,5,13
A00,,,,5.8,,,,5.5,6.25,,ttth,7510303,21,5,14
A01,,,7.4,7.2,,,,7.0,,,ttth,7510303,21,5,15
A00,,,,6.8,,,,4.75,6.5,,ttth,7510303,21,5,16
D01,7.75,,4.0,7.2,,,,,,,ttth,7510303,21,5,17
A00,,,,8.0,,,,6.25,6.75,,ttth,7510303,21,5,18
A00,,,,7.4,,,,7.0,8.0,,ttth,7510303,21,5,19
D07,,,7.8,6.8,,,,,6.25,,ttth,7510303,21,5,20
D01,6.6,,7.6,7.5,,,,,,,ttth,7510303,21,5,21
D01,6.2,,6.8,6.5,,,,,,,ttth,7510303,21,5,22
A00,,,,6.0,,,,7.5,7.4,,ttth,7510303,21,5,23
D01,7.2,,6.8,7.0,,,,,,,ttth,7510303,21,5,24
D01,7.0,,3.6,6.6,,,,,,,ttth,7510303,21,5,25
A00,,,,7.8,,,,5.25,8.25,,ttth,7510303,21,5,26
D01,5.4,,7.0,6.25,,,,,,,ttth,7510303,21,5,27
A01,,,7.8,6.5,,,,7.0,,,ttth,7510303,21,5,28
A00,,,,7.0,,,,8.25,7.2,,ttth,7510303,21,5,29
A00,,,,6.0,,,,4.75,7.25,,ttth,7510303,21,5,30
D01,6.0,,5.2,6.6,,,,,,,ttth,7510303,21,5,31
A00,,,,7.8,,,,7.25,6.25,,ttth,7510303,21,5,32
A00,,,,7.0,,,,5.25,4.75,,ttth,7510303,21,5,33
A00,,,,7.4,,,,6.25,7.25,,ttth,7510303,21,5,34
A00,,,,7.0,,,,7.75,6.2,,ttth,7510303,21,5,35
A00,,,,7.6,,,,6.0,5.5,,ttth,7510303,21,5,36
D01,7.0,,7.4,7.0,,,,,,,ttth,7510303,21,5,37
A00,,,,7.0,,,,5.0,5.5,,ttth,7510303,21,5,38
D01,7.8,,6.6,7.0,,,,,,,ttth,7510303,21,5,39
D01,8.5,,5.4,4.6,,,,,,,ttth,7510303,21,5,40
A00,,,,6.25,,,,7.25,7.4,,ttth,7510303,21,5,41
A00,,,,6.75,,,,8.25,8.0,,ttth,7510303,21,5,42
A00,,,,6.5,,,,5.5,6.8,,ttth,7510303,21,5,43
D01,5.6,,7.6,8.25,,,,,,,ttth,7510303,21,5,44
D01,5.8,,7.2,8.0,,,,,,,ttth,7510303,21,5,45
A00,,,,6.0,,,,5.5,6.8,,ttth,7510303,21,5,46
D01,5.75,,5.6,6.6,,,,,,,ttth,7510303,21,5,47
A00,,,,7.0,,,,7.0,6.6,,ttth,7510303,21,5,48
A00,,,,5.75,,,,7.75,7.8,,ttth,7510303,21,5,49
A01,,,7.0,5.75,,,,8.0,,,ttth,7510303,21,5,50
A00,,,,7.8,,,,6.0,6.5,,ttth,7510303,21,5,51
A00,,,,7.0,,,,6.75,8.6,,ttth,7510303,21,5,52
A01,,,4.2,8.2,,,,8.25,,,ttth,7510303,21,5,53
A00,,,,6.25,,,,6.25,9.0,,ttth,7510303,21,5,54
D01,5.5,,4.6,6.4,,,,,,,ttth,7510303,21,5,55
A01,,,7.6,6.75,,,,6.0,,,ttth,7510303,21,5,56
A00,,,,4.75,,,,5.25,7.4,,ttth,7510303,21,5,57
A00,,,,6.0,,,,8.0,7.0,,ttth,7510303,21,5,58
A00,,,,6.6,,,,5.25,5.75,,ttth,7510303,21,5,59
D01,6.0,,4.6,7.2,,,,,,,ttth,7510303,21,5,60
A00,,,,7.5,,,,7.5,8.6,,ttth,7510303,21,5,61
A00,,,,8.6,,,,8.0,6.5,,ttth,7510303,21,5,62
A00,,,,7.4,,,,5.75,7.5,,ttth,7510303,21,5,63
A00,,,,7.2,,,,6.75,6.75,,ttth,7510303,21,5,64
D01,4.8,,5.8,7.75,,,,,,,ttth,7510303,21,5,65
D01,8.0,,7.6,6.5,,,,,,,ttth,7510303,21,5,66
D01,7.75,,8.2,7.6,,,,,,,ttth,7510303,21,5,67
A00,,,,7.0,,,,7.75,7.6,,ttth,7510303,21,5,68
A00,,,,6.5,,,,7.25,8.4,,ttth,7510303,21,5,69
A00,,,,7.6,,,,5.5,6.75,,ttth,7510303,21,5,70
D01,6.5,,4.4,6.0,,,,,,,ttth,7510303,21,5,71
D07,,,7.6,8.6,,,,,8.0,,ttth,7510303,21,5,72
D01,6.5,,5.0,8.0,,,,,,,ttth,7510303,21,5,73
D01,5.25,,5.6,7.0,,,,,,,ttth,7510303,21,5,74
D01,7.25,,8.0,6.0,,,,,,,ttth,7510303,21,5,75
A00,,,,7.2,,,,5.25,6.75,,ttth,7510303,21,5,76
D01,7.25,,6.0,7.8,,,,,,,ttth,7510303,21,5,77
D01,7.0,,7.6,6.0,,,,,,,ttth,7510303,21,5,78
A00,,,,7.2,,,,7.0,6.5,,ttth,7510303,21,5,79
A00,,,,8.6,,,,5.5,7.25,,ttth,7510303,21,5,80
D01,6.6,,6.4,4.5,,,,,,,ttth,7510303,21,5,81
A00,,,,5.5,,,,7.0,6.6,,ttth,7510303,21,5,82
A00,,,,7.6,,,,6.5,6.25,,ttth,7510303,21,5,83
D01,4.0,,7.0,7.0,,,,,,,ttth,7510303,21,5,84
D01,6.4,,7.6,6.25,,,,,,,ttth,7510303,21,5,85
D01,6.6,,8.2,7.0,,,,,,,ttth,7510303,21,5,86
D01,7.0,,8.0,6.0,,,,,,,ttth,7510303,21,5,87
D01,7.6,,7.2,7.25,,,,,,,ttth,7510303,21,5,88
D01,7.75,,3.4,7.6,,,,,,,ttth,7510303,21,5,89
A01,,,7.8,6.5,,,,7.6,,,ttth,7510303,21,5,90
D01,8.8,,7.6,7.5,,,,,,,ttth,7510303,21,5,91
A00,,,,7.75,,,,6.5,7.0,,ttth,7510303,21,5,92
D07,,,7.8,7.5,,,,,5.4,,ttth,7510303,21,5,93
A00,,,,7.0,,,,7.5,7.2,,ttth,7510303,21,5,94
D01,6.8,,7.4,7.0,,,,,,,ttth,7510303,21,5,95
A00,,,,7.4,,,,6.75,6.5,,ttth,7510303,21,5,96
D01,7.8,,6.4,6.0,,,,,,,ttth,7510303,21,5,97
A00,,,,6.5,,,,7.75,6.4,,ttth,7510303,21,5,98
D01,3.0,,7.4,7.25,,,,,,,ttth,7510303,21,5,99
A00,,,,6.5,,,,7.75,7.8,,ttth,7510303,21,5,100
D01,3.8,,6.8,6.25,,,,,,,ttth,7510303,21,5,101
D01,3.4,,6.4,7.5,,,,,,,ttth,7510303,21,5,102
D07,,,7.6,8.5,,,,,7.2,,ttth,7510303,21,5,103
D01,7.0,,4.2,6.0,,,,,,,ttth,7510303,21,5,104
A00,,,,5.75,,,,7.0,8.2,,ttth,7510303,21,5,105
A00,,,,7.25,,,,6.25,8.2,,ttth,7510303,21,5,106
A01,,,7.4,8.0,,,,6.75,,,ttth,7510303,21,5,107
A00,,,,8.6,,,,6.75,7.25,,ttth,7510303,21,5,108
A00,,,,7.0,,,,7.0,6.25,,ttth,7510303,21,5,109
A00,,,,7.0,,,,6.0,7.75,,ttth,7510303,21,5,110
D01,6.75,,6.6,7.8,,,,,,,ttth,7510303,21,5,111
D01,7.25,,5.0,5.0,,,,,,,ttth,7510303,21,5,112
D01,4.0,,6.2,8.75,,,,,,,ttth,7510303,21,5,113
A00,,,,7.0,,,,7.25,7.2,,ttth,7510303,21,5,114
D01,7.5,,7.0,8.2,,,,,,,ttth,7510303,21,5,115
A01,,,8.8,8.0,,,,7.0,,,ttth,7510303,21,5,116
A00,,,,5.75,,,,5.5,7.4,,ttth,7510303,21,5,117
D01,5.8,,7.6,7.5,,,,,,,ttth,7510303,21,5,118
A00,,,,6.5,,,,7.25,7.4,,ttth,7510303,21,5,119
B00,,,,6.8,,,,,7.0,7.75,ttth,7510401,22,6,0
A00,,,,7.0,,,,5.5,6.75,,ttth,7510401,22,6,1
D07,,,4.6,6.5,,,,,7.8,,ttth,7510401,22,6,2
D07,,,8.2,7.0,,,,,7.75,,ttth,7510401,22,6,3
B00,,,,6.4,,,,,8.0,4.75,ttth,7510401,22,6,4
A00,,,,5.5,,,,7.25,6.6,,ttth,7510401,22,6,5
A00,,,,6.0,,,,6.25,7.8,,ttth,7510401,22,6,6
A00,,,,7.25,,,,7.0,7.2,,ttth,7510401,22,6,7
A00,,,,7.5,,,,7.5,7.2,,ttth,7510401,22,6,8
A00,,,,6.75,,,,7.0,7.6,,ttth,7510401,22,6,9
A01,,,6.0,7.25,,,,7.0,,,ttth,7510401,22,6,10
D07,,,7.0,7.5,,,,,6.8,,ttth,7510401,22,6,11
B00,,,,7.0,,,,,8.0,7.5,ttth,7510401,22,6,12
D07,,,7.4,6.75,,,,,7.2,,ttth,7510401,22,6,13
A00,,,,6.0,,,,5.25,5.75,,ttth,7510401,22,6,14
D07,,,8.6,7.0,,,,,5.0,,ttth,7510401,22,6,15
B00,,,,6.75,,,,,6.25,7.2,ttth,7510401,22,6,16
B00,,,,6.0,,,,,5.0,7.8,ttth,7510401,22,6,17
B00,,,,7.5,,,,,6.5,6.2,ttth,7510401,22,6,18
D07,,,7.4,7.8,,,,,7.75,,ttth,7510401,22,6,19
A00,,,,7.2,,,,6.0,7.25,,ttth,7510401,22,6,20
A00,,,,7.2,,,,6.5,6.75,,ttth,7510401,22,6,21
A00,,,,7.8,,,,7.0,6.25,,ttth,7510401,22,6,22
D07,,,9.0,8.2,,,,,7.5,,ttth,7510401,22,6,23
A00,,,,8.2,,,,6.75,8.25,,ttth,7510401,22,6,24
B00,,,,7.25,,,,,7.0,5.6,ttth,7510401,22,6,25
A00,,,,7.5,,,,7.75,7.4,,ttth,7510401,22,6,26
D07,,,7.6,5.0,,,,,5.2,,ttth,7510401,22,6,27
B00,,,,6.75,,,,,6.25,7.2,ttth,7510401,22,6,28
A01,,,7.8,6.0,,,,5.6,,,ttth,7510401,22,6,29
D07,,,7.0,7.2,,,,,7.5,,ttth,7510401,22,6,30
A00,,,,7.25,,,,6.75,7.6,,ttth,7510401,22,6,31
A00,,,,8.0,,,,6.75,6.75,,ttth,7510401,22,6,32
A01,,,6.8,7.2,,,,6.25,,,ttth,7510401,22,6,33
B00,,,,7.5,,,,,7.25,5.4,ttth,7510401,22,6,34
A00,,,,7.0,,,,7.75,8.2,,ttth,7510401,22,6,35
B00,,,,8.0,,,,,7.5,7.0,ttth,7510401,22,6,36
B00,,,,7.75,,,,,7.25,6.8,ttth,7510401,22,6,37
A00,,,,8.0,,,,8.25,7.0,,ttth,7510401,22,6,38
A00,,,,6.0,,,,6.5,6.8,,ttth,7510401,22,6,39
A00,,,,7.0,,,,6.25,7.25,,ttth,7510401,22,6,40
B00,,,,7.25,,,,,6.5,6.4,ttth,7510401,22,6,41
B00,,,,6.75,,,,,6.5,7.0,ttth,7510401,22,6,42
A00,,,,8.6,,,,5.75,8.25,,ttth,7510401,22,6,43
D07,,,7.6,6.6,,,,,8.25,,ttth,7510401,22,6,44
A00,,,,7.0,,,,8.0,8.4,,ttth,7510401,22,6,45
A00,,,,7.6,,,,6.25,7.5,,ttth,7510401,22,6,46
A00,,,,8.0,,,,6.75,7.75,,ttth,7510401,22,6,47
B00,,,,8.25,,,,,7.25,7.8,ttth,7510401,22,6,48
B00,,,,7.2,,,,,6.75,6.0,ttth,7510401,22,6,49
D07,,,7.8,7.0,,,,,7.75,,ttth,7510401,22,6,50
B00,,,,6.75,,,,,4.5,7.0,ttth,7510401,22,6,51
A00,,,,7.5,,,,8.5,7.6,,ttth,7510401,22,6,52
D07,,,7.2,7.8,,,,,7.5,,ttth,7510401,22,6,53
B00,,,,7.5,,,,,7.75,7.2,ttth,7510401,22,6,54
D07,,,6.4,6.25,,,,,6.0,,ttth,7510401,22,6,55
A00,,,,7.8,,,,6.75,7.0,,ttth,7510401,22,6,56
D07,,,6.4,7.6,,,,,7.25,,ttth,7510401,22,6,57
D07,,,7.4,6.25,,,,,6.2,,ttth,7510401,22,6,58
B00,,,,6.75,,,,,6.5,7.4,ttth,7510401,22,6,59
B00,,,,7.75,,,,,7.0,7.8,ttth,7510401,22,6,60
A00,,,,7.6,,,,6.25,7.0,,ttth,7510401,22,6,61
B00,,,,6.0,,,,,7.75,7.6,ttth,7510401,22,6,62
B00,,,,7.2,,,,,6.0,7.75,ttth,7510401,22,6,63
A00,,,,8.6,,,,5.25,7.0,,ttth,7510401,22,6,64
A00,,,,8.0,,,,6.75,7.5,,ttth,7510401,22,6,65
A00,,,,6.6,,,,5.75,8.0,,ttth,7510401,22,6,66
D07,,,8.0,7.0,,,,,8.5,,ttth,7510401,22,6,67
A00,,,,6.5,,,,5.25,8.0,,ttth,7510401,22,6,68
A00,,,,6.4,,,,7.5,7.25,,ttth,7510401,22,6,69
D07,,,6.8,7.0,,,,,6.75,,ttth,7510401,22,6,70
A00,,,,7.8,,,,6.75,6.75,,ttth,7510401,22,6,71
B00,,,,7.0,,,,,7.75,5.0,ttth,7510401,22,6,72
A00,,,,8.0,,,,5.75,4.75,,ttth,7510401,22,6,73
B00,,,,7.75,,,,,7.25,8.2,ttth,7510401,22,6,74
A00,,,,6.0,,,,7.5,7.4,,ttth,7510401,22,6,75
A00,,,,7.2,,,,7.25,7.25,,ttth,7510401,22,6,76
A00,,,,8.0,,,,5.0,7.5,,ttth,7510401,22,6,77
D07,,,8.0,7.8,,,,,7.75,,ttth,7510401,22,6,78
B00,,,,8.8,,,,,7.75,7.75,ttth,7510401,22,6,79
D07,,,6.6,6.25,,,,,8.8,,ttth,7510401,22,6,80
D07,,,7.4,5.6,,,,,7.25,,ttth,7510401,22,6,81
B00,,,,6.8,,,,,6.25,6.25,ttth,7510401,22,6,82
A00,,,,7.2,,,,6.75,8.25,,ttth,7510401,22,6,83
D07,,,7.6,7.75,,,,,7.0,,ttth,7510401,22,6,84
D07,,,7.6,7.6,,,,,6.0,,ttth,7510401,22,6,85
A00,,,,7.0,,,,4.0,5.25,,ttth,7510401,22,6,86
B00,,,,7.75,,,,,6.75,7.0,ttth,7510401,22,6,87
B00,,,,5.75,,,,,6.25,5.4,ttth,7510401,22,6,88
D07,,,6.6,7.0,,,,,6.8,,ttth,7510401,22,6,89
D07,,,6.2,7.0,,,,,7.6,,ttth,7510401,22,6,90
B00,,,,8.0,,,,,7.25,8.4,ttth,7510401,22,6,91
D07,,,7.2,7.0,,,,,6.4,,ttth,7510401,22,6,92
A00,,,,6.75,,,,5.75,6.8,,ttth,7510401,22,6,93
A00,,,,6.25,,,,8.5,7.4,,ttth,7510401,22,6,94
A00,,,,7.25,,,,6.5,6.0,,ttth,7510401,22,6,95
B00,,,,7.25,,,,,7.5,7.8,ttth,7510401,22,6,96
A00,,,,6.25,,,,8.0,3.6,,ttth,7510401,22,6,97
A00,,,,5.25,,,,5.75,6.8,,ttth,7510401,22,6,98
D07,,,6.8,7.0,,,,,4.8,,ttth,7510401,22,6,99
B00,,,,7.0,,,,,7.0,7.0,ttth,7510401,22,6,100
D07,,,7.2,7.0,,,,,4.4,,ttth,7510401,22,6,101
B00,,,,8.0,,,,,8.25,7.5,ttth,7510401,22,6,102
B00,,,,7.75,,,,,6.0,6.0,ttth,7510401,22,6,103
A00,,,,5.75,,,,7.25,7.8,,ttth,7510401,22,6,104
A00,,,,7.6,,,,6.75,7.75,,ttth,7510401,22,6,105
A00,,,,6.75,,,,7.25,5.6,,ttth,7510401,22,6,106
D07,,,8.4,7.5,,,,,7.8,,ttth,7510401,22,6,107
A00,,,,8.2,,,,7.5,7.5,,ttth,7510401,22,6,108
D07,,,6.6,7.4,,,,,7.5,,ttth,7510401,22,6,109
A00,,,,7.4,,,,5.25,8.25,,ttth,7510401,22,6,110
B00,,,,6.0,,,,,7.0,7.2,ttth,7510401,22,6,111
A00,,,,6.0,,,,7.75,7.4,,ttth,7510401,22,6,112
B00,,,,7.25,,,,,6.25,4.4,ttth,7510401,22,6,113
B00,,,,7.5,,,,,6.75,6.4,ttth,7510401,22,6,114
A00,,,,6.0,,,,7.0,7.75,,ttth,7510401,22,6,115
D07,,,7.0,6.6,,,,,8.5,,ttth,7510401,22,6,116
D07,,,8.8,8.0,,,,,6.5,,ttth,7510401,22,6,117
A00,,,,7.5,,,,8.75,8.2,,ttth,7510401,22,6,118
A00,,,,6.0,,,,7.75,7.0,,ttth,7510401,22,6,119
B00,,,,6.8,,,,,5.5,4.25,ttth,7510402,23,6,0
A00,,,,7.25,,,,6.25,7.8,,ttth,7510402,23,6,1
A00,,,,7.2,,,,6.75,4.25,,ttth,7510402,23,6,2
D07,,,7.8,6.6,,,,,5.25,,ttth,7510402,23,6,3
B00,,,,7.0,,,,,7.0,6.0,ttth,7510402,23,6,4
A01,,,7.4,7.0,,,,6.5,,,ttth,7510402,23,6,5
A00,,,,6.5,,,,4.0,7.8,,ttth,7510402,23,6,6
A00,,,,7.25,,,,6.25,7.8,,ttth,7510402,23,6,7
A01,,,7.4,7.0,,,,6.5,,,ttth,7510402,23,6,8
A00,,,,6.75,,,,6.5,6.6,,ttth,7510402,23,6,9
D07,,,7.8,6.6,,,,,5.25,,ttth,7510402,23,6,10
A00,,,,5.0,,,,6.5,7.0,,ttth,7510402,23,6,11
B00,,,,7.0,,,,,7.0,6.0,ttth,7510402,23,6,12
A00,,,,7.0,,,,4.25,5.25,,ttth,7510402,23,6,13
A01,,,7.4,7.0,,,,6.5,,,ttth,7510402,23,6,14
A01,,,8.8,8.0,,,,7.0,,,ttth,7510402,23,6,15
A00,,,,6.5,,,,7.5,8.4,,ttth,7510402,23,6,16
A00,,,,7.6,,,,6.75,7.5,,ttth,7510402,23,6,17
A00,,,,7.0,,,,5.5,7.8,,ttth,7510402,23,6,18
A00,,,,5.0,,,,6.5,7.0,,ttth,7510402,23,6,19
B00,,,,7.0,,,,,7.0,6.0,ttth,7510402,23,6,20
A00,,,,7.2,,,,6.75,4.25,,ttth,7510402,23,6,21
D07,,,8.0,7.2,,,,,7.25,,ttth,7510402,23,6,22
A01,,,6.4,5.25,,,,5.6,,,ttth,7510402,23,6,23
A00,,,,5.0,,,,6.5,7.0,,ttth,7510402,23,6,24
A00,,,,6.75,,,,6.25,4.8,,ttth,7510402,23,6,25
B00,,,,7.8,,,,,6.5,6.5,ttth,7510402,23,6,26
A00,,,,6.75,,,,6.5,6.6,,ttth,7510402,23,6,27
A01,,,8.8,8.0,,,,7.0,,,ttth,7510402,23,6,28
A00,,,,7.2,,,,6.75,4.25,,ttth,7510402,23,6,29
B00,,,,7.0,,,,,7.0,6.0,ttth,7510402,23,6,30
A00,,,,7.6,,,,6.75,7.5,,ttth,7510402,23,6,31
A01,,,8.8,8.0,,,,7.0,,,ttth,7510402,23,6,32
A00,,,,7.0,,,,4.25,5.25,,ttth,7510402,23,6,33
A01,,,8.8,8.0,,,,7.0,,,ttth,7510402,23,6,34
A00,,,,7.6,,,,6.75,7.5,,ttth,7510402,23,6,35
A01,,,6.4,5.25,,,,5.6,,,ttth,7510402,23,6,36
A01,,,7.4,7.0,,,,6.5,,,ttth,7510402,23,6,37
B00,,,,7.8,,,,,6.5,6.5,ttth,7510402,23,6,38
A00,,,,6.5,,,,7.5,8.4,,ttth,7510402,23,6,39
B00,,,,7.8,,,,,6.5,6.5,ttth,7510402,23,6,40
B00,,,,7.8,,,,,6.5,6.5,ttth,7510402,23,6,41
B00,,,,7.8,,,,,6.5,6.5,ttth,7510402,23,6,42
A00,,,,6.5,,,,7.5,8.4,,ttth,7510402,23,6,43
A00,,,,7.25,,,,6.25,7.8,,ttth,7510402,23,6,44
A00,,,,6.5,,,,7.5,8.4,,ttth,7510402,23,6,45
A00,,,,7.0,,,,4.25,5.25,,ttth,7510402,23,6,46
A00,,,,7.0,,,,4.25,5.25,,ttth,7510402,23,6,47
A00,,,,7.6,,,,6.75,7.5,,ttth,7510402,23,6,48
A01,,,8.8,8.0,,,,7.0,,,ttth,7510402,23,6,49
D07,,,8.0,7.2,,,,,7.25,,ttth,7510402,23,6,50
A00,,,,7.0,,,,5.5,7.8,,ttth,7510402,23,6,51
A01,,,6.4,5.25,,,,5.6,,,ttth,7510402,23,6,52
B00,,,,7.0,,,,,7.0,6.0,ttth,7510402,23,6,53
A00,,,,5.0,,,,6.5,7.0,,ttth,7510402,23,6,54
A00,,,,6.75,,,,6.5,6.6,,ttth,7510402,23,6,55
A00,,,,7.0,,,,4.25,5.25,,ttth,7510402,23,6,56
A01,,,6.4,5.25,,,,5.6,,,ttth,7510402,23,6,57
A00,,,,6.5,,,,7.5,8.4,,ttth,7510402,23,6,58
A00,,,,6.75,,,,6.5,6.6,,ttth,7510402,23,6,59
A00,,,,6.5,,,,7.5,8.4,,ttth,7510402,23,6,60
A00,,,,7.0,,,,4.25,5.25,,ttth,7510402,23,6,61
A00,,,,7.2,,,,6.75,4.25,,ttth,7510402,23,6,62
A00,,,,6.5,,,,7.5,8.4,,ttth,7510402,23,6,63
A00,,,,5.0,,,,6.5,7.0,,ttth,7510402,23,6,64
A01,,,6.4,5.25,,,,5.6,,,ttth,7510402,23,6,65
A01,,,7.4,7.0,,,,6.5,,,ttth,7510402,23,6,66
B00,,,,7.0,,,,,7.0,6.0,ttth,7510402,23,6,67
A00,,,,6.5,,,,7.5,8.4,,ttth,7510402,23,6,68
D07,,,7.8,6.6,,,,,5.25,,ttth,7510402,23,6,69
A00,,,,5.0,,,,6.5,7.0,,ttth,7510402,23,6,70
A00,,,,7.0,,,,4.25,5.25,,ttth,7510402,23,6,71
A00,,,,7.6,,,,6.75,7.5,,ttth,7510402,23,6,72
A00,,,,7.2,,,,6.75,4.25,,ttth,7510402,23,6,73
A00,,,,7.0,,,,5.5,7.8,,ttth,7510402,23,6,74
B00,,,,7.8,,,,,6.5,6.5,ttth,7510402,23,6,75
A00,,,,6.75,,,,6.5,6.6,,ttth,7510402,23,6,76
A01,,,8.8,8.0,,,,7.0,,,ttth,7510402,23,6,77
A00,,,,6.75,,,,6.5,6.6,,ttth,7510402,23,6,78
A00,,,,6.5,,,,7.5,8.4,,ttth,7510402,23,6,79
A00,,,,6.5,,,,7.5,8.4,,ttth,7510402,23,6,80
A01,,,7.4,7.0,,,,6.5,,,ttth,7510402,23,6,81
B00,,,,6.8,,,,,5.5,4.25,ttth,7510402,23,6,82
A00,,,,6.5,,,,4.0,7.8,,ttth,7510402,23,6,83
B00,,,,7.8,,,,,6.5,6.5,ttth,7510402,23,6,84
A00,,,,6.75,,,,6.25,4.8,,ttth,7510402,23,6,85
A00,,,,7.6,,,,6.75,7.5,,ttth,7510402,23,6,86
A00,,,,6.75,,,,6.5,6.6,,ttth,7510402,23,6,87
A00,,,,6.75,,,,6.5,6.6,,ttth,7510402,23,6,88
A00,,,,6.5,,,,7.5,8.4,,ttth,7510402,23,6,89
A00,,,,7.25,,,,6.25,7.8,,ttth,7510402,23,6,90
A00,,,,7.6,,,,6.75,7.5,,ttth,7510402,23,6,91
A00,,,,7.0,,,,4.25,5.25,,ttth,7510402,23,6,92
A01,,,7.4,7.0,,,,6.5,,,ttth,7510402,23,6,93
A01,,,7.4,7.0,,,,6.5,,,ttth,7510402,23,6,94
A01,,,7.4,7.0,,,,6.5,,,ttth,7510402,23,6,95
B00,,,,6.8,,,,,5.5,4.25,ttth,7510402,23,6,96
D07,,,7.8,6.6,,,,,5.25,,ttth,7510402,23,6,97
A00,,,,7.0,,,,4.25,5.25,,ttth,7510402,23,6,98
A01,,,6.4,5.25,,,,5.6,,,ttth,7510402,23,6,99
B00,,,,7.8,,,,,6.5,6.5,ttth,7510402,23,6,100
B00,,,,7.8,,,,,6.5,6.5,ttth,7510402,23,6,101
A00,,,,7.25,,,,6.25,7.8,,ttth,7510402,23,6,102
B00,,,,7.0,,,,,7.0,6.0,ttth,7510402,23,6,103
A00,,,,6.75,,,,6.25,4.8,,ttth,7510402,23,6,104
A01,,,7.4,7.0,,,,6.5,,,ttth,7510402,23,6,105
A00,,,,6.5,,,,7.5,8.4,,ttth,7510402,23,6,106
A00,,,,7.25,,,,6.25,7.8,,ttth,7510402,23,6,107
D07,,,8.0,7.2,,,,,7.25,,ttth,7510402,23,6,108
A00,,,,6.75,,,,6.5,6.6,,ttth,7510402,23,6,109
A00,,,,7.2,,,,6.75,4.25,,ttth,7510402,23,6,110
B00,,,,6.8,,,,,5.5,4.25,ttth,7510402,23,6,111
A00,,,,7.0,,,,4.25,5.25,,ttth,7510402,23,6,112
A00,,,,6.75,,,,6.25,4.8,,ttth,7510402,23,6,113
A00,,,,6.5,,,,4.0,7.8,,ttth,7510402,23,6,114
B00,,,,6.8,,,,,5.5,4.25,ttth,7510402,23,6,115
B00,,,,7.8,,,,,6.5,6.5,ttth,7510402,23,6,116
A00,,,,6.5,,,,4.0,7.8,,ttth,7510402,23,6,117
A00,,,,7.6,,,,6.75,7.5,,ttth,7510402,23,6,118
A00,,,,5.0,,,,6.5,7.0,,ttth,7510402,23,6,119
A00,,,,7.0,,,,6.25,6.25,,ttth,7510406,24,7,0
B00,,,,5.5,,,,,6.25,6.4,ttth,7510406,24,7,1
B00,,,,5.5,,,,,4.25,7.4,ttth,7510406,24,7,2
A00,,,,6.5,,,,4.75,6.6,,ttth,7510406,24,7,3
A00,,,,6.5,,,,6.0,6.6,,ttth,7510406,24,7,4
A00,,,,4.5,,,,6.0,7.0,,ttth,7510406,24,7,5
A01,,,6.8,6.25,,,,6.4,,,ttth,7510406,24,7,6
A00,,,,5.5,,,,5.25,5.6,,ttth,7510406,24,7,7
B00,,,,5.5,,,,,4.25,7.4,ttth,7510406,24,7,8
A00,,,,6.75,,,,5.5,6.2,,ttth,7510406,24,7,9
A00,,,,4.75,,,,6.25,5.8,,ttth,7510406,24,7,10
A01,,,7.0,6.25,,,,8.2,,,ttth,7510406,24,7,11
A00,,,,7.0,,,,6.5,7.2,,ttth,7510406,24,7,12
A01,,,6.8,6.25,,,,6.4,,,ttth,7510406,24,7,13
A00,,,,5.5,,,,6.0,6.0,,ttth,7510406,24,7,14
A00,,,,8.6,,,,7.75,6.75,,ttth,7510406,24,7,15
A01,,,6.8,6.75,,,,6.8,,,ttth,7510406,24,7,16
A01,,,6.8,6.75,,,,6.8,,,ttth,7510406,24,7,17
A00,,,,8.6,,,,7.75,6.75,,ttth,7510406,24,7,18
A00,,,,5.0,,,,5.25,6.4,,ttth,7510406,24,7,19
A00,,,,7.0,,,,6.25,6.25,,ttth,7510406,24,7,20
D07,,,8.6,8.0,,,,,7.0,,ttth,7510406,24,7,21
D07,,,7.2,6.5,,,,,5.8,,ttth,7510406,24,7,22
A00,,,,5.5,,,,5.25,5.6,,ttth,7510406,24,7,23
B00,,,,7.2,,,,,4.5,5.5,ttth,7510406,24,7,24
A00,,,,5.2,,,,5.75,6.0,,ttth,7510406,24,7,25
A00,,,,8.2,,,,5.5,5.75,,ttth,7510406,24,7,26
A00,,,,5.5,,,,5.25,5.6,,ttth,7510406,24,7,27
A00,,,,7.0,,,,6.25,6.25,,ttth,7510406,24,7,28
A00,,,,4.75,,,,6.25,5.8,,ttth,7510406,24,7,29
D07,,,6.2,6.5,,,,,6.8,,ttth,7510406,24,7,30
A00,,,,5.5,,,,6.0,6.0,,ttth,7510406,24,7,31
A01,,,7.0,8.0,,,,6.8,,,ttth,7510406,24,7,32
A01,,,5.8,5.0,,,,5.2,,,ttth,7510406,24,7,33
A00,,,,6.75,,,,5.5,6.2,,ttth,7510406,24,7,34
A01,,,5.8,5.0,,,,5.2,,,ttth,7510406,24,7,35
D07,,,6.2,6.5,,,,,6.8,,ttth,7510406,24,7,36
A00,,,,6.5,,,,6.75,6.2,,ttth,7510406,24,7,37
A01,,,7.0,5.0,,,,4.6,,,ttth,7510406,24,7,38
D07,,,7.2,6.5,,,,,5.8,,ttth,7510406,24,7,39
A00,,,,6.5,,,,6.0,6.6,,ttth,7510406,24,7,40
A00,,,,6.5,,,,4.75,6.6,,ttth,7510406,24,7,41
B00,,,,7.0,,,,,7.25,4.75,ttth,7510406,24,7,42
A00,,,,4.0,,,,5.75,6.0,,ttth,7510406,24,7,43
A00,,,,6.5,,,,4.75,6.6,,ttth,7510406,24,7,44
A00,,,,5.5,,,,6.0,6.0,,ttth,7510406,24,7,45
A01,,,6.8,6.75,,,,6.8,,,ttth,7510406,24,7,46
A01,,,6.8,6.25,,,,6.4,,,ttth,7510406,24,7,47
D07,,,8.6,8.0,,,,,7.0,,ttth,7510406,24,7,48
A00,,,,5.2,,,,5.75,6.0,,ttth,7510406,24,7,49
B00,,,,7.0,,,,,7.25,4.75,ttth,7510406,24,7,50
A00,,,,8.4,,,,7.5,5.0,,ttth,7510406,24,7,51
A00,,,,6.5,,,,6.75,6.2,,ttth,7510406,24,7,52
A00,,,,5.5,,,,5.25,5.6,,ttth,7510406,24,7,53
A01,,,7.0,5.0,,,,4.6,,,ttth,7510406,24,7,54
A00,,,,8.6,,,,7.75,6.75,,ttth,7510406,24,7,55
A00,,,,8.6,,,,7.75,6.75,,ttth,7510406,24,7,56
B00,,,,5.5,,,,,4.25,7.4,ttth,7510406,24,7,57
A00,,,,6.0,,,,5.75,6.2,,ttth,7510406,24,7,58
D07,,,6.2,6.5,,,,,6.8,,ttth,7510406,24,7,59
A01,,,7.0,5.0,,,,4.6,,,ttth,7510406,24,7,60
D07,,,7.2,6.5,,,,,5.8,,ttth,7510406,24,7,61
B00,,,,5.5,,,,,6.25,6.4,ttth,7510406,24,7,62
A00,,,,5.0,,,,6.0,5.6,,ttth,7510406,24,7,63
D07,,,6.2,6.5,,,,,6.8,,ttth,7510406,24,7,64
A00,,,,7.0,,,,6.5,7.2,,ttth,7510406,24,7,65
A00,,,,6.5,,,,6.0,6.6,,ttth,7510406,24,7,66
A00,,,,8.4,,,,7.5,5.0,,ttth,7510406,24,7,67
A00,,,,6.5,,,,5.75,7.4,,ttth,7510406,24,7,68
A00,,,,6.5,,,,6.75,6.2,,ttth,7510406,24,7,69
A00,,,,6.75,,,,5.5,6.2,,ttth,7510406,24,7,70
A00,,,,4.5,,,,6.0,7.0,,ttth,7510406,24,7,71
A00,,,,4.75,,,,6.25,5.8,,ttth,7510406,24,7,72
A01,,,6.8,6.25,,,,6.4,,,ttth,7510406,24,7,73
A00,,,,6.5,,,,6.25,7.4,,ttth,7510406,24,7,74
A00,,,,4.0,,,,5.75,6.0,,ttth,7510406,24,7,75
B00,,,,5.5,,,,,6.25,6.4,ttth,7510406,24,7,76
A00,,,,6.5,,,,5.75,7.4,,ttth,7510406,24,7,77
A00,,,,5.5,,,,5.25,5.6,,ttth,7510406,24,7,78
D07,,,8.6,8.0,,,,,7.0,,ttth,7510406,24,7,79
B00,,,,7.0,,,,,7.25,4.75,ttth,7510406,24,7,80
A00,,,,8.6,,,,7.75,6.75,,ttth,7510406,24,7,81
A01,,,6.8,6.25,,,,6.4,,,ttth,7510406,24,7,82
A00,,,,5.0,,,,6.0,5.6,,ttth,7510406,24,7,83
A00,,,,8.4,,,,7.5,5.0,,ttth,7510406,24,7,84
D07,,,8.6,8.0,,,,,7.0,,ttth,7510406,24,7,85
A00,,,,4.0,,,,5.75,6.0,,ttth,7510406,24,7,86
A00,,,,6.5,,,,6.75,6.2,,ttth,7510406,24,7,87
A01,,,7.0,6.25,,,,8.2,,,ttth,7510406,24,7,88
A01,,,6.8,6.75,,,,6.8,,,ttth,7510406,24,7,89
A00,,,,8.4,,,,7.5,5.0,,ttth,7510406,24,7,90
D07,,,8.6,8.0,,,,,7.0,,ttth,7510406,24,7,91
A00,,,,8.2,,,,5.5,5.75,,ttth,7510406,24,7,92
A00,,,,5.0,,,,5.25,6.4,,ttth,7510406,24,7,93
A00,,,,5.5,,,,6.0,6.0,,ttth,7510406,24,7,94
B00,,,,5.5,,,,,4.25,7.4,ttth,7510406,24,7,95
A01,,,6.8,6.25,,,,6.4,,,ttth,7510406,24,7,96
B00,,,,7.0,,,,,7.25,4.75,ttth,7510406,24,7,97
B00,,,,7.0,,,,,7.25,4.75,ttth,7510406,24,7,98
A00,,,,5.5,,,,5.25,5.6,,ttth,7510406,24,7,99
A00,,,,5.5,,,,6.0,6.0,,ttth,7510406,24,7,100
B00,,,,7.0,,,,,7.25,4.75,ttth,7510406,24,7,101
A00,,,,6.0,,,,5.75,6.2,,ttth,7510406,24,7,102
A00,,,,5.5,,,,5.25,5.6,,ttth,7510406,24,7,103
A01,,,5.8,5.0,,,,5.2,,,ttth,7510406,24,7,104
D07,,,7.8,5.0,,,,,7.0,,ttth,7510406,24,7,105
A00,,,,8.6,,,,7.75,6.75,,ttth,7510406,24,7,106
B00,,,,7.0,,,,,7.25,4.75,ttth,7510406,24,7,107
B00,,,,5.5,,,,,4.25,7.4,ttth,7510406,24,7,108
A00,,,,6.75,,,,5.5,6.2,,ttth,7510406,24,7,109
A01,,,7.0,5.0,,,,4.6,,,ttth,7510406,24,7,110
A00,,,,7.0,,,,6.5,7.2,,ttth,7510406,24,7,111
B00,,,,5.5,,,,,4.25,7.4,ttth,7510406,24,7,112
A00,,,,5.5,,,,5.25,5.6,,ttth,7510406,24,7,113
A01,,,7.0,8.0,,,,6.8,,,ttth,7510406,24,7,114
B00,,,,7.2,,,,,4.5,5.5,ttth,7510406,24,7,115
D07,,,8.6,8.0,,,,,7.0,,ttth,7510406,24,7,116
B00,,,,5.5,,,,,6.25,6.4,ttth,7510406,24,7,117
A00,,,,6.5,,,,6.25,7.4,,ttth,7510406,24,7,118
A00,,,,6.0,,,,6.25,7.2,,ttth,7510406,24,7,119
D01,8.25,,8.25,6.75,,,,,,,bootstrap_khaosat,7510601,25,3,0
A00,,,,8.25,,,,7.6,7.75,,bootstrap_khaosat,7510601,25,3,1
A00,,,,6.25,,,,5.5,7.0,,bootstrap_khaosat,7510601,25,3,2
A00,,,,6.0,,,,9.25,9.0,,bootstrap_khaosat,7510601,25,3,3
A00,,,,5.5,,,,8.0,8.0,,bootstrap_khaosat,7510601,25,3,4
A00,,,,8.25,,,,7.6,7.75,,bootstrap_khaosat,7510601,25,3,5
A00,,,,8.25,,,,7.6,7.75,,bootstrap_khaosat,7510601,25,3,6
A00,,,,6.0,,,,9.25,9.0,,bootstrap_khaosat,7510601,25,3,7
A00,,,,8.25,,,,7.6,7.75,,bootstrap_khaosat,7510601,25,3,8
D07,,,9.0,9.25,,,,,6.25,,bootstrap_khaosat,7510601,25,3,9
A00,,,,6.25,,,,5.5,7.0,,bootstrap_khaosat,7510601,25,3,10
D07,,,9.0,9.25,,,,,6.25,,bootstrap_khaosat,7510601,25,3,11
A00,,,,6.25,,,,5.5,7.0,,bootstrap_khaosat,7510601,25,3,12
A00,,,,8.25,,,,7.6,7.75,,bootstrap_khaosat,7510601,25,3,13
D07,,,9.0,9.25,,,,,6.25,,bootstrap_khaosat,7510601,25,3,14
D07,,,9.0,9.25,,,,,6.25,,bootstrap_khaosat,7510601,25,3,15
A00,,,,6.0,,,,9.25,9.0,,bootstrap_khaosat,7510601,25,3,16
A00,,,,6.25,,,,5.5,7.0,,bootstrap_khaosat,7510601,25,3,17
D07,,,9.0,9.25,,,,,6.25,,bootstrap_khaosat,7510601,25,3,18
A00,,,,6.0,,,,9.25,9.0,,bootstrap_khaosat,7510601,25,3,19
A00,,,,6.0,,,,9.25,9.0,,bootstrap_khaosat,7510601,25,3,20
A00,,,,6.0,,,,9.25,9.0,,bootstrap_khaosat,7510601,25,3,21
A00,,,,6.0,,,,9.25,9.0,,bootstrap_khaosat,7510601,25,3,22
A00,,,,5.5,,,,8.0,8.0,,bootstrap_khaosat,7510601,25,3,23
A00,,,,8.25,,,,7.6,7.75,,bootstrap_khaosat,7510601,25,3,24
D07,,,9.0,9.25,,,,,6.25,,bootstrap_khaosat,7510601,25,3,25
A00,,,,5.5,,,,8.0,8.0,,bootstrap_khaosat,7510601,25,3,26
D07,,,9.0,9.25,,,,,6.25,,bootstrap_khaosat,7510601,25,3,27
D07,,,9.0,9.25,,,,,6.25,,bootstrap_khaosat,7510601,25,3,28
A00,,,,6.0,,,,9.25,9.0,,bootstrap_khaosat,7510601,25,3,29
A00,,,,5.5,,,,8.0,8.0,,bootstrap_khaosat,7510601,25,3,30
A00,,,,6.25,,,,5.5,7.0,,bootstrap_khaosat,7510601,25,3,31
A00,,,,6.0,,,,9.25,9.0,,bootstrap_khaosat,7510601,25,3,32
A00,,,,5.5,,,,8.0,8.0,,bootstrap_khaosat,7510601,25,3,33
A00,,,,6.0,,,,9.25,9.0,,bootstrap_khaosat,7510601,25,3,34
D01,8.25,,8.25,6.75,,,,,,,bootstrap_khaosat,7510601,25,3,35
A00,,,,8.25,,,,7.6,7.75,,bootstrap_khaosat,7510601,25,3,36
D07,,,9.0,9.25,,,,,6.25,,bootstrap_khaosat,7510601,25,3,37
A00,,,,5.5,,,,8.0,8.0,,bootstrap_khaosat,7510601,25,3,38
D01,8.25,,8.25,6.75,,,,,,,bootstrap_khaosat,7510601,25,3,39
A00,,,,5.5,,,,8.0,8.0,,bootstrap_khaosat,7510601,25,3,40
D07,,,9.0,9.25,,,,,6.25,,bootstrap_khaosat,7510601,25,3,41
A00,,,,6.25,,,,5.5,7.0,,bootstrap_khaosat,7510601,25,3,42
D07,,,9.0,9.25,,,,,6.25,,bootstrap_khaosat,7510601,25,3,43
A00,,,,6.0,,,,9.25,9.0,,bootstrap_khaosat,7510601,25,3,44
A00,,,,6.25,,,,5.5,7.0,,bootstrap_khaosat,7510601,25,3,45
A00,,,,6.0,,,,9.25,9.0,,bootstrap_khaosat,7510601,25,3,46
D01,8.25,,8.25,6.75,,,,,,,bootstrap_khaosat,7510601,25,3,47
A00,,,,6.25,,,,5.5,7.0,,bootstrap_khaosat,7510601,25,3,48
A00,,,,5.5,,,,8.0,8.0,,bootstrap_khaosat,7510601,25,3,49
A00,,,,5.5,,,,8.0,8.0,,bootstrap_khaosat,7510601,25,3,50
D07,,,9.0,9.25,,,,,6.25,,bootstrap_khaosat,7510601,25,3,51
A00,,,,6.25,,,,5.5,7.0,,bootstrap_khaosat,7510601,25,3,52
A00,,,,6.25,,,,5.5,7.0,,bootstrap_khaosat,7510601,25,3,53
A00,,,,8.25,,,,7.6,7.75,,bootstrap_khaosat,7510601,25,3,54
A00,,,,8.25,,,,7.6,7.75,,bootstrap_khaosat,7510601,25,3,55
D01,8.25,,8.25,6.75,,,,,,,bootstrap_khaosat,7510601,25,3,56
A00,,,,6.0,,,,9.25,9.0,,bootstrap_khaosat,7510601,25,3,57
D07,,,9.0,9.25,,,,,6.25,,bootstrap_khaosat,7510601,25,3,58
D07,,,9.0,9.25,,,,,6.25,,bootstrap_khaosat,7510601,25,3,59
A00,,,,5.5,,,,8.0,8.0,,bootstrap_khaosat,7510601,25,3,60
A00,,,,6.0,,,,9.25,9.0,,bootstrap_khaosat,7510601,25,3,61
A00,,,,6.25,,,,5.5,7.0,,bootstrap_khaosat,7510601,25,3,62
A00,,,,5.5,,,,8.0,8.0,,bootstrap_khaosat,7510601,25,3,63
A00,,,,6.25,,,,5.5,7.0,,bootstrap_khaosat,7510601,25,3,64
A00,,,,8.25,,,,7.6,7.75,,bootstrap_khaosat,7510601,25,3,65
D07,,,9.0,9.25,,,,,6.25,,bootstrap_khaosat,7510601,25,3,66
D07,,,9.0,9.25,,,,,6.25,,bootstrap_khaosat,7510601,25,3,67
A00,,,,6.25,,,,5.5,7.0,,bootstrap_khaosat,7510601,25,3,68
A00,,,,8.25,,,,7.6,7.75,,bootstrap_khaosat,7510601,25,3,69
A00,,,,6.0,,,,9.25,9.0,,bootstrap_khaosat,7510601,25,3,70
A00,,,,6.25,,,,5.5,7.0,,bootstrap_khaosat,7510601,25,3,71
A00,,,,5.5,,,,8.0,8.0,,bootstrap_khaosat,7510601,25,3,72
A00,,,,8.25,,,,7.6,7.75,,bootstrap_khaosat,7510601,25,3,73
D01,8.25,,8.25,6.75,,,,,,,bootstrap_khaosat,7510601,25,3,74
A00,,,,6.0,,,,9.25,9.0,,bootstrap_khaosat,7510601,25,3,75
A00,,,,8.25,,,,7.6,7.75,,bootstrap_khaosat,7510601,25,3,76
A00,,,,6.25,,,,5.5,7.0,,bootstrap_khaosat,7510601,25,3,77
A00,,,,6.25,,,,5.5,7.0,,bootstrap_khaosat,7510601,25,3,78
D07,,,9.0,9.25,,,,,6.25,,bootstrap_khaosat,7510601,25,3,79
A00,,,,8.25,,,,7.6,7.75,,bootstrap_khaosat,7510601,25,3,80
A00,,,,8.25,,,,7.6,7.75,,bootstrap_khaosat,7510601,25,3,81
A00,,,,6.25,,,,5.5,7.0,,bootstrap_khaosat,7510601,25,3,82
D07,,,9.0,9.25,,,,,6.25,,bootstrap_khaosat,7510601,25,3,83
A00,,,,6.25,,,,5.5,7.0,,bootstrap_khaosat,7510601,25,3,84
A00,,,,6.25,,,,5.5,7.0,,bootstrap_khaosat,7510601,25,3,85
A00,,,,6.25,,,,5.5,7.0,,bootstrap_khaosat,7510601,25,3,86
D07,,,9.0,9.25,,,,,6.25,,bootstrap_khaosat,7510601,25,3,87
A00,,,,8.25,,,,7.6,7.75,,bootstrap_khaosat,7510601,25,3,88
D07,,,9.0,9.25,,,,,6.25,,bootstrap_khaosat,7510601,25,3,89
A00,,,,8.25,,,,7.6,7.75,,bootstrap_khaosat,7510601,25,3,90
D01,8.25,,8.25,6.75,,,,,,,bootstrap_khaosat,7510601,25,3,91
A00,,,,6.25,,,,5.5,7.0,,bootstrap_khaosat,7510601,25,3,92
A00,,,,6.0,,,,9.25,9.0,,bootstrap_khaosat,7510601,25,3,93
A00,,,,6.0,,,,9.25,9.0,,bootstrap_khaosat,7510601,25,3,94
A00,,,,6.0,,,,9.25,9.0,,bootstrap_khaosat,7510601,25,3,95
A00,,,,6.0,,,,9.25,9.0,,bootstrap_khaosat,7510601,25,3,96
D01,8.25,,8.25,6.75,,,,,,,bootstrap_khaosat,7510601,25,3,97
A00,,,,6.25,,,,5.5,7.0,,bootstrap_khaosat,7510601,25,3,98
A00,,,,8.25,,,,7.6,7.75,,bootstrap_khaosat,7510601,25,3,99
A00,,,,6.0,,,,9.25,9.0,,bootstrap_khaosat,7510601,25,3,100
A00,,,,8.25,,,,7.6,7.75,,bootstrap_khaosat,7510601,25,3,101
A00,,,,5.5,,,,8.0,8.0,,bootstrap_khaosat,7510601,25,3,102
D07,,,9.0,9.25,,,,,6.25,,bootstrap_khaosat,7510601,25,3,103
D01,8.25,,8.25,6.75,,,,,,,bootstrap_khaosat,7510601,25,3,104
D01,8.25,,8.25,6.75,,,,,,,bootstrap_khaosat,7510601,25,3,105
A00,,,,8.25,,,,7.6,7.75,,bootstrap_khaosat,7510601,25,3,106
A00,,,,8.25,,,,7.6,7.75,,bootstrap_khaosat,7510601,25,3,107
D07,,,9.0,9.25,,,,,6.25,,bootstrap_khaosat,7510601,25,3,108
A00,,,,6.0,,,,9.25,9.0,,bootstrap_khaosat,7510601,25,3,109
A00,,,,6.0,,,,9.25,9.0,,bootstrap_khaosat,7510601,25,3,110
A00,,,,6.25,,,,5.5,7.0,,bootstrap_khaosat,7510601,25,3,111
D07,,,9.0,9.25,,,,,6.25,,bootstrap_khaosat,7510601,25,3,112
A00,,,,6.0,,,,9.25,9.0,,bootstrap_khaosat,7510601,25,3,113
A00,,,,6.0,,,,9.25,9.0,,bootstrap_khaosat,7510601,25,3,114
D07,,,9.0,9.25,,,,,6.25,,bootstrap_khaosat,7510601,25,3,115
D07,,,9.0,9.25,,,,,6.25,,bootstrap_khaosat,7510601,25,3,116
A00,,,,6.25,,,,5.5,7.0,,bootstrap_khaosat,7510601,25,3,117
A00,,,,8.25,,,,7.6,7.75,,bootstrap_khaosat,7510601,25,3,118
D01,8.25,,8.25,6.75,,,,,,,bootstrap_khaosat,7510601,25,3,119
A01,,,8.25,8.0,,,,7.75,,,bootstrap_khaosat,7510605,26,3,0
D01,5.25,,7.0,7.8,,,,,,,bootstrap_khaosat,7510605,26,3,1
D01,5.25,,7.0,7.8,,,,,,,bootstrap_khaosat,7510605,26,3,2
A01,,,8.5,9.0,,,,8.25,,,bootstrap_khaosat,7510605,26,3,3
A01,,,8.25,8.0,,,,7.75,,,bootstrap_khaosat,7510605,26,3,4
A00,,,,9.0,,,,5.75,5.75,,bootstrap_khaosat,7510605,26,3,5
A01,,,8.25,8.0,,,,7.75,,,bootstrap_khaosat,7510605,26,3,6
D01,5.25,,7.0,7.8,,,,,,,bootstrap_khaosat,7510605,26,3,7
D15,6.5,7.75,5.25,,,,,,,,bootstrap_khaosat,7510605,26,3,8
A00,,,,9.0,,,,5.75,5.75,,bootstrap_khaosat,7510605,26,3,9
A00,,,,9.0,,,,5.75,5.75,,bootstrap_khaosat,7510605,26,3,10
D15,6.5,7.75,5.25,,,,,,,,bootstrap_khaosat,7510605,26,3,11
D15,6.5,7.75,5.25,,,,,,,,bootstrap_khaosat,7510605,26,3,12
A00,,,,6.1,,,,6.35,6.25,,bootstrap_khaosat,7510605,26,3,13
A01,,,8.5,9.0,,,,8.25,,,bootstrap_khaosat,7510605,26,3,14
A01,,,8.25,8.0,,,,7.75,,,bootstrap_khaosat,7510605,26,3,15
D01,5.25,,7.0,7.8,,,,,,,bootstrap_khaosat,7510605,26,3,16
A01,,,8.25,8.0,,,,7.75,,,bootstrap_khaosat,7510605,26,3,17
D15,6.5,7.75,5.25,,,,,,,,bootstrap_khaosat,7510605,26,3,18
D15,6.5,7.75,5.25,,,,,,,,bootstrap_khaosat,7510605,26,3,19
A00,,,,8.5,,,,5.6,7.0,,bootstrap_khaosat,7510605,26,3,20
A00,,,,8.5,,,,5.6,7.0,,bootstrap_khaosat,7510605,26,3,21
A00,,,,6.1,,,,6.35,6.25,,bootstrap_khaosat,7510605,26,3,22
A01,,,8.5,9.0,,,,8.25,,,bootstrap_khaosat,7510605,26,3,23
D01,5.25,,7.0,7.8,,,,,,,bootstrap_khaosat,7510605,26,3,24
A00,,,,8.5,,,,5.6,7.0,,bootstrap_khaosat,7510605,26,3,25
D15,6.5,7.75,5.25,,,,,,,,bootstrap_khaosat,7510605,26,3,26
A00,,,,6.1,,,,6.35,6.25,,bootstrap_khaosat,7510605,26,3,27
A00,,,,8.5,,,,5.6,7.0,,bootstrap_khaosat,7510605,26,3,28
A01,,,8.5,9.0,,,,8.25,,,bootstrap_khaosat,7510605,26,3,29
D01,5.25,,7.0,7.8,,,,,,,bootstrap_khaosat,7510605,26,3,30
A00,,,,6.1,,,,6.35,6.25,,bootstrap_khaosat,7510605,26,3,31
A01,,,8.25,8.0,,,,7.75,,,bootstrap_khaosat,7510605,26,3,32
D01,9.5,,8.75,7.5,,,,,,,bootstrap_khaosat,7510605,26,3,33
A00,,,,9.0,,,,5.75,5.75,,bootstrap_khaosat,7510605,26,3,34
D01,9.5,,8.75,7.5,,,,,,,bootstrap_khaosat,7510605,26,3,35
A00,,,,9.0,,,,5.75,5.75,,bootstrap_khaosat,7510605,26,3,36
A00,,,,6.1,,,,6.35,6.25,,bootstrap_khaosat,7510605,26,3,37
A00,,,,8.5,,,,5.6,7.0,,bootstrap_khaosat,7510605,26,3,38
D15,6.5,7.75,5.25,,,,,,,,bootstrap_khaosat,7510605,26,3,39
A01,,,8.25,8.0,,,,7.75,,,bootstrap_khaosat,7510605,26,3,40
A01,,,8.5,9.0,,,,8.25,,,bootstrap_khaosat,7510605,26,3,41
A00,,,,9.0,,,,5.75,5.75,,bootstrap_khaosat,7510605,26,3,42
D01,9.5,,8.75,7.5,,,,,,,bootstrap_khaosat,7510605,26,3,43
A00,,,,9.0,,,,5.75,5.75,,bootstrap_khaosat,7510605,26,3,44
D15,6.5,7.75,5.25,,,,,,,,bootstrap_khaosat,7510605,26,3,45
A00,,,,9.0,,,,5.75,5.75,,bootstrap_khaosat,7510605,26,3,46
A01,,,8.5,9.0,,,,8.25,,,bootstrap_khaosat,7510605,26,3,47
D15,6.5,7.75,5.25,,,,,,,,bootstrap_khaosat,7510605,26,3,48
A01,,,8.25,8.0,,,,7.75,,,bootstrap_khaosat,7510605,26,3,49
A00,,,,9.0,,,,5.75,5.75,,bootstrap_khaosat,7510605,26,3,50
D01,9.5,,8.75,7.5,,,,,,,bootstrap_khaosat,7510605,26,3,51
A00,,,,6.1,,,,6.35,6.25,,bootstrap_khaosat,7510605,26,3,52
A00,,,,6.1,,,,6.35,6.25,,bootstrap_khaosat,7510605,26,3,53
A01,,,8.25,8.0,,,,7.75,,,bootstrap_khaosat,7510605,26,3,54
D01,5.25,,7.0,7.8,,,,,,,bootstrap_khaosat,7510605,26,3,55
A01,,,8.5,9.0,,,,8.25,,,bootstrap_khaosat,7510605,26,3,56
D01,5.25,,7.0,7.8,,,,,,,bootstrap_khaosat,7510605,26,3,57
A00,,,,6.1,,,,6.35,6.25,,bootstrap_khaosat,7510605,26,3,58
A00,,,,6.1,,,,6.35,6.25,,bootstrap_khaosat,7510605,26,3,59
A00,,,,6.1,,,,6.35,6.25,,bootstrap_khaosat,7510605,26,3,60
A01,,,8.25,8.0,,,,7.75,,,bootstrap_khaosat,7510605,26,3,61
D15,6.5,7.75,5.25,,,,,,,,bootstrap_khaosat,7510605,26,3,62
D01,9.5,,8.75,7.5,,,,,,,bootstrap_khaosat,7510605,26,3,63
D01,9.5,,8.75,7.5,,,,,,,bootstrap_khaosat,7510605,26,3,64
A00,,,,8.5,,,,5.6,7.0,,bootstrap_khaosat,7510605,26,3,65
D01,5.25,,7.0,7.8,,,,,,,bootstrap_khaosat,7510605,26,3,66
D01,5.25,,7.0,7.8,,,,,,,bootstrap_khaosat,7510605,26,3,67
A00,,,,9.0,,,,5.75,5.75,,bootstrap_khaosat,7510605,26,3,68
D01,9.5,,8.75,7.5,,,,,,,bootstrap_khaosat,7510605,26,3,69
A00,,,,8.5,,,,5.6,7.0,,bootstrap_khaosat,7510605,26,3,70
D15,6.5,7.75,5.25,,,,,,,,bootstrap_khaosat,7510605,26,3,71
D15,6.5,7.75,5.25,,,,,,,,bootstrap_khaosat,7510605,26,3,72
D01,9.5,,8.75,7.5,,,,,,,bootstrap_khaosat,7510605,26,3,73
A00,,,,9.0,,,,5.75,5.75,,bootstrap_khaosat,7510605,26,3,74
A00,,,,9.0,,,,5.75,5.75,,bootstrap_khaosat,7510605,26,3,75
D01,5.25,,7.0,7.8,,,,,,,bootstrap_khaosat,7510605,26,3,76
A00,,,,6.1,,,,6.35,6.25,,bootstrap_khaosat,7510605,26,3,77
A01,,,8.25,8.0,,,,7.75,,,bootstrap_khaosat,7510605,26,3,78
A01,,,8.25,8.0,,,,7.75,,,bootstrap_khaosat,7510605,26,3,79
A01,,,8.5,9.0,,,,8.25,,,bootstrap_khaosat,7510605,26,3,80
A00,,,,8.5,,,,5.6,7.0,,bootstrap_khaosat,7510605,26,3,81
D01,9.5,,8.75,7.5,,,,,,,bootstrap_khaosat,7510605,26,3,82
A00,,,,9.0,,,,5.75,5.75,,bootstrap_khaosat,7510605,26,3,83
A00,,,,6.1,,,,6.35,6.25,,bootstrap_khaosat,7510605,26,3,84
A01,,,8.5,9.0,,,,8.25,,,bootstrap_khaosat,7510605,26,3,85
D01,9.5,,8.75,7.5,,,,,,,bootstrap_khaosat,7510605,26,3,86
A00,,,,6.1,,,,6.35,6.25,,bootstrap_khaosat,7510605,26,3,87
D01,9.5,,8.75,7.5,,,,,,,bootstrap_khaosat,7510605,26,3,88
A00,,,,6.1,,,,6.35,6.25,,bootstrap_khaosat,7510605,26,3,89
D01,5.25,,7.0,7.8,,,,,,,bootstrap_khaosat,7510605,26,3,90
D15,6.5,7.75,5.25,,,,,,,,bootstrap_khaosat,7510605,26,3,91
A00,,,,9.0,,,,5.75,5.75,,bootstrap_khaosat,7510605,26,3,92
A01,,,8.5,9.0,,,,8.25,,,bootstrap_khaosat,7510605,26,3,93
A00,,,,6.1,,,,6.35,6.25,,bootstrap_khaosat,7510605,26,3,94
D01,9.5,,8.75,7.5,,,,,,,bootstrap_khaosat,7510605,26,3,95
A00,,,,8.5,,,,5.6,7.0,,bootstrap_khaosat,7510605,26,3,96
A01,,,8.5,9.0,,,,8.25,,,bootstrap_khaosat,7510605,26,3,97
A00,,,,6.1,,,,6.35,6.25,,bootstrap_khaosat,7510605,26,3,98
A01,,,8.25,8.0,,,,7.75,,,bootstrap_khaosat,7510605,26,3,99
A01,,,8.5,9.0,,,,8.25,,,bootstrap_khaosat,7510605,26,3,100
D01,9.5,,8.75,7.5,,,,,,,bootstrap_khaosat,7510605,26,3,101
D15,6.5,7.75,5.25,,,,,,,,bootstrap_khaosat,7510605,26,3,102
A00,,,,6.1,,,,6.35,6.25,,bootstrap_khaosat,7510605,26,3,103
A00,,,,9.0,,,,5.75,5.75,,bootstrap_khaosat,7510605,26,3,104
A00,,,,9.0,,,,5.75,5.75,,bootstrap_khaosat,7510605,26,3,105
D15,6.5,7.75,5.25,,,,,,,,bootstrap_khaosat,7510605,26,3,106
D15,6.5,7.75,5.25,,,,,,,,bootstrap_khaosat,7510605,26,3,107
D01,9.5,,8.75,7.5,,,,,,,bootstrap_khaosat,7510605,26,3,108
D01,5.25,,7.0,7.8,,,,,,,bootstrap_khaosat,7510605,26,3,109
D15,6.5,7.75,5.25,,,,,,,,bootstrap_khaosat,7510605,26,3,110
A00,,,,9.0,,,,5.75,5.75,,bootstrap_khaosat,7510605,26,3,111
A00,,,,9.0,,,,5.75,5.75,,bootstrap_khaosat,7510605,26,3,112
D15,6.5,7.75,5.25,,,,,,,,bootstrap_khaosat,7510605,26,3,113
A00,,,,9.0,,,,5.75,5.75,,bootstrap_khaosat,7510605,26,3,114
D15,6.5,7.75,5.25,,,,,,,,bootstrap_khaosat,7510605,26,3,115
D01,5.25,,7.0,7.8,,,,,,,bootstrap_khaosat,7510605,26,3,116
A01,,,8.25,8.0,,,,7.75,,,bootstrap_khaosat,7510605,26,3,117
A01,,,8.5,9.0,,,,8.25,,,bootstrap_khaosat,7510605,26,3,118
A01,,,8.25,8.0,,,,7.75,,,bootstrap_khaosat,7510605,26,3,119
D01,4.4,,6.0,6.75,,,,,,,ttth,7520115,27,6,0
D01,6.5,,5.4,7.0,,,,,,,ttth,7520115,27,6,1
D01,7.4,,5.6,5.25,,,,,,,ttth,7520115,27,6,2
A00,,,,5.25,,,,6.5,5.4,,ttth,7520115,27,6,3
D01,5.8,,7.0,6.75,,,,,,,ttth,7520115,27,6,4
A00,,,,6.5,,,,7.25,7.0,,ttth,7520115,27,6,5
D01,5.8,,7.6,6.25,,,,,,,ttth,7520115,27,6,6
A00,,,,6.75,,,,6.25,8.4,,ttth,7520115,27,6,7
A01,,,7.2,6.25,,,,6.6,,,ttth,7520115,27,6,8
D01,5.2,,8.0,5.5,,,,,,,ttth,7520115,27,6,9
D01,4.0,,8.0,6.0,,,,,,,ttth,7520115,27,6,10
D01,7.4,,8.2,7.0,,,,,,,ttth,7520115,27,6,11
D01,4.2,,4.4,7.5,,,,,,,ttth,7520115,27,6,12
D01,5.6,,7.8,6.75,,,,,,,ttth,7520115,27,6,13
D01,5.2,,7.4,6.0,,,,,,,ttth,7520115,27,6,14
D01,6.2,,7.2,6.5,,,,,,,ttth,7520115,27,6,15
D07,,,5.8,6.25,,,,,6.8,,ttth,7520115,27,6,16
D01,8.0,,7.4,6.0,,,,,,,ttth,7520115,27,6,17
D01,7.6,,7.8,7.0,,,,,,,ttth,7520115,27,6,18
A00,,,,6.0,,,,5.0,6.2,,ttth,7520115,27,6,19
D01,5.6,,6.2,7.75,,,,,,,ttth,7520115,27,6,20
D01,6.2,,6.8,6.0,,,,,,,ttth,7520115,27,6,21
D01,5.6,,7.2,6.0,,,,,,,ttth,7520115,27,6,22
A00,,,,6.25,,,,5.75,7.6,,ttth,7520115,27,6,23
D01,6.0,,5.6,6.75,,,,,,,ttth,7520115,27,6,24
D01,8.0,,6.8,5.5,,,,,,,ttth,7520115,27,6,25
A00,,,,6.0,,,,5.75,6.2,,ttth,7520115,27,6,26
D01,6.4,,6.0,7.25,,,,,,,ttth,7520115,27,6,27
A00,,,,7.25,,,,7.5,7.2,,ttth,7520115,27,6,28
D07,,,6.8,7.25,,,,,5.8,,ttth,7520115,27,6,29
A00,,,,7.25,,,,6.5,7.8,,ttth,7520115,27,6,30
D01,3.0,,7.4,7.75,,,,,,,ttth,7520115,27,6,31
D01,5.4,,6.2,7.0,,,,,,,ttth,7520115,27,6,32
D01,5.25,,7.8,5.0,,,,,,,ttth,7520115,27,6,33
D01,4.6,,6.0,7.0,,,,,,,ttth,7520115,27,6,34
D01,4.2,,7.2,7.5,,,,,,,ttth,7520115,27,6,35
D01,6.2,,7.6,5.75,,,,,,,ttth,7520115,27,6,36
D01,6.8,,6.6,7.25,,,,,,,ttth,7520115,27,6,37
D01,5.2,,7.2,6.25,,,,,,,ttth,7520115,27,6,38
A00,,,,7.0,,,,7.25,8.8,,ttth,7520115,27,6,39
D01,5.2,,5.6,6.25,,,,,,,ttth,7520115,27,6,40
A00,,,,7.2,,,,5.25,8.5,,ttth,7520115,27,6,41
D01,5.8,,6.4,8.25,,,,,,,ttth,7520115,27,6,42
D01,6.2,,6.0,6.75,,,,,,,ttth,7520115,27,6,43
A00,,,,5.0,,,,6.5,7.4,,ttth,7520115,27,6,44
D01,6.4,,6.8,6.75,,,,,,,ttth,7520115,27,6,45
D01,7.6,,6.4,7.25,,,,,,,ttth,7520115,27,6,46
A00,,,,6.0,,,,6.5,6.6,,ttth,7520115,27,6,47
A00,,,,6.6,,,,4.25,5.75,,ttth,7520115,27,6,48
D01,6.2,,7.0,7.5,,,,,,,ttth,7520115,27,6,49
D01,3.0,,5.8,7.75,,,,,,,ttth,7520115,27,6,50
D01,5.0,,6.4,7.6,,,,,,,ttth,7520115,27,6,51
D01,5.0,,5.6,5.25,,,,,,,ttth,7520115,27,6,52
A00,,,,5.75,,,,7.5,6.0,,ttth,7520115,27,6,53
A00,,,,6.0,,,,6.0,7.2,,ttth,7520115,27,6,54
D01,5.2,,6.2,6.5,,,,,,,ttth,7520115,27,6,55
D01,6.4,,7.2,5.5,,,,,,,ttth,7520115,27,6,56
D01,7.4,,5.2,7.5,,,,,,,ttth,7520115,27,6,57
D01,5.0,,3.8,7.4,,,,,,,ttth,7520115,27,6,58
D01,7.2,,5.4,6.25,,,,,,,ttth,7520115,27,6,59
D01,4.0,,6.8,6.75,,,,,,,ttth,7520115,27,6,60
D01,5.2,,6.0,7.0,,,,,,,ttth,7520115,27,6,61
A00,,,,5.5,,,,5.75,5.8,,ttth,7520115,27,6,62
D01,5.8,,7.8,7.5,,,,,,,ttth,7520115,27,6,63
D01,4.0,,6.8,6.5,,,,,,,ttth,7520115,27,6,64
A00,,,,6.0,,,,6.25,6.2,,ttth,7520115,27,6,65
A00,,,,4.75,,,,6.25,6.8,,ttth,7520115,27,6,66
A00,,,,8.25,,,,7.0,7.8,,ttth,7520115,27,6,67
D01,5.6,,6.8,6.0,,,,,,,ttth,7520115,27,6,68
D01,3.6,,7.6,6.25,,,,,,,ttth,7520115,27,6,69
D01,3.6,,6.6,7.25,,,,,,,ttth,7520115,27,6,70
D07,,,6.2,6.25,,,,,4.8,,ttth,7520115,27,6,71
D07,,,5.6,6.5,,,,,7.0,,ttth,7520115,27,6,72
D01,4.4,,6.4,6.75,,,,,,,ttth,7520115,27,6,73
D01,7.4,,6.8,5.75,,,,,,,ttth,7520115,27,6,74
A01,,,6.2,6.0,,,,6.4,,,ttth,7520115,27,6,75
A00,,,,5.5,,,,6.75,6.8,,ttth,7520115,27,6,76
D01,5.6,,7.2,5.75,,,,,,,ttth,7520115,27,6,77
D01,4.6,,6.4,6.0,,,,,,,ttth,7520115,27,6,78
A00,,,,6.25,,,,7.25,7.6,,ttth,7520115,27,6,79
D01,5.0,,7.6,7.0,,,,,,,ttth,7520115,27,6,80
A00,,,,6.75,,,,5.25,6.8,,ttth,7520115,27,6,81
D01,7.4,,5.0,6.25,,,,,,,ttth,7520115,27,6,82
A00,,,,6.75,,,,7.0,7.4,,ttth,7520115,27,6,83
A00,,,,5.25,,,,6.5,6.8,,ttth,7520115,27,6,84
D01,4.6,,7.0,6.5,,,,,,,ttth,7520115,27,6,85
D01,6.2,,7.0,6.25,,,,,,,ttth,7520115,27,6,86
D01,4.8,,6.8,7.0,,,,,,,ttth,7520115,27,6,87
D01,7.8,,6.2,6.0,,,,,,,ttth,7520115,27,6,88
D01,3.4,,6.0,6.5,,,,,,,ttth,7520115,27,6,89
D01,5.4,,6.4,6.5,,,,,,,ttth,7520115,27,6,90
A00,,,,7.75,,,,5.25,7.0,,ttth,7520115,27,6,91
A00,,,,6.0,,,,7.25,7.0,,ttth,7520115,27,6,92
D01,6.75,,5.8,7.6,,,,,,,ttth,7520115,27,6,93
D01,7.5,,6.6,7.8,,,,,,,ttth,7520115,27,6,94
D01,5.8,,6.4,6.25,,,,,,,ttth,7520115,27,6,95
A00,,,,4.0,,,,7.5,6.0,,ttth,7520115,27,6,96
D01,6.25,,8.0,6.0,,,,,,,ttth,7520115,27,6,97
A00,,,,7.0,,,,6.5,5.0,,ttth,7520115,27,6,98
A00,,,,7.0,,,,7.25,6.75,,ttth,7520115,27,6,99
A00,,,,5.75,,,,6.5,7.2,,ttth,7520115,27,6,100
A00,,,,7.0,,,,7.25,7.4,,ttth,7520115,27,6,101
D01,5.75,,3.8,7.0,,,,,,,ttth,7520115,27,6,102
D07,,,7.8,5.75,,,,,6.4,,ttth,7520115,27,6,103
D01,5.2,,7.2,7.0,,,,,,,ttth,7520115,27,6,104
A00,,,,7.0,,,,4.0,5.25,,ttth,7520115,27,6,105
A00,,,,6.25,,,,6.25,6.8,,ttth,7520115,27,6,106
D01,5.4,,5.8,5.75,,,,,,,ttth,7520115,27,6,107
D01,5.8,,8.0,5.0,,,,,,,ttth,7520115,27,6,108
D01,6.75,,5.6,6.0,,,,,,,ttth,7520115,27,6,109
A00,,,,5.75,,,,6.5,5.4,,ttth,7520115,27,6,110
A00,,,,6.75,,,,6.0,7.6,,ttth,7520115,27,6,111
D01,5.2,,7.0,7.0,,,,,,,ttth,7520115,27,6,112
D01,5.2,,6.0,7.5,,,,,,,ttth,7520115,27,6,113
A00,,,,5.25,,,,5.75,6.8,,ttth,7520115,27,6,114
A00,,,,6.5,,,,7.0,7.0,,ttth,7520115,27,6,115
D01,4.8,,7.4,6.25,,,,,,,ttth,7520115,27,6,116
D01,4.0,,6.2,7.0,,,,,,,ttth,7520115,27,6,117
A01,,,7.0,6.0,,,,5.4,,,ttth,7520115,27,6,118
D01,4.2,,7.4,6.5,,,,,,,ttth,7520115,27,6,119
A01,,,8.4,8.6,,,,7.5,,,ttth,7540101,28,7,0
A00,,,,7.25,,,,8.0,6.8,,ttth,7540101,28,7,1
A00,,,,7.4,,,,8.25,7.75,,ttth,7540101,28,7,2
A00,,,,7.5,,,,7.25,7.8,,ttth,7540101,28,7,3
D07,,,7.4,8.25,,,,,7.4,,ttth,7540101,28,7,4
B00,,,,8.75,,,,,7.0,7.6,ttth,7540101,28,7,5
D07,,,7.4,8.75,,,,,7.8,,ttth,7540101,28,7,6
B00,,,,8.25,,,,,8.25,8.0,ttth,7540101,28,7,7
B00,,,,7.25,,,,,7.5,7.8,ttth,7540101,28,7,8
D07,,,7.6,8.25,,,,,6.8,,ttth,7540101,28,7,9
A00,,,,8.8,,,,7.75,7.75,,ttth,7540101,28,7,10
A01,,,8.8,8.0,,,,8.25,,,ttth,7540101,28,7,11
B00,,,,6.5,,,,,8.0,7.8,ttth,7540101,28,7,12
A00,,,,6.25,,,,7.75,7.2,,ttth,7540101,28,7,13
B00,,,,7.25,,,,,6.75,7.4,ttth,7540101,28,7,14
B00,,,,8.25,,,,,7.0,8.0,ttth,7540101,28,7,15
D07,,,7.6,8.5,,,,,8.2,,ttth,7540101,28,7,16
A00,,,,7.8,,,,7.25,8.75,,ttth,7540101,28,7,17
A00,,,,7.75,,,,7.5,7.4,,ttth,7540101,28,7,18
D07,,,7.4,7.25,,,,,7.4,,ttth,7540101,28,7,19
A00,,,,7.25,,,,6.5,7.6,,ttth,7540101,28,7,20
A00,,,,8.4,,,,7.25,8.75,,ttth,7540101,28,7,21
B00,,,,8.2,,,,,7.75,8.25,ttth,7540101,28,7,22
B00,,,,7.5,,,,,7.75,8.2,ttth,7540101,28,7,23
B00,,,,7.5,,,,,7.0,7.8,ttth,7540101,28,7,24
B00,,,,8.4,,,,,7.75,8.0,ttth,7540101,28,7,25
A00,,,,7.25,,,,7.75,7.6,,ttth,7540101,28,7,26
D07,,,7.4,7.75,,,,,7.0,,ttth,7540101,28,7,27
A00,,,,7.75,,,,7.75,7.2,,ttth,7540101,28,7,28
A00,,,,7.5,,,,6.5,7.6,,ttth,7540101,28,7,29
B00,,,,8.25,,,,,7.5,8.2,ttth,7540101,28,7,30
A00,,,,6.75,,,,7.0,7.2,,ttth,7540101,28,7,31
A00,,,,7.5,,,,7.75,6.6,,ttth,7540101,28,7,32
A00,,,,8.0,,,,8.5,7.6,,ttth,7540101,28,7,33
D07,,,8.4,7.8,,,,,8.75,,ttth,7540101,28,7,34
D07,,,8.0,8.6,,,,,8.0,,ttth,7540101,28,7,35
B00,,,,7.75,,,,,7.25,7.0,ttth,7540101,28,7,36
B00,,,,8.25,,,,,8.0,8.2,ttth,7540101,28,7,37
A00,,,,7.25,,,,8.0,8.0,,ttth,7540101,28,7,38
A00,,,,9.2,,,,7.0,8.25,,ttth,7540101,28,7,39
A00,,,,7.5,,,,6.5,8.4,,ttth,7540101,28,7,40
D07,,,7.6,8.6,,,,,8.25,,ttth,7540101,28,7,41
A01,,,7.8,8.0,,,,6.6,,,ttth,7540101,28,7,42
D07,,,8.2,7.25,,,,,7.6,,ttth,7540101,28,7,43
A00,,,,7.5,,,,8.0,8.0,,ttth,7540101,28,7,44
A00,,,,8.2,,,,8.5,7.0,,ttth,7540101,28,7,45
B00,,,,6.5,,,,,7.0,7.0,ttth,7540101,28,7,46
B00,,,,7.5,,,,,7.25,8.2,ttth,7540101,28,7,47
B00,,,,8.0,,,,,6.75,7.8,ttth,7540101,28,7,48
A00,,,,8.4,,,,7.0,8.25,,ttth,7540101,28,7,49
A00,,,,6.75,,,,7.0,6.8,,ttth,7540101,28,7,50
A00,,,,8.2,,,,8.0,8.5,,ttth,7540101,28,7,51
B00,,,,7.5,,,,,6.25,7.0,ttth,7540101,28,7,52
A01,,,7.4,6.5,,,,8.4,,,ttth,7540101,28,7,53
A01,,,7.8,7.5,,,,7.2,,,ttth,7540101,28,7,54
A00,,,,7.0,,,,7.0,7.8,,ttth,7540101,28,7,55
A00,,,,8.0,,,,7.25,8.25,,ttth,7540101,28,7,56
D07,,,8.0,7.75,,,,,6.6,,ttth,7540101,28,7,57
B00,,,,8.8,,,,,7.5,8.75,ttth,7540101,28,7,58
A00,,,,7.25,,,,7.25,6.6,,ttth,7540101,28,7,59
A00,,,,7.5,,,,8.25,8.0,,ttth,7540101,28,7,60
A01,,,7.4,8.0,,,,8.4,,,ttth,7540101,28,7,61
B00,,,,7.75,,,,,6.25,7.2,ttth,7540101,28,7,62
B00,,,,8.8,,,,,7.75,9.5,ttth,7540101,28,7,63
A00,,,,7.5,,,,7.5,6.0,,ttth,7540101,28,7,64
B00,,,,9.2,,,,,7.75,8.75,ttth,7540101,28,7,65
D07,,,8.8,7.0,,,,,7.0,,ttth,7540101,28,7,66
D07,,,8.0,9.0,,,,,9.0,,ttth,7540101,28,7,67
A00,,,,7.25,,,,8.0,6.4,,ttth,7540101,28,7,68
D07,,,7.8,8.2,,,,,8.0,,ttth,7540101,28,7,69
A00,,,,7.0,,,,7.5,6.8,,ttth,7540101,28,7,70
A01,,,8.8,8.0,,,,6.5,,,ttth,7540101,28,7,71
A00,,,,8.25,,,,6.75,8.4,,ttth,7540101,28,7,72
D07,,,9.0,8.6,,,,,8.5,,ttth,7540101,28,7,73
A00,,,,7.5,,,,7.75,6.2,,ttth,7540101,28,7,74
D07,,,9.2,7.8,,,,,7.5,,ttth,7540101,28,7,75
D07,,,7.2,7.5,,,,,8.6,,ttth,7540101,28,7,76
D07,,,9.2,8.4,,,,,6.75,,ttth,7540101,28,7,77
A00,,,,7.75,,,,7.5,7.4,,ttth,7540101,28,7,78
A00,,,,7.75,,,,8.5,7.8,,ttth,7540101,28,7,79
A00,,,,7.6,,,,7.25,8.5,,ttth,7540101,28,7,80
B00,,,,6.75,,,,,8.0,7.0,ttth,7540101,28,7,81
A00,,,,7.25,,,,7.25,7.8,,ttth,7540101,28,7,82
D07,,,8.4,8.0,,,,,7.75,,ttth,7540101,28,7,83
D07,,,8.0,7.25,,,,,8.4,,ttth,7540101,28,7,84
B00,,,,7.5,,,,,7.5,7.2,ttth,7540101,28,7,85
B00,,,,8.0,,,,,7.25,7.0,ttth,7540101,28,7,86
A00,,,,7.25,,,,7.25,7.2,,ttth,7540101,28,7,87
A01,,,7.6,7.5,,,,9.4,,,ttth,7540101,28,7,88
A00,,,,7.25,,,,7.5,7.6,,ttth,7540101,28,7,89
A00,,,,7.5,,,,8.0,7.2,,ttth,7540101,28,7,90
A00,,,,7.75,,,,7.75,7.2,,ttth,7540101,28,7,91
B00,,,,8.25,,,,,8.0,7.2,ttth,7540101,28,7,92
D07,,,7.6,8.25,,,,,7.8,,ttth,7540101,28,7,93
A00,,,,8.25,,,,7.25,8.0,,ttth,7540101,28,7,94
A01,,,7.4,7.25,,,,8.2,,,ttth,7540101,28,7,95
A00,,,,9.0,,,,7.75,8.75,,ttth,7540101,28,7,96
A00,,,,8.6,,,,7.75,8.25,,ttth,7540101,28,7,97
D07,,,8.6,6.75,,,,,8.2,,ttth,7540101,28,7,98
D07,,,7.0,6.5,,,,,8.6,,ttth,7540101,28,7,99
D07,,,8.2,8.6,,,,,8.0,,ttth,7540101,28,7,100
A00,,,,7.25,,,,8.0,7.6,,ttth,7540101,28,7,101
A00,,,,8.5,,,,8.25,8.6,,ttth,7540101,28,7,102
D07,,,9.0,8.6,,,,,7.75,,ttth,7540101,28,7,103
A00,,,,7.0,,,,8.25,7.4,,ttth,7540101,28,7,104
B00,,,,7.0,,,,,6.75,7.6,ttth,7540101,28,7,105
B00,,,,8.0,,,,,7.75,7.5,ttth,7540101,28,7,106
A01,,,8.2,7.5,,,,7.8,,,ttth,7540101,28,7,107
A00,,,,7.75,,,,7.75,8.2,,ttth,7540101,28,7,108
A00,,,,7.8,,,,7.25,8.5,,ttth,7540101,28,7,109
A00,,,,7.25,,,,7.75,8.2,,ttth,7540101,28,7,110
D07,,,7.8,7.25,,,,,7.0,,ttth,7540101,28,7,111
D07,,,8.0,8.5,,,,,8.0,,ttth,7540101,28,7,112
D07,,,7.6,8.25,,,,,8.2,,ttth,7540101,28,7,113
A00,,,,7.0,,,,7.75,8.0,,ttth,7540101,28,7,114
A01,,,8.0,6.75,,,,6.6,,,ttth,7540101,28,7,115
B00,,,,8.5,,,,,6.5,8.2,ttth,7540101,28,7,116
B00,,,,7.8,,,,,8.25,7.75,ttth,7540101,28,7,117
D07,,,8.2,8.4,,,,,7.25,,ttth,7540101,28,7,118
B00,,,,8.2,,,,,7.75,8.0,ttth,7540101,28,7,119
D07,,,6.0,6.2,,,,,7.25,,ttth,7540105,29,7,0
B00,,,,6.5,,,,,7.5,7.2,ttth,7540105,29,7,1
A00,,,,6.25,,,,6.25,6.4,,ttth,7540105,29,7,2
A00,,,,5.75,,,,6.5,4.8,,ttth,7540105,29,7,3
B00,,,,7.25,,,,,7.0,7.0,ttth,7540105,29,7,4
A00,,,,6.2,,,,7.0,7.0,,ttth,7540105,29,7,5
B00,,,,7.6,,,,,7.75,7.0,ttth,7540105,29,7,6
A00,,,,6.25,,,,6.5,7.2,,ttth,7540105,29,7,7
B00,,,,7.8,,,,,6.25,6.75,ttth,7540105,29,7,8
D07,,,7.0,7.75,,,,,7.2,,ttth,7540105,29,7,9
A00,,,,7.6,,,,6.25,6.25,,ttth,7540105,29,7,10
A00,,,,6.25,,,,6.25,7.0,,ttth,7540105,29,7,11
A00,,,,7.5,,,,6.0,8.0,,ttth,7540105,29,7,12
B00,,,,7.25,,,,,7.0,7.0,ttth,7540105,29,7,13
B00,,,,5.5,,,,,6.25,6.2,ttth,7540105,29,7,14
A00,,,,6.2,,,,7.0,7.0,,ttth,7540105,29,7,15
A00,,,,5.5,,,,6.25,8.2,,ttth,7540105,29,7,16
A00,,,,8.2,,,,7.75,7.5,,ttth,7540105,29,7,17
A00,,,,5.25,,,,4.25,6.6,,ttth,7540105,29,7,18
B00,,,,7.6,,,,,4.5,6.25,ttth,7540105,29,7,19
A00,,,,7.25,,,,5.75,6.6,,ttth,7540105,29,7,20
D07,,,6.0,6.2,,,,,7.25,,ttth,7540105,29,7,21
A00,,,,6.0,,,,8.25,7.6,,ttth,7540105,29,7,22
A01,,,6.6,6.6,,,,5.5,,,ttth,7540105,29,7,23
A00,,,,5.25,,,,6.75,7.4,,ttth,7540105,29,7,24
A00,,,,7.5,,,,6.0,8.0,,ttth,7540105,29,7,25
A00,,,,6.4,,,,5.25,6.25,,ttth,7540105,29,7,26
D07,,,7.0,5.75,,,,,7.0,,ttth,7540105,29,7,27
B00,,,,7.6,,,,,4.5,6.25,ttth,7540105,29,7,28
B00,,,,7.4,,,,,5.75,6.5,ttth,7540105,29,7,29
B00,,,,7.4,,,,,6.75,6.75,ttth,7540105,29,7,30
A00,,,,7.8,,,,6.75,6.25,,ttth,7540105,29,7,31
B00,,,,6.75,,,,,6.25,7.2,ttth,7540105,29,7,32
B00,,,,5.5,,,,,6.25,6.2,ttth,7540105,29,7,33
A00,,,,5.25,,,,6.75,7.4,,ttth,7540105,29,7,34
A00,,,,7.75,,,,7.25,6.6,,ttth,7540105,29,7,35
B00,,,,6.6,,,,,7.25,5.75,ttth,7540105,29,7,36
A00,,,,7.6,,,,7.25,7.25,,ttth,7540105,29,7,37
B00,,,,7.4,,,,,6.75,6.75,ttth,7540105,29,7,38
B00,,,,6.0,,,,,5.25,6.0,ttth,7540105,29,7,39
B00,,,,7.6,,,,,4.5,6.25,ttth,7540105,29,7,40
A00,,,,6.75,,,,6.75,7.2,,ttth,7540105,29,7,41
A00,,,,7.75,,,,7.5,7.2,,ttth,7540105,29,7,42
B00,,,,7.6,,,,,7.75,7.0,ttth,7540105,29,7,43
B00,,,,6.0,,,,,5.25,5.0,ttth,7540105,29,7,44
A01,,,5.6,5.6,,,,5.75,,,ttth,7540105,29,7,45
B00,,,,6.0,,,,,5.25,6.0,ttth,7540105,29,7,46
D07,,,7.0,5.75,,,,,7.4,,ttth,7540105,29,7,47
D07,,,6.0,5.25,,,,,4.8,,ttth,7540105,29,7,48
A00,,,,7.75,,,,7.25,6.6,,ttth,7540105,29,7,49
D07,,,7.0,5.75,,,,,7.0,,ttth,7540105,29,7,50
D07,,,6.4,7.25,,,,,5.4,,ttth,7540105,29,7,51
D07,,,6.0,5.25,,,,,4.8,,ttth,7540105,29,7,52
B00,,,,6.75,,,,,6.25,7.2,ttth,7540105,29,7,53
B00,,,,6.5,,,,,7.5,7.6,ttth,7540105,29,7,54
A00,,,,6.75,,,,6.75,7.2,,ttth,7540105,29,7,55
A00,,,,7.25,,,,5.75,6.6,,ttth,7540105,29,7,56
A00,,,,5.25,,,,6.75,7.4,,ttth,7540105,29,7,57
A00,,,,7.6,,,,7.25,7.25,,ttth,7540105,29,7,58
D07,,,7.0,5.75,,,,,7.4,,ttth,7540105,29,7,59
A00,,,,6.4,,,,5.25,6.25,,ttth,7540105,29,7,60
A00,,,,7.8,,,,6.75,6.25,,ttth,7540105,29,7,61
A00,,,,7.8,,,,6.75,6.25,,ttth,7540105,29,7,62
A00,,,,7.6,,,,6.75,7.25,,ttth,7540105,29,7,63
B00,,,,7.6,,,,,4.5,6.25,ttth,7540105,29,7,64
A00,,,,5.25,,,,6.75,7.4,,ttth,7540105,29,7,65
A00,,,,7.5,,,,6.0,8.0,,ttth,7540105,29,7,66
B00,,,,6.6,,,,,7.25,5.75,ttth,7540105,29,7,67
A00,,,,7.4,,,,7.25,8.0,,ttth,7540105,29,7,68
B00,,,,8.2,,,,,4.5,5.25,ttth,7540105,29,7,69
B00,,,,7.6,,,,,7.75,7.0,ttth,7540105,29,7,70
A00,,,,7.2,,,,6.5,6.5,,ttth,7540105,29,7,71
A00,,,,6.2,,,,7.0,7.0,,ttth,7540105,29,7,72
A00,,,,5.25,,,,6.75,5.8,,ttth,7540105,29,7,73
A00,,,,7.2,,,,7.0,7.75,,ttth,7540105,29,7,74
A00,,,,8.2,,,,7.75,7.5,,ttth,7540105,29,7,75
D07,,,7.0,7.75,,,,,7.2,,ttth,7540105,29,7,76
A00,,,,8.0,,,,8.0,8.25,,ttth,7540105,29,7,77
B00,,,,6.5,,,,,7.5,7.2,ttth,7540105,29,7,78
A01,,,6.6,6.6,,,,5.5,,,ttth,7540105,29,7,79
A00,,,,5.25,,,,6.75,5.8,,ttth,7540105,29,7,80
A00,,,,7.5,,,,6.0,8.0,,ttth,7540105,29,7,81
A00,,,,6.25,,,,6.25,6.4,,ttth,7540105,29,7,82
A00,,,,5.25,,,,6.75,5.8,,ttth,7540105,29,7,83
B00,,,,7.4,,,,,5.75,6.5,ttth,7540105,29,7,84
A01,,,7.6,6.0,,,,5.2,,,ttth,7540105,29,7,85
A00,,,,6.75,,,,6.75,7.2,,ttth,7540105,29,7,86
A00,,,,5.25,,,,6.75,5.8,,ttth,7540105,29,7,87
B00,,,,7.6,,,,,6.75,6.25,ttth,7540105,29,7,88
A00,,,,8.2,,,,4.75,7.5,,ttth,7540105,29,7,89
A00,,,,5.25,,,,4.25,6.6,,ttth,7540105,29,7,90
B00,,,,5.2,,,,,6.75,5.75,ttth,7540105,29,7,91
D07,,,6.0,5.25,,,,,4.8,,ttth,7540105,29,7,92
A01,,,6.6,6.5,,,,5.2,,,ttth,7540105,29,7,93
D07,,,6.0,6.2,,,,,7.25,,ttth,7540105,29,7,94
A00,,,,7.25,,,,4.0,7.4,,ttth,7540105,29,7,95
A00,,,,8.0,,,,8.0,8.25,,ttth,7540105,29,7,96
A00,,,,7.75,,,,7.5,7.2,,ttth,7540105,29,7,97
B00,,,,8.2,,,,,4.5,5.25,ttth,7540105,29,7,98
A00,,,,7.4,,,,7.25,8.0,,ttth,7540105,29,7,99
A01,,,5.8,7.6,,,,5.75,,,ttth,7540105,29,7,100
B00,,,,6.0,,,,,5.25,5.0,ttth,7540105,29,7,101
A00,,,,5.25,,,,6.75,5.8,,ttth,7540105,29,7,102
A00,,,,6.4,,,,5.25,6.25,,ttth,7540105,29,7,103
A00,,,,6.25,,,,6.5,7.2,,ttth,7540105,29,7,104
A01,,,9.6,8.6,,,,7.75,,,ttth,7540105,29,7,105
B00,,,,6.0,,,,,5.25,6.0,ttth,7540105,29,7,106
D07,,,7.0,5.75,,,,,7.4,,ttth,7540105,29,7,107
D07,,,7.0,5.75,,,,,7.4,,ttth,7540105,29,7,108
A00,,,,5.25,,,,6.75,5.8,,ttth,7540105,29,7,109
B00,,,,7.6,,,,,4.5,6.25,ttth,7540105,29,7,110
A00,,,,5.5,,,,6.25,8.2,,ttth,7540105,29,7,111
A00,,,,5.25,,,,4.25,6.6,,ttth,7540105,29,7,112
B00,,,,8.2,,,,,4.5,5.25,ttth,7540105,29,7,113
A00,,,,8.2,,,,6.25,5.75,,ttth,7540105,29,7,114
B00,,,,7.6,,,,,7.75,7.0,ttth,7540105,29,7,115
A01,,,6.6,6.6,,,,5.5,,,ttth,7540105,29,7,116
A01,,,9.6,8.6,,,,7.75,,,ttth,7540105,29,7,117
A00,,,,6.25,,,,6.5,7.2,,ttth,7540105,29,7,118
A00,,,,6.25,,,,6.25,6.4,,ttth,7540105,29,7,119
A00,,,,7.2,,,,7.5,3.75,,ttth,7540106,30,7,0
A00,,,,7.6,,,,5.75,4.75,,ttth,7540106,30,7,1
A00,,,,7.0,,,,7.0,7.8,,ttth,7540106,30,7,2
A00,,,,6.0,,,,5.25,7.25,,ttth,7540106,30,7,3
B00,,,,7.4,,,,,7.0,8.25,ttth,7540106,30,7,4
D07,,,7.2,7.6,,,,,6.75,,ttth,7540106,30,7,5
A00,,,,6.75,,,,7.25,7.2,,ttth,7540106,30,7,6
A00,,,,7.2,,,,6.5,5.75,,ttth,7540106,30,7,7
B00,,,,7.4,,,,,7.25,5.25,ttth,7540106,30,7,8
A00,,,,6.2,,,,5.75,6.5,,ttth,7540106,30,7,9
A00,,,,7.2,,,,8.0,7.0,,ttth,7540106,30,7,10
A00,,,,7.6,,,,7.75,8.25,,ttth,7540106,30,7,11
B00,,,,6.5,,,,,6.5,6.8,ttth,7540106,30,7,12
D07,,,6.6,7.6,,,,,7.0,,ttth,7540106,30,7,13
A00,,,,8.0,,,,6.0,7.0,,ttth,7540106,30,7,14
B00,,,,7.0,,,,,7.75,7.6,ttth,7540106,30,7,15
D07,,,8.6,8.0,,,,,7.25,,ttth,7540106,30,7,16
A00,,,,6.75,,,,7.25,7.2,,ttth,7540106,30,7,17
D07,,,7.2,7.75,,,,,8.4,,ttth,7540106,30,7,18
A00,,,,7.8,,,,7.25,6.0,,ttth,7540106,30,7,19
A00,,,,6.5,,,,7.75,6.8,,ttth,7540106,30,7,20
B00,,,,7.2,,,,,7.0,5.25,ttth,7540106,30,7,21
A00,,,,8.0,,,,6.75,7.25,,ttth,7540106,30,7,22
A00,,,,6.75,,,,6.75,8.4,,ttth,7540106,30,7,23
A00,,,,7.2,,,,5.75,6.5,,ttth,7540106,30,7,24
A00,,,,5.6,,,,6.0,6.75,,ttth,7540106,30,7,25
A00,,,,7.8,,,,5.5,6.5,,ttth,7540106,30,7,26
A00,,,,6.25,,,,7.25,7.2,,ttth,7540106,30,7,27
D07,,,7.4,7.75,,,,,6.8,,ttth,7540106,30,7,28
A00,,,,7.0,,,,6.25,7.4,,ttth,7540106,30,7,29
A00,,,,7.25,,,,7.75,5.6,,ttth,7540106,30,7,30
D07,,,7.6,8.25,,,,,7.4,,ttth,7540106,30,7,31
A00,,,,6.75,,,,7.5,6.2,,ttth,7540106,30,7,32
D07,,,6.0,7.8,,,,,7.25,,ttth,7540106,30,7,33
B00,,,,6.25,,,,,6.5,7.2,ttth,7540106,30,7,34
A01,,,6.6,7.4,,,,6.0,,,ttth,7540106,30,7,35
A00,,,,6.75,,,,6.25,7.6,,ttth,7540106,30,7,36
A00,,,,6.25,,,,7.0,7.0,,ttth,7540106,30,7,37
A00,,,,7.0,,,,8.0,6.8,,ttth,7540106,30,7,38
A01,,,8.2,7.2,,,,6.75,,,ttth,7540106,30,7,39
A00,,,,7.6,,,,5.75,6.5,,ttth,7540106,30,7,40
A01,,,7.4,6.5,,,,7.2,,,ttth,7540106,30,7,41
A00,,,,6.8,,,,6.0,5.5,,ttth,7540106,30,7,42
D07,,,6.8,7.2,,,,,7.0,,ttth,7540106,30,7,43
B00,,,,7.4,,,,,7.5,7.25,ttth,7540106,30,7,44
D07,,,5.8,5.4,,,,,6.25,,ttth,7540106,30,7,45
A00,,,,6.8,,,,6.5,7.0,,ttth,7540106,30,7,46
A01,,,6.0,6.5,,,,6.6,,,ttth,7540106,30,7,47
A00,,,,7.0,,,,7.25,7.6,,ttth,7540106,30,7,48
A01,,,6.8,6.8,,,,5.25,,,ttth,7540106,30,7,49
A00,,,,7.0,,,,7.5,7.25,,ttth,7540106,30,7,50
A00,,,,7.2,,,,6.5,7.5,,ttth,7540106,30,7,51
D07,,,6.6,6.25,,,,,7.4,,ttth,7540106,30,7,52
A01,,,7.0,7.8,,,,6.75,,,ttth,7540106,30,7,53
A00,,,,8.0,,,,7.5,8.0,,ttth,7540106,30,7,54
A00,,,,8.2,,,,8.25,8.0,,ttth,7540106,30,7,55
A00,,,,7.0,,,,7.0,6.6,,ttth,7540106,30,7,56
B00,,,,8.0,,,,,7.5,7.0,ttth,7540106,30,7,57
B00,,,,7.2,,,,,5.75,7.75,ttth,7540106,30,7,58
D07,,,8.0,7.8,,,,,6.5,,ttth,7540106,30,7,59
A00,,,,7.6,,,,6.25,6.0,,ttth,7540106,30,7,60
A00,,,,7.8,,,,6.25,7.25,,ttth,7540106,30,7,61
A01,,,7.2,7.25,,,,5.0,,,ttth,7540106,30,7,62
B00,,,,7.6,,,,,6.5,7.5,ttth,7540106,30,7,63
A00,,,,8.0,,,,6.75,8.2,,ttth,7540106,30,7,64
D07,,,7.4,7.25,,,,,6.8,,ttth,7540106,30,7,65
A00,,,,7.2,,,,6.75,5.75,,ttth,7540106,30,7,66
A00,,,,6.5,,,,6.75,7.2,,ttth,7540106,30,7,67
A00,,,,8.4,,,,6.75,8.25,,ttth,7540106,30,7,68
D07,,,7.0,7.6,,,,,7.5,,ttth,7540106,30,7,69
B00,,,,6.5,,,,,8.0,6.6,ttth,7540106,30,7,70
A00,,,,7.0,,,,7.25,7.0,,ttth,7540106,30,7,71
B00,,,,5.75,,,,,7.75,8.0,ttth,7540106,30,7,72
B00,,,,6.6,,,,,6.25,5.5,ttth,7540106,30,7,73
A01,,,7.4,7.6,,,,6.5,,,ttth,7540106,30,7,74
A00,,,,7.0,,,,5.25,5.5,,ttth,7540106,30,7,75
B00,,,,7.25,,,,,8.25,7.0,ttth,7540106,30,7,76
B00,,,,6.5,,,,,6.75,8.2,ttth,7540106,30,7,77
A00,,,,6.6,,,,7.25,7.0,,ttth,7540106,30,7,78
A00,,,,6.25,,,,7.25,6.4,,ttth,7540106,30,7,79
A01,,,7.2,7.25,,,,6.6,,,ttth,7540106,30,7,80
B00,,,,8.25,,,,,6.5,6.8,ttth,7540106,30,7,81
A00,,,,7.4,,,,6.0,7.5,,ttth,7540106,30,7,82
A00,,,,6.75,,,,6.25,6.4,,ttth,7540106,30,7,83
A00,,,,7.4,,,,7.5,7.25,,ttth,7540106,30,7,84
A00,,,,8.2,,,,5.5,6.75,,ttth,7540106,30,7,85
B00,,,,8.2,,,,,7.5,7.5,ttth,7540106,30,7,86
B00,,,,6.5,,,,,7.25,7.2,ttth,7540106,30,7,87
A00,,,,7.0,,,,6.5,7.0,,ttth,7540106,30,7,88
B00,,,,8.0,,,,,4.25,5.0,ttth,7540106,30,7,89
B00,,,,8.0,,,,,5.75,5.5,ttth,7540106,30,7,90
D07,,,7.8,6.8,,,,,7.75,,ttth,7540106,30,7,91
A01,,,6.6,7.25,,,,6.4,,,ttth,7540106,30,7,92
D07,,,7.4,6.5,,,,,7.0,,ttth,7540106,30,7,93
B00,,,,6.4,,,,,5.75,6.5,ttth,7540106,30,7,94
B00,,,,7.2,,,,,6.25,6.75,ttth,7540106,30,7,95
A00,,,,6.25,,,,7.5,6.8,,ttth,7540106,30,7,96
D07,,,7.0,5.75,,,,,7.2,,ttth,7540106,30,7,97
D07,,,6.6,7.6,,,,,7.25,,ttth,7540106,30,7,98
D07,,,7.8,7.6,,,,,7.5,,ttth,7540106,30,7,99
A00,,,,6.0,,,,6.5,7.25,,ttth,7540106,30,7,100
A01,,,8.2,8.2,,,,7.0,,,ttth,7540106,30,7,101
A00,,,,7.4,,,,7.25,7.0,,ttth,7540106,30,7,102
A01,,,6.0,7.0,,,,6.0,,,ttth,7540106,30,7,103
A01,,,7.4,8.0,,,,6.4,,,ttth,7540106,30,7,104
B00,,,,7.75,,,,,6.5,7.2,ttth,7540106,30,7,105
A00,,,,7.0,,,,6.25,6.4,,ttth,7540106,30,7,106
A00,,,,8.0,,,,7.75,7.5,,ttth,7540106,30,7,107
A00,,,,7.75,,,,7.5,7.4,,ttth,7540106,30,7,108
A01,,,6.6,7.6,,,,7.25,,,ttth,7540106,30,7,109
D07,,,7.4,6.5,,,,,5.0,,ttth,7540106,30,7,110
D07,,,7.4,6.5,,,,,7.0,,ttth,7540106,30,7,111
A00,,,,7.2,,,,6.25,7.5,,ttth,7540106,30,7,112
A01,,,7.8,8.25,,,,6.4,,,ttth,7540106,30,7,113
B00,,,,6.5,,,,,6.25,7.8,ttth,7540106,30,7,114
A00,,,,6.5,,,,8.0,7.0,,ttth,7540106,30,7,115
A00,,,,6.5,,,,7.25,8.0,,ttth,7540106,30,7,116
B00,,,,8.0,,,,,7.25,7.0,ttth,7540106,30,7,117
A01,,,7.2,5.75,,,,6.2,,,ttth,7540106,30,7,118
B00,,,,7.4,,,,,7.25,5.25,ttth,7540106,30,7,119
D01,7.0,,6.6,6.8,,,,,,,ttth,7540204,31,6,0
D01,5.8,,8.0,6.5,,,,,,,ttth,7540204,31,6,1
D01,7.25,,8.0,8.0,,,,,,,ttth,7540204,31,6,2
D01,7.5,,4.6,6.2,,,,,,,ttth,7540204,31,6,3
D01,5.8,,5.2,6.75,,,,,,,ttth,7540204,31,6,4
D01,6.5,,5.2,7.6,,,,,,,ttth,7540204,31,6,5
D01,5.8,,6.0,6.25,,,,,,,ttth,7540204,31,6,6
D01,5.75,,5.6,7.0,,,,,,,ttth,7540204,31,6,7
D01,7.25,,5.2,7.6,,,,,,,ttth,7540204,31,6,8
A01,,,7.0,6.5,,,,6.2,,,ttth,7540204,31,6,9
A00,,,,6.8,,,,5.5,6.25,,ttth,7540204,31,6,10
A01,,,9.4,8.6,,,,8.75,,,ttth,7540204,31,6,11
D01,7.25,,4.4,5.4,,,,,,,ttth,7540204,31,6,12
D01,4.6,,7.0,7.0,,,,,,,ttth,7540204,31,6,13
D01,6.75,,6.6,8.2,,,,,,,ttth,7540204,31,6,14
A00,,,,6.8,,,,5.75,6.25,,ttth,7540204,31,6,15
D01,2.8,,6.8,7.0,,,,,,,ttth,7540204,31,6,16
D01,6.8,,5.8,8.5,,,,,,,ttth,7540204,31,6,17
A00,,,,7.0,,,,7.0,7.2,,ttth,7540204,31,6,18
D01,6.25,,3.8,6.8,,,,,,,ttth,7540204,31,6,19
D01,6.0,,6.4,8.25,,,,,,,ttth,7540204,31,6,20
D01,5.2,,7.4,7.0,,,,,,,ttth,7540204,31,6,21
D01,7.25,,4.8,7.0,,,,,,,ttth,7540204,31,6,22
D01,8.75,,7.0,6.0,,,,,,,ttth,7540204,31,6,23
D01,8.5,,5.4,5.2,,,,,,,ttth,7540204,31,6,24
A01,,,6.6,7.8,,,,5.0,,,ttth,7540204,31,6,25
D01,7.0,,5.8,7.0,,,,,,,ttth,7540204,31,6,26
D01,3.4,,6.2,7.0,,,,,,,ttth,7540204,31,6,27
A00,,,,6.8,,,,6.0,6.5,,ttth,7540204,31,6,28
D01,5.8,,7.0,8.0,,,,,,,ttth,7540204,31,6,29
A01,,,7.0,6.6,,,,6.5,,,ttth,7540204,31,6,30
A00,,,,8.4,,,,5.25,7.75,,ttth,7540204,31,6,31
A01,,,8.2,7.75,,,,6.8,,,ttth,7540204,31,6,32
A00,,,,6.6,,,,5.5,7.25,,ttth,7540204,31,6,33
A00,,,,7.2,,,,7.5,7.5,,ttth,7540204,31,6,34
D01,3.4,,7.0,6.75,,,,,,,ttth,7540204,31,6,35
A00,,,,7.8,,,,5.5,6.0,,ttth,7540204,31,6,36
D07,,,5.8,7.6,,,,,5.5,,ttth,7540204,31,6,37
A00,,,,6.6,,,,6.75,6.0,,ttth,7540204,31,6,38
A00,,,,7.0,,,,4.5,7.75,,ttth,7540204,31,6,39
D07,,,8.6,8.0,,,,,8.25,,ttth,7540204,31,6,40
D01,6.25,,7.4,8.2,,,,,,,ttth,7540204,31,6,41
D01,7.0,,7.4,7.0,,,,,,,ttth,7540204,31,6,42
D01,6.0,,5.8,6.8,,,,,,,ttth,7540204,31,6,43
D01,7.8,,8.0,6.75,,,,,,,ttth,7540204,31,6,44
D01,5.75,,5.2,5.6,,,,,,,ttth,7540204,31,6,45
D01,5.5,,5.6,6.8,,,,,,,ttth,7540204,31,6,46
A00,,,,7.25,,,,6.5,7.8,,ttth,7540204,31,6,47
D01,6.75,,6.8,7.4,,,,,,,ttth,7540204,31,6,48
D01,8.0,,6.6,8.0,,,,,,,ttth,7540204,31,6,49
D01,7.25,,6.8,6.8,,,,,,,ttth,7540204,31,6,50
D01,7.0,,8.4,7.0,,,,,,,ttth,7540204,31,6,51
D01,6.8,,7.4,7.5,,,,,,,ttth,7540204,31,6,52
D01,5.2,,6.8,8.25,,,,,,,ttth,7540204,31,6,53
A00,,,,7.8,,,,7.75,7.0,,ttth,7540204,31,6,54
A00,,,,7.0,,,,6.25,6.0,,ttth,7540204,31,6,55
D01,3.0,,7.2,6.5,,,,,,,ttth,7540204,31,6,56
D01,7.6,,7.4,6.75,,,,,,,ttth,7540204,31,6,57
D01,8.25,,5.8,7.0,,,,,,,ttth,7540204,31,6,58
A00,,,,6.0,,,,5.0,6.5,,ttth,7540204,31,6,59
D01,7.6,,6.4,6.75,,,,,,,ttth,7540204,31,6,60
D01,4.8,,7.4,8.0,,,,,,,ttth,7540204,31,6,61
D01,6.0,,6.8,5.5,,,,,,,ttth,7540204,31,6,62
D01,7.0,,4.4,7.0,,,,,,,ttth,7540204,31,6,63
D01,6.8,,6.6,7.75,,,,,,,ttth,7540204,31,6,64
D01,7.5,,9.6,6.6,,,,,,,ttth,7540204,31,6,65
D07,,,7.8,8.25,,,,,6.6,,ttth,7540204,31,6,66
A00,,,,7.4,,,,7.5,8.25,,ttth,7540204,31,6,67
A01,,,8.6,7.6,,,,5.5,,,ttth,7540204,31,6,68
D01,7.75,,5.2,5.6,,,,,,,ttth,7540204,31,6,69
D01,6.0,,7.6,8.25,,,,,,,ttth,7540204,31,6,70
D01,6.5,,3.4,6.8,,,,,,,ttth,7540204,31,6,71
D01,6.5,,6.2,6.4,,,,,,,ttth,7540204,31,6,72
A00,,,,7.0,,,,5.5,8.0,,ttth,7540204,31,6,73
D01,4.4,,6.4,6.25,,,,,,,ttth,7540204,31,6,74
A00,,,,7.8,,,,7.25,8.0,,ttth,7540204,31,6,75
A00,,,,5.75,,,,6.5,7.0,,ttth,7540204,31,6,76
D01,7.0,,2.2,7.4,,,,,,,ttth,7540204,31,6,77
D01,6.25,,5.6,5.6,,,,,,,ttth,7540204,31,6,78
D01,7.4,,6.6,5.75,,,,,,,ttth,7540204,31,6,79
A00,,,,7.25,,,,6.0,6.8,,ttth,7540204,31,6,80
A00,,,,7.25,,,,7.0,6.8,,ttth,7540204,31,6,81
D01,7.25,,6.4,7.4,,,,,,,ttth,7540204,31,6,82
D01,5.2,,7.0,7.5,,,,,,,ttth,7540204,31,6,83
D01,5.75,,4.0,6.8,,,,,,,ttth,7540204,31,6,84
D01,6.5,,4.6,6.6,,,,,,,ttth,7540204,31,6,85
D01,8.0,,7.2,7.0,,,,,,,ttth,7540204,31,6,86
D01,5.8,,7.2,7.0,,,,,,,ttth,7540204,31,6,87
A00,,,,8.0,,,,6.5,5.0,,ttth,7540204,31,6,88
D01,8.0,,4.2,6.4,,,,,,,ttth,7540204,31,6,89
D01,5.6,,8.0,7.5,,,,,,,ttth,7540204,31,6,90
A00,,,,6.25,,,,6.5,7.8,,ttth,7540204,31,6,91
D01,6.75,,4.8,6.2,,,,,,,ttth,7540204,31,6,92
D01,5.0,,5.6,7.8,,,,,,,ttth,7540204,31,6,93
A00,,,,6.6,,,,5.75,6.5,,ttth,7540204,31,6,94
D01,6.4,,8.6,7.75,,,,,,,ttth,7540204,31,6,95
D01,6.6,,7.0,7.5,,,,,,,ttth,7540204,31,6,96
A00,,,,7.0,,,,7.25,5.6,,ttth,7540204,31,6,97
D01,4.8,,7.2,8.25,,,,,,,ttth,7540204,31,6,98
D01,5.2,,6.6,8.25,,,,,,,ttth,7540204,31,6,99
D01,5.2,,6.6,8.0,,,,,,,ttth,7540204,31,6,100
A00,,,,7.0,,,,7.0,6.8,,ttth,7540204,31,6,101
D01,6.8,,7.8,7.25,,,,,,,ttth,7540204,31,6,102
D01,6.25,,4.6,5.6,,,,,,,ttth,7540204,31,6,103
D01,4.2,,7.6,9.25,,,,,,,ttth,7540204,31,6,104
D01,7.5,,4.0,6.8,,,,,,,ttth,7540204,31,6,105
A00,,,,7.25,,,,6.5,7.6,,ttth,7540204,31,6,106
D01,6.8,,8.2,6.75,,,,,,,ttth,7540204,31,6,107
A01,,,6.6,7.0,,,,7.2,,,ttth,7540204,31,6,108
A01,,,7.4,8.2,,,,7.75,,,ttth,7540204,31,6,109
D01,7.25,,6.6,6.0,,,,,,,ttth,7540204,31,6,110
D01,7.0,,7.6,7.6,,,,,,,ttth,7540204,31,6,111
D01,8.0,,6.6,7.4,,,,,,,ttth,7540204,31,6,112
D01,5.75,,5.8,6.0,,,,,,,ttth,7540204,31,6,113
D01,7.25,,4.0,6.8,,,,,,,ttth,7540204,31,6,114
D01,5.2,,7.2,7.5,,,,,,,ttth,7540204,31,6,115
A00,,,,6.4,,,,6.5,7.75,,ttth,7540204,31,6,116
D01,5.4,,5.8,8.0,,,,,,,ttth,7540204,31,6,117
A00,,,,7.0,,,,7.25,7.8,,ttth,7540204,31,6,118
A00,,,,8.0,,,,4.5,8.25,,ttth,7540204,31,6,119
D01,9.0,,7.25,9.5,,,,,,,bootstrap_khaosat,7810101,32,4,0
A01,,,6.75,6.0,,,,6.5,,,bootstrap_khaosat,7810101,32,4,1
A01,,,8.75,8.25,,,,6.0,,,bootstrap_khaosat,7810101,32,4,2
A01,,,8.75,8.25,,,,6.0,,,bootstrap_khaosat,7810101,32,4,3
A00,,,,5.25,,,,6.75,8.5,,bootstrap_khaosat,7810101,32,4,4
A00,,,,7.75,,,,5.0,5.75,,bootstrap_khaosat,7810101,32,4,5
C00,8.0,9.0,,,,,8.0,,,,bootstrap_khaosat,7810101,32,4,6
C00,8.0,9.0,,,,,8.0,,,,bootstrap_khaosat,7810101,32,4,7
A00,,,,7.75,,,,5.0,5.75,,bootstrap_khaosat,7810101,32,4,8
A00,,,,7.75,,,,5.0,5.75,,bootstrap_khaosat,7810101,32,4,9
A01,,,8.75,8.25,,,,6.0,,,bootstrap_khaosat,7810101,32,4,10
A01,,,6.75,6.0,,,,6.5,,,bootstrap_khaosat,7810101,32,4,11
A01,,,8.75,8.25,,,,6.0,,,bootstrap_khaosat,7810101,32,4,12
D01,9.0,,7.25,9.5,,,,,,,bootstrap_khaosat,7810101,32,4,13
A01,,,7.75,8.0,,,,5.25,,,bootstrap_khaosat,7810101,32,4,14
A00,,,,5.25,,,,6.75,8.5,,bootstrap_khaosat,7810101,32,4,15
C00,8.0,9.0,,,,,9.0,,,,bootstrap_khaosat,7810101,32,4,16
A01,,,7.75,8.0,,,,5.25,,,bootstrap_khaosat,7810101,32,4,17
A01,,,8.75,8.25,,,,6.0,,,bootstrap_khaosat,7810101,32,4,18
C00,8.0,9.0,,,,,9.0,,,,bootstrap_khaosat,7810101,32,4,19
A01,,,8.75,8.25,,,,6.0,,,bootstrap_khaosat,7810101,32,4,20
A01,,,6.75,6.0,,,,6.5,,,bootstrap_khaosat,7810101,32,4,21
D01,9.0,,7.25,9.5,,,,,,,bootstrap_khaosat,7810101,32,4,22
A01,,,6.75,6.0,,,,6.5,,,bootstrap_khaosat,7810101,32,4,23
A01,,,7.75,8.0,,,,5.25,,,bootstrap_khaosat,7810101,32,4,24
A01,,,8.75,8.25,,,,6.0,,,bootstrap_khaosat,7810101,32,4,25
A00,,,,5.25,,,,6.75,8.5,,bootstrap_khaosat,7810101,32,4,26
A01,,,8.75,8.25,,,,6.0,,,bootstrap_khaosat,7810101,32,4,27
A00,,,,5.25,,,,6.75,8.5,,bootstrap_khaosat,7810101,32,4,28
C00,8.0,9.0,,,,,9.0,,,,bootstrap_khaosat,7810101,32,4,29
A01,,,7.75,8.0,,,,5.25,,,bootstrap_khaosat,7810101,32,4,30
D01,9.0,,7.25,9.5,,,,,,,bootstrap_khaosat,7810101,32,4,31
C00,8.0,9.0,,,,,8.0,,,,bootstrap_khaosat,7810101,32,4,32
A00,,,,5.25,,,,6.75,8.5,,bootstrap_khaosat,7810101,32,4,33
D01,9.0,,7.25,9.5,,,,,,,bootstrap_khaosat,7810101,32,4,34
A01,,,7.75,8.0,,,,5.25,,,bootstrap_khaosat,7810101,32,4,35
D01,9.0,,7.25,9.5,,,,,,,bootstrap_khaosat,7810101,32,4,36
A01,,,6.75,6.0,,,,6.5,,,bootstrap_khaosat,7810101,32,4,37
D01,9.0,,7.25,9.5,,,,,,,bootstrap_khaosat,7810101,32,4,38
A01,,,8.75,8.25,,,,6.0,,,bootstrap_khaosat,7810101,32,4,39
A00,,,,7.75,,,,5.0,5.75,,bootstrap_khaosat,7810101,32,4,40
A00,,,,5.25,,,,6.75,8.5,,bootstrap_khaosat,7810101,32,4,41
D01,9.0,,7.25,9.5,,,,,,,bootstrap_khaosat,7810101,32,4,42
D01,9.0,,7.25,9.5,,,,,,,bootstrap_khaosat,7810101,32,4,43
A01,,,7.75,8.0,,,,5.25,,,bootstrap_khaosat,7810101,32,4,44
C00,8.0,9.0,,,,,9.0,,,,bootstrap_khaosat,7810101,32,4,45
A01,,,7.75,8.0,,,,5.25,,,bootstrap_khaosat,7810101,32,4,46
A00,,,,7.75,,,,5.0,5.75,,bootstrap_khaosat,7810101,32,4,47
A00,,,,7.75,,,,5.0,5.75,,bootstrap_khaosat,7810101,32,4,48
C00,8.0,9.0,,,,,9.0,,,,bootstrap_khaosat,7810101,32,4,49
A00,,,,7.75,,,,5.0,5.75,,bootstrap_khaosat,7810101,32,4,50
A01,,,8.75,8.25,,,,6.0,,,bootstrap_khaosat,7810101,32,4,51
A00,,,,5.25,,,,6.75,8.5,,bootstrap_khaosat,7810101,32,4,52
A01,,,8.75,8.25,,,,6.0,,,bootstrap_khaosat,7810101,32,4,53
D01,9.0,,7.25,9.5,,,,,,,bootstrap_khaosat,7810101,32,4,54
A01,,,6.75,6.0,,,,6.5,,,bootstrap_khaosat,7810101,32,4,55
C00,8.0,9.0,,,,,8.0,,,,bootstrap_khaosat,7810101,32,4,56
C00,8.0,9.0,,,,,9.0,,,,bootstrap_khaosat,7810101,32,4,57
D01,9.0,,7.25,9.5,,,,,,,bootstrap_khaosat,7810101,32,4,58
D01,9.0,,7.25,9.5,,,,,,,bootstrap_khaosat,7810101,32,4,59
D01,9.0,,7.25,9.5,,,,,,,bootstrap_khaosat,7810101,32,4,60
C00,8.0,9.0,,,,,9.0,,,,bootstrap_khaosat,7810101,32,4,61
A00,,,,5.25,,,,6.75,8.5,,bootstrap_khaosat,7810101,32,4,62
A00,,,,5.25,,,,6.75,8.5,,bootstrap_khaosat,7810101,32,4,63
D01,9.0,,7.25,9.5,,,,,,,bootstrap_khaosat,7810101,32,4,64
A01,,,7.75,8.0,,,,5.25,,,bootstrap_khaosat,7810101,32,4,65
A01,,,8.75,8.25,,,,6.0,,,bootstrap_khaosat,7810101,32,4,66
C00,8.0,9.0,,,,,9.0,,,,bootstrap_khaosat,7810101,32,4,67
C00,8.0,9.0,,,,,8.0,,,,bootstrap_khaosat,7810101,32,4,68
A01,,,6.75,6.0,,,,6.5,,,bootstrap_khaosat,7810101,32,4,69
C00,8.0,9.0,,,,,9.0,,,,bootstrap_khaosat,7810101,32,4,70
A00,,,,7.75,,,,5.0,5.75,,bootstrap_khaosat,7810101,32,4,71
A00,,,,7.75,,,,5.0,5.75,,bootstrap_khaosat,7810101,32,4,72
A01,,,6.75,6.0,,,,6.5,,,bootstrap_khaosat,7810101,32,4,73
C00,8.0,9.0,,,,,9.0,,,,bootstrap_khaosat,7810101,32,4,74
A01,,,7.75,8.0,,,,5.25,,,bootstrap_khaosat,7810101,32,4,75
A01,,,8.75,8.25,,,,6.0,,,bootstrap_khaosat,7810101,32,4,76
D01,9.0,,7.25,9.5,,,,,,,bootstrap_khaosat,7810101,32,4,77
C00,8.0,9.0,,,,,9.0,,,,bootstrap_khaosat,7810101,32,4,78
A01,,,7.75,8.0,,,,5.25,,,bootstrap_khaosat,7810101,32,4,79
A00,,,,7.75,,,,5.0,5.75,,bootstrap_khaosat,7810101,32,4,80
A00,,,,7.75,,,,5.0,5.75,,bootstrap_khaosat,7810101,32,4,81
A01,,,6.75,6.0,,,,6.5,,,bootstrap_khaosat,7810101,32,4,82
D01,9.0,,7.25,9.5,,,,,,,bootstrap_khaosat,7810101,32,4,83
A01,,,7.75,8.0,,,,5.25,,,bootstrap_khaosat,7810101,32,4,84
A01,,,8.75,8.25,,,,6.0,,,bootstrap_khaosat,7810101,32,4,85
A00,,,,5.25,,,,6.75,8.5,,bootstrap_khaosat,7810101,32,4,86
C00,8.0,9.0,,,,,8.0,,,,bootstrap_khaosat,7810101,32,4,87
D01,9.0,,7.25,9.5,,,,,,,bootstrap_khaosat,7810101,32,4,88
D01,9.0,,7.25,9.5,,,,,,,bootstrap_khaosat,7810101,32,4,89
A01,,,6.75,6.0,,,,6.5,,,bootstrap_khaosat,7810101,32,4,90
A01,,,8.75,8.25,,,,6.0,,,bootstrap_khaosat,7810101,32,4,91
A00,,,,5.25,,,,6.75,8.5,,bootstrap_khaosat,7810101,32,4,92
A01,,,6.75,6.0,,,,6.5,,,bootstrap_khaosat,7810101,32,4,93
A00,,,,5.25,,,,6.75,8.5,,bootstrap_khaosat,7810101,32,4,94
A00,,,,5.25,,,,6.75,8.5,,bootstrap_khaosat,7810101,32,4,95
A00,,,,7.75,,,,5.0,5.75,,bootstrap_khaosat,7810101,32,4,96
A00,,,,7.75,,,,5.0,5.75,,bootstrap_khaosat,7810101,32,4,97
A01,,,7.75,8.0,,,,5.25,,,bootstrap_khaosat,7810101,32,4,98
C00,8.0,9.0,,,,,9.0,,,,bootstrap_khaosat,7810101,32,4,99
A00,,,,5.25,,,,6.75,8.5,,bootstrap_khaosat,7810101,32,4,100
A01,,,7.75,8.0,,,,5.25,,,bootstrap_khaosat,7810101,32,4,101
A00,,,,7.75,,,,5.0,5.75,,bootstrap_khaosat,7810101,32,4,102
A01,,,6.75,6.0,,,,6.5,,,bootstrap_khaosat,7810101,32,4,103
A00,,,,5.25,,,,6.75,8.5,,bootstrap_khaosat,7810101,32,4,104
C00,8.0,9.0,,,,,8.0,,,,bootstrap_khaosat,7810101,32,4,105
C00,8.0,9.0,,,,,9.0,,,,bootstrap_khaosat,7810101,32,4,106
A00,,,,5.25,,,,6.75,8.5,,bootstrap_khaosat,7810101,32,4,107
A01,,,6.75,6.0,,,,6.5,,,bootstrap_khaosat,7810101,32,4,108
A01,,,6.75,6.0,,,,6.5,,,bootstrap_khaosat,7810101,32,4,109
D01,9.0,,7.25,9.5,,,,,,,bootstrap_khaosat,7810101,32,4,110
C00,8.0,9.0,,,,,8.0,,,,bootstrap_khaosat,7810101,32,4,111
A00,,,,7.75,,,,5.0,5.75,,bootstrap_khaosat,7810101,32,4,112
A01,,,8.75,8.25,,,,6.0,,,bootstrap_khaosat,7810101,32,4,113
C00,8.0,9.0,,,,,8.0,,,,bootstrap_khaosat,7810101,32,4,114
C00,8.0,9.0,,,,,9.0,,,,bootstrap_khaosat,7810101,32,4,115
C00,8.0,9.0,,,,,9.0,,,,bootstrap_khaosat,7810101,32,4,116
A01,,,6.75,6.0,,,,6.5,,,bootstrap_khaosat,7810101,32,4,117
A00,,,,7.75,,,,5.0,5.75,,bootstrap_khaosat,7810101,32,4,118
A01,,,7.75,8.0,,,,5.25,,,bootstrap_khaosat,7810101,32,4,119
D15,6.75,7.4,8.75,,,,,,,,ttth,7810103,33,4,0
A00,,,,7.4,,,,7.25,7.25,,ttth,7810103,33,4,1
D15,7.0,7.4,7.0,,,,,,,,ttth,7810103,33,4,2
D01,5.4,,6.0,7.25,,,,,,,ttth,7810103,33,4,3
A01,,,7.8,8.25,,,,6.8,,,ttth,7810103,33,4,4
D01,7.6,,6.6,6.5,,,,,,,ttth,7810103,33,4,5
D15,6.75,8.8,7.5,,,,,,,,ttth,7810103,33,4,6
D15,6.75,8.0,7.75,,,,,,,,ttth,7810103,33,4,7
D01,7.4,,7.6,6.75,,,,,,,ttth,7810103,33,4,8
D15,7.25,7.0,6.5,,,,,,,,ttth,7810103,33,4,9
D01,7.75,,7.8,7.0,,,,,,,ttth,7810103,33,4,10
A00,,,,8.2,,,,6.75,8.25,,ttth,7810103,33,4,11
D01,7.75,,7.6,7.2,,,,,,,ttth,7810103,33,4,12
A00,,,,7.75,,,,7.0,8.2,,ttth,7810103,33,4,13
D01,7.0,,8.4,7.6,,,,,,,ttth,7810103,33,4,14
D01,7.6,,7.8,7.5,,,,,,,ttth,7810103,33,4,15
A00,,,,7.6,,,,7.0,8.25,,ttth,7810103,33,4,16
D15,6.5,7.0,7.5,,,,,,,,ttth,7810103,33,4,17
D01,5.6,,7.0,6.0,,,,,,,ttth,7810103,33,4,18
A00,,,,7.6,,,,7.75,7.5,,ttth,7810103,33,4,19
D15,7.5,7.6,6.0,,,,,,,,ttth,7810103,33,4,20
A01,,,8.0,8.0,,,,7.5,,,ttth,7810103,33,4,21
A00,,,,7.0,,,,8.25,7.75,,ttth,7810103,33,4,22
A00,,,,6.0,,,,6.25,6.6,,ttth,7810103,33,4,23
A00,,,,8.0,,,,8.25,6.4,,ttth,7810103,33,4,24
D01,8.25,,7.6,7.4,,,,,,,ttth,7810103,33,4,25
D01,7.25,,8.0,7.6,,,,,,,ttth,7810103,33,4,26
D15,6.5,5.0,7.25,,,,,,,,ttth,7810103,33,4,27
D01,6.0,,6.6,7.75,,,,,,,ttth,7810103,33,4,28
D15,6.75,7.8,8.0,,,,,,,,ttth,7810103,33,4,29
D01,3.6,,5.8,8.75,,,,,,,ttth,7810103,33,4,30
D01,5.0,,7.6,5.5,,,,,,,ttth,7810103,33,4,31
A01,,,6.8,6.75,,,,6.2,,,ttth,7810103,33,4,32
D01,8.0,,6.8,7.4,,,,,,,ttth,7810103,33,4,33
D01,3.8,,8.2,5.5,,,,,,,ttth,7810103,33,4,34
D01,6.25,,8.2,7.4,,,,,,,ttth,7810103,33,4,35
D01,8.6,,7.2,7.5,,,,,,,ttth,7810103,33,4,36
D15,5.75,5.6,7.25,,,,,,,,ttth,7810103,33,4,37
D01,7.75,,7.6,7.8,,,,,,,ttth,7810103,33,4,38
D01,8.0,,7.0,7.6,,,,,,,ttth,7810103,33,4,39
A00,,,,6.0,,,,7.0,7.0,,ttth,7810103,33,4,40
A01,,,8.8,6.6,,,,7.25,,,ttth,7810103,33,4,41
D01,7.5,,8.8,7.2,,,,,,,ttth,7810103,33,4,42
A00,,,,5.25,,,,7.5,6.4,,ttth,7810103,33,4,43
D01,7.5,,7.6,7.4,,,,,,,ttth,7810103,33,4,44
D01,7.25,,7.2,7.8,,,,,,,ttth,7810103,33,4,45
D01,7.4,,7.8,8.0,,,,,,,ttth,7810103,33,4,46
A00,,,,5.75,,,,8.0,7.0,,ttth,7810103,33,4,47
D01,7.0,,5.2,6.5,,,,,,,ttth,7810103,33,4,48
A00,,,,5.75,,,,7.75,6.2,,ttth,7810103,33,4,49
A00,,,,8.25,,,,7.0,6.8,,ttth,7810103,33,4,50
D01,6.4,,6.6,7.0,,,,,,,ttth,7810103,33,4,51
D01,3.8,,6.8,7.5,,,,,,,ttth,7810103,33,4,52
D01,7.0,,6.2,7.75,,,,,,,ttth,7810103,33,4,53
D01,5.6,,7.4,7.0,,,,,,,ttth,7810103,33,4,54
D01,8.0,,7.6,7.4,,,,,,,ttth,7810103,33,4,55
D01,7.4,,7.6,7.75,,,,,,,ttth,7810103,33,4,56
D01,9.25,,6.0,7.6,,,,,,,ttth,7810103,33,4,57
D01,6.75,,8.8,6.6,,,,,,,ttth,7810103,33,4,58
A00,,,,8.6,,,,7.25,6.75,,ttth,7810103,33,4,59
D15,7.5,6.2,7.25,,,,,,,,ttth,7810103,33,4,60
D15,7.0,3.8,7.5,,,,,,,,ttth,7810103,33,4,61
D01,6.2,,7.0,7.75,,,,,,,ttth,7810103,33,4,62
D01,7.25,,6.6,8.4,,,,,,,ttth,7810103,33,4,63
D01,7.25,,7.8,8.2,,,,,,,ttth,7810103,33,4,64
A01,,,8.0,7.6,,,,6.75,,,ttth,7810103,33,4,65
D01,6.2,,6.8,6.25,,,,,,,ttth,7810103,33,4,66
A00,,,,8.0,,,,8.25,8.6,,ttth,7810103,33,4,67
A01,,,7.4,7.2,,,,7.75,,,ttth,7810103,33,4,68
D01,7.75,,7.0,8.0,,,,,,,ttth,7810103,33,4,69
D01,7.2,,6.8,7.5,,,,,,,ttth,7810103,33,4,70
D15,8.25,7.4,6.5,,,,,,,,ttth,7810103,33,4,71
A00,,,,6.75,,,,7.75,8.2,,ttth,7810103,33,4,72
D01,8.2,,7.8,6.5,,,,,,,ttth,7810103,33,4,73
D01,6.0,,7.8,5.75,,,,,,,ttth,7810103,33,4,74
D01,5.8,,7.6,6.5,,,,,,,ttth,7810103,33,4,75
A00,,,,7.5,,,,8.0,7.4,,ttth,7810103,33,4,76
D01,8.0,,7.6,7.2,,,,,,,ttth,7810103,33,4,77
D01,5.6,,6.8,6.5,,,,,,,ttth,7810103,33,4,78
D15,7.25,7.2,7.5,,,,,,,,ttth,7810103,33,4,79
A00,,,,8.4,,,,7.5,7.75,,ttth,7810103,33,4,80
D01,7.0,,7.6,8.25,,,,,,,ttth,7810103,33,4,81
D01,7.2,,6.8,9.0,,,,,,,ttth,7810103,33,4,82
D01,8.4,,6.6,6.5,,,,,,,ttth,7810103,33,4,83
D15,8.0,6.0,6.75,,,,,,,,ttth,7810103,33,4,84
D01,7.0,,5.4,7.75,,,,,,,ttth,7810103,33,4,85
A01,,,7.8,7.25,,,,7.8,,,ttth,7810103,33,4,86
A01,,,7.6,7.6,,,,7.75,,,ttth,7810103,33,4,87
D01,7.8,,7.0,7.75,,,,,,,ttth,7810103,33,4,88
D15,6.75,6.2,5.75,,,,,,,,ttth,7810103,33,4,89
D01,3.8,,7.6,8.25,,,,,,,ttth,7810103,33,4,90
D01,6.4,,7.4,7.75,,,,,,,ttth,7810103,33,4,91
A00,,,,6.25,,,,7.75,8.0,,ttth,7810103,33,4,92
D01,8.2,,7.8,7.0,,,,,,,ttth,7810103,33,4,93
A00,,,,8.2,,,,7.0,7.5,,ttth,7810103,33,4,94
D01,8.0,,7.2,7.8,,,,,,,ttth,7810103,33,4,95
D01,8.4,,7.8,8.5,,,,,,,ttth,7810103,33,4,96
D01,7.5,,8.2,6.6,,,,,,,ttth,7810103,33,4,97
D15,7.75,6.0,8.0,,,,,,,,ttth,7810103,33,4,98
D01,7.6,,6.8,5.75,,,,,,,ttth,7810103,33,4,99
A01,,,8.0,8.4,,,,6.5,,,ttth,7810103,33,4,100
D01,7.4,,7.0,7.5,,,,,,,ttth,7810103,33,4,101
D15,6.75,6.4,8.0,,,,,,,,ttth,7810103,33,4,102
D15,7.75,7.4,7.75,,,,,,,,ttth,7810103,33,4,103
D01,8.4,,7.6,7.5,,,,,,,ttth,7810103,33,4,104
D01,6.4,,6.6,5.0,,,,,,,ttth,7810103,33,4,105
D01,6.2,,5.4,9.0,,,,,,,ttth,7810103,33,4,106
D15,7.75,7.6,7.0,,,,,,,,ttth,7810103,33,4,107
A00,,,,7.4,,,,7.0,8.5,,ttth,7810103,33,4,108
A01,,,8.2,7.0,,,,8.0,,,ttth,7810103,33,4,109
D01,8.2,,7.8,6.75,,,,,,,ttth,7810103,33,4,110
A01,,,9.0,8.2,,,,6.0,,,ttth,7810103,33,4,111
D01,7.75,,7.6,7.6,,,,,,,ttth,7810103,33,4,112
D15,7.75,8.6,8.25,,,,,,,,ttth,7810103,33,4,113
D01,6.6,,7.0,6.5,,,,,,,ttth,7810103,33,4,114
D15,7.75,8.4,6.5,,,,,,,,ttth,7810103,33,4,115
D01,7.0,,8.2,7.4,,,,,,,ttth,7810103,33,4,116
D01,8.25,,8.6,8.6,,,,,,,ttth,7810103,33,4,117
D15,6.25,9.0,7.25,,,,,,,,ttth,7810103,33,4,118
A01,,,7.4,6.25,,,,7.4,,,ttth,7810103,33,4,119
D01,7.4,,7.4,8.0,,,,,,,ttth,7810201,34,4,0
D01,6.2,,6.8,7.0,,,,,,,ttth,7810201,34,4,1
D01,7.25,,8.0,7.8,,,,,,,ttth,7810201,34,4,2
A00,,,,8.0,,,,7.25,8.25,,ttth,7810201,34,4,3
D01,5.2,,7.8,7.75,,,,,,,ttth,7810201,34,4,4
A01,,,7.6,8.5,,,,9.4,,,ttth,7810201,34,4,5
D15,7.5,6.2,6.0,,,,,,,,ttth,7810201,34,4,6
A00,,,,7.25,,,,7.5,7.6,,ttth,7810201,34,4,7
D01,7.25,,8.0,7.0,,,,,,,ttth,7810201,34,4,8
A01,,,8.2,8.2,,,,7.25,,,ttth,7810201,34,4,9
A00,,,,6.75,,,,8.75,7.2,,ttth,7810201,34,4,10
A00,,,,6.75,,,,7.25,8.0,,ttth,7810201,34,4,11
D01,9.2,,7.2,7.0,,,,,,,ttth,7810201,34,4,12
D01,5.6,,7.0,5.75,,,,,,,ttth,7810201,34,4,13
D15,6.75,5.8,8.25,,,,,,,,ttth,7810201,34,4,14
D01,5.8,,6.8,6.75,,,,,,,ttth,7810201,34,4,15
D01,6.4,,7.6,6.5,,,,,,,ttth,7810201,34,4,16
D15,6.0,5.0,7.5,,,,,,,,ttth,7810201,34,4,17
D01,6.0,,8.2,8.5,,,,,,,ttth,7810201,34,4,18
D01,7.5,,7.8,7.6,,,,,,,ttth,7810201,34,4,19
D01,6.75,,9.4,6.4,,,,,,,ttth,7810201,34,4,20
D01,7.75,,8.4,7.6,,,,,,,ttth,7810201,34,4,21
D01,5.2,,6.4,7.0,,,,,,,ttth,7810201,34,4,22
A00,,,,7.75,,,,6.5,8.2,,ttth,7810201,34,4,23
D15,7.25,6.4,7.5,,,,,,,,ttth,7810201,34,4,24
D01,5.8,,6.6,7.5,,,,,,,ttth,7810201,34,4,25
A00,,,,8.75,,,,8.0,7.6,,ttth,7810201,34,4,26
D01,8.0,,6.2,7.6,,,,,,,ttth,7810201,34,4,27
D01,7.6,,7.4,7.0,,,,,,,ttth,7810201,34,4,28
D01,7.0,,6.6,6.25,,,,,,,ttth,7810201,34,4,29
A01,,,8.0,7.8,,,,6.75,,,ttth,7810201,34,4,30
D01,8.0,,7.0,7.8,,,,,,,ttth,7810201,34,4,31
A00,,,,7.0,,,,8.25,8.2,,ttth,7810201,34,4,32
D01,4.0,,7.4,7.25,,,,,,,ttth,7810201,34,4,33
A00,,,,6.5,,,,8.0,8.4,,ttth,7810201,34,4,34
D01,6.2,,7.2,7.0,,,,,,,ttth,7810201,34,4,35
D01,7.75,,8.0,7.8,,,,,,,ttth,7810201,34,4,36
D01,7.4,,7.0,7.75,,,,,,,ttth,7810201,34,4,37
A00,,,,6.25,,,,6.5,7.2,,ttth,7810201,34,4,38
A01,,,6.0,7.0,,,,5.6,,,ttth,7810201,34,4,39
D15,6.5,7.0,7.5,,,,,,,,ttth,7810201,34,4,40
D01,7.0,,7.0,8.0,,,,,,,ttth,7810201,34,4,41
D01,5.4,,6.0,7.0,,,,,,,ttth,7810201,34,4,42
A00,,,,7.25,,,,7.5,7.2,,ttth,7810201,34,4,43
D01,5.8,,8.2,6.0,,,,,,,ttth,7810201,34,4,44
D01,6.8,,7.6,7.0,,,,,,,ttth,7810201,34,4,45
D15,7.5,6.8,7.0,,,,,,,,ttth,7810201,34,4,46
A00,,,,7.25,,,,8.25,7.0,,ttth,7810201,34,4,47
A00,,,,8.0,,,,7.25,7.25,,ttth,7810201,34,4,48
D01,5.75,,8.8,7.4,,,,,,,ttth,7810201,34,4,49
D15,6.75,4.0,7.25,,,,,,,,ttth,7810201,34,4,50
A00,,,,7.25,,,,7.25,6.0,,ttth,7810201,34,4,51
D01,7.25,,9.0,7.0,,,,,,,ttth,7810201,34,4,52
A00,,,,7.75,,,,8.5,7.4,,ttth,7810201,34,4,53
A00,,,,8.0,,,,8.25,7.2,,ttth,7810201,34,4,54
A00,,,,7.25,,,,8.25,7.6,,ttth,7810201,34,4,55
A00,,,,7.25,,,,7.25,8.0,,ttth,7810201,34,4,56
A00,,,,5.75,,,,7.75,6.8,,ttth,7810201,34,4,57
D01,4.6,,6.8,7.0,,,,,,,ttth,7810201,34,4,58
A00,,,,6.5,,,,7.5,7.6,,ttth,7810201,34,4,59
A00,,,,7.6,,,,7.0,7.75,,ttth,7810201,34,4,60
A00,,,,7.25,,,,6.0,7.6,,ttth,7810201,34,4,61
A01,,,7.4,8.0,,,,7.75,,,ttth,7810201,34,4,62
D01,8.5,,7.8,6.8,,,,,,,ttth,7810201,34,4,63
D01,5.2,,7.8,6.75,,,,,,,ttth,7810201,34,4,64
A01,,,8.6,8.2,,,,6.75,,,ttth,7810201,34,4,65
D15,7.25,6.6,6.25,,,,,,,,ttth,7810201,34,4,66
D15,7.25,5.8,7.0,,,,,,,,ttth,7810201,34,4,67
D01,4.8,,7.6,7.0,,,,,,,ttth,7810201,34,4,68
A00,,,,7.25,,,,8.0,7.4,,ttth,7810201,34,4,69
D15,6.75,7.6,7.75,,,,,,,,ttth,7810201,34,4,70
A00,,,,6.5,,,,7.5,5.0,,ttth,7810201,34,4,71
D01,7.4,,7.0,6.5,,,,,,,ttth,7810201,34,4,72
A00,,,,6.75,,,,7.0,6.4,,ttth,7810201,34,4,73
D01,7.25,,8.8,7.8,,,,,,,ttth,7810201,34,4,74
D01,8.0,,7.8,7.6,,,,,,,ttth,7810201,34,4,75
D01,8.0,,6.6,7.2,,,,,,,ttth,7810201,34,4,76
A01,,,7.8,7.6,,,,7.75,,,ttth,7810201,34,4,77
A00,,,,8.2,,,,7.75,7.5,,ttth,7810201,34,4,78
D01,7.25,,7.2,7.6,,,,,,,ttth,7810201,34,4,79
A00,,,,5.5,,,,7.25,6.6,,ttth,7810201,34,4,80
A00,,,,6.0,,,,6.75,7.4,,ttth,7810201,34,4,81
D01,7.25,,8.4,7.2,,,,,,,ttth,7810201,34,4,82
D01,5.4,,7.4,6.0,,,,,,,ttth,7810201,34,4,83
A01,,,7.6,7.2,,,,7.25,,,ttth,7810201,34,4,84
D01,7.25,,8.2,7.6,,,,,,,ttth,7810201,34,4,85
D15,7.0,6.0,8.5,,,,,,,,ttth,7810201,34,4,86
D01,6.8,,7.4,6.25,,,,,,,ttth,7810201,34,4,87
D15,6.0,4.2,7.75,,,,,,,,ttth,7810201,34,4,88
D01,6.0,,8.4,8.25,,,,,,,ttth,7810201,34,4,89
A00,,,,8.0,,,,7.0,6.75,,ttth,7810201,34,4,90
D01,7.0,,8.6,7.6,,,,,,,ttth,7810201,34,4,91
D01,6.0,,6.6,7.0,,,,,,,ttth,7810201,34,4,92
A01,,,7.8,6.75,,,,8.6,,,ttth,7810201,34,4,93
D01,7.5,,7.4,7.2,,,,,,,ttth,7810201,34,4,94
D15,6.75,6.2,7.75,,,,,,,,ttth,7810201,34,4,95
D01,4.0,,6.8,9.0,,,,,,,ttth,7810201,34,4,96
D01,6.6,,8.0,8.75,,,,,,,ttth,7810201,34,4,97
D01,5.6,,6.6,6.75,,,,,,,ttth,7810201,34,4,98
D01,8.75,,6.4,7.4,,,,,,,ttth,7810201,34,4,99
D01,7.75,,8.2,7.8,,,,,,,ttth,7810201,34,4,100
D01,7.25,,8.6,7.4,,,,,,,ttth,7810201,34,4,101
D15,6.25,5.6,6.75,,,,,,,,ttth,7810201,34,4,102
D15,5.5,6.8,6.75,,,,,,,,ttth,7810201,34,4,103
D15,6.5,6.4,5.5,,,,,,,,ttth,7810201,34,4,104
A00,,,,6.75,,,,7.5,7.2,,ttth,7810201,34,4,105
A00,,,,7.25,,,,7.0,7.4,,ttth,7810201,34,4,106
D01,8.0,,7.8,6.8,,,,,,,ttth,7810201,34,4,107
D01,7.75,,8.8,6.2,,,,,,,ttth,7810201,34,4,108
D01,5.6,,7.6,6.25,,,,,,,ttth,7810201,34,4,109
A00,,,,6.0,,,,6.75,7.4,,ttth,7810201,34,4,110
D01,7.4,,7.8,6.75,,,,,,,ttth,7810201,34,4,111
A00,,,,5.5,,,,6.75,6.6,,ttth,7810201,34,4,112
A00,,,,5.25,,,,6.0,7.2,,ttth,7810201,34,4,113
A01,,,8.2,7.8,,,,6.5,,,ttth,7810201,34,4,114
D15,7.25,6.8,6.5,,,,,,,,ttth,7810201,34,4,115
D01,5.0,,6.4,7.25,,,,,,,ttth,7810201,34,4,116
D01,6.8,,7.2,7.0,,,,,,,ttth,7810201,34,4,117
D01,7.0,,8.2,7.2,,,,,,,ttth,7810201,34,4,118
D01,6.0,,6.6,7.75,,,,,,,ttth,7810201,34,4,119
D01,7.75,,9.0,8.0,,,,,,,ttth,7810202,35,4,0
D01,7.0,,8.2,7.6,,,,,,,ttth,7810202,35,4,1
D01,7.75,,8.4,7.4,,,,,,,ttth,7810202,35,4,2
D01,8.2,,7.6,6.75,,,,,,,ttth,7810202,35,4,3
A01,,,7.4,9.0,,,,7.25,,,ttth,7810202,35,4,4
D01,8.75,,6.4,7.6,,,,,,,ttth,7810202,35,4,5
A00,,,,8.6,,,,7.75,6.25,,ttth,7810202,35,4,6
D01,6.8,,7.6,7.0,,,,,,,ttth,7810202,35,4,7
A00,,,,7.25,,,,8.25,6.6,,ttth,7810202,35,4,8
A00,,,,8.0,,,,7.5,8.0,,ttth,7810202,35,4,9
D01,6.8,,7.6,8.5,,,,,,,ttth,7810202,35,4,10
D01,6.8,,7.8,7.5,,,,,,,ttth,7810202,35,4,11
D01,6.75,,8.4,7.2,,,,,,,ttth,7810202,35,4,12
D01,8.8,,8.4,7.25,,,,,,,ttth,7810202,35,4,13
D01,8.25,,7.0,6.8,,,,,,,ttth,7810202,35,4,14
D01,6.2,,6.2,8.75,,,,,,,ttth,7810202,35,4,15
A00,,,,7.8,,,,7.5,7.0,,ttth,7810202,35,4,16
A00,,,,7.6,,,,7.25,8.25,,ttth,7810202,35,4,17
D15,7.25,5.4,8.5,,,,,,,,ttth,7810202,35,4,18
D15,6.75,4.2,7.5,,,,,,,,ttth,7810202,35,4,19
D01,7.75,,8.6,6.6,,,,,,,ttth,7810202,35,4,20
D01,5.8,,5.0,7.5,,,,,,,ttth,7810202,35,4,21
D01,7.25,,7.2,8.8,,,,,,,ttth,7810202,35,4,22
D01,5.8,,6.8,7.0,,,,,,,ttth,7810202,35,4,23
D01,5.8,,8.2,7.75,,,,,,,ttth,7810202,35,4,24
D01,8.5,,7.6,7.4,,,,,,,ttth,7810202,35,4,25
A00,,,,8.25,,,,8.5,8.0,,ttth,7810202,35,4,26
D15,8.25,7.0,7.0,,,,,,,,ttth,7810202,35,4,27
D15,6.5,6.0,6.75,,,,,,,,ttth,7810202,35,4,28
D01,8.25,,8.2,6.6,,,,,,,ttth,7810202,35,4,29
D01,7.75,,6.4,8.2,,,,,,,ttth,7810202,35,4,30
D01,6.25,,8.0,7.6,,,,,,,ttth,7810202,35,4,31
A01,,,8.6,7.4,,,,7.5,,,ttth,7810202,35,4,32
D01,7.4,,7.0,5.5,,,,,,,ttth,7810202,35,4,33
A00,,,,8.25,,,,6.5,6.8,,ttth,7810202,35,4,34
A01,,,7.6,5.75,,,,8.4,,,ttth,7810202,35,4,35
A00,,,,7.75,,,,7.75,7.6,,ttth,7810202,35,4,36
D01,8.5,,7.0,7.6,,,,,,,ttth,7810202,35,4,37
D01,7.5,,9.0,6.6,,,,,,,ttth,7810202,35,4,38
A00,,,,8.0,,,,7.5,6.75,,ttth,7810202,35,4,39
D01,7.25,,8.8,7.6,,,,,,,ttth,7810202,35,4,40
D15,6.0,5.0,8.5,,,,,,,,ttth,7810202,35,4,41
A00,,,,7.5,,,,7.5,7.6,,ttth,7810202,35,4,42
A00,,,,7.6,,,,7.5,9.0,,ttth,7810202,35,4,43
D01,7.5,,8.8,7.4,,,,,,,ttth,7810202,35,4,44
D01,6.2,,6.8,6.75,,,,,,,ttth,7810202,35,4,45
D01,6.8,,7.0,8.5,,,,,,,ttth,7810202,35,4,46
A00,,,,7.0,,,,7.5,7.6,,ttth,7810202,35,4,47
D01,8.5,,6.4,7.4,,,,,,,ttth,7810202,35,4,48
D15,6.5,5.8,8.25,,,,,,,,ttth,7810202,35,4,49
D01,7.0,,7.0,8.2,,,,,,,ttth,7810202,35,4,50
A01,,,7.6,8.6,,,,7.75,,,ttth,7810202,35,4,51
D01,4.8,,8.4,6.75,,,,,,,ttth,7810202,35,4,52
A00,,,,8.4,,,,8.25,7.0,,ttth,7810202,35,4,53
D01,6.5,,8.8,7.8,,,,,,,ttth,7810202,35,4,54
D15,7.5,5.4,8.5,,,,,,,,ttth,7810202,35,4,55
A01,,,7.4,7.25,,,,8.2,,,ttth,7810202,35,4,56
D15,6.75,7.0,6.0,,,,,,,,ttth,7810202,35,4,57
A00,,,,7.5,,,,6.75,7.6,,ttth,7810202,35,4,58
D01,6.25,,9.0,7.2,,,,,,,ttth,7810202,35,4,59
D01,8.2,,7.8,6.0,,,,,,,ttth,7810202,35,4,60
D01,8.2,,5.4,5.5,,,,,,,ttth,7810202,35,4,61
D15,5.5,4.8,7.25,,,,,,,,ttth,7810202,35,4,62
D01,7.5,,6.2,8.8,,,,,,,ttth,7810202,35,4,63
D15,6.75,5.6,8.5,,,,,,,,ttth,7810202,35,4,64
D01,5.8,,7.0,8.0,,,,,,,ttth,7810202,35,4,65
A00,,,,8.0,,,,8.25,8.0,,ttth,7810202,35,4,66
A00,,,,7.0,,,,7.5,7.6,,ttth,7810202,35,4,67
D01,5.2,,6.6,7.75,,,,,,,ttth,7810202,35,4,68
A01,,,7.0,7.0,,,,7.2,,,ttth,7810202,35,4,69
D01,6.0,,7.0,6.5,,,,,,,ttth,7810202,35,4,70
D01,7.8,,8.0,7.0,,,,,,,ttth,7810202,35,4,71
D01,5.8,,5.6,7.5,,,,,,,ttth,7810202,35,4,72
D01,7.0,,7.6,7.75,,,,,,,ttth,7810202,35,4,73
D01,7.2,,8.2,7.5,,,,,,,ttth,7810202,35,4,74
D01,7.2,,7.2,7.0,,,,,,,ttth,7810202,35,4,75
D01,7.75,,7.2,7.8,,,,,,,ttth,7810202,35,4,76
D01,6.2,,7.0,8.0,,,,,,,ttth,7810202,35,4,77
D01,6.8,,6.8,6.75,,,,,,,ttth,7810202,35,4,78
D01,7.5,,7.8,7.4,,,,,,,ttth,7810202,35,4,79
D01,6.0,,7.2,7.0,,,,,,,ttth,7810202,35,4,80
A00,,,,6.0,,,,7.5,5.8,,ttth,7810202,35,4,81
A00,,,,7.4,,,,7.0,7.75,,ttth,7810202,35,4,82
D15,6.0,6.4,7.75,,,,,,,,ttth,7810202,35,4,83
A00,,,,7.25,,,,7.75,7.8,,ttth,7810202,35,4,84
D01,8.0,,8.4,7.2,,,,,,,ttth,7810202,35,4,85
A00,,,,8.0,,,,7.0,7.5,,ttth,7810202,35,4,86
D01,6.6,,8.2,6.75,,,,,,,ttth,7810202,35,4,87
A00,,,,7.4,,,,8.0,6.5,,ttth,7810202,35,4,88
D01,8.5,,6.8,7.2,,,,,,,ttth,7810202,35,4,89
A00,,,,6.5,,,,6.75,6.8,,ttth,7810202,35,4,90
D01,6.6,,7.8,8.0,,,,,,,ttth,7810202,35,4,91
D01,5.8,,7.6,7.5,,,,,,,ttth,7810202,35,4,92
D01,5.6,,6.8,8.25,,,,,,,ttth,7810202,35,4,93
D01,8.0,,7.4,7.25,,,,,,,ttth,7810202,35,4,94
D01,6.8,,7.2,8.5,,,,,,,ttth,7810202,35,4,95
D01,8.5,,8.2,7.8,,,,,,,ttth,7810202,35,4,96
A00,,,,5.75,,,,7.5,7.0,,ttth,7810202,35,4,97
D01,6.2,,6.4,7.75,,,,,,,ttth,7810202,35,4,98
D01,7.5,,8.6,7.8,,,,,,,ttth,7810202,35,4,99
A01,,,7.4,8.0,,,,8.0,,,ttth,7810202,35,4,100
D15,7.25,5.2,7.25,,,,,,,,ttth,7810202,35,4,101
A00,,,,6.0,,,,6.25,7.4,,ttth,7810202,35,4,102
A00,,,,8.4,,,,7.25,7.5,,ttth,7810202,35,4,103
D01,8.0,,8.0,7.4,,,,,,,ttth,7810202,35,4,104
A01,,,7.6,7.8,,,,8.0,,,ttth,7810202,35,4,105
D01,6.8,,7.0,6.0,,,,,,,ttth,7810202,35,4,106
A00,,,,7.75,,,,6.75,7.6,,ttth,7810202,35,4,107
D01,7.8,,8.0,6.75,,,,,,,ttth,7810202,35,4,108
A00,,,,8.0,,,,7.25,6.75,,ttth,7810202,35,4,109
D01,4.6,,5.4,8.25,,,,,,,ttth,7810202,35,4,110
A00,,,,7.5,,,,7.75,7.8,,ttth,7810202,35,4,111
D01,6.0,,8.2,6.75,,,,,,,ttth,7810202,35,4,112
D01,7.0,,7.8,8.0,,,,,,,ttth,7810202,35,4,113
D01,6.2,,7.6,8.0,,,,,,,ttth,7810202,35,4,114
A00,,,,7.8,,,,6.25,8.25,,ttth,7810202,35,4,115
D01,6.2,,8.4,8.75,,,,,,,ttth,7810202,35,4,116
D01,4.4,,7.0,6.75,,,,,,,ttth,7810202,35,4,117
A00,,,,8.0,,,,6.75,7.5,,ttth,7810202,35,4,118
D15,6.0,7.2,7.25,,,,,,,,ttth,7810202,35,4,119
D07,,,6.2,3.75,,,,,7.0,,ttth,7819009,36,4,0
A00,,,,5.5,,,,5.0,7.8,,ttth,7819009,36,4,1
A01,,,7.2,7.5,,,,7.2,,,ttth,7819009,36,4,2
B00,,,,6.25,,,,,5.5,7.2,ttth,7819009,36,4,3
B00,,,,5.25,,,,,7.0,8.2,ttth,7819009,36,4,4
B00,,,,7.0,,,,,6.0,6.6,ttth,7819009,36,4,5
A00,,,,4.75,,,,4.75,7.6,,ttth,7819009,36,4,6
B00,,,,6.0,,,,,6.0,7.2,ttth,7819009,36,4,7
B00,,,,6.75,,,,,5.5,6.8,ttth,7819009,36,4,8
A00,,,,5.5,,,,6.25,7.0,,ttth,7819009,36,4,9
B00,,,,7.25,,,,,7.75,6.2,ttth,7819009,36,4,10
A01,,,6.8,5.25,,,,7.6,,,ttth,7819009,36,4,11
D07,,,6.8,5.25,,,,,7.0,,ttth,7819009,36,4,12
A00,,,,5.5,,,,6.25,7.0,,ttth,7819009,36,4,13
B00,,,,5.0,,,,,6.25,6.0,ttth,7819009,36,4,14
D07,,,7.6,7.75,,,,,8.2,,ttth,7819009,36,4,15
B00,,,,5.0,,,,,6.25,6.0,ttth,7819009,36,4,16
B00,,,,6.0,,,,,5.75,6.2,ttth,7819009,36,4,17
B00,,,,4.75,,,,,6.5,5.0,ttth,7819009,36,4,18
D07,,,7.6,6.5,,,,,6.6,,ttth,7819009,36,4,19
B00,,,,7.0,,,,,7.25,6.6,ttth,7819009,36,4,20
B00,,,,7.5,,,,,6.5,7.0,ttth,7819009,36,4,21
A01,,,7.2,7.5,,,,7.2,,,ttth,7819009,36,4,22
D07,,,6.4,6.5,,,,,6.0,,ttth,7819009,36,4,23
A00,,,,6.75,,,,5.5,5.6,,ttth,7819009,36,4,24
A01,,,6.0,5.25,,,,5.0,,,ttth,7819009,36,4,25
A00,,,,7.0,,,,6.75,7.0,,ttth,7819009,36,4,26
A00,,,,7.5,,,,7.25,7.4,,ttth,7819009,36,4,27
B00,,,,7.0,,,,,5.75,7.0,ttth,7819009,36,4,28
A00,,,,7.5,,,,7.5,7.6,,ttth,7819009,36,4,29
A00,,,,4.75,,,,5.75,6.4,,ttth,7819009,36,4,30
D07,,,7.6,7.75,,,,,8.2,,ttth,7819009,36,4,31
A01,,,6.0,6.25,,,,7.2,,,ttth,7819009,36,4,32
B00,,,,4.5,,,,,6.25,7.2,ttth,7819009,36,4,33
D07,,,7.6,6.5,,,,,6.6,,ttth,7819009,36,4,34
A01,,,7.2,7.5,,,,7.2,,,ttth,7819009,36,4,35
A01,,,6.4,5.5,,,,4.8,,,ttth,7819009,36,4,36
B00,,,,7.5,,,,,6.5,7.0,ttth,7819009,36,4,37
A00,,,,5.25,,,,7.25,7.6,,ttth,7819009,36,4,38
B00,,,,7.25,,,,,7.75,6.2,ttth,7819009,36,4,39
B00,,,,7.25,,,,,7.75,7.2,ttth,7819009,36,4,40
A01,,,6.2,5.5,,,,5.0,,,ttth,7819009,36,4,41
B00,,,,7.0,,,,,5.75,7.0,ttth,7819009,36,4,42
A00,,,,4.75,,,,4.75,7.6,,ttth,7819009,36,4,43
B00,,,,6.75,,,,,6.75,7.2,ttth,7819009,36,4,44
A00,,,,5.5,,,,6.25,7.0,,ttth,7819009,36,4,45
A00,,,,5.75,,,,7.5,6.4,,ttth,7819009,36,4,46
D07,,,6.4,6.5,,,,,6.0,,ttth,7819009,36,4,47
A00,,,,6.0,,,,7.0,6.0,,ttth,7819009,36,4,48
A01,,,7.0,5.5,,,,8.4,,,ttth,7819009,36,4,49
B00,,,,6.25,,,,,5.5,7.2,ttth,7819009,36,4,50
D07,,,6.8,5.25,,,,,7.0,,ttth,7819009,36,4,51
A00,,,,7.25,,,,6.0,7.4,,ttth,7819009,36,4,52
D07,,,6.8,5.25,,,,,7.0,,ttth,7819009,36,4,53
A01,,,7.0,5.5,,,,8.4,,,ttth,7819009,36,4,54
A00,,,,7.0,,,,6.75,7.0,,ttth,7819009,36,4,55
D07,,,7.6,6.5,,,,,6.6,,ttth,7819009,36,4,56
B00,,,,6.5,,,,,6.0,6.2,ttth,7819009,36,4,57
A00,,,,5.5,,,,6.0,6.0,,ttth,7819009,36,4,58
A01,,,6.2,5.5,,,,5.0,,,ttth,7819009,36,4,59
A01,,,6.0,5.25,,,,5.0,,,ttth,7819009,36,4,60
D07,,,7.6,6.5,,,,,6.6,,ttth,7819009,36,4,61
B00,,,,7.25,,,,,7.75,6.2,ttth,7819009,36,4,62
B00,,,,7.0,,,,,7.25,7.0,ttth,7819009,36,4,63
B00,,,,7.0,,,,,7.25,7.0,ttth,7819009,36,4,64
B00,,,,6.25,,,,,5.5,7.2,ttth,7819009,36,4,65
B00,,,,6.75,,,,,7.5,7.0,ttth,7819009,36,4,66
A00,,,,6.0,,,,7.0,6.0,,ttth,7819009,36,4,67
B00,,,,5.75,,,,,7.0,6.6,ttth,7819009,36,4,68
B00,,,,6.75,,,,,5.5,6.8,ttth,7819009,36,4,69
B00,,,,6.0,,,,,6.25,6.8,ttth,7819009,36,4,70
A00,,,,5.25,,,,7.25,7.6,,ttth,7819009,36,4,71
B00,,,,7.5,,,,,6.5,7.0,ttth,7819009,36,4,72
A00,,,,7.5,,,,7.5,7.6,,ttth,7819009,36,4,73
A00,,,,4.75,,,,5.75,6.8,,ttth,7819009,36,4,74
B00,,,,6.75,,,,,6.75,7.2,ttth,7819009,36,4,75
A00,,,,4.75,,,,5.5,6.4,,ttth,7819009,36,4,76
A00,,,,4.75,,,,4.75,7.6,,ttth,7819009,36,4,77
A00,,,,6.0,,,,7.0,6.0,,ttth,7819009,36,4,78
A01,,,6.2,5.5,,,,5.0,,,ttth,7819009,36,4,79
A00,,,,5.25,,,,7.25,7.6,,ttth,7819009,36,4,80
B00,,,,6.0,,,,,6.0,7.2,ttth,7819009,36,4,81
A00,,,,5.5,,,,6.25,7.0,,ttth,7819009,36,4,82
D07,,,7.0,7.25,,,,,6.6,,ttth,7819009,36,4,83
D07,,,6.8,5.25,,,,,7.0,,ttth,7819009,36,4,84
A00,,,,5.75,,,,6.5,6.0,,ttth,7819009,36,4,85
A00,,,,5.25,,,,7.25,7.6,,ttth,7819009,36,4,86
D07,,,7.2,8.0,,,,,7.6,,ttth,7819009,36,4,87
A00,,,,6.25,,,,7.0,7.6,,ttth,7819009,36,4,88
A00,,,,7.5,,,,7.5,7.6,,ttth,7819009,36,4,89
A00,,,,5.5,,,,6.25,7.0,,ttth,7819009,36,4,90
A00,,,,7.75,,,,6.5,6.6,,ttth,7819009,36,4,91
A00,,,,7.0,,,,6.75,7.0,,ttth,7819009,36,4,92
A00,,,,6.25,,,,7.0,7.6,,ttth,7819009,36,4,93
A00,,,,7.5,,,,7.25,7.4,,ttth,7819009,36,4,94
B00,,,,5.75,,,,,7.0,6.6,ttth,7819009,36,4,95
B00,,,,4.75,,,,,6.5,5.0,ttth,7819009,36,4,96
A01,,,7.0,7.25,,,,4.8,,,ttth,7819009,36,4,97
A01,,,6.0,5.25,,,,5.0,,,ttth,7819009,36,4,98
A00,,,,7.0,,,,8.0,8.0,,ttth,7819009,36,4,99
B00,,,,6.5,,,,,7.0,7.2,ttth,7819009,36,4,100
A01,,,7.8,6.75,,,,5.4,,,ttth,7819009,36,4,101
A00,,,,4.75,,,,5.75,6.8,,ttth,7819009,36,4,102
A01,,,7.6,5.75,,,,6.2,,,ttth,7819009,36,4,103
D07,,,6.2,3.75,,,,,7.0,,ttth,7819009,36,4,104
A00,,,,7.0,,,,6.75,7.0,,ttth,7819009,36,4,105
A01,,,6.0,6.25,,,,7.2,,,ttth,7819009,36,4,106
A00,,,,5.5,,,,6.25,5.6,,ttth,7819009,36,4,107
A01,,,6.0,5.25,,,,5.0,,,ttth,7819009,36,4,108
A01,,,6.8,6.25,,,,6.0,,,ttth,7819009,36,4,109
A01,,,7.2,6.0,,,,5.2,,,ttth,7819009,36,4,110
D07,,,7.2,8.0,,,,,7.6,,ttth,7819009,36,4,111
D07,,,7.0,7.25,,,,,6.6,,ttth,7819009,36,4,112
A01,,,6.2,5.5,,,,5.0,,,ttth,7819009,36,4,113
B00,,,,7.5,,,,,6.5,7.0,ttth,7819009,36,4,114
A00,,,,5.5,,,,6.25,8.2,,ttth,7819009,36,4,115
A00,,,,5.75,,,,7.0,7.6,,ttth,7819009,36,4,116
B00,,,,7.0,,,,,7.25,7.0,ttth,7819009,36,4,117
B00,,,,6.0,,,,,5.75,6.2,ttth,7819009,36,4,118
A00,,,,7.5,,,,7.5,7.6,,ttth,7819009,36,4,119
D07,,,7.6,8.0,,,,,6.8,,ttth,7819010,37,4,0
A01,,,7.6,6.5,,,,5.0,,,ttth,7819010,37,4,1
B00,,,,5.5,,,,,5.75,5.2,ttth,7819010,37,4,2
A01,,,5.8,6.75,,,,5.8,,,ttth,7819010,37,4,3
B00,,,,6.25,,,,,5.75,6.0,ttth,7819010,37,4,4
A00,,,,6.25,,,,5.25,6.4,,ttth,7819010,37,4,5
A01,,,7.6,7.0,,,,4.6,,,ttth,7819010,37,4,6
A00,,,,7.0,,,,6.0,5.8,,ttth,7819010,37,4,7
A00,,,,6.5,,,,6.5,6.6,,ttth,7819010,37,4,8
D07,,,7.2,7.0,,,,,7.6,,ttth,7819010,37,4,9
A00,,,,5.25,,,,5.5,6.2,,ttth,7819010,37,4,10
D07,,,7.0,5.5,,,,,5.0,,ttth,7819010,37,4,11
B00,,,,4.75,,,,,7.25,6.0,ttth,7819010,37,4,12
D07,,,7.0,4.5,,,,,5.0,,ttth,7819010,37,4,13
A00,,,,7.25,,,,6.0,8.4,,ttth,7819010,37,4,14
A01,,,7.8,5.0,,,,3.8,,,ttth,7819010,37,4,15
A01,,,7.2,5.75,,,,6.8,,,ttth,7819010,37,4,16
A00,,,,6.0,,,,7.25,6.2,,ttth,7819010,37,4,17
B00,,,,7.25,,,,,8.0,7.0,ttth,7819010,37,4,18
A00,,,,6.25,,,,6.25,6.0,,ttth,7819010,37,4,19
B00,,,,6.75,,,,,8.5,7.8,ttth,7819010,37,4,20
B00,,,,6.25,,,,,6.75,6.8,ttth,7819010,37,4,21
A00,,,,7.25,,,,3.0,6.4,,ttth,7819010,37,4,22
A00,,,,6.25,,,,5.0,6.6,,ttth,7819010,37,4,23
A00,,,,6.75,,,,6.0,6.8,,ttth,7819010,37,4,24
B00,,,,6.25,,,,,7.5,6.6,ttth,7819010,37,4,25
A00,,,,7.75,,,,4.75,6.2,,ttth,7819010,37,4,26
D07,,,7.0,6.25,,,,,5.6,,ttth,7819010,37,4,27
B00,,,,7.25,,,,,7.25,6.2,ttth,7819010,37,4,28
A00,,,,7.0,,,,6.5,6.4,,ttth,7819010,37,4,29
A00,,,,7.5,,,,7.0,7.2,,ttth,7819010,37,4,30
D07,,,6.2,5.75,,,,,5.2,,ttth,7819010,37,4,31
D07,,,6.8,6.25,,,,,7.2,,ttth,7819010,37,4,32
A00,,,,6.0,,,,5.5,5.4,,ttth,7819010,37,4,33
A00,,,,5.5,,,,8.0,7.4,,ttth,7819010,37,4,34
A01,,,6.4,7.0,,,,6.8,,,ttth,7819010,37,4,35
D07,,,6.4,4.5,,,,,7.6,,ttth,7819010,37,4,36
A00,,,,7.75,,,,6.75,6.6,,ttth,7819010,37,4,37
A00,,,,5.75,,,,7.0,7.0,,ttth,7819010,37,4,38
A00,,,,7.0,,,,7.75,7.4,,ttth,7819010,37,4,39
A00,,,,6.75,,,,5.0,6.2,,ttth,7819010,37,4,40
A00,,,,7.0,,,,6.25,6.6,,ttth,7819010,37,4,41
B00,,,,6.25,,,,,6.75,5.4,ttth,7819010,37,4,42
B00,,,,5.75,,,,,7.0,6.0,ttth,7819010,37,4,43
D07,,,6.2,5.5,,,,,6.2,,ttth,7819010,37,4,44
A00,,,,4.25,,,,6.25,7.2,,ttth,7819010,37,4,45
A01,,,5.6,6.25,,,,8.6,,,ttth,7819010,37,4,46
D07,,,7.4,6.75,,,,,6.6,,ttth,7819010,37,4,47
A00,,,,6.0,,,,6.0,5.2,,ttth,7819010,37,4,48
A00,,,,7.25,,,,5.25,7.4,,ttth,7819010,37,4,49
D07,,,5.6,6.75,,,,,6.4,,ttth,7819010,37,4,50
A00,,,,5.75,,,,5.0,5.8,,ttth,7819010,37,4,51
D07,,,7.2,5.75,,,,,6.4,,ttth,7819010,37,4,52
D07,,,6.8,6.0,,,,,5.4,,ttth,7819010,37,4,53
A01,,,7.8,7.25,,,,7.6,,,ttth,7819010,37,4,54
B00,,,,5.25,,,,,5.75,5.8,ttth,7819010,37,4,55
A01,,,7.0,7.0,,,,7.2,,,ttth,7819010,37,4,56
B00,,,,7.0,,,,,6.25,7.2,ttth,7819010,37,4,57
A00,,,,8.0,,,,6.75,6.8,,ttth,7819010,37,4,58
A00,,,,6.0,,,,6.75,7.2,,ttth,7819010,37,4,59
B00,,,,6.75,,,,,6.25,7.4,ttth,7819010,37,4,60
A00,,,,6.0,,,,6.75,7.2,,ttth,7819010,37,4,61
B00,,,,6.75,,,,,6.25,6.6,ttth,7819010,37,4,62
A00,,,,7.0,,,,6.5,7.0,,ttth,7819010,37,4,63
B00,,,,6.75,,,,,7.0,6.2,ttth,7819010,37,4,64
B00,,,,6.0,,,,,5.0,6.6,ttth,7819010,37,4,65
D07,,,6.6,6.5,,,,,4.4,,ttth,7819010,37,4,66
B00,,,,6.75,,,,,7.0,7.2,ttth,7819010,37,4,67
B00,,,,7.0,,,,,6.75,7.0,ttth,7819010,37,4,68
B00,,,,5.75,,,,,6.75,7.0,ttth,7819010,37,4,69
B00,,,,4.5,,,,,7.75,7.2,ttth,7819010,37,4,70
A00,,,,7.0,,,,7.0,6.8,,ttth,7819010,37,4,71
D07,,,7.4,4.75,,,,,7.4,,ttth,7819010,37,4,72
B00,,,,6.25,,,,,6.75,6.0,ttth,7819010,37,4,73
A00,,,,7.5,,,,6.5,8.0,,ttth,7819010,37,4,74
B00,,,,7.75,,,,,5.25,5.2,ttth,7819010,37,4,75
A00,,,,8.25,,,,7.25,7.6,,ttth,7819010,37,4,76
A00,,,,5.0,,,,5.75,7.2,,ttth,7819010,37,4,77
D07,,,8.4,5.5,,,,,6.2,,ttth,7819010,37,4,78
B00,,,,4.75,,,,,6.0,6.0,ttth,7819010,37,4,79
A00,,,,6.0,,,,6.25,6.6,,ttth,7819010,37,4,80
A00,,,,6.5,,,,7.5,8.2,,ttth,7819010,37,4,81
B00,,,,7.25,,,,,6.75,5.4,ttth,7819010,37,4,82
D07,,,6.4,5.5,,,,,7.8,,ttth,7819010,37,4,83
A00,,,,7.5,,,,7.25,7.2,,ttth,7819010,37,4,84
A00,,,,6.5,,,,6.0,6.0,,ttth,7819010,37,4,85
A00,,,,6.0,,,,6.5,8.4,,ttth,7819010,37,4,86
D07,,,7.2,7.0,,,,,7.2,,ttth,7819010,37,4,87
A00,,,,6.25,,,,5.75,7.4,,ttth,7819010,37,4,88
D07,,,6.6,6.0,,,,,6.8,,ttth,7819010,37,4,89
D07,,,6.8,7.5,,,,,6.2,,ttth,7819010,37,4,90
D07,,,7.2,5.0,,,,,4.0,,ttth,7819010,37,4,91
B00,,,,5.25,,,,,6.75,6.4,ttth,7819010,37,4,92
A00,,,,6.75,,,,7.25,8.0,,ttth,7819010,37,4,93
A01,,,7.8,7.25,,,,5.8,,,ttth,7819010,37,4,94
B00,,,,6.75,,,,,6.5,6.2,ttth,7819010,37,4,95
B00,,,,6.5,,,,,5.25,6.6,ttth,7819010,37,4,96
A00,,,,5.5,,,,7.5,5.8,,ttth,7819010,37,4,97
A00,,,,6.25,,,,7.75,7.8,,ttth,7819010,37,4,98
A00,,,,6.5,,,,3.75,7.0,,ttth,7819010,37,4,99
B00,,,,5.5,,,,,7.0,6.2,ttth,7819010,37,4,100
B00,,,,6.75,,,,,7.5,6.8,ttth,7819010,37,4,101
D07,,,7.4,7.5,,,,,6.8,,ttth,7819010,37,4,102
A00,,,,7.25,,,,6.0,8.2,,ttth,7819010,37,4,103
B00,,,,8.0,,,,,6.75,7.6,ttth,7819010,37,4,104
A00,,,,5.5,,,,5.75,8.0,,ttth,7819010,37,4,105
B00,,,,5.25,,,,,6.5,6.6,ttth,7819010,37,4,106
A00,,,,7.25,,,,7.0,7.2,,ttth,7819010,37,4,107
A00,,,,6.25,,,,5.75,6.8,,ttth,7819010,37,4,108
A00,,,,6.5,,,,5.75,7.6,,ttth,7819010,37,4,109
D07,,,5.8,6.25,,,,,6.4,,ttth,7819010,37,4,110
A01,,,8.2,7.0,,,,8.0,,,ttth,7819010,37,4,111
A00,,,,6.0,,,,7.25,7.6,,ttth,7819010,37,4,112
A00,,,,6.5,,,,6.25,6.2,,ttth,7819010,37,4,113
B00,,,,6.25,,,,,6.25,6.2,ttth,7819010,37,4,114
B00,,,,6.25,,,,,6.0,5.4,ttth,7819010,37,4,115
D07,,,6.6,4.75,,,,,7.2,,ttth,7819010,37,4,116
A00,,,,8.0,,,,8.25,6.8,,ttth,7819010,37,4,117
D07,,,7.6,5.25,,,,,5.2,,ttth,7819010,37,4,118
A00,,,,5.0,,,,5.0,7.0,,ttth,7819010,37,4,119
A00,,,,7.6,,,,5.25,8.25,,ttth,7850101,38,7,0
A00,,,,7.0,,,,5.5,7.75,,ttth,7850101,38,7,1
B00,,,,7.25,,,,,7.5,6.8,ttth,7850101,38,7,2
A00,,,,7.0,,,,6.0,7.75,,ttth,7850101,38,7,3
A01,,,7.6,7.25,,,,8.0,,,ttth,7850101,38,7,4
A00,,,,8.0,,,,5.5,6.25,,ttth,7850101,38,7,5
A00,,,,7.2,,,,4.0,7.75,,ttth,7850101,38,7,6
A00,,,,6.8,,,,5.5,5.5,,ttth,7850101,38,7,7
A00,,,,6.5,,,,6.5,7.8,,ttth,7850101,38,7,8
A00,,,,6.0,,,,6.0,6.0,,ttth,7850101,38,7,9
B00,,,,6.4,,,,,8.5,6.75,ttth,7850101,38,7,10
A00,,,,7.2,,,,5.5,6.0,,ttth,7850101,38,7,11
A00,,,,7.0,,,,6.0,6.0,,ttth,7850101,38,7,12
A00,,,,8.25,,,,7.25,7.8,,ttth,7850101,38,7,13
A00,,,,6.75,,,,5.75,7.0,,ttth,7850101,38,7,14
A01,,,6.2,7.0,,,,4.4,,,ttth,7850101,38,7,15
A00,,,,6.75,,,,8.5,6.6,,ttth,7850101,38,7,16
B00,,,,6.75,,,,,6.75,7.0,ttth,7850101,38,7,17
D07,,,4.8,7.0,,,,,5.5,,ttth,7850101,38,7,18
A00,,,,4.75,,,,7.75,7.2,,ttth,7850101,38,7,19
A00,,,,7.0,,,,7.25,6.0,,ttth,7850101,38,7,20
A00,,,,6.0,,,,7.25,7.0,,ttth,7850101,38,7,21
A00,,,,7.4,,,,6.25,7.25,,ttth,7850101,38,7,22
A00,,,,6.8,,,,6.25,6.0,,ttth,7850101,38,7,23
A00,,,,5.75,,,,5.5,7.0,,ttth,7850101,38,7,24
A00,,,,7.0,,,,5.75,4.0,,ttth,7850101,38,7,25
A00,,,,6.8,,,,5.25,7.0,,ttth,7850101,38,7,26
B00,,,,5.75,,,,,6.5,6.6,ttth,7850101,38,7,27
A00,,,,6.8,,,,5.0,4.75,,ttth,7850101,38,7,28
A00,,,,6.6,,,,5.5,5.75,,ttth,7850101,38,7,29
B00,,,,6.4,,,,,6.5,5.0,ttth,7850101,38,7,30
A01,,,4.0,6.6,,,,5.5,,,ttth,7850101,38,7,31
A00,,,,5.8,,,,3.75,7.25,,ttth,7850101,38,7,32
A01,,,6.8,7.75,,,,5.8,,,ttth,7850101,38,7,33
A01,,,6.8,5.25,,,,4.8,,,ttth,7850101,38,7,34
A00,,,,6.0,,,,6.75,6.75,,ttth,7850101,38,7,35
D07,,,7.4,7.4,,,,,8.25,,ttth,7850101,38,7,36
B00,,,,6.75,,,,,5.5,6.8,ttth,7850101,38,7,37
D07,,,7.2,6.4,,,,,7.25,,ttth,7850101,38,7,38
B00,,,,7.75,,,,,7.25,8.4,ttth,7850101,38,7,39
A01,,,8.6,8.8,,,,7.75,,,ttth,7850101,38,7,40
A00,,,,5.8,,,,5.75,6.25,,ttth,7850101,38,7,41
A01,,,4.8,7.6,,,,6.25,,,ttth,7850101,38,7,42
B00,,,,6.75,,,,,6.5,6.6,ttth,7850101,38,7,43
A00,,,,5.4,,,,5.5,7.75,,ttth,7850101,38,7,44
A00,,,,6.75,,,,7.0,6.4,,ttth,7850101,38,7,45
A00,,,,7.6,,,,6.25,5.5,,ttth,7850101,38,7,46
A00,,,,7.5,,,,6.75,7.2,,ttth,7850101,38,7,47
A00,,,,5.75,,,,5.0,6.2,,ttth,7850101,38,7,48
A00,,,,7.0,,,,5.75,6.5,,ttth,7850101,38,7,49
B00,,,,6.8,,,,,7.75,6.25,ttth,7850101,38,7,50
B00,,,,5.75,,,,,6.0,6.2,ttth,7850101,38,7,51
B00,,,,5.25,,,,,6.75,6.2,ttth,7850101,38,7,52
A00,,,,6.25,,,,5.0,6.4,,ttth,7850101,38,7,53
B00,,,,6.75,,,,,6.5,6.0,ttth,7850101,38,7,54
A00,,,,6.6,,,,6.0,6.0,,ttth,7850101,38,7,55
A00,,,,6.8,,,,6.5,6.0,,ttth,7850101,38,7,56
A00,,,,6.25,,,,5.25,6.8,,ttth,7850101,38,7,57
A01,,,6.8,6.25,,,,6.6,,,ttth,7850101,38,7,58
B00,,,,6.75,,,,,6.0,6.2,ttth,7850101,38,7,59
A00,,,,6.5,,,,6.75,7.0,,ttth,7850101,38,7,60
D07,,,6.6,7.2,,,,,6.75,,ttth,7850101,38,7,61
A00,,,,5.75,,,,6.75,5.6,,ttth,7850101,38,7,62
A00,,,,5.25,,,,7.25,6.6,,ttth,7850101,38,7,63
A00,,,,7.8,,,,6.75,6.75,,ttth,7850101,38,7,64
B00,,,,7.6,,,,,7.0,6.75,ttth,7850101,38,7,65
A00,,,,6.6,,,,5.5,5.5,,ttth,7850101,38,7,66
A00,,,,5.25,,,,5.25,7.8,,ttth,7850101,38,7,67
B00,,,,5.75,,,,,5.25,6.4,ttth,7850101,38,7,68
B00,,,,6.75,,,,,6.0,7.4,ttth,7850101,38,7,69
A00,,,,5.8,,,,4.5,6.5,,ttth,7850101,38,7,70
A00,,,,6.6,,,,6.5,6.5,,ttth,7850101,38,7,71
B00,,,,7.6,,,,,5.0,6.5,ttth,7850101,38,7,72
A00,,,,7.6,,,,4.75,6.0,,ttth,7850101,38,7,73
A01,,,7.4,5.2,,,,5.5,,,ttth,7850101,38,7,74
A00,,,,6.8,,,,5.0,5.25,,ttth,7850101,38,7,75
A01,,,8.4,6.4,,,,6.75,,,ttth,7850101,38,7,76
A00,,,,6.8,,,,6.25,6.25,,ttth,7850101,38,7,77
A00,,,,5.0,,,,6.75,6.8,,ttth,7850101,38,7,78
A00,,,,5.6,,,,5.5,6.25,,ttth,7850101,38,7,79
A00,,,,5.75,,,,6.75,7.0,,ttth,7850101,38,7,80
A01,,,7.8,6.25,,,,6.4,,,ttth,7850101,38,7,81
D07,,,6.8,7.8,,,,,8.25,,ttth,7850101,38,7,82
A00,,,,7.8,,,,6.75,7.75,,ttth,7850101,38,7,83
A00,,,,5.0,,,,4.5,6.4,,ttth,7850101,38,7,84
B00,,,,7.5,,,,,6.0,6.8,ttth,7850101,38,7,85
A00,,,,6.75,,,,7.5,7.4,,ttth,7850101,38,7,86
A01,,,8.6,7.0,,,,5.4,,,ttth,7850101,38,7,87
A00,,,,5.25,,,,6.75,7.0,,ttth,7850101,38,7,88
A00,,,,7.6,,,,5.5,5.75,,ttth,7850101,38,7,89
A00,,,,6.0,,,,6.5,7.2,,ttth,7850101,38,7,90
A00,,,,7.0,,,,6.75,7.4,,ttth,7850101,38,7,91
A00,,,,6.6,,,,6.5,5.0,,ttth,7850101,38,7,92
A00,,,,6.25,,,,6.5,6.6,,ttth,7850101,38,7,93
A00,,,,5.5,,,,6.0,7.6,,ttth,7850101,38,7,94
A00,,,,7.0,,,,7.0,7.2,,ttth,7850101,38,7,95
A00,,,,5.75,,,,5.75,6.2,,ttth,7850101,38,7,96
A00,,,,6.0,,,,6.25,5.5,,ttth,7850101,38,7,97
D07,,,5.0,6.8,,,,,6.75,,ttth,7850101,38,7,98
A00,,,,6.25,,,,7.75,7.6,,ttth,7850101,38,7,99
A00,,,,6.6,,,,6.5,5.75,,ttth,7850101,38,7,100
B00,,,,5.5,,,,,5.25,6.6,ttth,7850101,38,7,101
D07,,,7.2,7.4,,,,,7.5,,ttth,7850101,38,7,102
A00,,,,5.0,,,,4.5,6.2,,ttth,7850101,38,7,103
B00,,,,7.2,,,,,5.25,4.25,ttth,7850101,38,7,104
D07,,,6.0,6.75,,,,,8.0,,ttth,7850101,38,7,105
A00,,,,7.6,,,,7.5,7.75,,ttth,7850101,38,7,106
A01,,,7.8,6.0,,,,5.2,,,ttth,7850101,38,7,107
A00,,,,8.2,,,,6.75,7.25,,ttth,7850101,38,7,108
A00,,,,8.0,,,,7.5,7.75,,ttth,7850101,38,7,109
A01,,,6.6,6.0,,,,9.0,,,ttth,7850101,38,7,110
B00,,,,6.8,,,,,7.75,6.25,ttth,7850101,38,7,111
A00,,,,6.25,,,,5.75,7.2,,ttth,7850101,38,7,112
A00,,,,8.0,,,,6.25,6.5,,ttth,7850101,38,7,113
B00,,,,7.25,,,,,6.25,7.4,ttth,7850101,38,7,114
B00,,,,6.0,,,,,6.25,6.0,ttth,7850101,38,7,115
A00,,,,6.2,,,,5.0,7.25,,ttth,7850101,38,7,116
A00,,,,8.2,,,,5.75,8.0,,ttth,7850101,38,7,117
A01,,,7.2,5.0,,,,4.6,,,ttth,7850101,38,7,118
A00,,,,6.0,,,,5.25,6.2,,ttth,7850101,38,7,119
