thoi_gian,nganh_hoc,gioi_tinh,to_hop_thi,likert_nang_dong,likert_huong_noi,likert_sang_tao,likert_logic,likert_to_mo,likert_thi_nghiem,likert_moi_truong,likert_dinh_duong,likert_tranh_luan,likert_thiet_ke,diem_Van,diem_Dia,diem_Anh,diem_Toan,diem_Gdktpl,diem_Tin,diem_Su,diem_Ly,diem_Hoa,diem_Sinh,muc_tieu_ma,muc_tieu_nhan,ghi_chu_thieu_du_lieu,ier_longstring,ier_irv,ier_mahalanobis,ier_so_vi_pham,likert_dolech,ma_nganh,ma_khoi
7/18/2026 12:09,Công nghệ thông tin,Nam,"A01 (Toán, Lý, Anh)",2,4,5,3,5,3,3,4,3,3,,,7.8,7.8,,,,7.3,,,1,Đi làm,,2,0.9219544457292888,10.396682529654845,0,0.97182531580755,7480201,0
7/18/2026 13:07,Công nghệ thông tin,Nam,"A01 (Toán, Lý, Anh)",2,4,3,5,4,2,2,2,3,2,,,8.6,7.5,,,,8.5,,,1,Đi làm,,3,1.044030650891055,5.931368381434496,0,1.1005049346146119,7480201,0
7/18/2026 13:21,Quản trị dịch vụ du lịch và lữ hành,Nam,"D01 (Toán, Văn, Anh)",3,2,1,2,1,3,3,1,2,2,8.25,,6.5,8.0,,,,,,,1,Đi làm,,2,0.7745966692414834,18.034517231959434,0,0.816496580927726,7810103,4
7/18/2026 13:34,Tài chính ngân hàng,Nam,"A01 (Toán, Lý, Anh)",3,5,3,3,5,3,3,3,3,3,,,8.2,8.0,,,,6.8,,,4,Chưa xác định,,5,0.8000000000000002,7.588800239192601,0,0.8432740427115679,7340201,2
7/18/2026 14:17,Thương mại điện tử,Nữ,"A01 (Toán, Lý, Anh)",4,2,4,4,4,2,4,4,4,4,,,6.5,7.0,,,,8.5,,,1,Đi làm,,4,0.8000000000000002,6.042614692578056,0,0.8432740427115679,7340122,1
7/18/2026 14:25,Công nghệ thông tin,Nữ,"A00 (Toán, Lý, Hóa)",4,3,3,3,3,2,2,3,3,3,,,,7.6,,,,6.8,7.2,,1,Đi làm,,4,0.5385164807134505,2.557370592649699,0,0.5676462121975467,7480201,0
7/18/2026 14:36,Quản trị kinh doanh,Nữ,"D01 (Toán, Văn, Anh)",3,4,3,3,3,2,2,3,3,3,8.25,,5.6,7.6,,,,,,,1,Đi làm,,3,0.5385164807134505,2.964885089830832,0,0.5676462121975467,7340101,1
7/18/2026 14:41,Quản trị kinh doanh,Nam,"A00 (Toán, Lý, Hóa)",4,2,2,4,4,2,4,4,4,2,,,,8.3,,,,7.5,7.0,,1,Đi làm,,3,0.9797958971132713,12.231979089871897,0,1.0327955589886446,7340101,1
7/18/2026 14:46,Marketing,Nữ,"A00 (Toán, Lý, Hóa)",3,3,3,4,4,1,4,4,2,3,,,,7.0,,,,8.0,8.0,,1,Đi làm,,3,0.9433981132056604,13.73984710657839,0,0.9944289260117533,7340115,1
7/18/2026 15:08,Marketing,Nữ,"A01 (Toán, Lý, Anh)",3,4,4,4,5,3,4,4,4,5,,,7.2,8.8,,,,8.25,,,1,Đi làm,,3,0.6324555320336759,5.5917445319165715,0,0.6666666666666666,7340115,1
7/18/2026 15:22,Tài chính ngân hàng,Nữ,"D01 (Toán, Văn, Anh)",4,4,4,4,4,2,4,4,4,4,8.5,,6.0,7.5,,,,,,,3,Kinh doanh,,5,0.6,4.681197256707298,0,0.6324555320336759,7340201,2
7/18/2026 16:17,Luật kinh tế,Nam,"A00 (Toán, Lý, Hóa)",4,2,4,4,5,3,4,3,5,4,,,,8.0,,,,8.0,7.8,,3,Kinh doanh,,2,0.8717797887081347,7.232033315870552,0,0.9189365834726815,7380107,8
7/18/2026 16:31,Tài chính ngân hàng,Nữ,"A00 (Toán, Lý, Hóa)",4,4,4,3,4,3,4,4,4,4,,,,8.0,,,,8.0,8.0,,1,Đi làm,,4,0.39999999999999997,2.5261024087793835,0,0.4216370213557839,7340201,2
7/18/2026 18:43,Tài chính ngân hàng,Nữ,"D01 (Toán, Văn, Anh)",3,4,4,2,4,2,4,4,3,4,7.0,,7.8,7.6,,,,,,,1,Đi làm,,2,0.8,7.816682916575942,0,0.8432740427115678,7340201,2
7/18/2026 19:38,Kế toán,Nữ,"A01 (Toán, Lý, Anh)",3,4,4,5,5,3,3,4,4,4,,,7.5,8.0,,,,8.2,,,3,Kinh doanh,,3,0.7,5.261177137101212,0,0.7378647873726218,7340301,2
7/18/2026 20:05,Thương mại điện tử,Nam,"A00 (Toán, Lý, Hóa)",4,3,5,4,4,1,1,1,1,1,,,,8.0,,,,8.0,8.0,,1,Đi làm,,5,1.5652475842498528,13.052592896019046,0,1.6499158227686108,7340122,1
7/18/2026 21:12,Công nghệ thông tin,Nam,"A00 (Toán, Lý, Hóa)",3,4,4,5,4,2,1,1,3,2,,,,8.2,,,,7.6,8.0,,1,Đi làm,,2,1.3,7.235915362190855,0,1.3703203194062976,7480201,0
7/18/2026 21:12,Công nghệ thông tin,Nam,"A00 (Toán, Lý, Hóa)",3,4,4,5,4,2,1,1,3,2,,,,8.2,,,,7.6,8.0,,1,Đi làm,,2,1.3,7.235915362190855,0,1.3703203194062976,7480201,0
7/18/2026 21:14,Quản lý tài nguyên và môi trường,Nam,"B00 (Toán, Hóa, Sinh)",3,3,3,3,3,2,5,3,2,1,,,,9.0,,,,,6.25,8.0,1,Đi làm,,5,0.9797958971132712,17.394693075670606,0,1.0327955589886444,7850101,7
7/18/2026 22:48,Tài chính ngân hàng,Nữ,"A00 (Toán, Lý, Hóa)",3,3,3,3,3,3,4,3,4,4,,,,7.8,,,,7.5,8.2,,1,Đi làm,,6,0.45825756949558405,3.710300199262047,0,0.48304589153964794,7340201,2
7/18/2026 23:12,Tài chính ngân hàng,Nữ,"A01 (Toán, Lý, Anh)",3,3,3,3,3,3,3,4,3,3,,,8.0,8.0,,,,8.0,,,1,Đi làm,,7,0.3,1.230749075990996,0,0.31622776601683794,7340201,2
7/19/2026 6:48,Thương mại điện tử,Nam,"A01 (Toán, Lý, Anh)",1,3,1,1,1,1,1,1,1,2,,,8.0,9.0,,,,9.0,,,1,Đi làm,,7,0.6403124237432848,13.753001514282925,0,0.6749485577105528,7340122,1
7/19/2026 17:19,Thương mại điện tử,Nữ,"D01 (Toán, Văn, Anh)",4,4,4,4,3,4,4,4,4,4,8.0,,8.0,8.0,,,,,,,3,Kinh doanh,,5,0.3,3.000995482160772,0,0.31622776601683794,7340122,1
7/19/2026 18:06,Đảm bảo chất lượng và an toàn thực phẩm,Nữ,"B00 (Toán, Hóa, Sinh)",2,3,2,3,4,4,2,4,3,1,,,,6.0,,,,,8.0,8.25,3,Kinh doanh,,2,0.9797958971132712,9.479536029360002,0,1.0327955589886444,7540106,7
7/19/2026 18:06,Công nghệ kỹ thuật điều khiển và TĐH,Nam,"C01 (Văn, Toán, Lý)",2,4,3,5,3,2,1,2,1,2,8.25,,,5.5,,,,9.5,,,1,Đi làm,,1,1.2041594578792296,10.684328590063199,0,1.2692955176439846,7510303,5
7/19/2026 18:07,Trí tuệ nhân tạo,Nam,"D01 (Toán, Văn, Anh)",2,5,4,5,4,2,1,1,2,2,7.25,,5.5,8.25,,,,,,,2,Nghiên cứu,,2,1.469693845669907,10.11162762096905,0,1.5491933384829668,7480107,0
7/19/2026 18:07,Ngôn ngữ Anh,Nam,"D09 (Toán, Sử, Anh)",5,3,3,2,4,2,1,2,3,4,,,8.0,7.75,,,9.5,,,,3,Kinh doanh,,2,1.1357816691600546,16.4107249558649,0,1.1972189997378648,7220201,8
7/19/2026 18:08,Công nghệ chế biến thủy sản,Nam,"A00 (Toán, Lý, Hóa)",2,3,2,4,3,3,3,5,3,2,,,,9.5,,,,5.5,7.25,,1,Đi làm,,3,0.8944271909999159,8.71483785853834,0,0.9428090415820634,7540105,7
7/19/2026 18:08,Công nghệ thực phẩm,Nam,"B08 (Toán Sinh, Anh)",3,3,3,4,4,4,2,5,3,2,,,9.5,5.75,,,,,,7.0,3,Kinh doanh,,3,0.9,8.106188763161846,0,0.9486832980505138,7540101,7
7/19/2026 18:08,Công nghệ chế tạo máy,Nữ,"A01 (Toán, Lý, Anh)",3,5,3,5,4,2,2,2,2,1,,,7.0,8.0,,,,9.5,,,1,Đi làm,,4,1.3,10.29107523967782,0,1.3703203194062978,7510202,5
7/19/2026 18:09,Ngôn ngữ Trung Quốc,Nữ,"D14 (Văn, Anh, Sử)",4,3,5,2,5,1,2,2,3,4,6.5,,7.25,,,,9.25,,,,3,Kinh doanh,,2,1.3,16.587315839393966,0,1.3703203194062976,7220204,8
7/19/2026 18:09,Kinh doanh quốc tế,Nam,"D01 (Toán, Văn, Anh)",4,3,4,5,3,1,2,1,3,3,7.25,,9.0,8.5,,,,,,,2,Nghiên cứu,,2,1.2206555615733703,8.45307784921668,0,1.286683937707919,7340120,1
7/19/2026 18:10,Công nghệ kỹ thuật điều khiển và TĐH,Nữ,"A01 (Toán, Lý, Anh)",3,4,5,5,3,2,2,1,3,1,,,8.0,8.25,,,,5.5,,,1,Đi làm,,2,1.374772708486752,11.90327632528637,0,1.449137674618944,7510303,5
7/20/2026 12:29,Kỹ thuật nhiệt,Nam,"B00 (Toán, Hóa, Sinh)",4,1,4,3,3,4,4,4,3,4,,,,5.5,,,,,6.0,6.0,2,Nghiên cứu,,3,0.9165151389911681,6.606218378529721,0,0.9660917830792959,7520115,6
7/20/2026 12:31,Công nghệ kỹ thuật hóa học,Nam,"B00 (Toán, Hóa, Sinh)",5,1,5,5,5,5,5,5,5,3,,,,7.6,,,,,7.6,6.5,3,Kinh doanh,,7,1.2806248474865698,13.449917963209884,0,1.3498971154211057,7510401,6
7/20/2026 12:58,Công nghệ thông tin,Nam,"A00 (Toán, Lý, Hóa)",4,3,4,5,5,4,4,5,4,4,,,,8.0,,,,7.25,8.0,,3,Kinh doanh,,2,0.6,4.1509979054029476,0,0.6324555320336759,7480201,0
7/20/2026 14:07,Công nghệ kỹ thuật điện - điện tử,Nam,"A00 (Toán, Lý, Hóa)",3,3,3,3,3,3,3,4,3,3,,,,7.75,,,,8.0,6.5,,2,Nghiên cứu,,7,0.3,1.230749075990996,0,0.31622776601683794,7510301,5
7/20/2026 14:10,Công nghệ kỹ thuật cơ điện tử,Nam,"A00 (Toán, Lý, Hóa)",3,3,3,3,3,3,3,3,5,5,,,,7.0,,,,7.0,7.0,,1,Đi làm,,8,0.8,9.210725927864518,0,0.8432740427115678,7510203,5
7/20/2026 14:12,Công nghệ kỹ thuật điện - điện tử,Nam,"A00 (Toán, Lý, Hóa)",5,1,4,4,2,5,3,5,3,3,,,,7.0,,,,8.0,7.25,,1,Đi làm,,2,1.284523257866513,16.21627306227522,0,1.35400640077266,7510301,5
7/20/2026 14:14,Công nghệ kỹ thuật điện - điện tử,Nam,"A00 (Toán, Lý, Hóa)",5,4,4,3,3,4,4,4,4,4,,,,7.0,,,,7.0,7.0,,4,Chưa xác định,,5,0.5385164807134505,5.937895160040088,0,0.5676462121975467,7510301,5
7/20/2026 14:17,Công nghệ chế tạo máy,Nam,"A00 (Toán, Lý, Hóa)",5,1,5,5,5,3,1,1,5,3,,,,8.0,,,,6.0,7.0,,3,Kinh doanh,,3,1.7435595774162693,20.165029788496312,0,1.837873166945363,7510202,5
7/20/2026 14:22,Quản trị nhà hàng và dịch vụ ăn uống,Nam,"A00 (Toán, Lý, Hóa)",4,1,3,2,2,1,1,5,2,3,,,,6.25,,,,5.75,8.0,,1,Đi làm,,2,1.2806248474865698,15.48288939808358,0,1.3498971154211057,7810202,4
7/20/2026 14:22,Kế toán,Nam,"D07 (Toán, Hóa, Anh)",5,2,5,4,2,2,1,1,4,2,,,8.25,8.25,,,,,5.25,,1,Đi làm,,2,1.469693845669907,15.052555040045824,0,1.5491933384829668,7340301,2
7/20/2026 14:22,Khoa học dinh dưỡng và ẩm thực,Nữ,"B08 (Toán Sinh, Anh)",2,3,3,4,3,4,3,4,3,1,,,6.25,8.5,,,,,,7.75,1,Đi làm,,2,0.8944271909999159,8.413536719065437,0,0.9428090415820634,7819009,4
7/20/2026 14:23,Ngôn ngữ Anh,Nữ,"D15 (Văn, Địa, Anh)",5,2,3,2,4,1,2,2,3,2,6.0,7.5,6.75,,,,,,,,3,Kinh doanh,,2,1.1135528725660042,11.467396892401533,0,1.1737877907772674,7220201,8
7/20/2026 14:24,Quản trị khách sạn,Nam,"A00 (Toán, Lý, Hóa)",4,2,2,2,2,2,1,4,2,3,,,,5.0,,,,7.25,5.5,,1,Đi làm,,5,0.9165151389911681,10.98782025062359,0,0.9660917830792959,7810201,4
7/20/2026 14:24,Trí tuệ nhân tạo,Nữ,"A01 (Toán, Lý, Anh)",1,4,3,5,3,2,2,2,1,1,,,8.75,6.0,,,,5.0,,,3,Kinh doanh,,3,1.2806248474865698,11.064895947126855,0,1.3498971154211057,7480107,0
7/20/2026 14:25,An toàn thông tin,Nữ,"X26 (Toán, Tin, Anh)",3,5,5,4,3,2,2,2,1,2,,,6.0,6.0,,8.75,,,,,1,Đi làm,,3,1.3,12.601272326257522,0,1.3703203194062976,7480202,0
7/20/2026 14:25,Kỹ thuật nhiệt,Nữ,"D07 (Toán, Hóa, Anh)",4,1,4,5,4,2,1,2,3,1,,,7.5,6.25,,,,,7.25,,1,Đi làm,,1,1.4177446878757827,9.27019947714809,0,1.4944341180973262,7520115,6
7/20/2026 14:26,Ngôn ngữ Trung Quốc,Nam,"D14 (Văn, Anh, Sử)",4,3,5,2,5,1,2,2,2,3,6.75,,9.25,,,,8.5,,,,1,Đi làm,,3,1.3,16.87862346938218,0,1.3703203194062976,7220204,8
7/20/2026 14:26,Công nghệ kỹ thuật điện - điện tử,Nữ,"A00 (Toán, Lý, Hóa)",1,4,4,4,3,1,2,2,1,1,,,,9.0,,,,5.5,8.25,,1,Đi làm,,3,1.2688577540449522,11.642018236827068,0,1.3374935098492586,7510301,5
7/20/2026 14:34,Công nghệ kỹ thuật điện - điện tử,Nam,"D01 (Toán, Văn, Anh)",3,4,4,4,4,4,4,2,1,1,6.0,,4.0,8.0,,,,,,,1,Đi làm,,6,1.2206555615733703,15.953031293745655,0,1.286683937707919,7510301,5
7/20/2026 14:37,Công nghệ thực phẩm,Nữ,"B00 (Toán, Hóa, Sinh)",1,4,2,2,3,3,3,3,2,3,,,,8.0,,,,,7.0,7.5,1,Đi làm,,4,0.8000000000000002,7.0344401716668505,0,0.8432740427115678,7540101,7
7/20/2026 14:42,Luật kinh tế,Nữ,"C00 (Văn, Sử, Địa)",3,2,1,1,2,1,4,4,2,3,8.0,8.5,,,,,9.0,,,,1,Đi làm,,2,1.1,18.26308469818017,0,1.1595018087284057,7380107,8
7/20/2026 14:42,Luật kinh tế,Nữ,"C00 (Văn, Sử, Địa)",2,3,2,3,3,4,4,4,3,3,7.75,9.0,,,,,8.75,,,,1,Đi làm,,3,0.7,4.541687002144147,0,0.7378647873726218,7380107,8
7/20/2026 14:51,Công nghệ thông tin,Nam,"A00 (Toán, Lý, Hóa)",5,1,5,5,5,5,5,3,5,5,,,,7.4,,,,7.0,7.0,,1,Đi làm,,5,1.2806248474865698,15.223370134691061,0,1.3498971154211057,7480201,0
7/20/2026 14:52,Công nghệ thông tin,Nam,"A00 (Toán, Lý, Hóa)",2,2,3,3,4,2,2,2,2,3,,,,6.8,,,,6.3,6.3,,4,Chưa xác định,,4,0.6708203932499369,6.09900327040407,0,0.7071067811865476,7480201,0
7/20/2026 14:56,Công nghệ thông tin,Nam,"D01 (Toán, Văn, Anh)",2,5,3,3,3,3,3,3,2,3,7.0,,7.8,7.2,,,,,,,1,Đi làm,,6,0.7745966692414834,5.465784407011916,0,0.816496580927726,7480201,0
7/20/2026 14:56,Công nghệ thông tin,Nam,"D01 (Toán, Văn, Anh)",3,4,3,4,3,3,3,3,3,3,6.5,,8.7,6.0,,,,,,,1,Đi làm,,6,0.39999999999999997,2.27693486471145,0,0.4216370213557839,7480201,0
7/20/2026 14:58,Công nghệ thông tin,Nữ,"A00 (Toán, Lý, Hóa)",3,3,5,5,5,5,3,5,4,4,,,,7.0,,,,7.0,7.0,,2,Nghiên cứu,,4,0.8717797887081347,10.47108934449242,0,0.9189365834726815,7480201,0
7/20/2026 15:01,Công nghệ thông tin,Nam,"D01 (Toán, Văn, Anh)",3,2,3,4,4,3,4,3,4,3,7.0,,8.0,6.0,,,,,,,1,Đi làm,,2,0.6403124237432849,4.580417579313828,0,0.6749485577105528,7480201,0
7/20/2026 15:01,Công nghệ thông tin,Nữ,"D01 (Toán, Văn, Anh)",4,3,3,4,5,4,4,4,4,4,7.0,,8.0,8.0,,,,,,,1,Đi làm,,5,0.5385164807134505,4.126295704436323,0,0.5676462121975467,7480201,0
7/20/2026 15:24,An toàn thông tin,Nữ,"A00 (Toán, Lý, Hóa)",4,3,3,3,3,2,4,5,3,4,,,,9.0,,,,8.0,7.0,,1,Đi làm,,4,0.8,7.654899940435316,0,0.8432740427115679,7480202,0
7/20/2026 17:04,Công nghệ kỹ thuật điều khiển và TĐH,Nam,"A00 (Toán, Lý, Hóa)",3,5,5,5,2,3,5,2,4,2,,,,8.2,,,,7.25,6.75,,1,Đi làm,,3,1.2806248474865698,25.448382269473107,0,1.3498971154211057,7510303,5
7/20/2026 17:07,Công nghệ thông tin,Nam,"A00 (Toán, Lý, Hóa)",2,4,3,3,4,4,3,4,2,4,,,,7.0,,,,7.0,6.0,,1,Đi làm,,2,0.7810249675906654,7.083559895440453,0,0.8232726023485646,7480201,0
7/20/2026 17:10,Công nghệ kỹ thuật hóa học,Nam,"A00 (Toán, Lý, Hóa)",4,4,3,4,5,4,4,4,3,4,,,,8.2,,,,6.5,9.3,,2,Nghiên cứu,,3,0.5385164807134505,6.251798200727606,0,0.5676462121975466,7510401,6
7/20/2026 17:10,Công nghệ kỹ thuật hóa học,Nam,"A00 (Toán, Lý, Hóa)",5,2,5,5,5,5,5,5,5,5,,,,8.0,,,,7.0,8.5,,2,Nghiên cứu,,8,0.9,7.329011581921118,0,0.9486832980505138,7510401,6
7/20/2026 17:14,Logistics và quản lý chuỗi cung ứng,Nữ,"D01 (Toán, Văn, Anh)",3,5,4,2,3,2,4,5,3,2,8.0,,8.0,9.0,,,,,,,1,Đi làm,,1,1.1,17.595555552110078,0,1.1595018087284057,7510605,3
7/20/2026 17:18,Quản trị kinh doanh,Nam,"A01 (Toán, Lý, Anh)",5,3,5,3,3,4,4,5,3,5,,,7.4,7.6,,,,7.0,,,2,Nghiên cứu,,2,0.8944271909999159,8.567717153583548,0,0.9428090415820634,7340101,1
7/20/2026 17:21,Thương mại điện tử,Nữ,"A00 (Toán, Lý, Hóa)",5,1,4,3,5,3,3,5,3,5,,,,7.5,,,,8.5,8.0,,3,Kinh doanh,,2,1.2688577540449522,14.208936918367275,0,1.3374935098492586,7340122,1
7/20/2026 17:23,Công nghệ kỹ thuật điện - điện tử,Nam,"A01 (Toán, Lý, Anh)",5,3,3,4,5,5,5,3,5,4,,,6.5,7.8,,,,7.4,,,1,Đi làm,,3,0.8717797887081347,11.820697887828185,0,0.9189365834726815,7510301,5
7/20/2026 17:25,Công nghệ kỹ thuật điều khiển và TĐH,Nam,"A00 (Toán, Lý, Hóa)",1,5,5,4,3,5,3,1,4,4,,,,7.5,,,,9.5,9.0,,1,Đi làm,,2,1.4317821063276353,26.012066583832848,0,1.509230856356236,7510303,5
7/20/2026 19:14,Công nghệ thực phẩm,Nữ,"A00 (Toán, Lý, Hóa)",3,3,3,3,5,4,3,5,4,4,,,,8.3,,,,9.2,8.2,,1,Đi làm,,4,0.7810249675906654,7.243877841885181,0,0.8232726023485646,7540101,7
7/20/2026 19:15,Công nghệ thông tin,Nam,"A01 (Toán, Lý, Anh)",2,5,3,4,3,3,3,3,3,3,,,8.0,8.0,,,,8.0,,,1,Đi làm,,6,0.7483314773547882,4.621919268842957,0,0.7888106377466155,7480201,0
7/21/2026 15:25,Ngôn ngữ Anh,Nam,"D01 (Toán, Văn, Anh)",5,3,5,5,5,4,5,5,4,4,9.0,,8.2,8.0,,,,,,,1,Đi làm,,3,0.6708203932499369,5.932225388180244,0,0.7071067811865476,7220201,8
7/21/2026 15:28,An toàn thông tin,Nam,"A01 (Toán, Lý, Anh)",5,5,4,4,3,4,5,5,5,4,,,8.0,7.5,,,,7.0,,,3,Kinh doanh,,3,0.6633249580710799,10.488863251846137,0,0.6992058987801011,7480202,0
7/21/2026 15:29,Ngôn ngữ Anh,Nam,"D01 (Toán, Văn, Anh)",4,4,5,2,3,2,4,4,3,4,8.0,,9.0,7.0,,,,,,,2,Nghiên cứu,,2,0.9219544457292888,10.673241870866054,0,0.97182531580755,7220201,8
7/21/2026 15:30,Ngôn ngữ Anh,Nam,"A01 (Toán, Lý, Anh)",4,3,3,3,4,3,4,3,4,3,,,10.0,9.0,,,,9.0,,,1,Đi làm,,3,0.48989794855663565,4.000071321032934,0,0.5163977794943223,7220201,8
7/21/2026 15:37,Ngôn ngữ Anh,Nam,"D15 (Văn, Địa, Anh)",5,3,5,3,5,4,5,5,4,5,8.75,9.25,6.0,,,,,,,,4,Chưa xác định,,2,0.7999999999999999,6.9387752274879535,0,0.8432740427115678,7220201,8
7/21/2026 15:39,Ngôn ngữ Anh,Nữ,"D09 (Toán, Sử, Anh)",5,3,4,4,5,3,5,4,4,4,,,6.25,6.75,,,8.0,,,,1,Đi làm,,3,0.7,7.108293442923653,0,0.7378647873726218,7220201,8
7/21/2026 16:01,Ngôn ngữ Anh,Nam,"D01 (Toán, Văn, Anh)",5,1,4,4,3,3,5,4,1,5,9.25,,7.0,8.9,,,,,,,3,Kinh doanh,,2,1.4317821063276353,26.9279174585189,0,1.509230856356236,7220201,8
7/21/2026 18:51,Công nghệ kỹ thuật hóa học,Nam,"D07 (Toán, Hóa, Anh)",3,2,2,4,4,5,3,2,3,2,,,6.0,7.25,,,,,6.75,,1,Đi làm,,2,1.0,11.303119227141197,0,1.0540925533894598,7510401,6
7/21/2026 18:52,Khoa học dữ liệu,Nam,"A01 (Toán, Lý, Anh)",3,4,3,4,4,1,1,2,3,2,,,6.75,6.25,,,,6.25,,,1,Đi làm,,2,1.1,6.786892215660292,0,1.1595018087284057,7460108,0
7/21/2026 18:52,Tài chính ngân hàng,Nữ,"A00 (Toán, Lý, Hóa)",5,1,5,4,3,2,2,2,2,2,,,,6.25,,,,8.75,7.5,,1,Đi làm,,5,1.32664991614216,10.191893480722994,0,1.3984117975602022,7340201,2
7/21/2026 18:53,Quản lý tài nguyên và môi trường,Nữ,"A00 (Toán, Lý, Hóa)",2,3,3,3,4,3,4,2,2,1,,,,5.0,,,,7.75,8.5,,1,Đi làm,,3,0.9,9.54685677155377,0,0.9486832980505138,7850101,7
7/21/2026 18:53,Công nghệ kỹ thuật hóa học,Nữ,"A00 (Toán, Lý, Hóa)",3,2,2,3,4,4,2,2,3,2,,,,7.25,,,,5.5,9.0,,1,Đi làm,,2,0.7810249675906654,8.33861253989855,0,0.8232726023485646,7510401,6
7/21/2026 18:54,Khoa học chế biến món ăn,Nam,"C00 (Văn, Sử, Địa)",3,3,2,4,5,5,3,5,2,1,7.25,6.5,,,,,5.5,,,,1,Đi làm,,2,1.3453624047073711,15.324111822554002,0,1.4181364924121764,7819010,4
7/21/2026 18:54,Công nghệ kỹ thuật điều khiển và TĐH,Nam,"A01 (Toán, Lý, Anh)",3,1,3,4,3,2,2,2,3,1,,,6.75,8.0,,,,7.0,,,3,Kinh doanh,,3,0.9165151389911681,5.940992506264456,0,0.9660917830792959,7510303,5
7/21/2026 18:55,Quản trị khách sạn,Nam,"D01 (Toán, Văn, Anh)",5,1,2,3,3,2,1,5,2,2,6.5,,9.25,8.25,,,,,,,1,Đi làm,,2,1.3564659966250536,16.81082567430935,0,1.429840705968481,7810201,4
7/21/2026 18:55,Quản trị dịch vụ du lịch và lữ hành,Nữ,"C00 (Văn, Sử, Địa)",4,2,3,2,2,2,2,5,2,3,8.75,5.75,,,,,5.75,,,,1,Đi làm,,4,1.004987562112089,10.434581732749017,0,1.0593499054713802,7810103,4
7/21/2026 18:56,Trí tuệ nhân tạo,Nữ,"X26 (Toán, Tin, Anh)",2,4,4,5,5,1,2,1,3,1,,,6.75,6.5,,5.5,,,,,1,Đi làm,,2,1.5362291495737217,12.345315882367137,0,1.6193277068654823,7480107,0
7/22/2026 18:16,Thương mại điện tử,Nữ,"D01 (Toán, Văn, Anh)",4,2,4,3,2,2,2,2,4,3,7.75,,8.5,6.5,,,,,,,1,Đi làm,,4,0.8717797887081347,6.7751984045838975,0,0.9189365834726815,7340122,1
7/22/2026 18:16,Quản lý Công nghiệp,Nữ,"D07 (Toán, Hóa, Anh)",4,2,3,5,3,1,2,2,4,2,,,5.25,5.0,,,,,7.5,,1,Đi làm,,2,1.1661903789690602,9.837445686536832,0,1.2292725943057183,7510601,3
7/22/2026 18:17,Kế toán,Nữ,"D07 (Toán, Hóa, Anh)",5,1,4,3,3,2,2,1,2,3,,,9.0,5.5,,,,,5.25,,3,Kinh doanh,,2,1.2,10.37128507233767,0,1.2649110640673518,7340301,2
7/22/2026 18:18,Công nghệ sinh học,Nam,"D07 (Toán, Hóa, Anh)",2,2,2,5,5,5,2,3,2,2,,,7.5,5.0,,,,,6.25,,3,Kinh doanh,,3,1.3416407864998738,17.39570451278707,0,1.4142135623730951,7420201,7
7/22/2026 18:18,Luật,Nữ,"X01 (Toán, Văn, GDKT&PL)",4,3,2,5,5,1,1,1,5,1,9.0,,,5.25,8.75,,,,,,1,Đi làm,,3,1.7204650534085253,25.003206526848142,0,1.8135294011647258,7380101,8
7/22/2026 18:18,Quản lý Công nghiệp,Nữ,"D01 (Toán, Văn, Anh)",5,2,5,3,3,1,2,1,4,2,8.25,,8.25,6.75,,,,,,,1,Đi làm,,2,1.4000000000000001,13.178065788287897,0,1.4757295747452437,7510601,3
7/22/2026 18:19,Khoa học chế biến món ăn,Nữ,"A00 (Toán, Lý, Hóa)",3,3,2,5,3,5,2,4,3,1,,,,6.75,,,,5.5,8.0,,1,Đi làm,,2,1.2206555615733703,16.31792085551858,0,1.286683937707919,7819010,4
7/22/2026 18:20,Quản trị dịch vụ du lịch và lữ hành,Nam,"A00 (Toán, Lý, Hóa)",4,1,3,2,3,1,2,5,2,2,,,,7.5,,,,5.0,9.5,,1,Đi làm,,2,1.2041594578792296,13.670595215992256,0,1.2692955176439846,7810103,4
7/22/2026 18:20,Ngôn ngữ Anh,Nam,"D14 (Văn, Anh, Sử)",5,3,4,2,5,2,1,2,2,3,5.75,,7.25,,,,5.25,,,,3,Kinh doanh,,2,1.3,19.116431391001182,0,1.3703203194062976,7220201,8
7/22/2026 18:21,Công nghệ kỹ thuật cơ điện tử,Nữ,"A01 (Toán, Lý, Anh)",3,4,4,5,5,1,2,2,3,1,,,7.75,5.25,,,,6.25,,,1,Đi làm,,2,1.4142135623730951,10.664685236496,0,1.4907119849998598,7510203,5
7/23/2026 1:57,Công nghệ thông tin,Nam,"A00 (Toán, Lý, Hóa)",3,3,1,1,2,1,2,2,2,1,,,,8.0,,,,6.25,8.0,,1,Đi làm,,3,0.7483314773547882,14.020020611823535,0,0.7888106377466155,7480201,0
7/23/2026 15:56,Marketing,Nữ,"D01 (Toán, Văn, Anh)",5,3,4,3,4,3,4,5,4,5,8.0,,7.8,7.6,,,,,,,1,Đi làm,,1,0.7745966692414834,5.180945098307083,0,0.816496580927726,7340115,1
7/23/2026 15:58,Marketing,Nữ,"A00 (Toán, Lý, Hóa)",5,1,4,3,5,3,5,5,3,3,,,,8.3,,,,8.5,8.0,,4,Chưa xác định,,2,1.2688577540449522,14.684263596294281,0,1.3374935098492586,7340115,1
7/23/2026 16:01,Logistics và quản lý chuỗi cung ứng,Nữ,"D07 (Toán, Hóa, Anh)",3,2,4,3,3,4,3,3,4,3,,,7.75,8.0,,,,,8.25,,1,Đi làm,,2,0.6,6.095972948255648,0,0.6324555320336759,7510605,3
7/23/2026 16:03,Công nghệ thông tin,Nam,"A01 (Toán, Lý, Anh)",3,4,4,3,5,4,5,5,5,4,,,8.0,8.4,,,,8.0,,,1,Đi làm,,3,0.7483314773547882,6.542560926355101,0,0.7888106377466155,7480201,0
7/25/2026 20:09,Công nghệ tài chính,Nữ,"D07 (Toán, Hóa, Anh)",5,2,5,5,3,2,2,1,2,2,,,5.25,6.25,,,,,6.25,,1,Đi làm,,2,1.445683229480096,11.983879060800996,0,1.5238839267549946,7340205,2
7/25/2026 20:10,Khoa học dinh dưỡng và ẩm thực,Nam,"D07 (Toán, Hóa, Anh)",2,2,2,5,3,5,3,5,2,2,,,9.25,9.5,,,,,5.0,,1,Đi làm,,3,1.3,17.11194627944724,0,1.3703203194062978,7819009,4
7/25/2026 20:11,Du lịch,Nam,"D01 (Toán, Văn, Anh)",5,1,3,2,3,2,2,3,3,3,9.0,,7.25,9.5,,,,,,,1,Đi làm,,3,1.004987562112089,6.84339359562182,0,1.0593499054713802,7810101,4
7/25/2026 20:11,Công nghệ kỹ thuật điều khiển và TĐH,Nữ,"D07 (Toán, Hóa, Anh)",1,4,3,5,3,2,2,2,1,1,,,6.5,9.5,,,,,8.0,,3,Kinh doanh,,3,1.2806248474865698,11.064895947126855,0,1.3498971154211057,7510303,5
7/25/2026 20:11,Công nghệ tài chính,Nam,"A00 (Toán, Lý, Hóa)",4,2,3,5,2,1,1,2,4,2,,,,5.25,,,,7.75,7.25,,1,Đi làm,,2,1.2806248474865698,12.654928189170626,0,1.349897115421106,7340205,2
7/25/2026 20:11,Công nghệ kỹ thuật điện - điện tử,Nam,"A00 (Toán, Lý, Hóa)",1,4,3,5,5,2,2,2,2,2,,,,8.75,,,,5.75,8.25,,1,Đi làm,,5,1.32664991614216,11.322440040158165,0,1.3984117975602022,7510301,5
7/25/2026 20:12,Khoa học dữ liệu,Nữ,"D07 (Toán, Hóa, Anh)",4,2,4,4,3,1,1,1,3,2,,,5.0,7.75,,,,,7.0,,1,Đi làm,,3,1.2041594578792296,5.584913193751612,0,1.2692955176439846,7460108,0
7/25/2026 20:13,Công nghệ kỹ thuật cơ điện tử,Nam,"A00 (Toán, Lý, Hóa)",3,1,4,5,4,1,2,1,1,2,,,,7.25,,,,6.75,7.25,,1,Đi làm,,2,1.42828568570857,15.880391362365586,0,1.5055453054181622,7510203,5
7/25/2026 20:13,Công nghệ tài chính,Nam,"A00 (Toán, Lý, Hóa)",5,2,4,3,3,2,1,2,4,2,,,,9.5,,,,8.5,6.75,,1,Đi làm,,2,1.1661903789690602,9.063943995212927,0,1.2292725943057183,7340205,2
7/25/2026 20:14,Quản trị kinh doanh thực phẩm,Nam,"A01 (Toán, Lý, Anh)",3,2,2,5,4,3,2,4,3,2,,,9.5,5.25,,,,8.5,,,3,Kinh doanh,,2,1.0,9.76360564202303,0,1.0540925533894598,7340129,7
8/10/2026 9:14,Công nghệ thông tin,Nam,"D01 (Toán, Văn, Anh)",3,3,4,3,4,2,4,4,4,3,7.75,,7.4,7.0,,,,,,,1,Đi làm,,3,0.66332495807108,5.993738531827961,0,0.6992058987801011,7480201,0
8/10/2026 11:38,Khoa học chế biến món ăn,Nữ,"D07 (Toán, Hóa, Anh)",3,3,3,5,5,3,1,5,5,4,,,9.2,8.0,,,,,9.7,,3,Kinh doanh,,3,1.268857754044952,23.122118445026636,0,1.3374935098492586,7819010,4
8/10/2026 11:40,Đảm bảo chất lượng và an toàn thực phẩm,Nữ,"A00 (Toán, Lý, Hóa)",3,3,3,3,4,4,4,4,4,4,,,,8.0,,,,8.0,6.0,,1,Đi làm,,6,0.48989794855663565,2.280376065450266,0,0.5163977794943223,7540106,7
8/10/2026 11:42,Công nghệ kỹ thuật điều khiển và TĐH,Nam,"A01 (Toán, Lý, Anh)",3,3,3,4,4,5,2,5,3,1,,,6.0,7.5,,,,7.0,,,4,Chưa xác định,,3,1.1874342087037917,14.505126405832824,0,1.2516655570345725,7510303,5
8/10/2026 11:44,Công nghệ thực phẩm,Nữ,"B00 (Toán, Hóa, Sinh)",2,4,3,4,3,5,4,5,3,4,,,,7.4,,,,,8.5,8.0,2,Nghiên cứu,,1,0.9,7.8433961945507775,0,0.9486832980505138,7540101,7
8/10/2026 11:51,Công nghệ thông tin,Nữ,"A00 (Toán, Lý, Hóa)",2,5,3,3,3,3,3,3,3,3,,,,8.0,,,,8.0,8.0,,1,Đi làm,,8,0.7,4.480891448880658,0,0.7378647873726218,7480201,0
8/10/2026 11:51,Kỹ thuật nhiệt,Nam,"A00 (Toán, Lý, Hóa)",2,5,4,5,4,4,4,5,5,5,,,,6.0,,,,6.0,6.0,,1,Đi làm,,3,0.9,10.621792328351198,0,0.9486832980505138,7520115,6
8/10/2026 11:53,Kế toán,Nữ,"D01 (Toán, Văn, Anh)",3,3,4,3,4,2,4,4,4,4,8.0,,8.3,7.5,,,,,,,3,Kinh doanh,,4,0.6708203932499369,5.384428345205843,0,0.7071067811865476,7340301,2
8/10/2026 11:53,Tài chính ngân hàng,Nữ,"A01 (Toán, Lý, Anh)",3,4,3,3,3,2,2,1,3,4,,,6.25,6.5,,,,8.3,,,1,Đi làm,,3,0.8717797887081347,9.095441626815093,0,0.9189365834726815,7340201,2
8/10/2026 11:54,Kỹ thuật nhiệt,Nam,"A00 (Toán, Lý, Hóa)",3,4,5,3,4,5,3,3,1,4,,,,6.0,,,,5.0,6.0,,3,Kinh doanh,,2,1.118033988749895,18.913241718873323,0,1.1785113019775793,7520115,6
8/10/2026 11:54,Tài chính ngân hàng,Nữ,"A00 (Toán, Lý, Hóa)",3,2,4,5,3,3,3,5,4,4,,,,6.35,,,,7.25,7.75,,1,Đi làm,,3,0.9165151389911681,11.338948949970122,0,0.966091783079296,7340201,2
8/10/2026 11:59,Công nghệ tài chính,Nam,"D01 (Toán, Văn, Anh)",1,1,3,5,4,4,4,2,2,3,6.0,,7.5,8.5,,,,,,,1,Đi làm,,3,1.3,21.55761526547842,0,1.3703203194062978,7340205,2
8/10/2026 12:00,Công nghệ thông tin,Nam,"A00 (Toán, Lý, Hóa)",2,4,3,3,2,1,2,3,2,3,,,,8.0,,,,8.0,6.0,,3,Kinh doanh,,2,0.806225774829855,7.065022256285928,0,0.8498365855987975,7480201,0
8/10/2026 12:04,Kỹ thuật nhiệt,Nam,"A00 (Toán, Lý, Hóa)",1,1,3,4,5,3,3,3,2,3,,,,7.0,,,,5.0,8.0,,1,Đi làm,,3,1.1661903789690602,16.97900596797307,0,1.2292725943057183,7520115,6
8/11/2026 11:10,Công nghệ thông tin,Nam,"A01 (Toán, Lý, Anh)",4,4,4,4,3,4,5,5,4,5,,,7.8,8.0,,,,8.0,,,1,Đi làm,,4,0.6,5.464396860124951,0,0.6324555320336759,7480201,0
8/11/2026 12:28,Công nghệ thông tin,Nam,"D01 (Toán, Văn, Anh)",3,3,2,3,3,3,3,3,3,3,6.0,,6.0,8.0,,,,,,,1,Đi làm,,7,0.3,3.1697111384248298,0,0.31622776601683794,7480201,0
8/11/2026 12:31,Công nghệ tài chính,Nữ,"A00 (Toán, Lý, Hóa)",3,3,4,4,1,3,1,1,3,3,,,,7.0,,,,7.0,8.0,,1,Đi làm,,2,1.1135528725660044,17.05749685971989,0,1.1737877907772674,7340205,2
8/11/2026 12:32,Công nghệ tài chính,Nữ,"A00 (Toán, Lý, Hóa)",3,3,5,3,3,3,5,4,3,3,,,,8.0,,,,7.0,7.0,,3,Kinh doanh,,3,0.806225774829855,11.504756165146542,0,0.8498365855987975,7340205,2
8/11/2026 12:34,Kế toán,Nữ,"D09 (Toán, Sử, Anh)",4,2,5,3,3,3,4,5,4,3,,,4.0,6.5,,,8.0,,,,3,Kinh doanh,,3,0.9165151389911681,10.500506706754964,0,0.9660917830792959,7340301,2
8/11/2026 12:34,Kế toán,Nữ,"A00 (Toán, Lý, Hóa)",4,2,3,3,4,3,3,2,4,2,,,,9.0,,,,9.0,6.0,,1,Đi làm,,2,0.7745966692414834,6.218161164402529,0,0.816496580927726,7340301,2
8/11/2026 12:35,Công nghệ sinh học,Nam,"B00 (Toán, Hóa, Sinh)",2,5,2,4,4,4,3,4,3,1,,,,6.0,,,,,6.0,7.0,1,Đi làm,,3,1.1661903789690602,11.12583546972515,0,1.2292725943057183,7420201,7
8/11/2026 12:36,Công nghệ thực phẩm,Nữ,"A00 (Toán, Lý, Hóa)",3,3,4,3,4,3,2,3,3,4,,,,8.8,,,,7.0,8.0,,1,Đi làm,,2,0.6,4.815861964316115,0,0.6324555320336759,7540101,7
8/11/2026 12:37,Công nghệ sinh học,Nam,"D07 (Toán, Hóa, Anh)",3,4,2,3,3,4,3,4,3,2,,,8.6,7.6,,,,,7.0,,3,Kinh doanh,,2,0.7000000000000001,6.8493704483377575,0,0.7378647873726218,7420201,7
8/11/2026 12:39,Quản trị kinh doanh thực phẩm,Nữ,"C00 (Văn, Sử, Địa)",3,4,4,4,4,4,4,4,4,4,8.0,7.0,,,,,7.0,,,,1,Đi làm,,9,0.3,1.261384295976569,0,0.31622776601683794,7340129,7
8/11/2026 12:39,Ngôn ngữ Anh,Nam,"D01 (Toán, Văn, Anh)",3,4,3,3,4,3,3,4,4,3,7.5,,9.0,7.8,,,,,,,1,Đi làm,,2,0.48989794855663565,3.181955674059704,0,0.5163977794943223,7220201,8
8/11/2026 12:39,Công nghệ sinh học,Nữ,"B00 (Toán, Hóa, Sinh)",3,3,4,3,4,4,5,5,4,4,,,,7.0,,,,,8.0,8.0,1,Đi làm,,2,0.7,4.1819629549576725,0,0.7378647873726218,7420201,7
8/11/2026 12:40,Công nghệ sinh học,Nam,"B00 (Toán, Hóa, Sinh)",2,5,4,4,4,4,4,5,4,3,,,,8.0,,,,,8.0,8.5,1,Đi làm,,5,0.8306623862918073,6.682547727170046,0,0.8755950357709131,7420201,7
8/11/2026 12:41,Công nghệ vật liệu,Nam,"C01 (Văn, Toán, Lý)",4,4,4,2,4,2,4,4,2,4,8.0,,,5.5,,,,7.75,,,1,Đi làm,,3,0.9165151389911681,11.591219598253934,0,0.9660917830792958,7510402,6
8/11/2026 12:41,Công nghệ kỹ thuật điện - điện tử,Nam,"A00 (Toán, Lý, Hóa)",3,3,3,3,3,3,3,4,3,4,,,,8.0,,,,7.75,7.0,,4,Chưa xác định,,7,0.39999999999999997,2.338774787637134,0,0.4216370213557839,7510301,5
8/11/2026 12:42,Công nghệ sinh học,Nữ,"B00 (Toán, Hóa, Sinh)",2,3,3,3,3,3,3,3,3,3,,,,7.0,,,,,7.0,7.0,1,Đi làm,,9,0.3,1.8917831128624008,0,0.31622776601683794,7420201,7
8/11/2026 12:43,Công nghệ kỹ thuật điện - điện tử,Nam,"A01 (Toán, Lý, Anh)",3,5,4,5,5,4,3,3,3,2,,,7.0,6.8,,,,7.3,,,1,Đi làm,,3,1.004987562112089,6.3654841875709955,0,1.0593499054713802,7510301,5
8/11/2026 12:44,Công nghệ sinh học,Nam,"B00 (Toán, Hóa, Sinh)",4,2,3,3,4,5,4,3,1,2,,,,8.0,,,,,6.75,9.0,2,Nghiên cứu,,2,1.1357816691600549,16.078054166478992,0,1.1972189997378648,7420201,7
8/11/2026 12:44,Công nghệ sinh học,Nam,"B00 (Toán, Hóa, Sinh)",1,5,4,4,4,5,5,4,4,5,,,,8.0,,,,,8.0,8.5,4,Chưa xác định,,3,1.1357816691600546,11.027436141728755,0,1.1972189997378646,7420201,7
8/11/2026 12:44,Công nghệ thực phẩm,Nữ,"D07 (Toán, Hóa, Anh)",2,5,3,4,3,2,3,4,3,3,,,7.2,4.5,,,,,4.2,,1,Đi làm,,2,0.8717797887081347,7.178878818797422,0,0.9189365834726815,7540101,7
8/11/2026 12:45,Công nghệ sinh học,Nữ,"B00 (Toán, Hóa, Sinh)",4,4,4,5,4,5,5,5,5,4,,,,7.0,,,,,8.0,7.5,3,Kinh doanh,,4,0.5,5.080794535642093,0,0.5270462766947299,7420201,7
8/11/2026 12:45,Công nghệ sinh học,Nữ,"B00 (Toán, Hóa, Sinh)",3,5,3,3,3,3,3,3,5,3,,,,7.0,,,,,7.0,7.5,4,Chưa xác định,,6,0.8000000000000002,9.964225316897748,0,0.8432740427115678,7420201,7
8/11/2026 12:45,Công nghệ sinh học,Nam,"B00 (Toán, Hóa, Sinh)",2,4,3,2,2,3,3,3,3,3,,,,7.75,,,,,6.0,5.75,1,Đi làm,,5,0.6,6.562716227523401,0,0.6324555320336759,7420201,7
8/11/2026 12:46,An toàn thông tin,Nam,"A01 (Toán, Lý, Anh)",2,1,5,5,5,1,1,1,5,1,,,9.0,8.0,,,,8.0,,,1,Đi làm,,3,1.9000000000000001,31.889789873393276,1,2.0027758514399734,7480202,0
8/11/2026 12:47,Kế toán,Nữ,"A00 (Toán, Lý, Hóa)",5,1,5,3,4,2,5,5,2,2,,,,5.6,,,,8.5,6.8,,1,Đi làm,,2,1.4966629547095767,26.368788679442265,0,1.577621275493231,7340301,2
8/11/2026 12:48,Kế toán,Nữ,"C01 (Văn, Toán, Lý)",3,4,5,4,5,4,5,5,5,4,9.0,,,7.75,,,,7.0,,,1,Đi làm,,3,0.6633249580710799,6.850401480298765,0,0.6992058987801011,7340301,2
8/11/2026 12:55,Công nghệ thực phẩm,Nữ,"A00 (Toán, Lý, Hóa)",3,3,3,3,4,4,4,4,4,4,,,,7.0,,,,8.0,8.0,,1,Đi làm,,6,0.48989794855663565,2.280376065450266,0,0.5163977794943223,7540101,7
8/11/2026 12:56,Công nghệ thực phẩm,Nữ,"B00 (Toán, Hóa, Sinh)",3,3,3,3,3,3,3,5,5,5,,,,7.0,,,,,7.0,6.0,4,Chưa xác định,,7,0.9165151389911681,9.89075479142124,0,0.9660917830792959,7540101,7
8/11/2026 12:56,Quản trị dịch vụ du lịch và lữ hành,Nữ,"C03 (Văn, Toán, Sử)",4,3,4,3,4,3,4,4,4,4,8.5,,,7.3,,,7.8,,,,1,Đi làm,,4,0.45825756949558405,1.9451049455076155,0,0.48304589153964794,7810103,4
8/11/2026 12:57,Kế toán,Nữ,"A00 (Toán, Lý, Hóa)",3,4,3,3,3,3,3,3,3,3,,,,5.1,,,,7.0,6.25,,1,Đi làm,,8,0.3,1.9875575373100136,0,0.31622776601683794,7340301,2
8/11/2026 12:58,Kế toán,Nữ,"C01 (Văn, Toán, Lý)",2,4,2,3,3,3,2,3,3,4,9.0,,,8.6,,,,7.5,,,1,Đi làm,,3,0.7000000000000001,8.604490956785767,0,0.7378647873726218,7340301,2
8/11/2026 12:59,Kế toán,Nữ,"A00 (Toán, Lý, Hóa)",4,2,5,3,4,1,1,3,4,1,,,,5.5,,,,7.8,6.8,,1,Đi làm,,2,1.4,17.43105500870364,0,1.4757295747452437,7340301,2
8/11/2026 12:59,Ngôn ngữ Trung Quốc,Nữ,"D01 (Toán, Văn, Anh)",3,3,3,3,2,2,2,2,2,2,8.5,,6.4,7.2,,,,,,,4,Chưa xác định,,6,0.48989794855663565,3.586727243117773,0,0.5163977794943223,7220204,8
8/11/2026 12:59,Quản trị dịch vụ du lịch và lữ hành,Nam,"A00 (Toán, Lý, Hóa)",5,1,4,4,3,3,3,3,3,3,,,,8.0,,,,9.0,9.0,,1,Đi làm,,6,0.9797958971132715,5.540666888708866,0,1.0327955589886446,7810103,4
8/11/2026 12:59,Kế toán,Nữ,"A00 (Toán, Lý, Hóa)",5,3,4,3,5,4,3,1,5,3,,,,6.0,,,,5.5,7.0,,1,Đi làm,,1,1.2,18.66134591456513,0,1.2649110640673518,7340301,2
8/11/2026 12:59,Kế toán,Nữ,"D01 (Toán, Văn, Anh)",3,5,3,3,4,2,3,5,5,2,7.0,,6.5,6.5,,,,,,,1,Đi làm,,2,1.118033988749895,17.206428325756413,0,1.1785113019775793,7340301,2
8/11/2026 12:59,Công nghệ thông tin,Nữ,"A00 (Toán, Lý, Hóa)",2,5,5,5,5,5,4,4,5,4,,,,8.0,,,,8.0,7.5,,1,Đi làm,,5,0.9165151389911679,10.014049941331159,0,0.9660917830792959,7480201,0
8/11/2026 13:01,Công nghệ thực phẩm,Nam,"B00 (Toán, Hóa, Sinh)",3,5,4,3,3,3,3,5,3,4,,,,7.0,,,,,6.0,7.0,1,Đi làm,,4,0.8,7.580721599220901,0,0.8432740427115678,7540101,7
8/11/2026 13:03,Ngôn ngữ Trung Quốc,Nữ,"D01 (Toán, Văn, Anh)",5,3,5,5,4,4,4,5,5,5,7.5,,3.25,5.25,,,,,,,1,Đi làm,,3,0.6708203932499369,5.511307178372263,0,0.7071067811865476,7220204,8
8/11/2026 13:05,Quản trị kinh doanh thực phẩm,Nữ,"D01 (Toán, Văn, Anh)",3,5,5,3,4,4,5,5,4,5,6.0,,8.0,7.0,,,,,,,1,Đi làm,,2,0.7810249675906654,7.069501567273441,0,0.8232726023485646,7340129,7
8/11/2026 13:05,Quản trị kinh doanh thực phẩm,Nữ,"D07 (Toán, Hóa, Anh)",5,4,3,3,4,4,4,3,3,3,,,9.0,7.75,,,,,8.5,,4,Chưa xác định,,3,0.66332495807108,10.239114951236083,0,0.6992058987801011,7340129,7
8/11/2026 13:06,Luật kinh tế,Nữ,"D15 (Văn, Địa, Anh)",3,4,3,4,4,3,3,3,3,3,9.0,9.75,5.6,,,,,,,,1,Đi làm,,5,0.45825756949558405,1.804377881463223,0,0.48304589153964794,7380107,8
8/11/2026 13:06,Luật kinh tế,Nữ,"D01 (Toán, Văn, Anh)",2,4,3,3,3,3,3,3,3,3,8.5,,7.0,7.0,,,,,,,1,Đi làm,,8,0.4472135954999579,2.3297716307875587,0,0.4714045207910317,7380107,8
8/11/2026 13:07,Kế toán,Nữ,"A01 (Toán, Lý, Anh)",3,3,3,4,4,3,2,4,3,3,,,6.0,7.0,,,,8.5,,,1,Đi làm,,3,0.6,3.589811944441033,0,0.6324555320336759,7340301,2
8/11/2026 13:08,Ngôn ngữ Trung Quốc,Nữ,"C00 (Văn, Sử, Địa)",4,5,3,3,4,4,4,5,4,4,8.5,9.5,,,,,8.5,,,,1,Đi làm,,3,0.6324555320336759,6.646151399853563,0,0.6666666666666666,7220204,8
8/11/2026 13:08,Công nghệ thực phẩm,Nữ,"A00 (Toán, Lý, Hóa)",4,3,3,4,4,3,4,4,3,4,,,,7.0,,,,7.5,7.75,,1,Đi làm,,2,0.48989794855663565,4.467418982578601,0,0.5163977794943223,7540101,7
8/11/2026 13:15,Ngôn ngữ Anh,Nam,"D14 (Văn, Anh, Sử)",5,5,5,5,4,4,4,4,4,3,8.0,,7.5,,,,8.5,,,,1,Đi làm,,5,0.6403124237432849,7.700724198647224,0,0.6749485577105528,7220201,8
8/11/2026 13:16,Công nghệ kỹ thuật hóa học,Nữ,"A00 (Toán, Lý, Hóa)",3,3,5,3,4,3,3,4,2,5,,,,5.75,,,,6.25,7.0,,1,Đi làm,,2,0.9219544457292888,11.248648786988813,0,0.97182531580755,7510401,6
8/11/2026 13:16,Quản trị dịch vụ du lịch và lữ hành,Nữ,"C00 (Văn, Sử, Địa)",3,3,4,3,3,3,4,4,4,4,8.25,8.0,,,,,8.0,,,,1,Đi làm,,4,0.5,3.301294638230099,0,0.5270462766947299,7810103,4
8/11/2026 13:18,Công nghệ vật liệu,Nữ,"B00 (Toán, Hóa, Sinh)",3,4,4,3,3,4,5,4,3,3,,,,5.5,,,,,8.25,7.5,4,Chưa xác định,,2,0.66332495807108,6.917388593126075,0,0.6992058987801011,7510402,6
8/11/2026 13:18,Khoa học dữ liệu,Nữ,"A00 (Toán, Lý, Hóa)",3,4,2,4,4,3,4,4,3,5,,,,6.0,,,,7.5,6.5,,1,Đi làm,,2,0.8,12.829057375802323,0,0.8432740427115678,7460108,0
8/11/2026 13:18,Ngôn ngữ Trung Quốc,Nữ,"A01 (Toán, Lý, Anh)",2,5,3,3,3,2,3,2,3,3,,,6.8,8.2,,,,8.5,,,1,Đi làm,,3,0.8306623862918073,6.0751711651252425,0,0.8755950357709131,7220204,8
8/11/2026 13:18,Khoa học dữ liệu,Nữ,"A00 (Toán, Lý, Hóa)",3,5,3,2,3,5,5,5,2,5,,,,9.2,,,,8.5,8.2,,4,Chưa xác định,,3,1.2489995996796797,15.509986372190523,0,1.3165611772087666,7460108,0
8/11/2026 13:19,Kế toán,Nữ,"A01 (Toán, Lý, Anh)",1,4,3,4,3,2,3,4,2,4,,,6.3,7.3,,,,7.0,,,1,Đi làm,,1,1.0,11.984147324133682,0,1.0540925533894598,7340301,2
8/11/2026 13:19,Ngôn ngữ Trung Quốc,Nữ,"D15 (Văn, Địa, Anh)",5,5,5,5,4,1,3,5,3,3,8.75,9.75,5.5,,,,,,,,1,Đi làm,,4,1.3,18.839883171187143,0,1.3703203194062976,7220204,8
8/11/2026 13:19,Kế toán,Nữ,"A01 (Toán, Lý, Anh)",4,2,4,4,4,1,1,4,5,2,,,7.75,8.2,,,,8.0,,,1,Đi làm,,3,1.374772708486752,16.53701131996757,0,1.4491376746189437,7340301,2
8/11/2026 13:19,Kế toán,Nữ,"A00 (Toán, Lý, Hóa)",3,5,3,4,5,4,4,5,5,4,,,,8.0,,,,7.6,9.0,,1,Đi làm,,2,0.7483314773547882,7.3986051378318916,0,0.7888106377466155,7340301,2
8/11/2026 13:30,Công nghệ thông tin,Nam,"A01 (Toán, Lý, Anh)",3,3,3,3,2,3,2,1,2,2,,,4.0,5.46,,,,8.2,,,2,Nghiên cứu,,4,0.66332495807108,7.8447530105811465,0,0.6992058987801011,7480201,0
8/11/2026 13:30,Công nghệ kỹ thuật hóa học,Nam,"D07 (Toán, Hóa, Anh)",3,4,5,5,3,5,3,4,3,3,,,5.5,6.6,,,,,7.4,,2,Nghiên cứu,,2,0.8717797887081347,11.693104497118203,0,0.9189365834726815,7510401,6
8/11/2026 13:32,Kỹ thuật nhiệt,Nam,"A00 (Toán, Lý, Hóa)",5,5,5,5,5,4,5,4,3,5,,,,5.0,,,,7.0,8.0,,4,Chưa xác định,,5,0.66332495807108,10.581992049019199,0,0.6992058987801011,7520115,6
8/11/2026 13:32,Marketing,Nữ,"D01 (Toán, Văn, Anh)",4,3,4,3,3,3,4,3,4,4,7.5,,5.5,7.8,,,,,,,1,Đi làm,,3,0.5,3.3466759414794214,0,0.5270462766947299,7340115,1
8/11/2026 13:35,Kinh doanh thời trang và dệt may,Nữ,"D01 (Toán, Văn, Anh)",4,2,3,3,4,3,4,3,3,4,8.5,,7.0,7.0,,,,,,,3,Kinh doanh,,2,0.6403124237432849,5.429932789190166,0,0.6749485577105528,7340123,3
8/11/2026 13:35,Kinh doanh thời trang và dệt may,Nữ,"A00 (Toán, Lý, Hóa)",4,4,4,4,4,3,4,5,4,5,,,,8.0,,,,8.0,8.0,,3,Kinh doanh,,5,0.5385164807134504,4.354486800856503,0,0.5676462121975466,7340123,3
8/11/2026 13:36,Kinh doanh thời trang và dệt may,Nữ,"D01 (Toán, Văn, Anh)",5,1,5,5,5,5,5,4,5,5,7.0,,4.5,6.74,,,,,,,3,Kinh doanh,,5,1.2041594578792296,12.25372631249183,0,1.2692955176439846,7340123,3
8/11/2026 13:36,Kinh doanh thời trang và dệt may,Nữ,"C00 (Văn, Sử, Địa)",2,4,4,2,3,3,4,3,3,3,8.75,8.0,,,,,7.75,,,,2,Nghiên cứu,,3,0.7,7.715418550193485,0,0.7378647873726218,7340123,3
8/11/2026 13:40,Kỹ thuật nhiệt,Nam,"C01 (Văn, Toán, Lý)",4,3,5,4,5,5,5,5,5,4,7.0,,,5.25,,,,7.75,,,1,Đi làm,,5,0.6708203932499369,5.624681516674949,0,0.7071067811865476,7520115,6
8/11/2026 13:40,Công nghệ thông tin,Nam,"A00 (Toán, Lý, Hóa)",3,2,4,4,3,4,4,4,3,5,,,,9.0,,,,9.5,8.0,,1,Đi làm,,3,0.8000000000000002,8.444515041687858,0,0.8432740427115678,7480201,0
8/11/2026 13:41,Công nghệ thông tin,Nam,"A01 (Toán, Lý, Anh)",1,5,4,3,3,2,4,5,2,5,,,8.0,4.0,,,,7.0,,,4,Chưa xác định,,2,1.3564659966250536,18.560892437264048,0,1.429840705968481,7480201,0
8/11/2026 13:45,Kế toán,Nữ,"A00 (Toán, Lý, Hóa)",3,3,4,2,2,3,3,5,2,5,,,,6.0,,,,8.0,6.0,,1,Đi làm,,2,1.0770329614269007,13.299045742273707,0,1.1352924243950933,7340301,2
8/11/2026 13:45,Kế toán,Nữ,"D01 (Toán, Văn, Anh)",2,4,4,3,3,1,1,4,2,4,7.5,,7.8,8.0,,,,,,,1,Đi làm,,2,1.1661903789690602,14.912506244892107,0,1.2292725943057183,7340301,2
8/11/2026 13:46,Kỹ thuật nhiệt,Nam,"B00 (Toán, Hóa, Sinh)",2,5,4,3,2,2,3,2,3,2,,,,7.0,,,,,7.75,6.25,1,Đi làm,,2,0.9797958971132713,11.200684364756423,0,1.0327955589886446,7520115,6
8/11/2026 13:49,Kế toán,Nữ,"A00 (Toán, Lý, Hóa)",3,4,4,4,3,3,4,4,3,5,,,,7.0,,,,8.3,8.0,,4,Chưa xác định,,3,0.6403124237432849,5.963105725066992,0,0.6749485577105528,7340301,2
8/11/2026 13:49,Công nghệ thực phẩm,Nữ,"D07 (Toán, Hóa, Anh)",1,3,1,1,1,1,4,4,5,2,,,5.75,5.6,,,,,7.25,,1,Đi làm,,4,1.4866068747318506,33.644878877609194,1,1.567021236472421,7540101,7
8/11/2026 13:50,Công nghệ thực phẩm,Nữ,"B00 (Toán, Hóa, Sinh)",3,4,4,3,4,3,3,4,3,2,,,,6.0,,,,,5.0,5.0,1,Đi làm,,2,0.6403124237432849,4.863198333679311,0,0.6749485577105528,7540101,7
8/11/2026 13:50,Công nghệ thực phẩm,Nữ,"A00 (Toán, Lý, Hóa)",4,4,5,5,3,5,4,5,5,4,,,,5.5,,,,7.0,6.25,,1,Đi làm,,2,0.6633249580710799,10.22830145564863,0,0.6992058987801011,7540101,7
8/11/2026 13:50,Công nghệ thực phẩm,Nữ,"A00 (Toán, Lý, Hóa)",5,3,5,5,5,4,4,4,5,5,,,,7.0,,,,7.5,6.5,,1,Đi làm,,3,0.6708203932499369,4.984048847910871,0,0.7071067811865476,7540101,7
8/11/2026 13:50,Công nghệ thực phẩm,Nữ,"A00 (Toán, Lý, Hóa)",4,3,2,3,3,3,4,3,2,3,,,,6.0,,,,7.0,6.25,,1,Đi làm,,3,0.6324555320336759,9.71774270693156,0,0.6666666666666666,7540101,7
8/11/2026 13:51,Công nghệ thực phẩm,Nữ,"D07 (Toán, Hóa, Anh)",5,3,3,3,2,3,3,4,3,4,,,5.25,6.0,,,,,6.75,,2,Nghiên cứu,,3,0.7810249675906654,8.123491359549753,0,0.8232726023485646,7540101,7
8/11/2026 13:51,Công nghệ thực phẩm,Nữ,"B00 (Toán, Hóa, Sinh)",3,4,4,3,2,2,2,5,2,5,,,,6.0,,,,,6.0,6.0,4,Chưa xác định,,3,1.16619037896906,16.715371468791098,0,1.2292725943057181,7540101,7
8/11/2026 13:57,Kinh doanh quốc tế,Nữ,"A00 (Toán, Lý, Hóa)",3,4,3,4,3,3,4,3,3,3,,,,8.0,,,,7.0,8.0,,4,Chưa xác định,,3,0.45825756949558405,3.9584143551523954,0,0.48304589153964794,7340120,1
8/11/2026 13:58,Ngôn ngữ Trung Quốc,Nam,"D01 (Toán, Văn, Anh)",2,4,3,3,4,3,4,3,3,4,8.0,,7.0,7.0,,,,,,,4,Chưa xác định,,2,0.6403124237432849,4.677947549645463,0,0.6749485577105528,7220204,8
8/11/2026 13:58,Công nghệ thực phẩm,Nữ,"A00 (Toán, Lý, Hóa)",2,3,3,3,3,4,3,4,4,4,,,,6.0,,,,7.0,8.0,,1,Đi làm,,4,0.6403124237432849,5.955243041779482,0,0.6749485577105528,7540101,7
8/11/2026 13:59,Công nghệ thực phẩm,Nữ,"B00 (Toán, Hóa, Sinh)",4,2,3,3,4,4,5,4,4,2,,,,6.25,,,,,7.5,7.0,1,Đi làm,,2,0.9219544457292888,9.08994279950757,0,0.97182531580755,7540101,7
8/11/2026 14:00,Công nghệ thực phẩm,Nữ,"A00 (Toán, Lý, Hóa)",4,4,4,3,3,3,3,4,3,3,,,,7.0,,,,7.0,7.0,,1,Đi làm,,4,0.48989794855663565,3.826079741461913,0,0.5163977794943223,7540101,7
8/11/2026 14:00,Công nghệ sinh học,Nữ,"B00 (Toán, Hóa, Sinh)",3,2,3,3,4,4,4,2,4,4,,,,5.5,,,,,6.5,7.5,2,Nghiên cứu,,3,0.7810249675906654,8.849468668200569,0,0.8232726023485646,7420201,7
8/11/2026 14:00,Công nghệ sinh học,Nữ,"C02 (Văn, Toán, Hóa)",3,2,5,1,5,3,4,5,3,3,5.0,,,5.0,,,,,4.0,,1,Đi làm,,2,1.2806248474865698,23.107272216106633,0,1.349897115421106,7420201,7
8/11/2026 14:04,Công nghệ kỹ thuật hóa học,Nữ,"A00 (Toán, Lý, Hóa)",3,4,5,5,5,5,4,5,4,4,,,,7.0,,,,7.5,6.5,,1,Đi làm,,4,0.6633249580710799,6.0151204152728655,0,0.6992058987801011,7510401,6
8/11/2026 14:04,Công nghệ kỹ thuật hóa học,Nữ,"D01 (Toán, Văn, Anh)",3,3,4,3,5,5,3,5,5,3,8.0,,6.0,6.0,,,,,,,1,Đi làm,,2,0.9433981132056604,12.69664765286017,0,0.9944289260117533,7510401,6
8/11/2026 14:06,Công nghệ thực phẩm,Nữ,"D07 (Toán, Hóa, Anh)",3,2,3,3,4,4,3,4,4,3,,,6.0,8.0,,,,,8.0,,3,Kinh doanh,,2,0.6403124237432849,3.7803853371298146,0,0.6749485577105528,7540101,7
8/11/2026 14:06,Công nghệ thực phẩm,Nữ,"D07 (Toán, Hóa, Anh)",3,2,3,3,4,3,5,5,5,5,,,6.5,7.0,,,,,8.0,,1,Đi làm,,4,1.077032961426901,11.000574248795209,0,1.1352924243950935,7540101,7
8/11/2026 14:07,Công nghệ thực phẩm,Nữ,"A00 (Toán, Lý, Hóa)",4,1,2,2,4,3,4,4,3,4,,,,5.0,,,,8.0,6.8,,1,Đi làm,,2,1.044030650891055,10.671567888603956,0,1.1005049346146119,7540101,7
8/11/2026 14:09,Công nghệ kỹ thuật điều khiển và TĐH,Nữ,"A01 (Toán, Lý, Anh)",1,4,4,3,4,2,5,4,4,2,,,7.0,7.0,,,,7.0,,,1,Đi làm,,2,1.1874342087037917,19.64387738256855,0,1.2516655570345725,7510303,5
8/11/2026 14:09,Công nghệ thực phẩm,Nữ,"A00 (Toán, Lý, Hóa)",2,4,4,4,4,5,5,4,3,4,,,,6.0,,,,6.75,6.75,,1,Đi làm,,4,0.8306623862918076,6.189466972689341,0,0.8755950357709131,7540101,7
8/11/2026 14:53,Tài chính ngân hàng,Nữ,"D01 (Toán, Văn, Anh)",3,3,3,4,3,3,3,4,4,4,7.0,,7.0,7.5,,,,,,,1,Đi làm,,3,0.48989794855663565,3.870369462146228,0,0.5163977794943223,7340201,2
8/11/2026 14:53,Công nghệ sinh học,Nữ,"B00 (Toán, Hóa, Sinh)",5,2,4,4,5,5,5,5,5,5,,,,7.8,,,,,7.5,8.5,2,Nghiên cứu,,6,0.9219544457292888,6.315336835668449,0,0.97182531580755,7420201,7
8/11/2026 14:56,Luật kinh tế,Nữ,"A00 (Toán, Lý, Hóa)",2,2,2,3,4,3,3,4,4,2,,,,8.0,,,,8.0,8.0,,1,Đi làm,,3,0.8306623862918076,7.411559759598423,0,0.8755950357709131,7380107,8
8/11/2026 14:56,Luật kinh tế,Nữ,"A00 (Toán, Lý, Hóa)",1,4,1,5,4,4,5,5,5,3,,,,8.0,,,,7.75,8.25,,1,Đi làm,,3,1.4866068747318504,23.612524735450606,0,1.5670212364724212,7380107,8
8/11/2026 14:59,Công nghệ thực phẩm,Nữ,"B00 (Toán, Hóa, Sinh)",5,4,4,4,4,4,4,4,4,4,,,,8.0,,,,,8.75,8.0,1,Đi làm,,9,0.29999999999999993,3.1893831688445213,0,0.31622776601683794,7540101,7
8/11/2026 14:59,Công nghệ thực phẩm,Nữ,"A00 (Toán, Lý, Hóa)",3,3,3,3,3,3,3,4,4,4,,,,8.2,,,,8.25,9.0,,4,Chưa xác định,,7,0.45825756949558405,2.878588821719659,0,0.48304589153964794,7540101,7
8/11/2026 15:00,Tài chính ngân hàng,Nữ,"D01 (Toán, Văn, Anh)",5,5,5,4,4,5,5,5,4,5,8.0,,5.5,7.5,,,,,,,1,Đi làm,,3,0.45825756949558405,6.869875609494759,0,0.48304589153964794,7340201,2
8/11/2026 15:08,Công nghệ thông tin,Nữ,"A01 (Toán, Lý, Anh)",3,4,4,4,4,4,4,4,4,4,,,7.0,7.5,,,,6.5,,,1,Đi làm,,9,0.3,1.261384295976569,0,0.31622776601683794,7480201,0
8/11/2026 15:09,Công nghệ kỹ thuật cơ điện tử,Nam,"A00 (Toán, Lý, Hóa)",5,5,5,5,5,5,4,4,4,4,,,,7.0,,,,8.0,9.0,,1,Đi làm,,6,0.4898979485566356,6.636326328596372,0,0.5163977794943222,7510203,5
8/11/2026 15:12,Công nghệ kỹ thuật hóa học,Nam,"A00 (Toán, Lý, Hóa)",4,2,5,4,4,4,4,4,4,4,,,,7.0,,,,8.0,6.5,,1,Đi làm,,7,0.7,4.409261346232384,0,0.7378647873726218,7510401,6
8/11/2026 15:13,Công nghệ thực phẩm,Nữ,"D07 (Toán, Hóa, Anh)",2,2,3,4,2,2,2,2,2,3,,,7.2,4.25,,,,,8.75,,1,Đi làm,,5,0.66332495807108,7.594711781008586,0,0.6992058987801011,7540101,7
8/11/2026 15:19,Công nghệ tài chính,Nam,"D01 (Toán, Văn, Anh)",3,2,3,3,5,5,5,5,5,5,10.0,,10.0,10.0,,,,,,,3,Kinh doanh,,6,1.1357816691600546,10.152119576292783,0,1.1972189997378646,7340205,2
8/11/2026 15:22,Kế toán,Nữ,"C03 (Văn, Toán, Sử)",3,3,5,1,2,2,4,5,5,5,8.0,,,6.0,,,8.0,,,,4,Chưa xác định,,3,1.4317821063276353,24.040685416318716,0,1.509230856356236,7340301,2
8/11/2026 15:22,Công nghệ thực phẩm,Nữ,"D07 (Toán, Hóa, Anh)",2,4,4,4,5,5,3,4,5,4,,,6.5,7.8,,,,,8.75,,2,Nghiên cứu,,3,0.8944271909999159,11.263670092076007,0,0.9428090415820634,7540101,7
8/11/2026 15:22,Công nghệ chế biến thủy sản,Nam,"D07 (Toán, Hóa, Anh)",2,4,4,2,5,4,4,4,4,5,,,5.25,6.25,,,,,5.25,,2,Nghiên cứu,,4,0.9797958971132713,11.688843048994299,0,1.0327955589886446,7540105,7
8/11/2026 15:24,Công nghệ thực phẩm,Nam,"A00 (Toán, Lý, Hóa)",5,5,4,4,4,5,5,5,4,5,,,,6.6,,,,8.25,8.25,,1,Đi làm,,3,0.48989794855663565,7.380533305038465,0,0.5163977794943222,7540101,7
8/11/2026 15:26,Công nghệ kỹ thuật cơ điện tử,Nam,"A01 (Toán, Lý, Anh)",3,3,3,3,3,2,3,3,3,3,,,7.0,5.0,,,,7.0,,,4,Chưa xác định,,5,0.3,1.4721714294952821,0,0.31622776601683794,7510203,5
8/11/2026 15:27,Công nghệ kỹ thuật hóa học,Nam,"A00 (Toán, Lý, Hóa)",5,2,4,4,4,4,4,4,4,4,,,,7.8,,,,6.5,8.8,,1,Đi làm,,8,0.7,3.0048576721081717,0,0.7378647873726218,7510401,6
8/11/2026 15:28,Tài chính ngân hàng,Nữ,"A00 (Toán, Lý, Hóa)",3,2,4,5,3,2,2,3,4,5,,,,6.35,,,,7.25,7.75,,1,Đi làm,,2,1.1,14.73456231740217,0,1.1595018087284057,7340201,2
8/11/2026 15:28,Công nghệ kỹ thuật hóa học,Nam,"A00 (Toán, Lý, Hóa)",3,4,5,3,4,4,4,4,3,3,,,,7.0,,,,7.0,7.0,,3,Kinh doanh,,4,0.6403124237432849,6.678663614865951,0,0.6749485577105528,7510401,6
8/11/2026 15:32,Thương mại điện tử,Nữ,"D01 (Toán, Văn, Anh)",5,4,5,3,4,5,4,5,4,3,8.0,,5.0,6.0,,,,,,,1,Đi làm,,1,0.7483314773547882,11.375627488721983,0,0.7888106377466155,7340122,1
8/11/2026 15:32,Thương mại điện tử,Nữ,"A00 (Toán, Lý, Hóa)",2,4,2,3,2,4,3,2,5,3,,,,8.0,,,,8.0,8.0,,2,Nghiên cứu,,1,1.0,17.529649605260108,0,1.0540925533894598,7340122,1
8/11/2026 15:32,Ngôn ngữ Trung Quốc,Nữ,"A01 (Toán, Lý, Anh)",5,5,5,5,1,2,2,5,3,4,,,8.0,8.0,,,,8.0,,,4,Chưa xác định,,4,1.4866068747318506,28.595083921890073,0,1.5670212364724212,7220204,8
8/11/2026 15:33,Thương mại điện tử,Nữ,"A01 (Toán, Lý, Anh)",1,5,5,5,5,5,5,5,5,5,,,9.0,9.0,,,,9.0,,,1,Đi làm,,9,1.2,15.872922779295472,0,1.2649110640673518,7340122,1
8/11/2026 15:36,Công nghệ tài chính,Nam,"A01 (Toán, Lý, Anh)",3,5,3,3,3,3,4,3,1,3,,,8.0,8.0,,,,7.0,,,1,Đi làm,,4,0.9433981132056604,12.820901795371025,0,0.9944289260117533,7340205,2
8/11/2026 15:41,Công nghệ sinh học,Nữ,"B00 (Toán, Hóa, Sinh)",3,2,4,3,3,4,3,4,4,2,,,,7.0,,,,,7.0,8.0,1,Đi làm,,2,0.7483314773547882,8.7387848341108,0,0.7888106377466155,7420201,7
8/11/2026 15:41,Công nghệ thực phẩm,Nữ,"C00 (Văn, Sử, Địa)",3,3,4,4,3,1,1,5,2,3,7.0,7.75,,,,,8.25,,,,3,Kinh doanh,,2,1.2206555615733703,16.29950776338297,0,1.286683937707919,7540101,7
8/11/2026 15:41,Công nghệ sinh học,Nữ,"B00 (Toán, Hóa, Sinh)",4,3,3,4,4,4,4,5,5,5,,,,6.5,,,,,7.0,6.5,1,Đi làm,,4,0.7,5.953554174175174,0,0.7378647873726218,7420201,7
8/11/2026 15:45,Quản trị kinh doanh,Nữ,"A00 (Toán, Lý, Hóa)",4,1,4,2,3,2,1,4,2,4,,,,8.0,,,,8.0,8.0,,3,Kinh doanh,,1,1.1874342087037917,13.915367379086444,0,1.2516655570345725,7340101,1
8/11/2026 15:47,Marketing,Nữ,"A01 (Toán, Lý, Anh)",2,3,4,2,3,1,3,2,5,5,,,7.0,6.0,,,,8.0,,,4,Chưa xác định,,2,1.2649110640673518,19.69494336909304,0,1.3333333333333333,7340115,1
8/11/2026 15:49,Marketing,Nữ,"A01 (Toán, Lý, Anh)",3,3,4,4,5,4,5,4,4,5,,,7.8,9.0,,,,7.5,,,3,Kinh doanh,,2,0.7,6.103092001370589,0,0.7378647873726218,7340115,1
8/11/2026 15:57,Quản trị nhà hàng và dịch vụ ăn uống,Nữ,"D01 (Toán, Văn, Anh)",5,1,4,3,4,4,3,4,3,5,9.0,,7.0,7.0,,,,,,,1,Đi làm,,2,1.1135528725660042,10.287446314824312,0,1.1737877907772671,7810202,4
8/11/2026 15:57,Công nghệ sinh học,Nữ,"B00 (Toán, Hóa, Sinh)",3,4,3,4,4,4,4,4,4,4,,,,7.8,,,,,7.0,7.5,1,Đi làm,,7,0.39999999999999997,2.3760815588293216,0,0.4216370213557839,7420201,7
8/11/2026 15:57,Quản trị nhà hàng và dịch vụ ăn uống,Nữ,"C00 (Văn, Sử, Địa)",4,5,5,4,3,5,5,5,5,5,8.75,7.25,,,,,7.75,,,,4,Chưa xác định,,5,0.6633249580710799,9.026056975647789,0,0.699205898780101,7810202,4
8/11/2026 15:58,Thương mại điện tử,Nữ,"D01 (Toán, Văn, Anh)",4,3,4,3,4,4,4,4,4,4,8.0,,8.0,6.0,,,,,,,3,Kinh doanh,,6,0.39999999999999997,1.7366175550342122,0,0.4216370213557839,7340122,1
8/11/2026 15:59,Quản trị dịch vụ du lịch và lữ hành,Nữ,"A00 (Toán, Lý, Hóa)",4,4,4,3,2,2,2,3,4,5,,,,7.0,,,,6.0,7.0,,1,Đi làm,,3,1.004987562112089,10.420397652735153,0,1.0593499054713802,7810103,4
8/11/2026 16:10,Công nghệ kỹ thuật cơ điện tử,Nam,"D01 (Toán, Văn, Anh)",2,5,4,3,1,5,5,5,5,5,7.5,,6.0,6.0,,,,,,,1,Đi làm,,5,1.4142135623730951,24.83788733401488,0,1.4907119849998598,7510203,5
8/11/2026 16:10,Công nghệ kỹ thuật điện - điện tử,Nam,"A01 (Toán, Lý, Anh)",3,4,3,4,4,3,5,4,5,4,,,7.0,8.0,,,,7.0,,,3,Kinh doanh,,2,0.7000000000000001,7.604016764828375,0,0.7378647873726218,7510301,5
8/11/2026 16:26,Công nghệ thực phẩm,Nữ,"B00 (Toán, Hóa, Sinh)",2,4,3,3,4,4,4,4,3,3,,,,5.5,,,,,8.25,6.6,1,Đi làm,,4,0.66332495807108,3.031980001762749,0,0.6992058987801011,7540101,7
8/11/2026 17:14,Quản trị khách sạn,Nữ,"A00 (Toán, Lý, Hóa)",4,1,3,2,3,1,1,5,3,2,,,,9.0,,,,8.75,6.5,,1,Đi làm,,2,1.284523257866513,15.390287763971921,0,1.35400640077266,7810201,4
8/11/2026 17:14,Công nghệ vật liệu,Nữ,"D07 (Toán, Hóa, Anh)",2,3,3,3,3,5,3,3,3,1,,,7.25,8.75,,,,,8.5,,1,Đi làm,,4,0.9433981132056604,11.965841643111254,0,0.9944289260117533,7510402,6
8/11/2026 17:14,Kinh doanh quốc tế,Nữ,"A01 (Toán, Lý, Anh)",5,3,5,3,3,1,1,1,4,2,,,6.75,5.5,,,,5.5,,,1,Đi làm,,3,1.469693845669907,13.978894021086361,0,1.5491933384829668,7340120,1
8/11/2026 17:15,Kinh doanh thời trang và dệt may,Nam,"A00 (Toán, Lý, Hóa)",3,2,4,2,3,2,2,3,3,5,,,,5.0,,,,9.0,8.75,,1,Đi làm,,2,0.9433981132056604,10.63179012344516,0,0.9944289260117531,7340123,3
8/11/2026 17:16,An toàn thông tin,Nam,"A00 (Toán, Lý, Hóa)",1,5,4,4,4,1,2,2,3,1,,,,5.25,,,,8.25,6.0,,1,Đi làm,,3,1.4177446878757827,12.984607285342591,0,1.4944341180973262,7480202,0
8/11/2026 17:16,Quản trị dịch vụ du lịch và lữ hành,Nam,"A01 (Toán, Lý, Anh)",4,1,2,2,3,1,1,5,2,3,,,7.75,7.75,,,,8.5,,,1,Đi làm,,2,1.2806248474865698,17.06358614413559,0,1.3498971154211057,7810103,4
8/11/2026 17:16,Quản trị khách sạn,Nam,"A01 (Toán, Lý, Anh)",5,1,2,3,3,1,1,3,3,2,,,5.0,8.25,,,,6.5,,,1,Đi làm,,2,1.2,10.729607938001973,0,1.2649110640673518,7810201,4
8/11/2026 17:17,Du lịch,Nữ,"A01 (Toán, Lý, Anh)",4,1,3,3,3,2,1,3,3,2,,,6.75,6.0,,,,6.5,,,1,Đi làm,,3,0.9219544457292888,5.210054656661,0,0.97182531580755,7810101,4
8/11/2026 17:17,Quản lý Công nghiệp,Nam,"D07 (Toán, Hóa, Anh)",4,3,4,5,3,1,1,1,2,3,,,9.0,9.25,,,,,6.25,,3,Kinh doanh,,3,1.3453624047073711,10.055944106050868,0,1.4181364924121764,7510601,3
8/11/2026 17:17,Quản trị dịch vụ du lịch và lữ hành,Nam,"A01 (Toán, Lý, Anh)",4,2,2,3,2,2,1,4,3,2,,,6.75,7.25,,,,7.5,,,1,Đi làm,,2,0.9219544457292888,9.741597466027962,0,0.97182531580755,7810103,4
8/11/2026 17:18,Tài chính ngân hàng,Nam,"A00 (Toán, Lý, Hóa)",4,3,3,4,2,1,1,2,3,3,,,,9.0,,,,6.5,8.5,,1,Đi làm,,2,1.019803902718557,8.007870523126028,0,1.07496769977314,7340201,2
8/11/2026 17:18,Công nghệ kỹ thuật điều khiển và TĐH,Nam,"A00 (Toán, Lý, Hóa)",2,5,4,5,5,2,1,1,3,2,,,,6.0,,,,8.5,7.75,,3,Kinh doanh,,2,1.5491933384829668,12.081800858431508,0,1.632993161855452,7510303,5
8/11/2026 17:19,Công nghệ kỹ thuật cơ điện tử,Nam,"D07 (Toán, Hóa, Anh)",4,1,5,5,5,1,2,1,1,1,,,5.75,7.0,,,,,6.75,,1,Đi làm,,3,1.8000000000000003,21.09265967298243,0,1.8973665961010278,7510203,5
8/11/2026 17:20,Quản trị kinh doanh,Nam,"D01 (Toán, Văn, Anh)",5,2,5,3,3,1,1,1,4,3,8.0,,6.25,9.0,,,,,,,1,Đi làm,,3,1.4696938456699067,12.11444603974337,0,1.5491933384829668,7340101,1
8/11/2026 17:20,Quản trị nhà hàng và dịch vụ ăn uống,Nữ,"C00 (Văn, Sử, Địa)",4,2,2,3,2,1,1,4,3,2,5.5,7.25,,,,,8.25,,,,1,Đi làm,,2,1.019803902718557,10.977531981943308,0,1.07496769977314,7810202,4
8/11/2026 17:21,Công nghệ sinh học,Nam,"B00 (Toán, Hóa, Sinh)",2,3,2,3,5,5,3,3,3,2,,,,6.0,,,,,5.75,6.5,1,Đi làm,,3,1.044030650891055,10.86217552791301,0,1.1005049346146119,7420201,7
8/11/2026 17:21,Quản trị kinh doanh thực phẩm,Nam,"A00 (Toán, Lý, Hóa)",2,2,3,4,3,4,3,5,2,2,,,,9.5,,,,6.75,7.25,,1,Đi làm,,2,1.0,10.150073432974638,0,1.0540925533894598,7340129,7
8/11/2026 17:22,Công nghệ chế biến thủy sản,Nữ,"D07 (Toán, Hóa, Anh)",3,2,2,4,5,4,2,4,2,2,,,8.75,7.5,,,,,7.25,,3,Kinh doanh,,2,1.0954451150103321,11.750955348978188,0,1.1547005383792515,7540105,7
8/11/2026 17:23,Kinh doanh thời trang và dệt may,Nam,"D07 (Toán, Hóa, Anh)",2,3,4,2,3,1,2,3,2,4,,,8.75,5.25,,,,,6.0,,1,Đi làm,,1,0.9165151389911681,10.303875666370415,0,0.9660917830792959,7340123,3
8/11/2026 17:23,Quản lý tài nguyên và môi trường,Nam,"B00 (Toán, Hóa, Sinh)",3,2,2,4,5,3,5,2,3,2,,,,9.0,,,,,7.0,9.0,1,Đi làm,,2,1.1357816691600546,18.001939714033877,0,1.1972189997378648,7850101,7
8/11/2026 17:24,Du lịch,Nữ,"A00 (Toán, Lý, Hóa)",5,1,2,2,2,1,1,5,3,2,,,,5.25,,,,6.75,8.5,,1,Đi làm,,3,1.42828568570857,18.322304058024923,0,1.5055453054181622,7810101,4
8/11/2026 17:25,Logistics và quản lý chuỗi cung ứng,Nam,"A01 (Toán, Lý, Anh)",4,2,5,5,2,2,1,1,3,3,,,8.5,9.0,,,,8.25,,,1,Đi làm,,2,1.4,13.632944052114695,0,1.4757295747452437,7510605,3
8/11/2026 17:25,Công nghệ vật liệu,Nữ,"B00 (Toán, Hóa, Sinh)",3,3,3,5,3,5,3,3,2,1,,,,9.0,,,,,7.25,7.5,1,Đi làm,,3,1.1357816691600546,13.255381607584102,0,1.1972189997378648,7510402,6
8/11/2026 17:26,Kỹ thuật nhiệt,Nữ,"A00 (Toán, Lý, Hóa)",3,4,5,5,3,2,1,2,3,2,,,,6.5,,,,8.0,5.25,,1,Đi làm,,2,1.2649110640673518,9.435960229388774,0,1.3333333333333333,7520115,6
8/11/2026 17:26,Công nghệ kỹ thuật môi trường,Nam,"B00 (Toán, Hóa, Sinh)",2,2,2,5,5,3,4,3,2,1,,,,5.0,,,,,5.25,9.25,1,Đi làm,,3,1.3,16.35342970352331,0,1.3703203194062978,7510406,7
8/11/2026 17:27,Quản trị kinh doanh,Nam,"A01 (Toán, Lý, Anh)",4,1,5,3,3,1,2,2,2,3,,,5.75,5.0,,,,7.25,,,1,Đi làm,,3,1.2,10.194911768856953,0,1.2649110640673518,7340101,1
8/11/2026 17:28,Kinh doanh thời trang và dệt may,Nữ,"D01 (Toán, Văn, Anh)",3,3,4,2,2,1,1,2,3,5,5.5,,9.0,9.5,,,,,,,3,Kinh doanh,,2,1.2,15.012428350771529,0,1.2649110640673518,7340123,3
8/11/2026 17:28,Công nghệ sinh học,Nam,"A00 (Toán, Lý, Hóa)",2,2,3,3,4,4,2,3,3,2,,,,5.75,,,,5.25,9.25,,1,Đi làm,,2,0.7483314773547882,6.86027810628868,0,0.7888106377466155,7420201,7
8/11/2026 17:29,Tài chính ngân hàng,Nam,"A01 (Toán, Lý, Anh)",4,1,3,5,2,2,2,2,2,2,,,7.25,6.5,,,,7.25,,,1,Đi làm,,6,1.118033988749895,11.555323795668345,0,1.1785113019775793,7340201,2
8/11/2026 17:29,Thương mại điện tử,Nữ,"D01 (Toán, Văn, Anh)",5,2,3,4,3,2,1,1,4,3,7.5,,6.0,8.5,,,,,,,1,Đi làm,,2,1.2489995996796797,11.445735055264702,0,1.3165611772087666,7340122,1
8/12/2026 9:11,Kinh doanh quốc tế,Nữ,"A00 (Toán, Lý, Hóa)",3,4,2,4,5,1,3,1,5,1,,,,7.0,,,,8.0,7.5,,1,Đi làm,,1,1.5132745950421556,25.587320589038818,0,1.5951314818673865,7340120,1
8/12/2026 15:02,Quản trị nhà hàng và dịch vụ ăn uống,Nam,"C00 (Văn, Sử, Địa)",4,1,3,3,3,2,1,4,3,2,6.0,6.5,,,,,7.5,,,,1,Đi làm,,3,1.019803902718557,7.6369188642833015,0,1.07496769977314,7810202,4
8/12/2026 15:07,Kinh doanh thời trang và dệt may,Nữ,"A01 (Toán, Lý, Anh)",2,2,5,2,3,2,1,2,2,5,,,7.25,7.25,,,,8.0,,,1,Đi làm,,2,1.2806248474865698,23.755741584189348,0,1.3498971154211057,7340123,3
8/12/2026 15:12,Marketing,Nam,"A01 (Toán, Lý, Anh)",5,3,5,4,3,2,1,2,3,2,,,6.25,8.0,,,,9.5,,,1,Đi làm,,1,1.2649110640673518,8.913938704770512,0,1.3333333333333333,7340115,1
8/12/2026 15:14,Quản trị dịch vụ du lịch và lữ hành,Nữ,"C00 (Văn, Sử, Địa)",1,5,4,4,4,4,4,4,4,4,7.5,8.0,,,,,8.0,,,,1,Đi làm,,8,0.9797958971132715,8.153569657995043,0,1.0327955589886446,7810103,4
8/12/2026 15:14,Quản trị dịch vụ du lịch và lữ hành,Nữ,"C00 (Văn, Sử, Địa)",2,5,3,1,5,1,5,3,4,3,7.25,8.8,,,,,9.0,,,,1,Đi làm,,1,1.4696938456699067,29.761307864353732,1,1.5491933384829668,7810103,4
8/12/2026 15:14,Quản trị dịch vụ du lịch và lữ hành,Nữ,"C00 (Văn, Sử, Địa)",1,3,3,4,5,3,2,4,3,2,8.5,9.3,,,,,8.0,,,,1,Đi làm,,2,1.0954451150103321,11.153766712415136,0,1.1547005383792515,7810103,4
8/12/2026 15:15,Quản trị dịch vụ du lịch và lữ hành,Nữ,"C00 (Văn, Sử, Địa)",3,4,3,4,3,3,3,3,3,3,7.5,8.5,,,,,8.25,,,,3,Kinh doanh,,6,0.39999999999999997,2.27693486471145,0,0.4216370213557839,7810103,4
8/12/2026 15:16,Luật kinh tế,Nữ,"C00 (Văn, Sử, Địa)",5,1,3,4,3,5,5,2,2,2,7.75,8.0,,,,,8.0,,,,4,Chưa xác định,,3,1.4000000000000001,25.040568225919074,0,1.4757295747452437,7380107,8
8/12/2026 15:16,Đảm bảo chất lượng và an toàn thực phẩm,Nam,"B08 (Toán Sinh, Anh)",3,2,2,4,5,5,3,4,2,1,,,9.0,8.0,,,,,,8.0,1,Đi làm,,2,1.3,13.478960338163535,0,1.3703203194062976,7540106,7
8/12/2026 15:19,Luật,Nữ,"D01 (Toán, Văn, Anh)",5,3,4,4,4,4,4,4,4,3,8.0,,7.0,5.0,,,,,,,1,Đi làm,,7,0.5385164807134505,3.227258114478905,0,0.5676462121975467,7380101,8
8/12/2026 15:20,"Công nghệ dệt, may",Nữ,"C03 (Văn, Toán, Sử)",5,4,5,1,5,4,5,1,5,5,7.75,,,5.0,,,6.75,,,,2,Nghiên cứu,,2,1.5491933384829668,37.34800155568271,1,1.632993161855452,7540204,6
8/12/2026 15:20,"Công nghệ dệt, may",Nữ,"C01 (Văn, Toán, Lý)",3,3,3,5,5,4,4,4,4,4,6.5,,,6.0,,,,8.0,,,1,Đi làm,,5,0.7,6.299361409596481,0,0.7378647873726218,7540204,6
8/12/2026 15:20,"Công nghệ dệt, may",Nữ,"A01 (Toán, Lý, Anh)",3,3,1,3,3,3,2,3,3,3,,,4.0,5.75,,,,7.25,,,1,Đi làm,,3,0.6403124237432849,9.717195812750958,0,0.6749485577105528,7540204,6
8/12/2026 15:20,"Công nghệ dệt, may",Nữ,"A00 (Toán, Lý, Hóa)",5,1,5,5,5,5,5,5,3,4,,,,5.5,,,,5.5,5.0,,1,Đi làm,,6,1.268857754044952,14.11836815038938,0,1.3374935098492586,7540204,6
8/12/2026 15:22,Kinh doanh quốc tế,Nữ,"A01 (Toán, Lý, Anh)",3,3,5,4,4,4,4,5,4,3,,,5.0,6.0,,,,7.5,,,3,Kinh doanh,,4,0.7000000000000001,7.3021310751277095,0,0.7378647873726218,7340120,1
8/12/2026 15:22,Marketing,Nữ,"A00 (Toán, Lý, Hóa)",4,3,3,4,3,1,1,2,2,2,,,,8.75,,,,7.25,7.25,,1,Đi làm,,3,1.02469507659596,5.9713070739568845,0,1.0801234497346435,7340115,1
8/12/2026 15:23,Công nghệ kỹ thuật cơ điện tử,Nam,"A00 (Toán, Lý, Hóa)",5,1,5,5,5,5,5,5,5,5,,,,7.0,,,,8.0,9.0,,3,Kinh doanh,,8,1.2,11.445409018124778,0,1.2649110640673518,7510203,5
8/12/2026 15:23,Công nghệ kỹ thuật hóa học,Nữ,"A00 (Toán, Lý, Hóa)",4,2,4,4,3,5,4,3,4,2,,,,6.0,,,,6.75,8.25,,2,Nghiên cứu,,2,0.9219544457292888,10.99338000826424,0,0.97182531580755,7510401,6
8/12/2026 15:24,Công nghệ sinh học,Nữ,"B00 (Toán, Hóa, Sinh)",3,5,4,3,4,3,5,5,4,2,,,,8.0,,,,,8.3,8.0,2,Nghiên cứu,,2,0.9797958971132712,14.422961341853272,0,1.0327955589886444,7420201,7
8/12/2026 15:26,Công nghệ kỹ thuật cơ điện tử,Nam,"C01 (Văn, Toán, Lý)",5,3,5,5,4,4,5,5,5,5,8.0,,,7.5,,,,6.0,,,1,Đi làm,,4,0.6633249580710798,5.988834018854225,0,0.699205898780101,7510203,5
8/12/2026 15:26,Marketing,Nam,"A00 (Toán, Lý, Hóa)",3,3,5,5,5,5,5,5,5,5,,,,6.75,,,,8.75,8.25,,1,Đi làm,,8,0.7999999999999999,8.586993106805677,0,0.8432740427115678,7340115,1
8/12/2026 15:26,Quản trị nhà hàng và dịch vụ ăn uống,Nữ,"A00 (Toán, Lý, Hóa)",4,2,3,2,2,2,1,4,2,3,,,,8.0,,,,9.5,5.5,,4,Chưa xác định,,3,0.9219544457292888,9.592750899368069,0,0.97182531580755,7810202,4
8/12/2026 15:34,Khoa học dữ liệu,Nữ,"D01 (Toán, Văn, Anh)",2,4,3,4,5,3,4,4,5,5,7.8,,7.0,8.0,,,,,,,1,Đi làm,,2,0.9433981132056604,11.868126784466744,0,0.9944289260117533,7460108,0
8/12/2026 15:35,Công nghệ chế tạo máy,Nam,"A00 (Toán, Lý, Hóa)",2,5,4,5,4,2,2,2,3,2,,,,5.75,,,,6.0,8.0,,1,Đi làm,,3,1.2206555615733705,6.8790331543018155,0,1.286683937707919,7510202,5
8/12/2026 15:36,Công nghệ thực phẩm,Nữ,"D07 (Toán, Hóa, Anh)",1,4,4,3,4,4,4,3,4,5,,,7.0,5.0,,,,,9.0,,2,Nghiên cứu,,3,1.019803902718557,12.075818110694197,0,1.07496769977314,7540101,7
8/12/2026 15:37,Công nghệ kỹ thuật hóa học,Nữ,"A00 (Toán, Lý, Hóa)",3,4,3,3,3,3,4,4,3,4,,,,4.25,,,,8.8,8.0,,1,Đi làm,,4,0.48989794855663565,3.372628651812891,0,0.5163977794943223,7510401,6
8/12/2026 15:39,Quản trị kinh doanh,Nữ,"A01 (Toán, Lý, Anh)",4,3,3,3,3,4,5,5,3,5,,,7.0,9.0,,,,7.0,,,3,Kinh doanh,,4,0.8717797887081347,7.623478413269872,0,0.9189365834726815,7340101,1
8/12/2026 15:40,Công nghệ thực phẩm,Nữ,"D07 (Toán, Hóa, Anh)",3,3,3,4,5,4,2,4,3,2,,,6.25,7.25,,,,,5.5,,1,Đi làm,,3,0.9,7.016001798743895,0,0.9486832980505138,7540101,7
8/12/2026 15:40,Quản trị kinh doanh,Nữ,"X01 (Toán, Văn, GDKT&PL)",3,4,2,4,3,1,1,2,4,3,7.75,,,6.0,8.0,,,,,,1,Đi làm,,2,1.1,13.130176736142015,0,1.1595018087284057,7340101,1
8/12/2026 15:44,Quản trị kinh doanh,Nữ,"A01 (Toán, Lý, Anh)",3,4,5,1,3,2,3,3,4,4,,,8.0,8.0,,,,8.0,,,1,Đi làm,,2,1.077032961426901,16.567019358419248,0,1.1352924243950935,7340101,1
8/12/2026 15:45,Công nghệ kỹ thuật môi trường,Nam,"C01 (Văn, Toán, Lý)",2,2,3,3,4,3,5,3,3,2,5.0,,,6.0,,,,7.25,,,1,Đi làm,,2,0.8944271909999159,10.924058208075342,0,0.9428090415820634,7510406,7
8/12/2026 15:49,Công nghệ thông tin,Nữ,"D01 (Toán, Văn, Anh)",3,3,3,3,4,3,3,3,3,3,7.8,,7.2,7.8,,,,,,,1,Đi làm,,5,0.3,1.2012418742556497,0,0.31622776601683794,7480201,0
8/12/2026 15:49,Công nghệ thông tin,Nữ,"D01 (Toán, Văn, Anh)",4,3,5,5,5,2,3,3,4,3,7.5,,8.4,7.5,,,,,,,1,Đi làm,,3,1.004987562112089,6.134641189402856,0,1.0593499054713802,7480201,0
8/12/2026 15:51,Công nghệ thông tin,Nam,"A00 (Toán, Lý, Hóa)",4,4,5,5,4,5,5,5,5,5,,,,9.0,,,,8.75,7.5,,1,Đi làm,,5,0.45825756949558405,5.346295251318365,0,0.48304589153964794,7480201,0
8/12/2026 15:54,Quản trị khách sạn,Nữ,"A00 (Toán, Lý, Hóa)",4,2,3,2,2,1,2,3,2,2,,,,6.0,,,,7.25,8.0,,1,Đi làm,,2,0.7810249675906654,6.632541651554965,0,0.8232726023485646,7810201,4
8/12/2026 15:54,Công nghệ thực phẩm,Nữ,"D01 (Toán, Văn, Anh)",3,2,3,2,4,2,2,4,3,3,7.0,,7.0,6.5,,,,,,,1,Đi làm,,2,0.7483314773547882,6.650525928752518,0,0.7888106377466155,7540101,7
8/12/2026 15:55,Công nghệ thông tin,Nam,"A00 (Toán, Lý, Hóa)",5,5,5,3,2,2,2,2,3,4,,,,6.0,,,,6.0,6.0,,4,Chưa xác định,,4,1.2688577540449522,15.600405105450621,0,1.3374935098492586,7480201,0
8/12/2026 16:00,Du lịch,Nam,"A00 (Toán, Lý, Hóa)",4,2,3,3,2,2,2,4,2,2,,,,6.0,,,,5.5,7.25,,1,Đi làm,,3,0.8,6.695214174007934,0,0.8432740427115678,7810101,4
8/12/2026 16:02,Ngôn ngữ Anh,Nam,"D01 (Toán, Văn, Anh)",4,5,5,5,5,5,5,5,5,5,7.75,,7.0,8.2,,,,,,,3,Kinh doanh,,9,0.29999999999999993,4.52795024203887,0,0.31622776601683794,7220201,8
8/12/2026 16:03,Ngôn ngữ Anh,Nam,"D01 (Toán, Văn, Anh)",4,1,5,3,5,1,1,3,4,3,8.25,,7.6,7.8,,,,,,,3,Kinh doanh,,2,1.4832396974191326,18.125518388011415,0,1.5634719199411433,7220201,8
8/12/2026 16:04,Quản trị khách sạn,Nam,"D01 (Toán, Văn, Anh)",5,1,2,3,3,2,2,5,2,3,7.75,,5.0,8.0,,,,,,,1,Đi làm,,2,1.2489995996796797,14.870148198670567,0,1.3165611772087666,7810201,4
8/12/2026 16:06,Thương mại điện tử,Nam,"A01 (Toán, Lý, Anh)",5,5,5,4,4,4,5,5,5,5,,,7.0,9.0,,,,9.0,,,3,Kinh doanh,,4,0.45825756949558405,6.115682224885821,0,0.48304589153964794,7340122,1
8/12/2026 16:13,Đảm bảo chất lượng và an toàn thực phẩm,Nam,"B08 (Toán Sinh, Anh)",2,2,2,4,5,5,2,4,2,2,,,6.75,5.25,,,,,,6.5,4,Chưa xác định,,3,1.2649110640673518,15.377793836128477,0,1.3333333333333333,7540106,7
8/12/2026 16:14,Công nghệ thông tin,Nam,"A00 (Toán, Lý, Hóa)",5,2,3,3,4,4,5,5,5,5,,,,8.0,,,,8.0,8.0,,1,Đi làm,,4,1.0440306508910548,7.895856636173219,0,1.1005049346146119,7480201,0
8/12/2026 16:15,Marketing,Nữ,"A01 (Toán, Lý, Anh)",4,4,4,2,5,3,2,3,3,3,,,7.0,7.0,,,,8.0,,,1,Đi làm,,3,0.9,12.388288821367821,0,0.9486832980505138,7340115,1
8/12/2026 16:17,Quản trị kinh doanh,Nữ,"A01 (Toán, Lý, Anh)",5,5,5,4,3,3,5,3,3,3,,,10.0,8.0,,,,9.0,,,3,Kinh doanh,,3,0.9433981132056604,15.944269110617324,0,0.9944289260117533,7340101,1
8/12/2026 16:17,Marketing,Nữ,"C00 (Văn, Sử, Địa)",5,3,4,3,4,4,3,3,3,2,8.0,7.25,,,,,7.0,,,,1,Đi làm,,3,0.8000000000000002,8.361795244694987,0,0.8432740427115679,7340115,1
8/12/2026 16:17,Thương mại điện tử,Nam,"A00 (Toán, Lý, Hóa)",5,3,5,5,3,2,1,2,2,2,,,,8.75,,,,7.5,5.25,,3,Kinh doanh,,3,1.4142135623730951,10.979251914821488,0,1.4907119849998598,7340122,1
8/12/2026 16:18,Công nghệ thông tin,Nữ,"A01 (Toán, Lý, Anh)",5,2,4,2,4,1,3,3,3,1,,,10.0,9.6,,,,6.75,,,2,Nghiên cứu,,3,1.2489995996796797,17.294478633872316,0,1.3165611772087666,7480201,0
8/12/2026 16:18,Công nghệ kỹ thuật điện - điện tử,Nam,"D01 (Toán, Văn, Anh)",3,3,5,4,5,5,5,4,4,4,6.0,,7.0,6.0,,,,,,,1,Đi làm,,3,0.7483314773547882,6.709181812728672,0,0.7888106377466155,7510301,5
8/12/2026 16:19,Công nghệ kỹ thuật cơ điện tử,Nam,"A01 (Toán, Lý, Anh)",3,3,3,4,3,3,4,5,5,3,,,7.8,8.2,,,,7.75,,,1,Đi làm,,3,0.8,8.985702696157118,0,0.8432740427115678,7510203,5
8/12/2026 16:22,Quản trị nhà hàng và dịch vụ ăn uống,Nam,"D01 (Toán, Văn, Anh)",4,2,3,3,3,1,1,3,2,3,7.0,,5.25,8.0,,,,,,,1,Đi làm,,3,0.9219544457292888,6.647501166511792,0,0.97182531580755,7810202,4
8/12/2026 16:22,Quản trị nhà hàng và dịch vụ ăn uống,Nữ,"D01 (Toán, Văn, Anh)",4,4,5,3,2,2,4,3,3,4,8.25,,7.0,8.0,,,,,,,3,Kinh doanh,,2,0.9165151389911681,10.800582137126044,0,0.9660917830792959,7810202,4
8/12/2026 16:22,Khoa học chế biến món ăn,Nữ,"D01 (Toán, Văn, Anh)",3,3,4,3,3,2,2,4,3,4,7.0,,6.5,7.0,,,,,,,1,Đi làm,,2,0.7,5.329825400140032,0,0.7378647873726218,7819010,4
8/12/2026 16:25,Quản trị nhà hàng và dịch vụ ăn uống,Nữ,"A01 (Toán, Lý, Anh)",5,3,4,4,5,3,4,4,4,4,,,4.5,4.5,,,,6.5,,,1,Đi làm,,4,0.6324555320336759,4.377392459016092,0,0.6666666666666666,7810202,4
8/12/2026 16:27,Quản trị nhà hàng và dịch vụ ăn uống,Nữ,"C00 (Văn, Sử, Địa)",3,5,2,1,5,3,3,5,5,4,8.0,8.5,,,,,7.8,,,,1,Đi làm,,2,1.3564659966250536,25.527107754594084,0,1.4298407059684812,7810202,4
8/12/2026 16:29,Du lịch,Nam,"A01 (Toán, Lý, Anh)",4,1,2,2,2,2,2,5,3,2,,,8.75,8.25,,,,6.0,,,1,Đi làm,,5,1.118033988749895,11.683090114970065,0,1.1785113019775793,7810101,4
8/12/2026 16:30,Kinh doanh quốc tế,Nữ,"A01 (Toán, Lý, Anh)",3,2,5,4,5,5,5,4,4,4,,,6.25,7.0,,,,7.75,,,3,Kinh doanh,,3,0.9433981132056604,9.745984722003152,0,0.9944289260117531,7340120,1
8/12/2026 16:30,Kinh doanh quốc tế,Nữ,"A01 (Toán, Lý, Anh)",4,3,4,4,4,2,2,3,4,5,,,5.5,9.0,,,,8.0,,,3,Kinh doanh,,3,0.9219544457292888,7.9753291008470555,0,0.97182531580755,7340120,1
8/12/2026 16:31,Marketing,Nữ,"A00 (Toán, Lý, Hóa)",3,2,3,3,4,4,3,4,3,4,,,,7.5,,,,7.0,7.25,,1,Đi làm,,2,0.6403124237432849,4.527404145115734,0,0.6749485577105528,7340115,1
8/12/2026 16:36,Công nghệ chế tạo máy,Nữ,"D07 (Toán, Hóa, Anh)",2,4,4,4,3,1,2,1,3,1,,,7.5,5.5,,,,,9.0,,2,Nghiên cứu,,3,1.2041594578792296,9.266270458331043,0,1.2692955176439846,7510202,5
8/12/2026 16:44,Luật kinh tế,Nữ,"A00 (Toán, Lý, Hóa)",3,2,3,3,4,4,4,5,4,2,,,,7.6,,,,6.75,8.75,,1,Đi làm,,3,0.9165151389911681,7.15955248356757,0,0.9660917830792959,7380107,8
8/12/2026 16:45,Ngôn ngữ Anh,Nữ,"D09 (Toán, Sử, Anh)",4,2,4,3,5,2,2,2,2,2,,,8.5,5.75,,,6.75,,,,1,Đi làm,,5,1.077032961426901,8.92743955319098,0,1.1352924243950935,7220201,8
8/12/2026 16:51,Trí tuệ nhân tạo,Nữ,"A01 (Toán, Lý, Anh)",3,2,4,4,3,1,1,2,1,2,,,6.75,5.5,,,,9.5,,,1,Đi làm,,2,1.1,7.609888694247876,0,1.1595018087284057,7480107,0
8/12/2026 16:55,Công nghệ thực phẩm,Nữ,"B00 (Toán, Hóa, Sinh)",4,3,5,4,4,3,3,3,2,3,,,,8.0,,,,,7.8,9.0,1,Đi làm,,3,0.8,5.32632728104643,0,0.8432740427115679,7540101,7
8/12/2026 16:57,Công nghệ vật liệu,Nữ,"B00 (Toán, Hóa, Sinh)",3,2,3,3,4,5,2,2,2,2,,,,9.0,,,,,7.25,7.0,1,Đi làm,,4,0.9797958971132713,12.827808425987868,0,1.0327955589886446,7510402,6
8/12/2026 17:02,Công nghệ kỹ thuật điều khiển và TĐH,Nữ,"D07 (Toán, Hóa, Anh)",2,4,4,4,4,1,2,2,1,1,,,7.75,9.25,,,,,8.5,,1,Đi làm,,4,1.284523257866513,10.075443596619385,0,1.35400640077266,7510303,5
8/12/2026 17:08,Công nghệ thực phẩm,Nữ,"B00 (Toán, Hóa, Sinh)",3,2,3,3,3,4,3,5,2,1,,,,8.5,,,,,7.75,5.75,1,Đi làm,,3,1.044030650891055,11.11212984504056,0,1.1005049346146119,7540101,7
8/12/2026 17:15,Thương mại điện tử,Nam,"D07 (Toán, Hóa, Anh)",5,2,4,4,3,2,1,2,4,2,,,6.0,7.75,,,,,8.25,,1,Đi làm,,2,1.2206555615733703,7.824299391181571,0,1.286683937707919,7340122,1
8/12/2026 17:23,Công nghệ kỹ thuật hóa học,Nam,"A00 (Toán, Lý, Hóa)",2,3,3,3,5,5,3,2,2,2,,,,5.0,,,,9.5,5.25,,2,Nghiên cứu,,3,1.0954451150103321,13.11836511584644,0,1.1547005383792515,7510401,6
8/12/2026 17:28,Quản trị khách sạn,Nữ,"A01 (Toán, Lý, Anh)",5,2,2,2,3,1,2,5,3,2,,,8.5,6.25,,,,8.0,,,1,Đi làm,,3,1.2688577540449522,16.856364088343373,0,1.3374935098492586,7810201,4
8/12/2026 17:34,Công nghệ kỹ thuật cơ điện tử,Nam,"D07 (Toán, Hóa, Anh)",2,4,3,4,4,2,1,1,1,2,,,5.75,6.75,,,,,8.5,,1,Đi làm,,3,1.2,9.53888679208768,0,1.2649110640673518,7510203,5
8/12/2026 17:46,Ngôn ngữ Anh,Nam,"D01 (Toán, Văn, Anh)",5,3,5,2,5,2,1,1,2,2,6.0,,8.0,6.5,,,,,,,1,Đi làm,,2,1.5362291495737217,23.354065475072897,0,1.6193277068654826,7220201,8
8/12/2026 17:51,Quản lý tài nguyên và môi trường,Nam,"A00 (Toán, Lý, Hóa)",3,3,3,3,3,2,4,3,3,1,,,,7.75,,,,7.0,5.25,,1,Đi làm,,5,0.7483314773547882,9.80026026809179,0,0.7888106377466155,7850101,7
8/13/2026 9:08,Logistics và quản lý chuỗi cung ứng,Nam,"A00 (Toán, Lý, Hóa)",5,2,5,5,2,2,1,2,3,3,,,,9.0,,,,5.75,5.75,,3,Kinh doanh,,2,1.4142135623730951,12.738485878417967,0,1.4907119849998598,7510605,3
8/13/2026 9:21,Trí tuệ nhân tạo,Nữ,"D01 (Toán, Văn, Anh)",1,4,3,5,3,1,1,2,1,1,8.25,,9.5,5.25,,,,,,,1,Đi làm,,2,1.4000000000000001,12.435362230085449,0,1.4757295747452437,7480107,0
8/13/2026 9:32,Logistics và quản lý chuỗi cung ứng,Nam,"D01 (Toán, Văn, Anh)",4,2,3,3,3,1,2,2,3,3,9.5,,8.75,7.5,,,,,,,1,Đi làm,,3,0.8,4.35966126092791,0,0.8432740427115678,7510605,3
8/13/2026 9:47,Ngôn ngữ Anh,Nữ,"D01 (Toán, Văn, Anh)",3,4,4,5,5,3,4,4,4,4,8.25,,7.0,7.5,,,,,,,1,Đi làm,,4,0.6324555320336759,4.793367688317834,0,0.6666666666666666,7220201,8
8/13/2026 9:49,Quản trị dịch vụ du lịch và lữ hành,Nữ,"C00 (Văn, Sử, Địa)",5,4,4,4,4,5,5,5,5,5,8.0,7.25,,,,,8.75,,,,4,Chưa xác định,,5,0.4898979485566356,4.81940103722404,0,0.5163977794943222,7810103,4
8/13/2026 9:49,Quản trị dịch vụ du lịch và lữ hành,Nữ,"C00 (Văn, Sử, Địa)",1,1,2,1,3,2,2,1,2,1,8.75,7.75,,,,,8.25,,,,1,Đi làm,,2,0.66332495807108,13.69803634448007,0,0.6992058987801011,7810103,4
8/13/2026 9:56,Công nghệ kỹ thuật môi trường,Nữ,"A00 (Toán, Lý, Hóa)",3,2,2,3,3,3,4,3,2,2,,,,6.0,,,,7.25,7.0,,1,Đi làm,,3,0.6403124237432849,6.9777750047861735,0,0.6749485577105528,7510406,7
8/13/2026 9:56,Khoa học dinh dưỡng và ẩm thực,Nam,"C02 (Văn, Toán, Hóa)",5,5,5,4,5,5,5,5,4,3,6.0,,,7.5,,,,,8.4,,1,Đi làm,,4,0.66332495807108,10.560636878650499,0,0.6992058987801011,7819009,4
8/13/2026 9:58,Kỹ thuật nhiệt,Nam,"A01 (Toán, Lý, Anh)",1,5,1,3,5,3,3,3,3,3,,,3.0,6.75,,,,6.5,,,1,Đi làm,,5,1.2649110640673518,17.075338989302697,0,1.3333333333333333,7520115,6
8/13/2026 10:02,An toàn thông tin,Nam,"D01 (Toán, Văn, Anh)",1,4,5,5,3,1,2,1,1,1,7.5,,8.5,7.25,,,,,,,1,Đi làm,,3,1.6248076809271923,18.61375120348022,0,1.7126976771553508,7480202,0
8/13/2026 10:05,Ngôn ngữ Trung Quốc,Nữ,"D01 (Toán, Văn, Anh)",5,2,3,3,5,2,4,5,5,3,8.4,,8.0,8.5,,,,,,,1,Đi làm,,2,1.1874342087037917,14.811729923453143,0,1.2516655570345725,7220204,8
8/13/2026 10:07,Kinh doanh quốc tế,Nữ,"D01 (Toán, Văn, Anh)",4,5,4,4,5,4,5,4,4,5,6.5,,6.75,6.5,,,,,,,4,Chưa xác định,,2,0.4898979485566356,5.7548424321673295,0,0.5163977794943222,7340120,1
8/13/2026 10:07,Quản trị nhà hàng và dịch vụ ăn uống,Nữ,"A01 (Toán, Lý, Anh)",5,2,3,2,2,1,2,3,3,3,,,7.0,7.5,,,,7.25,,,1,Đi làm,,3,1.019803902718557,8.457052039434448,0,1.07496769977314,7810202,4
8/13/2026 10:12,Kế toán,Nữ,"C01 (Văn, Toán, Lý)",3,3,3,4,5,5,5,5,3,5,6.75,,,5.6,,,,4.75,,,3,Kinh doanh,,4,0.9433981132056604,9.43746618670195,0,0.9944289260117533,7340301,2
8/13/2026 10:12,"Công nghệ dệt, may",Nữ,"D01 (Toán, Văn, Anh)",3,4,4,2,4,3,2,2,4,4,8.0,,5.75,5.25,,,,,,,1,Đi làm,,2,0.8717797887081347,11.738136506822393,0,0.9189365834726815,7540204,6
8/13/2026 10:13,Công nghệ vật liệu,Nam,"B00 (Toán, Hóa, Sinh)",3,2,2,4,4,4,3,3,2,1,,,,7.75,,,,,5.0,5.75,4,Chưa xác định,,3,0.9797958971132712,8.104675187300053,0,1.0327955589886444,7510402,6
8/13/2026 10:14,Marketing,Nữ,"D01 (Toán, Văn, Anh)",5,4,5,3,5,5,3,4,5,5,8.25,,6.75,7.0,,,,,,,1,Đi làm,,2,0.7999999999999999,12.98755846734604,0,0.8432740427115678,7340115,1
8/13/2026 10:14,Thương mại điện tử,Nữ,"A00 (Toán, Lý, Hóa)",3,3,3,3,2,4,2,1,2,2,,,,8.0,,,,7.8,7.0,,3,Kinh doanh,,4,0.806225774829855,12.500530033601763,0,0.8498365855987975,7340122,1
8/13/2026 10:14,Công nghệ thực phẩm,Nữ,"A00 (Toán, Lý, Hóa)",2,5,3,3,3,4,3,4,3,3,,,,6.0,,,,4.1,5.5,,2,Nghiên cứu,,3,0.7810249675906654,6.232279002918352,0,0.8232726023485646,7540101,7
8/13/2026 10:17,Thương mại điện tử,Nữ,"A01 (Toán, Lý, Anh)",3,2,4,4,3,3,4,4,3,2,,,4.5,8.25,,,,4.75,,,3,Kinh doanh,,2,0.7483314773547882,7.4268816148562795,0,0.7888106377466155,7340122,1
8/13/2026 10:18,Công nghệ kỹ thuật điều khiển và TĐH,Nam,"D07 (Toán, Hóa, Anh)",4,3,3,5,5,2,1,2,1,2,,,6.0,6.5,,,,,9.25,,1,Đi làm,,2,1.4000000000000001,16.20706690984321,0,1.4757295747452437,7510303,5
8/13/2026 10:21,Logistics và quản lý chuỗi cung ứng,Nam,"D01 (Toán, Văn, Anh)",3,4,3,3,4,3,4,4,3,4,5.25,,7.0,7.8,,,,,,,1,Đi làm,,2,0.5,3.3851918216247086,0,0.5270462766947299,7510605,3
8/13/2026 10:21,Công nghệ vật liệu,Nam,"A00 (Toán, Lý, Hóa)",2,4,3,3,4,5,4,2,3,3,,,,8.0,,,,5.75,7.75,,4,Chưa xác định,,2,0.9,9.827034121657835,0,0.9486832980505138,7510402,6
8/13/2026 10:23,Khoa học dữ liệu,Nữ,"A00 (Toán, Lý, Hóa)",5,1,5,4,5,5,5,5,5,5,,,,8.25,,,,8.0,8.25,,4,Chưa xác định,,6,1.2041594578792296,10.40873024679227,0,1.2692955176439846,7460108,0
8/13/2026 10:24,Khoa học dữ liệu,Nữ,"A01 (Toán, Lý, Anh)",4,3,2,3,4,4,4,1,4,3,,,7.5,7.5,,,,7.3,,,4,Chưa xác định,,3,0.9797958971132712,17.594108184347167,0,1.0327955589886444,7460108,0
8/13/2026 10:25,Công nghệ tài chính,Nữ,"A01 (Toán, Lý, Anh)",5,2,5,3,3,1,1,2,4,2,,,8.25,5.25,,,,5.25,,,1,Đi làm,,2,1.4000000000000001,12.12296457796345,0,1.4757295747452437,7340205,2
8/13/2026 10:26,Ngôn ngữ Anh,Nam,"A00 (Toán, Lý, Hóa)",5,1,3,4,5,5,2,5,4,1,,,,7.5,,,,6.25,7.75,,1,Đi làm,,2,1.5652475842498528,20.368917532448933,0,1.6499158227686108,7220201,8
8/13/2026 10:28,Công nghệ chế tạo máy,Nam,"C01 (Văn, Toán, Lý)",4,1,4,3,5,5,4,3,4,3,8.0,,,7.75,,,,4.5,,,1,Đi làm,,2,1.1135528725660042,11.667799634908214,0,1.1737877907772674,7510202,5
8/13/2026 10:28,Quản trị kinh doanh,Nam,"D01 (Toán, Văn, Anh)",4,2,4,3,2,1,1,3,5,4,7.5,,3.5,7.25,,,,,,,3,Kinh doanh,,2,1.3,15.082377424352735,0,1.3703203194062976,7340101,1
8/13/2026 10:30,Công nghệ kỹ thuật cơ điện tử,Nam,"A01 (Toán, Lý, Anh)",3,3,5,4,4,4,4,3,2,2,,,4.5,6.3,,,,5.5,,,4,Chưa xác định,,4,0.9165151389911681,9.816671964005254,0,0.9660917830792959,7510203,5
8/13/2026 10:31,Khoa học dữ liệu,Nam,"C01 (Văn, Toán, Lý)",2,3,3,5,4,3,2,1,4,5,6.25,,,8.5,,,,7.0,,,2,Nghiên cứu,,2,1.2489995996796797,21.8384958172805,0,1.3165611772087666,7460108,0
8/13/2026 10:33,Khoa học dinh dưỡng và ẩm thực,Nữ,"B00 (Toán, Hóa, Sinh)",3,2,2,3,3,5,3,5,3,1,,,,7.75,,,,,6.75,7.0,1,Đi làm,,2,1.1832159566199232,13.169736024633357,0,1.247219128924647,7819009,4
8/13/2026 10:33,Logistics và quản lý chuỗi cung ứng,Nữ,"A00 (Toán, Lý, Hóa)",3,4,3,4,4,2,5,5,4,3,,,,6.1,,,,6.35,6.25,,1,Đi làm,,2,0.9,12.381669745381144,0,0.9486832980505138,7510605,3
8/13/2026 10:35,Công nghệ tài chính,Nữ,"D01 (Toán, Văn, Anh)",1,1,1,1,2,3,2,2,3,4,8.0,,7.1,8.0,,,,,,,3,Kinh doanh,,4,1.0,20.950701391768497,0,1.0540925533894598,7340205,2
8/13/2026 10:40,Trí tuệ nhân tạo,Nam,"C01 (Văn, Toán, Lý)",2,2,4,4,4,4,2,5,1,5,9.0,,,9.0,,,,8.0,,,1,Đi làm,,4,1.3453624047073711,27.160224339043765,0,1.4181364924121764,7480107,0
8/13/2026 10:40,Công nghệ chế tạo máy,Nam,"D01 (Toán, Văn, Anh)",4,3,4,3,5,4,4,4,3,4,7.0,,4.5,5.5,,,,,,,1,Đi làm,,3,0.6,4.659397200251234,0,0.6324555320336759,7510202,5
8/13/2026 10:49,An toàn thông tin,Nam,"A01 (Toán, Lý, Anh)",4,2,4,4,4,4,4,4,4,4,,,6.25,8.5,,,,7.0,,,3,Kinh doanh,,8,0.6,2.3459817260643554,0,0.6324555320336759,7480202,0
8/13/2026 10:54,Công nghệ kỹ thuật môi trường,Nữ,"D07 (Toán, Hóa, Anh)",3,2,3,3,4,2,4,2,3,2,,,9.25,9.0,,,,,6.75,,1,Đi làm,,2,0.7483314773547882,8.125022702857008,0,0.7888106377466155,7510406,7
8/13/2026 11:02,Quản trị kinh doanh,Nữ,"D01 (Toán, Văn, Anh)",4,3,5,5,5,5,4,5,5,5,7.0,,6.0,7.0,,,,,,,3,Kinh doanh,,4,0.6633249580710798,6.620468488349731,0,0.699205898780101,7340101,1
8/13/2026 11:02,Công nghệ kỹ thuật điều khiển và TĐH,Nam,"A00 (Toán, Lý, Hóa)",5,2,4,5,5,3,3,4,5,5,,,,7.4,,,,6.75,7.25,,3,Kinh doanh,,2,1.0440306508910548,10.428152099643388,0,1.1005049346146119,7510303,5
8/13/2026 11:05,Tài chính ngân hàng,Nam,"A00 (Toán, Lý, Hóa)",3,3,2,3,3,3,5,4,3,3,,,,6.0,,,,5.75,5.0,,1,Đi làm,,3,0.7483314773547882,8.497815168259908,0,0.7888106377466155,7340201,2
8/13/2026 11:06,Khoa học dinh dưỡng và ẩm thực,Nam,"B00 (Toán, Hóa, Sinh)",4,1,3,3,5,4,5,4,3,3,,,,7.25,,,,,5.35,4.75,2,Nghiên cứu,,2,1.118033988749895,11.061070578470964,0,1.1785113019775793,7819009,4
8/13/2026 11:06,Ngôn ngữ Anh,Nữ,"A00 (Toán, Lý, Hóa)",4,4,4,4,5,5,5,5,4,5,,,,7.5,,,,8.0,7.75,,2,Nghiên cứu,,4,0.5,3.835873856260415,0,0.5270462766947299,7220201,8
8/13/2026 11:09,Công nghệ kỹ thuật điện - điện tử,Nam,"A01 (Toán, Lý, Anh)",4,4,2,4,3,4,3,4,2,3,,,6.0,7.0,,,,8.0,,,1,Đi làm,,2,0.7810249675906654,11.89616476843258,0,0.8232726023485646,7510301,5
8/13/2026 11:10,Quản trị khách sạn,Nữ,"C00 (Văn, Sử, Địa)",4,4,5,5,5,4,5,5,5,5,8.75,7.0,,,,,9.0,,,,1,Đi làm,,4,0.45825756949558405,4.890865694335136,0,0.48304589153964794,7810201,4
8/13/2026 11:13,Công nghệ thông tin,Nam,"A01 (Toán, Lý, Anh)",3,4,3,4,4,4,2,5,2,3,,,7.25,8.0,,,,5.0,,,1,Đi làm,,3,0.9165151389911681,10.502792214254871,0,0.9660917830792959,7480201,0
8/13/2026 11:13,Công nghệ thông tin,Nữ,"D07 (Toán, Hóa, Anh)",2,4,4,4,3,4,2,4,3,3,,,7.5,8.8,,,,,7.5,,4,Chưa xác định,,3,0.7810249675906654,8.557465148144725,0,0.8232726023485646,7480201,0
8/13/2026 11:13,Công nghệ thông tin,Nữ,"A00 (Toán, Lý, Hóa)",3,2,3,3,3,3,3,3,3,3,,,,8.8,,,,7.0,7.0,,1,Đi làm,,8,0.3,1.3915097250630284,0,0.31622776601683794,7480201,0
8/13/2026 11:14,Kỹ thuật nhiệt,Nam,"A01 (Toán, Lý, Anh)",5,5,5,5,5,5,4,4,5,5,,,5.0,7.0,,,,7.0,,,1,Đi làm,,6,0.39999999999999997,6.819779988839924,0,0.4216370213557839,7520115,6
8/13/2026 11:25,Công nghệ kỹ thuật hóa học,Nữ,"B00 (Toán, Hóa, Sinh)",5,3,3,5,3,4,3,5,2,5,,,,7.25,,,,,7.25,6.5,2,Nghiên cứu,,2,1.077032961426901,20.56933118935394,0,1.1352924243950935,7510401,6
8/13/2026 11:25,Công nghệ kỹ thuật cơ điện tử,Nam,"A00 (Toán, Lý, Hóa)",3,3,5,5,5,5,5,5,4,5,,,,8.0,,,,8.0,8.0,,4,Chưa xác định,,6,0.806225774829855,8.33582768298825,0,0.8498365855987975,7510203,5
8/13/2026 11:27,Ngôn ngữ Trung Quốc,Nữ,"C02 (Văn, Toán, Hóa)",2,4,3,3,4,4,2,5,2,3,6.5,,,7.75,,,,,7.0,,3,Kinh doanh,,2,0.9797958971132712,11.0185533327548,0,1.0327955589886444,7220204,8
8/13/2026 11:28,Công nghệ thông tin,Nữ,"D01 (Toán, Văn, Anh)",3,3,3,3,4,4,4,4,4,4,8.75,,4.0,6.5,,,,,,,3,Kinh doanh,,6,0.48989794855663565,2.280376065450266,0,0.5163977794943223,7480201,0
8/13/2026 11:28,Ngôn ngữ Trung Quốc,Nam,"A00 (Toán, Lý, Hóa)",5,2,4,4,4,5,5,5,5,5,,,,5.5,,,,2.6,4.5,,1,Đi làm,,5,0.9165151389911679,5.876807659366188,0,0.9660917830792959,7220204,8
8/13/2026 11:30,Công nghệ kỹ thuật hóa học,Nữ,"A00 (Toán, Lý, Hóa)",2,5,4,4,4,5,4,4,4,4,,,,7.0,,,,7.0,7.5,,4,Chưa xác định,,4,0.7745966692414834,5.8394944184265025,0,0.816496580927726,7510401,6
8/13/2026 11:30,Trí tuệ nhân tạo,Nam,"A01 (Toán, Lý, Anh)",5,2,5,4,5,3,2,2,3,1,,,5.25,6.75,,,,5.75,,,1,Đi làm,,2,1.4000000000000001,12.978316750090674,0,1.4757295747452437,7480107,0
8/13/2026 11:31,Quản trị kinh doanh,Nam,"D14 (Văn, Anh, Sử)",4,1,5,1,4,3,5,5,4,5,7.5,,2.25,,,,7.0,,,,4,Chưa xác định,,2,1.4866068747318506,20.499409037977767,0,1.5670212364724212,7340101,1
8/13/2026 11:32,Công nghệ kỹ thuật điện - điện tử,Nam,"A00 (Toán, Lý, Hóa)",4,2,4,4,4,5,2,4,5,2,,,,7.25,,,,6.0,5.85,,3,Kinh doanh,,3,1.1135528725660044,15.065565284124585,0,1.1737877907772674,7510301,5
8/13/2026 11:34,Đảm bảo chất lượng và an toàn thực phẩm,Nam,"A00 (Toán, Lý, Hóa)",2,4,5,5,5,5,4,3,2,4,,,,7.5,,,,5.0,5.25,,4,Chưa xác định,,4,1.1357816691600546,13.674622974908782,0,1.1972189997378648,7540106,7
8/13/2026 11:35,An toàn thông tin,Nam,"C01 (Văn, Toán, Lý)",1,3,3,2,3,2,4,3,3,3,6.5,,,6.25,,,,4.75,,,4,Chưa xác định,,3,0.7810249675906654,9.375353727431287,0,0.8232726023485646,7480202,0
8/13/2026 12:09,Du lịch,Nam,"A00 (Toán, Lý, Hóa)",4,1,2,3,2,2,2,5,2,2,,,,7.75,,,,5.0,5.75,,1,Đi làm,,3,1.118033988749895,12.483236773959748,0,1.1785113019775793,7810101,4
8/13/2026 13:06,Công nghệ tài chính,Nữ,"A00 (Toán, Lý, Hóa)",5,1,3,4,2,2,2,1,2,2,,,,5.5,,,,5.5,6.5,,1,Đi làm,,3,1.2,12.168414590546167,0,1.2649110640673518,7340205,2
8/13/2026 13:10,Ngôn ngữ Trung Quốc,Nữ,"D09 (Toán, Sử, Anh)",5,3,5,2,4,1,2,2,2,4,,,7.0,8.0,,,6.25,,,,1,Đi làm,,3,1.3416407864998738,15.904584236515374,0,1.4142135623730951,7220204,8
8/13/2026 13:15,Khoa học dinh dưỡng và ẩm thực,Nữ,"D07 (Toán, Hóa, Anh)",2,2,2,4,5,4,3,4,2,2,,,9.5,7.0,,,,,6.5,,1,Đi làm,,3,1.0954451150103321,10.300427959262048,0,1.1547005383792515,7819009,4
8/13/2026 13:19,Marketing,Nữ,"A01 (Toán, Lý, Anh)",4,2,4,4,2,2,1,1,4,2,,,5.25,6.0,,,,6.75,,,1,Đi làm,,2,1.2,10.898927821215713,0,1.2649110640673518,7340115,1
8/13/2026 13:24,Công nghệ tài chính,Nam,"D01 (Toán, Văn, Anh)",4,1,4,5,3,2,1,2,4,3,6.75,,6.5,6.75,,,,,,,1,Đi làm,,1,1.3,11.008950490824171,0,1.3703203194062978,7340205,2
8/13/2026 13:27,Quản lý tài nguyên và môi trường,Nữ,"A00 (Toán, Lý, Hóa)",2,2,3,5,4,2,5,2,2,1,,,,8.75,,,,7.5,9.5,,1,Đi làm,,2,1.32664991614216,23.496898245739626,0,1.398411797560202,7850101,7
8/13/2026 13:31,Luật kinh tế,Nam,"A00 (Toán, Lý, Hóa)",4,2,3,4,4,2,1,1,5,2,,,,7.5,,,,8.5,7.75,,1,Đi làm,,2,1.3266499161421599,13.769885136382003,0,1.3984117975602022,7380107,8
8/13/2026 13:33,Khoa học chế biến món ăn,Nữ,"B00 (Toán, Hóa, Sinh)",2,3,3,5,5,5,2,5,3,1,,,,5.0,,,,,8.5,5.0,1,Đi làm,,3,1.42828568570857,17.662413718984453,0,1.505545305418162,7819010,4
8/13/2026 13:37,Ngôn ngữ Anh,Nữ,"D01 (Toán, Văn, Anh)",4,1,3,2,4,1,1,1,2,3,8.0,,7.75,7.5,,,,,,,1,Đi làm,,3,1.1661903789690602,13.420058900655985,0,1.2292725943057183,7220201,8
8/13/2026 13:43,Công nghệ vật liệu,Nam,"D07 (Toán, Hóa, Anh)",3,3,3,5,3,4,3,3,3,1,,,7.75,8.75,,,,,5.75,,1,Đi làm,,3,0.9433981132056604,8.706450430626592,0,0.9944289260117533,7510402,6
8/13/2026 13:46,Kế toán,Nam,"A01 (Toán, Lý, Anh)",4,2,4,5,2,2,2,1,2,3,,,8.5,7.5,,,,7.25,,,1,Đi làm,,3,1.1874342087037917,12.347730155720296,0,1.2516655570345725,7340301,2
8/13/2026 13:48,Trí tuệ nhân tạo,Nam,"A00 (Toán, Lý, Hóa)",1,5,4,5,5,1,2,2,2,2,,,,7.5,,,,5.75,7.75,,1,Đi làm,,4,1.5779733838059498,14.574680485508551,0,1.66332999331662,7480107,0
8/13/2026 13:51,Công nghệ chế biến thủy sản,Nữ,"B00 (Toán, Hóa, Sinh)",3,2,3,4,3,3,3,4,2,1,,,,7.5,,,,,8.5,6.25,1,Đi làm,,3,0.8717797887081347,7.394439143454793,0,0.9189365834726815,7540105,7
8/13/2026 13:57,Công nghệ kỹ thuật điện - điện tử,Nam,"D07 (Toán, Hóa, Anh)",1,5,4,5,5,2,2,1,2,1,,,7.5,8.25,,,,,8.5,,1,Đi làm,,2,1.6613247725836149,13.456579647543737,0,1.7511900715418263,7510301,5
8/13/2026 14:01,Quản trị khách sạn,Nữ,"C00 (Văn, Sử, Địa)",5,1,3,3,3,2,2,5,3,2,7.0,7.0,,,,,9.0,,,,3,Kinh doanh,,3,1.2206555615733703,10.778102787404718,0,1.286683937707919,7810201,4
8/13/2026 14:07,Công nghệ kỹ thuật điện - điện tử,Nữ,"D07 (Toán, Hóa, Anh)",3,2,4,5,5,1,1,2,2,1,,,6.75,8.25,,,,,9.25,,1,Đi làm,,2,1.4966629547095764,11.864108472187514,0,1.577621275493231,7510301,5
8/13/2026 14:11,Quản trị nhà hàng và dịch vụ ăn uống,Nam,"D01 (Toán, Văn, Anh)",4,2,2,3,2,1,1,4,2,3,5.25,,6.75,8.75,,,,,,,1,Đi làm,,2,1.019803902718557,12.354566833455854,0,1.07496769977314,7810202,4
8/13/2026 14:16,Công nghệ kỹ thuật cơ điện tử,Nữ,"C01 (Văn, Toán, Lý)",3,3,4,4,3,2,1,2,2,1,8.5,,,9.25,,,,6.25,,,1,Đi làm,,2,1.02469507659596,5.553282919156714,0,1.0801234497346435,7510203,5
8/13/2026 14:20,Công nghệ kỹ thuật điện - điện tử,Nam,"A00 (Toán, Lý, Hóa)",3,5,4,4,4,2,1,1,1,1,,,,5.25,,,,8.75,8.75,,3,Kinh doanh,,4,1.4966629547095767,13.191902290883526,0,1.577621275493231,7510301,5
8/13/2026 14:25,Công nghệ kỹ thuật điện - điện tử,Nam,"D07 (Toán, Hóa, Anh)",3,2,3,4,3,1,2,1,2,2,,,7.75,8.75,,,,,6.5,,1,Đi làm,,2,0.9,5.821882178189857,0,0.9486832980505138,7510301,5
8/13/2026 14:31,Công nghệ vật liệu,Nữ,"D07 (Toán, Hóa, Anh)",2,2,2,5,3,4,3,2,3,1,,,8.5,5.25,,,,,9.25,,1,Đi làm,,3,1.1,12.671362319269882,0,1.1595018087284057,7510402,6
8/13/2026 14:35,Quản trị nhà hàng và dịch vụ ăn uống,Nam,"D01 (Toán, Văn, Anh)",4,1,2,2,3,2,2,4,3,3,9.0,,8.0,8.75,,,,,,,1,Đi làm,,2,0.9165151389911681,7.477612981808637,0,0.9660917830792959,7810202,4
8/13/2026 14:38,Luật kinh tế,Nữ,"D01 (Toán, Văn, Anh)",4,2,2,4,5,2,1,1,4,1,8.0,,6.75,7.0,,,,,,,3,Kinh doanh,,2,1.42828568570857,16.962446305317297,0,1.5055453054181622,7380107,8
8/13/2026 14:41,Công nghệ kỹ thuật điều khiển và TĐH,Nam,"A01 (Toán, Lý, Anh)",3,5,4,4,3,1,2,2,1,2,,,8.75,6.5,,,,9.5,,,1,Đi làm,,2,1.2688577540449522,11.113301623178163,0,1.3374935098492586,7510303,5
8/13/2026 14:47,Luật,Nam,"X01 (Toán, Văn, GDKT&PL)",4,3,2,5,5,2,1,2,5,2,9.0,,,9.5,6.5,,,,,,1,Đi làm,,2,1.445683229480096,20.356122962918246,0,1.5238839267549948,7380101,8
8/13/2026 14:52,Khoa học dữ liệu,Nữ,"A00 (Toán, Lý, Hóa)",1,5,4,5,5,1,2,1,1,2,,,,6.0,,,,9.5,9.5,,1,Đi làm,,2,1.7349351572897473,17.975042358680255,0,1.8287822299126937,7460108,0
8/13/2026 14:55,Công nghệ tài chính,Nữ,"A01 (Toán, Lý, Anh)",5,2,5,4,3,2,1,2,4,2,,,7.5,8.0,,,,8.5,,,1,Đi làm,,1,1.3416407864998738,10.298733918971914,0,1.4142135623730951,7340205,2
8/13/2026 15:01,Công nghệ vật liệu,Nữ,"D07 (Toán, Hóa, Anh)",3,2,2,3,3,5,2,3,3,1,,,9.0,7.75,,,,,6.25,,1,Đi làm,,2,1.004987562112089,12.977308934650962,0,1.0593499054713802,7510402,6
8/13/2026 15:38,"Công nghệ dệt, may",Nữ,"B08 (Toán Sinh, Anh)",5,4,5,4,5,4,5,5,5,5,,,7.0,8.0,,,,,,8.0,1,Đi làm,,4,0.45825756949558405,4.493379849601481,0,0.48304589153964794,7540204,6
8/13/2026 15:38,Công nghệ sinh học,Nữ,"B08 (Toán Sinh, Anh)",5,1,5,5,5,5,5,5,5,5,,,5.0,7.75,,,,,,9.0,1,Đi làm,,8,1.2,11.445409018124778,0,1.2649110640673518,7420201,7
8/13/2026 15:39,Công nghệ sinh học,Nữ,"A01 (Toán, Lý, Anh)",2,5,4,3,5,4,5,4,4,5,,,6.0,6.0,,,,9.0,,,2,Nghiên cứu,,2,0.9433981132056604,8.334972968575128,0,0.9944289260117531,7420201,7
8/13/2026 15:39,Công nghệ sinh học,Nữ,"B08 (Toán Sinh, Anh)",4,3,3,2,4,4,3,4,5,3,,,5.0,7.0,,,,,,8.0,2,Nghiên cứu,,2,0.806225774829855,10.058466705252718,0,0.8498365855987975,7420201,7
8/13/2026 15:43,Công nghệ thực phẩm,Nữ,"B00 (Toán, Hóa, Sinh)",3,2,2,5,3,3,3,5,4,5,,,,8.25,,,,,8.4,8.0,2,Nghiên cứu,,3,1.118033988749895,19.965321921213263,0,1.1785113019775793,7540101,7
8/13/2026 15:44,Công nghệ thực phẩm,Nữ,"B00 (Toán, Hóa, Sinh)",3,4,3,3,3,4,4,4,4,4,,,,7.3,,,,,8.0,7.5,2,Nghiên cứu,,5,0.48989794855663565,3.3713583406462675,0,0.5163977794943223,7540101,7
8/13/2026 15:44,Luật kinh tế,Nữ,"A00 (Toán, Lý, Hóa)",3,3,3,4,4,3,3,3,4,4,,,,8.25,,,,8.0,8.0,,1,Đi làm,,3,0.48989794855663565,3.5191290607719155,0,0.5163977794943223,7380107,8
8/13/2026 15:47,Quản trị dịch vụ du lịch và lữ hành,Nữ,"D01 (Toán, Văn, Anh)",4,2,4,4,4,5,5,5,4,4,9.0,,7.0,7.0,,,,,,,3,Kinh doanh,,3,0.8306623862918073,4.826454351016463,0,0.875595035770913,7810103,4
8/13/2026 15:47,Quản trị dịch vụ du lịch và lữ hành,Nữ,"D01 (Toán, Văn, Anh)",3,3,4,4,4,1,4,1,5,5,7.0,,8.0,7.0,,,,,,,1,Đi làm,,3,1.3564659966250538,21.2502755251163,0,1.4298407059684812,7810103,4
8/13/2026 15:47,Quản trị dịch vụ du lịch và lữ hành,Nữ,"C00 (Văn, Sử, Địa)",3,5,4,5,4,3,5,5,5,4,8.25,9.0,,,,,8.0,,,,4,Chưa xác định,,3,0.7810249675906654,9.85490738635769,0,0.8232726023485646,7810103,4
8/13/2026 15:50,"Công nghệ dệt, may",Nữ,"A00 (Toán, Lý, Hóa)",3,4,3,3,4,3,4,3,4,3,,,,7.0,,,,7.0,7.0,,1,Đi làm,,2,0.48989794855663565,3.864516226328457,0,0.5163977794943223,7540204,6
8/13/2026 15:51,"Công nghệ dệt, may",Nữ,"D01 (Toán, Văn, Anh)",3,5,5,5,4,4,5,5,5,5,9.0,,8.0,8.0,,,,,,,1,Đi làm,,4,0.6633249580710798,7.671919645205927,0,0.699205898780101,7540204,6
8/13/2026 15:51,Đảm bảo chất lượng và an toàn thực phẩm,Nữ,"D01 (Toán, Văn, Anh)",5,2,3,2,2,3,3,3,3,3,7.0,,7.0,8.0,,,,,,,3,Kinh doanh,,5,0.8306623862918073,8.342919658079047,0,0.875595035770913,7540106,7
8/13/2026 15:55,Luật kinh tế,Nữ,"C00 (Văn, Sử, Địa)",3,2,3,3,3,3,3,4,3,3,8.0,9.2,,,,,8.9,,,,1,Đi làm,,5,0.4472135954999579,1.8103814844850914,0,0.4714045207910317,7380107,8
8/13/2026 15:56,Luật kinh tế,Nữ,"C00 (Văn, Sử, Địa)",3,4,3,3,3,3,3,3,3,3,8.8,7.8,,,,,8.0,,,,1,Đi làm,,8,0.3,1.9875575373100136,0,0.31622776601683794,7380107,8
8/13/2026 15:56,Công nghệ thông tin,Nữ,"A00 (Toán, Lý, Hóa)",5,1,5,5,5,3,5,5,3,4,,,,7.8,,,,8.5,7.0,,3,Kinh doanh,,3,1.3,17.14633654055104,0,1.3703203194062978,7480201,0
8/13/2026 15:56,Công nghệ vật liệu,Nữ,"C02 (Văn, Toán, Hóa)",3,4,3,3,3,3,3,3,3,3,7.5,,,7.0,,,,,6.0,,4,Chưa xác định,,8,0.3,1.9875575373100136,0,0.31622776601683794,7510402,6
8/13/2026 15:56,Marketing,Nữ,"A01 (Toán, Lý, Anh)",4,3,4,4,4,3,3,4,4,4,,,6.0,7.0,,,,8.5,,,1,Đi làm,,3,0.45825756949558405,1.4693993882628433,0,0.48304589153964794,7340115,1
8/13/2026 15:56,Công nghệ tài chính,Nữ,"D01 (Toán, Văn, Anh)",3,5,4,2,4,4,4,4,4,4,8.5,,6.8,7.0,,,,,,,1,Đi làm,,6,0.7483314773547882,7.976011424628636,0,0.7888106377466155,7340205,2
8/13/2026 15:56,Luật kinh tế,Nữ,"A01 (Toán, Lý, Anh)",4,4,5,5,5,4,5,5,5,5,,,6.0,7.0,,,,8.0,,,3,Kinh doanh,,4,0.45825756949558405,4.890865694335136,0,0.48304589153964794,7380107,8
8/13/2026 15:56,Marketing,Nữ,"C01 (Văn, Toán, Lý)",3,3,4,3,3,3,4,5,3,4,8.5,,,8.9,,,,8.5,,,1,Đi làm,,3,0.6708203932499369,4.862360938254636,0,0.7071067811865476,7340115,1
8/13/2026 15:59,Công nghệ vật liệu,Nam,"A00 (Toán, Lý, Hóa)",4,4,3,5,4,5,5,3,5,5,,,,7.6,,,,8.0,6.5,,1,Đi làm,,2,0.7810249675906654,12.503745383004107,0,0.8232726023485646,7510402,6
8/13/2026 16:00,Luật kinh tế,Nữ,"C00 (Văn, Sử, Địa)",4,4,3,3,4,2,4,4,3,3,8.5,9.25,,,,,7.4,,,,1,Đi làm,,2,0.66332495807108,7.329208470842798,0,0.6992058987801011,7380107,8
8/13/2026 16:00,Luật kinh tế,Nữ,"C00 (Văn, Sử, Địa)",3,5,4,4,4,4,4,4,4,4,8.0,8.8,,,,,8.8,,,,1,Đi làm,,8,0.4472135954999579,2.4901419180320463,0,0.4714045207910317,7380107,8
8/13/2026 16:02,Công nghệ thông tin,Nam,"A00 (Toán, Lý, Hóa)",5,1,4,5,5,1,4,4,4,3,,,,8.0,,,,8.0,8.0,,1,Đi làm,,3,1.42828568570857,19.608485141739006,0,1.5055453054181622,7480201,0
8/13/2026 16:03,Quản trị khách sạn,Nam,"D01 (Toán, Văn, Anh)",5,1,4,3,5,4,4,5,5,4,8.5,,7.6,8.2,,,,,,,3,Kinh doanh,,2,1.1832159566199232,9.342517049768881,0,1.247219128924647,7810201,4
8/13/2026 16:03,Khoa học dữ liệu,Nam,"A01 (Toán, Lý, Anh)",3,4,5,5,5,4,4,5,5,3,,,10.0,9.0,,,,8.0,,,2,Nghiên cứu,,3,0.7810249675906654,8.72093245920167,0,0.8232726023485646,7460108,0
8/13/2026 16:04,Công nghệ sinh học,Nam,"B00 (Toán, Hóa, Sinh)",3,4,4,4,4,3,4,3,2,4,,,,7.0,,,,,8.0,6.5,4,Chưa xác định,,4,0.6708203932499369,5.9621177717987806,0,0.7071067811865476,7420201,7
8/13/2026 16:04,Công nghệ kỹ thuật điều khiển và TĐH,Nam,"A01 (Toán, Lý, Anh)",3,3,3,3,4,3,2,4,4,2,,,7.0,8.5,,,,9.5,,,2,Nghiên cứu,,4,0.7,5.967882489203624,0,0.7378647873726218,7510303,5
8/13/2026 16:23,Công nghệ kỹ thuật điện - điện tử,Nam,"A00 (Toán, Lý, Hóa)",3,3,5,4,3,3,3,5,5,4,,,,8.5,,,,8.5,8.5,,1,Đi làm,,3,0.8717797887081347,12.187726650449513,0,0.9189365834726815,7510301,5
8/13/2026 16:24,Công nghệ chế tạo máy,Nam,"A01 (Toán, Lý, Anh)",1,3,2,3,2,1,1,4,2,2,,,7.0,7.0,,,,6.0,,,1,Đi làm,,2,0.9433981132056604,12.726757927776541,0,0.9944289260117533,7510202,5
8/13/2026 16:29,Công nghệ kỹ thuật điện - điện tử,Nam,"A01 (Toán, Lý, Anh)",5,1,5,5,1,1,1,1,5,1,,,6.0,5.0,,,,6.0,,,1,Đi làm,,4,1.9595917942265426,32.19946084180652,1,2.0655911179772892,7510301,5
8/13/2026 16:29,Công nghệ kỹ thuật cơ điện tử,Nam,"A00 (Toán, Lý, Hóa)",3,3,3,3,3,3,2,4,3,1,,,,6.0,,,,5.0,6.0,,4,Chưa xác định,,6,0.7483314773547882,7.083505569830605,0,0.7888106377466155,7510203,5
8/13/2026 16:29,Công nghệ kỹ thuật điện - điện tử,Nam,"D01 (Toán, Văn, Anh)",4,2,4,5,5,5,5,4,4,3,8.0,,8.0,7.0,,,,,,,1,Đi làm,,4,0.9433981132056604,7.511149298879372,0,0.9944289260117531,7510301,5
8/13/2026 16:30,"Công nghệ dệt, may",Nữ,"D01 (Toán, Văn, Anh)",5,4,4,4,4,4,4,4,4,4,8.0,,5.0,5.5,,,,,,,1,Đi làm,,9,0.29999999999999993,3.1893831688445213,0,0.31622776601683794,7540204,6
8/13/2026 16:30,"Công nghệ dệt, may",Nữ,"D01 (Toán, Văn, Anh)",1,3,1,3,1,1,4,5,1,1,8.5,,5.0,5.0,,,,,,,1,Đi làm,,2,1.445683229480096,31.53096364679705,1,1.5238839267549948,7540204,6
8/13/2026 16:32,"Công nghệ dệt, may",Nữ,"D01 (Toán, Văn, Anh)",4,3,4,4,4,4,4,4,4,4,8.0,,5.0,6.0,,,,,,,3,Kinh doanh,,8,0.3,0.865077786066259,0,0.31622776601683794,7540204,6
8/13/2026 16:33,"Công nghệ dệt, may",Nữ,"A01 (Toán, Lý, Anh)",4,3,4,4,4,3,5,3,3,5,,,7.0,7.0,,,,6.0,,,3,Kinh doanh,,3,0.7483314773547882,9.40705995327405,0,0.7888106377466155,7540204,6
8/13/2026 16:33,Công nghệ kỹ thuật cơ điện tử,Nam,"D01 (Toán, Văn, Anh)",5,1,5,5,5,5,5,5,5,4,8.25,,6.0,9.2,,,,,,,4,Chưa xác định,,7,1.2041594578792296,11.180046765126988,0,1.2692955176439846,7510203,5
8/13/2026 16:33,Kinh doanh quốc tế,Nam,"D01 (Toán, Văn, Anh)",3,2,4,4,4,4,3,3,3,3,9.0,,7.0,8.0,,,,,,,1,Đi làm,,4,0.6403124237432849,3.511292456757423,0,0.6749485577105528,7340120,1
8/13/2026 16:34,"Công nghệ dệt, may",Nữ,"A00 (Toán, Lý, Hóa)",4,4,4,5,5,3,4,4,5,5,,,,7.0,,,,6.8,7.0,,3,Kinh doanh,,3,0.6403124237432849,6.967785712825794,0,0.6749485577105528,7540204,6
8/13/2026 16:39,Kỹ thuật nhiệt,Nam,"D01 (Toán, Văn, Anh)",3,2,3,3,3,3,3,3,3,3,6.0,,6.0,7.0,,,,,,,1,Đi làm,,8,0.3,1.3915097250630284,0,0.31622776601683794,7520115,6
8/13/2026 16:39,Kỹ thuật nhiệt,Nam,"D01 (Toán, Văn, Anh)",5,5,5,5,5,5,5,4,5,5,2.5,,5.0,8.25,,,,,,,1,Đi làm,,7,0.3,6.151287026819308,0,0.31622776601683794,7520115,6
8/13/2026 16:39,Công nghệ kỹ thuật điện - điện tử,Nam,"A00 (Toán, Lý, Hóa)",4,4,5,4,4,5,5,4,4,5,,,,8.0,,,,7.25,8.5,,1,Đi làm,,2,0.4898979485566356,4.873434198526574,0,0.5163977794943222,7510301,5
8/13/2026 16:40,Kỹ thuật nhiệt,Nam,"D01 (Toán, Văn, Anh)",5,1,5,5,3,5,5,5,3,3,7.0,,3.0,6.0,,,,,,,1,Đi làm,,3,1.3416407864998738,18.71819732576878,0,1.4142135623730951,7520115,6
8/13/2026 16:40,Kỹ thuật nhiệt,Nam,"A00 (Toán, Lý, Hóa)",5,5,3,3,3,3,3,4,4,5,,,,7.0,,,,6.0,8.0,,1,Đi làm,,5,0.8717797887081347,12.927649057181803,0,0.9189365834726815,7520115,6
8/13/2026 16:42,Công nghệ kỹ thuật cơ điện tử,Nam,"A00 (Toán, Lý, Hóa)",4,3,3,3,4,3,3,4,4,3,,,,7.0,,,,6.0,6.0,,1,Đi làm,,3,0.48989794855663565,2.67134673809911,0,0.5163977794943223,7510203,5
8/13/2026 16:44,Công nghệ chế tạo máy,Nam,"D01 (Toán, Văn, Anh)",1,1,2,4,1,5,5,5,5,5,7.0,,2.0,8.0,,,,,,,4,Chưa xác định,,5,1.8000000000000003,38.35099165368823,1,1.8973665961010278,7510202,5
8/13/2026 16:47,Luật,Nam,"A01 (Toán, Lý, Anh)",3,3,3,2,2,2,2,2,2,2,,,8.0,8.0,,,,8.0,,,2,Nghiên cứu,,7,0.45825756949558405,5.0966266960169255,0,0.48304589153964794,7380101,8
8/14/2026 8:42,Tài chính ngân hàng,Nữ,"A01 (Toán, Lý, Anh)",3,5,4,4,5,5,4,4,3,5,,,8.0,7.0,,,,6.0,,,2,Nghiên cứu,,2,0.7483314773547882,8.100206081804224,0,0.7888106377466155,7340201,2
8/14/2026 9:16,Marketing,Nữ,"D01 (Toán, Văn, Anh)",4,1,4,5,2,1,1,1,3,2,7.25,,7.0,6.0,,,,,,,1,Đi làm,,3,1.42828568570857,12.126733453750221,0,1.505545305418162,7340115,1
8/14/2026 9:18,Công nghệ kỹ thuật điều khiển và TĐH,Nam,"A00 (Toán, Lý, Hóa)",1,1,1,1,5,5,5,5,5,3,,,,7.0,,,,5.0,6.0,,4,Chưa xác định,,5,1.8867962264113207,30.792607029618964,1,1.9888578520235065,7510303,5
8/14/2026 9:19,Du lịch,Nam,"C00 (Văn, Sử, Địa)",5,1,5,5,5,5,5,5,5,5,8.0,9.0,,,,,8.0,,,,1,Đi làm,,8,1.2,11.445409018124778,0,1.2649110640673518,7810101,4
8/14/2026 9:22,Quản trị dịch vụ du lịch và lữ hành,Nam,"A01 (Toán, Lý, Anh)",5,1,2,3,3,1,2,3,3,2,,,5.75,9.0,,,,6.5,,,1,Đi làm,,2,1.118033988749895,10.254896347062928,0,1.1785113019775793,7810103,4
8/14/2026 9:26,Công nghệ chế tạo máy,Nam,"A00 (Toán, Lý, Hóa)",3,1,2,2,4,4,2,3,3,2,,,,5.0,,,,5.0,5.0,,1,Đi làm,,2,0.9165151389911681,10.291484819490773,0,0.9660917830792959,7510202,5
8/14/2026 9:28,Công nghệ vật liệu,Nữ,"A00 (Toán, Lý, Hóa)",3,3,2,3,4,5,2,3,3,1,,,,6.75,,,,7.0,5.0,,1,Đi làm,,2,1.0440306508910548,13.440361917994927,0,1.1005049346146119,7510402,6
8/14/2026 9:29,Quản trị kinh doanh,Nữ,"C02 (Văn, Toán, Hóa)",3,3,4,3,3,3,3,3,3,5,5.75,,,6.5,,,,,5.85,,3,Kinh doanh,,6,0.6403124237432849,5.754219852014077,0,0.6749485577105528,7340101,1
8/14/2026 9:33,Kinh doanh thời trang và dệt may,Nữ,"A01 (Toán, Lý, Anh)",3,2,4,3,3,1,2,2,2,4,,,8.75,6.0,,,,9.0,,,1,Đi làm,,3,0.9165151389911681,8.09280989356217,0,0.9660917830792959,7340123,3
8/14/2026 9:34,Ngôn ngữ Anh,Nữ,"A01 (Toán, Lý, Anh)",1,1,1,1,1,3,2,2,2,3,,,5.0,7.5,,,,8.0,,,1,Đi làm,,5,0.7810249675906654,17.187080739972323,0,0.8232726023485646,7220201,8
8/14/2026 9:34,Trí tuệ nhân tạo,Nữ,"A01 (Toán, Lý, Anh)",2,4,4,3,3,3,4,2,4,4,,,7.2,8.3,,,,6.5,,,1,Đi làm,,3,0.7810249675906654,8.328531446361602,0,0.8232726023485646,7480107,0
8/14/2026 9:36,Công nghệ vật liệu,Nam,"A01 (Toán, Lý, Anh)",3,3,3,5,5,5,2,2,3,2,,,6.0,5.25,,,,9.5,,,1,Đi làm,,3,1.1874342087037917,12.532173086698753,0,1.2516655570345725,7510402,6
8/14/2026 9:37,Công nghệ vật liệu,Nam,"A00 (Toán, Lý, Hóa)",3,3,4,3,4,5,4,3,3,3,,,,7.0,,,,7.0,7.1,,1,Đi làm,,3,0.6708203932499369,6.3708811908425576,0,0.7071067811865476,7510402,6
8/14/2026 9:37,Công nghệ thực phẩm,Nữ,"A00 (Toán, Lý, Hóa)",4,1,4,4,3,3,4,5,5,4,,,,8.0,,,,8.0,8.0,,3,Kinh doanh,,2,1.1,10.743264102876502,0,1.1595018087284057,7540101,7
8/14/2026 9:39,Tài chính ngân hàng,Nam,"A00 (Toán, Lý, Hóa)",4,2,5,5,3,2,4,5,5,4,,,,8.1,,,,8.0,8.4,,3,Kinh doanh,,2,1.1357816691600546,16.12449199977622,0,1.1972189997378648,7340201,2
8/14/2026 9:41,Ngôn ngữ Trung Quốc,Nữ,"D01 (Toán, Văn, Anh)",5,1,3,3,4,5,3,4,2,5,8.0,,8.0,8.0,,,,,,,1,Đi làm,,2,1.284523257866513,19.42246503247531,0,1.35400640077266,7220204,8
8/14/2026 9:43,Công nghệ chế biến thủy sản,Nam,"A00 (Toán, Lý, Hóa)",2,3,3,5,5,4,3,4,3,1,,,,9.5,,,,6.5,6.25,,1,Đi làm,,2,1.1874342087037917,9.602214777601926,0,1.2516655570345725,7540105,7
8/14/2026 9:44,Công nghệ kỹ thuật hóa học,Nam,"A00 (Toán, Lý, Hóa)",4,1,4,3,3,2,4,2,3,3,,,,6.0,,,,5.0,6.0,,1,Đi làm,,2,0.9433981132056604,9.611176403321638,0,0.9944289260117533,7510401,6
8/14/2026 9:47,Tài chính ngân hàng,Nữ,"A01 (Toán, Lý, Anh)",5,5,5,3,3,4,3,5,5,4,,,7.9,7.0,,,,6.7,,,1,Đi làm,,3,0.8717797887081347,14.783142010943171,0,0.9189365834726815,7340201,2
8/14/2026 9:47,Tài chính ngân hàng,Nam,"A00 (Toán, Lý, Hóa)",4,1,4,4,2,2,2,1,3,3,,,,6.75,,,,5.75,6.25,,1,Đi làm,,3,1.1135528725660042,9.732847187970584,0,1.1737877907772674,7340201,2
8/14/2026 9:48,Tài chính ngân hàng,Nữ,"D01 (Toán, Văn, Anh)",3,4,4,4,4,2,3,3,3,4,9.0,,6.75,6.5,,,,,,,3,Kinh doanh,,4,0.66332495807108,3.5034671155068327,0,0.6992058987801011,7340201,2
8/14/2026 9:53,Công nghệ kỹ thuật điều khiển và TĐH,Nữ,"C01 (Văn, Toán, Lý)",3,5,5,5,5,2,2,2,3,1,6.75,,,8.25,,,,5.5,,,1,Đi làm,,4,1.4866068747318506,11.93313120323257,0,1.567021236472421,7510303,5
8/14/2026 9:54,Quản lý tài nguyên và môi trường,Nam,"C03 (Văn, Toán, Sử)",1,1,3,3,3,3,5,2,1,5,6.5,,,4.5,,,7.1,,,,4,Chưa xác định,,4,1.4177446878757827,32.991252154445874,1,1.4944341180973264,7850101,7
8/14/2026 9:55,Quản trị nhà hàng và dịch vụ ăn uống,Nam,"C00 (Văn, Sử, Địa)",5,2,4,4,5,4,5,5,5,5,8.0,9.5,,,,,9.0,,,,3,Kinh doanh,,4,0.9165151389911679,6.773183657438115,0,0.9660917830792959,7810202,4
8/14/2026 9:58,Marketing,Nam,"D07 (Toán, Hóa, Anh)",5,1,3,5,3,2,1,1,4,3,,,5.25,8.25,,,,,9.0,,1,Đi làm,,2,1.4696938456699067,15.136800048907626,0,1.5491933384829668,7340115,1
8/14/2026 10:02,Trí tuệ nhân tạo,Nam,"D07 (Toán, Hóa, Anh)",1,4,4,5,5,1,1,2,3,1,,,8.25,6.0,,,,,6.75,,1,Đi làm,,2,1.6155494421403513,16.13806554151587,0,1.70293863659264,7480107,0
8/14/2026 10:03,Kinh doanh quốc tế,Nữ,"C01 (Văn, Toán, Lý)",3,3,3,4,4,3,3,3,3,4,6.75,,,8.0,,,,6.5,,,3,Kinh doanh,,4,0.45825756949558405,3.5258692231255213,0,0.48304589153964794,7340120,1
8/14/2026 10:05,Ngôn ngữ Trung Quốc,Nữ,"C00 (Văn, Sử, Địa)",3,4,3,3,5,5,5,4,2,5,5.0,5.85,,,,,8.0,,,,1,Đi làm,,3,1.044030650891055,14.457171110364486,0,1.1005049346146119,7220204,8
8/14/2026 10:06,Marketing,Nữ,"A00 (Toán, Lý, Hóa)",3,1,4,3,4,2,2,2,3,2,,,,6.0,,,,5.1,5.25,,1,Đi làm,,3,0.9165151389911681,6.73631341318386,0,0.9660917830792958,7340115,1
8/14/2026 10:09,Du lịch,Nữ,"C00 (Văn, Sử, Địa)",3,4,5,2,4,5,1,3,3,4,8.0,9.0,,,,,9.0,,,,2,Nghiên cứu,,2,1.2,28.305709942705768,0,1.2649110640673518,7810101,4
8/14/2026 10:09,Đảm bảo chất lượng và an toàn thực phẩm,Nam,"A00 (Toán, Lý, Hóa)",2,1,5,3,4,5,3,5,1,4,,,,6.75,,,,5.25,6.75,,1,Đi làm,,1,1.4866068747318506,29.000124480180084,0,1.5670212364724212,7540106,7
8/14/2026 10:09,Khoa học dinh dưỡng và ẩm thực,Nữ,"D07 (Toán, Hóa, Anh)",3,3,3,4,5,4,2,4,2,1,,,9.0,7.0,,,,,9.5,,3,Kinh doanh,,3,1.1357816691600546,10.324798651850472,0,1.1972189997378648,7819009,4
8/14/2026 10:09,Quản trị dịch vụ du lịch và lữ hành,Nữ,"C00 (Văn, Sử, Địa)",5,1,2,3,1,2,1,2,1,2,7.5,0.0,,,,,6.6,,,,1,Đi làm,,1,1.1832159566199232,17.12697989237776,0,1.247219128924647,7810103,4
8/14/2026 10:10,Quản trị kinh doanh thực phẩm,Nữ,"D01 (Toán, Văn, Anh)",2,3,3,3,5,3,3,3,4,4,8.0,,7.0,7.0,,,,,,,2,Nghiên cứu,,3,0.7810249675906654,8.518585806694182,0,0.8232726023485646,7340129,7
8/14/2026 10:11,Kế toán,Nữ,"C01 (Văn, Toán, Lý)",4,5,5,4,4,3,4,3,3,5,7.5,,,4.0,,,,4.0,,,4,Chưa xác định,,2,0.7745966692414834,7.274240887899251,0,0.816496580927726,7340301,2
8/14/2026 10:11,Logistics và quản lý chuỗi cung ứng,Nữ,"A00 (Toán, Lý, Hóa)",5,2,5,3,5,5,3,4,5,4,,,,8.5,,,,5.6,7.0,,3,Kinh doanh,,2,1.0440306508910548,12.855598114146847,0,1.1005049346146119,7510605,3
8/14/2026 10:12,Khoa học dinh dưỡng và ẩm thực,Nữ,"B00 (Toán, Hóa, Sinh)",4,2,5,3,3,4,3,3,3,3,,,,5.6,,,,,5.1,4.1,1,Đi làm,,4,0.7810249675906654,8.227244808718948,0,0.8232726023485646,7819009,4
8/14/2026 10:13,Công nghệ sinh học,Nữ,"B08 (Toán Sinh, Anh)",2,4,3,2,3,4,3,1,2,3,,,5.25,7.5,,,,,,6.35,1,Đi làm,,1,0.9,13.82038900570034,0,0.9486832980505138,7420201,7
8/14/2026 10:13,Quản trị kinh doanh thực phẩm,Nữ,"C02 (Văn, Toán, Hóa)",3,2,4,4,3,4,2,2,3,2,7.5,,,6.75,,,,,6.75,,1,Đi làm,,2,0.8306623862918074,7.617528710730381,0,0.8755950357709131,7340129,7
8/14/2026 10:14,Quản lý Công nghiệp,Nam,"A00 (Toán, Lý, Hóa)",5,2,5,5,2,2,1,2,3,3,,,,6.25,,,,5.5,7.0,,1,Đi làm,,2,1.4142135623730951,12.738485878417967,0,1.4907119849998598,7510601,3
8/14/2026 10:15,Công nghệ thông tin,Nữ,"D01 (Toán, Văn, Anh)",1,4,3,4,4,5,4,2,3,3,6.25,,6.25,8.0,,,,,,,1,Đi làm,,2,1.1,11.062742537861656,0,1.1595018087284057,7480201,0
8/14/2026 10:15,Ngôn ngữ Anh,Nam,"D01 (Toán, Văn, Anh)",3,4,4,4,5,4,5,5,3,2,5.5,,8.0,8.0,,,,,,,1,Đi làm,,3,0.9433981132056604,9.386237066019065,0,0.9944289260117533,7220201,8
8/14/2026 10:16,Quản trị dịch vụ du lịch và lữ hành,Nam,"D14 (Văn, Anh, Sử)",5,1,3,2,4,2,4,2,3,4,6.5,,6.0,,,,8.8,,,,1,Đi làm,,1,1.1832159566199232,16.063717087583264,0,1.247219128924647,7810103,4
8/14/2026 10:16,An toàn thông tin,Nam,"A01 (Toán, Lý, Anh)",2,5,4,4,3,4,5,3,4,5,,,5.5,7.25,,,,5.5,,,4,Chưa xác định,,2,0.9433981132056604,10.308776706817422,0,0.9944289260117533,7480202,0
8/14/2026 10:17,Marketing,Nữ,"A01 (Toán, Lý, Anh)",4,3,3,3,4,3,3,4,4,4,,,4.25,5.5,,,,6.25,,,4,Chưa xác định,,3,0.5,3.0896525874466945,0,0.5270462766947299,7340115,1
8/14/2026 10:18,Công nghệ chế tạo máy,Nam,"D01 (Toán, Văn, Anh)",5,3,5,5,5,5,5,5,5,5,6.75,,3.0,7.25,,,,,,,1,Đi làm,,8,0.6,4.925745445885401,0,0.6324555320336759,7510202,5
8/14/2026 10:18,Công nghệ kỹ thuật điện - điện tử,Nam,"A01 (Toán, Lý, Anh)",3,4,4,4,4,4,3,2,4,3,,,7.2,8.4,,,,8.7,,,4,Chưa xác định,,5,0.6708203932499369,4.834907912604869,0,0.7071067811865476,7510301,5
8/14/2026 10:18,"Công nghệ dệt, may",Nữ,"D01 (Toán, Văn, Anh)",3,4,4,4,5,4,4,5,2,3,6.25,,5.5,8.0,,,,,,,1,Đi làm,,3,0.8717797887081347,7.66833453108274,0,0.9189365834726815,7540204,6
8/14/2026 10:19,Công nghệ thực phẩm,Nam,"D07 (Toán, Hóa, Anh)",3,3,5,3,4,2,3,3,3,3,,,6.5,6.5,,,,,7.75,,1,Đi làm,,4,0.7483314773547882,5.837312634848017,0,0.7888106377466155,7540101,7
8/14/2026 10:19,Công nghệ thực phẩm,Nữ,"B08 (Toán Sinh, Anh)",3,2,3,3,4,4,2,4,2,1,,,5.25,6.5,,,,,,8.75,1,Đi làm,,2,0.9797958971132712,9.021282287477218,0,1.0327955589886444,7540101,7
8/14/2026 10:19,Đảm bảo chất lượng và an toàn thực phẩm,Nữ,"A00 (Toán, Lý, Hóa)",1,4,2,2,2,2,4,3,2,3,,,,4.5,,,,4.75,6.25,,1,Đi làm,,4,0.9219544457292888,11.054393407558383,0,0.97182531580755,7540106,7
8/14/2026 10:20,Logistics và quản lý chuỗi cung ứng,Nam,"D15 (Văn, Địa, Anh)",3,1,5,3,3,3,4,5,4,2,6.5,7.75,5.25,,,,,,,,3,Kinh doanh,,3,1.1874342087037917,20.489062223966236,0,1.2516655570345725,7510605,3
8/14/2026 10:21,Kinh doanh quốc tế,Nữ,"A01 (Toán, Lý, Anh)",4,5,5,3,5,5,5,5,5,5,,,8.7,8.3,,,,8.9,,,1,Đi làm,,6,0.6403124237432849,7.705203936484759,0,0.6749485577105528,7340120,1
8/14/2026 10:21,Luật,Nữ,"C00 (Văn, Sử, Địa)",2,5,2,1,4,4,3,5,1,2,7.0,5.0,,,,,6.75,,,,1,Đi làm,,2,1.445683229480096,22.697423723401414,0,1.5238839267549946,7380101,8
8/14/2026 10:23,Công nghệ kỹ thuật cơ điện tử,Nam,"A01 (Toán, Lý, Anh)",3,1,3,3,2,2,3,2,1,2,,,5.5,8.25,,,,6.5,,,1,Đi làm,,2,0.7483314773547882,9.750052133408946,0,0.7888106377466155,7510203,5
8/14/2026 10:23,Quản trị kinh doanh,Nam,"A00 (Toán, Lý, Hóa)",3,4,4,2,4,1,1,1,1,1,,,,7.0,,,,8.0,7.5,,3,Kinh doanh,,5,1.32664991614216,15.439052567142543,0,1.3984117975602022,7340101,1
8/14/2026 10:24,Thương mại điện tử,Nữ,"C01 (Văn, Toán, Lý)",2,5,2,4,4,4,3,4,4,4,8.25,,,5.5,,,,4.5,,,1,Đi làm,,3,0.9165151389911681,10.272911649710482,0,0.966091783079296,7340122,1
8/14/2026 10:24,Quản trị kinh doanh,Nữ,"A00 (Toán, Lý, Hóa)",3,4,4,4,5,4,2,2,3,5,,,,8.0,,,,4.5,3.8,,1,Đi làm,,3,1.019803902718557,15.375898729988696,0,1.0749676997731399,7340101,1
8/14/2026 10:25,Công nghệ kỹ thuật điện - điện tử,Nam,"C01 (Văn, Toán, Lý)",4,2,4,4,5,4,4,3,4,4,6.75,,,8.75,,,,6.75,,,1,Đi làm,,2,0.7483314773547882,5.129624895712579,0,0.7888106377466155,7510301,5
8/14/2026 10:25,Công nghệ thực phẩm,Nữ,"A00 (Toán, Lý, Hóa)",3,2,4,4,4,5,4,4,3,2,,,,9.0,,,,9.0,9.0,,2,Nghiên cứu,,3,0.9219544457292888,7.720817266214016,0,0.97182531580755,7540101,7
8/14/2026 10:25,"Công nghệ dệt, may",Nữ,"A00 (Toán, Lý, Hóa)",3,3,4,2,3,1,1,3,3,5,,,,8.75,,,,7.75,6.0,,1,Đi làm,,2,1.1661903789690602,14.762439205991727,0,1.2292725943057183,7540204,6
8/14/2026 10:26,Công nghệ kỹ thuật môi trường,Nam,"A00 (Toán, Lý, Hóa)",4,3,4,4,3,4,5,4,5,5,,,,6.5,,,,4.85,4.25,,4,Chưa xác định,,2,0.7,6.478053427432793,0,0.7378647873726218,7510406,7
8/14/2026 10:28,Quản trị kinh doanh,Nam,"D01 (Toán, Văn, Anh)",3,1,3,3,5,4,5,3,5,2,6.75,,2.75,5.25,,,,,,,3,Kinh doanh,,2,1.2806248474865698,18.07241684018848,0,1.349897115421106,7340101,1
8/14/2026 10:28,Tài chính ngân hàng,Nữ,"A00 (Toán, Lý, Hóa)",5,3,4,4,4,4,4,4,4,4,,,,8.0,,,,8.0,8.0,,1,Đi làm,,8,0.4472135954999579,2.2405547703923774,0,0.4714045207910317,7340201,2
8/14/2026 10:28,Công nghệ kỹ thuật môi trường,Nữ,"C00 (Văn, Sử, Địa)",1,4,2,1,5,2,5,4,2,1,6.0,5.25,,,,,6.0,,,,1,Đi làm,,1,1.5524174696260025,29.31636483937911,0,1.636391694484477,7510406,7
8/14/2026 10:30,Công nghệ chế tạo máy,Nữ,"A01 (Toán, Lý, Anh)",2,4,4,4,5,1,1,1,1,2,,,8.75,8.75,,,,5.0,,,1,Đi làm,,4,1.5,13.792893427408291,0,1.5811388300841898,7510202,5
8/14/2026 10:32,Quản trị kinh doanh thực phẩm,Nữ,"C02 (Văn, Toán, Hóa)",3,3,2,3,2,3,4,2,3,3,6.75,,,7.5,,,,,5.5,,4,Chưa xác định,,2,0.6,9.749292769178306,0,0.6324555320336759,7340129,7
8/14/2026 10:33,Công nghệ thông tin,Nam,"A00 (Toán, Lý, Hóa)",2,4,5,5,5,4,3,3,3,2,,,,8.25,,,,6.0,7.25,,1,Đi làm,,3,1.1135528725660042,9.128780095012653,0,1.1737877907772674,7480201,0
8/14/2026 10:34,Luật kinh tế,Nữ,"C00 (Văn, Sử, Địa)",2,5,4,3,4,2,3,3,3,4,6.0,6.25,,,,,8.0,,,,1,Đi làm,,3,0.9,6.592894294451027,0,0.9486832980505138,7380107,8
8/14/2026 10:35,Công nghệ kỹ thuật điện - điện tử,Nam,"A00 (Toán, Lý, Hóa)",4,2,4,4,5,2,1,1,1,1,,,,8.25,,,,6.0,8.5,,3,Kinh doanh,,4,1.5,13.954152416029459,0,1.5811388300841898,7510301,5
8/14/2026 10:37,Ngôn ngữ Trung Quốc,Nữ,"D01 (Toán, Văn, Anh)",5,3,5,5,3,2,2,4,4,4,6.25,,4.25,8.0,,,,,,,1,Đi làm,,3,1.1,9.132340695731578,0,1.1595018087284057,7220204,8
8/14/2026 10:38,Kế toán,Nữ,"D01 (Toán, Văn, Anh)",3,3,5,3,4,2,2,4,3,3,7.0,,3.25,7.5,,,,,,,4,Chưa xác định,,2,0.8717797887081347,8.487972955149896,0,0.9189365834726815,7340301,2
8/14/2026 10:38,Khoa học chế biến món ăn,Nam,"B00 (Toán, Hóa, Sinh)",2,3,2,3,3,3,3,4,2,1,,,,8.0,,,,,8.75,5.5,1,Đi làm,,4,0.8,6.577375679301844,0,0.8432740427115678,7819010,4
8/14/2026 10:40,Quản trị nhà hàng và dịch vụ ăn uống,Nữ,"D01 (Toán, Văn, Anh)",5,3,3,3,5,2,3,4,2,3,7.5,,6.0,7.0,,,,,,,1,Đi làm,,3,1.004987562112089,13.881585762872378,0,1.0593499054713802,7810202,4
8/14/2026 10:41,Công nghệ tài chính,Nam,"C01 (Văn, Toán, Lý)",3,3,3,3,3,4,3,4,3,3,6.5,,,7.25,,,,6.75,,,1,Đi làm,,5,0.39999999999999997,2.381363936560877,0,0.4216370213557839,7340205,2
8/14/2026 10:42,Kinh doanh quốc tế,Nữ,"A01 (Toán, Lý, Anh)",5,3,5,3,5,5,5,5,5,3,,,5.75,7.25,,,,5.0,,,2,Nghiên cứu,,5,0.9165151389911681,12.133841852508855,0,0.9660917830792959,7340120,1
8/14/2026 10:42,Công nghệ kỹ thuật hóa học,Nữ,"A00 (Toán, Lý, Hóa)",3,3,3,4,4,4,3,3,3,2,,,,7.5,,,,7.0,5.75,,1,Đi làm,,3,0.6,2.4833037556833504,0,0.6324555320336759,7510401,6
8/14/2026 10:45,Quản trị kinh doanh,Nữ,"C00 (Văn, Sử, Địa)",2,3,3,3,3,2,4,5,4,3,7.5,5.5,,,,,7.0,,,,1,Đi làm,,4,0.8717797887081347,10.06837277362285,0,0.9189365834726815,7340101,1
8/14/2026 10:48,Công nghệ sinh học,Nam,"B00 (Toán, Hóa, Sinh)",3,2,3,4,3,5,5,4,2,2,,,,7.6,,,,,5.5,8.0,1,Đi làm,,2,1.1,13.091572093034648,0,1.1595018087284057,7420201,7
8/14/2026 10:49,Tài chính ngân hàng,Nam,"A00 (Toán, Lý, Hóa)",4,3,3,3,3,2,1,1,4,2,,,,8.25,,,,8.5,7.5,,1,Đi làm,,4,1.019803902718557,9.621135928442882,0,1.0749676997731399,7340201,2
8/14/2026 10:49,Luật kinh tế,Nữ,"A00 (Toán, Lý, Hóa)",4,5,4,5,5,3,5,5,5,2,,,,8.2,,,,8.2,7.5,,1,Đi làm,,3,1.004987562112089,16.086341896973856,0,1.0593499054713802,7380107,8
8/14/2026 10:52,Quản trị kinh doanh thực phẩm,Nam,"A00 (Toán, Lý, Hóa)",2,3,3,2,3,2,2,4,3,4,,,,5.5,,,,6.0,5.5,,1,Đi làm,,2,0.7483314773547882,7.900258796073011,0,0.7888106377466155,7340129,7
8/14/2026 10:52,Luật,Nữ,"D01 (Toán, Văn, Anh)",3,3,3,3,3,3,3,3,4,3,7.25,,7.0,8.0,,,,,,,1,Đi làm,,8,0.3,2.1873632506650402,0,0.31622776601683794,7380101,8
8/14/2026 10:52,Kế toán,Nữ,"C03 (Văn, Toán, Sử)",3,2,2,2,3,3,3,3,3,3,7.75,,,6.5,,,7.0,,,,1,Đi làm,,6,0.45825756949558405,4.15413210953,0,0.48304589153964794,7340301,2
8/14/2026 10:53,Quản lý Công nghiệp,Nữ,"A00 (Toán, Lý, Hóa)",3,3,2,4,4,3,3,2,3,2,,,,8.25,,,,7.6,7.75,,1,Đi làm,,2,0.7,5.8496336027135705,0,0.7378647873726218,7510601,3
8/14/2026 10:53,Công nghệ thông tin,Nam,"D07 (Toán, Hóa, Anh)",3,5,3,3,5,5,5,5,4,5,,,7.0,5.0,,,,,6.5,,4,Chưa xác định,,4,0.9,8.000578525363709,0,0.9486832980505138,7480201,0
8/14/2026 10:53,Công nghệ kỹ thuật hóa học,Nữ,"A00 (Toán, Lý, Hóa)",3,2,2,4,5,3,4,4,4,3,,,,8.0,,,,5.6,7.0,,1,Đi làm,,3,0.9165151389911681,9.80414396438444,0,0.9660917830792959,7510401,6
8/14/2026 10:55,Thương mại điện tử,Nam,"A00 (Toán, Lý, Hóa)",5,1,3,4,3,1,1,2,4,2,,,,7.75,,,,5.75,8.75,,1,Đi làm,,2,1.3564659966250538,9.84248512016952,0,1.4298407059684812,7340122,1
8/14/2026 10:56,Công nghệ kỹ thuật hóa học,Nam,"A00 (Toán, Lý, Hóa)",3,4,3,4,3,4,3,5,2,2,,,,9.0,,,,8.5,8.0,,2,Nghiên cứu,,2,0.9,9.199884605947267,0,0.9486832980505138,7510401,6
8/14/2026 10:58,Logistics và quản lý chuỗi cung ứng,Nam,"A01 (Toán, Lý, Anh)",3,1,3,3,3,3,4,3,2,3,,,8.25,8.0,,,,7.75,,,3,Kinh doanh,,4,0.7483314773547882,7.441529424134881,0,0.7888106377466155,7510605,3
8/14/2026 10:58,Quản lý tài nguyên và môi trường,Nam,"B00 (Toán, Hóa, Sinh)",2,2,3,5,4,3,4,2,3,2,,,,8.5,,,,,6.25,6.5,1,Đi làm,,2,1.0,10.747687043947883,0,1.0540925533894598,7850101,7
8/14/2026 11:00,Công nghệ thông tin,Nam,"A00 (Toán, Lý, Hóa)",1,5,3,3,3,3,3,4,5,1,,,,8.0,,,,8.0,8.0,,4,Chưa xác định,,5,1.3,22.60280296850134,0,1.3703203194062976,7480201,0
8/14/2026 11:00,Công nghệ kỹ thuật điều khiển và TĐH,Nam,"A00 (Toán, Lý, Hóa)",1,5,1,3,1,5,5,1,1,1,,,,8.0,,,,6.5,5.0,,2,Nghiên cứu,,3,1.8,42.99944008865103,1,1.8973665961010278,7510303,5
8/14/2026 11:03,Luật kinh tế,Nam,"X01 (Toán, Văn, GDKT&PL)",3,3,2,4,5,2,2,2,5,1,5.75,,,7.0,8.75,,,,,,1,Đi làm,,3,1.3,17.234083645146953,0,1.3703203194062976,7380107,8
8/14/2026 11:04,Ngôn ngữ Anh,Nam,"D01 (Toán, Văn, Anh)",3,3,4,4,5,1,4,2,3,3,8.0,,9.0,8.0,,,,,,,3,Kinh doanh,,2,1.077032961426901,12.921163827315919,0,1.1352924243950935,7220201,8
8/14/2026 11:06,Công nghệ sinh học,Nữ,"A00 (Toán, Lý, Hóa)",3,3,2,4,3,3,3,1,4,1,,,,8.0,,,,6.75,5.25,,4,Chưa xác định,,3,1.004987562112089,13.26881934716989,0,1.0593499054713802,7420201,7
8/14/2026 11:08,Công nghệ thông tin,Nam,"A00 (Toán, Lý, Hóa)",3,4,3,4,5,5,4,4,4,5,,,,7.8,,,,9.0,7.0,,4,Chưa xác định,,3,0.7,7.669933879986996,0,0.7378647873726218,7480201,0
8/14/2026 11:10,Luật,Nam,"X01 (Toán, Văn, GDKT&PL)",5,2,3,5,4,1,2,2,5,2,6.5,,,6.75,5.0,,,,,,1,Đi làm,,2,1.445683229480096,15.222274174183534,0,1.5238839267549948,7380101,8
8/14/2026 11:10,Công nghệ thực phẩm,Nam,"B00 (Toán, Hóa, Sinh)",2,2,2,3,2,2,3,2,3,1,,,,7.0,,,,,8.0,8.0,3,Kinh doanh,,3,0.6,8.664840431531985,0,0.6324555320336759,7540101,7
8/14/2026 11:11,Quản trị nhà hàng và dịch vụ ăn uống,Nam,"C00 (Văn, Sử, Địa)",1,5,1,1,1,1,1,1,1,1,6.0,7.0,,,,,8.0,,,,3,Kinh doanh,,8,1.2000000000000002,20.566181132474767,0,1.2649110640673518,7810202,4
8/14/2026 11:13,Quản trị khách sạn,Nữ,"A01 (Toán, Lý, Anh)",5,5,5,4,5,5,5,4,5,5,,,6.0,8.0,,,,7.0,,,2,Nghiên cứu,,3,0.39999999999999997,6.849214525125333,0,0.4216370213557839,7810201,4
8/14/2026 11:15,Công nghệ thông tin,Nam,"A00 (Toán, Lý, Hóa)",4,5,5,4,4,4,4,4,4,4,,,,8.0,,,,7.0,7.0,,3,Kinh doanh,,7,0.39999999999999997,3.816859179376886,0,0.4216370213557839,7480201,0
8/14/2026 11:17,Quản lý Công nghiệp,Nam,"A00 (Toán, Lý, Hóa)",4,3,4,5,3,1,1,2,2,2,,,,6.0,,,,9.25,9.0,,1,Đi làm,,3,1.2688577540449522,7.726889023032823,0,1.3374935098492586,7510601,3
8/14/2026 11:17,Quản lý tài nguyên và môi trường,Nữ,"C00 (Văn, Sử, Địa)",4,2,4,3,5,2,4,5,3,2,6.0,6.0,,,,,4.0,,,,3,Kinh doanh,,1,1.1135528725660044,13.955336026729908,0,1.1737877907772674,7850101,7
8/14/2026 11:20,Công nghệ thông tin,Nam,"A00 (Toán, Lý, Hóa)",3,3,4,4,4,3,4,2,3,2,,,,7.0,,,,7.0,7.0,,1,Đi làm,,3,0.7483314773547882,5.631988071274277,0,0.7888106377466155,7480201,0
8/14/2026 11:22,Kinh doanh quốc tế,Nam,"A01 (Toán, Lý, Anh)",4,1,4,4,2,1,2,1,4,3,,,8.75,6.0,,,,7.75,,,1,Đi làm,,2,1.2806248474865698,12.136487515795064,0,1.349897115421106,7340120,1
8/14/2026 11:27,Quản trị dịch vụ du lịch và lữ hành,Nữ,"C00 (Văn, Sử, Địa)",1,5,2,2,3,1,2,3,1,2,5.5,4.95,,,,,6.7,,,,4,Chưa xác định,,2,1.1661903789690602,13.018674229139975,0,1.2292725943057183,7810103,4
8/14/2026 11:27,Kỹ thuật nhiệt,Nữ,"D07 (Toán, Hóa, Anh)",1,4,3,5,3,1,1,1,3,2,,,9.5,7.25,,,,,7.25,,1,Đi làm,,3,1.3564659966250536,12.372556801190495,0,1.429840705968481,7520115,6
8/14/2026 11:30,Trí tuệ nhân tạo,Nam,"A00 (Toán, Lý, Hóa)",3,3,5,4,4,1,1,2,2,1,,,,6.75,,,,7.0,5.5,,1,Đi làm,,2,1.3564659966250536,10.184318259656138,0,1.429840705968481,7480107,0
8/14/2026 11:32,Công nghệ thực phẩm,Nữ,"A00 (Toán, Lý, Hóa)",3,1,4,3,3,3,5,4,2,3,,,,8.5,,,,7.0,8.0,,4,Chưa xác định,,3,1.044030650891055,13.974135149281805,0,1.1005049346146119,7540101,7
8/14/2026 11:32,An toàn thông tin,Nữ,"A00 (Toán, Lý, Hóa)",2,3,3,3,3,2,3,4,3,3,,,,5.0,,,,5.0,5.0,,4,Chưa xác định,,4,0.5385164807134505,3.9065134776817803,0,0.5676462121975467,7480202,0
8/14/2026 11:33,Công nghệ vật liệu,Nam,"C01 (Văn, Toán, Lý)",5,3,5,4,5,5,5,5,5,5,7.5,,,9.0,,,,8.0,,,3,Kinh doanh,,6,0.6403124237432849,4.642977308778003,0,0.6749485577105528,7510402,6
8/14/2026 11:34,Công nghệ thực phẩm,Nam,"A00 (Toán, Lý, Hóa)",1,1,2,2,2,4,4,5,5,5,,,,8.0,,,,8.0,8.0,,3,Kinh doanh,,3,1.57797338380595,25.711382530033635,0,1.66332999331662,7540101,7
8/14/2026 11:37,Kinh doanh quốc tế,Nữ,"A00 (Toán, Lý, Hóa)",4,2,5,3,2,2,1,2,3,2,,,,6.0,,,,7.75,9.0,,1,Đi làm,,2,1.1135528725660042,11.492157587240353,0,1.1737877907772674,7340120,1
8/14/2026 11:40,Công nghệ kỹ thuật cơ điện tử,Nam,"A01 (Toán, Lý, Anh)",1,5,3,4,5,2,2,1,3,2,,,7.75,7.25,,,,6.75,,,1,Đi làm,,2,1.4000000000000001,12.238971581538133,0,1.4757295747452437,7510203,5
8/14/2026 11:44,Công nghệ kỹ thuật điện - điện tử,Nam,"A01 (Toán, Lý, Anh)",5,3,5,5,5,5,5,5,5,5,,,6.0,10.0,,,,10.0,,,1,Đi làm,,8,0.6,4.925745445885401,0,0.6324555320336759,7510301,5
8/14/2026 11:46,Trí tuệ nhân tạo,Nam,"A00 (Toán, Lý, Hóa)",1,5,4,5,5,1,1,1,2,1,,,,7.0,,,,7.0,7.75,,1,Đi làm,,3,1.8000000000000003,15.675129887170304,0,1.8973665961010275,7480107,0
8/14/2026 11:50,Luật,Nữ,"D01 (Toán, Văn, Anh)",4,2,2,5,4,1,1,1,4,2,8.0,,8.25,7.5,,,,,,,1,Đi làm,,3,1.42828568570857,16.53839355761361,0,1.505545305418162,7380101,8
8/14/2026 11:50,Công nghệ kỹ thuật cơ điện tử,Nam,"A01 (Toán, Lý, Anh)",2,4,4,5,4,3,3,3,3,3,,,5.0,8.0,,,,7.0,,,3,Kinh doanh,,5,0.8,4.246098530557774,0,0.8432740427115678,7510203,5
8/14/2026 11:51,Du lịch,Nam,"A00 (Toán, Lý, Hóa)",5,4,3,5,5,5,5,5,4,4,,,,7.0,,,,6.0,8.0,,1,Đi làm,,5,0.6708203932499369,9.678415818334114,0,0.7071067811865476,7810101,4
8/14/2026 11:56,Trí tuệ nhân tạo,Nam,"X26 (Toán, Tin, Anh)",3,3,5,5,3,2,1,2,1,1,,,6.0,5.5,,9.0,,,,,3,Kinh doanh,,2,1.42828568570857,13.372479307937084,0,1.5055453054181622,7480107,0
8/14/2026 12:03,Công nghệ kỹ thuật cơ điện tử,Nữ,"A00 (Toán, Lý, Hóa)",1,5,3,5,3,1,2,1,3,2,,,,7.25,,,,9.0,6.5,,4,Chưa xác định,,1,1.42828568570857,13.332343826467637,0,1.5055453054181622,7510203,5
8/14/2026 12:07,Luật,Nữ,"D07 (Toán, Hóa, Anh)",2,3,3,2,3,2,3,2,2,2,,,6.0,7.0,,,,,7.0,,1,Đi làm,,3,0.48989794855663565,5.233171555194479,0,0.5163977794943223,7380101,8
8/14/2026 12:42,Khoa học chế biến món ăn,Nam,"D01 (Toán, Văn, Anh)",2,3,2,3,3,4,2,4,3,2,9.25,,6.0,9.0,,,,,,,1,Đi làm,,2,0.7483314773547882,7.1624330561037,0,0.7888106377466155,7819010,4
8/14/2026 12:48,Công nghệ kỹ thuật điều khiển và TĐH,Nữ,"A00 (Toán, Lý, Hóa)",2,5,5,4,5,2,2,1,1,2,,,,6.25,,,,9.25,8.25,,1,Đi làm,,2,1.5779733838059498,15.95157749809842,0,1.66332999331662,7510303,5
8/14/2026 12:53,"Công nghệ dệt, may",Nữ,"A01 (Toán, Lý, Anh)",3,2,4,3,2,1,2,3,2,4,,,8.75,8.5,,,,6.5,,,1,Đi làm,,1,0.9165151389911681,9.106171101913734,0,0.9660917830792959,7540204,6
8/14/2026 12:58,Công nghệ thực phẩm,Nữ,"A00 (Toán, Lý, Hóa)",2,2,3,4,5,4,3,4,2,1,,,,6.5,,,,6.25,5.0,,1,Đi làm,,2,1.1832159566199232,10.45845433031258,0,1.247219128924647,7540101,7
8/14/2026 16:44,Ngôn ngữ Trung Quốc,Nữ,"C03 (Văn, Toán, Sử)",2,1,3,1,2,3,4,1,5,2,6.0,,,5.5,,,7.75,,,,1,Đi làm,,1,1.2806248474865698,31.82715774612888,1,1.349897115421106,7220204,8
8/14/2026 20:04,Tài chính ngân hàng,Nữ,"A01 (Toán, Lý, Anh)",4,2,3,3,2,1,2,2,3,2,,,8.0,8.25,,,,9.25,,,1,Đi làm,,2,0.8000000000000002,5.264814950057668,0,0.8432740427115679,7340201,2
8/14/2026 20:08,Công nghệ vật liệu,Nam,"B00 (Toán, Hóa, Sinh)",3,2,3,3,3,4,2,2,3,1,,,,7.5,,,,,5.5,5.5,1,Đi làm,,3,0.8,8.745159518891196,0,0.8432740427115678,7510402,6
8/14/2026 20:12,Công nghệ kỹ thuật hóa học,Nam,"A01 (Toán, Lý, Anh)",3,2,3,3,3,4,2,3,3,1,,,5.0,7.25,,,,7.0,,,1,Đi làm,,3,0.7810249675906654,7.872278232943975,0,0.8232726023485646,7510401,6
8/14/2026 20:17,Quản trị khách sạn,Nữ,"A01 (Toán, Lý, Anh)",5,1,2,2,3,2,2,5,3,3,,,9.5,8.5,,,,5.75,,,4,Chưa xác định,,2,1.2489995996796797,12.870795175037705,0,1.3165611772087666,7810201,4
8/14/2026 20:21,Công nghệ thông tin,Nữ,"D07 (Toán, Hóa, Anh)",1,5,3,5,4,1,1,2,1,2,,,9.5,5.5,,,,,6.0,,3,Kinh doanh,,2,1.5652475842498528,15.697221143532378,0,1.6499158227686108,7480201,0
8/14/2026 20:25,Công nghệ chế biến thủy sản,Nữ,"A00 (Toán, Lý, Hóa)",3,2,3,3,3,4,2,5,2,1,,,,5.0,,,,8.0,8.25,,1,Đi làm,,3,1.0770329614269007,12.578187532767975,0,1.1352924243950933,7540105,7
8/14/2026 20:30,Quản trị kinh doanh,Nam,"A00 (Toán, Lý, Hóa)",4,3,3,5,2,1,2,2,4,2,,,,8.75,,,,8.75,6.5,,1,Đi làm,,2,1.1661903789690602,12.662847357920622,0,1.2292725943057183,7340101,1
8/14/2026 20:36,Khoa học dữ liệu,Nữ,"A01 (Toán, Lý, Anh)",3,4,4,5,5,2,2,1,2,2,,,7.5,5.75,,,,9.0,,,2,Nghiên cứu,,2,1.3416407864998738,9.19501671013222,0,1.4142135623730951,7460108,0
8/14/2026 20:42,Marketing,Nữ,"D07 (Toán, Hóa, Anh)",5,1,3,4,3,2,1,2,4,3,,,8.25,8.5,,,,,8.5,,1,Đi làm,,1,1.2489995996796797,9.764966689225185,0,1.3165611772087666,7340115,1
8/14/2026 20:48,Công nghệ chế biến thủy sản,Nam,"B00 (Toán, Hóa, Sinh)",3,2,3,3,4,5,2,5,2,2,,,,9.25,,,,,5.75,8.0,1,Đi làm,,2,1.1357816691600549,13.599035043188502,0,1.1972189997378648,7540105,7
8/14/2026 20:54,Đảm bảo chất lượng và an toàn thực phẩm,Nam,"A00 (Toán, Lý, Hóa)",3,3,2,3,3,3,3,5,2,2,,,,8.0,,,,6.75,8.75,,3,Kinh doanh,,4,0.8306623862918074,7.72862586619428,0,0.8755950357709131,7540106,7
8/14/2026 20:58,An toàn thông tin,Nam,"X26 (Toán, Tin, Anh)",1,5,5,5,4,2,2,1,2,1,,,5.25,9.5,,6.25,,,,,1,Đi làm,,3,1.661324772583615,15.491667349619327,0,1.7511900715418263,7480202,0
8/14/2026 21:04,Công nghệ vật liệu,Nam,"A00 (Toán, Lý, Hóa)",2,2,2,3,4,4,3,3,3,1,,,,5.25,,,,8.5,5.25,,1,Đi làm,,3,0.9,7.518843584318362,0,0.9486832980505138,7510402,6
8/14/2026 21:08,Quản lý tài nguyên và môi trường,Nữ,"D01 (Toán, Văn, Anh)",3,3,2,3,4,3,4,3,3,2,6.5,,7.75,9.5,,,,,,,1,Đi làm,,2,0.6324555320336759,6.098446539196447,0,0.6666666666666666,7850101,7
8/14/2026 21:14,Công nghệ tài chính,Nam,"D01 (Toán, Văn, Anh)",4,3,4,5,3,1,2,2,2,3,7.75,,8.25,8.5,,,,,,,1,Đi làm,,3,1.1357816691600549,8.667047085593758,0,1.1972189997378648,7340205,2
8/14/2026 21:20,An toàn thông tin,Nữ,"A00 (Toán, Lý, Hóa)",1,4,4,4,4,2,2,1,2,2,,,,6.25,,,,7.5,8.5,,1,Đi làm,,4,1.2,8.480889500450441,0,1.2649110640673518,7480202,0
8/14/2026 21:26,"Công nghệ dệt, may",Nữ,"D01 (Toán, Văn, Anh)",2,2,5,2,2,2,2,2,2,5,8.5,,5.25,5.5,,,,,,,1,Đi làm,,6,1.2,21.00965043782761,0,1.2649110640673518,7540204,6
8/14/2026 21:31,Công nghệ kỹ thuật điện - điện tử,Nữ,"A00 (Toán, Lý, Hóa)",2,4,5,5,4,1,1,2,3,2,,,,8.0,,,,7.75,5.75,,1,Đi làm,,2,1.445683229480096,11.845121060372696,0,1.5238839267549946,7510301,5
8/14/2026 21:37,Công nghệ kỹ thuật điều khiển và TĐH,Nữ,"D07 (Toán, Hóa, Anh)",1,5,3,4,3,1,1,1,2,1,,,8.5,7.5,,,,,8.25,,1,Đi làm,,3,1.4000000000000001,10.024825460865774,0,1.4757295747452437,7510303,5
8/14/2026 21:40,Khoa học dinh dưỡng và ẩm thực,Nam,"B00 (Toán, Hóa, Sinh)",2,2,3,3,4,5,2,5,3,1,,,,9.5,,,,,6.5,9.5,1,Đi làm,,2,1.2649110640673518,17.557712574642984,0,1.3333333333333333,7819009,4
8/14/2026 21:47,Công nghệ kỹ thuật điều khiển và TĐH,Nữ,"C01 (Văn, Toán, Lý)",1,4,4,5,4,1,2,2,2,1,6.25,,,9.5,,,,8.5,,,1,Đi làm,,3,1.42828568570857,12.391278449371,0,1.505545305418162,7510303,5
8/14/2026 21:53,Du lịch,Nam,"A01 (Toán, Lý, Anh)",4,2,3,2,3,2,2,4,3,2,,,7.75,8.0,,,,5.25,,,1,Đi làm,,2,0.7810249675906654,6.120826008628536,0,0.8232726023485646,7810101,4
8/14/2026 21:58,Khoa học chế biến món ăn,Nữ,"B00 (Toán, Hóa, Sinh)",2,3,2,3,3,5,3,4,2,2,,,,8.25,,,,,7.25,5.75,1,Đi làm,,2,0.9433981132056604,8.88424355369369,0,0.9944289260117533,7819010,4
8/14/2026 22:01,Quản trị kinh doanh,Nam,"A00 (Toán, Lý, Hóa)",4,2,3,5,2,2,1,1,2,2,,,,5.75,,,,9.25,8.0,,1,Đi làm,,2,1.2,11.505378071521442,0,1.2649110640673518,7340101,1
8/14/2026 22:04,Thương mại điện tử,Nữ,"A00 (Toán, Lý, Hóa)",4,2,3,3,2,1,2,1,2,2,,,,5.25,,,,9.25,5.75,,1,Đi làm,,2,0.8717797887081347,7.053469652880874,0,0.9189365834726815,7340122,1
8/15/2026 0:32,Tài chính ngân hàng,Nữ,"A00 (Toán, Lý, Hóa)",4,2,4,3,2,2,3,3,3,4,,,,9.0,,,,7.75,8.75,,1,Đi làm,,3,0.7745966692414834,5.499165976383688,0,0.816496580927726,7340201,2
8/15/2026 19:05,Công nghệ chế tạo máy,Nữ,"D07 (Toán, Hóa, Anh)",4,3,4,4,4,2,2,1,1,1,,,8.0,7.5,,,,,5.0,,1,Đi làm,,3,1.2806248474865698,10.983547284654763,0,1.3498971154211057,7510202,5
8/15/2026 19:09,Marketing,Nữ,"D01 (Toán, Văn, Anh)",5,1,3,3,3,2,2,2,4,2,9.5,,7.0,5.75,,,,,,,1,Đi làm,,3,1.1,7.854263264715915,0,1.1595018087284057,7340115,1
8/15/2026 19:13,Công nghệ kỹ thuật hóa học,Nam,"A01 (Toán, Lý, Anh)",2,3,2,5,4,5,2,3,3,1,,,9.0,6.0,,,,8.75,,,1,Đi làm,,2,1.2649110640673518,13.860070696717413,0,1.3333333333333333,7510401,6
8/15/2026 19:18,Quản trị kinh doanh thực phẩm,Nam,"A01 (Toán, Lý, Anh)",2,2,3,3,4,5,2,4,2,1,,,8.5,6.0,,,,6.75,,,1,Đi làm,,2,1.1661903789690602,14.246017305062555,0,1.2292725943057181,7340129,7
8/15/2026 19:24,Khoa học dinh dưỡng và ẩm thực,Nữ,"D07 (Toán, Hóa, Anh)",3,2,2,4,3,3,3,4,3,1,,,7.25,7.25,,,,,5.5,,1,Đi làm,,3,0.8717797887081347,7.767184980894871,0,0.9189365834726815,7819009,4
8/15/2026 19:28,Quản trị kinh doanh,Nữ,"D01 (Toán, Văn, Anh)",5,2,3,4,3,1,2,2,2,2,7.75,,8.75,8.5,,,,,,,4,Chưa xác định,,4,1.1135528725660042,8.986930976603432,0,1.1737877907772674,7340101,1
8/15/2026 19:31,Đảm bảo chất lượng và an toàn thực phẩm,Nam,"D07 (Toán, Hóa, Anh)",2,3,3,3,5,4,3,5,2,2,,,6.75,5.75,,,,,5.0,,1,Đi làm,,3,1.077032961426901,10.240500427983916,0,1.1352924243950935,7540106,7
8/15/2026 19:37,Quản lý Công nghiệp,Nam,"A00 (Toán, Lý, Hóa)",4,2,3,3,2,2,1,1,3,2,,,,5.5,,,,8.0,8.0,,3,Kinh doanh,,2,0.9,7.288922730962272,0,0.9486832980505138,7510601,3
8/15/2026 19:42,Kế toán,Nữ,"A00 (Toán, Lý, Hóa)",5,1,3,3,2,2,1,2,3,3,,,,8.0,,,,8.5,7.0,,1,Đi làm,,2,1.118033988749895,8.844276697411624,0,1.1785113019775793,7340301,2
8/15/2026 19:47,Ngôn ngữ Trung Quốc,Nam,"D14 (Văn, Anh, Sử)",4,1,5,2,4,1,1,2,3,2,5.0,,7.5,,,,5.25,,,,1,Đi làm,,2,1.3601470508735443,15.66993066882283,0,1.4337208778404378,7220204,8
8/15/2026 19:52,Trí tuệ nhân tạo,Nữ,"D01 (Toán, Văn, Anh)",1,4,4,5,5,1,1,1,3,2,6.0,,5.75,5.75,,,,,,,1,Đi làm,,3,1.6155494421403513,15.619091763604652,0,1.7029386365926402,7480107,0
8/15/2026 19:56,Quản trị kinh doanh,Nữ,"D07 (Toán, Hóa, Anh)",5,2,4,4,2,2,2,1,4,2,,,5.5,5.0,,,,,8.75,,1,Đi làm,,3,1.2489995996796797,11.804158052744349,0,1.3165611772087666,7340101,1
8/15/2026 20:01,Trí tuệ nhân tạo,Nam,"X26 (Toán, Tin, Anh)",2,5,3,5,5,1,1,2,3,1,,,7.25,9.5,,9.25,,,,,1,Đi làm,,2,1.5999999999999999,14.784845853963015,0,1.6865480854231356,7480107,0
8/15/2026 20:05,Ngôn ngữ Anh,Nam,"D14 (Văn, Anh, Sử)",5,2,4,3,4,1,2,1,2,4,5.75,,7.5,,,,8.0,,,,1,Đi làm,,1,1.32664991614216,14.756327844520978,0,1.3984117975602022,7220201,8
8/15/2026 20:09,Marketing,Nam,"D07 (Toán, Hóa, Anh)",4,3,5,4,2,1,2,1,3,3,,,8.0,7.75,,,,,5.5,,1,Đi làm,,2,1.2489995996796797,10.064476615767532,0,1.3165611772087666,7340115,1
8/15/2026 20:15,Công nghệ tài chính,Nữ,"D01 (Toán, Văn, Anh)",5,1,4,4,2,1,1,1,2,2,9.5,,6.5,9.5,,,,,,,1,Đi làm,,3,1.4177446878757822,10.514834610923254,0,1.4944341180973264,7340205,2
8/15/2026 20:19,Luật,Nam,"D01 (Toán, Văn, Anh)",4,3,2,5,5,1,1,2,4,1,7.25,,8.75,8.25,,,,,,,1,Đi làm,,2,1.5362291495737217,19.15065139620132,0,1.6193277068654826,7380101,8
